cord_uid_a,cord_uid_b,similarity,title_a,title_b
lvi4n41u,mherdb4v,-0.08268998,Pflegen kann jede*r!,Lessons for and from COVID‐19 for investors and their advisors
4wcf4z93,e69c9wyw,-0.07283184,Acknowledgement to Referees: Acknowledgement to Referees,Nutzen von Erfahrungswissen in Krisen. Zur These einer vermehrten Bezugnahme auf Geschichte in Krisenzeiten
z2ulnfop,4wcf4z93,-0.06983905,Fakten auf einen Blick,Acknowledgement to Referees: Acknowledgement to Referees
fe82q2o1,4wcf4z93,-0.06802239,Pflegedienstleiter in einer besonderen Zeit,Acknowledgement to Referees: Acknowledgement to Referees
fxrsgieg,ewl63b2i,-0.06620924,COVID-19: Was Rheumapatienten jetzt wissen sollten,Manufacturing Workers and Employers
e69c9wyw,ewl63b2i,-0.06279646,Nutzen von Erfahrungswissen in Krisen. Zur These einer vermehrten Bezugnahme auf Geschichte in Krisenzeiten,Manufacturing Workers and Employers
yhzdgsc6,s9qlcamb,-0.058010254,On Finding a Better Way.,Finanzielle Hilfen für Vertragsärzte: Weitere KVen haben HVM-Änderungen ausgearbeitet
s9qlcamb,f0mdm3ij,-0.057556897,Finanzielle Hilfen für Vertragsärzte: Weitere KVen haben HVM-Änderungen ausgearbeitet,Making Decisions in a COVID-19 World.
s9qlcamb,wonfyk3t,-0.057556897,Finanzielle Hilfen für Vertragsärzte: Weitere KVen haben HVM-Änderungen ausgearbeitet,Making Decisions in a COVID-19 World
fe82q2o1,ewl63b2i,-0.05643481,Pflegedienstleiter in einer besonderen Zeit,Manufacturing Workers and Employers
d7rlj43k,4wcf4z93,-0.054971013,Einladung zu einer Hybrid-Veranstaltung 2022,Acknowledgement to Referees: Acknowledgement to Referees
bjo6hun1,fxrsgieg,-0.053601965,Scientists' lanes and headwinds.,COVID-19: Was Rheumapatienten jetzt wissen sollten
lvi4n41u,ewl63b2i,-0.05075615,Pflegen kann jede*r!,Manufacturing Workers and Employers
lvi4n41u,4wcf4z93,-0.048985597,Pflegen kann jede*r!,Acknowledgement to Referees: Acknowledgement to Referees
4wcf4z93,atva6mfp,-0.04749389,Acknowledgement to Referees: Acknowledgement to Referees,COVID-19-Forschungsdaten leichter zugänglich machen – Aufbau einer bundesweiten Informationsinfrastruktur
6cm89kn4,lvi4n41u,-0.047134534,Recent Articles in AATS Journals.,Pflegen kann jede*r!
l3tavujs,lvi4n41u,-0.047039494,"Demystifying COVID-19 publications: institutions, journals, concepts, and topics",Pflegen kann jede*r!
e15swxek,s9qlcamb,-0.046999414,Meeting the Challenges of COVID-19 at the Close of 2020,Finanzielle Hilfen für Vertragsärzte: Weitere KVen haben HVM-Änderungen ausgearbeitet
s6unh19n,fxrsgieg,-0.044947952,Clinical and laboratory findings of COVID-19,COVID-19: Was Rheumapatienten jetzt wissen sollten
lvi4n41u,c41feqvg,-0.043544337,Pflegen kann jede*r!,"Cities, COVID-19 and Sensibilities: A Kaleidoscope of Experiences"
4wcf4z93,avobcnzk,-0.043383975,Acknowledgement to Referees: Acknowledgement to Referees,Neue Impfempfehlungen - auch zu COVID-19
lvi4n41u,309wqizi,-0.041864168,Pflegen kann jede*r!,Conclusions and Policy Recommendations
4wcf4z93,79hf1x4j,-0.04155186,Acknowledgement to Referees: Acknowledgement to Referees,Sind durch COVID-19 (mehr) Patienten mit Hörverlust zu erwarten?
p81l6zvz,4wcf4z93,-0.041420784,Systemische Immunsuppression in Zeiten von COVID‐19: Müssen wir umdenken?,Acknowledgement to Referees: Acknowledgement to Referees
lvi4n41u,s6unh19n,-0.041051675,Pflegen kann jede*r!,Clinical and laboratory findings of COVID-19
fe82q2o1,mherdb4v,-0.04072474,Pflegedienstleiter in einer besonderen Zeit,Lessons for and from COVID‐19 for investors and their advisors
vur1c2nf,fxrsgieg,-0.039850324,Communicating With Patients and Families During COVID-19,COVID-19: Was Rheumapatienten jetzt wissen sollten
lvi4n41u,821dzl7j,-0.03929753,Pflegen kann jede*r!,Evaluation Findings and Policy Suggestions
yfmyegpf,s9qlcamb,-0.038651247,16-1 Difficulty of Decision-making for COVID-19,Finanzielle Hilfen für Vertragsärzte: Weitere KVen haben HVM-Änderungen ausgearbeitet
bhimxnxq,fxrsgieg,-0.036725502,Serological characteristics of COVID-19 patients.,COVID-19: Was Rheumapatienten jetzt wissen sollten
zqoy3jfm,lvi4n41u,-0.036381356,International and national notes research notes,Pflegen kann jede*r!
ytuhhiwf,lvi4n41u,-0.036086146,Perspectives: Research for all.,Pflegen kann jede*r!
evknjdo8,4wcf4z93,-0.03493903,Eine neue Ära beginnt!,Acknowledgement to Referees: Acknowledgement to Referees
it7friew,mherdb4v,-0.0327101,Vernachlässigen Sie Ihre Hauterkrankung nicht!,Lessons for and from COVID‐19 for investors and their advisors
lvi4n41u,l6754c29,-0.03258279,Pflegen kann jede*r!,Features of α‐HBDH in COVID‐19 patients: A cohort study
lvi4n41u,az2pgmkj,-0.03258279,Pflegen kann jede*r!,Features of α-HBDH in COVID-19 patients: A cohort study
t51x3dof,lvi4n41u,-0.03238647,Psychosemantic research of students’ representations about distance education during COVID-19,Pflegen kann jede*r!
8p7vktc7,ewl63b2i,-0.031696115,Keine Wirtschaftlichkeitsprüfungen für 2019: In Rheinland-Pfalz wurde das Ausgabenvolumen eingehalten,Manufacturing Workers and Employers
ix8plvil,4wcf4z93,-0.03159323,Kritische Stellungnahme zu einigen Empfehlungen der neuen deutschen S3-Sepsisleitlinie,Acknowledgement to Referees: Acknowledgement to Referees
lvi4n41u,cjmodj9y,-0.03150168,Pflegen kann jede*r!,"Cities, Economies and COVID-19 Pandemic"
fxrsgieg,9zhyv1hu,-0.031197114,COVID-19: Was Rheumapatienten jetzt wissen sollten,Considerations for Public Beaches
lvi4n41u,c2io6utd,-0.031001125,Pflegen kann jede*r!,Employment Consequences of COVID-19 for People with Disabilities and Employers
4wcf4z93,8zolpv31,-0.030297466,Acknowledgement to Referees: Acknowledgement to Referees,"Kardiologie: Grenzen überwinden, neue Welten entdecken"
mherdb4v,e69c9wyw,-0.030279243,Lessons for and from COVID‐19 for investors and their advisors,Nutzen von Erfahrungswissen in Krisen. Zur These einer vermehrten Bezugnahme auf Geschichte in Krisenzeiten
8p7vktc7,4wcf4z93,-0.030233504,Keine Wirtschaftlichkeitsprüfungen für 2019: In Rheinland-Pfalz wurde das Ausgabenvolumen eingehalten,Acknowledgement to Referees: Acknowledgement to Referees
vur1c2nf,atva6mfp,-0.029665627,Communicating With Patients and Families During COVID-19,COVID-19-Forschungsdaten leichter zugänglich machen – Aufbau einer bundesweiten Informationsinfrastruktur
lvi4n41u,tatzkeni,-0.02938855,Pflegen kann jede*r!,"Market prices, analysts' predictions, and Covid19"
y8rkyux1,fxrsgieg,-0.029201977,Personal Cleanliness Activities in Preschool Classrooms,COVID-19: Was Rheumapatienten jetzt wissen sollten
lvi4n41u,x6z49rxc,-0.02916785,Pflegen kann jede*r!,"Inflation Expectations in the U.S.: Linking Markets, Households, and Businesses"
e1ztoqwd,fxrsgieg,-0.028723393,Infectious Agents as Potential Drivers of α-Synucleinopathies.,COVID-19: Was Rheumapatienten jetzt wissen sollten
s9qlcamb,mdv578ia,-0.02831201,Finanzielle Hilfen für Vertragsärzte: Weitere KVen haben HVM-Änderungen ausgearbeitet,The Second Most Difficult Job in the World
ash0dnc9,4wcf4z93,-0.02791776,Freiheit auf Zeit,Acknowledgement to Referees: Acknowledgement to Referees
ash0dnc9,ewl63b2i,-0.027653433,Freiheit auf Zeit,Manufacturing Workers and Employers
daq0a5sg,4wcf4z93,-0.026830506,Auf dem weiten Weg zu neuen Therapien bei ILD,Acknowledgement to Referees: Acknowledgement to Referees
avobcnzk,ewl63b2i,-0.02659233,Neue Impfempfehlungen - auch zu COVID-19,Manufacturing Workers and Employers
jck9f7nx,fxrsgieg,-0.026156615,Appraisal of cycling and pedestrian projects,COVID-19: Was Rheumapatienten jetzt wissen sollten
lvi4n41u,yvgzkt8a,-0.026061635,Pflegen kann jede*r!,"Journals, Academics, and Pandemics"
8p7vktc7,vur1c2nf,-0.025846057,Keine Wirtschaftlichkeitsprüfungen für 2019: In Rheinland-Pfalz wurde das Ausgabenvolumen eingehalten,Communicating With Patients and Families During COVID-19
lvi4n41u,cir2t25q,-0.025744174,Pflegen kann jede*r!,Keeping the research spotlight on COVID-19
4wcf4z93,fxrsgieg,-0.025729634,Acknowledgement to Referees: Acknowledgement to Referees,COVID-19: Was Rheumapatienten jetzt wissen sollten
mn0isuck,lvi4n41u,-0.024514345,P5‐132: Rehabilitation interventions and tasks for patients with COVID‐19 in our hospital,Pflegen kann jede*r!
fxrsgieg,qgsuky4s,-0.02448681,COVID-19: Was Rheumapatienten jetzt wissen sollten,Extracting sentiments towards COVID-19 aspects
lvi4n41u,tbh2fwk5,-0.024322338,Pflegen kann jede*r!,Secondary Transmission of COVID-19 in K-12 Schools: Findings From Two States
lvi4n41u,3gwru4h0,-0.02432018,Pflegen kann jede*r!,"COVID-19, Security Threats and Public Opinions"
psg0dmmc,fxrsgieg,-0.024168396,Virtual visits: Moving clinical trials visits from clinics to homes,COVID-19: Was Rheumapatienten jetzt wissen sollten
lvi4n41u,jph37bs0,-0.023879848,Pflegen kann jede*r!,"COVID-19: Risk groups, mechanistic insights and challenges"
3e1tb64o,fxrsgieg,-0.023558063,Germplasm Acquisition and Distribution by CGIAR Genebanks,COVID-19: Was Rheumapatienten jetzt wissen sollten
oai3cv0b,s9qlcamb,-0.023383135,Noncompetes in a Downsizing World,Finanzielle Hilfen für Vertragsärzte: Weitere KVen haben HVM-Änderungen ausgearbeitet
fxrsgieg,rz4n3tcf,-0.023245435,COVID-19: Was Rheumapatienten jetzt wissen sollten,Cardiological manifestations in patients with COVID-19
lvi4n41u,yet7dqoy,-0.023056295,Pflegen kann jede*r!,Exploring Employability of Business Graduates: Evidence from Woldia University
tk9z2rw0,4wcf4z93,-0.022898074,Morbidität und Letalität einer COVID-19-Erkrankung bei Tumorpatienten,Acknowledgement to Referees: Acknowledgement to Referees
evknjdo8,mherdb4v,-0.022402106,Eine neue Ära beginnt!,Lessons for and from COVID‐19 for investors and their advisors
lvi4n41u,a1xmmqyn,-0.022353249,Pflegen kann jede*r!,Some Concluding Thoughts
g5gy3617,s9qlcamb,-0.02157881,Pharmacists step up to the challenge of COVID-19,Finanzielle Hilfen für Vertragsärzte: Weitere KVen haben HVM-Änderungen ausgearbeitet
v0nebaz1,fxrsgieg,-0.021574924,[In-hospital treatment of COVID-19 patients].,COVID-19: Was Rheumapatienten jetzt wissen sollten
fxrsgieg,ikp2z39k,-0.021554759,COVID-19: Was Rheumapatienten jetzt wissen sollten,Variable importance scores
lvi4n41u,b5d032uv,-0.021545865,Pflegen kann jede*r!,Contributions and Challenges in Health Lifestyles Research.
lvi4n41u,zdd8aq4t,-0.021449812,Pflegen kann jede*r!,Treatment outcomes for COVID-19: a prospective cohort study
mherdb4v,atva6mfp,-0.021261439,Lessons for and from COVID‐19 for investors and their advisors,COVID-19-Forschungsdaten leichter zugänglich machen – Aufbau einer bundesweiten Informationsinfrastruktur
evknjdo8,ewl63b2i,-0.021239728,Eine neue Ära beginnt!,Manufacturing Workers and Employers
lvi4n41u,ikp2z39k,-0.020975573,Pflegen kann jede*r!,Variable importance scores
ezre84xu,fxrsgieg,-0.02090622,"Borders, Immigrants, And Health",COVID-19: Was Rheumapatienten jetzt wissen sollten
4wcf4z93,s9qlcamb,-0.020889184,Acknowledgement to Referees: Acknowledgement to Referees,Finanzielle Hilfen für Vertragsärzte: Weitere KVen haben HVM-Änderungen ausgearbeitet
lvi4n41u,cmi5pizh,-0.02071858,Pflegen kann jede*r!,Clinical Perspectives on the Notion of Presence.
fxrsgieg,tbh2fwk5,-0.020646129,COVID-19: Was Rheumapatienten jetzt wissen sollten,Secondary Transmission of COVID-19 in K-12 Schools: Findings From Two States
mn0isuck,fxrsgieg,-0.020621378,P5‐132: Rehabilitation interventions and tasks for patients with COVID‐19 in our hospital,COVID-19: Was Rheumapatienten jetzt wissen sollten
s3qtlt4o,ewl63b2i,-0.02052989,"Grundrechte in Zeiten von Corona : Zugleich Anmerkung zu BVerfG, Beschl. v. 7.4.2020 ­ 1 BvR 755/20",Manufacturing Workers and Employers
vur1c2nf,fe82q2o1,-0.020344801,Communicating With Patients and Families During COVID-19,Pflegedienstleiter in einer besonderen Zeit
vur1c2nf,fdjsgrfi,-0.02013906,Communicating With Patients and Families During COVID-19,Descifrando la patogenia de la COVID-19
pzxrnuuj,lvi4n41u,-0.020055773,Supporting our Fellows and Members through COVID-19,Pflegen kann jede*r!
fxrsgieg,aoi4iqkf,-0.020017747,COVID-19: Was Rheumapatienten jetzt wissen sollten,Clinical characteristics of 50466 patients with 2019-nCoV infection
k9k9030a,s9qlcamb,-0.01984374,[Immunoendocrinology - issues and challenges of today],Finanzielle Hilfen für Vertragsärzte: Weitere KVen haben HVM-Änderungen ausgearbeitet
lvi4n41u,x7fmxe0a,-0.019586759,Pflegen kann jede*r!,Covid-19 pandemia: Reasons and indications for reopening education services
nggz2d9j,fxrsgieg,-0.019413238,"The Effects of COVID-19 on U.S. Small Businesses: Evidence from Owners, Managers, and Employees",COVID-19: Was Rheumapatienten jetzt wissen sollten
vur1c2nf,lvi4n41u,-0.019285899,Communicating With Patients and Families During COVID-19,Pflegen kann jede*r!
fu6ruwf0,fxrsgieg,-0.019069746,Focus on fitness . . . and other stories,COVID-19: Was Rheumapatienten jetzt wissen sollten
c41feqvg,fxrsgieg,-0.019067107,"Cities, COVID-19 and Sensibilities: A Kaleidoscope of Experiences",COVID-19: Was Rheumapatienten jetzt wissen sollten
lvi4n41u,6p1n9zi3,-0.0188973,Pflegen kann jede*r!,Experiences of children (ages 6-12) during COVID-19 pandemic from mothers' perspectives
lvi4n41u,3qf3hqgn,-0.018636266,Pflegen kann jede*r!,"Mapping world scientific collaboration on the research of CoVID-19: Authors, journals, institutions, and countries"
z2ulnfop,ewl63b2i,-0.01820657,Fakten auf einen Blick,Manufacturing Workers and Employers
lvi4n41u,484f1hc2,-0.017953472,Pflegen kann jede*r!,E-Learning during COVID-19: perspectives and experiences of the faculty and students
fxrsgieg,r6s6es18,-0.017780347,COVID-19: Was Rheumapatienten jetzt wissen sollten,Computations with Algebraic Surfaces
g6r9ipf0,fxrsgieg,-0.017769378,"COVID – 19 impacts cities, culture and society",COVID-19: Was Rheumapatienten jetzt wissen sollten
8p7vktc7,mherdb4v,-0.017724922,Keine Wirtschaftlichkeitsprüfungen für 2019: In Rheinland-Pfalz wurde das Ausgabenvolumen eingehalten,Lessons for and from COVID‐19 for investors and their advisors
lvi4n41u,fl06pd3t,-0.017474834,Pflegen kann jede*r!,COVID-19 in children: current evidence and key questions.
lvi4n41u,r53hrkm4,-0.017358726,Pflegen kann jede*r!,Tertiarization of the Economy and its Trade Policy Implications
q5v3w8rm,ewl63b2i,-0.01723834,Das Stethoskop bleibt wichtig — auch in COVID-19-Zeiten: Kein Auslaufmodell,Manufacturing Workers and Employers
lvi4n41u,auvfnrvc,-0.017218705,Pflegen kann jede*r!,Welfare Costs of COVID-19: Evidence from U.S. Counties
lvi4n41u,22ksjktu,-0.016775323,Pflegen kann jede*r!,Findings of Research Misconduct
qs7i57hq,s9qlcamb,-0.01658694,Comparing the Effects of SPOC and Face-to-Face Courses and Factors Influencing the Effects,Finanzielle Hilfen für Vertragsärzte: Weitere KVen haben HVM-Änderungen ausgearbeitet
vur1c2nf,e69c9wyw,-0.016576372,Communicating With Patients and Families During COVID-19,Nutzen von Erfahrungswissen in Krisen. Zur These einer vermehrten Bezugnahme auf Geschichte in Krisenzeiten
d7rlj43k,ewl63b2i,-0.016365906,Einladung zu einer Hybrid-Veranstaltung 2022,Manufacturing Workers and Employers
ey7zhmtu,4wcf4z93,-0.016358824,Akupunktur Auch in Covid-19-Zeiten eine Sichere Sache!,Acknowledgement to Referees: Acknowledgement to Referees
5229e2lj,lvi4n41u,-0.016236914,Challenges and Future Directions,Pflegen kann jede*r!
3wopb3vk,z2ulnfop,-0.016199946,Factors predicting readmission in patients with COVID-19,Fakten auf einen Blick
izlpz4qn,fxrsgieg,-0.0161799,Risk Factors for Mortality of COVID-19 Patients,COVID-19: Was Rheumapatienten jetzt wissen sollten
z2ulnfop,rc0nbk07,-0.016142204,Fakten auf einen Blick,Biomarkers and prognostic factors for mesothelioma.
lvi4n41u,acuw5cqe,-0.016132293,Pflegen kann jede*r!,"News, Programs, Publications, and Awards"
rh5vvq4d,4wcf4z93,-0.015867053,Wie lange dauert eine Langzeitanwendung?,Acknowledgement to Referees: Acknowledgement to Referees
s9bgr6mt,fxrsgieg,-0.015738359,Scooting injuries . . . and other stories,COVID-19: Was Rheumapatienten jetzt wissen sollten
lvi4n41u,gz2tuclx,-0.01550242,Pflegen kann jede*r!,"Aspirations, Concerns and Priorities of Families with School-age Children"
mherdb4v,q5v3w8rm,-0.015368799,Lessons for and from COVID‐19 for investors and their advisors,Das Stethoskop bleibt wichtig — auch in COVID-19-Zeiten: Kein Auslaufmodell
s9qlcamb,qh0g5rfh,-0.01532254,Finanzielle Hilfen für Vertragsärzte: Weitere KVen haben HVM-Änderungen ausgearbeitet,Prioritizing Multidimensional Interdependent Factors Influencing COVID‐19 Risk
lvi4n41u,g0vyzsga,-0.015283924,Pflegen kann jede*r!,Radiographic Findings and other Predictors in Adults with Covid-19
lvi4n41u,pesvr65u,-0.015066628,Pflegen kann jede*r!,Implications of the 2020 Election for U.S. Health Policy
l3tavujs,z2ulnfop,-0.014977981,"Demystifying COVID-19 publications: institutions, journals, concepts, and topics",Fakten auf einen Blick
xijh0s4t,s9qlcamb,-0.01495896,Risk factor analysis of COVID-19,Finanzielle Hilfen für Vertragsärzte: Weitere KVen haben HVM-Änderungen ausgearbeitet
xh55h9lv,lvi4n41u,-0.014880381,Considering network interventions.,Pflegen kann jede*r!
mherdb4v,ey7zhmtu,-0.014869441,Lessons for and from COVID‐19 for investors and their advisors,Akupunktur Auch in Covid-19-Zeiten eine Sichere Sache!
lvi4n41u,xlj31f71,-0.014741593,Pflegen kann jede*r!,The Major Macroeconomic Trends
66mun4ic,s9qlcamb,-0.014726518,Conundrum of COVID-19: The road ahead,Finanzielle Hilfen für Vertragsärzte: Weitere KVen haben HVM-Änderungen ausgearbeitet
qqiidqrb,fxrsgieg,-0.014458338,Merging the public and private spheres of women's work: Narratives from women street food vendors during Covid‐19 crisis,COVID-19: Was Rheumapatienten jetzt wissen sollten
s9qlcamb,ml4av0yr,-0.014327385,Finanzielle Hilfen für Vertragsärzte: Weitere KVen haben HVM-Änderungen ausgearbeitet,Learning from the Past to Face the Worst with Our Best.
fxrsgieg,693r9rey,-0.014319024,COVID-19: Was Rheumapatienten jetzt wissen sollten,Medical emergencies on commercial airline flights.
fxrsgieg,x6z49rxc,-0.014290463,COVID-19: Was Rheumapatienten jetzt wissen sollten,"Inflation Expectations in the U.S.: Linking Markets, Households, and Businesses"
77zkfwr7,ewl63b2i,-0.014276647,Masterplan Rohstoffe 2030 – Eine Rohstoffstrategie für Österreich,Manufacturing Workers and Employers
ewl63b2i,79hf1x4j,-0.0141896345,Manufacturing Workers and Employers,Sind durch COVID-19 (mehr) Patienten mit Hörverlust zu erwarten?
mb2uirm8,fxrsgieg,-0.013988573,The Road Towards 6G: A Comprehensive Survey,COVID-19: Was Rheumapatienten jetzt wissen sollten
l6754c29,fxrsgieg,-0.013759862,Features of α‐HBDH in COVID‐19 patients: A cohort study,COVID-19: Was Rheumapatienten jetzt wissen sollten
fxrsgieg,az2pgmkj,-0.013759862,COVID-19: Was Rheumapatienten jetzt wissen sollten,Features of α-HBDH in COVID-19 patients: A cohort study
9ye3duwr,fxrsgieg,-0.013684692,Heterogeneity of clinical and radiological findings of COVID-19.,COVID-19: Was Rheumapatienten jetzt wissen sollten
gjlrsy91,s9qlcamb,-0.013620802,Science advisers around the world on 2020,Finanzielle Hilfen für Vertragsärzte: Weitere KVen haben HVM-Änderungen ausgearbeitet
lvi4n41u,j58g1t3p,-0.013618567,Pflegen kann jede*r!,Retraction Note to: Chapters
8hn59m77,fxrsgieg,-0.013490609,Longitudinal monitoring of laboratory markers characterizes hospitalized and ambulatory COVID-19 patients,COVID-19: Was Rheumapatienten jetzt wissen sollten
e2qh3xd8,lvi4n41u,-0.013467512,Public health implications of world trade negotiations,Pflegen kann jede*r!
ix8plvil,ewl63b2i,-0.013427032,Kritische Stellungnahme zu einigen Empfehlungen der neuen deutschen S3-Sepsisleitlinie,Manufacturing Workers and Employers
40gnj1yy,lvi4n41u,-0.0133296205,Analysis of information on COVID-19 on websites of public health organizations,Pflegen kann jede*r!
zmjzvihk,e69c9wyw,-0.013168824,Masked Faces with Faced Masks,Nutzen von Erfahrungswissen in Krisen. Zur These einer vermehrten Bezugnahme auf Geschichte in Krisenzeiten
5pp8qvx0,lvi4n41u,-0.013167549,From the editors: research in times of COVID,Pflegen kann jede*r!
6jabzeuf,fxrsgieg,-0.013144591,5PSQ-171 Tocilizumab in patients with COVID-19: results in clinical practice,COVID-19: Was Rheumapatienten jetzt wissen sollten
lvi4n41u,m2xm9coa,-0.012701528,Pflegen kann jede*r!,COVID-19 research outcomes: An agenda for future research
73k939q5,e69c9wyw,-0.012536354,Developmental Manifestations of Grief in Children and Adolescents: Caregivers as Key Grief Facilitators,Nutzen von Erfahrungswissen in Krisen. Zur These einer vermehrten Bezugnahme auf Geschichte in Krisenzeiten
ziashmgo,lvi4n41u,-0.012518641,Women Heads of State and Covid-19 Policy Responses,Pflegen kann jede*r!
blqner0t,4wcf4z93,-0.012480102,"""Von einer COVID-19-Booster-Impfung wird jeder profitieren""",Acknowledgement to Referees: Acknowledgement to Referees
ojtkitu2,e69c9wyw,-0.012460142,Urological issues in cyclists,Nutzen von Erfahrungswissen in Krisen. Zur These einer vermehrten Bezugnahme auf Geschichte in Krisenzeiten
g0vyzsga,fxrsgieg,-0.012368319,Radiographic Findings and other Predictors in Adults with Covid-19,COVID-19: Was Rheumapatienten jetzt wissen sollten
77zkfwr7,4wcf4z93,-0.01234495,Masterplan Rohstoffe 2030 – Eine Rohstoffstrategie für Österreich,Acknowledgement to Referees: Acknowledgement to Referees
h5p71f5t,s9qlcamb,-0.012266037,Meeting the challenge of change.,Finanzielle Hilfen für Vertragsärzte: Weitere KVen haben HVM-Änderungen ausgearbeitet
pbtkeetk,fxrsgieg,-0.012235077,Covid-19 pandemy from the perspective of regional children´s clinic,COVID-19: Was Rheumapatienten jetzt wissen sollten
lvi4n41u,g37nuhpl,-0.012193119,Pflegen kann jede*r!,Neuroimaging Findings in Patients with COVID-19
c2io6utd,fxrsgieg,-0.012128785,Employment Consequences of COVID-19 for People with Disabilities and Employers,COVID-19: Was Rheumapatienten jetzt wissen sollten
13i4ajvu,fxrsgieg,-0.0119508905,Clinical manifestations of COVID-19 in Pediatrics,COVID-19: Was Rheumapatienten jetzt wissen sollten
7nwfp13l,fxrsgieg,-0.0118913865,Clinical Experiences for Unvaccinated Nursing Students,COVID-19: Was Rheumapatienten jetzt wissen sollten
fxrsgieg,g04hl2wd,-0.011876179,COVID-19: Was Rheumapatienten jetzt wissen sollten,COVID-19: Small-Molecule Clinical Trials Landscape.
lvi4n41u,9zhyv1hu,-0.011831063,Pflegen kann jede*r!,Considerations for Public Beaches
z2ulnfop,aj4ci6pu,-0.011762669,Fakten auf einen Blick,Biosafety Guidelines for COVID-19 Specimens in Biobanks.
g37nuhpl,atva6mfp,-0.011731724,Neuroimaging Findings in Patients with COVID-19,COVID-19-Forschungsdaten leichter zugänglich machen – Aufbau einer bundesweiten Informationsinfrastruktur
lvi4n41u,kcfm9t42,-0.011719378,Pflegen kann jede*r!,"Melanesia in Review: Issues and Events, 2020"
7j1l9uxj,lvi4n41u,-0.0116641205,"COVID-19 vaccine development: milestones, lessons and prospects",Pflegen kann jede*r!
1gbfvuod,lvi4n41u,-0.0116261905,COVID-19 and Conflict: Major Risks and Policy Responses,Pflegen kann jede*r!
ey7zhmtu,ewl63b2i,-0.011593496,Akupunktur Auch in Covid-19-Zeiten eine Sichere Sache!,Manufacturing Workers and Employers
izlpz4qn,e69c9wyw,-0.0115808165,Risk Factors for Mortality of COVID-19 Patients,Nutzen von Erfahrungswissen in Krisen. Zur These einer vermehrten Bezugnahme auf Geschichte in Krisenzeiten
glqwp1k9,s9qlcamb,-0.011558377,"Part the first, 2020 reflected: individuals",Finanzielle Hilfen für Vertragsärzte: Weitere KVen haben HVM-Änderungen ausgearbeitet
qax68hse,fxrsgieg,-0.01143594,Clinical characteristics and outcomes in patients with COVID-19 and leprosy,COVID-19: Was Rheumapatienten jetzt wissen sollten
lvi4n41u,85bams1o,-0.011435874,Pflegen kann jede*r!,Table of Contents: ChemBioEng Reviews 2/2015
vur1c2nf,jhzajbxc,-0.011387548,Communicating With Patients and Families During COVID-19,Paisaje Después De La Pandemia
lvi4n41u,nggz2d9j,-0.011329062,Pflegen kann jede*r!,"The Effects of COVID-19 on U.S. Small Businesses: Evidence from Owners, Managers, and Employees"
c1jd7qnh,s9qlcamb,-0.011280939,"The World turned Upside Down? Cities, Festivalization and Uncertainty",Finanzielle Hilfen für Vertragsärzte: Weitere KVen haben HVM-Änderungen ausgearbeitet
1wx1kt23,ewl63b2i,-0.011178427,Patienten mit positivem iFOBT müssen rasch zur Koloskopie,Manufacturing Workers and Employers
huvwm9mi,lvi4n41u,-0.011142454,Lessons of the Pandemic for Family and School— The Challenges and Prospects of Network Education,Pflegen kann jede*r!
fxrsgieg,96k16ygd,-0.011122797,COVID-19: Was Rheumapatienten jetzt wissen sollten,Chapter 5: Judging Women
9gsj1k6z,s9qlcamb,-0.010804437,Investment Promotion Agencies in the Time of COVID-19,Finanzielle Hilfen für Vertragsärzte: Weitere KVen haben HVM-Änderungen ausgearbeitet
ix8plvil,mherdb4v,-0.010764433,Kritische Stellungnahme zu einigen Empfehlungen der neuen deutschen S3-Sepsisleitlinie,Lessons for and from COVID‐19 for investors and their advisors
af3ojiob,atva6mfp,-0.010723807,Cerebrovascular events in COVID-19 patients,COVID-19-Forschungsdaten leichter zugänglich machen – Aufbau einer bundesweiten Informationsinfrastruktur
fad7llsg,fxrsgieg,-0.010596861,"Politics, economy, and health: lessons from COVID-19.",COVID-19: Was Rheumapatienten jetzt wissen sollten
l6754c29,atva6mfp,-0.01044759,Features of α‐HBDH in COVID‐19 patients: A cohort study,COVID-19-Forschungsdaten leichter zugänglich machen – Aufbau einer bundesweiten Informationsinfrastruktur
atva6mfp,az2pgmkj,-0.01044759,COVID-19-Forschungsdaten leichter zugänglich machen – Aufbau einer bundesweiten Informationsinfrastruktur,Features of α-HBDH in COVID-19 patients: A cohort study
cjmodj9y,fxrsgieg,-0.010113718,"Cities, Economies and COVID-19 Pandemic",COVID-19: Was Rheumapatienten jetzt wissen sollten
lvi4n41u,bnto2xy7,-0.010080555,Pflegen kann jede*r!,COVID‐19 vaccination in children and university students
mq8tqnf0,fxrsgieg,-0.0100736795,Threats to economic security of hotel and restaurant enterprises,COVID-19: Was Rheumapatienten jetzt wissen sollten
fxrsgieg,6oe8nj1j,-0.010063947,COVID-19: Was Rheumapatienten jetzt wissen sollten,Aspects of recent development of immunosensors
vur1c2nf,77zkfwr7,-0.01003869,Communicating With Patients and Families During COVID-19,Masterplan Rohstoffe 2030 – Eine Rohstoffstrategie für Österreich
mherdb4v,79hf1x4j,-0.009933933,Lessons for and from COVID‐19 for investors and their advisors,Sind durch COVID-19 (mehr) Patienten mit Hörverlust zu erwarten?
ojtkitu2,fxrsgieg,-0.009910385,Urological issues in cyclists,COVID-19: Was Rheumapatienten jetzt wissen sollten
3wopb3vk,lvi4n41u,-0.009838911,Factors predicting readmission in patients with COVID-19,Pflegen kann jede*r!
ja687t28,atva6mfp,-0.0097491415,Eight hospitalized patients with COVID-19,COVID-19-Forschungsdaten leichter zugänglich machen – Aufbau einer bundesweiten Informationsinfrastruktur
it7friew,4wcf4z93,-0.009685004,Vernachlässigen Sie Ihre Hauterkrankung nicht!,Acknowledgement to Referees: Acknowledgement to Referees
txgigz0f,fxrsgieg,-0.009679131,Patients visit to hospitals during covid-19,COVID-19: Was Rheumapatienten jetzt wissen sollten
y8rkyux1,lvi4n41u,-0.009638331,Personal Cleanliness Activities in Preschool Classrooms,Pflegen kann jede*r!
cir2t25q,fxrsgieg,-0.009600908,Keeping the research spotlight on COVID-19,COVID-19: Was Rheumapatienten jetzt wissen sollten
qeu0v14c,s9qlcamb,-0.00955285,Moving Forward with Intent.,Finanzielle Hilfen für Vertragsärzte: Weitere KVen haben HVM-Änderungen ausgearbeitet
lvi4n41u,zwmsahpe,-0.009521688,Pflegen kann jede*r!,Neurological symptoms and findings in COVID-19: a prospective clinical study.
lvi4n41u,yxqva9xi,-0.009416306,Pflegen kann jede*r!,Predictors of contracting COVID-19 in nursing homes: Implications for clinical practice.
fxrsgieg,scfwscfe,-0.009391593,COVID-19: Was Rheumapatienten jetzt wissen sollten,Endpoints for randomized controlled clinical trials for COVID-19 treatments.
3quxhorv,fxrsgieg,-0.009303938,Worksite tobacco control – a qualitative study on perspectives from employers and employees at small worksites,COVID-19: Was Rheumapatienten jetzt wissen sollten
mherdb4v,yoqu6npc,-0.009222619,Lessons for and from COVID‐19 for investors and their advisors,Berichten allein reicht nicht
c59xdzx1,s9qlcamb,-0.009190922,The Challenges Educators Face in Virtually Creating High Quality LMX with Students and Colleagues,Finanzielle Hilfen für Vertragsärzte: Weitere KVen haben HVM-Änderungen ausgearbeitet
s9qlcamb,vccd693a,-0.00913357,Finanzielle Hilfen für Vertragsärzte: Weitere KVen haben HVM-Änderungen ausgearbeitet,COVID-19: A Matter Close to the Heart
wud08mb0,lvi4n41u,-0.0090930825,The Perception of Market and Economic Risks by Owners and Managers of Enterprises in the V4 Countries,Pflegen kann jede*r!
fxrsgieg,kmlynj86,-0.009063067,COVID-19: Was Rheumapatienten jetzt wissen sollten,Treatment Journey of Covid-19 Patients in Hospital Settings
81cah6um,fxrsgieg,-0.00896356,Determinants of family entrepreneurship in the beekeeping sector,COVID-19: Was Rheumapatienten jetzt wissen sollten
h7wtvca0,z2ulnfop,-0.008816335,ResearchPaper:EfficacyofMyofascialReleaseTherapy on the Cardiorespiratory Functions in Patients With COVID-19,Fakten auf einen Blick
lvi4n41u,q8tm88ki,-0.008789712,Pflegen kann jede*r!,The Interplay of Policy and Institutions during COVID-19
25o8rmw3,4wcf4z93,-0.008782529,Jenseits von Husten und Pulsoxymetrie … Welche Symptome sind wichtig bei COVID-19?,Acknowledgement to Referees: Acknowledgement to Referees
lvi4n41u,oc4cv29f,-0.008744386,Pflegen kann jede*r!,The influence of COVID-19 on medical students memories
xwrbtwr8,4wcf4z93,-0.008625969,Effektives Gesundheitswesen dank eines starken Akutsektors,Acknowledgement to Referees: Acknowledgement to Referees
6m9s6eux,fxrsgieg,-0.008577391,Patient and public involvement in numerical aspects of trials (PoINT): exploring patient and public partners experiences and identifying stakeholder priorities,COVID-19: Was Rheumapatienten jetzt wissen sollten
gtipnn8b,fxrsgieg,-0.008488562,A retrospective study: meteorological factors and COVID-19,COVID-19: Was Rheumapatienten jetzt wissen sollten
xhfmio7k,fxrsgieg,-0.008447182,Can Bats Serve as Reservoirs for Arboviruses?,COVID-19: Was Rheumapatienten jetzt wissen sollten
mherdb4v,avobcnzk,-0.008397996,Lessons for and from COVID‐19 for investors and their advisors,Neue Impfempfehlungen - auch zu COVID-19
lvi4n41u,wurtrayz,-0.0083490275,Pflegen kann jede*r!,Health sources: Reviewing the news
ihg2zuhq,fxrsgieg,-0.00832329,Risk factors for mortality in COVID-19 patients in a community teaching hospital,COVID-19: Was Rheumapatienten jetzt wissen sollten
5229e2lj,s9qlcamb,-0.008117574,Challenges and Future Directions,Finanzielle Hilfen für Vertragsärzte: Weitere KVen haben HVM-Änderungen ausgearbeitet
ojtkitu2,z2ulnfop,-0.007904859,Urological issues in cyclists,Fakten auf einen Blick
yoqu6npc,ewl63b2i,-0.007885306,Berichten allein reicht nicht,Manufacturing Workers and Employers
4wcf4z93,pez6to2e,-0.007864045,Acknowledgement to Referees: Acknowledgement to Referees,Infektionsschutz: Wenn gegen Regeln verstoßen wird
c2io6utd,e69c9wyw,-0.007861845,Employment Consequences of COVID-19 for People with Disabilities and Employers,Nutzen von Erfahrungswissen in Krisen. Zur These einer vermehrten Bezugnahme auf Geschichte in Krisenzeiten
lvi4n41u,boys7vbd,-0.00785109,Pflegen kann jede*r!,Issues and Challenges of Public-Health Research in Developing Countries
lvi4n41u,pozw4che,-0.007813207,Pflegen kann jede*r!,Reflections on Conducting Research From Home During COVID-19
lvi4n41u,4bqvm0kr,-0.0078015514,Pflegen kann jede*r!,The Humanizing and Civic Missions of History Education
lvi4n41u,cv7g8umq,-0.0077932887,Pflegen kann jede*r!,Metalcasting Industry Research
s9qlcamb,cat9ygia,-0.0075750435,Finanzielle Hilfen für Vertragsärzte: Weitere KVen haben HVM-Änderungen ausgearbeitet,Telling the story of complex change: an Impact Framework for the real world
cir2t25q,s9qlcamb,-0.0075317733,Keeping the research spotlight on COVID-19,Finanzielle Hilfen für Vertragsärzte: Weitere KVen haben HVM-Änderungen ausgearbeitet
s9qlcamb,de2m5809,-0.007391992,Finanzielle Hilfen für Vertragsärzte: Weitere KVen haben HVM-Änderungen ausgearbeitet,Continuing Research in the Face of Adversity
8615p7xh,4wcf4z93,-0.007356557,Rentenpolitik ist nicht nachhaltig,Acknowledgement to Referees: Acknowledgement to Referees
txgigz0f,atva6mfp,-0.007319667,Patients visit to hospitals during covid-19,COVID-19-Forschungsdaten leichter zugänglich machen – Aufbau einer bundesweiten Informationsinfrastruktur
guvc9aa0,lvi4n41u,-0.0073070247,Explaining Errors in Predictions of At-Risk Students in Distance Learning Education,Pflegen kann jede*r!
lvi4n41u,e52wuc0h,-0.00730431,Pflegen kann jede*r!,Setting healthcare priorities in hospitals: a review of empirical studies
3q8uv1oj,fxrsgieg,-0.0072501036,Carbapenemase-producing Enterobacterales infections in COVID-19 patients,COVID-19: Was Rheumapatienten jetzt wissen sollten
z08v4eew,fxrsgieg,-0.007227523,Key factors driving customers’ restaurant dining behavior during the COVID-19 pandemic,COVID-19: Was Rheumapatienten jetzt wissen sollten
4v8lzz4b,lvi4n41u,-0.0072079897,"Distance Lectures in University Studies: Advantages, Disadvantages, Improvement",Pflegen kann jede*r!
lvi4n41u,h89inst7,-0.0072010914,Pflegen kann jede*r!,Covid-19: A Review of Economic Impacts on Different Sectors and Industries
izlpz4qn,z2ulnfop,-0.007157344,Risk Factors for Mortality of COVID-19 Patients,Fakten auf einen Blick
8615p7xh,mherdb4v,-0.007078579,Rentenpolitik ist nicht nachhaltig,Lessons for and from COVID‐19 for investors and their advisors
atva6mfp,rz4n3tcf,-0.00703381,COVID-19-Forschungsdaten leichter zugänglich machen – Aufbau einer bundesweiten Informationsinfrastruktur,Cardiological manifestations in patients with COVID-19
mherdb4v,fxrsgieg,-0.0069999117,Lessons for and from COVID‐19 for investors and their advisors,COVID-19: Was Rheumapatienten jetzt wissen sollten
tyh36ygb,s9qlcamb,-0.006881397,Frontlines: Going the Distance in a World Turned Upside Down,Finanzielle Hilfen für Vertragsärzte: Weitere KVen haben HVM-Änderungen ausgearbeitet
vp459s2g,fxrsgieg,-0.0068667578,Community Health Workers And COVID-19.,COVID-19: Was Rheumapatienten jetzt wissen sollten
cn83xmrs,mherdb4v,-0.0068118647,Was fliegt denn da?,Lessons for and from COVID‐19 for investors and their advisors
lvi4n41u,7rsv9lwd,-0.006800345,Pflegen kann jede*r!,Highlights of genetic programming 2020 events
1ygu24fy,fxrsgieg,-0.0066702906,Lessons from covid-19: visiting patients at home and assessing comorbidities.,COVID-19: Was Rheumapatienten jetzt wissen sollten
lvi4n41u,b47ufs13,-0.0066205566,Pflegen kann jede*r!,Impact of COVID-19 on Medical Education: Perspectives From Students
lvi4n41u,3quxhorv,-0.0065980256,Pflegen kann jede*r!,Worksite tobacco control – a qualitative study on perspectives from employers and employees at small worksites
zljwzdo7,fxrsgieg,-0.0065046456,Dogs and Cats as Laboratory Animals,COVID-19: Was Rheumapatienten jetzt wissen sollten
4a0hsmfk,fxrsgieg,-0.006461647,"Contents of Volume 65, issues 1 and 2",COVID-19: Was Rheumapatienten jetzt wissen sollten
3r0cnx2z,s9qlcamb,-0.0064088833,4 Setting up the fieldwork,Finanzielle Hilfen für Vertragsärzte: Weitere KVen haben HVM-Änderungen ausgearbeitet
t1uikg0o,fxrsgieg,-0.006402639,Coinfection with other respiratory pathogens in COVID-19 patients,COVID-19: Was Rheumapatienten jetzt wissen sollten
lvi4n41u,1ygu24fy,-0.0062687094,Pflegen kann jede*r!,Lessons from covid-19: visiting patients at home and assessing comorbidities.
fxrsgieg,iakhk7n9,-0.006261548,COVID-19: Was Rheumapatienten jetzt wissen sollten,Transforming Clinical Pathways.
lvi4n41u,94oreuv8,-0.0061291563,Pflegen kann jede*r!,COVID‐19 and entrepreneurship: Future research directions
7zrrxchi,fxrsgieg,-0.006104482,"[COVID-19, impact on residents and caregivers].",COVID-19: Was Rheumapatienten jetzt wissen sollten
lvi4n41u,9rs5jk6m,-0.0060666413,Pflegen kann jede*r!,Results are not generalizable to children attending school.
lki0f07b,lvi4n41u,-0.0060081515,Attending Doctoral Events—Experiences and Lessons,Pflegen kann jede*r!
xcsdrq7i,fxrsgieg,-0.0059961053,"Clinical Characteristics, Serological and Radiological Longitudinal Changes of Patients with COVID-19.",COVID-19: Was Rheumapatienten jetzt wissen sollten
s9qlcamb,bmzx8ei4,-0.0058486876,Finanzielle Hilfen für Vertragsärzte: Weitere KVen haben HVM-Änderungen ausgearbeitet,Research in COVID-19 times: The way forward.
csqf1rpu,s9qlcamb,-0.0058332984,A different way of nursing.,Finanzielle Hilfen für Vertragsärzte: Weitere KVen haben HVM-Änderungen ausgearbeitet
lvi4n41u,izlpz4qn,-0.0057945787,Pflegen kann jede*r!,Risk Factors for Mortality of COVID-19 Patients
uoxl30fm,fxrsgieg,-0.005762191,Clinical and epidemiological aspects of human bocavirus infection,COVID-19: Was Rheumapatienten jetzt wissen sollten
lvi4n41u,psg0dmmc,-0.0057472377,Pflegen kann jede*r!,Virtual visits: Moving clinical trials visits from clinics to homes
p81l6zvz,mherdb4v,-0.005682963,Systemische Immunsuppression in Zeiten von COVID‐19: Müssen wir umdenken?,Lessons for and from COVID‐19 for investors and their advisors
sc65zozv,lvi4n41u,-0.0056008957,Lives or Livelihoods? Perceived Tradeoffs and Policy Demand,Pflegen kann jede*r!
lvi4n41u,fiskunb4,-0.0055078496,Pflegen kann jede*r!,The COVID-19 Pandemic: Challenges for the Neurosurgeons and Neurologists.
lvi4n41u,g51479nn,-0.0054939943,Pflegen kann jede*r!,Some comments on hagiographic studies
rh5vvq4d,ewl63b2i,-0.0053923368,Wie lange dauert eine Langzeitanwendung?,Manufacturing Workers and Employers
s484g3sx,4wcf4z93,-0.005384348,Der optimale Blutdruck nach einem Schlaganfall,Acknowledgement to Referees: Acknowledgement to Referees
n2731fdz,lvi4n41u,-0.0053494466,Survey Findings of Challenges with Teleneuropsychological Assessment and Advice in Mitigating these Challenges,Pflegen kann jede*r!
lvi4n41u,33alavtn,-0.0051792813,Pflegen kann jede*r!,Performances of clinical characteristics and radiological findings in identifying COVID-19 from suspected cases
g37nuhpl,fxrsgieg,-0.00513856,Neuroimaging Findings in Patients with COVID-19,COVID-19: Was Rheumapatienten jetzt wissen sollten
lvi4n41u,okx20rp3,-0.0048939246,Pflegen kann jede*r!,Scientists fear that 'covidization' is distorting research
lvi4n41u,8wtyqkgn,-0.0048631565,Pflegen kann jede*r!,Editors' Selections from Relevant Scientific Publications
e15swxek,fxrsgieg,-0.004845466,Meeting the Challenges of COVID-19 at the Close of 2020,COVID-19: Was Rheumapatienten jetzt wissen sollten
er700k8b,fxrsgieg,-0.0047513805,Parasites and pest population management,COVID-19: Was Rheumapatienten jetzt wissen sollten
tgqy3jdu,lvi4n41u,-0.004691966,"Risk Factors Prediction, Clinical Outcomes and Mortality of COVID-19 Patients",Pflegen kann jede*r!
ezre84xu,lvi4n41u,-0.0046008197,"Borders, Immigrants, And Health",Pflegen kann jede*r!
4wcf4z93,xra1kr2m,-0.004591346,Acknowledgement to Referees: Acknowledgement to Referees,Haut kann Hinweis auf Verlauf liefern
bjo6hun1,e69c9wyw,-0.004528837,Scientists' lanes and headwinds.,Nutzen von Erfahrungswissen in Krisen. Zur These einer vermehrten Bezugnahme auf Geschichte in Krisenzeiten
d7rlj43k,mherdb4v,-0.00449727,Einladung zu einer Hybrid-Veranstaltung 2022,Lessons for and from COVID‐19 for investors and their advisors
c49jxl06,fxrsgieg,-0.0043543056,Host factors: Implications in immunopathogenesis of COVID-19,COVID-19: Was Rheumapatienten jetzt wissen sollten
hqvqsjtn,fxrsgieg,-0.00434394,Challenges in Infectious Diseases for Haematologists.,COVID-19: Was Rheumapatienten jetzt wissen sollten
fxrsgieg,uu20ur49,-0.0043232683,COVID-19: Was Rheumapatienten jetzt wissen sollten,Clinical characteristics and risk factors for mortality in hematologic patients affected By COVID-19.
z2ulnfop,ndzft9az,-0.0042931875,Fakten auf einen Blick,Hematological parameters- as mortality predictors in COVID-19 patients
fkbmy9bb,3qxqvmon,-0.004291222,"With gain and gratitude, I am retiring",Współzależność przemysłu 4.0 z gospodarką o obiegu zamkniętym: w poszukiwaniu wspólnego obszaru definicyjnego
49frsu96,fxrsgieg,-0.004266259,Measuring Cumulative Stressfulness: Psychometric Properties of the COVID-19 Stressors Scale,COVID-19: Was Rheumapatienten jetzt wissen sollten
wq8s32ds,4wcf4z93,-0.004244556,Auswirkungen von COVID-19 auf die männliche Fertilität,Acknowledgement to Referees: Acknowledgement to Referees
s9qlcamb,6ct4swpm,-0.004204811,Finanzielle Hilfen für Vertragsärzte: Weitere KVen haben HVM-Änderungen ausgearbeitet,Time to rethink our lives and businesses
lvi4n41u,iak66nv9,-0.004199946,Pflegen kann jede*r!,Health-Related Behaviors and Odds of COVID-19 Hospitalization in a Military Population
lvi4n41u,zbajalq2,-0.004149592,Pflegen kann jede*r!,Neurological manifestations as prognostic factors in COVID-19: a retrospective cohort study
zmjzvihk,atva6mfp,-0.0041194367,Masked Faces with Faced Masks,COVID-19-Forschungsdaten leichter zugänglich machen – Aufbau einer bundesweiten Informationsinfrastruktur
izlpz4qn,atva6mfp,-0.004066018,Risk Factors for Mortality of COVID-19 Patients,COVID-19-Forschungsdaten leichter zugänglich machen – Aufbau einer bundesweiten Informationsinfrastruktur
fxrsgieg,2htz7vwb,-0.004060032,COVID-19: Was Rheumapatienten jetzt wissen sollten,State of the Society: SNMMI Thrives Despite COVID-19 Challenges.
lvi4n41u,aivriq35,-0.0040406114,Pflegen kann jede*r!,The psychiatric consequences of COVID-19: 8 Studies
lvi4n41u,0mgqnwrj,-0.004002446,Pflegen kann jede*r!,Exploring the perceived benefits of ethics education for laboratory professionals
aj4ci6pu,fxrsgieg,-0.0039564567,Biosafety Guidelines for COVID-19 Specimens in Biobanks.,COVID-19: Was Rheumapatienten jetzt wissen sollten
33alavtn,fxrsgieg,-0.0038450514,Performances of clinical characteristics and radiological findings in identifying COVID-19 from suspected cases,COVID-19: Was Rheumapatienten jetzt wissen sollten
zljwzdo7,77zkfwr7,-0.0038406323,Dogs and Cats as Laboratory Animals,Masterplan Rohstoffe 2030 – Eine Rohstoffstrategie für Österreich
3v11325w,fxrsgieg,-0.003817656,COVID-19 in Children and the Dynamics of Infection in Families,COVID-19: Was Rheumapatienten jetzt wissen sollten
e1ztoqwd,e69c9wyw,-0.0038157823,Infectious Agents as Potential Drivers of α-Synucleinopathies.,Nutzen von Erfahrungswissen in Krisen. Zur These einer vermehrten Bezugnahme auf Geschichte in Krisenzeiten
lvi4n41u,fu6ruwf0,-0.0037973116,Pflegen kann jede*r!,Focus on fitness . . . and other stories
lvi4n41u,e2xu7s18,-0.0037923593,Pflegen kann jede*r!,Current trends and innovations
96rup00o,fxrsgieg,-0.0037462015,Interactions of Pathogens with the Host,COVID-19: Was Rheumapatienten jetzt wissen sollten
vur1c2nf,avobcnzk,-0.0037405835,Communicating With Patients and Families During COVID-19,Neue Impfempfehlungen - auch zu COVID-19
8s6v1c9z,fxrsgieg,-0.0037249406,Representative Committees of Peers,COVID-19: Was Rheumapatienten jetzt wissen sollten
zn3xk5ls,s9qlcamb,-0.0037176234,As close as possible to researchers and caregivers,Finanzielle Hilfen für Vertragsärzte: Weitere KVen haben HVM-Änderungen ausgearbeitet
mherdb4v,rh5vvq4d,-0.0036807405,Lessons for and from COVID‐19 for investors and their advisors,Wie lange dauert eine Langzeitanwendung?
lvi4n41u,3ew4java,-0.0035749143,Pflegen kann jede*r!,"Calculated grades, predicted grades, forecasted grades and actual A-level grades: Reliability, correlations and predictive validity in medical school applicants, undergraduates, and postgraduates in a time of COVID-19"
evknjdo8,vur1c2nf,-0.003559764,Eine neue Ära beginnt!,Communicating With Patients and Families During COVID-19
tbm75ee3,lvi4n41u,-0.003528906,Predicting Mortality from Credit Reports,Pflegen kann jede*r!
v813lpzd,fxrsgieg,-0.0035119886,An Otorhinolaryngology Perspective Into a Hospital COVID-19 Cluster,COVID-19: Was Rheumapatienten jetzt wissen sollten
g6r9ipf0,lvi4n41u,-0.0035039457,"COVID – 19 impacts cities, culture and society",Pflegen kann jede*r!
7qvs4u3h,fxrsgieg,-0.00341276,Clinical manifestations of blood cell parameters and inflammatory factors in 92 patients with COVID-19.,COVID-19: Was Rheumapatienten jetzt wissen sollten
bhimxnxq,z2ulnfop,-0.003375759,Serological characteristics of COVID-19 patients.,Fakten auf einen Blick
feyodvgf,fxrsgieg,-0.003342797,Comparative aspects and aetiology,COVID-19: Was Rheumapatienten jetzt wissen sollten
lvi4n41u,fhhhp1lm,-0.0033157987,Pflegen kann jede*r!,A-83 Neuropsychological Outcomes in Two COVID-19 Patients
utihmwb4,fxrsgieg,-0.0032880886,Disinfection Policies in Hospitals and the Community,COVID-19: Was Rheumapatienten jetzt wissen sollten
atva6mfp,awlbyl7t,-0.0031292168,COVID-19-Forschungsdaten leichter zugänglich machen – Aufbau einer bundesweiten Informationsinfrastruktur,P5‐23: Neurological complications of patients with COVID‐19
fhhhp1lm,z2ulnfop,-0.0031122249,A-83 Neuropsychological Outcomes in Two COVID-19 Patients,Fakten auf einen Blick
fxrsgieg,bnto2xy7,-0.0031114656,COVID-19: Was Rheumapatienten jetzt wissen sollten,COVID‐19 vaccination in children and university students
4wcf4z93,js8z48f2,-0.003075947,Acknowledgement to Referees: Acknowledgement to Referees,"""Die Hautsache ist unsere Hauptsache"": 51. DDG-Tagung hebt interaktiven Austausch auf ein neues Niveau"
3ae1hs6m,fxrsgieg,-0.0030579583,"Antibodies: Friends, Foes, or Both? Lessons From COVID-19 for the Rheumatologist",COVID-19: Was Rheumapatienten jetzt wissen sollten
pr34lp1o,fxrsgieg,-0.0030557816,A study on the factors that influence the agility of COVID-19 hospitals,COVID-19: Was Rheumapatienten jetzt wissen sollten
p81l6zvz,ewl63b2i,-0.003025395,Systemische Immunsuppression in Zeiten von COVID‐19: Müssen wir umdenken?,Manufacturing Workers and Employers
lvi4n41u,288jryb4,-0.0029250989,Pflegen kann jede*r!,COVID-19 and the Future of Management Studies. Insights from Leading Scholars
lvi4n41u,w46n2qct,-0.0029131023,Pflegen kann jede*r!,Characteristics and outcomes of patients with cancer and COVID-19: results from a cohort study.
lvi4n41u,i1mkvyby,-0.0029059697,Pflegen kann jede*r!,"Opportunities, Challenges, and Future Trends"
2jfbc6qw,e69c9wyw,-0.0028883116,Teachers under stress during the COVID-19: cultural differences,Nutzen von Erfahrungswissen in Krisen. Zur These einer vermehrten Bezugnahme auf Geschichte in Krisenzeiten
lvi4n41u,l6kjtmzb,-0.0028601813,Pflegen kann jede*r!,COVID-19 and the Financial Health of US Hospitals
7yzn3rpr,77zkfwr7,-0.0028030137,Friends and enemies of humans and viruses,Masterplan Rohstoffe 2030 – Eine Rohstoffstrategie für Österreich
lvi4n41u,qgsuky4s,-0.00273025,Pflegen kann jede*r!,Extracting sentiments towards COVID-19 aspects
9yw7uphi,fxrsgieg,-0.0026880938,Case study on city-airports: Datasets and calculation models,COVID-19: Was Rheumapatienten jetzt wissen sollten
fu6ruwf0,e69c9wyw,-0.0026683547,Focus on fitness . . . and other stories,Nutzen von Erfahrungswissen in Krisen. Zur These einer vermehrten Bezugnahme auf Geschichte in Krisenzeiten
9sx519zf,mherdb4v,-0.002525307,Welche Schutzmaske schutzt vor COVID-19? Was ist evidenzbasiert?,Lessons for and from COVID‐19 for investors and their advisors
mherdb4v,s9qlcamb,-0.0025026381,Lessons for and from COVID‐19 for investors and their advisors,Finanzielle Hilfen für Vertragsärzte: Weitere KVen haben HVM-Änderungen ausgearbeitet
pqy4fvcf,fxrsgieg,-0.0024557542,Intersecting marginalities: International students’ struggles for ‘survival’ in COVID-19,COVID-19: Was Rheumapatienten jetzt wissen sollten
blt20o20,fxrsgieg,-0.0024300995,Risk factors for redetectable positivity in recovered COVID-19 children,COVID-19: Was Rheumapatienten jetzt wissen sollten
p9r3czzi,lvi4n41u,-0.0024150836,Academic Leadership in the Time of COVID-19—Experiences and Perspectives,Pflegen kann jede*r!
lvi4n41u,4a0hsmfk,-0.002405113,Pflegen kann jede*r!,"Contents of Volume 65, issues 1 and 2"
4v8lzz4b,fxrsgieg,-0.0023843485,"Distance Lectures in University Studies: Advantages, Disadvantages, Improvement",COVID-19: Was Rheumapatienten jetzt wissen sollten
4f6xunsg,s9qlcamb,-0.0023443846,Health in a changing world.,Finanzielle Hilfen für Vertragsärzte: Weitere KVen haben HVM-Änderungen ausgearbeitet
lvi4n41u,fad7llsg,-0.0023328392,Pflegen kann jede*r!,"Politics, economy, and health: lessons from COVID-19."
blqner0t,ewl63b2i,-0.0023051489,"""Von einer COVID-19-Booster-Impfung wird jeder profitieren""",Manufacturing Workers and Employers
0yqzvzap,s9qlcamb,-0.0022457533,Opportunities and challenges for promoting health in a changing world,Finanzielle Hilfen für Vertragsärzte: Weitere KVen haben HVM-Änderungen ausgearbeitet
ndf0phxc,s9qlcamb,-0.002227868,Face-to-face delivery this week;online the next: a reflection,Finanzielle Hilfen für Vertragsärzte: Weitere KVen haben HVM-Änderungen ausgearbeitet
vur1c2nf,q5v3w8rm,-0.0022163338,Communicating With Patients and Families During COVID-19,Das Stethoskop bleibt wichtig — auch in COVID-19-Zeiten: Kein Auslaufmodell
fxrsgieg,hqiehxb9,-0.0021857629,COVID-19: Was Rheumapatienten jetzt wissen sollten,Characteristics and quality of nursing homes reporting COVID‐19 admissions from hospitals
4wcf4z93,7cppwix0,-0.0021393057,Acknowledgement to Referees: Acknowledgement to Referees,Bedeutung von Citicolin bei der Glaukomerkrankung
2uwvbgzx,fxrsgieg,-0.0021028756,Phylogeny matters: revisiting ‘a comparison of bats and rodents as reservoirs of zoonotic viruses’,COVID-19: Was Rheumapatienten jetzt wissen sollten
2nrqqpmn,s9qlcamb,-0.0020148405,Primary and home care at the end of life in the COVID-19's time,Finanzielle Hilfen für Vertragsärzte: Weitere KVen haben HVM-Änderungen ausgearbeitet
lvi4n41u,18f00tlh,-0.0019743587,Pflegen kann jede*r!,Report of the 2021 meeting of the International Society of Protistologists
dcj919r8,fxrsgieg,-0.0019726348,Enteroviruses and coronaviruses: similarities and therapeutic targets,COVID-19: Was Rheumapatienten jetzt wissen sollten
g2hfbr7e,fxrsgieg,-0.0019421323,Comparison of COVID-19 Case-Fatality-Rates by SocioDemographic Factors,COVID-19: Was Rheumapatienten jetzt wissen sollten
lvi4n41u,daj14mp9,-0.0019410113,Pflegen kann jede*r!,Safety Events in Children's Hospitals During the COVID-19 Pandemic.
fxrsgieg,ixnscpqv,-0.0019175012,COVID-19: Was Rheumapatienten jetzt wissen sollten,Major advances in neuroinfectious diseases in the past two decades
fxrsgieg,ndzft9az,-0.0018944773,COVID-19: Was Rheumapatienten jetzt wissen sollten,Hematological parameters- as mortality predictors in COVID-19 patients
rx1z4orm,fxrsgieg,-0.0018345936,An Overview of Antimicrobial Properties of Different Classes of Phytochemicals,COVID-19: Was Rheumapatienten jetzt wissen sollten
fxrsgieg,yxqva9xi,-0.0017849791,COVID-19: Was Rheumapatienten jetzt wissen sollten,Predictors of contracting COVID-19 in nursing homes: Implications for clinical practice.
lvi4n41u,q4cynx35,-0.0017530727,Pflegen kann jede*r!,[Impact of COVID-19 on children and their families]
s6unh19n,f8hdn7ry,-0.0016922557,Clinical and laboratory findings of COVID-19,Auf alles gefasst sein
3du9hec1,fxrsgieg,-0.0016660756,Key factors in the contingency plan for COVID-19 during the Magal celebration in 2020,COVID-19: Was Rheumapatienten jetzt wissen sollten
lvi4n41u,hqiehxb9,-0.0016627188,Pflegen kann jede*r!,Characteristics and quality of nursing homes reporting COVID‐19 admissions from hospitals
73k939q5,fxrsgieg,-0.0016614189,Developmental Manifestations of Grief in Children and Adolescents: Caregivers as Key Grief Facilitators,COVID-19: Was Rheumapatienten jetzt wissen sollten
lvi4n41u,lnpgh5ls,-0.0016482591,Pflegen kann jede*r!,Impact of COVID-19 on financial performance of logistics firms: evidence from G-20 countries
fxrsgieg,ilvhycqs,-0.0016276488,COVID-19: Was Rheumapatienten jetzt wissen sollten,The influence of COVID-19 on routine hematological parameters of hospitalized patients
vur1c2nf,z2ulnfop,-0.001578291,Communicating With Patients and Families During COVID-19,Fakten auf einen Blick
ev26bd1v,fxrsgieg,-0.0014476122,Discovering changes in birthing narratives during COVID-19,COVID-19: Was Rheumapatienten jetzt wissen sollten
6mc4zg7g,l6754c29,-0.0014433241,Viele Sonderregelungen gelten weiter,Features of α‐HBDH in COVID‐19 patients: A cohort study
6mc4zg7g,az2pgmkj,-0.0014433241,Viele Sonderregelungen gelten weiter,Features of α-HBDH in COVID-19 patients: A cohort study
3wopb3vk,atva6mfp,-0.0013772603,Factors predicting readmission in patients with COVID-19,COVID-19-Forschungsdaten leichter zugänglich machen – Aufbau einer bundesweiten Informationsinfrastruktur
lvi4n41u,z7oqxcd3,-0.001346018,Pflegen kann jede*r!,Key opinion leaders — a critical perspective
lvi4n41u,6r08pv8l,-0.0013252674,Pflegen kann jede*r!,"Experiences and projections for the future of research, training and other academic activities: Will it be the same?"
3wopb3vk,fxrsgieg,-0.0013053984,Factors predicting readmission in patients with COVID-19,COVID-19: Was Rheumapatienten jetzt wissen sollten
rj7egrdj,fxrsgieg,-0.0012983761,"Covid-19 in adults and children, symptoms and treatment",COVID-19: Was Rheumapatienten jetzt wissen sollten
vur1c2nf,ey7zhmtu,-0.0012791237,Communicating With Patients and Families During COVID-19,Akupunktur Auch in Covid-19-Zeiten eine Sichere Sache!
lvi4n41u,fznj1w28,-0.001244524,Pflegen kann jede*r!,COVID-19 disruption on college students: Academic and socioemotional implications.
6mc4zg7g,4wcf4z93,-0.001204874,Viele Sonderregelungen gelten weiter,Acknowledgement to Referees: Acknowledgement to Referees
wravhq6b,fxrsgieg,-0.001195376,[Epidemiological characteristics of COVID-19 cases in the Almería health district.],COVID-19: Was Rheumapatienten jetzt wissen sollten
6gng098s,s9qlcamb,-0.0011837186,One world--one health.,Finanzielle Hilfen für Vertragsärzte: Weitere KVen haben HVM-Änderungen ausgearbeitet
uyt9b9z3,s9qlcamb,-0.0011230933,The Far Right: Formidable but Not Unbeatable,Finanzielle Hilfen für Vertragsärzte: Weitere KVen haben HVM-Änderungen ausgearbeitet
a63zu69z,fxrsgieg,-0.001107207,SOCE in the cardiomyocyte: the secret is in the chambers,COVID-19: Was Rheumapatienten jetzt wissen sollten
y76h5hht,fxrsgieg,-0.001057017,Ivermectin buyers clubs,COVID-19: Was Rheumapatienten jetzt wissen sollten
0uvo27vg,s9qlcamb,-0.00105487,Moving to the Top of the Pyramid (Again!).,Finanzielle Hilfen für Vertragsärzte: Weitere KVen haben HVM-Änderungen ausgearbeitet
m50c6jz1,s9qlcamb,-0.00105487,Moving to the Top of the Pyramid (Again!),Finanzielle Hilfen für Vertragsärzte: Weitere KVen haben HVM-Änderungen ausgearbeitet
9gmsihcg,4wcf4z93,-0.0010313569,"""Immer bereit sein, die Extrameile zu gehen""",Acknowledgement to Referees: Acknowledgement to Referees
mb2uirm8,lvi4n41u,-0.0009796388,The Road Towards 6G: A Comprehensive Survey,Pflegen kann jede*r!
f92j2gzl,fxrsgieg,-0.0009722642,Recommending COVID-19 Vaccines to Patients: Practice and Concerns of Frontline Family Doctors,COVID-19: Was Rheumapatienten jetzt wissen sollten
s9qlcamb,cqp5ipq9,-0.0009628075,Finanzielle Hilfen für Vertragsärzte: Weitere KVen haben HVM-Änderungen ausgearbeitet,Exploring the Face-to-Face: Revisiting Patient-Doctor Relationships in a Time of Expanding Telemedicine.
pqy4fvcf,lvi4n41u,-0.0009365996,Intersecting marginalities: International students’ struggles for ‘survival’ in COVID-19,Pflegen kann jede*r!
5b7at0ye,fxrsgieg,-0.00092167204,Neurological Manifestations of COVID-19 in Children.,COVID-19: Was Rheumapatienten jetzt wissen sollten
u6mj39g6,fxrsgieg,-0.00089064834,Public Health Is Women’s Health,COVID-19: Was Rheumapatienten jetzt wissen sollten
it7friew,ewl63b2i,-0.00088177185,Vernachlässigen Sie Ihre Hauterkrankung nicht!,Manufacturing Workers and Employers
icohhds0,s9qlcamb,-0.0008479716,"FAIR Geovisualizations: Definitions, Challenges, and the Road Ahead",Finanzielle Hilfen für Vertragsärzte: Weitere KVen haben HVM-Änderungen ausgearbeitet
jpa07xua,z2ulnfop,-0.0008432811,Generational differences in beliefs about COVID-19 vaccines,Fakten auf einen Blick
ix8plvil,zmjzvihk,-0.0008415973,Kritische Stellungnahme zu einigen Empfehlungen der neuen deutschen S3-Sepsisleitlinie,Masked Faces with Faced Masks
yokg38li,fxrsgieg,-0.00083031616,Point of Care Sensors for Infectious Pathogens.,COVID-19: Was Rheumapatienten jetzt wissen sollten
fxrsgieg,arfrsjo3,-0.0008123981,COVID-19: Was Rheumapatienten jetzt wissen sollten,Factors influencing sustainability and scale-up of rural primary healthcare memory clinics: perspectives of clinic team members
fxrsgieg,r8zqmgp9,-0.00080791546,COVID-19: Was Rheumapatienten jetzt wissen sollten,Teaching Chemistry Labs from a Distance
ibe4514b,s9qlcamb,-0.00077554194,Job Demands and Job Resources of Academics in Higher Education,Finanzielle Hilfen für Vertragsärzte: Weitere KVen haben HVM-Änderungen ausgearbeitet
a8y81836,s9qlcamb,-0.00073560764,"Understanding Technology, Changing the World",Finanzielle Hilfen für Vertragsärzte: Weitere KVen haben HVM-Änderungen ausgearbeitet
lvi4n41u,qx4mv8qc,-0.0007222482,Pflegen kann jede*r!,Future of Education or Present Reality?
h49yc42z,fxrsgieg,-0.00070501305,Barriers and drivers of environmental sustainability: Australian hotels,COVID-19: Was Rheumapatienten jetzt wissen sollten
tf0rkkx2,lvi4n41u,-0.0006634109,Managing the infodemic about COVID‐19: Strategies for clinicians and researchers,Pflegen kann jede*r!
s9qlcamb,69d22l7l,-0.0006603618,Finanzielle Hilfen für Vertragsärzte: Weitere KVen haben HVM-Änderungen ausgearbeitet,#Cardioonc: Are We Reaching Across the Digital Aisle?
nl512fhh,s9qlcamb,-0.00063881883,NASDAL: Prices hold up,Finanzielle Hilfen für Vertragsärzte: Weitere KVen haben HVM-Änderungen ausgearbeitet
s9qlcamb,of4811vw,-0.0005669066,Finanzielle Hilfen für Vertragsärzte: Weitere KVen haben HVM-Änderungen ausgearbeitet,One World One Health: Widening horizons
7zrrxchi,lvi4n41u,-0.0005595858,"[COVID-19, impact on residents and caregivers].",Pflegen kann jede*r!
s9qlcamb,ipu7igjp,-0.00045430972,Finanzielle Hilfen für Vertragsärzte: Weitere KVen haben HVM-Änderungen ausgearbeitet,[COVID-19 from the nephrologist's point of view].
z2ulnfop,yvgzkt8a,-0.00043996263,Fakten auf einen Blick,"Journals, Academics, and Pandemics"
lvi4n41u,6l8ty6oi,-0.00043387167,Pflegen kann jede*r!,Public health measures for covid-19.
hekod41k,fxrsgieg,-0.0004257702,Covid-19: virological aspects and pathogenesis,COVID-19: Was Rheumapatienten jetzt wissen sollten
lvi4n41u,w5bhplr8,-0.00038515488,Pflegen kann jede*r!,An examination of comparative perspectives on international internships
lvi4n41u,l705no5s,-0.0002582606,Pflegen kann jede*r!,Academic Coaching of Medical Students During COVID-19
f7zh9gl8,fxrsgieg,-0.00022278835,Syndemics in Symbiotic Cities: Pathogenic Policy and the Production of Health Inequity across Borders.,COVID-19: Was Rheumapatienten jetzt wissen sollten
8s6v1c9z,lvi4n41u,-0.00010848024,Representative Committees of Peers,Pflegen kann jede*r!
pnrdyu5f,s9qlcamb,-9.495453e-05,Keeping the Kids Home Increasing Concern for Others in Times of Crisis,Finanzielle Hilfen für Vertragsärzte: Weitere KVen haben HVM-Änderungen ausgearbeitet
fxrsgieg,wbaidffe,-8.427625e-05,COVID-19: Was Rheumapatienten jetzt wissen sollten,Fishing over the millennia: zooarchaeological perspectives
t4nf89me,lvi4n41u,-3.8554976e-05,An exploratory assessment of the educational practices during COVID-19,Pflegen kann jede*r!
o6y7tpod,atva6mfp,-3.335942e-05,Thank You Note to all our 2021 Reviewers,COVID-19-Forschungsdaten leichter zugänglich machen – Aufbau einer bundesweiten Informationsinfrastruktur
gjlrsy91,lvi4n41u,-3.257922e-05,Science advisers around the world on 2020,Pflegen kann jede*r!
mr2nkucx,s9qlcamb,-8.186228e-06,Balancing Risks in the Time of COVID-19,Finanzielle Hilfen für Vertragsärzte: Weitere KVen haben HVM-Änderungen ausgearbeitet
s9qlcamb,ei254ds7,-8.186228e-06,Finanzielle Hilfen für Vertragsärzte: Weitere KVen haben HVM-Änderungen ausgearbeitet,Balancing Risks in the Time of COVID-19.
lvi4n41u,ywltmx88,9.48055e-05,Pflegen kann jede*r!,Outcomes Following Lvad Implantation In Covid-19 Patients
uiyig136,ewl63b2i,0.00010293478,Schneller Ausstieg oder bedachte Lockerung?: Zur Zukunft von Kontaktbeschränkungen in der COVID-19-Krise,Manufacturing Workers and Employers
nwarzbzf,lvi4n41u,0.00023574523,Residency training experiences of residents with children: A phenomenological study,Pflegen kann jede*r!
6mc4zg7g,ewl63b2i,0.00029403265,Viele Sonderregelungen gelten weiter,Manufacturing Workers and Employers
ukmcfezh,lvi4n41u,0.00033109027,The Major Macrosocial Trends,Pflegen kann jede*r!
lvi4n41u,1qpwoocs,0.00036746607,Pflegen kann jede*r!,Understanding employees’ responses to the COVID‐19 pandemic: The attractiveness of healthcare jobs
lvi4n41u,k0l08i97,0.00037033114,Pflegen kann jede*r!,Expanding the Curriculum in a School of Public Health
tosykfsp,atva6mfp,0.0004065604,Neurological complications in critical patients with COVID-19,COVID-19-Forschungsdaten leichter zugänglich machen – Aufbau einer bundesweiten Informationsinfrastruktur
rlqdkkk4,4wcf4z93,0.00046973466,Alkoholbezogene Störungen: Gedanken zur neuen Leitlinie,Acknowledgement to Referees: Acknowledgement to Referees
nyr16yja,fxrsgieg,0.00048785206,Telementoring of Healthcare Teams in the Care of Miners,COVID-19: Was Rheumapatienten jetzt wissen sollten
lvi4n41u,lcs8io8c,0.0005411109,Pflegen kann jede*r!,Hurdles and Opportunities for Women Career in Startups
0tkddigq,fxrsgieg,0.00057373446,Risk Factors Associated with Nursing Home COVID-19 Outbreaks: A Retrospective Cohort Study,COVID-19: Was Rheumapatienten jetzt wissen sollten
fxrsgieg,g4w2mvsn,0.0006926045,COVID-19: Was Rheumapatienten jetzt wissen sollten,Clinical characteristics and risk factors for COVID-19-associated Candidemia.
lvi4n41u,p8ze84bo,0.0007145598,Pflegen kann jede*r!,Are health behaviors associated with academic performance among tertiary education students? A systematic review of cohort studies.
lvi4n41u,kvt3t5ud,0.00079350034,Pflegen kann jede*r!,Theories of Postdigital Heterogeneity: Implications for Research on Education and Datafication
3du9hec1,lvi4n41u,0.00081046706,Key factors in the contingency plan for COVID-19 during the Magal celebration in 2020,Pflegen kann jede*r!
lvi4n41u,xg5rciux,0.00083646557,Pflegen kann jede*r!,Celebrating 180 years of financial services
qo30oajs,z2ulnfop,0.00084006926,Glucocorticoids (as an Etiologic Factor),Fakten auf einen Blick
fxrsgieg,vvqp4csj,0.0008573225,COVID-19: Was Rheumapatienten jetzt wissen sollten,Coaching Resistance Bands Training for Children during COVID-19
fxrsgieg,iemqi6ou,0.0009253384,COVID-19: Was Rheumapatienten jetzt wissen sollten,Sociodemographic Characteristics and Risk Factors for Childhood Poisoning Reported by Parents at a Tertiary Care Teaching Hospital
lvi4n41u,kpkindb8,0.0010005292,Pflegen kann jede*r!,A Review of Catastrophic Risks for Life Insurers
fxrsgieg,swwvulln,0.001036581,COVID-19: Was Rheumapatienten jetzt wissen sollten,Agricultural Stakeholders' Perceptions of Occupational Health and Safety in the Southeastern U.S. Coastal States
lvi4n41u,me6y2fv5,0.0011453731,Pflegen kann jede*r!,Nurses and COVID-19 phenomenon: Challenges and consequences
lvi4n41u,ipu7igjp,0.0011735057,Pflegen kann jede*r!,[COVID-19 from the nephrologist's point of view].
trvwknfb,4wcf4z93,0.001179951,Impfung zur Vorbeugung der COVID-19-Erkrankung sowie Impfpriorisierung bei Epilepsie,Acknowledgement to Referees: Acknowledgement to Referees
idkv8ct6,s9qlcamb,0.0012476012,Improving adherence: It's complicated.,Finanzielle Hilfen für Vertragsärzte: Weitere KVen haben HVM-Änderungen ausgearbeitet
xo6wfinm,s9qlcamb,0.0012476012,Improving adherence: It's complicated,Finanzielle Hilfen für Vertragsärzte: Weitere KVen haben HVM-Änderungen ausgearbeitet
lvi4n41u,b6w186kd,0.0012500514,Pflegen kann jede*r!,Students’ perceptions on race in medical education and healthcare
auvfnrvc,fxrsgieg,0.0012800575,Welfare Costs of COVID-19: Evidence from U.S. Counties,COVID-19: Was Rheumapatienten jetzt wissen sollten
bhimxnxq,atva6mfp,0.0013062021,Serological characteristics of COVID-19 patients.,COVID-19-Forschungsdaten leichter zugänglich machen – Aufbau einer bundesweiten Informationsinfrastruktur
bzez9c5d,s9qlcamb,0.0013221491,COVID-19: A Closer Look at the MENABanking Sector,Finanzielle Hilfen für Vertragsärzte: Weitere KVen haben HVM-Änderungen ausgearbeitet
lvi4n41u,rrkvdh4n,0.0013488798,Pflegen kann jede*r!,The Effect of Distance Teaching Experiences on Educators' Attitudes toward Distance Education for Preschoolers
lvi4n41u,txgigz0f,0.001362304,Pflegen kann jede*r!,Patients visit to hospitals during covid-19
lvrrv9un,fxrsgieg,0.0014043484,"Sustainability, Business, and Health.",COVID-19: Was Rheumapatienten jetzt wissen sollten
e75n3n31,fxrsgieg,0.0014661953,Isolated zones and granulation of complex network systems,COVID-19: Was Rheumapatienten jetzt wissen sollten
9sx519zf,4wcf4z93,0.0014753905,Welche Schutzmaske schutzt vor COVID-19? Was ist evidenzbasiert?,Acknowledgement to Referees: Acknowledgement to Referees
naeuf9kl,lvi4n41u,0.00154176,Innovations in microinsurance research,Pflegen kann jede*r!
4wcf4z93,hl47p317,0.0015693916,Acknowledgement to Referees: Acknowledgement to Referees,Inhalatives Budesonid zur Therapie bei COVID-19
lvi4n41u,syv6don1,0.0015901776,Pflegen kann jede*r!,Healthcare information for all.
lvi4n41u,xetv4xb9,0.0015901776,Pflegen kann jede*r!,Healthcare information for all
xyzrcwlm,fxrsgieg,0.0016048799,Evaluation of Pupillometric Parameters in Patients with COVID-19.,COVID-19: Was Rheumapatienten jetzt wissen sollten
08q15u1y,fxrsgieg,0.0016462599,COVID 19 in Geriatric Patients in Vidharbha Region,COVID-19: Was Rheumapatienten jetzt wissen sollten
0cri8cpx,fxrsgieg,0.0016812772,Critical Care Transport of Patients With COVID-19,COVID-19: Was Rheumapatienten jetzt wissen sollten
s9qlcamb,xlqgrkid,0.0016971998,Finanzielle Hilfen für Vertragsärzte: Weitere KVen haben HVM-Änderungen ausgearbeitet,Making working from home work: reflections on adapting to change.
4wcf4z93,s3qtlt4o,0.0017199162,Acknowledgement to Referees: Acknowledgement to Referees,"Grundrechte in Zeiten von Corona : Zugleich Anmerkung zu BVerfG, Beschl. v. 7.4.2020 ­ 1 BvR 755/20"
lvi4n41u,4f2o4kpz,0.0017479795,Pflegen kann jede*r!,APICURON: a database to credit and acknowledge the work of biocurators
lvi4n41u,o1vxx739,0.0017757457,Pflegen kann jede*r!,World Investment Forum 2021: insights from the Academic Track and a future research agenda
4wcf4z93,o6hbtt4x,0.001810776,Acknowledgement to Referees: Acknowledgement to Referees,Vom Protest- zum Quarantänejahr: Neue Arenen der Konfliktaushandlung
2z1j7tfx,fxrsgieg,0.001837078,COVID-19 in schools: Mitigating classroom clusters in the context of variable transmission,COVID-19: Was Rheumapatienten jetzt wissen sollten
mherdb4v,pez6to2e,0.001881207,Lessons for and from COVID‐19 for investors and their advisors,Infektionsschutz: Wenn gegen Regeln verstoßen wird
fxrsgieg,dxu7cp6d,0.0018965711,COVID-19: Was Rheumapatienten jetzt wissen sollten,Shared Longitudinal Health Records for Clinical and Population Health
12nta6gx,fxrsgieg,0.0019258637,"The impact of COVID-19 on residents, relatives and staff in care homes",COVID-19: Was Rheumapatienten jetzt wissen sollten
lvi4n41u,eitceew2,0.0019615728,Pflegen kann jede*r!,Abstracts of the contributed papers
lvi4n41u,xrmkx4cc,0.0020741408,Pflegen kann jede*r!,Industry 5.0: Potential Applications in COVID-19
zn3xk5ls,fxrsgieg,0.0020770922,As close as possible to researchers and caregivers,COVID-19: Was Rheumapatienten jetzt wissen sollten
7zrrxchi,atva6mfp,0.0021052225,"[COVID-19, impact on residents and caregivers].",COVID-19-Forschungsdaten leichter zugänglich machen – Aufbau einer bundesweiten Informationsinfrastruktur
fhhhp1lm,fxrsgieg,0.0021115583,A-83 Neuropsychological Outcomes in Two COVID-19 Patients,COVID-19: Was Rheumapatienten jetzt wissen sollten
lvi4n41u,utihmwb4,0.002128065,Pflegen kann jede*r!,Disinfection Policies in Hospitals and the Community
lvi4n41u,vige30an,0.0021316193,Pflegen kann jede*r!,"School Principals’ Stress Profiles During COVID-19, Demands, and Resources"
frnpyq9c,fxrsgieg,0.0021536835,Factors Associated with the Development of Gastrointestinal Symptoms in Patients Hospitalized with Covid-19,COVID-19: Was Rheumapatienten jetzt wissen sollten
z2ulnfop,tbh2fwk5,0.0021607901,Fakten auf einen Blick,Secondary Transmission of COVID-19 in K-12 Schools: Findings From Two States
fxrsgieg,8m9u2mdy,0.0021852334,COVID-19: Was Rheumapatienten jetzt wissen sollten,Advances in Clinical Cardiology 2020: A Summary of Key Clinical Trials
p81l6zvz,mn0isuck,0.0023045351,Systemische Immunsuppression in Zeiten von COVID‐19: Müssen wir umdenken?,P5‐132: Rehabilitation interventions and tasks for patients with COVID‐19 in our hospital
fxrsgieg,03816vlq,0.0023521758,COVID-19: Was Rheumapatienten jetzt wissen sollten,Leadership Styles in Childcare Directors
ojtkitu2,d7rlj43k,0.0023572014,Urological issues in cyclists,Einladung zu einer Hybrid-Veranstaltung 2022
i85528l3,fxrsgieg,0.0023950445,Clinical course and risk factors for mortality from COVID-19 in patients with haematological malignancies.,COVID-19: Was Rheumapatienten jetzt wissen sollten
wud08mb0,fxrsgieg,0.0024361927,The Perception of Market and Economic Risks by Owners and Managers of Enterprises in the V4 Countries,COVID-19: Was Rheumapatienten jetzt wissen sollten
4wcf4z93,f8hdn7ry,0.0026148136,Acknowledgement to Referees: Acknowledgement to Referees,Auf alles gefasst sein
6m9s6eux,lvi4n41u,0.0027172577,Patient and public involvement in numerical aspects of trials (PoINT): exploring patient and public partners experiences and identifying stakeholder priorities,Pflegen kann jede*r!
w5w710np,fxrsgieg,0.0027235593,Viewing the US presidential electoral map through the lens of public health,COVID-19: Was Rheumapatienten jetzt wissen sollten
uzs39gx1,fxrsgieg,0.0027732602,Care for caregivers- a mission for primary care,COVID-19: Was Rheumapatienten jetzt wissen sollten
fxrsgieg,qh0g5rfh,0.002792483,COVID-19: Was Rheumapatienten jetzt wissen sollten,Prioritizing Multidimensional Interdependent Factors Influencing COVID‐19 Risk
lvi4n41u,fg3cxflr,0.0028283882,Pflegen kann jede*r!,The Current State of Journal Clubs in Psychiatry Residency Programs: Results from a National Survey of Program Directors
lvi4n41u,qrmlw9jv,0.0028393727,Pflegen kann jede*r!,The Experience of International Students and Institutional Recommendations: A Comparison Between the Students From the Developing and Developed Regions
en4z438f,fxrsgieg,0.0028509763,"Geography, generalisability, and susceptibility in clinical trials",COVID-19: Was Rheumapatienten jetzt wissen sollten
cm8x5wbj,lvi4n41u,0.0029282845,The Challenges and Rewards of Teledentistry.,Pflegen kann jede*r!
lvi4n41u,hmbkjpto,0.0030095642,Pflegen kann jede*r!,COVID-19 in children: Considerations for returning to school()
lvi4n41u,iy8zm3fg,0.0030095642,Pflegen kann jede*r!,COVID-19 in children: considerations for returning to school
xeex87xc,fxrsgieg,0.0030115268,Creating an attractive workplace for current and potential hospital employees,COVID-19: Was Rheumapatienten jetzt wissen sollten
lvi4n41u,ysgg0jmq,0.0030121992,Pflegen kann jede*r!,CMAJ 2011 election survey: public health.
jkurv2sr,lvi4n41u,0.0030210016,Medical students' perceptions and motivations during the COVID-19 pandemic,Pflegen kann jede*r!
lvi4n41u,nv6lp5m9,0.0030344639,Pflegen kann jede*r!,THE IMPLICATIONS OF COVID-19 VACCINATION ON HOSPITALIZATIONS AND CLINICAL OUTCOMES
3du9hec1,s9qlcamb,0.0030626364,Key factors in the contingency plan for COVID-19 during the Magal celebration in 2020,Finanzielle Hilfen für Vertragsärzte: Weitere KVen haben HVM-Änderungen ausgearbeitet
lvi4n41u,5ccysnp4,0.0030723233,Pflegen kann jede*r!,Working from home in times of COVID-19: Health benefits and risks
zwmsahpe,fxrsgieg,0.0030935581,Neurological symptoms and findings in COVID-19: a prospective clinical study.,COVID-19: Was Rheumapatienten jetzt wissen sollten
w6vbc2ak,fxrsgieg,0.0030956552,"COVID-19 in childhood: Transmission, clinical presentation, complications and risk factors",COVID-19: Was Rheumapatienten jetzt wissen sollten
z2ulnfop,x6z49rxc,0.0031025817,Fakten auf einen Blick,"Inflation Expectations in the U.S.: Linking Markets, Households, and Businesses"
6h2blgqj,fxrsgieg,0.0031082525,"Christianity, Family, Students, and COVID-19",COVID-19: Was Rheumapatienten jetzt wissen sollten
eanf9jpu,fxrsgieg,0.0031458805,Factors influencing nurses’ intention to care for patients with COVID-19: Focusing on positive psychological capital and nursing professionalism,COVID-19: Was Rheumapatienten jetzt wissen sollten
lvi4n41u,fxq2ei42,0.0031993783,Pflegen kann jede*r!,Augmented reality in medical education: students’ experiences and learning outcomes
lvi4n41u,eartzb9c,0.0032202716,Pflegen kann jede*r!,Identifying Associations between Quality Initiatives and Quality Measures among Home Health Agencies: Findings from a National Study.
z4mz5i7w,fxrsgieg,0.0032663462,Mitigating COVID-19 outbreaks in workplaces and schools by hybrid telecommuting,COVID-19: Was Rheumapatienten jetzt wissen sollten
pnrdyu5f,fxrsgieg,0.0032741958,Keeping the Kids Home Increasing Concern for Others in Times of Crisis,COVID-19: Was Rheumapatienten jetzt wissen sollten
izlpz4qn,avobcnzk,0.0032846553,Risk Factors for Mortality of COVID-19 Patients,Neue Impfempfehlungen - auch zu COVID-19
96k16ygd,s9qlcamb,0.003369007,Chapter 5: Judging Women,Finanzielle Hilfen für Vertragsärzte: Weitere KVen haben HVM-Änderungen ausgearbeitet
w9ka0xq1,s9qlcamb,0.0034128383,Covid-19 in children – what is known so far,Finanzielle Hilfen für Vertragsärzte: Weitere KVen haben HVM-Änderungen ausgearbeitet
p81l6zvz,5229e2lj,0.0034343048,Systemische Immunsuppression in Zeiten von COVID‐19: Müssen wir umdenken?,Challenges and Future Directions
lvi4n41u,89zf41xr,0.0034592736,Pflegen kann jede*r!,Health policy implications of the links between cardiovascular risk and COVID-19
q4cynx35,fxrsgieg,0.003460444,[Impact of COVID-19 on children and their families],COVID-19: Was Rheumapatienten jetzt wissen sollten
ctowz2j8,fxrsgieg,0.0034676304,Characteristics and considerations in the medical treatment of COVID‐19 in children,COVID-19: Was Rheumapatienten jetzt wissen sollten
fxrsgieg,0bkskibk,0.0034776707,COVID-19: Was Rheumapatienten jetzt wissen sollten,Human Bocavirus in Children
tgqy3jdu,fxrsgieg,0.0034952445,"Risk Factors Prediction, Clinical Outcomes and Mortality of COVID-19 Patients",COVID-19: Was Rheumapatienten jetzt wissen sollten
23c0z43b,s9qlcamb,0.0035218357,Constructive debate: A task for all pharmacy leaders,Finanzielle Hilfen für Vertragsärzte: Weitere KVen haben HVM-Änderungen ausgearbeitet
vb805p9l,fxrsgieg,0.0035236133,Sustainability Risk Management of Firms,COVID-19: Was Rheumapatienten jetzt wissen sollten
6l8ty6oi,fxrsgieg,0.0035519602,Public health measures for covid-19.,COVID-19: Was Rheumapatienten jetzt wissen sollten
lvi4n41u,96k16ygd,0.0035659848,Pflegen kann jede*r!,Chapter 5: Judging Women
lvi4n41u,2bp6iaih,0.003599669,Pflegen kann jede*r!,"Pandemics, Protests and Firearms"
e34033vv,fxrsgieg,0.00360323,Clinical and microbiological assessments of COVID-19 in healthcare workers: a prospective longitudinal study,COVID-19: Was Rheumapatienten jetzt wissen sollten
z2ulnfop,2dj7xxq3,0.003606163,Fakten auf einen Blick,Legal Aspects of Biosecurity
tatzkeni,e69c9wyw,0.0036497964,"Market prices, analysts' predictions, and Covid19",Nutzen von Erfahrungswissen in Krisen. Zur These einer vermehrten Bezugnahme auf Geschichte in Krisenzeiten
lvi4n41u,vqxdudkb,0.0036546174,Pflegen kann jede*r!,A critical review of public-private partnerships in the COVID-19 pandemic: key themes and future research agenda
om8ztm54,lvi4n41u,0.0036665234,Public health significance of neuroticism.,Pflegen kann jede*r!
erfd06dk,fxrsgieg,0.0037035036,The relationship between hemogram parameters with clinical progress in COVID-19 patients,COVID-19: Was Rheumapatienten jetzt wissen sollten
977ekvz1,lvi4n41u,0.0037446516,COVID-19 y Education: teaching experiences and perspectives in higher education,Pflegen kann jede*r!
e69c9wyw,1953w02l,0.0037592761,Nutzen von Erfahrungswissen in Krisen. Zur These einer vermehrten Bezugnahme auf Geschichte in Krisenzeiten,Key Characteristics of Cardiovascular Toxicants
gkti1pc7,lvi4n41u,0.003864723,Economic Studies in Biosurveillance,Pflegen kann jede*r!
z2ulnfop,1953w02l,0.003886652,Fakten auf einen Blick,Key Characteristics of Cardiovascular Toxicants
fl06pd3t,e69c9wyw,0.003888932,COVID-19 in children: current evidence and key questions.,Nutzen von Erfahrungswissen in Krisen. Zur These einer vermehrten Bezugnahme auf Geschichte in Krisenzeiten
ngo0fyew,fxrsgieg,0.0038897453,From Individuals to Groups and Back: The Evolutionary Implications of Group Phenotypic Composition,COVID-19: Was Rheumapatienten jetzt wissen sollten
uiyig136,4wcf4z93,0.0039063194,Schneller Ausstieg oder bedachte Lockerung?: Zur Zukunft von Kontaktbeschränkungen in der COVID-19-Krise,Acknowledgement to Referees: Acknowledgement to Referees
lvi4n41u,o4l3kmes,0.003928492,Pflegen kann jede*r!,Public Health Across the Political Spectrum for All
zpwdsfh8,fxrsgieg,0.0039518946,Recent advances in immunoassays and biosensors for mycotoxins detection in feedstuffs and foods,COVID-19: Was Rheumapatienten jetzt wissen sollten
hp0lvhqu,s9qlcamb,0.003952779,Work during COVID-19: assessing the influence of job demands and resources on practical and psychological outcomes for employees,Finanzielle Hilfen für Vertragsärzte: Weitere KVen haben HVM-Änderungen ausgearbeitet
zbajalq2,fxrsgieg,0.0039956933,Neurological manifestations as prognostic factors in COVID-19: a retrospective cohort study,COVID-19: Was Rheumapatienten jetzt wissen sollten
y3vwrd7a,lvi4n41u,0.003996862,Family Caregivers’ Experiences and Changes in Caregiving Tasks During the COVID-19 Pandemic,Pflegen kann jede*r!
lvi4n41u,mq8tqnf0,0.004008828,Pflegen kann jede*r!,Threats to economic security of hotel and restaurant enterprises
1vom9gqt,fxrsgieg,0.004012586,Firearm Storage in US Households With Children: Findings From the 2021 National Firearm Survey,COVID-19: Was Rheumapatienten jetzt wissen sollten
turvp9t1,fxrsgieg,0.0040354785,Principles for clinical care of patients with COVID-19 on medical units.,COVID-19: Was Rheumapatienten jetzt wissen sollten
fj4emz50,fxrsgieg,0.0041930233,COVID-19 prevention in hotels: Ritualized host-guest interactions,COVID-19: Was Rheumapatienten jetzt wissen sollten
r8d9rctw,fxrsgieg,0.0042455695,The value of postmortem microbiology cultures.,COVID-19: Was Rheumapatienten jetzt wissen sollten
lvi4n41u,05y57i8u,0.0042568557,Pflegen kann jede*r!,Current Perspectives of Anticoagulation in Patients with COVID-19.
2eu3jzsh,fxrsgieg,0.004259566,Cross-Contamination on Atypical Surfaces and Venues in Food Service Environments,COVID-19: Was Rheumapatienten jetzt wissen sollten
0qkst1nb,s9qlcamb,0.0042817765,The market-shaping potential of a crisis,Finanzielle Hilfen für Vertragsärzte: Weitere KVen haben HVM-Änderungen ausgearbeitet
8vnpz7n3,lvi4n41u,0.004287071,"Educational Leadership, Technology and COVID-19: Exploring Observations, Challenges and Future Predictions (preprint)",Pflegen kann jede*r!
d4fex8km,lvi4n41u,0.004292757,COVID-19 International Evidence: Some Notable Puzzles,Pflegen kann jede*r!
fdjsgrfi,g37nuhpl,0.004336029,Descifrando la patogenia de la COVID-19,Neuroimaging Findings in Patients with COVID-19
tatzkeni,s9qlcamb,0.0043819244,"Market prices, analysts' predictions, and Covid19",Finanzielle Hilfen für Vertragsärzte: Weitere KVen haben HVM-Änderungen ausgearbeitet
gbqckz9h,fxrsgieg,0.0043970263,Health Care Workers’ Attitudes Toward Patients With COVID-19,COVID-19: Was Rheumapatienten jetzt wissen sollten
q0rnm4cg,s9qlcamb,0.004416026,What a Difference a Year Makes,Finanzielle Hilfen für Vertragsärzte: Weitere KVen haben HVM-Änderungen ausgearbeitet
p81l6zvz,fad7llsg,0.004470913,Systemische Immunsuppression in Zeiten von COVID‐19: Müssen wir umdenken?,"Politics, economy, and health: lessons from COVID-19."
h7wtvca0,fxrsgieg,0.004472826,ResearchPaper:EfficacyofMyofascialReleaseTherapy on the Cardiorespiratory Functions in Patients With COVID-19,COVID-19: Was Rheumapatienten jetzt wissen sollten
ojtkitu2,avobcnzk,0.00449479,Urological issues in cyclists,Neue Impfempfehlungen - auch zu COVID-19
lvi4n41u,kmz5yel9,0.004548765,Pflegen kann jede*r!,US veterans administration diabetes risk (VADR) national cohort: cohort profile
kris6sz6,lvi4n41u,0.0045521217,Factors associated with the perception of fear of COVID-19 in university students.,Pflegen kann jede*r!
8ibn072v,fxrsgieg,0.004580253,Identification of factors effecting Covid-19,COVID-19: Was Rheumapatienten jetzt wissen sollten
lvi4n41u,ihg2zuhq,0.004586351,Pflegen kann jede*r!,Risk factors for mortality in COVID-19 patients in a community teaching hospital
8ibn072v,z2ulnfop,0.0046982723,Identification of factors effecting Covid-19,Fakten auf einen Blick
uimuvuc9,lvi4n41u,0.0046993997,Evidence-Informed Policymaking,Pflegen kann jede*r!
ypxvc6x4,fxrsgieg,0.0047122072,The clinical characteristics and course of COVID-19 in hemodialysis patients.,COVID-19: Was Rheumapatienten jetzt wissen sollten
lvi4n41u,8ac1wvk3,0.0047171097,Pflegen kann jede*r!,COVID-19 Relief Assistance to Small Businesses: Issues and Policy Options
fxrsgieg,b5d032uv,0.004743903,COVID-19: Was Rheumapatienten jetzt wissen sollten,Contributions and Challenges in Health Lifestyles Research.
5229e2lj,fxrsgieg,0.004750735,Challenges and Future Directions,COVID-19: Was Rheumapatienten jetzt wissen sollten
m131v5fk,s9qlcamb,0.0047668335,Debate on the return to face-to-face classes in pandemic,Finanzielle Hilfen für Vertragsärzte: Weitere KVen haben HVM-Änderungen ausgearbeitet
9e3pnmaj,s9qlcamb,0.0048427903,Time for a clear national COVID-19 strategy,Finanzielle Hilfen für Vertragsärzte: Weitere KVen haben HVM-Änderungen ausgearbeitet
qdk2fap8,s9qlcamb,0.0048431563,Towards a Classification of Rough Set Bireducts,Finanzielle Hilfen für Vertragsärzte: Weitere KVen haben HVM-Änderungen ausgearbeitet
ifxv4qbo,fxrsgieg,0.004888614,[Clinical management of hospitalised patients with COVID-19].,COVID-19: Was Rheumapatienten jetzt wissen sollten
lvi4n41u,j2ngeaio,0.004902743,Pflegen kann jede*r!,Distance learning during the early stages of the COVID-19 pandemic: Examining K-12 students' and parents' experiences and perspectives
qo30oajs,fxrsgieg,0.0049080094,Glucocorticoids (as an Etiologic Factor),COVID-19: Was Rheumapatienten jetzt wissen sollten
7j1l9uxj,fxrsgieg,0.0049360176,"COVID-19 vaccine development: milestones, lessons and prospects",COVID-19: Was Rheumapatienten jetzt wissen sollten
lvi4n41u,51ufw19z,0.004968443,Pflegen kann jede*r!,Positive Perspectives of the Predicament of COVID-19
mdud7kl7,fxrsgieg,0.0050093895,BIOCHEMICAL ASPECTS OF SYMPTOMATIC TREATMENT IN PATIENTS WITH COVID-19 (REVIEW).,COVID-19: Was Rheumapatienten jetzt wissen sollten
mapmeugl,lvi4n41u,0.0050227353,Improvement Healthcare Projects: Meeting Healthcare and Technology Challenges,Pflegen kann jede*r!
lvi4n41u,8o7ebixz,0.0050627575,Pflegen kann jede*r!,Identification of the Most Critical Factors in Bankruptcy Prediction and Credit Classification of Companies
voofruqm,fxrsgieg,0.005095206,[Epidemiological analysis on a family cluster of COVID-19].,COVID-19: Was Rheumapatienten jetzt wissen sollten
bhimxnxq,lvi4n41u,0.0051275003,Serological characteristics of COVID-19 patients.,Pflegen kann jede*r!
1xsx4han,s9qlcamb,0.005127593,Low- and middle-income countries face up to COVID-19.,Finanzielle Hilfen für Vertragsärzte: Weitere KVen haben HVM-Änderungen ausgearbeitet
3gkjwo2y,fxrsgieg,0.0051467232,Ecological Traits Driving the Outbreaks and Emergence of Zoonotic Pathogens,COVID-19: Was Rheumapatienten jetzt wissen sollten
lvi4n41u,q1agthwf,0.0051491642,Pflegen kann jede*r!,Barriers and facilitators to establishing a national public health observatory.
lug1g1lc,s9qlcamb,0.0052362825,Strengthening Business Integrity in the Face of the COVID-19 Crisis,Finanzielle Hilfen für Vertragsärzte: Weitere KVen haben HVM-Änderungen ausgearbeitet
d0fxalbd,s9qlcamb,0.005299115,The COVID-19 Multifaceted Threat Scale,Finanzielle Hilfen für Vertragsärzte: Weitere KVen haben HVM-Änderungen ausgearbeitet
mherdb4v,z2ulnfop,0.005306702,Lessons for and from COVID‐19 for investors and their advisors,Fakten auf einen Blick
vb1wmf26,s9qlcamb,0.0053306646,How to Argue Well?,Finanzielle Hilfen für Vertragsärzte: Weitere KVen haben HVM-Änderungen ausgearbeitet
d6k1otz2,fxrsgieg,0.0053708134,The Different Facets of Triclocarban: A Review,COVID-19: Was Rheumapatienten jetzt wissen sollten
lvi4n41u,ugenpagq,0.005405369,Pflegen kann jede*r!,Exploring the representativeness of the M5 competition data
pozw4che,fxrsgieg,0.005406118,Reflections on Conducting Research From Home During COVID-19,COVID-19: Was Rheumapatienten jetzt wissen sollten
ukmcfezh,fxrsgieg,0.0054585217,The Major Macrosocial Trends,COVID-19: Was Rheumapatienten jetzt wissen sollten
s9qlcamb,qgsuky4s,0.0054952274,Finanzielle Hilfen für Vertragsärzte: Weitere KVen haben HVM-Änderungen ausgearbeitet,Extracting sentiments towards COVID-19 aspects
jl5igv5h,fxrsgieg,0.0054968013,Epidemiological Profile and Clinical Associations of Human Bocavirus and Other Human Parvoviruses,COVID-19: Was Rheumapatienten jetzt wissen sollten
bjo6hun1,lvi4n41u,0.0055055497,Scientists' lanes and headwinds.,Pflegen kann jede*r!
6peibscl,fxrsgieg,0.005510957,Clinical characteristics of 50 cases of suspected COVID-19 in Nanning,COVID-19: Was Rheumapatienten jetzt wissen sollten
s9qlcamb,j2535lik,0.005529202,Finanzielle Hilfen für Vertragsärzte: Weitere KVen haben HVM-Änderungen ausgearbeitet,"Facts Matter, Even in D.C"
vj5mufav,s9qlcamb,0.005577226,Real-time observations of the impact of COVID-19 on underwater noisea),Finanzielle Hilfen für Vertragsärzte: Weitere KVen haben HVM-Änderungen ausgearbeitet
3eb7ckjm,s9qlcamb,0.005595954,Making safety a priority,Finanzielle Hilfen für Vertragsärzte: Weitere KVen haben HVM-Änderungen ausgearbeitet
lvi4n41u,7t7spm21,0.005603345,Pflegen kann jede*r!,"COVID-19 Crisis and Telework: A Research Survey on Experiences, Expectations and Hopes"
ziashmgo,fxrsgieg,0.005604318,Women Heads of State and Covid-19 Policy Responses,COVID-19: Was Rheumapatienten jetzt wissen sollten
fxrsgieg,ipu7igjp,0.005623261,COVID-19: Was Rheumapatienten jetzt wissen sollten,[COVID-19 from the nephrologist's point of view].
milhclml,4wcf4z93,0.005642588,Ein Blick auf aktuelle Entwicklungen bei Blockchains und deren Auswirkungen auf den Energieverbrauch,Acknowledgement to Referees: Acknowledgement to Referees
z2ulnfop,hekod41k,0.0056544486,Fakten auf einen Blick,Covid-19: virological aspects and pathogenesis
p81l6zvz,hekod41k,0.005662226,Systemische Immunsuppression in Zeiten von COVID‐19: Müssen wir umdenken?,Covid-19: virological aspects and pathogenesis
5qbx5p6y,fxrsgieg,0.005721687,Factors influencing nursing students’ participatory behavior during COVID-19,COVID-19: Was Rheumapatienten jetzt wissen sollten
lvi4n41u,lm55pt80,0.0057375086,Pflegen kann jede*r!,Key pathways as therapeutic targets
lvi4n41u,b9luq2te,0.0057498636,Pflegen kann jede*r!,RemoteWork in Public Sector Organisations: Employees' Experiences in a Pandemic Context
e69c9wyw,x6z49rxc,0.0057744784,Nutzen von Erfahrungswissen in Krisen. Zur These einer vermehrten Bezugnahme auf Geschichte in Krisenzeiten,"Inflation Expectations in the U.S.: Linking Markets, Households, and Businesses"
lvi4n41u,u8pjs4iq,0.0058048246,Pflegen kann jede*r!,Imaging Findings in Four COVID-19 Patients.
lvi4n41u,8pvxrg4y,0.00586227,Pflegen kann jede*r!,E-learning challenges faced by learners in education institutions
td4prw2k,e69c9wyw,0.005937403,Should we be concerned about COVID‐19 with nonhuman primates?,Nutzen von Erfahrungswissen in Krisen. Zur These einer vermehrten Bezugnahme auf Geschichte in Krisenzeiten
jf57ylio,lvi4n41u,0.005940101,"COVID 19, Trade and Trade Policy",Pflegen kann jede*r!
lvi4n41u,57cli8i3,0.005947477,Pflegen kann jede*r!,Renegotiation in Debt Chains
e1ztoqwd,79hf1x4j,0.005972272,Infectious Agents as Potential Drivers of α-Synucleinopathies.,Sind durch COVID-19 (mehr) Patienten mit Hörverlust zu erwarten?
caa5x4bj,fxrsgieg,0.0060083196,Obesity: A Risk Factor for COVID-19,COVID-19: Was Rheumapatienten jetzt wissen sollten
fxrsgieg,ir1q7mtt,0.006033813,COVID-19: Was Rheumapatienten jetzt wissen sollten,Randomized Clinical Trials and COVID-19: Managing Expectations.
z7siebce,fxrsgieg,0.0060465545,Optimizing conservation in species-specific agricultural landscapes,COVID-19: Was Rheumapatienten jetzt wissen sollten
lvi4n41u,0tkddigq,0.006094369,Pflegen kann jede*r!,Risk Factors Associated with Nursing Home COVID-19 Outbreaks: A Retrospective Cohort Study
mrbhwibw,fxrsgieg,0.006112947,In-flight transmission cluster of COVID-19: a retrospective case series.,COVID-19: Was Rheumapatienten jetzt wissen sollten
r2iuazbz,lvi4n41u,0.006119722,Investigation of Parents’ Opinions About Distance Education During The COVID-19 Pandemic,Pflegen kann jede*r!
t51x3dof,fxrsgieg,0.0061528613,Psychosemantic research of students’ representations about distance education during COVID-19,COVID-19: Was Rheumapatienten jetzt wissen sollten
fxrsgieg,7j92yzcn,0.0061731385,COVID-19: Was Rheumapatienten jetzt wissen sollten,COVID-19: Clinical Trials and Potential Therapeutic Agents - A Narrative Review
s9qlcamb,gim73l6n,0.0061970395,Finanzielle Hilfen für Vertragsärzte: Weitere KVen haben HVM-Änderungen ausgearbeitet,The value of the impact factor should not be underestimated
p16h1a8t,fxrsgieg,0.0062026,Mosquitoes as Arbovirus Vectors: From Species Identification to Vector Competence,COVID-19: Was Rheumapatienten jetzt wissen sollten
lvi4n41u,a0qnn9e1,0.006219213,Pflegen kann jede*r!,Psychopathological profile in COVID-19 patients including healthcare workers: the implications.
mwahdi64,ewl63b2i,0.0062903306,Wichtig für Senioren: Impfschutz gegen Pneumokokken,Manufacturing Workers and Employers
4wcf4z93,zgojzaiw,0.0063021025,Acknowledgement to Referees: Acknowledgement to Referees,Zerebrale MRT zeigt typische COVID19-Befunde
lvi4n41u,xfwfdabv,0.0063069863,Pflegen kann jede*r!,Medical students' perceptions of an undergraduate research elective.
ytuhhiwf,s9qlcamb,0.0063305353,Perspectives: Research for all.,Finanzielle Hilfen für Vertragsärzte: Weitere KVen haben HVM-Änderungen ausgearbeitet
nfy7i7h1,s9qlcamb,0.006339539,Capital Markets: Revisiting Risk and Return in the Face of Uncertainty,Finanzielle Hilfen für Vertragsärzte: Weitere KVen haben HVM-Änderungen ausgearbeitet
lvi4n41u,kxxqgaaj,0.006363595,Pflegen kann jede*r!,Identifying Critical Infrastructure in a World with Network Cybersecurity Risk
s9qlcamb,wca81nyz,0.0063902745,Finanzielle Hilfen für Vertragsärzte: Weitere KVen haben HVM-Änderungen ausgearbeitet,Shielding from covid-19 should be stratified by risk.
7zrrxchi,e69c9wyw,0.006402474,"[COVID-19, impact on residents and caregivers].",Nutzen von Erfahrungswissen in Krisen. Zur These einer vermehrten Bezugnahme auf Geschichte in Krisenzeiten
kytxuewo,lvi4n41u,0.006464919,Recognition of Academic Emotions in Online Classes,Pflegen kann jede*r!
m0qwnpim,fxrsgieg,0.0064651147,"The COVID-19 Economy, Unemployment Insurance, and Population Health",COVID-19: Was Rheumapatienten jetzt wissen sollten
z2ulnfop,l6kjtmzb,0.006475809,Fakten auf einen Blick,COVID-19 and the Financial Health of US Hospitals
xldn2c8z,lvi4n41u,0.0064897775,Future trends and challenges in pathogenomics. A Foresight study.,Pflegen kann jede*r!
4ag88rqs,fxrsgieg,0.006490082,COVID-19 – Present Treatments and Other Options,COVID-19: Was Rheumapatienten jetzt wissen sollten
lvi4n41u,fh6o46hf,0.006491727,Pflegen kann jede*r!,Postelection Prospects for Expanding Health Care Coverage
fxrsgieg,x51vqd0m,0.006542067,COVID-19: Was Rheumapatienten jetzt wissen sollten,Carbapenem-resistant Enterobacteriaceae epidemiology in Veterans' Affairs medical centers varies by facility characteristics.
fxrsgieg,cqbqltum,0.0065573035,COVID-19: Was Rheumapatienten jetzt wissen sollten,Tackling diabetes care at a population level
lvi4n41u,8rs2f07v,0.006580392,Pflegen kann jede*r!,A Comparative Study of the Challenges and Obstacles Facing E-Learning During the COVID-19 Pandemic from the Perspectives of University Instructors and Students
8xaxnas0,fxrsgieg,0.00658999,Buschke-Löwenstein tumors: A series of 7 case reports,COVID-19: Was Rheumapatienten jetzt wissen sollten
s9qlcamb,3exvix5l,0.006642926,Finanzielle Hilfen für Vertragsärzte: Weitere KVen haben HVM-Änderungen ausgearbeitet,Looking Back on 9/11: Looking Forward to 2022
lvi4n41u,23k4r1lq,0.0066627613,Pflegen kann jede*r!,"COVID-19 and Management Education: Reflections on Challenges, Opportunities, and Potential Futures"
3wopb3vk,e69c9wyw,0.006673532,Factors predicting readmission in patients with COVID-19,Nutzen von Erfahrungswissen in Krisen. Zur These einer vermehrten Bezugnahme auf Geschichte in Krisenzeiten
lvi4n41u,cygh9mqz,0.0066755717,Pflegen kann jede*r!,An Observation of Healthcare Professions Students’ Perceptions During the COVID-19 Pandemic
s9qlcamb,lwsqc7vb,0.006718487,Finanzielle Hilfen für Vertragsärzte: Weitere KVen haben HVM-Änderungen ausgearbeitet,Factor analysis of the COVID-19 Perceived Risk Scale: A preliminary study.
fe82q2o1,zmjzvihk,0.0067193056,Pflegedienstleiter in einer besonderen Zeit,Masked Faces with Faced Masks
xy9o1egm,fxrsgieg,0.006727881,COVID-19 hospital prevalence as a risk factor for mortality: an observational study of a multistate cohort of 62 hospitals,COVID-19: Was Rheumapatienten jetzt wissen sollten
anpsijdd,s9qlcamb,0.0067285905,Subset neighborhood rough sets,Finanzielle Hilfen für Vertragsärzte: Weitere KVen haben HVM-Änderungen ausgearbeitet
izlpz4qn,s9qlcamb,0.0067384783,Risk Factors for Mortality of COVID-19 Patients,Finanzielle Hilfen für Vertragsärzte: Weitere KVen haben HVM-Änderungen ausgearbeitet
tkxx3y0x,fxrsgieg,0.0067438707,COVID-19: transport operation from an endemic area,COVID-19: Was Rheumapatienten jetzt wissen sollten
s9qlcamb,yopvo3gd,0.006751334,Finanzielle Hilfen für Vertragsärzte: Weitere KVen haben HVM-Änderungen ausgearbeitet,Changes in COVID-19-related outcomes and the impacts of the potential risk factors over time: a follow-up analysis
lvi4n41u,duouegzz,0.0067950874,Pflegen kann jede*r!,COVID-19 and informal work: Evidence from 11 cities
ulv8c2pg,fxrsgieg,0.0068118284,Management of critical care in covid-19 patients,COVID-19: Was Rheumapatienten jetzt wissen sollten
ex4z2b75,fxrsgieg,0.0068176296,COVID-19's unfortunate events in schools: mitigating classroom clusters in the context of variable transmission,COVID-19: Was Rheumapatienten jetzt wissen sollten
pez6to2e,ewl63b2i,0.006827323,Infektionsschutz: Wenn gegen Regeln verstoßen wird,Manufacturing Workers and Employers
lvi4n41u,pzs568h8,0.0068401643,Pflegen kann jede*r!,A Perspective on the State of the World's Nursing Report.
73k939q5,atva6mfp,0.006863787,Developmental Manifestations of Grief in Children and Adolescents: Caregivers as Key Grief Facilitators,COVID-19-Forschungsdaten leichter zugänglich machen – Aufbau einer bundesweiten Informationsinfrastruktur
lm55pt80,e69c9wyw,0.0069046053,Key pathways as therapeutic targets,Nutzen von Erfahrungswissen in Krisen. Zur These einer vermehrten Bezugnahme auf Geschichte in Krisenzeiten
tosykfsp,e69c9wyw,0.006915138,Neurological complications in critical patients with COVID-19,Nutzen von Erfahrungswissen in Krisen. Zur These einer vermehrten Bezugnahme auf Geschichte in Krisenzeiten
lvi4n41u,roz79g3x,0.0069295904,Pflegen kann jede*r!,Reports on the all 10 Consecutive On-Line Seminars in COVID-19
s9qlcamb,viz2iv66,0.0069525414,Finanzielle Hilfen für Vertragsärzte: Weitere KVen haben HVM-Änderungen ausgearbeitet,"Two Steps Forward, One Step Back"
atva6mfp,iycm98e0,0.006965932,COVID-19-Forschungsdaten leichter zugänglich machen – Aufbau einer bundesweiten Informationsinfrastruktur,Anticoagulation in Hospitalized Patients with Covid-19.
lvi4n41u,z9b7gb0s,0.0070900493,Pflegen kann jede*r!,Generalizability of COVID-19 Clinical Prediction Models
tgqy3jdu,z2ulnfop,0.007102536,"Risk Factors Prediction, Clinical Outcomes and Mortality of COVID-19 Patients",Fakten auf einen Blick
u2c7ylkj,s9qlcamb,0.007114571,"Looking into the past, living in the future",Finanzielle Hilfen für Vertragsärzte: Weitere KVen haben HVM-Änderungen ausgearbeitet
fxrsgieg,85bams1o,0.007124722,COVID-19: Was Rheumapatienten jetzt wissen sollten,Table of Contents: ChemBioEng Reviews 2/2015
c9zm8bl5,fxrsgieg,0.00714904,Road traffic injuries--a neglected pandemic.,COVID-19: Was Rheumapatienten jetzt wissen sollten
75vcf10l,lvi4n41u,0.0071493825,Barriers to the representation of researchers from developing countries in international health and potential strategies to address these.,Pflegen kann jede*r!
lvi4n41u,1j5z5g00,0.00716472,Pflegen kann jede*r!,Individual risk evaluation for landslides: key details
e15swxek,lvi4n41u,0.0072283833,Meeting the Challenges of COVID-19 at the Close of 2020,Pflegen kann jede*r!
lvi4n41u,ixnscpqv,0.007246993,Pflegen kann jede*r!,Major advances in neuroinfectious diseases in the past two decades
dgusluh2,s9qlcamb,0.0072473115,The So-What? Making Sense of It All,Finanzielle Hilfen für Vertragsärzte: Weitere KVen haben HVM-Änderungen ausgearbeitet
xhfmio7k,e69c9wyw,0.007250483,Can Bats Serve as Reservoirs for Arboviruses?,Nutzen von Erfahrungswissen in Krisen. Zur These einer vermehrten Bezugnahme auf Geschichte in Krisenzeiten
tatzkeni,fxrsgieg,0.0072752074,"Market prices, analysts' predictions, and Covid19",COVID-19: Was Rheumapatienten jetzt wissen sollten
caa5x4bj,s9qlcamb,0.0072825383,Obesity: A Risk Factor for COVID-19,Finanzielle Hilfen für Vertragsärzte: Weitere KVen haben HVM-Änderungen ausgearbeitet
lvi4n41u,iou6lovo,0.0073040654,Pflegen kann jede*r!,"Public Health Shock, Intervention Policies, and Health Behaviors: Evidence from COVID-19"
ois5rucs,atva6mfp,0.007335197,From the Guest Editors: Grief,COVID-19-Forschungsdaten leichter zugänglich machen – Aufbau einer bundesweiten Informationsinfrastruktur
a4a62yae,fxrsgieg,0.0073405444,The association between personality traits and hoarding behaviors,COVID-19: Was Rheumapatienten jetzt wissen sollten
lvi4n41u,vp459s2g,0.0073839645,Pflegen kann jede*r!,Community Health Workers And COVID-19.
me6y2fv5,fxrsgieg,0.007384749,Nurses and COVID-19 phenomenon: Challenges and consequences,COVID-19: Was Rheumapatienten jetzt wissen sollten
fxrsgieg,l6kjtmzb,0.007387911,COVID-19: Was Rheumapatienten jetzt wissen sollten,COVID-19 and the Financial Health of US Hospitals
zcpakbu2,fxrsgieg,0.0074089034,Clinical features and physiotherapy management for Covid-19 in children.,COVID-19: Was Rheumapatienten jetzt wissen sollten
1zovb0wo,s9qlcamb,0.007410425,Widening the scope of diversity,Finanzielle Hilfen für Vertragsärzte: Weitere KVen haben HVM-Änderungen ausgearbeitet
lvi4n41u,k9k9030a,0.0074160923,Pflegen kann jede*r!,[Immunoendocrinology - issues and challenges of today]
6nr1ux6n,fxrsgieg,0.0074329562,"Clinical characteristics, treatment, and prognosis in 89 cases of COVID-19/ 新型冠状病毒肺炎89例临床特征, 治疗及预后分析",COVID-19: Was Rheumapatienten jetzt wissen sollten
6cm89kn4,fxrsgieg,0.0074445037,Recent Articles in AATS Journals.,COVID-19: Was Rheumapatienten jetzt wissen sollten
fxrsgieg,v80f4t9n,0.0074687665,COVID-19: Was Rheumapatienten jetzt wissen sollten,Health Care Workers' Challenges in the Care of a COVID-19 Patient.
lvi4n41u,rg4o7t7l,0.007485209,Pflegen kann jede*r!,Outcomes of COVID-19 and risk factors in patients with cancer - a cohort study (preprint)
lvi4n41u,bprd3y7h,0.007498148,Pflegen kann jede*r!,A conversation on the effects of the COVID-19 pandemic on junior researchers' careers with funders and university leaders
lvi4n41u,rurrljcz,0.007540011,Pflegen kann jede*r!,"Funders' Efforts: Aging And Health, COVID-19."
fxrsgieg,r52j4fqq,0.0075747767,COVID-19: Was Rheumapatienten jetzt wissen sollten,Filoviruses in Bats: Current Knowledge and Future Directions
r2itxvyv,s9qlcamb,0.0075816205,"Science, society, and policy in the face of uncertainty: reflections on the debate around face coverings for the public during COVID-19",Finanzielle Hilfen für Vertragsärzte: Weitere KVen haben HVM-Änderungen ausgearbeitet
bhimxnxq,e69c9wyw,0.0076106074,Serological characteristics of COVID-19 patients.,Nutzen von Erfahrungswissen in Krisen. Zur These einer vermehrten Bezugnahme auf Geschichte in Krisenzeiten
49lfj4dl,lvi4n41u,0.0076485076,The public policy process,Pflegen kann jede*r!
4ag88rqs,lvi4n41u,0.0076606316,COVID-19 – Present Treatments and Other Options,Pflegen kann jede*r!
af3ojiob,79hf1x4j,0.0076689883,Cerebrovascular events in COVID-19 patients,Sind durch COVID-19 (mehr) Patienten mit Hörverlust zu erwarten?
fxrsgieg,2h2w9yi4,0.0076847505,COVID-19: Was Rheumapatienten jetzt wissen sollten,Inflammasomes and Pyroptosis as Therapeutic Targets for COVID-19.
lvi4n41u,nyr16yja,0.007688961,Pflegen kann jede*r!,Telementoring of Healthcare Teams in the Care of Miners
zdd8aq4t,fxrsgieg,0.0077090897,Treatment outcomes for COVID-19: a prospective cohort study,COVID-19: Was Rheumapatienten jetzt wissen sollten
anpsijdd,fxrsgieg,0.0077383025,Subset neighborhood rough sets,COVID-19: Was Rheumapatienten jetzt wissen sollten
z2ulnfop,ikp2z39k,0.0077442955,Fakten auf einen Blick,Variable importance scores
lvi4n41u,03816vlq,0.0077541913,Pflegen kann jede*r!,Leadership Styles in Childcare Directors
g0vyzsga,e69c9wyw,0.0077690454,Radiographic Findings and other Predictors in Adults with Covid-19,Nutzen von Erfahrungswissen in Krisen. Zur These einer vermehrten Bezugnahme auf Geschichte in Krisenzeiten
fxrsgieg,jbd3xf9l,0.0077764764,COVID-19: Was Rheumapatienten jetzt wissen sollten,Cities: Space/Time
vtgudna5,fxrsgieg,0.0077880714,Exploring Integrated Environmental Viral Surveillance of Indoor Environments: A comparison of surface and bioaerosol environmental sampling in hospital rooms with COVID-19 patients,COVID-19: Was Rheumapatienten jetzt wissen sollten
l705no5s,fxrsgieg,0.007797312,Academic Coaching of Medical Students During COVID-19,COVID-19: Was Rheumapatienten jetzt wissen sollten
lvi4n41u,5rdtjjtf,0.007814082,Pflegen kann jede*r!,Designing COVID-19 vaccine mandates in colleges and universities: a roadmap to the 10 key questions
9gv72pb9,fxrsgieg,0.007819865,Commercial truck drivers should be a priority population for COVID-19 vaccinations,COVID-19: Was Rheumapatienten jetzt wissen sollten
lvi4n41u,86oadatt,0.007827126,Pflegen kann jede*r!,Transferring interprofessional education concepts across sites – experiences and recommendations for practice
s9qlcamb,n5r2riut,0.007833017,Finanzielle Hilfen für Vertragsärzte: Weitere KVen haben HVM-Änderungen ausgearbeitet,Leading in challenging times.
fxrsgieg,fy0i2bwf,0.007838299,COVID-19: Was Rheumapatienten jetzt wissen sollten,The Baseline Characteristics of Patients with COVID-19 and Impact of Various Risk Factors on the Outcome of Patients Admitted in Tertiary Care Hospital
5gzvev4j,s9qlcamb,0.007851191,Predictability: Can the turning point and end of an expanding epidemic be precisely forecast?,Finanzielle Hilfen für Vertragsärzte: Weitere KVen haben HVM-Änderungen ausgearbeitet
9s1zrlz0,fxrsgieg,0.00789177,Supporting Small Businesses in Place,COVID-19: Was Rheumapatienten jetzt wissen sollten
p81l6zvz,2dj7xxq3,0.007931564,Systemische Immunsuppression in Zeiten von COVID‐19: Müssen wir umdenken?,Legal Aspects of Biosecurity
2htz7vwb,s9qlcamb,0.007934808,State of the Society: SNMMI Thrives Despite COVID-19 Challenges.,Finanzielle Hilfen für Vertragsärzte: Weitere KVen haben HVM-Änderungen ausgearbeitet
lvi4n41u,fnz77n20,0.00800258,Pflegen kann jede*r!,Performance of vaccination with CoronaVac in a cohort of healthcare workers (HCW) - preliminary report
wwkqziz1,fxrsgieg,0.008013179,Assessing the Relationship between Infection Citations and COVID-19 Infections in Nursing Homes,COVID-19: Was Rheumapatienten jetzt wissen sollten
lvi4n41u,dlrkeol3,0.00804078,Pflegen kann jede*r!,GPCR-ErbB transactivation pathways and clinical implications.
lvi4n41u,2zb2pfme,0.00808054,Pflegen kann jede*r!,University students' perspectives toward learning and assessment during COVID-19
s9qlcamb,u6npq9gz,0.008106101,Finanzielle Hilfen für Vertragsärzte: Weitere KVen haben HVM-Änderungen ausgearbeitet,Real-Time Debriefing After Critical Events: Exploring the Gap Between Principle and Reality
lvi4n41u,81cah6um,0.008120691,Pflegen kann jede*r!,Determinants of family entrepreneurship in the beekeeping sector
u7c63ipg,lvi4n41u,0.008123453,General discussion: Trends in emissions concentrations,Pflegen kann jede*r!
ezre84xu,e69c9wyw,0.008143532,"Borders, Immigrants, And Health",Nutzen von Erfahrungswissen in Krisen. Zur These einer vermehrten Bezugnahme auf Geschichte in Krisenzeiten
mwahdi64,4wcf4z93,0.008205459,Wichtig für Senioren: Impfschutz gegen Pneumokokken,Acknowledgement to Referees: Acknowledgement to Referees
x86fn7i6,fxrsgieg,0.0082327295,Epidemiological modelling in infectious diseases: stages and classification,COVID-19: Was Rheumapatienten jetzt wissen sollten
lvi4n41u,73k939q5,0.008236075,Pflegen kann jede*r!,Developmental Manifestations of Grief in Children and Adolescents: Caregivers as Key Grief Facilitators
awlbyl7t,e69c9wyw,0.008273523,P5‐23: Neurological complications of patients with COVID‐19,Nutzen von Erfahrungswissen in Krisen. Zur These einer vermehrten Bezugnahme auf Geschichte in Krisenzeiten
6ljb6f9n,fxrsgieg,0.008317439,Attention-based Gender Recognition on Masked Faces,COVID-19: Was Rheumapatienten jetzt wissen sollten
hsosbm16,s9qlcamb,0.008328991,"When online and face to face counseling work together: assessing the impact of blended or hybrid approaches, where clients move between face-to-face and online meetings",Finanzielle Hilfen für Vertragsärzte: Weitere KVen haben HVM-Änderungen ausgearbeitet
qcjhxlv4,s9qlcamb,0.008388254,Cultures of rejection in the Covid-19 crisis,Finanzielle Hilfen für Vertragsärzte: Weitere KVen haben HVM-Änderungen ausgearbeitet
9adg5zla,s9qlcamb,0.008430465,Communicating risk: patients often have complex understanding of risk.,Finanzielle Hilfen für Vertragsärzte: Weitere KVen haben HVM-Änderungen ausgearbeitet
p978n4hu,fxrsgieg,0.008438738,Experiences of interaction between teenage mothers and visiting nurses: a phenomenological study.,COVID-19: Was Rheumapatienten jetzt wissen sollten
lvi4n41u,6egi1dn8,0.008449968,Pflegen kann jede*r!,Insights into allergic risk factors from birth cohort studies
lvi4n41u,039lvql5,0.008500552,Pflegen kann jede*r!,Proposals and Territorial Concerns of the Geography Students Involved in the Project We Propose! 2019/20
2jfbc6qw,fxrsgieg,0.008507906,Teachers under stress during the COVID-19: cultural differences,COVID-19: Was Rheumapatienten jetzt wissen sollten
l705no5s,e69c9wyw,0.008520651,Academic Coaching of Medical Students During COVID-19,Nutzen von Erfahrungswissen in Krisen. Zur These einer vermehrten Bezugnahme auf Geschichte in Krisenzeiten
fxrsgieg,x5ek0gdc,0.0085377665,COVID-19: Was Rheumapatienten jetzt wissen sollten,2020 Crisis Preparedness Exercise with EFSA Focal Points & Observers
t2xmco07,fxrsgieg,0.008542519,Teleneuropsychology clinic development and patient satisfaction.,COVID-19: Was Rheumapatienten jetzt wissen sollten
wrpe2tbw,fxrsgieg,0.008580621,The Influence of Emotional Health on the Activity Characteristics of the Elderly and the Selection of Environmental Quality Factors in Residential Areas,COVID-19: Was Rheumapatienten jetzt wissen sollten
lume62xh,fxrsgieg,0.008580889,Tallying the Ancillary Consequences of COVID-19,COVID-19: Was Rheumapatienten jetzt wissen sollten
ydycgr3h,s9qlcamb,0.008601816,"Evidence does not make decisions, people do",Finanzielle Hilfen für Vertragsärzte: Weitere KVen haben HVM-Änderungen ausgearbeitet
fe82q2o1,c2io6utd,0.008605577,Pflegedienstleiter in einer besonderen Zeit,Employment Consequences of COVID-19 for People with Disabilities and Employers
mwahdi64,mherdb4v,0.008614663,Wichtig für Senioren: Impfschutz gegen Pneumokokken,Lessons for and from COVID‐19 for investors and their advisors
p5tkmmld,fxrsgieg,0.0086408425,Demographic profile and clinical characteristics of surgical patients operated in COVID-19 operation theater in a tertiary care hospital,COVID-19: Was Rheumapatienten jetzt wissen sollten
s9qlcamb,zgsmkppk,0.008660318,Finanzielle Hilfen für Vertragsärzte: Weitere KVen haben HVM-Änderungen ausgearbeitet,A most hazardous year
p1j1ffny,fxrsgieg,0.008681013,Complexity in balancing conservation and tourism in protected areas: Contemporary issues and beyond,COVID-19: Was Rheumapatienten jetzt wissen sollten
lvi4n41u,vb805p9l,0.008686213,Pflegen kann jede*r!,Sustainability Risk Management of Firms
12nta6gx,lvi4n41u,0.0086869905,"The impact of COVID-19 on residents, relatives and staff in care homes",Pflegen kann jede*r!
n2731fdz,s9qlcamb,0.008702518,Survey Findings of Challenges with Teleneuropsychological Assessment and Advice in Mitigating these Challenges,Finanzielle Hilfen für Vertragsärzte: Weitere KVen haben HVM-Änderungen ausgearbeitet
lvi4n41u,39glgeft,0.0087221125,Pflegen kann jede*r!,"Vaccines: Biotechnology Market, Coverage, and Regulatory Challenges for Achieving Sustainable Development Goals"
howj8hav,4wcf4z93,0.008748086,Wie sollte eine Strahlentherapie des Mammakarzinoms in den gegenwärtigen Zeiten der Pandemie verändert werden?: Ein Vorschlag einer nordamerikanischen Expertengruppe,Acknowledgement to Referees: Acknowledgement to Referees
4bqvm0kr,fxrsgieg,0.008752909,The Humanizing and Civic Missions of History Education,COVID-19: Was Rheumapatienten jetzt wissen sollten
lvi4n41u,06xomsj0,0.00877483,Pflegen kann jede*r!,Educating future doctors for uncertainty and complexity
3ti4jjtt,s9qlcamb,0.0088078845,Beyond Shared Decision Making.,Finanzielle Hilfen für Vertragsärzte: Weitere KVen haben HVM-Änderungen ausgearbeitet
y3vwrd7a,fxrsgieg,0.008808361,Family Caregivers’ Experiences and Changes in Caregiving Tasks During the COVID-19 Pandemic,COVID-19: Was Rheumapatienten jetzt wissen sollten
d0k9e635,fxrsgieg,0.00881231,Regenerating the marae economy,COVID-19: Was Rheumapatienten jetzt wissen sollten
s9qlcamb,3bh2j9sc,0.008814275,Finanzielle Hilfen für Vertragsärzte: Weitere KVen haben HVM-Änderungen ausgearbeitet,In sight but out of mind
a7qghub5,fxrsgieg,0.008817368,Public health shapes student pharmacists,COVID-19: Was Rheumapatienten jetzt wissen sollten
3du9hec1,e69c9wyw,0.008837858,Key factors in the contingency plan for COVID-19 during the Magal celebration in 2020,Nutzen von Erfahrungswissen in Krisen. Zur These einer vermehrten Bezugnahme auf Geschichte in Krisenzeiten
4ll2rqh3,4wcf4z93,0.008867229,"Weniger Arbeit, mehr Urlaub",Acknowledgement to Referees: Acknowledgement to Referees
rluya5ui,fxrsgieg,0.008874698,"“Clinical Characteristics, Outcomes and Prognosticators in Adult Patients Hospitalized with COVID-19”",COVID-19: Was Rheumapatienten jetzt wissen sollten
lvi4n41u,scfwscfe,0.008914635,Pflegen kann jede*r!,Endpoints for randomized controlled clinical trials for COVID-19 treatments.
atva6mfp,ewl63b2i,0.008944936,COVID-19-Forschungsdaten leichter zugänglich machen – Aufbau einer bundesweiten Informationsinfrastruktur,Manufacturing Workers and Employers
fxrsgieg,rcjxwfj2,0.008945025,COVID-19: Was Rheumapatienten jetzt wissen sollten,[The Clinical Characteristics and Influencing Factors of Patients with Severe COVID-19].
4e9rqj21,fxrsgieg,0.008960856,Immunophenotyping for Risk Stratification of Patients with COVID-19,COVID-19: Was Rheumapatienten jetzt wissen sollten
aic825wj,fxrsgieg,0.008968035,Training Artists in Times of Crisis,COVID-19: Was Rheumapatienten jetzt wissen sollten
fxrsgieg,4lx9v8p8,0.008989554,COVID-19: Was Rheumapatienten jetzt wissen sollten,"Masks, Politics, Culture and Health."
cu80bv67,fxrsgieg,0.009024132,Management of hospital wastewaters: the case of the effluent of a large hospital situated in a small town.,COVID-19: Was Rheumapatienten jetzt wissen sollten
tskfl8od,e69c9wyw,0.009036057,Neurological Complications of COVID-19 in Children.,Nutzen von Erfahrungswissen in Krisen. Zur These einer vermehrten Bezugnahme auf Geschichte in Krisenzeiten
zoh1bsvo,e69c9wyw,0.009036057,Neurological Complications of COVID-19 in Children,Nutzen von Erfahrungswissen in Krisen. Zur These einer vermehrten Bezugnahme auf Geschichte in Krisenzeiten
9agdhzyr,fxrsgieg,0.009063127,Housing and care of laboratory cats: from requirements to practice.,COVID-19: Was Rheumapatienten jetzt wissen sollten
qmg94jnc,s9qlcamb,0.009074661,Looking after yourself and others.,Finanzielle Hilfen für Vertragsärzte: Weitere KVen haben HVM-Änderungen ausgearbeitet
s9qlcamb,bq4kpik5,0.009074661,Finanzielle Hilfen für Vertragsärzte: Weitere KVen haben HVM-Änderungen ausgearbeitet,Looking after yourself and others
hpbb1520,fxrsgieg,0.009120065,Portraits across the Distance: Connecting and Collaborating through Film and Photography in a Pandemic,COVID-19: Was Rheumapatienten jetzt wissen sollten
v5u77ynu,lvi4n41u,0.009133466,Resources for Nurses in an Election Year.,Pflegen kann jede*r!
2ac5hfvp,fxrsgieg,0.00915606,[Morphology of coronaviruses from different species of monkeys in the Sukhumi nursery].,COVID-19: Was Rheumapatienten jetzt wissen sollten
g0ob7t3l,s9qlcamb,0.009160287,"In the face of the future, what do we learn from COVID-19?",Finanzielle Hilfen für Vertragsärzte: Weitere KVen haben HVM-Änderungen ausgearbeitet
7nwfp13l,lvi4n41u,0.00916749,Clinical Experiences for Unvaccinated Nursing Students,Pflegen kann jede*r!
lvi4n41u,hwdvn8r2,0.0091725895,Pflegen kann jede*r!,"For the People: Uncertainty, Elections, and Enduring Consequences"
n7ry17xz,fxrsgieg,0.009189531,A major outbreak of covid-19 at a residential care home,COVID-19: Was Rheumapatienten jetzt wissen sollten
fxrsgieg,lm55pt80,0.009230159,COVID-19: Was Rheumapatienten jetzt wissen sollten,Key pathways as therapeutic targets
fxrsgieg,a0qnn9e1,0.009255294,COVID-19: Was Rheumapatienten jetzt wissen sollten,Psychopathological profile in COVID-19 patients including healthcare workers: the implications.
fxrsgieg,ort6kbpd,0.009274495,COVID-19: Was Rheumapatienten jetzt wissen sollten,Nursing Outcomes and Nurses' Wellbeing
4wcf4z93,wvtbv2rv,0.009278673,Acknowledgement to Referees: Acknowledgement to Referees,Welche Produkte sich lohnen
lvi4n41u,kr2bw8si,0.0092820665,Pflegen kann jede*r!,From epistemology to policy: reorienting philosophy courses for science students
4v9c33ct,fxrsgieg,0.009295552,[Recent Developments in Clinical Trials of a Novel Coronavirus (COVID-19)],COVID-19: Was Rheumapatienten jetzt wissen sollten
vur1c2nf,79hf1x4j,0.009332348,Communicating With Patients and Families During COVID-19,Sind durch COVID-19 (mehr) Patienten mit Hörverlust zu erwarten?
lvi4n41u,p4acj99z,0.009343605,Pflegen kann jede*r!,Cognitive aspects of students’ attitudes towards covid-19 vaccination
4wcf4z93,a448jywi,0.009346362,Acknowledgement to Referees: Acknowledgement to Referees,So sollen die Drittimpfungen gegen COVID-19 umgesetzt werden
739098pb,s9qlcamb,0.009371885,Covid‐19: the opportunities and challenges from an unprecedented year,Finanzielle Hilfen für Vertragsärzte: Weitere KVen haben HVM-Änderungen ausgearbeitet
z2ulnfop,zxnhc6p7,0.009376623,Fakten auf einen Blick,Pathogenesis: Nonimmunological Factors and Genetic Resistance
r64llwvv,fxrsgieg,0.00937933,Sanitary and environmental aspects of sewage sludge management,COVID-19: Was Rheumapatienten jetzt wissen sollten
s9qlcamb,ewl63b2i,0.0093985945,Finanzielle Hilfen für Vertragsärzte: Weitere KVen haben HVM-Änderungen ausgearbeitet,Manufacturing Workers and Employers
81uw15s7,fxrsgieg,0.009414755,Conflicts surrounding individual and collective aspects of ethics in health emergencies,COVID-19: Was Rheumapatienten jetzt wissen sollten
lvi4n41u,oai3cv0b,0.009419264,Pflegen kann jede*r!,Noncompetes in a Downsizing World
nwarzbzf,fxrsgieg,0.009421433,Residency training experiences of residents with children: A phenomenological study,COVID-19: Was Rheumapatienten jetzt wissen sollten
45kprkri,e69c9wyw,0.009439461,Emotion Categorization from Faces of People with Sunglasses and Facemasks,Nutzen von Erfahrungswissen in Krisen. Zur These einer vermehrten Bezugnahme auf Geschichte in Krisenzeiten
o209awrc,fxrsgieg,0.00946416,COVID-19 diagnostics-not at the expense of other diseases.,COVID-19: Was Rheumapatienten jetzt wissen sollten
lume62xh,lvi4n41u,0.009492406,Tallying the Ancillary Consequences of COVID-19,Pflegen kann jede*r!
lvi4n41u,gqr5hz0f,0.009495154,Pflegen kann jede*r!,Exploring student perceptions of the learning environment in four health professions education programs
ccb3o9c2,lvi4n41u,0.009504509,Report of working group 1: Public health challenges,Pflegen kann jede*r!
lu4yqy99,s9qlcamb,0.009569997,Is Face Recognition with Masks Possible?,Finanzielle Hilfen für Vertragsärzte: Weitere KVen haben HVM-Änderungen ausgearbeitet
8e6t15dl,lvi4n41u,0.009588483,"Evaluation of knowledge, attitudes and practices of health services vocational schools' students with regard to COVID-19",Pflegen kann jede*r!
lvi4n41u,tqmy5a2u,0.009588483,Pflegen kann jede*r!,"Evaluation of knowledge, attitudes and practices of health services vocational schools' students with regard to COVID-19."
ft6t3xrq,s9qlcamb,0.009601572,Face-to-face versus distance learning in a seaside area: the teacher's point of view,Finanzielle Hilfen für Vertragsärzte: Weitere KVen haben HVM-Änderungen ausgearbeitet
8w41l8v3,4wcf4z93,0.009618399,Einflüsse der Coronapandemie auf gesundheitsbezogene Verhaltensweisen und Belastungen von Studierenden: Eine Erhebung an der Ostfalia Hochschule für angewandte Wissenschaften,Acknowledgement to Referees: Acknowledgement to Referees
w9v2pgjz,fxrsgieg,0.009655708,Learnings from critical care on COVID‐19,COVID-19: Was Rheumapatienten jetzt wissen sollten
6mc4zg7g,zmjzvihk,0.009664675,Viele Sonderregelungen gelten weiter,Masked Faces with Faced Masks
lvi4n41u,2hls8mlv,0.009669752,Pflegen kann jede*r!,Challenges for the Future and the Role of Industrial Policy
8615p7xh,ewl63b2i,0.009690841,Rentenpolitik ist nicht nachhaltig,Manufacturing Workers and Employers
zmjzvihk,avobcnzk,0.009705824,Masked Faces with Faced Masks,Neue Impfempfehlungen - auch zu COVID-19
fxrsgieg,apuahtnk,0.009713773,COVID-19: Was Rheumapatienten jetzt wissen sollten,Diseases of game birds
lvi4n41u,zmjzvihk,0.009716334,Pflegen kann jede*r!,Masked Faces with Faced Masks
lvi4n41u,m0qwnpim,0.009734902,Pflegen kann jede*r!,"The COVID-19 Economy, Unemployment Insurance, and Population Health"
auo73dv7,fxrsgieg,0.009736502,COVID‐19 disease trajectories among nursing home residents,COVID-19: Was Rheumapatienten jetzt wissen sollten
3vc7xus5,fxrsgieg,0.009741668,"Planning a Sustainable Tourism Destination Focusing on Tourists' Expectations, Perceptions and Experiences",COVID-19: Was Rheumapatienten jetzt wissen sollten
auvfnrvc,e69c9wyw,0.009745539,Welfare Costs of COVID-19: Evidence from U.S. Counties,Nutzen von Erfahrungswissen in Krisen. Zur These einer vermehrten Bezugnahme auf Geschichte in Krisenzeiten
lvi4n41u,5yvp1ooh,0.009749204,Pflegen kann jede*r!,Journal policies and editors’ opinions on peer review
h89inst7,fxrsgieg,0.009759661,Covid-19: A Review of Economic Impacts on Different Sectors and Industries,COVID-19: Was Rheumapatienten jetzt wissen sollten
xq0v26xx,s9qlcamb,0.00976532,Analyzing the Most Influencing Factors in Limiting the Spread of COVID-19 Disease,Finanzielle Hilfen für Vertragsärzte: Weitere KVen haben HVM-Änderungen ausgearbeitet
7wyj18qq,z2ulnfop,0.009815888,Borel factors and embeddings of systems in subshifts,Fakten auf einen Blick
bjo6hun1,avobcnzk,0.009829278,Scientists' lanes and headwinds.,Neue Impfempfehlungen - auch zu COVID-19
15d4bn05,s9qlcamb,0.0098332865,Marking World AIDS Day in a COVID-19 world.,Finanzielle Hilfen für Vertragsärzte: Weitere KVen haben HVM-Änderungen ausgearbeitet
e69c9wyw,tbh2fwk5,0.009846942,Nutzen von Erfahrungswissen in Krisen. Zur These einer vermehrten Bezugnahme auf Geschichte in Krisenzeiten,Secondary Transmission of COVID-19 in K-12 Schools: Findings From Two States
qzfd54v5,fxrsgieg,0.009875502,Small business survival and COVID-19 - An exploratory analysis of carriers,COVID-19: Was Rheumapatienten jetzt wissen sollten
fxrsgieg,hmbkjpto,0.00992065,COVID-19: Was Rheumapatienten jetzt wissen sollten,COVID-19 in children: Considerations for returning to school()
fxrsgieg,iy8zm3fg,0.00992065,COVID-19: Was Rheumapatienten jetzt wissen sollten,COVID-19 in children: considerations for returning to school
s9qlcamb,k23lxyji,0.009935733,Finanzielle Hilfen für Vertragsärzte: Weitere KVen haben HVM-Änderungen ausgearbeitet,"ANZJOG IN 2020 - the past, the present, and the future."
lvi4n41u,ow08zjnc,0.009936633,Pflegen kann jede*r!,On Coexistence with COVID-19: Estimations and Perspectives
8p7vktc7,cir2t25q,0.009951528,Keine Wirtschaftlichkeitsprüfungen für 2019: In Rheinland-Pfalz wurde das Ausgabenvolumen eingehalten,Keeping the research spotlight on COVID-19
xgwmda8e,fxrsgieg,0.009986869,Clinical and epidemiological characteristics of Coronavirus Disease 2019 (COVID-19) patients,COVID-19: Was Rheumapatienten jetzt wissen sollten
gv303ny2,s9qlcamb,0.009993115,Education for all in times of crisis: Lessons from covid-19,Finanzielle Hilfen für Vertragsärzte: Weitere KVen haben HVM-Änderungen ausgearbeitet
lvi4n41u,4yeabf4l,0.0099967215,Pflegen kann jede*r!,Clinical Training during the COVID-19 Pandemic: Experiences of Nursing Students and Implications for Education
qnuphz59,lvi4n41u,0.0100015085,1-year outcomes in hospital survivors with COVID-19: a longitudinal cohort study,Pflegen kann jede*r!
yh3lfufw,lvi4n41u,0.010013465,An investigation of the questions posted on medical consultation websites.,Pflegen kann jede*r!
lvi4n41u,3vc7xus5,0.010039956,Pflegen kann jede*r!,"Planning a Sustainable Tourism Destination Focusing on Tourists' Expectations, Perceptions and Experiences"
lvi4n41u,6oe8nj1j,0.010063413,Pflegen kann jede*r!,Aspects of recent development of immunosensors
ppadx4oh,s9qlcamb,0.010077575,The U-Shape of Happiness: A Response.,Finanzielle Hilfen für Vertragsärzte: Weitere KVen haben HVM-Änderungen ausgearbeitet
fxrsgieg,7bttrllm,0.010109428,COVID-19: Was Rheumapatienten jetzt wissen sollten,Addressing Contingency in REEES Fields
znyg36xd,fxrsgieg,0.010134056,Standardizing the Accommodations Process for Health Care Workers During COVID-19.,COVID-19: Was Rheumapatienten jetzt wissen sollten
lvi4n41u,u6mj39g6,0.010138177,Pflegen kann jede*r!,Public Health Is Women’s Health
s9qlcamb,u5dp55ot,0.010141153,Finanzielle Hilfen für Vertragsärzte: Weitere KVen haben HVM-Änderungen ausgearbeitet,How COVID vaccines are being divvied up around the world
u1jklmmq,fxrsgieg,0.010166697,Tourism Development through Communities' Support: Rural Communities' Perspective,COVID-19: Was Rheumapatienten jetzt wissen sollten
kswumlbb,fxrsgieg,0.010218717,"Home Advantage Perceptions in Elite Handball: A Comparison Among Fans, Athletes, Coaches, and Officials",COVID-19: Was Rheumapatienten jetzt wissen sollten
ezre84xu,z2ulnfop,0.01025361,"Borders, Immigrants, And Health",Fakten auf einen Blick
z2ulnfop,s6unh19n,0.01027777,Fakten auf einen Blick,Clinical and laboratory findings of COVID-19
fl06pd3t,z2ulnfop,0.010280869,COVID-19 in children: current evidence and key questions.,Fakten auf einen Blick
uqet3n30,s9qlcamb,0.01028571,Taking the step into leadership,Finanzielle Hilfen für Vertragsärzte: Weitere KVen haben HVM-Änderungen ausgearbeitet
lvi4n41u,ja8re0td,0.010287374,Pflegen kann jede*r!,Public Policy Panel Interdisciplinary Symposium
s9qlcamb,xzzbgtf1,0.01029913,Finanzielle Hilfen für Vertragsärzte: Weitere KVen haben HVM-Änderungen ausgearbeitet,In-Real-Time Learning.
wny93x8z,s9qlcamb,0.010307826,COVID-19 and its Impact on Education of Preschool Students in a Developing Nation: A Viewpoint,Finanzielle Hilfen für Vertragsärzte: Weitere KVen haben HVM-Änderungen ausgearbeitet
le946tm6,s9qlcamb,0.010332393,Life in a Post-covid-19 World,Finanzielle Hilfen für Vertragsärzte: Weitere KVen haben HVM-Änderungen ausgearbeitet
x9yn6qvv,fxrsgieg,0.010353392,Infectious Diseases and Microbiological Threats,COVID-19: Was Rheumapatienten jetzt wissen sollten
urzq7ozv,s9qlcamb,0.010371085,Paint manufacturing in a Covid world,Finanzielle Hilfen für Vertragsärzte: Weitere KVen haben HVM-Änderungen ausgearbeitet
lvi4n41u,f21t5d4u,0.010430907,Pflegen kann jede*r!,"Challenges, priorities and tasks for the generalists at the time of COVID-19 pandemic"
60lk3kvd,fxrsgieg,0.0104460465,THE IMPACT OF COVID 19 ON CARDIOLOGY PRACTICE IN RURAL AREAS,COVID-19: Was Rheumapatienten jetzt wissen sollten
02gx8oe9,fxrsgieg,0.010476922,Infectious Disease and Bioterrorism,COVID-19: Was Rheumapatienten jetzt wissen sollten
rlqdkkk4,mherdb4v,0.010498649,Alkoholbezogene Störungen: Gedanken zur neuen Leitlinie,Lessons for and from COVID‐19 for investors and their advisors
k3ofzawy,fxrsgieg,0.010500212,Effects of COVID-19 on the Export Operations of Smaller Manufacturing Enterprises,COVID-19: Was Rheumapatienten jetzt wissen sollten
lvi4n41u,kty1d5kn,0.010517925,Pflegen kann jede*r!,Small Businesses and COVID-19: Relief and Assistance Resources
blt20o20,lvi4n41u,0.010522653,Risk factors for redetectable positivity in recovered COVID-19 children,Pflegen kann jede*r!
uoc2yp2g,fxrsgieg,0.0105309365,Counter-Epidemiological Projections of e-Coaching,COVID-19: Was Rheumapatienten jetzt wissen sollten
0y6w29ne,fxrsgieg,0.01054577,Patient Characteristics and Risk Factors for Mortality in 504 Hospitalized Patients Due to Covid-19,COVID-19: Was Rheumapatienten jetzt wissen sollten
qhwr8ew8,lvi4n41u,0.010553536,Immunophenotyping assessment in a COVID-19 cohort (IMPACC): A prospective longitudinal study,Pflegen kann jede*r!
fxrsgieg,4vamza5b,0.010554334,COVID-19: Was Rheumapatienten jetzt wissen sollten,Calcification in arteries . . . and other stories
y4lygtig,s9qlcamb,0.010583291,Ways to look after yourself and others in 2021.,Finanzielle Hilfen für Vertragsärzte: Weitere KVen haben HVM-Änderungen ausgearbeitet
s9qlcamb,jtktsygu,0.010583291,Finanzielle Hilfen für Vertragsärzte: Weitere KVen haben HVM-Änderungen ausgearbeitet,Ways to look after yourself and others in 2021
7yzn3rpr,e69c9wyw,0.010589925,Friends and enemies of humans and viruses,Nutzen von Erfahrungswissen in Krisen. Zur These einer vermehrten Bezugnahme auf Geschichte in Krisenzeiten
bhimxnxq,79hf1x4j,0.010602037,Serological characteristics of COVID-19 patients.,Sind durch COVID-19 (mehr) Patienten mit Hörverlust zu erwarten?
i85528l3,e69c9wyw,0.010612354,Clinical course and risk factors for mortality from COVID-19 in patients with haematological malignancies.,Nutzen von Erfahrungswissen in Krisen. Zur These einer vermehrten Bezugnahme auf Geschichte in Krisenzeiten
9h2fk9qt,fxrsgieg,0.010633725,Microbiology of hospital wastewater,COVID-19: Was Rheumapatienten jetzt wissen sollten
zmjzvihk,fxrsgieg,0.010643764,Masked Faces with Faced Masks,COVID-19: Was Rheumapatienten jetzt wissen sollten
lvi4n41u,5wppdypv,0.010647766,Pflegen kann jede*r!,Lessons and Opportunities for Negotiation Teachers Following the COVID-19 Pandemic
u8pjs4iq,fxrsgieg,0.010677926,Imaging Findings in Four COVID-19 Patients.,COVID-19: Was Rheumapatienten jetzt wissen sollten
lvi4n41u,4guz2qg4,0.010679536,Pflegen kann jede*r!,Childcare services in cities: challenges and emerging solutions for women informal workers and their children
kiciow7u,fxrsgieg,0.01068495,Differences and similarities in endothelial and angiogenic profiles of preeclampsia and COVID-19 in pregnancy,COVID-19: Was Rheumapatienten jetzt wissen sollten
6mc4zg7g,izlpz4qn,0.0107098855,Viele Sonderregelungen gelten weiter,Risk Factors for Mortality of COVID-19 Patients
izcr6xg3,fxrsgieg,0.010715916,"[Current view on Blastocystis species: clinical forms, diagnosis and treatment].",COVID-19: Was Rheumapatienten jetzt wissen sollten
lvi4n41u,xkrx3o1v,0.010725885,Pflegen kann jede*r!,The assessment of buildings and constructions sector of economy proposal: an environmental perspective
fxrsgieg,43det69b,0.010761257,COVID-19: Was Rheumapatienten jetzt wissen sollten,Optimizing clinical approaches to COVID-19 patients in primary care
lvi4n41u,pbtkeetk,0.010766566,Pflegen kann jede*r!,Covid-19 pandemy from the perspective of regional children´s clinic
4da8o4we,fxrsgieg,0.010766705,Governing patient safety in field hospitals: lessons for the future,COVID-19: Was Rheumapatienten jetzt wissen sollten
af16yqjy,lvi4n41u,0.010818879,Cardiovascular risk factors are independently associated with COVID-19 mortality: a prospective cohort study,Pflegen kann jede*r!
atva6mfp,scfwscfe,0.010831017,COVID-19-Forschungsdaten leichter zugänglich machen – Aufbau einer bundesweiten Informationsinfrastruktur,Endpoints for randomized controlled clinical trials for COVID-19 treatments.
lvi4n41u,xy9o1egm,0.010851465,Pflegen kann jede*r!,COVID-19 hospital prevalence as a risk factor for mortality: an observational study of a multistate cohort of 62 hospitals
thlsd8pp,fxrsgieg,0.01085968,Transport Networks and Impacts on Transport Nodes,COVID-19: Was Rheumapatienten jetzt wissen sollten
benytq2m,lvi4n41u,0.010903275,Actors in the Knowledge Economy: A Typology,Pflegen kann jede*r!
lvi4n41u,08qxluk8,0.010906253,Pflegen kann jede*r!,"Medical Faculty Students' Attitudes, Behaviors and Beliefs About Covid-19 Pandemic"
4wcf4z93,vb11vs8w,0.010920996,Acknowledgement to Referees: Acknowledgement to Referees,Veränderungen der rettungsdienstlichen Einsatzzahlen in einer Metropolregion während der ersten COVID-19-Pandemie-bedingten Kontaktbeschränkungsphase
s9qlcamb,qldskrc9,0.010924724,Finanzielle Hilfen für Vertragsärzte: Weitere KVen haben HVM-Änderungen ausgearbeitet,Coronapod: why stopping COVID testing would be a mistake
708yzk8j,atva6mfp,0.01093171,[Deaths by COVID-19: Not all were registered and others should not be accounted for].,COVID-19-Forschungsdaten leichter zugänglich machen – Aufbau einer bundesweiten Informationsinfrastruktur
zpwdsfh8,z2ulnfop,0.010939714,Recent advances in immunoassays and biosensors for mycotoxins detection in feedstuffs and foods,Fakten auf einen Blick
lvi4n41u,650ow9ig,0.010943384,Pflegen kann jede*r!,"School reopenings COVID-19, and employment"
p5yx1mui,fxrsgieg,0.010952113,Shifting Duties of Children's Hospitals During the COVID-19 Pandemic,COVID-19: Was Rheumapatienten jetzt wissen sollten
yz6x896g,lvi4n41u,0.011003746,Challenges in the clinical education environment during the covid-19 outbreak: The experiences of medical students,Pflegen kann jede*r!
s9qlcamb,ujmxyoc6,0.011004975,Finanzielle Hilfen für Vertragsärzte: Weitere KVen haben HVM-Änderungen ausgearbeitet,"Does my employer have to give me time off for a job interview?: Your nursing contract may not cover this step in your job search, so be prepared to negotiate"
daj14mp9,fxrsgieg,0.011014627,Safety Events in Children's Hospitals During the COVID-19 Pandemic.,COVID-19: Was Rheumapatienten jetzt wissen sollten
fxrsgieg,e6pxogg9,0.0110397,COVID-19: Was Rheumapatienten jetzt wissen sollten,Monitoring Remote Employees at FinPro
fxrsgieg,2byybi3b,0.011053723,COVID-19: Was Rheumapatienten jetzt wissen sollten,"Exosome-Based Vaccines: History, Current State, and Clinical Trials"
lvi4n41u,k0ynlmku,0.011060246,Pflegen kann jede*r!,Pressures and influences on school leaders navigating policy development during the COVID‐19 pandemic
33dqqjeu,4wcf4z93,0.011065582,Nomogramm zur Risikostratifizierung von COVID-19-Patienten mit interstitieller Pneumonie in der Notaufnahme: Eine retrospektive multizentrische Studie,Acknowledgement to Referees: Acknowledgement to Referees
86esyb9q,zn3xk5ls,0.011104304,Erfolge feiern - Zukunft gestalten,As close as possible to researchers and caregivers
uju6gjni,lvi4n41u,0.011113361,Odds Ratio Estimation of Medical Students’ Attitudes towards COVID-19 Vaccination,Pflegen kann jede*r!
lvi4n41u,rm6kj9cf,0.0111349905,Pflegen kann jede*r!,Research During Unprecedented Times
3ir09zfm,fxrsgieg,0.01113804,Community Health and Public Health Nurses: Case Study in Times of COVID-19,COVID-19: Was Rheumapatienten jetzt wissen sollten
xe2ibfs1,fxrsgieg,0.011155549,P73 Cultivating Connections with Farm to School Activities During School Closures,COVID-19: Was Rheumapatienten jetzt wissen sollten
91s4zcsq,fxrsgieg,0.0111630075,Environmental City Diplomacy,COVID-19: Was Rheumapatienten jetzt wissen sollten
9opqo4ip,4wcf4z93,0.011164493,Einstellung von Patienten mit entzündlich-rheumatischen Erkrankungen zur immunsuppressiven Therapie im Rahmen der COVID-19 Pandemie – eine Situationsanalyse,Acknowledgement to Referees: Acknowledgement to Referees
e2qh3xd8,s9qlcamb,0.011168857,Public health implications of world trade negotiations,Finanzielle Hilfen für Vertragsärzte: Weitere KVen haben HVM-Änderungen ausgearbeitet
i96x514u,s9qlcamb,0.011172239,Aesthetics for everyday quality: one way to enrich healthcare improvement debates.,Finanzielle Hilfen für Vertragsärzte: Weitere KVen haben HVM-Änderungen ausgearbeitet
urt66g17,fxrsgieg,0.011176803,Electrodiagnostic findings in COVID-19 patients: A single center experience,COVID-19: Was Rheumapatienten jetzt wissen sollten
hekod41k,79hf1x4j,0.011180901,Covid-19: virological aspects and pathogenesis,Sind durch COVID-19 (mehr) Patienten mit Hörverlust zu erwarten?
yu2qzp18,lvi4n41u,0.011191913,Impact of climate and public health interventions on the COVID-19 pandemic: A prospective cohort study.,Pflegen kann jede*r!
7zrrxchi,s9qlcamb,0.011193594,"[COVID-19, impact on residents and caregivers].",Finanzielle Hilfen für Vertragsärzte: Weitere KVen haben HVM-Änderungen ausgearbeitet
z2ulnfop,b5d032uv,0.0111945085,Fakten auf einen Blick,Contributions and Challenges in Health Lifestyles Research.
lvi4n41u,bk4x9ada,0.0112061575,Pflegen kann jede*r!,Covid-19 pilot events: the pursuit of outcomes
p81l6zvz,v26a61wt,0.01121927,Systemische Immunsuppression in Zeiten von COVID‐19: Müssen wir umdenken?,Editorial: Ritual Unions
z2ulnfop,vh68rbhn,0.011233298,Fakten auf einen Blick,Sociodemographic Determinants of COVID-19 Susceptibility and Outcomes in the Pregnant Population
aypck5dp,s9qlcamb,0.011237575,Actualization of Defending the Country in the Face of the COVID-19 Pandemic,Finanzielle Hilfen für Vertragsärzte: Weitere KVen haben HVM-Änderungen ausgearbeitet
dvfmpm54,fxrsgieg,0.0112441955,GenomeLandscaper: Landscape analysis of genome-fingerprints maps assessing chromosome architecture,COVID-19: Was Rheumapatienten jetzt wissen sollten
yyzfgsgc,fxrsgieg,0.011253087,Practicalities of Home Quarantine for City Dwellers With Limited Living Space,COVID-19: Was Rheumapatienten jetzt wissen sollten
fxrsgieg,4i6yfe3g,0.0112531,COVID-19: Was Rheumapatienten jetzt wissen sollten,Practicalities of Home Quarantine for City Dwellers With Limited Living Space.
cq5mcvoh,fxrsgieg,0.011254143,Cultural City Diplomacy,COVID-19: Was Rheumapatienten jetzt wissen sollten
w46n2qct,fxrsgieg,0.011258215,Characteristics and outcomes of patients with cancer and COVID-19: results from a cohort study.,COVID-19: Was Rheumapatienten jetzt wissen sollten
x7ng4ifv,fxrsgieg,0.011265088,Communicable Diseases: Achievements and Challenges for Public Health,COVID-19: Was Rheumapatienten jetzt wissen sollten
lvi4n41u,7n61hqa2,0.011295067,Pflegen kann jede*r!,Unemployment claims during COVID-19 and economic support measures in the U.S
sokh2ej5,lvi4n41u,0.011300601,Patterns amidst the turmoil: COVID-19 and cities,Pflegen kann jede*r!
m9i66ekg,fxrsgieg,0.011312655,"Impacts of COVID-19 on U.S. aquaculture, aquaponics, and allied businesses",COVID-19: Was Rheumapatienten jetzt wissen sollten
lvi4n41u,qoyu4p8i,0.01133044,Pflegen kann jede*r!,Veterinary Services and Research.
fxrsgieg,ji7w03c6,0.011345353,COVID-19: Was Rheumapatienten jetzt wissen sollten,Advancing toward normal operations for arenas and stadiums.
nwe3f27r,6mc4zg7g,0.011351382,Isfahan Thyroid Cohort Study (ITCS).,Viele Sonderregelungen gelten weiter
ash0dnc9,vur1c2nf,0.011395702,Freiheit auf Zeit,Communicating With Patients and Families During COVID-19
fxrsgieg,mtrbbkmj,0.011412283,COVID-19: Was Rheumapatienten jetzt wissen sollten,Utilization of Galectins by Pathogens for Infection
1wvzxjpt,s9qlcamb,0.011428479,Advocating for Patients at End of Life During COVID-19,Finanzielle Hilfen für Vertragsärzte: Weitere KVen haben HVM-Änderungen ausgearbeitet
fxrsgieg,4iox5zaq,0.0114326505,COVID-19: Was Rheumapatienten jetzt wissen sollten,"Demographics, earnings, and family characteristics of workers in sectors initially affected by COVID-19 shutdowns"
lvi4n41u,as97j2ne,0.011447154,Pflegen kann jede*r!,Application for online conferences and meetings
834fvb2k,fxrsgieg,0.011459706,The development of dermatologic diseases in patients recovered from COVID‐19,COVID-19: Was Rheumapatienten jetzt wissen sollten
7z1rgtnf,lvi4n41u,0.011471953,Two years of COVID-19: Trends in rehabilitation,Pflegen kann jede*r!
mb2uirm8,s9qlcamb,0.011474996,The Road Towards 6G: A Comprehensive Survey,Finanzielle Hilfen für Vertragsärzte: Weitere KVen haben HVM-Änderungen ausgearbeitet
fjxj8lch,fxrsgieg,0.011498662,Clinical characteristics of 44 patients with coronavirus disease 2019 in Yongzhou,COVID-19: Was Rheumapatienten jetzt wissen sollten
lvi4n41u,y53w63jf,0.011514831,Pflegen kann jede*r!,Perils and promise of online exams
a0br0vie,lvi4n41u,0.011517982,Research progress on career anxiety and influencing factors of nursing college students under the background of COVID-19,Pflegen kann jede*r!
rnla34a5,lvi4n41u,0.011537846,R&D performance and relevant factors of renewable energy projects: separating innovation and economic perspectives,Pflegen kann jede*r!
vt84jpz6,s9qlcamb,0.011562607,Growing concern about the risk of`long COVID' in children,Finanzielle Hilfen für Vertragsärzte: Weitere KVen haben HVM-Änderungen ausgearbeitet
13jj4aks,ewl63b2i,0.011564471,Von der Geschichtsphilosophie zur Formalpragmatik: Zur Geschichte und Gegenwart Kritischer Theorie,Manufacturing Workers and Employers
benytq2m,fxrsgieg,0.011589448,Actors in the Knowledge Economy: A Typology,COVID-19: Was Rheumapatienten jetzt wissen sollten
am7fc8if,fxrsgieg,0.011631459,Effectiveness economic welfare through Bansos during COVID-19 in Payakumbuh City,COVID-19: Was Rheumapatienten jetzt wissen sollten
h0295a6m,fxrsgieg,0.011632756,A Retrospective Cohort Study of Clinical Factors Associated with Transitions of Care among COVID-19 Patients,COVID-19: Was Rheumapatienten jetzt wissen sollten
fxrsgieg,75augimi,0.01163597,COVID-19: Was Rheumapatienten jetzt wissen sollten,Hospital-at-Home Rivals Inpatient Care for Some Older Adults.
lvi4n41u,af3ojiob,0.011649132,Pflegen kann jede*r!,Cerebrovascular events in COVID-19 patients
uajiou4s,s9qlcamb,0.011662481,Shaping the Future of Science: COVID‐19 Highlighting the Importance of GeoHealth,Finanzielle Hilfen für Vertragsärzte: Weitere KVen haben HVM-Änderungen ausgearbeitet
cql5m00f,s9qlcamb,0.011662481,Shaping the future of science: COVID-19 highlighting the importance of GeoHealth,Finanzielle Hilfen für Vertragsärzte: Weitere KVen haben HVM-Änderungen ausgearbeitet
ol635rqb,atva6mfp,0.0116682565,"Thank you to all our supporters, reviewers, authors, readers, and more",COVID-19-Forschungsdaten leichter zugänglich machen – Aufbau einer bundesweiten Informationsinfrastruktur
lvi4n41u,swwvulln,0.011684897,Pflegen kann jede*r!,Agricultural Stakeholders' Perceptions of Occupational Health and Safety in the Southeastern U.S. Coastal States
fxrsgieg,e2p70d3x,0.011686089,COVID-19: Was Rheumapatienten jetzt wissen sollten,Remote Observation of Field Work on the Farm
lvi4n41u,k4vyzlpm,0.011691816,Pflegen kann jede*r!,Parents’ Perceptions of Their Children’s Experiences With Distance Learning During the COVID-19 Pandemic
nxaai5xz,fxrsgieg,0.0117025655,Breastfeeding Experiences of Autistic Women.,COVID-19: Was Rheumapatienten jetzt wissen sollten
fxrsgieg,q3y8j5ml,0.011712955,COVID-19: Was Rheumapatienten jetzt wissen sollten,defensive publications in an r&d race
s9qlcamb,aekysng2,0.011741243,Finanzielle Hilfen für Vertragsärzte: Weitere KVen haben HVM-Änderungen ausgearbeitet,March On - Diversity in the Face of Adversity
lks9ors6,lvi4n41u,0.011762505,"Adverse childhood experiences and developmental disabilities: risks, resiliency, and policy.",Pflegen kann jede*r!
updoi5i5,fxrsgieg,0.011766433,State of the art on the physical mapping of the Y-chromosome in the Bovidae and comparison with other species.,COVID-19: Was Rheumapatienten jetzt wissen sollten
8nrs4r5c,fxrsgieg,0.011770018,'Hospital life does have its perks'.,COVID-19: Was Rheumapatienten jetzt wissen sollten
s9qlcamb,quu7pzx7,0.011812509,Finanzielle Hilfen für Vertragsärzte: Weitere KVen haben HVM-Änderungen ausgearbeitet,Looking back and looking ahead: Applying organisational behaviour to explain the changing face of work
e6qy0876,s9qlcamb,0.0118342545,COVID-19 survivors and neuropsychological issues: A way forward,Finanzielle Hilfen für Vertragsärzte: Weitere KVen haben HVM-Änderungen ausgearbeitet
lvi4n41u,hz5cfj4v,0.011853313,Pflegen kann jede*r!,Barriers to Participation in Clinical Trials: The Problem of Information
qhwr8ew8,fxrsgieg,0.011853754,Immunophenotyping assessment in a COVID-19 cohort (IMPACC): A prospective longitudinal study,COVID-19: Was Rheumapatienten jetzt wissen sollten
fxrsgieg,4dg9eml5,0.011857362,COVID-19: Was Rheumapatienten jetzt wissen sollten,[Commercial airline routes and international distribution of COVID-19].
2bp6iaih,fxrsgieg,0.011884563,"Pandemics, Protests and Firearms",COVID-19: Was Rheumapatienten jetzt wissen sollten
80lfpe7f,fxrsgieg,0.011890177,Parental burnout: Moving the focus from children to parents.,COVID-19: Was Rheumapatienten jetzt wissen sollten
ash0dnc9,bhimxnxq,0.011904528,Freiheit auf Zeit,Serological characteristics of COVID-19 patients.
4k2di7ig,fxrsgieg,0.0119119845,Social network dynamics throughout clinical training - distance matters,COVID-19: Was Rheumapatienten jetzt wissen sollten
lvi4n41u,6k5ozfnf,0.011913096,Pflegen kann jede*r!,Validation of a risk score to predict patients at risk of critical illness with COVID-19
fxrsgieg,6p1n9zi3,0.011958005,COVID-19: Was Rheumapatienten jetzt wissen sollten,Experiences of children (ages 6-12) during COVID-19 pandemic from mothers' perspectives
dlafpfiq,fxrsgieg,0.011959726,Epidemiological analysis of 18 patients with COVID-19.,COVID-19: Was Rheumapatienten jetzt wissen sollten
2tnejf0p,lvi4n41u,0.011969077,Development and Validation of the COVID-NoLab and COVID-SimpleLab Risk Scores for Prognosis in 6 US Health Systems.,Pflegen kann jede*r!
cfn3wr1g,fxrsgieg,0.011970389,COVID-19 focuses attention on medical-dental collaboration,COVID-19: Was Rheumapatienten jetzt wissen sollten
fxrsgieg,4j2bbg2y,0.01197091,COVID-19: Was Rheumapatienten jetzt wissen sollten,Clinical study of children with cryofibrinogenemia: a retrospective study from a single center
p81l6zvz,lvrrv9un,0.012024676,Systemische Immunsuppression in Zeiten von COVID‐19: Müssen wir umdenken?,"Sustainability, Business, and Health."
fxrsgieg,ct7sye95,0.012062959,COVID-19: Was Rheumapatienten jetzt wissen sollten,Keepers of the House: A documentary.
sgcc8w19,fxrsgieg,0.012085857,Transmission of COVID-19 and its Determinants among Close Contacts of COVID-19 Patients,COVID-19: Was Rheumapatienten jetzt wissen sollten
o2v7km4d,fxrsgieg,0.01212267,Automating the Compilation of Potential Core-Outcomes for Clinical Trials,COVID-19: Was Rheumapatienten jetzt wissen sollten
pr34lp1o,lvi4n41u,0.012123374,A study on the factors that influence the agility of COVID-19 hospitals,Pflegen kann jede*r!
1j5z5g00,fxrsgieg,0.012138546,Individual risk evaluation for landslides: key details,COVID-19: Was Rheumapatienten jetzt wissen sollten
lvi4n41u,vz15pzt1,0.012147278,Pflegen kann jede*r!,"Guest editorial: COVID-19, entrepreneurship and public policy"
nv6lp5m9,fxrsgieg,0.012151297,THE IMPLICATIONS OF COVID-19 VACCINATION ON HOSPITALIZATIONS AND CLINICAL OUTCOMES,COVID-19: Was Rheumapatienten jetzt wissen sollten
bjj8jhbb,fxrsgieg,0.012158549,Training Networks of Local Health Departments: A Regional Assessment.,COVID-19: Was Rheumapatienten jetzt wissen sollten
cn83xmrs,ewl63b2i,0.012164649,Was fliegt denn da?,Manufacturing Workers and Employers
fxrsgieg,spm5esfk,0.0121783,COVID-19: Was Rheumapatienten jetzt wissen sollten,"Biosecurity at Cattle Farms: Strengths, Weaknesses, Opportunities and Threats"
fxrsgieg,z11pqcu5,0.012184951,COVID-19: Was Rheumapatienten jetzt wissen sollten,The complexities of race and health
lvi4n41u,18tie0l3,0.012187998,Pflegen kann jede*r!,Commentary: pedagogical foundations to online lectures in health professions education
fxrsgieg,emo0pg9f,0.012197908,COVID-19: Was Rheumapatienten jetzt wissen sollten,COVID-19 attributed Changes of Home and Family Responsibilities among Single Mothers
lvi4n41u,8l7pvxd1,0.012206723,Pflegen kann jede*r!,Psychological impact of COVID-19 on medical interns – Findings from a nationwide survey
i21b3tdi,fxrsgieg,0.012211161,Clinical and Experimental Ophthalmology at 50.,COVID-19: Was Rheumapatienten jetzt wissen sollten
k8x02zud,s9qlcamb,0.012229225,Interesting case histories,Finanzielle Hilfen für Vertragsärzte: Weitere KVen haben HVM-Änderungen ausgearbeitet
uy66yzqz,fxrsgieg,0.012230848,The times and spaces of transplantation: queercrip histories as futurities,COVID-19: Was Rheumapatienten jetzt wissen sollten
3ae1hs6m,e69c9wyw,0.012239382,"Antibodies: Friends, Foes, or Both? Lessons From COVID-19 for the Rheumatologist",Nutzen von Erfahrungswissen in Krisen. Zur These einer vermehrten Bezugnahme auf Geschichte in Krisenzeiten
41px5x2w,fxrsgieg,0.012240538,COVID‐19 and the shifting industrial landscape,COVID-19: Was Rheumapatienten jetzt wissen sollten
fxrsgieg,fiskunb4,0.012253209,COVID-19: Was Rheumapatienten jetzt wissen sollten,The COVID-19 Pandemic: Challenges for the Neurosurgeons and Neurologists.
lvi4n41u,9lkz3vaw,0.01226209,Pflegen kann jede*r!,Realizing Promising Educational Practices in Academic Public Health: A Model for the Scholarship of Teaching and Learning
8s6v1c9z,e69c9wyw,0.012277526,Representative Committees of Peers,Nutzen von Erfahrungswissen in Krisen. Zur These einer vermehrten Bezugnahme auf Geschichte in Krisenzeiten
i35eemj0,s9qlcamb,0.012289727,Image in keeping in mind,Finanzielle Hilfen für Vertragsärzte: Weitere KVen haben HVM-Änderungen ausgearbeitet
fxrsgieg,ibas6ugg,0.012293994,COVID-19: Was Rheumapatienten jetzt wissen sollten,"Nursing diagnoses, results, and interventions in the care for Covid-19 patients in critical condition."
4wcf4z93,xmz2ag15,0.012299722,Acknowledgement to Referees: Acknowledgement to Referees,Die Tracheotomie bei COVID-19-Patienten - ein Erfahrungsbericht
fxrsgieg,q8tm88ki,0.012307415,COVID-19: Was Rheumapatienten jetzt wissen sollten,The Interplay of Policy and Institutions during COVID-19
i85528l3,z2ulnfop,0.012315095,Clinical course and risk factors for mortality from COVID-19 in patients with haematological malignancies.,Fakten auf einen Blick
o0ujs32e,s9qlcamb,0.012327371,Conclusion: Scales of Time in Disasters,Finanzielle Hilfen für Vertragsärzte: Weitere KVen haben HVM-Änderungen ausgearbeitet
ys4h7dw5,s9qlcamb,0.012340109,An evidence review of face masks against COVID-19,Finanzielle Hilfen für Vertragsärzte: Weitere KVen haben HVM-Änderungen ausgearbeitet
z2ulnfop,vcoqptfx,0.012347182,Fakten auf einen Blick,Prognostic Factors for Adverse Outcomes in COVID-19 Infection.
be00lc3q,fxrsgieg,0.012357164,The Drivers of Environmentally Sustainable Hospital Foodservices,COVID-19: Was Rheumapatienten jetzt wissen sollten
aon6xl7u,s9qlcamb,0.012376498,Assessing Epidemic Trend in Real Time with a Simple Ratio Plot.,Finanzielle Hilfen für Vertragsärzte: Weitere KVen haben HVM-Änderungen ausgearbeitet
s9qlcamb,m5tmj6jb,0.012384563,Finanzielle Hilfen für Vertragsärzte: Weitere KVen haben HVM-Änderungen ausgearbeitet,Career Confidential: Distance learning frustrations
y1qeviqv,fxrsgieg,0.01239954,Contributions and Sacrifices of Medical Students and Health Care Workers With Family Responsibilities Deserve Our Attention and Respect.,COVID-19: Was Rheumapatienten jetzt wissen sollten
lvi4n41u,lvrrv9un,0.012400337,Pflegen kann jede*r!,"Sustainability, Business, and Health."
lvi4n41u,389djar8,0.012411538,Pflegen kann jede*r!,Medical Students in the Time of COVID‐19: Opportunities and Challenges
lvi4n41u,9agh6isx,0.012415506,Pflegen kann jede*r!,Predictors of Entrepreneurship Intention Among Students in Vocational Colleges: A Structural Equation Modeling Approach
fyi22i3k,s9qlcamb,0.012441543,Tackling Dialysis Burden around the World: A Global Challenge.,Finanzielle Hilfen für Vertragsärzte: Weitere KVen haben HVM-Änderungen ausgearbeitet
8a15p5xi,s9qlcamb,0.012446258,Making daily decisions to work from home or to work in the office: The impacts of daily work- and COVID-related stressors on next-day work location,Finanzielle Hilfen für Vertragsärzte: Weitere KVen haben HVM-Änderungen ausgearbeitet
tf0rkkx2,fxrsgieg,0.012507203,Managing the infodemic about COVID‐19: Strategies for clinicians and researchers,COVID-19: Was Rheumapatienten jetzt wissen sollten
mherdb4v,s3qtlt4o,0.012511769,Lessons for and from COVID‐19 for investors and their advisors,"Grundrechte in Zeiten von Corona : Zugleich Anmerkung zu BVerfG, Beschl. v. 7.4.2020 ­ 1 BvR 755/20"
lvi4n41u,9ye3duwr,0.012520809,Pflegen kann jede*r!,Heterogeneity of clinical and radiological findings of COVID-19.
4fv64akh,fxrsgieg,0.012560983,Neurological symptoms in COVID-19 patients,COVID-19: Was Rheumapatienten jetzt wissen sollten
5pp8qvx0,fxrsgieg,0.012566713,From the editors: research in times of COVID,COVID-19: Was Rheumapatienten jetzt wissen sollten
kdznnahe,s9qlcamb,0.012567964,Coming together in the Region to tackle COVID-19,Finanzielle Hilfen für Vertragsärzte: Weitere KVen haben HVM-Änderungen ausgearbeitet
fr9kvfeb,s9qlcamb,0.012569549,Preface: Shifting Career Realities and Navigating Career Journeys,Finanzielle Hilfen für Vertragsärzte: Weitere KVen haben HVM-Änderungen ausgearbeitet
vd05qmnm,lvi4n41u,0.012581097,Sociodemographic and Psychological Study on Performance of Students for The Covid-19 Aftermath Dataset.,Pflegen kann jede*r!
k7o9nzli,fxrsgieg,0.012585708,Vaccine trials ramp up in children and adolescents.,COVID-19: Was Rheumapatienten jetzt wissen sollten
8q390jh7,s9qlcamb,0.012592405,Making ordinary decisions in extraordinary times: a response,Finanzielle Hilfen für Vertragsärzte: Weitere KVen haben HVM-Änderungen ausgearbeitet
ixxxsed3,lvi4n41u,0.012594491,Promoting biosecurity by professionalizing biosecurity,Pflegen kann jede*r!
o4l3kmes,fxrsgieg,0.012603203,Public Health Across the Political Spectrum for All,COVID-19: Was Rheumapatienten jetzt wissen sollten
mwahdi64,c41feqvg,0.012606907,Wichtig für Senioren: Impfschutz gegen Pneumokokken,"Cities, COVID-19 and Sensibilities: A Kaleidoscope of Experiences"
s9qlcamb,aon1syrn,0.012629263,Finanzielle Hilfen für Vertragsärzte: Weitere KVen haben HVM-Änderungen ausgearbeitet,COVID-19: why not learn from the past?
vige30an,fxrsgieg,0.0126340585,"School Principals’ Stress Profiles During COVID-19, Demands, and Resources",COVID-19: Was Rheumapatienten jetzt wissen sollten
7t6d758o,lvi4n41u,0.012656982,Quantifying Adaptability of College Campus Buildings,Pflegen kann jede*r!
nfpiv4vs,fxrsgieg,0.012677738,Epidemiological Characteristics of 55 Patients with COVID-19 and Influencing Factors of Critically Ill Patients/ 55例新型冠状病毒肺炎流行病学特征及重症影响因素,COVID-19: Was Rheumapatienten jetzt wissen sollten
lvi4n41u,chk76zq7,0.012679531,Pflegen kann jede*r!,Safety & Health News
w4j39xqz,s9qlcamb,0.01268653,Decisions should be made case by case,Finanzielle Hilfen für Vertragsärzte: Weitere KVen haben HVM-Änderungen ausgearbeitet
fxrsgieg,g6n5bsjm,0.0126881655,COVID-19: Was Rheumapatienten jetzt wissen sollten,Civility as Public-Mindedness During COVID-19
qc5x252n,s9qlcamb,0.012689429,Look after your hands,Finanzielle Hilfen für Vertragsärzte: Weitere KVen haben HVM-Änderungen ausgearbeitet
gbmzbhvi,lvi4n41u,0.012695457,Advocacy for School Nurses and Student Health and Safety: Highlighting National and State Efforts,Pflegen kann jede*r!
lvi4n41u,x88j7i2k,0.012698673,Pflegen kann jede*r!,Key Contributions in Clinical Research Informatics
excu8l4d,fxrsgieg,0.012727344,"1189 Sociodemographic, clinical and morbidity factors associated with COVID 19 mortality : A retrospective observational study",COVID-19: Was Rheumapatienten jetzt wissen sollten
vp459s2g,e69c9wyw,0.012776226,Community Health Workers And COVID-19.,Nutzen von Erfahrungswissen in Krisen. Zur These einer vermehrten Bezugnahme auf Geschichte in Krisenzeiten
ja687t28,fxrsgieg,0.012797154,Eight hospitalized patients with COVID-19,COVID-19: Was Rheumapatienten jetzt wissen sollten
fxrsgieg,lo8ot5h9,0.012804835,COVID-19: Was Rheumapatienten jetzt wissen sollten,Independent and competing disease risks: implications for host populations in variable environments.
ijnyv6sb,fxrsgieg,0.0128210755,School Nurses on the Front Lines of Health Care: Clinical Presentations Associated With COVID-19 Infection,COVID-19: Was Rheumapatienten jetzt wissen sollten
c2m9jndp,fxrsgieg,0.012831335,Obesity and the COVID-19: Analysis of the clinical and epidemiological profiles of 138 individuals,COVID-19: Was Rheumapatienten jetzt wissen sollten
fxrsgieg,0iu57o05,0.012831928,COVID-19: Was Rheumapatienten jetzt wissen sollten,Clinical Characteristics of 195 Cases of COVID-19 with Gastrointestinal Symptoms COVID-19 with Gastrointestinal Symptoms
ah2uvnw0,fxrsgieg,0.012836655,Meeting the Challenge of Perinatal Care in Rural Communities.,COVID-19: Was Rheumapatienten jetzt wissen sollten
ixxxsed3,fxrsgieg,0.012839596,Promoting biosecurity by professionalizing biosecurity,COVID-19: Was Rheumapatienten jetzt wissen sollten
o1p4w16g,lvi4n41u,0.012844676,Vaccination debates may obscure access issues.,Pflegen kann jede*r!
fxrsgieg,g73hnqnc,0.0128654605,COVID-19: Was Rheumapatienten jetzt wissen sollten,COVID-19 vaccine acceptance among adults in four major US metropolitan areas and nationwide
fxrsgieg,g0s4zaq8,0.012866077,COVID-19: Was Rheumapatienten jetzt wissen sollten,Municipal Markets and the Municipal Liquidity Facility
fxrsgieg,jph37bs0,0.012873308,COVID-19: Was Rheumapatienten jetzt wissen sollten,"COVID-19: Risk groups, mechanistic insights and challenges"
fxrsgieg,oc5zqt5o,0.012875566,COVID-19: Was Rheumapatienten jetzt wissen sollten,COVID-19's extraordinary impact on couples and families
6gpev9ju,4wcf4z93,0.012889751,Möglicher Einfluss von Viren auf die Ausbreitung von Proteinaggregaten,Acknowledgement to Referees: Acknowledgement to Referees
u4s09s1k,fxrsgieg,0.012917516,Cardioprotective 22-hydroxylanostane triterpenoids from the fruiting bodies of Phellinus igniarius,COVID-19: Was Rheumapatienten jetzt wissen sollten
ewl63b2i,hl47p317,0.012936575,Manufacturing Workers and Employers,Inhalatives Budesonid zur Therapie bei COVID-19
2pz0hh9z,lvi4n41u,0.012941755,[the Wages in the Public Healthcare: the Pandemic Challenges],Pflegen kann jede*r!
bnto2xy7,e69c9wyw,0.012943218,COVID‐19 vaccination in children and university students,Nutzen von Erfahrungswissen in Krisen. Zur These einer vermehrten Bezugnahme auf Geschichte in Krisenzeiten
wolipslw,s9qlcamb,0.012956257,How and why are rheumatologists relevant to COVID-19?,Finanzielle Hilfen für Vertragsärzte: Weitere KVen haben HVM-Änderungen ausgearbeitet
xdcktq8q,fxrsgieg,0.012956738,"Experiences of residents, family members and staff in residential care settings for older people during COVID‐19: A mixed methods study",COVID-19: Was Rheumapatienten jetzt wissen sollten
it7friew,vur1c2nf,0.01298661,Vernachlässigen Sie Ihre Hauterkrankung nicht!,Communicating With Patients and Families During COVID-19
bjo6hun1,z2ulnfop,0.0129882125,Scientists' lanes and headwinds.,Fakten auf einen Blick
p81l6zvz,cm8x5wbj,0.013007068,Systemische Immunsuppression in Zeiten von COVID‐19: Müssen wir umdenken?,The Challenges and Rewards of Teledentistry.
4a0hsmfk,s9qlcamb,0.013018535,"Contents of Volume 65, issues 1 and 2",Finanzielle Hilfen für Vertragsärzte: Weitere KVen haben HVM-Änderungen ausgearbeitet
4wcf4z93,q5v3w8rm,0.013019297,Acknowledgement to Referees: Acknowledgement to Referees,Das Stethoskop bleibt wichtig — auch in COVID-19-Zeiten: Kein Auslaufmodell
z2ulnfop,g0vyzsga,0.013029816,Fakten auf einen Blick,Radiographic Findings and other Predictors in Adults with Covid-19
jcchkbbs,lvi4n41u,0.01303637,Learning Mathematics From Home During COVID-19: Insights From Two Inquiry-Focussed Primary Schools,Pflegen kann jede*r!
3wopb3vk,avobcnzk,0.013040875,Factors predicting readmission in patients with COVID-19,Neue Impfempfehlungen - auch zu COVID-19
qcjhxlv4,fxrsgieg,0.013042959,Cultures of rejection in the Covid-19 crisis,COVID-19: Was Rheumapatienten jetzt wissen sollten
s937uxxi,s9qlcamb,0.013083057,Real-Time Estimation of R0 for COVID-19 Spread,Finanzielle Hilfen für Vertragsärzte: Weitere KVen haben HVM-Änderungen ausgearbeitet
fxrsgieg,r5waf6xz,0.013090737,COVID-19: Was Rheumapatienten jetzt wissen sollten,Competitive strategies of small independent retailers
33nxl4de,lvi4n41u,0.0130944755,Concerns About Our Public Medical Response to COVID 19,Pflegen kann jede*r!
jbv80qp7,fxrsgieg,0.013095221,Covid-19 vaccination: Logistical challenges in primary care,COVID-19: Was Rheumapatienten jetzt wissen sollten
fxrsgieg,j37l2rwb,0.01312681,COVID-19: Was Rheumapatienten jetzt wissen sollten,Field Water Disinfection
s9qlcamb,j7cbgmf5,0.013142256,Finanzielle Hilfen für Vertragsärzte: Weitere KVen haben HVM-Änderungen ausgearbeitet,The “Way” Toward E-leadership: Some Evidence From the Field
e1ztoqwd,avobcnzk,0.013144434,Infectious Agents as Potential Drivers of α-Synucleinopathies.,Neue Impfempfehlungen - auch zu COVID-19
lvi4n41u,3ae1hs6m,0.013147044,Pflegen kann jede*r!,"Antibodies: Friends, Foes, or Both? Lessons From COVID-19 for the Rheumatologist"
gtipnn8b,lvi4n41u,0.013158334,A retrospective study: meteorological factors and COVID-19,Pflegen kann jede*r!
ctowz2j8,lvi4n41u,0.013166558,Characteristics and considerations in the medical treatment of COVID‐19 in children,Pflegen kann jede*r!
atva6mfp,ir1q7mtt,0.013195647,COVID-19-Forschungsdaten leichter zugänglich machen – Aufbau einer bundesweiten Informationsinfrastruktur,Randomized Clinical Trials and COVID-19: Managing Expectations.
zhyzr1rp,s9qlcamb,0.013220214,End of Human Life and COVID 19: Heartbreaking experience,Finanzielle Hilfen für Vertragsärzte: Weitere KVen haben HVM-Änderungen ausgearbeitet
vur1c2nf,7rl14tov,0.013228251,Communicating With Patients and Families During COVID-19,Introducción aclaratoria en el contexto covid
lvi4n41u,zvn01cqa,0.013232644,Pflegen kann jede*r!,Climate mitigation policies and the potential pathways to conflict: Outlining a research agenda
ytuhhiwf,atva6mfp,0.013255262,Perspectives: Research for all.,COVID-19-Forschungsdaten leichter zugänglich machen – Aufbau einer bundesweiten Informationsinfrastruktur
fvi8ir06,fxrsgieg,0.013260014,Mathematical Models to Measure the Variability of Nodes and Networks in Team Sports,COVID-19: Was Rheumapatienten jetzt wissen sollten
lvi4n41u,wny93x8z,0.01328347,Pflegen kann jede*r!,COVID-19 and its Impact on Education of Preschool Students in a Developing Nation: A Viewpoint
lvi4n41u,erwxd7lz,0.013302784,Pflegen kann jede*r!,The remaining unknowns: A determination of the current research priorities for COVID-19 by the global health research community
54ag1172,fxrsgieg,0.01330447,Ophthalmological aspects in coronavirus infections,COVID-19: Was Rheumapatienten jetzt wissen sollten
lvi4n41u,29i0hmoi,0.013309916,Pflegen kann jede*r!,A literature review of the effects of social networking sites on secondary school students’ academic achievement
vzqof0nj,fxrsgieg,0.013328676,Risk factors for adverse outcomes of Indigenous infants hospitalized with bronchiolitis,COVID-19: Was Rheumapatienten jetzt wissen sollten
gkti1pc7,fxrsgieg,0.013334556,Economic Studies in Biosurveillance,COVID-19: Was Rheumapatienten jetzt wissen sollten
6peibscl,atva6mfp,0.013355528,Clinical characteristics of 50 cases of suspected COVID-19 in Nanning,COVID-19-Forschungsdaten leichter zugänglich machen – Aufbau einer bundesweiten Informationsinfrastruktur
gmepocon,s9qlcamb,0.013356683,Finding the right leadership style.,Finanzielle Hilfen für Vertragsärzte: Weitere KVen haben HVM-Änderungen ausgearbeitet
4wcf4z93,pyc13boz,0.013361082,Acknowledgement to Referees: Acknowledgement to Referees,Aktueller Stand der Durchführung von Nierenersatztherapien auf deutschen Intensivstationen
mherdb4v,trvwknfb,0.013395219,Lessons for and from COVID‐19 for investors and their advisors,Impfung zur Vorbeugung der COVID-19-Erkrankung sowie Impfpriorisierung bei Epilepsie
4fv64akh,atva6mfp,0.013399211,Neurological symptoms in COVID-19 patients,COVID-19-Forschungsdaten leichter zugänglich machen – Aufbau einer bundesweiten Informationsinfrastruktur
b090de9w,s9qlcamb,0.013404835,This is no time to stop tracking COVID-19,Finanzielle Hilfen für Vertragsärzte: Weitere KVen haben HVM-Änderungen ausgearbeitet
qcghc1c9,lvi4n41u,0.013409765,[Recommendations on neurophysiological studies during the COVID-19 pandemic].,Pflegen kann jede*r!
a1uugmpm,fxrsgieg,0.013413404,The Impact of COVID-19 on the Faces of Frontline Healthcare Workers.,COVID-19: Was Rheumapatienten jetzt wissen sollten
lvi4n41u,bf7fqypb,0.013417966,Pflegen kann jede*r!,"COVID-19 and the workplace: Implications, issues, and insights for future research and action."
fxrsgieg,hcknigdu,0.013432779,COVID-19: Was Rheumapatienten jetzt wissen sollten,Chapter 5.9: major public health problems - infectious disease.
5b7at0ye,e69c9wyw,0.013433029,Neurological Manifestations of COVID-19 in Children.,Nutzen von Erfahrungswissen in Krisen. Zur These einer vermehrten Bezugnahme auf Geschichte in Krisenzeiten
lvi4n41u,jbd3xf9l,0.01344315,Pflegen kann jede*r!,Cities: Space/Time
59ni6j3d,4zt3y5rq,0.013444764,Potential Pathway that Could Treat Coronaviruses (COVID-19),JCD editorial-February 2021
p81l6zvz,x1tj8ls5,0.0134533085,Systemische Immunsuppression in Zeiten von COVID‐19: Müssen wir umdenken?,Health risks at the Hajj
p81l6zvz,lm55pt80,0.013491322,Systemische Immunsuppression in Zeiten von COVID‐19: Müssen wir umdenken?,Key pathways as therapeutic targets
lvi4n41u,dr2ywt13,0.013497883,Pflegen kann jede*r!,Evaluation of mortality predictors in hospitalized COVID-19 patients: Retrospective cohort study
lvi4n41u,9yw7uphi,0.013502102,Pflegen kann jede*r!,Case study on city-airports: Datasets and calculation models
s9qlcamb,gbxenziq,0.0135252215,Finanzielle Hilfen für Vertragsärzte: Weitere KVen haben HVM-Änderungen ausgearbeitet,"Geographic Question Answering: Challenges, Uniqueness, Classification, and Future Directions"
fxrsgieg,iyfugyar,0.013543137,COVID-19: Was Rheumapatienten jetzt wissen sollten,3D Printing in Development of Nanomedicines
8rtierzk,lvi4n41u,0.013568542,COVID-19 - Lessons Learned and Questions Remaining,Pflegen kann jede*r!
y485ev30,fxrsgieg,0.013630947,Defense genes missing from the flight division,COVID-19: Was Rheumapatienten jetzt wissen sollten
r53hrkm4,fxrsgieg,0.013632886,Tertiarization of the Economy and its Trade Policy Implications,COVID-19: Was Rheumapatienten jetzt wissen sollten
90zpv3zn,fxrsgieg,0.013643787,A study on the financial and entrepreneurial risks of small business owners amidst COVID-19,COVID-19: Was Rheumapatienten jetzt wissen sollten
lvi4n41u,0dedc4tw,0.01365817,Pflegen kann jede*r!,Exploring nursing students' experiences as paid employees during the COVID-19 pandemic
lvi4n41u,zt4301cg,0.013658567,Pflegen kann jede*r!,Facts and Figures on Materials Science and Nanotechnology Progress and Investment.
fe82q2o1,bnto2xy7,0.013689095,Pflegedienstleiter in einer besonderen Zeit,COVID‐19 vaccination in children and university students
h7wtvca0,atva6mfp,0.013704886,ResearchPaper:EfficacyofMyofascialReleaseTherapy on the Cardiorespiratory Functions in Patients With COVID-19,COVID-19-Forschungsdaten leichter zugänglich machen – Aufbau einer bundesweiten Informationsinfrastruktur
blt20o20,e69c9wyw,0.013709447,Risk factors for redetectable positivity in recovered COVID-19 children,Nutzen von Erfahrungswissen in Krisen. Zur These einer vermehrten Bezugnahme auf Geschichte in Krisenzeiten
lvi4n41u,0yqzvzap,0.013744986,Pflegen kann jede*r!,Opportunities and challenges for promoting health in a changing world
p81l6zvz,vp459s2g,0.013749082,Systemische Immunsuppression in Zeiten von COVID‐19: Müssen wir umdenken?,Community Health Workers And COVID-19.
lvi4n41u,wi8osas0,0.0137698455,Pflegen kann jede*r!,Capital markets and perceptions of sectoral sensitivity to COVID-19
f9id76v2,fxrsgieg,0.013770307,"COVID‐19 in pregnant women and children: Insights on clinical manifestations, complexities, and pathogenesis",COVID-19: Was Rheumapatienten jetzt wissen sollten
lvi4n41u,kqbeinez,0.01378366,Pflegen kann jede*r!,Community Health Workers and Pandemic Preparedness: Current and Prospective Roles
4ll2rqh3,4a0hsmfk,0.013786583,"Weniger Arbeit, mehr Urlaub","Contents of Volume 65, issues 1 and 2"
xrlpbfec,s9qlcamb,0.013789742,Face-to-Face and On-line Physics Teaching on Engineering Courses: Strategy effectiveness measurements,Finanzielle Hilfen für Vertragsärzte: Weitere KVen haben HVM-Änderungen ausgearbeitet
4a0hsmfk,z2ulnfop,0.013822755,"Contents of Volume 65, issues 1 and 2",Fakten auf einen Blick
blt20o20,s9qlcamb,0.013823574,Risk factors for redetectable positivity in recovered COVID-19 children,Finanzielle Hilfen für Vertragsärzte: Weitere KVen haben HVM-Änderungen ausgearbeitet
wiwzstlf,s9qlcamb,0.013826825,"Four Women, One Evening.",Finanzielle Hilfen für Vertragsärzte: Weitere KVen haben HVM-Änderungen ausgearbeitet
lvi4n41u,z5jbdpd1,0.013841604,Pflegen kann jede*r!,"COVID-19 Regulations, Political Institutions, and the Environment"
0hiqopud,s9qlcamb,0.013854037,Why Meaning in Life Matters for Societal Flourishing,Finanzielle Hilfen für Vertragsärzte: Weitere KVen haben HVM-Änderungen ausgearbeitet
90buys6h,s9qlcamb,0.013855346,"Covid-19, Environmental Engineering and the End of the World as We Know it",Finanzielle Hilfen für Vertragsärzte: Weitere KVen haben HVM-Änderungen ausgearbeitet
w0ibe0t3,fxrsgieg,0.013872286,Air Disinfection—From Medical Areas to Vehicle,COVID-19: Was Rheumapatienten jetzt wissen sollten
9lz1ypc2,s9qlcamb,0.0138842,Connecting Landscapes for Conservation in a Changing World,Finanzielle Hilfen für Vertragsärzte: Weitere KVen haben HVM-Änderungen ausgearbeitet
8s6v1c9z,s9qlcamb,0.013904004,Representative Committees of Peers,Finanzielle Hilfen für Vertragsärzte: Weitere KVen haben HVM-Änderungen ausgearbeitet
20d8g4g4,fxrsgieg,0.013927992,Advances in Molecular Diagnostic Approaches for Biothreat Agents,COVID-19: Was Rheumapatienten jetzt wissen sollten
af3ojiob,fxrsgieg,0.013950097,Cerebrovascular events in COVID-19 patients,COVID-19: Was Rheumapatienten jetzt wissen sollten
cjmodj9y,79hf1x4j,0.013985008,"Cities, Economies and COVID-19 Pandemic",Sind durch COVID-19 (mehr) Patienten mit Hörverlust zu erwarten?
ys89q4za,fxrsgieg,0.014032908,Scanning profile of patients with covid-19 infection: about 100 cases,COVID-19: Was Rheumapatienten jetzt wissen sollten
fxrsgieg,3gwru4h0,0.014037237,COVID-19: Was Rheumapatienten jetzt wissen sollten,"COVID-19, Security Threats and Public Opinions"
lvi4n41u,o7hlp5w8,0.014055348,Pflegen kann jede*r!,COVID-19 and psychiatric training: Results from the efpt country surveys
ekqx5vz4,s9qlcamb,0.0140705295,Problems Encountered in Distance Teaching Practices Course and Solution Suggestions,Finanzielle Hilfen für Vertragsärzte: Weitere KVen haben HVM-Änderungen ausgearbeitet
fxrsgieg,3e8k2ho1,0.014072951,COVID-19: Was Rheumapatienten jetzt wissen sollten,Preceptors’ perceptions of assessing clinical associate students at district hospital sites
cir2t25q,atva6mfp,0.014074168,Keeping the research spotlight on COVID-19,COVID-19-Forschungsdaten leichter zugänglich machen – Aufbau einer bundesweiten Informationsinfrastruktur
meai4twz,4wcf4z93,0.014103913,Was ist gesichert in der Therapie von autoinflammatorischen Fiebererkrankungen?,Acknowledgement to Referees: Acknowledgement to Referees
iwuqh1ou,fxrsgieg,0.014116994,Three-month outcomes in hospitalized COVID-19 patients,COVID-19: Was Rheumapatienten jetzt wissen sollten
g0c9r4gg,s9qlcamb,0.014119037,Towards a Theory of Elsewhere,Finanzielle Hilfen für Vertragsärzte: Weitere KVen haben HVM-Änderungen ausgearbeitet
92duuu7h,fxrsgieg,0.01412056,"Pregnancy, Postpartum Care, and COVID-19 Vaccination in 2021.",COVID-19: Was Rheumapatienten jetzt wissen sollten
vy1f611t,fxrsgieg,0.014133373,Mucocutaneous manifestations in children hospitalized with COVID-19,COVID-19: Was Rheumapatienten jetzt wissen sollten
a1uugmpm,s9qlcamb,0.014135768,The Impact of COVID-19 on the Faces of Frontline Healthcare Workers.,Finanzielle Hilfen für Vertragsärzte: Weitere KVen haben HVM-Änderungen ausgearbeitet
rrkvdh4n,s9qlcamb,0.0141365845,The Effect of Distance Teaching Experiences on Educators' Attitudes toward Distance Education for Preschoolers,Finanzielle Hilfen für Vertragsärzte: Weitere KVen haben HVM-Änderungen ausgearbeitet
8dxz1oa2,s9qlcamb,0.014157184,Online and face‐to‐face learning: Evidence from students’ performance during the Covid‐19 pandemic,Finanzielle Hilfen für Vertragsärzte: Weitere KVen haben HVM-Änderungen ausgearbeitet
693r9rey,e69c9wyw,0.014173511,Medical emergencies on commercial airline flights.,Nutzen von Erfahrungswissen in Krisen. Zur These einer vermehrten Bezugnahme auf Geschichte in Krisenzeiten
fxrsgieg,g6p30vlb,0.0141735505,COVID-19: Was Rheumapatienten jetzt wissen sollten,COVID-19 in CVID: a Case Series of 17 Patients
76xp953p,s9qlcamb,0.014173972,So what does this all mean?,Finanzielle Hilfen für Vertragsärzte: Weitere KVen haben HVM-Änderungen ausgearbeitet
lvi4n41u,8kzu1pk2,0.014186245,Pflegen kann jede*r!,Pandemic Economics: Problems and Prospects
bhxg6g3d,s9qlcamb,0.014201818,Improvement of Quality of Higher Education Institutions as a Basis for Improvement of Quality of Life,Finanzielle Hilfen für Vertragsärzte: Weitere KVen haben HVM-Änderungen ausgearbeitet
p81l6zvz,b5d032uv,0.014206809,Systemische Immunsuppression in Zeiten von COVID‐19: Müssen wir umdenken?,Contributions and Challenges in Health Lifestyles Research.
fxrsgieg,rzko18zw,0.01421131,COVID-19: Was Rheumapatienten jetzt wissen sollten,Core outcomes sets for studies evaluating critical illness and patient recovery.
rwmp14gd,cx0f2qs8,0.014218847,Vedvarende bruk av opioider og samtidig bruk av andre vanedannende legemidler,"Antigenicity, Immunogenicity, Allergenicity"
ojtkitu2,s3qtlt4o,0.014224961,Urological issues in cyclists,"Grundrechte in Zeiten von Corona : Zugleich Anmerkung zu BVerfG, Beschl. v. 7.4.2020 ­ 1 BvR 755/20"
z2ulnfop,lm55pt80,0.0142465625,Fakten auf einen Blick,Key pathways as therapeutic targets
el8qfb1d,fxrsgieg,0.014283353,Electrocardiogram analysis of patients with different types of COVID-19,COVID-19: Was Rheumapatienten jetzt wissen sollten
lvi4n41u,xznm8bhk,0.014305972,Pflegen kann jede*r!,The ICOH Survey on COVID-19: global view on policy responses at country level
4wcf4z93,ibyfywzv,0.014318004,Acknowledgement to Referees: Acknowledgement to Referees,Überraschung von der KBV: Ein neues Prüfwesen!: Wirtschaftlichkeit
fxrsgieg,vcoqptfx,0.014332199,COVID-19: Was Rheumapatienten jetzt wissen sollten,Prognostic Factors for Adverse Outcomes in COVID-19 Infection.
8o7ebixz,s9qlcamb,0.01433269,Identification of the Most Critical Factors in Bankruptcy Prediction and Credit Classification of Companies,Finanzielle Hilfen für Vertragsärzte: Weitere KVen haben HVM-Änderungen ausgearbeitet
33nezniw,fxrsgieg,0.014333242,Reproducibility of step tests in patients with bronchiectasis.,COVID-19: Was Rheumapatienten jetzt wissen sollten
xyzrcwlm,atva6mfp,0.014334918,Evaluation of Pupillometric Parameters in Patients with COVID-19.,COVID-19-Forschungsdaten leichter zugänglich machen – Aufbau einer bundesweiten Informationsinfrastruktur
ewl63b2i,xra1kr2m,0.014339069,Manufacturing Workers and Employers,Haut kann Hinweis auf Verlauf liefern
dakuwflh,lvi4n41u,0.01434656,A comprehensive appraisal of laboratory biochemistry tests as major predictors of COVID-19 severity.,Pflegen kann jede*r!
ojtkitu2,79hf1x4j,0.014378866,Urological issues in cyclists,Sind durch COVID-19 (mehr) Patienten mit Hörverlust zu erwarten?
jyit9dzk,fxrsgieg,0.014409362,[Home confinement: The other side of the epidemic].,COVID-19: Was Rheumapatienten jetzt wissen sollten
9rs5jk6m,fxrsgieg,0.014410372,Results are not generalizable to children attending school.,COVID-19: Was Rheumapatienten jetzt wissen sollten
lvi4n41u,y1qeviqv,0.014433669,Pflegen kann jede*r!,Contributions and Sacrifices of Medical Students and Health Care Workers With Family Responsibilities Deserve Our Attention and Respect.
lvi4n41u,jnf20rvs,0.014443268,Pflegen kann jede*r!,Media Technologies in the Corporate Model of Media Education: Opportunities and Prospects
pbrokrkb,lvi4n41u,0.014444254,Envisioning opportunities and movement for the future of academic libraries,Pflegen kann jede*r!
mq4krgxl,fxrsgieg,0.014449085,Peripatetic health-care workers as potential superspreaders.,COVID-19: Was Rheumapatienten jetzt wissen sollten
eejbycpb,fxrsgieg,0.014465662,Concerning Pathophysiology and Justifying Clinical Trials,COVID-19: Was Rheumapatienten jetzt wissen sollten
fxrsgieg,2hqv1ns3,0.014483773,COVID-19: Was Rheumapatienten jetzt wissen sollten,"Water Stewardship, Health Stewardship"
lvi4n41u,y2peitw9,0.014494305,Pflegen kann jede*r!,"Structured medication reviews: origins, implementation, evidence, and prospects"
fxrsgieg,9wtwiarx,0.014523062,COVID-19: Was Rheumapatienten jetzt wissen sollten,Veterans Health Administration Staff Perceptions of Overseeing Care in Community Nursing Homes During COVID-19
fxrsgieg,oja3pn34,0.0145285,COVID-19: Was Rheumapatienten jetzt wissen sollten,Clinical Considerations for Immunoparesis in Multiple Myeloma
1ehuiwmt,s9qlcamb,0.014547201,Settling down without settling: Perceived changes in partner preferences in response to COVID-19,Finanzielle Hilfen für Vertragsärzte: Weitere KVen haben HVM-Änderungen ausgearbeitet
xst1oa4u,lvi4n41u,0.0145550445,Board Considerations for Covid‐19 Vaccine Programs,Pflegen kann jede*r!
pq1dcz3a,fxrsgieg,0.014570899,Category C Diseases and Agents,COVID-19: Was Rheumapatienten jetzt wissen sollten
7d24yhp4,s9qlcamb,0.014583988,Nurses step up to the challenge of working during the pandemic,Finanzielle Hilfen für Vertragsärzte: Weitere KVen haben HVM-Änderungen ausgearbeitet
z2ulnfop,c49jxl06,0.014617313,Fakten auf einen Blick,Host factors: Implications in immunopathogenesis of COVID-19
lvi4n41u,emiqoz3g,0.014630748,Pflegen kann jede*r!,Life in the time of COVID: Thoughts on current trends and future directions in mathematics education
412s8p24,fxrsgieg,0.014660782,COVID-19 Vaccine in Pregnancy: Vaccine Hesitancy Among Obstetricians and Midwives,COVID-19: Was Rheumapatienten jetzt wissen sollten
c41feqvg,xz2qa948,0.014683775,"Cities, COVID-19 and Sensibilities: A Kaleidoscope of Experiences","""Erst gegen Covid, dann gegen Zoster impfen"""
ndzft9az,e69c9wyw,0.0146912215,Hematological parameters- as mortality predictors in COVID-19 patients,Nutzen von Erfahrungswissen in Krisen. Zur These einer vermehrten Bezugnahme auf Geschichte in Krisenzeiten
gg0466lc,fxrsgieg,0.014703733,Diseases with health disparities as drivers of COVID‐19 outcome,COVID-19: Was Rheumapatienten jetzt wissen sollten
vur1c2nf,cn83xmrs,0.014728225,Communicating With Patients and Families During COVID-19,Was fliegt denn da?
lvi4n41u,88idgcr7,0.014744981,Pflegen kann jede*r!,Second RCVS survey shows positive trends
54ag1172,z2ulnfop,0.014749409,Ophthalmological aspects in coronavirus infections,Fakten auf einen Blick
s9qlcamb,9svz3ch2,0.014751468,Finanzielle Hilfen für Vertragsärzte: Weitere KVen haben HVM-Änderungen ausgearbeitet,"Face Time, Pandemic Style*"
a6rs720a,fxrsgieg,0.014756139,Reflections on 2020: Trustworthiness and the Consolation of Culture.,COVID-19: Was Rheumapatienten jetzt wissen sollten
4wcf4z93,wqcowr2g,0.0147637,Acknowledgement to Referees: Acknowledgement to Referees,"Schlaganfallpatienten mit COVID-19 in Deutschland: Hohe Behandlungsintensität, aber auch hohe Mortalität"
fxrsgieg,ysgg0jmq,0.01476825,COVID-19: Was Rheumapatienten jetzt wissen sollten,CMAJ 2011 election survey: public health.
fxrsgieg,p8wap2ua,0.014812377,COVID-19: Was Rheumapatienten jetzt wissen sollten,Embracing the Distance: Accessing Dances of Connection
fxrsgieg,7ewgu05x,0.014823342,COVID-19: Was Rheumapatienten jetzt wissen sollten,Improving Health Among Rural Residents in the US
uxn7jopb,e69c9wyw,0.014825376,Men's feelings and emotions in the Covid-19 framing,Nutzen von Erfahrungswissen in Krisen. Zur These einer vermehrten Bezugnahme auf Geschichte in Krisenzeiten
lvi4n41u,4fekn6rq,0.014830528,Pflegen kann jede*r!,Reaching Consensus on Politicized Topics: A Convening of Public Health Professionals to Discuss Appropriate Abortion Activities for US Health Departments.
fxrsgieg,2dj7xxq3,0.014833986,COVID-19: Was Rheumapatienten jetzt wissen sollten,Legal Aspects of Biosecurity
fxrsgieg,hz5cfj4v,0.014880581,COVID-19: Was Rheumapatienten jetzt wissen sollten,Barriers to Participation in Clinical Trials: The Problem of Information
lvi4n41u,e34033vv,0.014883193,Pflegen kann jede*r!,Clinical and microbiological assessments of COVID-19 in healthcare workers: a prospective longitudinal study
uy66yzqz,lvi4n41u,0.014885792,The times and spaces of transplantation: queercrip histories as futurities,Pflegen kann jede*r!
5debm6co,fxrsgieg,0.014893011,Navigating uncharted waters,COVID-19: Was Rheumapatienten jetzt wissen sollten
g0xwjdar,s9qlcamb,0.014896196,"When It Matters Most, The Best of Who We Are Shows Up",Finanzielle Hilfen für Vertragsärzte: Weitere KVen haben HVM-Änderungen ausgearbeitet
ugp6wjcz,s9qlcamb,0.0149216,The big picture - An IPHA initiative.,Finanzielle Hilfen für Vertragsärzte: Weitere KVen haben HVM-Änderungen ausgearbeitet
lvi4n41u,49frsu96,0.014925311,Pflegen kann jede*r!,Measuring Cumulative Stressfulness: Psychometric Properties of the COVID-19 Stressors Scale
ois5rucs,fxrsgieg,0.0149374055,From the Guest Editors: Grief,COVID-19: Was Rheumapatienten jetzt wissen sollten
1953w02l,79hf1x4j,0.0149376,Key Characteristics of Cardiovascular Toxicants,Sind durch COVID-19 (mehr) Patienten mit Hörverlust zu erwarten?
c8cz3ggd,fxrsgieg,0.014947072,COVID-19 hospitalization rate in children across a private hospital network in the United States: COVID-19 hospitalization rate in children,COVID-19: Was Rheumapatienten jetzt wissen sollten
whjeqdnw,s9qlcamb,0.014948438,Working from Home: Impact on Wellbeing and Work-Life Balance,Finanzielle Hilfen für Vertragsärzte: Weitere KVen haben HVM-Änderungen ausgearbeitet
j4e9g1oh,fxrsgieg,0.014954748,Returning Home from COVID Island,COVID-19: Was Rheumapatienten jetzt wissen sollten
fxrsgieg,tq9k1kj8,0.014972393,COVID-19: Was Rheumapatienten jetzt wissen sollten,Perceptions of Teachers in Training on Water Issues and Their Relationship to the SDGs
1vzus1y4,fxrsgieg,0.014995748,Characteristics and Outcomes of COVID-19 Infection from an Urban Ambulatory COVID-19 Clinic-Guidance for Outpatient Clinicians in Triaging Patients,COVID-19: Was Rheumapatienten jetzt wissen sollten
xlj31f71,fxrsgieg,0.015001335,The Major Macroeconomic Trends,COVID-19: Was Rheumapatienten jetzt wissen sollten
lvi4n41u,3e8k2ho1,0.0150073245,Pflegen kann jede*r!,Preceptors’ perceptions of assessing clinical associate students at district hospital sites
fbkkk5xu,s9qlcamb,0.015030587,Will QUADAS-C Make a Complicated Task Less Complex?,Finanzielle Hilfen für Vertragsärzte: Weitere KVen haben HVM-Änderungen ausgearbeitet
1gp58zxg,fxrsgieg,0.015040445,Clinical presentation and course of COVID-19,COVID-19: Was Rheumapatienten jetzt wissen sollten
s9qlcamb,azn40hpf,0.0150643345,Finanzielle Hilfen für Vertragsärzte: Weitere KVen haben HVM-Änderungen ausgearbeitet,COVID-19: Challenges and Lessons Learned from Early Career Investigators
msagp2ne,s9qlcamb,0.015077101,Why Working from Home Will Stick,Finanzielle Hilfen für Vertragsärzte: Weitere KVen haben HVM-Änderungen ausgearbeitet
s9qlcamb,cs8ro7fa,0.015122878,Finanzielle Hilfen für Vertragsärzte: Weitere KVen haben HVM-Änderungen ausgearbeitet,Point&Select: Designing an Interaction Technique for Inputting Surrounding Point of Interests in Driving Context
lvi4n41u,zxralurd,0.015123675,Pflegen kann jede*r!,Mobilizing Hospitals to Mobilize Patients
fxrsgieg,5ccysnp4,0.015151483,COVID-19: Was Rheumapatienten jetzt wissen sollten,Working from home in times of COVID-19: Health benefits and risks
z2ulnfop,yf01blgy,0.015166024,Fakten auf einen Blick,Chapter 7 Environmental and Safety Issues With Nanoparticles
daq0a5sg,ewl63b2i,0.015170472,Auf dem weiten Weg zu neuen Therapien bei ILD,Manufacturing Workers and Employers
zxnhc6p7,fxrsgieg,0.015193077,Pathogenesis: Nonimmunological Factors and Genetic Resistance,COVID-19: Was Rheumapatienten jetzt wissen sollten
bjo6hun1,d7rlj43k,0.0151934335,Scientists' lanes and headwinds.,Einladung zu einer Hybrid-Veranstaltung 2022
lvi4n41u,ircp8i4f,0.015205792,Pflegen kann jede*r!,COVID-19 and Comparative Health Policy Learning; the Experience of 10 Countries.
xijh0s4t,fxrsgieg,0.015216246,Risk factor analysis of COVID-19,COVID-19: Was Rheumapatienten jetzt wissen sollten
0cxm70oz,fxrsgieg,0.015222503,The COVID-19 Impact on Childcare in Agricultural Populations,COVID-19: Was Rheumapatienten jetzt wissen sollten
egyiqd4m,s9qlcamb,0.015239557,The shocking revelations of the Care Quality Commission's report on DNACPR decisions,Finanzielle Hilfen für Vertragsärzte: Weitere KVen haben HVM-Änderungen ausgearbeitet
5t9s1rs9,lvi4n41u,0.015248189,Elite Quality Report 2021: Country Scores and Global Rankings,Pflegen kann jede*r!
fxrsgieg,mnuf36df,0.015277309,COVID-19: Was Rheumapatienten jetzt wissen sollten,Detection and molecular characterization of sapoviruses in dogs
uiyig136,mherdb4v,0.015288575,Schneller Ausstieg oder bedachte Lockerung?: Zur Zukunft von Kontaktbeschränkungen in der COVID-19-Krise,Lessons for and from COVID‐19 for investors and their advisors
xz2qa948,ewl63b2i,0.015289199,"""Erst gegen Covid, dann gegen Zoster impfen""",Manufacturing Workers and Employers
qc2dn97v,lvi4n41u,0.015290819,Perceptions of families towards media support for their children with disabilities during the COVID-19 pandemic,Pflegen kann jede*r!
o6hbtt4x,ewl63b2i,0.015296574,Vom Protest- zum Quarantänejahr: Neue Arenen der Konfliktaushandlung,Manufacturing Workers and Employers
6egi1dn8,fxrsgieg,0.015304866,Insights into allergic risk factors from birth cohort studies,COVID-19: Was Rheumapatienten jetzt wissen sollten
fxrsgieg,wxti77du,0.0153075205,COVID-19: Was Rheumapatienten jetzt wissen sollten,"COVID-19 Outcomes Among the Hispanic Population of 27 Large US Cities, 2020-2021."
z2ulnfop,9s3aklh6,0.0153081855,Fakten auf einen Blick,Quarantine: Psychological aspects
f92j2gzl,lvi4n41u,0.015310883,Recommending COVID-19 Vaccines to Patients: Practice and Concerns of Frontline Family Doctors,Pflegen kann jede*r!
fxrsgieg,zrgjlbla,0.015320685,COVID-19: Was Rheumapatienten jetzt wissen sollten,Inclusion of children and pregnant women in COVID-19 intervention trials.
lvi4n41u,ccuyojbq,0.015328917,Pflegen kann jede*r!,Teachers: the forgotten health workforce
s9qlcamb,obdaskaa,0.015342462,Finanzielle Hilfen für Vertragsärzte: Weitere KVen haben HVM-Änderungen ausgearbeitet,Obesity and COVID-19 outcomes: a risk factor that needs attention
jpa07xua,lvi4n41u,0.015342625,Generational differences in beliefs about COVID-19 vaccines,Pflegen kann jede*r!
6hc2fc6o,s9qlcamb,0.015374398,Women in academic leadership: A chance to shape the future.,Finanzielle Hilfen für Vertragsärzte: Weitere KVen haben HVM-Änderungen ausgearbeitet
13hdz34g,fxrsgieg,0.015375968,Hysteresis and Business Cycles,COVID-19: Was Rheumapatienten jetzt wissen sollten
i0wcor6o,fxrsgieg,0.015384467,Population pharmacokinetics of favipiravir in patients with COVID‐19,COVID-19: Was Rheumapatienten jetzt wissen sollten
86esyb9q,4wcf4z93,0.015411656,Erfolge feiern - Zukunft gestalten,Acknowledgement to Referees: Acknowledgement to Referees
l62p4b8b,fxrsgieg,0.015436079,Considerations for Community-Based Organizations,COVID-19: Was Rheumapatienten jetzt wissen sollten
lvi4n41u,r6s6es18,0.015441229,Pflegen kann jede*r!,Computations with Algebraic Surfaces
lvi4n41u,2dj7xxq3,0.015442491,Pflegen kann jede*r!,Legal Aspects of Biosecurity
lvi4n41u,yf01blgy,0.015486545,Pflegen kann jede*r!,Chapter 7 Environmental and Safety Issues With Nanoparticles
ivryso1h,fxrsgieg,0.015521526,Vaccination of Immunocompromised Cats,COVID-19: Was Rheumapatienten jetzt wissen sollten
fxrsgieg,yf01blgy,0.015526128,COVID-19: Was Rheumapatienten jetzt wissen sollten,Chapter 7 Environmental and Safety Issues With Nanoparticles
atva6mfp,fiskunb4,0.015528201,COVID-19-Forschungsdaten leichter zugänglich machen – Aufbau einer bundesweiten Informationsinfrastruktur,The COVID-19 Pandemic: Challenges for the Neurosurgeons and Neurologists.
lvi4n41u,7zuekk7p,0.015535625,Pflegen kann jede*r!,Reflections on the Decline of Academia: Large Problems and Small Minds
g8a930tu,fxrsgieg,0.015541632,Skin of Infants and Children: Dermatological Manifestations of COVID-19 in Children.,COVID-19: Was Rheumapatienten jetzt wissen sollten
t1uikg0o,e69c9wyw,0.015543744,Coinfection with other respiratory pathogens in COVID-19 patients,Nutzen von Erfahrungswissen in Krisen. Zur These einer vermehrten Bezugnahme auf Geschichte in Krisenzeiten
8o7ebixz,fxrsgieg,0.015544031,Identification of the Most Critical Factors in Bankruptcy Prediction and Credit Classification of Companies,COVID-19: Was Rheumapatienten jetzt wissen sollten
6h2blgqj,8p7vktc7,0.015550987,"Christianity, Family, Students, and COVID-19",Keine Wirtschaftlichkeitsprüfungen für 2019: In Rheinland-Pfalz wurde das Ausgabenvolumen eingehalten
lvi4n41u,7j92yzcn,0.015554065,Pflegen kann jede*r!,COVID-19: Clinical Trials and Potential Therapeutic Agents - A Narrative Review
fxrsgieg,gz2tuclx,0.015571903,COVID-19: Was Rheumapatienten jetzt wissen sollten,"Aspirations, Concerns and Priorities of Families with School-age Children"
7yzn3rpr,fxrsgieg,0.015578807,Friends and enemies of humans and viruses,COVID-19: Was Rheumapatienten jetzt wissen sollten
4wcf4z93,w7n2q1le,0.015579646,Acknowledgement to Referees: Acknowledgement to Referees,"""Ich spritze dieses Jahr nicht"""
z2ulnfop,xlj31f71,0.0155925155,Fakten auf einen Blick,The Major Macroeconomic Trends
lvi4n41u,1139lgv7,0.015601021,Pflegen kann jede*r!,Covid-19 and the healthcare professionals of the future
45g8ebqz,fxrsgieg,0.015635556,"Care, COVID‐19 and crisis: Area as a space for critical contributions",COVID-19: Was Rheumapatienten jetzt wissen sollten
eartzb9c,fxrsgieg,0.015645979,Identifying Associations between Quality Initiatives and Quality Measures among Home Health Agencies: Findings from a National Study.,COVID-19: Was Rheumapatienten jetzt wissen sollten
v26a61wt,e69c9wyw,0.015675584,Editorial: Ritual Unions,Nutzen von Erfahrungswissen in Krisen. Zur These einer vermehrten Bezugnahme auf Geschichte in Krisenzeiten
s9qlcamb,07by85bu,0.015682602,Finanzielle Hilfen für Vertragsärzte: Weitere KVen haben HVM-Änderungen ausgearbeitet,Back to What School?
fxrsgieg,0d85i54c,0.01568355,COVID-19: Was Rheumapatienten jetzt wissen sollten,Managing conflicts of interest in the development of health guidelines
lvi4n41u,bjj8jhbb,0.015713226,Pflegen kann jede*r!,Training Networks of Local Health Departments: A Regional Assessment.
s9qlcamb,5hagy003,0.015723312,Finanzielle Hilfen für Vertragsärzte: Weitere KVen haben HVM-Änderungen ausgearbeitet,Measurement for Change: From Idea to Approach
atva6mfp,aoi4iqkf,0.015743813,COVID-19-Forschungsdaten leichter zugänglich machen – Aufbau einer bundesweiten Informationsinfrastruktur,Clinical characteristics of 50466 patients with 2019-nCoV infection
t08jvyv1,fxrsgieg,0.015765235,Understanding the Experiences of Remote Workers: Opportunities for Ambient Workspaces at Home,COVID-19: Was Rheumapatienten jetzt wissen sollten
e15swxek,4ll2rqh3,0.015778827,Meeting the Challenges of COVID-19 at the Close of 2020,"Weniger Arbeit, mehr Urlaub"
lvi4n41u,5b7at0ye,0.015786154,Pflegen kann jede*r!,Neurological Manifestations of COVID-19 in Children.
4zxp3uae,fxrsgieg,0.015799033,Chapter 12. Antiviral Agents,COVID-19: Was Rheumapatienten jetzt wissen sollten
h31a465v,fxrsgieg,0.01582422,COVID-19 in Patients With Hematologic Malignancies: A Single Center Retrospective Study,COVID-19: Was Rheumapatienten jetzt wissen sollten
w83gmv90,s9qlcamb,0.015847577,My Two-Dimensional Life,Finanzielle Hilfen für Vertragsärzte: Weitere KVen haben HVM-Änderungen ausgearbeitet
s9qlcamb,gz2tuclx,0.015884787,Finanzielle Hilfen für Vertragsärzte: Weitere KVen haben HVM-Änderungen ausgearbeitet,"Aspirations, Concerns and Priorities of Families with School-age Children"
z2ulnfop,cjmodj9y,0.015912473,Fakten auf einen Blick,"Cities, Economies and COVID-19 Pandemic"
q4cynx35,s9qlcamb,0.015920762,[Impact of COVID-19 on children and their families],Finanzielle Hilfen für Vertragsärzte: Weitere KVen haben HVM-Änderungen ausgearbeitet
ufi8f8hq,lvi4n41u,0.015936859,"A national teledentistry study on the knowledge, attitudes, training and practices of private dentists",Pflegen kann jede*r!
0qpatdp7,s9qlcamb,0.015943542,Unemployment in the time of COVID-19: A research agenda(),Finanzielle Hilfen für Vertragsärzte: Weitere KVen haben HVM-Änderungen ausgearbeitet
7fszbjt3,4wcf4z93,0.01594392,Biomarker zu Sepsisdiagnose und -therapiesteuerung – Nicht mehr als ein Puzzleteil,Acknowledgement to Referees: Acknowledgement to Referees
lvi4n41u,l48sa4h0,0.015956081,Pflegen kann jede*r!,Nanoparticles: Antimicrobial Applications and Its Prospects
z4txz5hj,fxrsgieg,0.015964309,Hematological Findings and Clinical Severity in Pediatric Patients with COVID-19,COVID-19: Was Rheumapatienten jetzt wissen sollten
cxy9qwnb,4wcf4z93,0.015968699,"Coronaimpfung nicht risikofrei, aber im Vergleich zu COVID-19 harmlos",Acknowledgement to Referees: Acknowledgement to Referees
rzg7qmwx,fxrsgieg,0.016001567,A Tribute to Our Nurses on the Front Lines of Care.,COVID-19: Was Rheumapatienten jetzt wissen sollten
x2yhq96f,fxrsgieg,0.01600243,Antineutrophil cytoplasmic antibodies and their association with clinical outcomes in hospitalized COVID-19 patients,COVID-19: Was Rheumapatienten jetzt wissen sollten
lvi4n41u,8rmlec31,0.016004955,Pflegen kann jede*r!,[Health protection guideline of schools and other educational institutions during COVID-19 outbreak]
fhhhp1lm,e69c9wyw,0.016025461,A-83 Neuropsychological Outcomes in Two COVID-19 Patients,Nutzen von Erfahrungswissen in Krisen. Zur These einer vermehrten Bezugnahme auf Geschichte in Krisenzeiten
tatzkeni,pez6to2e,0.016046392,"Market prices, analysts' predictions, and Covid19",Infektionsschutz: Wenn gegen Regeln verstoßen wird
ikp2z39k,atva6mfp,0.016057208,Variable importance scores,COVID-19-Forschungsdaten leichter zugänglich machen – Aufbau einer bundesweiten Informationsinfrastruktur
p81l6zvz,l705no5s,0.016075196,Systemische Immunsuppression in Zeiten von COVID‐19: Müssen wir umdenken?,Academic Coaching of Medical Students During COVID-19
lvi4n41u,xoywbqqr,0.016082715,Pflegen kann jede*r!,"Undertaking a scoping review: A practical guide for nursing and midwifery students, clinicians, researchers, and academics."
aeic8ex5,s9qlcamb,0.016082775,Love and emotions at the time of COVID-19,Finanzielle Hilfen für Vertragsärzte: Weitere KVen haben HVM-Änderungen ausgearbeitet
riuc8vl2,fxrsgieg,0.016114809,Do national cultures matter in the containment of COVID-19?,COVID-19: Was Rheumapatienten jetzt wissen sollten
8sfww8lr,fxrsgieg,0.016122237,The impact and contribution of family in the care of hospitalized patients,COVID-19: Was Rheumapatienten jetzt wissen sollten
lvi4n41u,o6y7tpod,0.016135426,Pflegen kann jede*r!,Thank You Note to all our 2021 Reviewers
fxrsgieg,4guz2qg4,0.016155792,COVID-19: Was Rheumapatienten jetzt wissen sollten,Childcare services in cities: challenges and emerging solutions for women informal workers and their children
e1ztoqwd,atva6mfp,0.016183563,Infectious Agents as Potential Drivers of α-Synucleinopathies.,COVID-19-Forschungsdaten leichter zugänglich machen – Aufbau einer bundesweiten Informationsinfrastruktur
d0kah7rr,s9qlcamb,0.016188491,"RipetaScore: Measuring the Quality, Transparency, and Trustworthiness of a Scientific Work",Finanzielle Hilfen für Vertragsärzte: Weitere KVen haben HVM-Änderungen ausgearbeitet
p81l6zvz,7j1l9uxj,0.016199986,Systemische Immunsuppression in Zeiten von COVID‐19: Müssen wir umdenken?,"COVID-19 vaccine development: milestones, lessons and prospects"
xlj31f71,79hf1x4j,0.016207924,The Major Macroeconomic Trends,Sind durch COVID-19 (mehr) Patienten mit Hörverlust zu erwarten?
7rsv9lwd,fxrsgieg,0.016212128,Highlights of genetic programming 2020 events,COVID-19: Was Rheumapatienten jetzt wissen sollten
6mc4zg7g,xijh0s4t,0.016220978,Viele Sonderregelungen gelten weiter,Risk factor analysis of COVID-19
lmnwn6jf,s9qlcamb,0.016238546,Business meetings in a postpandemic world: When and how to meet virtually,Finanzielle Hilfen für Vertragsärzte: Weitere KVen haben HVM-Änderungen ausgearbeitet
atva6mfp,ndzft9az,0.016263273,COVID-19-Forschungsdaten leichter zugänglich machen – Aufbau einer bundesweiten Informationsinfrastruktur,Hematological parameters- as mortality predictors in COVID-19 patients
rdg40cgn,fxrsgieg,0.016265772,Tumor microenvironment complexity and therapeutic implications at a glance,COVID-19: Was Rheumapatienten jetzt wissen sollten
1j5z5g00,e69c9wyw,0.016275704,Individual risk evaluation for landslides: key details,Nutzen von Erfahrungswissen in Krisen. Zur These einer vermehrten Bezugnahme auf Geschichte in Krisenzeiten
lvi4n41u,jgwn5o7g,0.016278418,Pflegen kann jede*r!,Defending access to medicines in regional trade agreements: lessons from the Regional Comprehensive Economic Partnership – a qualitative study of policy actors’ views
lvi4n41u,z08v4eew,0.016285935,Pflegen kann jede*r!,Key factors driving customers’ restaurant dining behavior during the COVID-19 pandemic
lvi4n41u,6ct4swpm,0.016289273,Pflegen kann jede*r!,Time to rethink our lives and businesses
lvi4n41u,31mjhjnz,0.016322397,Pflegen kann jede*r!,"Women in specialty training: Challenges, decisions, or opportunities?"
82ynrqzv,fxrsgieg,0.016363604,Small-molecule antiviral agents in ongoing clinical trials for COVID-19.,COVID-19: Was Rheumapatienten jetzt wissen sollten
ce0m86b6,fxrsgieg,0.016377276,Infection Control Programs for Dogs and Cats,COVID-19: Was Rheumapatienten jetzt wissen sollten
e69c9wyw,9zhyv1hu,0.016384017,Nutzen von Erfahrungswissen in Krisen. Zur These einer vermehrten Bezugnahme auf Geschichte in Krisenzeiten,Considerations for Public Beaches
s9qlcamb,duh6ma32,0.016387276,Finanzielle Hilfen für Vertragsärzte: Weitere KVen haben HVM-Änderungen ausgearbeitet,Underestimation of the COVID-19 burden - interpreting the puzzling numbers
lvi4n41u,gv303ny2,0.016396724,Pflegen kann jede*r!,Education for all in times of crisis: Lessons from covid-19
86esyb9q,ewl63b2i,0.016408503,Erfolge feiern - Zukunft gestalten,Manufacturing Workers and Employers
5f5wsy4b,lvi4n41u,0.016439773,Modeling Residential Electricity Consumption from Public Demographic Data for Sustainable Cities,Pflegen kann jede*r!
o5sqowli,s9qlcamb,0.016441597,Influence Across Agents and Issues in Combinatorial and Collective Decision-Making,Finanzielle Hilfen für Vertragsärzte: Weitere KVen haben HVM-Änderungen ausgearbeitet
fxrsgieg,wvd7mvf9,0.016445708,COVID-19: Was Rheumapatienten jetzt wissen sollten,Ecological origins of novel human pathogens.
zyv44piv,fxrsgieg,0.016472552,COVID-19: Impact on Nurses and Nursing,COVID-19: Was Rheumapatienten jetzt wissen sollten
fxrsgieg,lrs1lbxn,0.016483678,COVID-19: Was Rheumapatienten jetzt wissen sollten,Retinal vascular findings in patients with COVID-19
26phzm5d,fxrsgieg,0.016487313,Recommendations on Inpatient Treatment of Patients with COVID-19.,COVID-19: Was Rheumapatienten jetzt wissen sollten
fxrsgieg,k5eyg51b,0.016490232,COVID-19: Was Rheumapatienten jetzt wissen sollten,Aerosols should not be defined by distance travelled
d7rlj43k,c2io6utd,0.01650387,Einladung zu einer Hybrid-Veranstaltung 2022,Employment Consequences of COVID-19 for People with Disabilities and Employers
lvi4n41u,ut2uibod,0.016511844,Pflegen kann jede*r!,BIALL Covid-19 ‘State of the Nation’ Survey 2021: an Introduction
33dqqjeu,ewl63b2i,0.016520996,Nomogramm zur Risikostratifizierung von COVID-19-Patienten mit interstitieller Pneumonie in der Notaufnahme: Eine retrospektive multizentrische Studie,Manufacturing Workers and Employers
fxrsgieg,7n0skdsy,0.016523698,COVID-19: Was Rheumapatienten jetzt wissen sollten,Challenges in elucidating cholangiocarcinoma etiology.
lvi4n41u,y7k729ir,0.016530056,Pflegen kann jede*r!,Impact of Novel Covid-19 on Various Sectors: A Study
8yfb2fr0,fxrsgieg,0.016531028,Mental Health and Related Factors of Hospital Nurses.,COVID-19: Was Rheumapatienten jetzt wissen sollten
tiaoim6i,s9qlcamb,0.016540645,A look back with a hopeful tomorrow,Finanzielle Hilfen für Vertragsärzte: Weitere KVen haben HVM-Änderungen ausgearbeitet
pqy4fvcf,s9qlcamb,0.016553555,Intersecting marginalities: International students’ struggles for ‘survival’ in COVID-19,Finanzielle Hilfen für Vertragsärzte: Weitere KVen haben HVM-Änderungen ausgearbeitet
yygb0p74,fxrsgieg,0.016585246,"eurological Disorders in Hospitalized Patients with Covid-19: Clinical Symptoms, Treatment and Rehabilitation",COVID-19: Was Rheumapatienten jetzt wissen sollten
juvu9lyl,fxrsgieg,0.01661478,"Examining relationships between COVID-19 destination practices, value, satisfaction and behavioral intentions for tourists' outdoor recreation trips",COVID-19: Was Rheumapatienten jetzt wissen sollten
f891y322,lvi4n41u,0.016643833,Protecting research data of publicly revealing participants,Pflegen kann jede*r!
4tms03ev,fxrsgieg,0.016657863,Vaccinating our children against COVID-19,COVID-19: Was Rheumapatienten jetzt wissen sollten
lvi4n41u,spm5esfk,0.016673278,Pflegen kann jede*r!,"Biosecurity at Cattle Farms: Strengths, Weaknesses, Opportunities and Threats"
bllpnbpq,s9qlcamb,0.016678214,The evolving responsibility of museum work in the time of climate change,Finanzielle Hilfen für Vertragsärzte: Weitere KVen haben HVM-Änderungen ausgearbeitet
p81l6zvz,pesvr65u,0.016700847,Systemische Immunsuppression in Zeiten von COVID‐19: Müssen wir umdenken?,Implications of the 2020 Election for U.S. Health Policy
lvi4n41u,1ct157ze,0.016702406,Pflegen kann jede*r!,"All in, all together? Government subsidy for news"
z2ulnfop,l6754c29,0.016709402,Fakten auf einen Blick,Features of α‐HBDH in COVID‐19 patients: A cohort study
z2ulnfop,az2pgmkj,0.016709402,Fakten auf einen Blick,Features of α-HBDH in COVID-19 patients: A cohort study
uzil6xlw,fxrsgieg,0.016722612,Competence of anesthesiology residents following a longitudinal point-of-care ultrasound curriculum,COVID-19: Was Rheumapatienten jetzt wissen sollten
67wgu2du,fxrsgieg,0.0167232,Hantavirus infection of dendritic cells.,COVID-19: Was Rheumapatienten jetzt wissen sollten
2a2475id,s9qlcamb,0.016724411,Literature in the time of COVID-19: The “phase two”,Finanzielle Hilfen für Vertragsärzte: Weitere KVen haben HVM-Änderungen ausgearbeitet
bxsrltbm,s9qlcamb,0.016724411,"Literature in the time of COVID-19: The ""phase two""",Finanzielle Hilfen für Vertragsärzte: Weitere KVen haben HVM-Änderungen ausgearbeitet
3qxqvmon,8rkemm72,0.01673143,Współzależność przemysłu 4.0 z gospodarką o obiegu zamkniętym: w poszukiwaniu wspólnego obszaru definicyjnego,Mind the gap versus filling the gap. The heart beyond specialties
gbmzbhvi,fxrsgieg,0.01673535,Advocacy for School Nurses and Student Health and Safety: Highlighting National and State Efforts,COVID-19: Was Rheumapatienten jetzt wissen sollten
lvi4n41u,uaa98ry3,0.016741844,Pflegen kann jede*r!,Researching Healthcare Availability for Probation Clients: An Illustration of Methodological Challenges and Lessons in Surveying Organisations.
qx4mv8qc,s9qlcamb,0.016745435,Future of Education or Present Reality?,Finanzielle Hilfen für Vertragsärzte: Weitere KVen haben HVM-Änderungen ausgearbeitet
c3fvu8mn,s9qlcamb,0.01676602,Newborns at risk of Covid-19 - lessons from the last year,Finanzielle Hilfen für Vertragsärzte: Weitere KVen haben HVM-Änderungen ausgearbeitet
s9qlcamb,qfpr955r,0.01676602,Finanzielle Hilfen für Vertragsärzte: Weitere KVen haben HVM-Änderungen ausgearbeitet,Newborns at risk of Covid-19 - lessons from the last year.
86esyb9q,mherdb4v,0.016780077,Erfolge feiern - Zukunft gestalten,Lessons for and from COVID‐19 for investors and their advisors
i9wi1hrm,fxrsgieg,0.016799405,Face Masks and Bacterial Dispersion Towards the Periocular Area,COVID-19: Was Rheumapatienten jetzt wissen sollten
3zhrz08m,e69c9wyw,0.016801996,Natural Virucidal Compounds in Foods,Nutzen von Erfahrungswissen in Krisen. Zur These einer vermehrten Bezugnahme auf Geschichte in Krisenzeiten
lvi4n41u,bk8o1v4l,0.016808104,Pflegen kann jede*r!,Perspectives: Envisioning healthcare quality and safety in 2030.
lvi4n41u,45h2k86r,0.016813256,Pflegen kann jede*r!,"Covid-19, Financial Risk and the Airline Industry"
z2ulnfop,zbajalq2,0.016821813,Fakten auf einen Blick,Neurological manifestations as prognostic factors in COVID-19: a retrospective cohort study
3du9hec1,z2ulnfop,0.016824163,Key factors in the contingency plan for COVID-19 during the Magal celebration in 2020,Fakten auf einen Blick
lvi4n41u,693r9rey,0.01683693,Pflegen kann jede*r!,Medical emergencies on commercial airline flights.
urotyal2,s9qlcamb,0.016840603,Drug trials under way,Finanzielle Hilfen für Vertragsärzte: Weitere KVen haben HVM-Änderungen ausgearbeitet
lvi4n41u,2hhy41py,0.016864894,Pflegen kann jede*r!,Trends in Corporate Borrowing
rfg4vq2i,fxrsgieg,0.016880965,Clinical Characteristics Predicting Progression of COVID-19,COVID-19: Was Rheumapatienten jetzt wissen sollten
lvi4n41u,3f52bsix,0.01688351,Pflegen kann jede*r!,Predictors of Satisfaction with Autism Treatment Services During COVID-19
qs7i57hq,fxrsgieg,0.016889364,Comparing the Effects of SPOC and Face-to-Face Courses and Factors Influencing the Effects,COVID-19: Was Rheumapatienten jetzt wissen sollten
akktkosz,s9qlcamb,0.016895447,Identifying and classifying the contributing factors to financial resilience,Finanzielle Hilfen für Vertragsärzte: Weitere KVen haben HVM-Änderungen ausgearbeitet
0b3sa0gf,s9qlcamb,0.016905034,Surfactants playing their part,Finanzielle Hilfen für Vertragsärzte: Weitere KVen haben HVM-Änderungen ausgearbeitet
e9blztt3,fxrsgieg,0.016932836,Character of hematological parameters change in patients with COVID-19,COVID-19: Was Rheumapatienten jetzt wissen sollten
l6754c29,f8hdn7ry,0.016933486,Features of α‐HBDH in COVID‐19 patients: A cohort study,Auf alles gefasst sein
az2pgmkj,f8hdn7ry,0.016933486,Features of α-HBDH in COVID-19 patients: A cohort study,Auf alles gefasst sein
60y0pplf,fxrsgieg,0.016959593,Ambulatory surgery for cancer patients: current controversies and concerns.,COVID-19: Was Rheumapatienten jetzt wissen sollten
egwo19oc,fxrsgieg,0.016963731,Detection of pathogens in water: from phylochips to qPCR to pyrosequencing,COVID-19: Was Rheumapatienten jetzt wissen sollten
1msri1by,fxrsgieg,0.016974641,Life events and clinical subtypes of major depression: a cross-sectional study.,COVID-19: Was Rheumapatienten jetzt wissen sollten
lvi4n41u,1qk68bsd,0.01699858,Pflegen kann jede*r!,Corporate debt overhang and credit policy
s9qlcamb,llpdmoli,0.017001715,Finanzielle Hilfen für Vertragsärzte: Weitere KVen haben HVM-Änderungen ausgearbeitet,Is crowd support a significant factor in home advantage on the highest level of competition in football?
y0ipvw9t,fxrsgieg,0.017008644,Small animal models of filovirus disease: recent advances and future directions.,COVID-19: Was Rheumapatienten jetzt wissen sollten
fu6ruwf0,z2ulnfop,0.017013608,Focus on fitness . . . and other stories,Fakten auf einen Blick
ccb3o9c2,fxrsgieg,0.017021904,Report of working group 1: Public health challenges,COVID-19: Was Rheumapatienten jetzt wissen sollten
lvi4n41u,4rnyhlsf,0.017028017,Pflegen kann jede*r!,Nursing education: challenges and perspectives in times of the COVID-19 pandemic.
pkn0w84k,s9qlcamb,0.017058227,Ending the pandemic is not a matter of chance;it's a matter of choice,Finanzielle Hilfen für Vertragsärzte: Weitere KVen haben HVM-Änderungen ausgearbeitet
s9qlcamb,e0hpim8m,0.017064918,Finanzielle Hilfen für Vertragsärzte: Weitere KVen haben HVM-Änderungen ausgearbeitet,Changes we learned to love in the time of COVID.
lvi4n41u,90zpv3zn,0.017071636,Pflegen kann jede*r!,A study on the financial and entrepreneurial risks of small business owners amidst COVID-19
lvi4n41u,rj7egrdj,0.017075764,Pflegen kann jede*r!,"Covid-19 in adults and children, symptoms and treatment"
051payef,lvi4n41u,0.017081682,Fear of COVID-19 among medical students and associated factors,Pflegen kann jede*r!
tosykfsp,fxrsgieg,0.017089516,Neurological complications in critical patients with COVID-19,COVID-19: Was Rheumapatienten jetzt wissen sollten
lvi4n41u,bejcevba,0.017113714,Pflegen kann jede*r!,The History and Future of the Society of Undergraduate Humanities Publications
fxrsgieg,obdaskaa,0.017122107,COVID-19: Was Rheumapatienten jetzt wissen sollten,Obesity and COVID-19 outcomes: a risk factor that needs attention
s9qlcamb,ez2nzxg7,0.017123772,Finanzielle Hilfen für Vertragsärzte: Weitere KVen haben HVM-Änderungen ausgearbeitet,Why Project HOPE Is Growing Our US Programming
sd26c8zg,fxrsgieg,0.017132059,Infectious Diseases and Patient Care Practices.,COVID-19: Was Rheumapatienten jetzt wissen sollten
jyfw6s6c,fxrsgieg,0.017146196,International Investment and Indigenous Peoples’ Environment: A Survey of ISDS Cases from 2000 to 2020,COVID-19: Was Rheumapatienten jetzt wissen sollten
bjo6hun1,mon8zwhz,0.01714722,Scientists' lanes and headwinds.,Peran Komunikasi Sebagai Mitigasi Stigmatisasi COVID-19
s9bgr6mt,lvi4n41u,0.01714957,Scooting injuries . . . and other stories,Pflegen kann jede*r!
atva6mfp,6p1n9zi3,0.017155448,COVID-19-Forschungsdaten leichter zugänglich machen – Aufbau einer bundesweiten Informationsinfrastruktur,Experiences of children (ages 6-12) during COVID-19 pandemic from mothers' perspectives
19ypovym,s9qlcamb,0.017157968,The Role of the Company in the Time of Covid-19,Finanzielle Hilfen für Vertragsärzte: Weitere KVen haben HVM-Änderungen ausgearbeitet
lvi4n41u,rah6s9av,0.01716114,Pflegen kann jede*r!,Chapter 10 - Psychological and social implications of COVID-19
z2ulnfop,feyodvgf,0.017163182,Fakten auf einen Blick,Comparative aspects and aetiology
r3nd3dtt,s9qlcamb,0.017171597,Care home reforms should prioritise quality of life.,Finanzielle Hilfen für Vertragsärzte: Weitere KVen haben HVM-Änderungen ausgearbeitet
fl06pd3t,fxrsgieg,0.017172046,COVID-19 in children: current evidence and key questions.,COVID-19: Was Rheumapatienten jetzt wissen sollten
s9qlcamb,9ctkfh3l,0.017178027,Finanzielle Hilfen für Vertragsärzte: Weitere KVen haben HVM-Änderungen ausgearbeitet,Another busy season for immunisers
ibmj92hp,s9qlcamb,0.017205784,TIME COURSE OF THE DEVELOPMENT OF IMMUNOTHROMBOSIS DURING COVID-19 HOSPITALIZATION,Finanzielle Hilfen für Vertragsärzte: Weitere KVen haben HVM-Änderungen ausgearbeitet
91a644hl,fxrsgieg,0.017228983,"Arts and Cultural Engagement, Reportedly Antisocial or Criminalized Behaviors, and Potential Mediators in Two Longitudinal Cohorts of Adolescents",COVID-19: Was Rheumapatienten jetzt wissen sollten
lvi4n41u,5yhvk28s,0.017230935,Pflegen kann jede*r!,"Ensuring communication access for all during the COVID-19 pandemic and beyond: supporting patients, providers, and caregivers in hospitals."
kpkindb8,s9qlcamb,0.017236877,A Review of Catastrophic Risks for Life Insurers,Finanzielle Hilfen für Vertragsärzte: Weitere KVen haben HVM-Änderungen ausgearbeitet
lvi4n41u,w6vbc2ak,0.017241731,Pflegen kann jede*r!,"COVID-19 in childhood: Transmission, clinical presentation, complications and risk factors"
lvi4n41u,ont6ro0p,0.017249411,Pflegen kann jede*r!,Anesthesiologist and COVID-19 - Current perspective
fxrsgieg,76fccmmx,0.017252963,COVID-19: Was Rheumapatienten jetzt wissen sollten,"P.20 COVID-19 and obstetrics: Comparing the ""Waves"""
3iq2hnoj,fxrsgieg,0.017259346,Physical activity in daily life and clinical characteristics of recovered COVID-19 patients,COVID-19: Was Rheumapatienten jetzt wissen sollten
js84ruve,s9qlcamb,0.01728602,Real-time time-series modelling for prediction of COVID-19 spread and intervention assessment,Finanzielle Hilfen für Vertragsärzte: Weitere KVen haben HVM-Änderungen ausgearbeitet
lvi4n41u,23c0z43b,0.017286532,Pflegen kann jede*r!,Constructive debate: A task for all pharmacy leaders
4edwk9ci,4wcf4z93,0.017287135,Steuerung und Freiheit: Eine Antwort auf Frank Nullmeier,Acknowledgement to Referees: Acknowledgement to Referees
lvi4n41u,clnvda35,0.017287614,Pflegen kann jede*r!,Sustainable impact of COVID-19 on education projects: aspects of naturalism
6wj01icw,fxrsgieg,0.017291557,Risk factors for clinical deterioration in patients admitted for COVID-19: A case-control study,COVID-19: Was Rheumapatienten jetzt wissen sollten
lvi4n41u,ndzft9az,0.017317636,Pflegen kann jede*r!,Hematological parameters- as mortality predictors in COVID-19 patients
uznffmtg,4wcf4z93,0.017324721,1 Zorgvuldig en verantwoord handelen in de basiszorg,Acknowledgement to Referees: Acknowledgement to Referees
lvi4n41u,wxlv7p0y,0.017341329,Pflegen kann jede*r!,A Review of Challenges and Safety Measures in Petroleum Industry During COVID-19
8s6v1c9z,fe82q2o1,0.017366042,Representative Committees of Peers,Pflegedienstleiter in einer besonderen Zeit
lvi4n41u,8753i8h9,0.017380018,Pflegen kann jede*r!,Sprifermin benefits maintained at 5 years
lvi4n41u,fy0i2bwf,0.017386632,Pflegen kann jede*r!,The Baseline Characteristics of Patients with COVID-19 and Impact of Various Risk Factors on the Outcome of Patients Admitted in Tertiary Care Hospital
bg28wxub,fxrsgieg,0.017388636,Races of small molecule clinical trials for the treatment of COVID‐19: An up‐to‐date comprehensive review,COVID-19: Was Rheumapatienten jetzt wissen sollten
e989l9jz,fxrsgieg,0.017393317,Assessing information-sharing networks within small-scale fisheries and the implications for conservation interventions,COVID-19: Was Rheumapatienten jetzt wissen sollten
lvi4n41u,3lrrkopr,0.017403953,Pflegen kann jede*r!,COVID-19 and gastroenterology: clinical insights and recommendations for gastroenterology care providers
k81zymym,s9qlcamb,0.017405761,"What is physiologging? Introduction to the theme issue, part 2.",Finanzielle Hilfen für Vertragsärzte: Weitere KVen haben HVM-Änderungen ausgearbeitet
glsdyfe2,s9qlcamb,0.01741577,Editorial: Doing history in the time of COVID-19,Finanzielle Hilfen für Vertragsärzte: Weitere KVen haben HVM-Änderungen ausgearbeitet
lvi4n41u,yg3yzfnr,0.017419813,Pflegen kann jede*r!,Competition Policy in Post-covid-19 World
s9qlcamb,hh1r786i,0.01742672,Finanzielle Hilfen für Vertragsärzte: Weitere KVen haben HVM-Änderungen ausgearbeitet,Changes in the Complexity of Limb Movements during the First Year of Life across Different Tasks
rrkvdh4n,fxrsgieg,0.017435065,The Effect of Distance Teaching Experiences on Educators' Attitudes toward Distance Education for Preschoolers,COVID-19: Was Rheumapatienten jetzt wissen sollten
iwuqh1ou,lvi4n41u,0.017442819,Three-month outcomes in hospitalized COVID-19 patients,Pflegen kann jede*r!
fxrsgieg,zxralurd,0.017445143,COVID-19: Was Rheumapatienten jetzt wissen sollten,Mobilizing Hospitals to Mobilize Patients
lvi4n41u,3ejioz4m,0.017452182,Pflegen kann jede*r!,[Consideration on Academia Environments for Creating Medical Innovation]
lvi4n41u,ir1q7mtt,0.017474081,Pflegen kann jede*r!,Randomized Clinical Trials and COVID-19: Managing Expectations.
k5i15sqz,fxrsgieg,0.01750117,Point-of-care ultrasound in nephrology.,COVID-19: Was Rheumapatienten jetzt wissen sollten
lvi4n41u,x323erqz,0.017516887,Pflegen kann jede*r!,The association of social determinants of health with health outcomes.
lvi4n41u,r52j4fqq,0.01751707,Pflegen kann jede*r!,Filoviruses in Bats: Current Knowledge and Future Directions
x2kjq07a,fxrsgieg,0.017531546,Risk factors of weaning diarrhea in puppies housed in breeding kennels,COVID-19: Was Rheumapatienten jetzt wissen sollten
mherdb4v,blqner0t,0.017534653,Lessons for and from COVID‐19 for investors and their advisors,"""Von einer COVID-19-Booster-Impfung wird jeder profitieren"""
z2ulnfop,jph37bs0,0.017548313,Fakten auf einen Blick,"COVID-19: Risk groups, mechanistic insights and challenges"
fxrsgieg,yn3rkiir,0.017550316,COVID-19: Was Rheumapatienten jetzt wissen sollten,Living with Stargardt disease: insights from patients and their parents.
lvi4n41u,r8zqmgp9,0.017577916,Pflegen kann jede*r!,Teaching Chemistry Labs from a Distance
g37nuhpl,jhzajbxc,0.01759137,Neuroimaging Findings in Patients with COVID-19,Paisaje Después De La Pandemia
fe82q2o1,txgigz0f,0.017607579,Pflegedienstleiter in einer besonderen Zeit,Patients visit to hospitals during covid-19
amoascvu,fxrsgieg,0.01762063,Quarterly picks from the editors,COVID-19: Was Rheumapatienten jetzt wissen sollten
fxrsgieg,yz19dnuk,0.017627886,COVID-19: Was Rheumapatienten jetzt wissen sollten,Developing Nursing Care Guidelines for Patients With COVID-19
sokh2ej5,fxrsgieg,0.01762967,Patterns amidst the turmoil: COVID-19 and cities,COVID-19: Was Rheumapatienten jetzt wissen sollten
lvi4n41u,iemqi6ou,0.017644342,Pflegen kann jede*r!,Sociodemographic Characteristics and Risk Factors for Childhood Poisoning Reported by Parents at a Tertiary Care Teaching Hospital
5nb5x8c9,s9qlcamb,0.017647443,A Framework for Authentic Ethical Decision Making in the Face of Grand Challenges: A Lonerganian Gradation,Finanzielle Hilfen für Vertragsärzte: Weitere KVen haben HVM-Änderungen ausgearbeitet
k0l08i97,fxrsgieg,0.017656738,Expanding the Curriculum in a School of Public Health,COVID-19: Was Rheumapatienten jetzt wissen sollten
u8pjs4iq,atva6mfp,0.017666131,Imaging Findings in Four COVID-19 Patients.,COVID-19-Forschungsdaten leichter zugänglich machen – Aufbau einer bundesweiten Informationsinfrastruktur
7lzanuow,s9qlcamb,0.017667767,Getting molnupiravir to patients in a timely way is likely to be problematic,Finanzielle Hilfen für Vertragsärzte: Weitere KVen haben HVM-Änderungen ausgearbeitet
u35l3qno,s9qlcamb,0.017676296,Primary health care for all: lessons from its failure to achieve its goal and COVID-19,Finanzielle Hilfen für Vertragsärzte: Weitere KVen haben HVM-Änderungen ausgearbeitet
s9qlcamb,ahj37jrw,0.0176763,Finanzielle Hilfen für Vertragsärzte: Weitere KVen haben HVM-Änderungen ausgearbeitet,The Road to Value Demands a Smarter Approach to Risk
iovrc9w6,s9qlcamb,0.017691998,Work [experience] from home-Widening participation during COVID-19,Finanzielle Hilfen für Vertragsärzte: Weitere KVen haben HVM-Änderungen ausgearbeitet
ixypg9x7,fxrsgieg,0.017692156,Production of valuable compounds by molds and yeasts,COVID-19: Was Rheumapatienten jetzt wissen sollten
282c4a9b,4wcf4z93,0.017695382,Einfluss der Geopolitik auf die Ergebnisse von COVID-19-Patienten,Acknowledgement to Referees: Acknowledgement to Referees
8vkhn43q,4wcf4z93,0.017695382,Der Einfluss von Mindestlohnerhöhungen auf die Einkommensarmut,Acknowledgement to Referees: Acknowledgement to Referees
jhtb0o74,fxrsgieg,0.017707108,"Analysis of clinical characteristics, laboratory findings and therapy for 134 cases of COVID-19: a retrospective analysis",COVID-19: Was Rheumapatienten jetzt wissen sollten
lvi4n41u,34avypib,0.017731084,Pflegen kann jede*r!,Vaccination may not have a significant impact on superspreading events
wpdr99gt,lvi4n41u,0.017741349,Systemic Risk in Financial Networks: A Survey,Pflegen kann jede*r!
fxrsgieg,s6f5k25w,0.017763896,COVID-19: Was Rheumapatienten jetzt wissen sollten,Platelets profile changes in patients with COVID 19
p978n4hu,lvi4n41u,0.017764052,Experiences of interaction between teenage mothers and visiting nurses: a phenomenological study.,Pflegen kann jede*r!
lvi4n41u,r0r5lfhu,0.017769517,Pflegen kann jede*r!,Medical Students' Response to the COVID-19 Pandemic: Experience and Recommendations from Five Countries.
lvi4n41u,fslgvfll,0.017790332,Pflegen kann jede*r!,The family and the state: a public choice perspective
lvi4n41u,g6n5bsjm,0.017798638,Pflegen kann jede*r!,Civility as Public-Mindedness During COVID-19
lvi4n41u,b1fg7jat,0.017837977,Pflegen kann jede*r!,"5.Q. Workshop: Participatory health research with refugees: Voices, experiences, and methodologies"
5keocn1n,fxrsgieg,0.017839156,Patient Safety in Ambulatory Pediatrics,COVID-19: Was Rheumapatienten jetzt wissen sollten
fxrsgieg,sm6f9sv0,0.017842295,COVID-19: Was Rheumapatienten jetzt wissen sollten,Enabling Relationships with Nature in Cities
lvi4n41u,80vnxll6,0.01784537,Pflegen kann jede*r!,A Constructivist Grounded Theory Investigation of Businesses' Concerns About Public-Private Partnership Responses Toward COVID-19
lvi4n41u,o2v7km4d,0.017858375,Pflegen kann jede*r!,Automating the Compilation of Potential Core-Outcomes for Clinical Trials
lvi4n41u,l94e36mn,0.01790248,Pflegen kann jede*r!,Sustainability and Resilience of Emerging Cities in Times of COVID-19
s32pwhrg,fxrsgieg,0.017908208,The ethics of social distance and proximity in the city,COVID-19: Was Rheumapatienten jetzt wissen sollten
fxrsgieg,rxvnn7p5,0.01791197,COVID-19: Was Rheumapatienten jetzt wissen sollten,Sustainability appraisal in infrastructure projects (SUSAIP) Part 1. Development of indicators and computational methods
fxrsgieg,4f2o4kpz,0.017912744,COVID-19: Was Rheumapatienten jetzt wissen sollten,APICURON: a database to credit and acknowledge the work of biocurators
t8he5wu3,s9qlcamb,0.017934784,Challenges and Opportunities in the Post-COVID-19 World,Finanzielle Hilfen für Vertragsärzte: Weitere KVen haben HVM-Änderungen ausgearbeitet
xlj31f71,s9qlcamb,0.017945256,The Major Macroeconomic Trends,Finanzielle Hilfen für Vertragsärzte: Weitere KVen haben HVM-Änderungen ausgearbeitet
jyfw6s6c,lvi4n41u,0.017954929,International Investment and Indigenous Peoples’ Environment: A Survey of ISDS Cases from 2000 to 2020,Pflegen kann jede*r!
s6unh19n,atva6mfp,0.017957747,Clinical and laboratory findings of COVID-19,COVID-19-Forschungsdaten leichter zugänglich machen – Aufbau einer bundesweiten Informationsinfrastruktur
9aifboyr,s9qlcamb,0.017959189,The impact of COVID-19 on the world economy and higher education,Finanzielle Hilfen für Vertragsärzte: Weitere KVen haben HVM-Änderungen ausgearbeitet
lvi4n41u,xavyz21u,0.017990083,Pflegen kann jede*r!,Interim Guidance: healthcare workers and employers
mmyk5oto,fxrsgieg,0.018023439,COVID-19 in tuberculosis patients: A report of three cases,COVID-19: Was Rheumapatienten jetzt wissen sollten
lvi4n41u,2qkobb4h,0.018051222,Pflegen kann jede*r!,The impact and public health response of chiropractors to the COVID-19 pandemic: a survey across four continents
fxrsgieg,lelkg1hb,0.018064976,COVID-19: Was Rheumapatienten jetzt wissen sollten,Phytotherapeutic approaches and ethnopharmacological responses against covid-19
zn3xk5ls,lvi4n41u,0.018067243,As close as possible to researchers and caregivers,Pflegen kann jede*r!
rcgif80a,lvi4n41u,0.018076269,COVID-19 pandemic and transmission factors: An empirical investigation of different countries,Pflegen kann jede*r!
7zrrxchi,z2ulnfop,0.018091908,"[COVID-19, impact on residents and caregivers].",Fakten auf einen Blick
wqkkuzve,s9qlcamb,0.0181076,Extended Work Life: A Growing Phenomenon,Finanzielle Hilfen für Vertragsärzte: Weitere KVen haben HVM-Änderungen ausgearbeitet
lvi4n41u,zwt8ifon,0.018112646,Pflegen kann jede*r!,COVID-19 From a Psychiatry Perspective: Meeting the Challenges
lvi4n41u,h1512buv,0.018113801,Pflegen kann jede*r!,Children's emotion inferences from masked faces: Implications for social interactions during COVID-19
exbwiqr7,lvi4n41u,0.01811941,The Spread and Consequences of COVID-19 for Cities: An Introduction,Pflegen kann jede*r!
f3dweoa4,fxrsgieg,0.018121382,Patients as team members: Factors affecting involvement in treatment decisions from the perspective of patients with a chronic condition,COVID-19: Was Rheumapatienten jetzt wissen sollten
p4acj99z,fxrsgieg,0.018125085,Cognitive aspects of students’ attitudes towards covid-19 vaccination,COVID-19: Was Rheumapatienten jetzt wissen sollten
lvi4n41u,z2voqyis,0.01814555,Pflegen kann jede*r!,"List of acronyms, abbreviations, and definitions"
w0xsbvoo,fxrsgieg,0.018159488,Family Routines and Family Quality of Life in Times of the COVID-19 Pandemic,COVID-19: Was Rheumapatienten jetzt wissen sollten
rs0906l8,lvi4n41u,0.018180348,Insights Gained During COVID-19: Refocusing Laboratory Assessments Online,Pflegen kann jede*r!
9pedebld,fxrsgieg,0.018186105,The COVID-19 pandemic and management of GIMEMA clinical trials: changes and challenges,COVID-19: Was Rheumapatienten jetzt wissen sollten
v0nebaz1,atva6mfp,0.018207073,[In-hospital treatment of COVID-19 patients].,COVID-19-Forschungsdaten leichter zugänglich machen – Aufbau einer bundesweiten Informationsinfrastruktur
lg0vzpok,fxrsgieg,0.018211639,Telepsychiatry: the remote care that unifies,COVID-19: Was Rheumapatienten jetzt wissen sollten
igy9zejx,fxrsgieg,0.018222865,Spectacular health care.,COVID-19: Was Rheumapatienten jetzt wissen sollten
bodfai4l,fxrsgieg,0.018222865,Spectacular health care,COVID-19: Was Rheumapatienten jetzt wissen sollten
s2ghavyj,fxrsgieg,0.018225238,Bacterial and Parasitic Diseases of Columbiformes,COVID-19: Was Rheumapatienten jetzt wissen sollten
z2ulnfop,riuc8vl2,0.018234134,Fakten auf einen Blick,Do national cultures matter in the containment of COVID-19?
yoqu6npc,4wcf4z93,0.018238783,Berichten allein reicht nicht,Acknowledgement to Referees: Acknowledgement to Referees
e69c9wyw,obdaskaa,0.018242,Nutzen von Erfahrungswissen in Krisen. Zur These einer vermehrten Bezugnahme auf Geschichte in Krisenzeiten,Obesity and COVID-19 outcomes: a risk factor that needs attention
lvi4n41u,fp8rrekx,0.018246477,Pflegen kann jede*r!,News Sentiment and Financial Assets Returns during COVID-19
fhfprber,fxrsgieg,0.018252427,"Two's Company, but Four's a Crowd: The Relationship Among COVID-19 Stress, Household Size, and Life Satisfaction",COVID-19: Was Rheumapatienten jetzt wissen sollten
fxrsgieg,4gstke3e,0.018255714,COVID-19: Was Rheumapatienten jetzt wissen sollten,National Clinical Trials Networkbiobanking during the COVID-19 pandemic
bjo6hun1,79hf1x4j,0.018257398,Scientists' lanes and headwinds.,Sind durch COVID-19 (mehr) Patienten mit Hörverlust zu erwarten?
4wcf4z93,g93y2phd,0.018267408,Acknowledgement to Referees: Acknowledgement to Referees,Das Projekt S-Klasse erfolgreich steuern
lvi4n41u,qawqet4l,0.01827477,Pflegen kann jede*r!,Covid-19: Comparisons by Country and Implications for Future Pandemics
lvi4n41u,qodvb1ru,0.018295946,Pflegen kann jede*r!,Trends in COVID-19 cases and clinical management in Veterans Health Administration medical facilities: A national cohort study
zuf19lex,fxrsgieg,0.018308444,Characteristics of inflammatory factors and lymphocyte subsets in patients with severe COVID-19,COVID-19: Was Rheumapatienten jetzt wissen sollten
7d0pegpc,fxrsgieg,0.01830961,"Paternalistic Leadership, Polychronicity, and Life Satisfaction of Nurses: The Role of Work-Family Conflict and Family-Work Conflict in Public Sector Hospitals.",COVID-19: Was Rheumapatienten jetzt wissen sollten
n6rzkpkc,fxrsgieg,0.018312637,Health protection guideline of hotels reconstructed as isolation places for close contacts during COVID-19 outbreak/ 中华预防医学杂志,COVID-19: Was Rheumapatienten jetzt wissen sollten
utghqi4f,fxrsgieg,0.018313719,Clinical features and outcomes of discharged coronavirus disease 2019 patients: a prospective cohort study,COVID-19: Was Rheumapatienten jetzt wissen sollten
z2ulnfop,qh0g5rfh,0.01831737,Fakten auf einen Blick,Prioritizing Multidimensional Interdependent Factors Influencing COVID‐19 Risk
fxrsgieg,upkuz4hm,0.018390475,COVID-19: Was Rheumapatienten jetzt wissen sollten,The Formation of Idiosyncratic Structure of Institutions and Culture
ukmcfezh,s9qlcamb,0.01839278,The Major Macrosocial Trends,Finanzielle Hilfen für Vertragsärzte: Weitere KVen haben HVM-Änderungen ausgearbeitet
rc0nbk07,e69c9wyw,0.018398276,Biomarkers and prognostic factors for mesothelioma.,Nutzen von Erfahrungswissen in Krisen. Zur These einer vermehrten Bezugnahme auf Geschichte in Krisenzeiten
ccuyojbq,e69c9wyw,0.01842482,Teachers: the forgotten health workforce,Nutzen von Erfahrungswissen in Krisen. Zur These einer vermehrten Bezugnahme auf Geschichte in Krisenzeiten
lvi4n41u,rekie8a3,0.01843118,Pflegen kann jede*r!,The State of the World’s Midwifery 2021 report: findings to drive global policy and practice
s9qlcamb,5eix07fp,0.018444553,Finanzielle Hilfen für Vertragsärzte: Weitere KVen haben HVM-Änderungen ausgearbeitet,"COVID-19 and Public Health: Looking Back, Moving Forward"
uqkqzj78,fxrsgieg,0.018453661,Home-Based Physiological Monitoring of Patients with COVID-19,COVID-19: Was Rheumapatienten jetzt wissen sollten
lvi4n41u,0gxxuyln,0.018454239,Pflegen kann jede*r!,Integrated urban services: Experience from four cities on different continents
u0jtp981,fxrsgieg,0.01848305,Walkability and Greenness Do Not Walk Together: Investigating Associations between Greenness and Walkability in a Large Metropolitan City Context,COVID-19: Was Rheumapatienten jetzt wissen sollten
nyr16yja,e69c9wyw,0.018488174,Telementoring of Healthcare Teams in the Care of Miners,Nutzen von Erfahrungswissen in Krisen. Zur These einer vermehrten Bezugnahme auf Geschichte in Krisenzeiten
lvi4n41u,qs7i57hq,0.018495603,Pflegen kann jede*r!,Comparing the Effects of SPOC and Face-to-Face Courses and Factors Influencing the Effects
s9qlcamb,x6z49rxc,0.018502304,Finanzielle Hilfen für Vertragsärzte: Weitere KVen haben HVM-Änderungen ausgearbeitet,"Inflation Expectations in the U.S.: Linking Markets, Households, and Businesses"
s9qlcamb,31mjhjnz,0.018504284,Finanzielle Hilfen für Vertragsärzte: Weitere KVen haben HVM-Änderungen ausgearbeitet,"Women in specialty training: Challenges, decisions, or opportunities?"
fxrsgieg,bk4x9ada,0.018508907,COVID-19: Was Rheumapatienten jetzt wissen sollten,Covid-19 pilot events: the pursuit of outcomes
c537qfo9,s9qlcamb,0.018514326,Teledermatology after COVID-19: key challenges ahead.,Finanzielle Hilfen für Vertragsärzte: Weitere KVen haben HVM-Änderungen ausgearbeitet
y3vwrd7a,z2ulnfop,0.01852654,Family Caregivers’ Experiences and Changes in Caregiving Tasks During the COVID-19 Pandemic,Fakten auf einen Blick
fxrsgieg,7tzu6r5m,0.018530183,COVID-19: Was Rheumapatienten jetzt wissen sollten,Design of a Distance Detection System for Patients in a Health Center
8ykv12et,s9qlcamb,0.018530428,Reaching the summit of discharge summaries: a quality improvement project,Finanzielle Hilfen für Vertragsärzte: Weitere KVen haben HVM-Änderungen ausgearbeitet
s9qlcamb,wadp9lp3,0.018544542,Finanzielle Hilfen für Vertragsärzte: Weitere KVen haben HVM-Änderungen ausgearbeitet,COVID-19 and Beyond: understanding travel risk perception as a process
t51x3dof,s9qlcamb,0.018547077,Psychosemantic research of students’ representations about distance education during COVID-19,Finanzielle Hilfen für Vertragsärzte: Weitere KVen haben HVM-Änderungen ausgearbeitet
6w67vbul,s9qlcamb,0.018555343,Beating the odds with systematic individualized care Nationwide prospective follow‐up of all patients with COVID‐19 in Iceland,Finanzielle Hilfen für Vertragsärzte: Weitere KVen haben HVM-Änderungen ausgearbeitet
fr9kvfeb,lvi4n41u,0.018555462,Preface: Shifting Career Realities and Navigating Career Journeys,Pflegen kann jede*r!
fxrsgieg,e52wuc0h,0.018567363,COVID-19: Was Rheumapatienten jetzt wissen sollten,Setting healthcare priorities in hospitals: a review of empirical studies
lvi4n41u,5yh64onw,0.018600695,Pflegen kann jede*r!,"MycoNews 2020: President’s message, news, reports, awards, personalia, book news, and correspondence"
pbtkeetk,e69c9wyw,0.018612364,Covid-19 pandemy from the perspective of regional children´s clinic,Nutzen von Erfahrungswissen in Krisen. Zur These einer vermehrten Bezugnahme auf Geschichte in Krisenzeiten
lvi4n41u,am7fc8if,0.01864616,Pflegen kann jede*r!,Effectiveness economic welfare through Bansos during COVID-19 in Payakumbuh City
lvi4n41u,4fv64akh,0.018658958,Pflegen kann jede*r!,Neurological symptoms in COVID-19 patients
zkc6pe54,lvi4n41u,0.018665263,"Fertility patients under COVID-19: Attitudes, Perceptions, and Psychological Reactions",Pflegen kann jede*r!
rurrljcz,fxrsgieg,0.01867161,"Funders' Efforts: Aging And Health, COVID-19.",COVID-19: Was Rheumapatienten jetzt wissen sollten
5f5wsy4b,fxrsgieg,0.018674592,Modeling Residential Electricity Consumption from Public Demographic Data for Sustainable Cities,COVID-19: Was Rheumapatienten jetzt wissen sollten
lvi4n41u,dhlwayp0,0.018679872,Pflegen kann jede*r!,Implementation Lessons for Research and Practice
fxrsgieg,ugqgthdn,0.018683543,COVID-19: Was Rheumapatienten jetzt wissen sollten,Migrant farmworkers face heightened vulnerabilities during COVID-19
y76h5hht,e69c9wyw,0.018686183,Ivermectin buyers clubs,Nutzen von Erfahrungswissen in Krisen. Zur These einer vermehrten Bezugnahme auf Geschichte in Krisenzeiten
psg0dmmc,atva6mfp,0.018690351,Virtual visits: Moving clinical trials visits from clinics to homes,COVID-19-Forschungsdaten leichter zugänglich machen – Aufbau einer bundesweiten Informationsinfrastruktur
uoxl30fm,z2ulnfop,0.018714992,Clinical and epidemiological aspects of human bocavirus infection,Fakten auf einen Blick
fxrsgieg,oed0wbm5,0.018723533,COVID-19: Was Rheumapatienten jetzt wissen sollten,COVID-19 in Children and Adolescents with Endocrine Conditions
h1512buv,e69c9wyw,0.018725794,Children's emotion inferences from masked faces: Implications for social interactions during COVID-19,Nutzen von Erfahrungswissen in Krisen. Zur These einer vermehrten Bezugnahme auf Geschichte in Krisenzeiten
w5w710np,lvi4n41u,0.018726919,Viewing the US presidential electoral map through the lens of public health,Pflegen kann jede*r!
lvi4n41u,o64iu6t7,0.018749828,Pflegen kann jede*r!,The impact of COVID-19 on the scientific community—Highlighting The Journal's editorial commitment and two publications
r2t5lnv1,s9qlcamb,0.018750751,The Urgency and Challenge of Opening K-12 Schools in the Fall of 2020.,Finanzielle Hilfen für Vertragsärzte: Weitere KVen haben HVM-Änderungen ausgearbeitet
fxrsgieg,8wtyqkgn,0.01875613,COVID-19: Was Rheumapatienten jetzt wissen sollten,Editors' Selections from Relevant Scientific Publications
ugqgthdn,e69c9wyw,0.018765429,Migrant farmworkers face heightened vulnerabilities during COVID-19,Nutzen von Erfahrungswissen in Krisen. Zur These einer vermehrten Bezugnahme auf Geschichte in Krisenzeiten
d6k1otz2,s9qlcamb,0.018770043,The Different Facets of Triclocarban: A Review,Finanzielle Hilfen für Vertragsärzte: Weitere KVen haben HVM-Änderungen ausgearbeitet
lvi4n41u,9kmoz2iz,0.018777218,Pflegen kann jede*r!,Condolences and congratulations: COVID-19 pressures on higher education faculty
v6ma4foa,fxrsgieg,0.018777503,Experiences of intensive care unit nurses with COVID-19 patients.,COVID-19: Was Rheumapatienten jetzt wissen sollten
zynbizkx,fxrsgieg,0.018780326,Skin manifestations of COVID-19 in children: Part 1.,COVID-19: Was Rheumapatienten jetzt wissen sollten
lvi4n41u,q0ln4b55,0.018797372,Pflegen kann jede*r!,COVID-19 Vaccinations and Preservation of the Healthcare Workforce
1xdw3mg7,fxrsgieg,0.018811775,Reflections on ethnographic fieldwork across a lifetime,COVID-19: Was Rheumapatienten jetzt wissen sollten
iao6364j,s9qlcamb,0.018833933,Designing mathematical problems task through COVID-19 context,Finanzielle Hilfen für Vertragsärzte: Weitere KVen haben HVM-Änderungen ausgearbeitet
vur1c2nf,4ll2rqh3,0.018850297,Communicating With Patients and Families During COVID-19,"Weniger Arbeit, mehr Urlaub"
tgqy3jdu,e69c9wyw,0.01885232,"Risk Factors Prediction, Clinical Outcomes and Mortality of COVID-19 Patients",Nutzen von Erfahrungswissen in Krisen. Zur These einer vermehrten Bezugnahme auf Geschichte in Krisenzeiten
lvi4n41u,44llrwgn,0.01885462,Pflegen kann jede*r!,Creative Accounting: Current Trends in Foreign Studies
caa5x4bj,e69c9wyw,0.01886568,Obesity: A Risk Factor for COVID-19,Nutzen von Erfahrungswissen in Krisen. Zur These einer vermehrten Bezugnahme auf Geschichte in Krisenzeiten
s9qlcamb,ixnscpqv,0.018867258,Finanzielle Hilfen für Vertragsärzte: Weitere KVen haben HVM-Änderungen ausgearbeitet,Major advances in neuroinfectious diseases in the past two decades
19zn9qg6,fxrsgieg,0.018867385,Predictors of COVID-19 Infection: A Prevalence Study of Hospitalized Patients,COVID-19: Was Rheumapatienten jetzt wissen sollten
9k674jr1,fxrsgieg,0.018886153,Alternatives to In‐Person Directors' Meetings,COVID-19: Was Rheumapatienten jetzt wissen sollten
lvi4n41u,kwuh6v4c,0.01888973,Pflegen kann jede*r!,Privacy and uniqueness of neighborhoods in social networks
jkq236aw,fxrsgieg,0.018890895,"Libraries, learning, and porous boundaries: Reimagining the library landscape and its inhabitants",COVID-19: Was Rheumapatienten jetzt wissen sollten
ypv3c564,4wcf4z93,0.01889316,Eindeutige Unterschiede auf Kosten vieler kleiner Details,Acknowledgement to Referees: Acknowledgement to Referees
ewl63b2i,w7n2q1le,0.018900946,Manufacturing Workers and Employers,"""Ich spritze dieses Jahr nicht"""
lvi4n41u,fgqcpwkz,0.018901221,Pflegen kann jede*r!,"Individualizing risk prediction for positive COVID-19 testing: results from 11,672 patients."
28jbc7bf,fxrsgieg,0.018902907,Identifying Multiple Propagation Sources,COVID-19: Was Rheumapatienten jetzt wissen sollten
jbd3xf9l,s9qlcamb,0.01890801,Cities: Space/Time,Finanzielle Hilfen für Vertragsärzte: Weitere KVen haben HVM-Änderungen ausgearbeitet
q4sagc2g,fxrsgieg,0.018937595,Women in Home Office during the Covid-a9 Pandemic and the Work-family Conflict Configurations,COVID-19: Was Rheumapatienten jetzt wissen sollten
alm3p31f,z2ulnfop,0.018943666,Immunobiological aspects of vaccines in pregnancy: Maternal perspective,Fakten auf einen Blick
693r9rey,79hf1x4j,0.018946536,Medical emergencies on commercial airline flights.,Sind durch COVID-19 (mehr) Patienten mit Hörverlust zu erwarten?
i2mrj4p0,s9qlcamb,0.018947078,The Way Forward: The Power of Diversity,Finanzielle Hilfen für Vertragsärzte: Weitere KVen haben HVM-Änderungen ausgearbeitet
blt20o20,atva6mfp,0.018963082,Risk factors for redetectable positivity in recovered COVID-19 children,COVID-19-Forschungsdaten leichter zugänglich machen – Aufbau einer bundesweiten Informationsinfrastruktur
gp7jmc7i,fxrsgieg,0.01897027,Circulating Cellular Clusters Are Correlated with Clinical Outcomes and Demographics in Covid-19,COVID-19: Was Rheumapatienten jetzt wissen sollten
vz19yhfb,s9qlcamb,0.01897653,52 pick up: Reflections on the apocalypse conversation,Finanzielle Hilfen für Vertragsärzte: Weitere KVen haben HVM-Änderungen ausgearbeitet
4ll2rqh3,mherdb4v,0.018977856,"Weniger Arbeit, mehr Urlaub",Lessons for and from COVID‐19 for investors and their advisors
hrphvsco,fxrsgieg,0.018998306,COVID-19 Treatment in Pediatric Patients,COVID-19: Was Rheumapatienten jetzt wissen sollten
nxaai5xz,e69c9wyw,0.019009557,Breastfeeding Experiences of Autistic Women.,Nutzen von Erfahrungswissen in Krisen. Zur These einer vermehrten Bezugnahme auf Geschichte in Krisenzeiten
06he0zw1,fxrsgieg,0.019010713,T Cell Phenotyping in Individuals Hospitalized with COVID-19.,COVID-19: Was Rheumapatienten jetzt wissen sollten
fxrsgieg,dnnh31uv,0.019010713,COVID-19: Was Rheumapatienten jetzt wissen sollten,T Cell Phenotyping in Individuals Hospitalized with COVID-19
mherdb4v,77zkfwr7,0.019023875,Lessons for and from COVID‐19 for investors and their advisors,Masterplan Rohstoffe 2030 – Eine Rohstoffstrategie für Österreich
riuc8vl2,e69c9wyw,0.019027485,Do national cultures matter in the containment of COVID-19?,Nutzen von Erfahrungswissen in Krisen. Zur These einer vermehrten Bezugnahme auf Geschichte in Krisenzeiten
lh9oww32,fxrsgieg,0.019031996,Therapeutic agents tested in 238 COVID-19 hospitalized patients and their relationship with mortality,COVID-19: Was Rheumapatienten jetzt wissen sollten
fxrsgieg,5yrd585v,0.019039871,COVID-19: Was Rheumapatienten jetzt wissen sollten,Circular Approaches in Small-Scale Food Production
4z3858u8,fxrsgieg,0.01904268,Attitude of family members of health care workers during covid-19 - A questionnaire survey,COVID-19: Was Rheumapatienten jetzt wissen sollten
jbv80qp7,e69c9wyw,0.01904958,Covid-19 vaccination: Logistical challenges in primary care,Nutzen von Erfahrungswissen in Krisen. Zur These einer vermehrten Bezugnahme auf Geschichte in Krisenzeiten
0oo747qq,fxrsgieg,0.019054562,Considerations for COVID-19 vaccination in pregnancy.,COVID-19: Was Rheumapatienten jetzt wissen sollten
xhyr66pf,fxrsgieg,0.019059496,Infectious Diseases and Agriculture,COVID-19: Was Rheumapatienten jetzt wissen sollten
j52aiul2,fxrsgieg,0.019064678,"Relationship Between Food Insecurity, Stress, and other Health Markers in College Students During COVID-19",COVID-19: Was Rheumapatienten jetzt wissen sollten
zo2e94bx,s9qlcamb,0.019064862,"Shoring up shortfalls: women, retirement, and the growing gigsupp economy",Finanzielle Hilfen für Vertragsärzte: Weitere KVen haben HVM-Änderungen ausgearbeitet
8ibn072v,s9qlcamb,0.01907689,Identification of factors effecting Covid-19,Finanzielle Hilfen für Vertragsärzte: Weitere KVen haben HVM-Änderungen ausgearbeitet
l41wfi7n,z2ulnfop,0.019112814,"COVID-19 and the Kidneys, Implications and Outcomes.",Fakten auf einen Blick
qga1kqe5,s9qlcamb,0.01912286,Gender Diversity and Work–Life Conflict in Changing Times,Finanzielle Hilfen für Vertragsärzte: Weitere KVen haben HVM-Änderungen ausgearbeitet
s9qlcamb,42vw2k59,0.01912286,Finanzielle Hilfen für Vertragsärzte: Weitere KVen haben HVM-Änderungen ausgearbeitet,Gender Diversity and Work-Life Conflict in Changing Times
irpg4pv7,e69c9wyw,0.019130815,Possible Drug Candidates for COVID-19,Nutzen von Erfahrungswissen in Krisen. Zur These einer vermehrten Bezugnahme auf Geschichte in Krisenzeiten
ot6tw5z1,fxrsgieg,0.01914727,Survival Rates and Prognostic Factors of COVID-19 Patients: A Registry-Based Retrospective Cohort Study,COVID-19: Was Rheumapatienten jetzt wissen sollten
z2ulnfop,nv6lp5m9,0.019155849,Fakten auf einen Blick,THE IMPLICATIONS OF COVID-19 VACCINATION ON HOSPITALIZATIONS AND CLINICAL OUTCOMES
j5wbhgc7,s9qlcamb,0.019160174,COVID-19 Prognostic Factors: A Retrospective Study Challenging The Risk Factors Contributing To Poor Outcomes,Finanzielle Hilfen für Vertragsärzte: Weitere KVen haben HVM-Änderungen ausgearbeitet
ziashmgo,e69c9wyw,0.019164307,Women Heads of State and Covid-19 Policy Responses,Nutzen von Erfahrungswissen in Krisen. Zur These einer vermehrten Bezugnahme auf Geschichte in Krisenzeiten
fxrsgieg,i8g7gspb,0.019170657,COVID-19: Was Rheumapatienten jetzt wissen sollten,"Students’ observations of hand hygiene adherence in 20 nursing home wards, during the COVID-19 pandemic"
fxrsgieg,jaitkp2j,0.019184295,COVID-19: Was Rheumapatienten jetzt wissen sollten,Estradiol and Dihydrotestosterone Levels in Covid-19 Patients
lvi4n41u,zgdyujsi,0.019185478,Pflegen kann jede*r!,Preparing for COVID-19 in Nursing Homes
fxrsgieg,xzhqgxhe,0.01918744,COVID-19: Was Rheumapatienten jetzt wissen sollten,[Epidemiology and public health in the COVID-19 epidemic]
2fnsb7ej,fxrsgieg,0.01918976,Caring for Patients at a COVID-19 Field Hospital,COVID-19: Was Rheumapatienten jetzt wissen sollten
fxrsgieg,fh6o46hf,0.019202529,COVID-19: Was Rheumapatienten jetzt wissen sollten,Postelection Prospects for Expanding Health Care Coverage
p5yx1mui,lvi4n41u,0.019204088,Shifting Duties of Children's Hospitals During the COVID-19 Pandemic,Pflegen kann jede*r!
xmvenkyj,4wcf4z93,0.019223142,"Impfquoten bei Erwachsenen: Höher, aber nicht hoch genug",Acknowledgement to Referees: Acknowledgement to Referees
bjvd0hi7,fxrsgieg,0.019230679,Polygenic scores in biomedical research,COVID-19: Was Rheumapatienten jetzt wissen sollten
lvi4n41u,dpcuyjcs,0.019234957,Pflegen kann jede*r!,Remote Teaching During COVID-19: Implications from a National Survey of Language Educators
kscuwn08,fxrsgieg,0.019250695,Presentation of covid 19 in diabetic patients. A retrospective study,COVID-19: Was Rheumapatienten jetzt wissen sollten
guvc9aa0,s9qlcamb,0.019251578,Explaining Errors in Predictions of At-Risk Students in Distance Learning Education,Finanzielle Hilfen für Vertragsärzte: Weitere KVen haben HVM-Änderungen ausgearbeitet
526elsrf,fxrsgieg,0.019266836,Weather Conditions and COVID-19 Transmission: Estimates and Projections,COVID-19: Was Rheumapatienten jetzt wissen sollten
lvi4n41u,i1ag4rhl,0.019268282,Pflegen kann jede*r!,National Study of Youth Opinions on Vaccination for COVID-19 in the U.S.
td4prw2k,zgojzaiw,0.019273294,Should we be concerned about COVID‐19 with nonhuman primates?,Zerebrale MRT zeigt typische COVID19-Befunde
fxrsgieg,sp7c484t,0.019289667,COVID-19: Was Rheumapatienten jetzt wissen sollten,"The comprehensive clinic, laboratory, and instrumental evaluation of children with COVID‐19: A 6‐months prospective study"
fxrsgieg,mgpk739v,0.019297706,COVID-19: Was Rheumapatienten jetzt wissen sollten,Datasets for assessing the structure and drivers of biological sounds
d4cej3k5,fxrsgieg,0.019317785,The Comparison of the Adaptation of Public and Private School Teachers to Distance Education during the COVID19 Pandemic,COVID-19: Was Rheumapatienten jetzt wissen sollten
l6754c29,q5v3w8rm,0.019324133,Features of α‐HBDH in COVID‐19 patients: A cohort study,Das Stethoskop bleibt wichtig — auch in COVID-19-Zeiten: Kein Auslaufmodell
q5v3w8rm,az2pgmkj,0.019324133,Das Stethoskop bleibt wichtig — auch in COVID-19-Zeiten: Kein Auslaufmodell,Features of α-HBDH in COVID-19 patients: A cohort study
w83gmv90,fxrsgieg,0.019326366,My Two-Dimensional Life,COVID-19: Was Rheumapatienten jetzt wissen sollten
j8nva7ip,lvi4n41u,0.019329552,Clinical view of covid-19 impact on children and adolescents,Pflegen kann jede*r!
039lvql5,s9qlcamb,0.019336347,Proposals and Territorial Concerns of the Geography Students Involved in the Project We Propose! 2019/20,Finanzielle Hilfen für Vertragsärzte: Weitere KVen haben HVM-Änderungen ausgearbeitet
hqvqsjtn,e69c9wyw,0.019338815,Challenges in Infectious Diseases for Haematologists.,Nutzen von Erfahrungswissen in Krisen. Zur These einer vermehrten Bezugnahme auf Geschichte in Krisenzeiten
mherdb4v,u6nrqmv8,0.019348841,Lessons for and from COVID‐19 for investors and their advisors,Umfrage unter hämatoonkologischen Schwerpunktpraxen zur COVID-19-Lage
np9kbu0e,fxrsgieg,0.019357126,Hematologic Parameters of COVID - 19: A Review on Alteration of Hematologic Laboratory Findings,COVID-19: Was Rheumapatienten jetzt wissen sollten
vur1c2nf,s9qlcamb,0.019370083,Communicating With Patients and Families During COVID-19,Finanzielle Hilfen für Vertragsärzte: Weitere KVen haben HVM-Änderungen ausgearbeitet
89d5qnbw,lvi4n41u,0.019372357,Phytocompounds and COVID‐19: Two years of knowledge,Pflegen kann jede*r!
ijox1ccb,fxrsgieg,0.01937374,Revisiting the Safety of Health Care Workers,COVID-19: Was Rheumapatienten jetzt wissen sollten
yss5bl0e,fxrsgieg,0.019384596,Biomaterials: Antimicrobial Surfaces in Biomedical Engineering and Healthcare,COVID-19: Was Rheumapatienten jetzt wissen sollten
6mc4zg7g,mherdb4v,0.019384744,Viele Sonderregelungen gelten weiter,Lessons for and from COVID‐19 for investors and their advisors
lvi4n41u,vvqp4csj,0.019395662,Pflegen kann jede*r!,Coaching Resistance Bands Training for Children during COVID-19
ex4z2b75,lvi4n41u,0.019397048,COVID-19's unfortunate events in schools: mitigating classroom clusters in the context of variable transmission,Pflegen kann jede*r!
lvi4n41u,evwuru4z,0.019410156,Pflegen kann jede*r!,Teachers' Opinions on a Teaching-Learning Models during the Covid-19's Pandemic
66mun4ic,fxrsgieg,0.019418066,Conundrum of COVID-19: The road ahead,COVID-19: Was Rheumapatienten jetzt wissen sollten
3qxqvmon,vccd693a,0.019419968,Współzależność przemysłu 4.0 z gospodarką o obiegu zamkniętym: w poszukiwaniu wspólnego obszaru definicyjnego,COVID-19: A Matter Close to the Heart
48uullfc,fxrsgieg,0.019420994,Leadership in Serving the Public's Health.,COVID-19: Was Rheumapatienten jetzt wissen sollten
83kkb64b,s9qlcamb,0.019426394,Is it my job? Leaders' family-supportive role perceptions,Finanzielle Hilfen für Vertragsärzte: Weitere KVen haben HVM-Änderungen ausgearbeitet
ftdyr1ek,fxrsgieg,0.01945345,Social and Demographic Factors Contributing to COVID-19 Vaccine Hesitancy in Patients with Hematologic Malignancies,COVID-19: Was Rheumapatienten jetzt wissen sollten
p81l6zvz,1139lgv7,0.019459551,Systemische Immunsuppression in Zeiten von COVID‐19: Müssen wir umdenken?,Covid-19 and the healthcare professionals of the future
spsl7vso,fxrsgieg,0.019482622,"Neighborhoods, Activity Spaces, and the Span of Adolescent Exposures.",COVID-19: Was Rheumapatienten jetzt wissen sollten
fxrsgieg,upy712aj,0.019497586,COVID-19: Was Rheumapatienten jetzt wissen sollten,Nurses' Working Conditions: Implications for Infectious Disease
fxrsgieg,htdqf8i0,0.01949785,COVID-19: Was Rheumapatienten jetzt wissen sollten,Comparative Study of Pathogenic Viruses Carried on Pairs of Species
xso2mp2w,s9qlcamb,0.019499008,Teaching math in real time,Finanzielle Hilfen für Vertragsärzte: Weitere KVen haben HVM-Änderungen ausgearbeitet
ikp2z39k,e69c9wyw,0.019500768,Variable importance scores,Nutzen von Erfahrungswissen in Krisen. Zur These einer vermehrten Bezugnahme auf Geschichte in Krisenzeiten
fxrsgieg,aud54cw2,0.019507341,COVID-19: Was Rheumapatienten jetzt wissen sollten,Proteinuria and Clinical Outcomes in Hospitalized COVID-19 Patients: A Retrospective Single-Center Study.
qc1mpzli,fxrsgieg,0.019524354,Temperature significant change COVID-19 Transmission in 429 cities,COVID-19: Was Rheumapatienten jetzt wissen sollten
lvi4n41u,p6p8qhzw,0.019538917,Pflegen kann jede*r!,Introduction to Critical Training Topics Series: Meeting the Needs of a Diverse Nation
vur1c2nf,kgteq60t,0.01956246,Communicating With Patients and Families During COVID-19,¿Es la nutrición el factor de riesgo olvidado en la infección por COVID-19?
5pp8qvx0,z2ulnfop,0.019594144,From the editors: research in times of COVID,Fakten auf einen Blick
6mc4zg7g,vur1c2nf,0.019604528,Viele Sonderregelungen gelten weiter,Communicating With Patients and Families During COVID-19
lvi4n41u,2m1q6ema,0.019609382,Pflegen kann jede*r!,The prevalence of asymptomatic and symptomatic COVID-19 in a cohort of quarantined subjects
j8nva7ip,fxrsgieg,0.019611996,Clinical view of covid-19 impact on children and adolescents,COVID-19: Was Rheumapatienten jetzt wissen sollten
fxrsgieg,xqlvdziu,0.019612448,COVID-19: Was Rheumapatienten jetzt wissen sollten,Review of registered clinical trials for the treatment of COVID‐19
yeyyia0x,s9qlcamb,0.019619646,Undeterred by the risk of failure,Finanzielle Hilfen für Vertragsärzte: Weitere KVen haben HVM-Änderungen ausgearbeitet
41378qru,s9qlcamb,0.019632211,COVID-19 breakthroughs: separating fact from fiction,Finanzielle Hilfen für Vertragsärzte: Weitere KVen haben HVM-Änderungen ausgearbeitet
bz481ckx,4wcf4z93,0.019635916,Kostenfreie Onlinekurse nachhaltig mit personalisiertem Marketing finanzieren – Ein Vorschlag zur synergetischen Kombination zweier datengetriebener Geschäftsmodelle,Acknowledgement to Referees: Acknowledgement to Referees
o7wpfg1f,lvi4n41u,0.019641424,Prospects of brassinosteroids in medicinal applications,Pflegen kann jede*r!
etadnyj2,lvi4n41u,0.019658254,Barriers to Climate Disaster risk Management for Public Health: Lessons from a Pilot Survey of National Public Health Representatives,Pflegen kann jede*r!
68nh1sqe,fxrsgieg,0.019662846,Benefits of Business Intelligence Systems and Multiple National Cultures During Covid-19,COVID-19: Was Rheumapatienten jetzt wissen sollten
ot6tw5z1,lvi4n41u,0.019665366,Survival Rates and Prognostic Factors of COVID-19 Patients: A Registry-Based Retrospective Cohort Study,Pflegen kann jede*r!
lvi4n41u,vh68rbhn,0.019667493,Pflegen kann jede*r!,Sociodemographic Determinants of COVID-19 Susceptibility and Outcomes in the Pregnant Population
w38mbvdw,fxrsgieg,0.019677745,Proteolytic Processing of Filovirus Glycoproteins,COVID-19: Was Rheumapatienten jetzt wissen sollten
2jfbc6qw,z2ulnfop,0.019680845,Teachers under stress during the COVID-19: cultural differences,Fakten auf einen Blick
6fte7krp,fxrsgieg,0.019688323,Clinical presentation and management of COVID‐19,COVID-19: Was Rheumapatienten jetzt wissen sollten
vms0r95w,s9qlcamb,0.01968994,A time of reflection and ensuring that nurses' voices are heard,Finanzielle Hilfen für Vertragsärzte: Weitere KVen haben HVM-Änderungen ausgearbeitet
w74o277d,fxrsgieg,0.019696657,Despite COVID-19 cancer nurses continue to do all they can for their patients,COVID-19: Was Rheumapatienten jetzt wissen sollten
wx77fncz,fxrsgieg,0.019701315,Promoting public health measures in response to COVID-19 on cargo ships and fishing vessels,COVID-19: Was Rheumapatienten jetzt wissen sollten
t8xlnt83,lvi4n41u,0.019706925,Prospective cohort study of workers diagnosed with COVID‐19 and subsequent unemployment,Pflegen kann jede*r!
zn3xk5ls,atva6mfp,0.019736394,As close as possible to researchers and caregivers,COVID-19-Forschungsdaten leichter zugänglich machen – Aufbau einer bundesweiten Informationsinfrastruktur
ew0v1h8y,fxrsgieg,0.01973773,Nano-carriers of COVID-19 vaccines: the main pillars of efficacy,COVID-19: Was Rheumapatienten jetzt wissen sollten
68nh1sqe,lvi4n41u,0.019738263,Benefits of Business Intelligence Systems and Multiple National Cultures During Covid-19,Pflegen kann jede*r!
aj4ci6pu,pez6to2e,0.019746613,Biosafety Guidelines for COVID-19 Specimens in Biobanks.,Infektionsschutz: Wenn gegen Regeln verstoßen wird
mn0isuck,z2ulnfop,0.01975039,P5‐132: Rehabilitation interventions and tasks for patients with COVID‐19 in our hospital,Fakten auf einen Blick
s9qlcamb,uf8vbsyg,0.01975044,Finanzielle Hilfen für Vertragsärzte: Weitere KVen haben HVM-Änderungen ausgearbeitet,Facing in real time the challenges of the Covid-19 epidemic for rehabilitation.
syv6don1,s9qlcamb,0.019752562,Healthcare information for all.,Finanzielle Hilfen für Vertragsärzte: Weitere KVen haben HVM-Änderungen ausgearbeitet
s9qlcamb,xetv4xb9,0.019752562,Finanzielle Hilfen für Vertragsärzte: Weitere KVen haben HVM-Änderungen ausgearbeitet,Healthcare information for all
trvwknfb,ewl63b2i,0.01976154,Impfung zur Vorbeugung der COVID-19-Erkrankung sowie Impfpriorisierung bei Epilepsie,Manufacturing Workers and Employers
3ew4java,s9qlcamb,0.019764021,"Calculated grades, predicted grades, forecasted grades and actual A-level grades: Reliability, correlations and predictive validity in medical school applicants, undergraduates, and postgraduates in a time of COVID-19",Finanzielle Hilfen für Vertragsärzte: Weitere KVen haben HVM-Änderungen ausgearbeitet
z5jbdpd1,fxrsgieg,0.01977004,"COVID-19 Regulations, Political Institutions, and the Environment",COVID-19: Was Rheumapatienten jetzt wissen sollten
lvi4n41u,zpn2h9mt,0.019775031,Pflegen kann jede*r!,The Role of Hospitals in Disaster
k99pzd44,lvi4n41u,0.019785685,Nurses' perception of disaster: implications for disaster nursing curriculum.,Pflegen kann jede*r!
z2ulnfop,0bkskibk,0.0198098,Fakten auf einen Blick,Human Bocavirus in Children
1paek4yr,fxrsgieg,0.019810157,Attitudes of Local Population Towards the Impacts of Tourism Development: Evidence From Czechia,COVID-19: Was Rheumapatienten jetzt wissen sollten
z2ulnfop,c2io6utd,0.019827247,Fakten auf einen Blick,Employment Consequences of COVID-19 for People with Disabilities and Employers
syv6don1,atva6mfp,0.019827705,Healthcare information for all.,COVID-19-Forschungsdaten leichter zugänglich machen – Aufbau einer bundesweiten Informationsinfrastruktur
atva6mfp,xetv4xb9,0.019827705,COVID-19-Forschungsdaten leichter zugänglich machen – Aufbau einer bundesweiten Informationsinfrastruktur,Healthcare information for all
6neh9cnu,s9qlcamb,0.019833032,"The ""Other"" Confronting Injustice in 2021 and Beyond.",Finanzielle Hilfen für Vertragsärzte: Weitere KVen haben HVM-Änderungen ausgearbeitet
fe82q2o1,9zhyv1hu,0.01986068,Pflegedienstleiter in einer besonderen Zeit,Considerations for Public Beaches
lvi4n41u,9xqngd08,0.019862123,Pflegen kann jede*r!,"COVID-19 stress, health issues, and correlations with different genders and age groups"
s9qlcamb,zs9dltyw,0.019887598,Finanzielle Hilfen für Vertragsärzte: Weitere KVen haben HVM-Änderungen ausgearbeitet,"Special topic ""Family care matters: at what cost?"""
p81l6zvz,0oo747qq,0.019895393,Systemische Immunsuppression in Zeiten von COVID‐19: Müssen wir umdenken?,Considerations for COVID-19 vaccination in pregnancy.
ozok3ay6,fxrsgieg,0.019896012,Evaluating the Clinical Outcomes of Remdesivir Among Patients Admitted With COVID-19 in a Tertiary Care Hospital,COVID-19: Was Rheumapatienten jetzt wissen sollten
1gv3z2u4,s9qlcamb,0.019905495,Work Life Balance Post COVID-19,Finanzielle Hilfen für Vertragsärzte: Weitere KVen haben HVM-Änderungen ausgearbeitet
fxrsgieg,kcfm9t42,0.019939274,COVID-19: Was Rheumapatienten jetzt wissen sollten,"Melanesia in Review: Issues and Events, 2020"
a1uugmpm,lvi4n41u,0.019952724,The Impact of COVID-19 on the Faces of Frontline Healthcare Workers.,Pflegen kann jede*r!
lvi4n41u,9gew5yro,0.019957157,Pflegen kann jede*r!,Factors Influencing Parents' and Children's Misperception of Children's Weight Status: a Systematic Review of Current Research.
godsartm,fxrsgieg,0.019959783,Clinical symptoms and psychological changes of patients with COVID-19 in Jiangxi Province,COVID-19: Was Rheumapatienten jetzt wissen sollten
0y0qggva,lvi4n41u,0.019983077,Attitude and learning styles in different academic achievement of tertiary students,Pflegen kann jede*r!
52ag4u2l,fxrsgieg,0.019984225,Evaluating Primary Endpoints for COVID-19 Therapeutic Trials to Assess Recovery,COVID-19: Was Rheumapatienten jetzt wissen sollten
lvi4n41u,vcoqptfx,0.01998457,Pflegen kann jede*r!,Prognostic Factors for Adverse Outcomes in COVID-19 Infection.
fxrsgieg,boys7vbd,0.019985916,COVID-19: Was Rheumapatienten jetzt wissen sollten,Issues and Challenges of Public-Health Research in Developing Countries
lvi4n41u,xeex87xc,0.019991875,Pflegen kann jede*r!,Creating an attractive workplace for current and potential hospital employees
kpsipywz,fxrsgieg,0.019992733,Nanomaterials for Remediation of Environmental Pollutants,COVID-19: Was Rheumapatienten jetzt wissen sollten
z2ulnfop,2bp6iaih,0.020001747,Fakten auf einen Blick,"Pandemics, Protests and Firearms"
hfitpoo4,fxrsgieg,0.020015271,Factors influencing access to basic handwashing facilities in developing countries,COVID-19: Was Rheumapatienten jetzt wissen sollten
s9qlcamb,0v5fa2cf,0.020019615,Finanzielle Hilfen für Vertragsärzte: Weitere KVen haben HVM-Änderungen ausgearbeitet,Promoting diversity and inclusion in STEMM starts at the top.
lvi4n41u,1imrixy6,0.02002036,Pflegen kann jede*r!,Hypertension Research Awards for authors of outstanding papers in Hypertension Research.
lvi4n41u,6ljb6f9n,0.020030694,Pflegen kann jede*r!,Attention-based Gender Recognition on Masked Faces
lvi4n41u,h7wtvca0,0.020042317,Pflegen kann jede*r!,ResearchPaper:EfficacyofMyofascialReleaseTherapy on the Cardiorespiratory Functions in Patients With COVID-19
c2io6utd,77zkfwr7,0.020048458,Employment Consequences of COVID-19 for People with Disabilities and Employers,Masterplan Rohstoffe 2030 – Eine Rohstoffstrategie für Österreich
fxrsgieg,6ct4swpm,0.020053813,COVID-19: Was Rheumapatienten jetzt wissen sollten,Time to rethink our lives and businesses
93rayqi3,fxrsgieg,0.02005638,Clinical features and diagnosis of multiple myeloma: a population-based cohort study in primary care,COVID-19: Was Rheumapatienten jetzt wissen sollten
0slsvto1,s9qlcamb,0.020056412,A monthly record for all interested in chemical manufactures: Part 2,Finanzielle Hilfen für Vertragsärzte: Weitere KVen haben HVM-Änderungen ausgearbeitet
lvi4n41u,4vamza5b,0.02006565,Pflegen kann jede*r!,Calcification in arteries . . . and other stories
dojct5xw,e69c9wyw,0.020074084,Remembering seasonal coronaviruses,Nutzen von Erfahrungswissen in Krisen. Zur These einer vermehrten Bezugnahme auf Geschichte in Krisenzeiten
lvi4n41u,b1qbywq1,0.020077234,Pflegen kann jede*r!,The effectiveness of six scores in predicting the death risk of COVID-19
e2qh3xd8,fxrsgieg,0.02008703,Public health implications of world trade negotiations,COVID-19: Was Rheumapatienten jetzt wissen sollten
55dh1elb,lvi4n41u,0.020114515,Health measures to travellers and cruise ships in response to COVID-19,Pflegen kann jede*r!
c4c7zfqj,lvi4n41u,0.020118248,Unravelling the business of educational leaders in times of uncertainty,Pflegen kann jede*r!
7hdangks,lvi4n41u,0.020138446,Preliminary Results from the FOGSI's National Registry on Pregnancy with COVID-19,Pflegen kann jede*r!
cv7g8umq,fxrsgieg,0.020147802,Metalcasting Industry Research,COVID-19: Was Rheumapatienten jetzt wissen sollten
lvi4n41u,v19curuq,0.020150132,Pflegen kann jede*r!,COVID-19 care options: Facts and Challenges
0bq2xbyu,atva6mfp,0.02015759,Stresses of COVID-19 include parental concerns,COVID-19-Forschungsdaten leichter zugänglich machen – Aufbau einer bundesweiten Informationsinfrastruktur
lvi4n41u,ljyomcb2,0.020163057,Pflegen kann jede*r!,Alliances for scientific success
ftj5jufn,fxrsgieg,0.02016908,"On Football, Personal Risk, and Public Health",COVID-19: Was Rheumapatienten jetzt wissen sollten
sm8v1e3k,4wcf4z93,0.020180749,Mund-Nasen-Masken zur Vermeidung von COVID-19 und Pollenallergie geeignet: eine Studie in der Expositionskammer,Acknowledgement to Referees: Acknowledgement to Referees
af16yqjy,fxrsgieg,0.020182606,Cardiovascular risk factors are independently associated with COVID-19 mortality: a prospective cohort study,COVID-19: Was Rheumapatienten jetzt wissen sollten
lvi4n41u,l9s4rb9y,0.020184902,Pflegen kann jede*r!,"The Vision of Educational Actors: Normalist Practitioners, Tutors and Professional Practice Advisors in Times of Covid-19 in Mexico"
79h2fdki,fxrsgieg,0.020189347,Forty Postmortem Examinations in COVID-19 Patients: Two Distinct Pathologic Phenotypes and Correlation With Clinical and Radiologic Findings,COVID-19: Was Rheumapatienten jetzt wissen sollten
saev0rcw,8753i8h9,0.020190798,Prawa człowieka dzieci niepełnosprawnych w sytuacjach kryzysowych: wyzwanie COVID‐19,Sprifermin benefits maintained at 5 years
g9ykr72y,s9qlcamb,0.020205868,Reducing Costs – Increasing the Efficiency and Effectiveness through IT,Finanzielle Hilfen für Vertragsärzte: Weitere KVen haben HVM-Änderungen ausgearbeitet
d0asa1io,e69c9wyw,0.020215657,Concerns of Family Caregivers during COVID-19: The Concerns of Caregivers and the Surprising Silver Linings.,Nutzen von Erfahrungswissen in Krisen. Zur These einer vermehrten Bezugnahme auf Geschichte in Krisenzeiten
nlnk62qn,lvi4n41u,0.020238917,This is Our Story: Yanyuwa Experiences of a Pandemic,Pflegen kann jede*r!
z2ulnfop,akktkosz,0.02023899,Fakten auf einen Blick,Identifying and classifying the contributing factors to financial resilience
3lrrkopr,fxrsgieg,0.020241985,COVID-19 and gastroenterology: clinical insights and recommendations for gastroenterology care providers,COVID-19: Was Rheumapatienten jetzt wissen sollten
4ll2rqh3,izlpz4qn,0.020246321,"Weniger Arbeit, mehr Urlaub",Risk Factors for Mortality of COVID-19 Patients
lvi4n41u,5ikqzbho,0.02025032,Pflegen kann jede*r!,Identifying the Leadership Challenges of K-12 Public Schools During COVID-19 Disruption: A Systematic Literature Review
q6ldnd0p,fxrsgieg,0.020254208,Hydroxychloroquine at the center of covid-19 discussions,COVID-19: Was Rheumapatienten jetzt wissen sollten
lvi4n41u,tosykfsp,0.020255854,Pflegen kann jede*r!,Neurological complications in critical patients with COVID-19
s9qlcamb,fsv2vgtn,0.02026512,Finanzielle Hilfen für Vertragsärzte: Weitere KVen haben HVM-Änderungen ausgearbeitet,Publishing and Researching in a Post-Covid World
s9qlcamb,cqppkl6r,0.020268185,Finanzielle Hilfen für Vertragsärzte: Weitere KVen haben HVM-Änderungen ausgearbeitet,Point-of-Care Ultrasound Can Suggest COVID-19
k4uii6ty,z2ulnfop,0.020282608,Metabolic disorders in foals,Fakten auf einen Blick
362itgex,z2ulnfop,0.020313142,"Numeracy and COVID-19: examining interrelationships between numeracy, health numeracy and behaviour",Fakten auf einen Blick
i8wqdk6z,fxrsgieg,0.020319756,A Conceptual Characterization of Value Creation in Hospitality and Tourism Firms from a Complexity Perspective,COVID-19: Was Rheumapatienten jetzt wissen sollten
d0wd4bmb,s9qlcamb,0.020325068,Covid-19 and Cost of Living in Developing Countries,Finanzielle Hilfen für Vertragsärzte: Weitere KVen haben HVM-Änderungen ausgearbeitet
ebbxhvqh,fxrsgieg,0.020335717,Local Monitoring of Saprotrophic Bacterial Complexes of Urban Soils in Syktyvkar in 2019 and 2020,COVID-19: Was Rheumapatienten jetzt wissen sollten
4t6okl6o,lvi4n41u,0.020339387,Lifting the Barriers Excluding People Living with Disabilities from the Benefits of Inclusion in Research Studies,Pflegen kann jede*r!
6mc4zg7g,dr2ywt13,0.020363975,Viele Sonderregelungen gelten weiter,Evaluation of mortality predictors in hospitalized COVID-19 patients: Retrospective cohort study
s32v6bmd,s9qlcamb,0.02036515,Editorial: Why is modeling COVID-19 so difficult?,Finanzielle Hilfen für Vertragsärzte: Weitere KVen haben HVM-Änderungen ausgearbeitet
s9qlcamb,emiqoz3g,0.020371435,Finanzielle Hilfen für Vertragsärzte: Weitere KVen haben HVM-Änderungen ausgearbeitet,Life in the time of COVID: Thoughts on current trends and future directions in mathematics education
z2ulnfop,aci0fr75,0.020374373,Fakten auf einen Blick,[Clinical applications of smartwatches]
fxrsgieg,awlbyl7t,0.020387271,COVID-19: Was Rheumapatienten jetzt wissen sollten,P5‐23: Neurological complications of patients with COVID‐19
ikp2z39k,s9qlcamb,0.020400679,Variable importance scores,Finanzielle Hilfen für Vertragsärzte: Weitere KVen haben HVM-Änderungen ausgearbeitet
lvi4n41u,8m9u2mdy,0.02040638,Pflegen kann jede*r!,Advances in Clinical Cardiology 2020: A Summary of Key Clinical Trials
lvi4n41u,wxti77du,0.02041876,Pflegen kann jede*r!,"COVID-19 Outcomes Among the Hispanic Population of 27 Large US Cities, 2020-2021."
s9qlcamb,h2umrven,0.020431194,Finanzielle Hilfen für Vertragsärzte: Weitere KVen haben HVM-Änderungen ausgearbeitet,Distance Teaching During the COVID-19 Crisis: Social Connectedness Matters Most for Teaching Quality and Students' Learning
2tnejf0p,fxrsgieg,0.020463854,Development and Validation of the COVID-NoLab and COVID-SimpleLab Risk Scores for Prognosis in 6 US Health Systems.,COVID-19: Was Rheumapatienten jetzt wissen sollten
z2ulnfop,z7oqxcd3,0.020471217,Fakten auf einen Blick,Key opinion leaders — a critical perspective
aubs6byr,s9qlcamb,0.020479036,The Lives of Girls and Young Women in the Time of COVID-19,Finanzielle Hilfen für Vertragsärzte: Weitere KVen haben HVM-Änderungen ausgearbeitet
8pvxrg4y,s9qlcamb,0.02048248,E-learning challenges faced by learners in education institutions,Finanzielle Hilfen für Vertragsärzte: Weitere KVen haben HVM-Änderungen ausgearbeitet
vur1c2nf,pez6to2e,0.020502435,Communicating With Patients and Families During COVID-19,Infektionsschutz: Wenn gegen Regeln verstoßen wird
bjvd0hi7,lvi4n41u,0.020502506,Polygenic scores in biomedical research,Pflegen kann jede*r!
s9qlcamb,ooar03ze,0.020502592,Finanzielle Hilfen für Vertragsärzte: Weitere KVen haben HVM-Änderungen ausgearbeitet,Rapid transition of a technical course from face-to-face to online
65z4nvqf,lvi4n41u,0.020521421,Twelve months into a feasibility trial: reflections on three experiences of public and patient involvement in research,Pflegen kann jede*r!
cmi5pizh,fxrsgieg,0.02053043,Clinical Perspectives on the Notion of Presence.,COVID-19: Was Rheumapatienten jetzt wissen sollten
p81l6zvz,y3vwrd7a,0.02054026,Systemische Immunsuppression in Zeiten von COVID‐19: Müssen wir umdenken?,Family Caregivers’ Experiences and Changes in Caregiving Tasks During the COVID-19 Pandemic
7hwyygwn,4wcf4z93,0.020546248,"Werbung für eine Fernbehandlung nach Novellierung des 9 HWG: HWG 9, UWG 3a",Acknowledgement to Referees: Acknowledgement to Referees
lvi4n41u,4jbj4wun,0.020548102,Pflegen kann jede*r!,The Study of Affective Processes in Political Contexts: Accomplishments and Challenges
43baf20m,lvi4n41u,0.020554896,The perception of nurses towards their roles during the COVID-19 pandemic,Pflegen kann jede*r!
l3tavujs,fxrsgieg,0.020576868,"Demystifying COVID-19 publications: institutions, journals, concepts, and topics",COVID-19: Was Rheumapatienten jetzt wissen sollten
p81l6zvz,39glgeft,0.020577889,Systemische Immunsuppression in Zeiten von COVID‐19: Müssen wir umdenken?,"Vaccines: Biotechnology Market, Coverage, and Regulatory Challenges for Achieving Sustainable Development Goals"
fxrsgieg,lwsqc7vb,0.020580549,COVID-19: Was Rheumapatienten jetzt wissen sollten,Factor analysis of the COVID-19 Perceived Risk Scale: A preliminary study.
lvi4n41u,yegth5c8,0.020584771,Pflegen kann jede*r!,Challenges and Opportunities for the Agricultural Producers in Sinana District in Reflection of COVID-19 Pandemic
lvi4n41u,gbx8xu65,0.020584784,Pflegen kann jede*r!,Examination of Academic Library Websites Regarding COVID-19 Responsiveness
ezrjey35,fxrsgieg,0.020588208,Association between viral seasonality and meteorological factors,COVID-19: Was Rheumapatienten jetzt wissen sollten
d0fxalbd,fxrsgieg,0.020607188,The COVID-19 Multifaceted Threat Scale,COVID-19: Was Rheumapatienten jetzt wissen sollten
1qawjquv,fxrsgieg,0.020621665,"Aquatic Ecosystems, Human Health, and Ecohydrology",COVID-19: Was Rheumapatienten jetzt wissen sollten
vgizgq2y,fxrsgieg,0.020627936,Applications of microarrays in pathogen detection and biodefence,COVID-19: Was Rheumapatienten jetzt wissen sollten
lvi4n41u,avzgq06l,0.020636994,Pflegen kann jede*r!,COVID-19 and obesity: links and risks.
60bvset6,s9qlcamb,0.020667192,How Attractive for Walking Are the Main Streets of a Shrinking City?,Finanzielle Hilfen für Vertragsärzte: Weitere KVen haben HVM-Änderungen ausgearbeitet
l00qmkrc,s9qlcamb,0.02067583,The relationship between health professionals and patients in time of the Covid-19,Finanzielle Hilfen für Vertragsärzte: Weitere KVen haben HVM-Änderungen ausgearbeitet
lmscgxz8,fxrsgieg,0.02068863,Lab leaks? . . . and other stories,COVID-19: Was Rheumapatienten jetzt wissen sollten
dlqty1aq,fxrsgieg,0.020691354,Clinical and Dermoscopic Characteristics of Onychophagia and Onychotillomania: A Retrospective Study of 63 Cases.,COVID-19: Was Rheumapatienten jetzt wissen sollten
cvp4qwop,fxrsgieg,0.020694684,"The relationship between team-level and league-level injury rate, type and location in a professional football league",COVID-19: Was Rheumapatienten jetzt wissen sollten
lvi4n41u,g3jtbzlx,0.020707434,Pflegen kann jede*r!,Users’ perceptions about receiving personalized depression risk information: findings from a qualitative study
9s1zrlz0,lvi4n41u,0.020715248,Supporting Small Businesses in Place,Pflegen kann jede*r!
lvi4n41u,ort6kbpd,0.020715846,Pflegen kann jede*r!,Nursing Outcomes and Nurses' Wellbeing
hzy3cti8,s9qlcamb,0.02072254,Emotional Trajectory at Different Career Stages: Two Excellent Teachers’ Stories,Finanzielle Hilfen für Vertragsärzte: Weitere KVen haben HVM-Änderungen ausgearbeitet
s6klvkme,fxrsgieg,0.02072415,Status and influencing factors of nursing and midwifery professionals' core competence- a cross sectional study,COVID-19: Was Rheumapatienten jetzt wissen sollten
8pdadbrc,lvi4n41u,0.020733677,Public health implications of opening National Football League stadiums during the COVID-19 pandemic,Pflegen kann jede*r!
obqux7s7,p81l6zvz,0.02073898,Health Workforce for Health Equity,Systemische Immunsuppression in Zeiten von COVID‐19: Müssen wir umdenken?
lvi4n41u,xbcv6uds,0.020742241,Pflegen kann jede*r!,Assessing and interpreting real-world evidence studies - introductory points for new reviewers.
25pjqjq5,fxrsgieg,0.020742528,Size and scale during development and regeneration.,COVID-19: Was Rheumapatienten jetzt wissen sollten
20ifwznd,s9qlcamb,0.020750187,Crash Course in Decision Making,Finanzielle Hilfen für Vertragsärzte: Weitere KVen haben HVM-Änderungen ausgearbeitet
l94e36mn,fxrsgieg,0.020758305,Sustainability and Resilience of Emerging Cities in Times of COVID-19,COVID-19: Was Rheumapatienten jetzt wissen sollten
5qarvlbt,fxrsgieg,0.02076428,Breastfeeding hampered by complacency and commercial interests,COVID-19: Was Rheumapatienten jetzt wissen sollten
8rmlec31,fxrsgieg,0.02078102,[Health protection guideline of schools and other educational institutions during COVID-19 outbreak],COVID-19: Was Rheumapatienten jetzt wissen sollten
lvi4n41u,icgkb80g,0.020790536,Pflegen kann jede*r!,Efforts to support athletes during COVID-19 outbreak: correspondence
udwlpyq6,fxrsgieg,0.020802567,COVID-19 control across urban-rural gradients,COVID-19: Was Rheumapatienten jetzt wissen sollten
d5ysnhb0,s9qlcamb,0.020803688,End-of-life care during COVID-19: opportunities and challenges for community nursing.,Finanzielle Hilfen für Vertragsärzte: Weitere KVen haben HVM-Änderungen ausgearbeitet
eq0h0moh,lvi4n41u,0.020808412,Predictors of quality of distance education during the COVID-19 pandemic,Pflegen kann jede*r!
uju6gjni,fxrsgieg,0.020811269,Odds Ratio Estimation of Medical Students’ Attitudes towards COVID-19 Vaccination,COVID-19: Was Rheumapatienten jetzt wissen sollten
sf3q663s,s9qlcamb,0.020812688,COVID-19 and the importance of effective risk communication with children,Finanzielle Hilfen für Vertragsärzte: Weitere KVen haben HVM-Änderungen ausgearbeitet
lvi4n41u,yg4mi80u,0.02083546,Pflegen kann jede*r!,Measuring the COVID-19 Financial Threat to Hospital Markets
2erklxc4,s9qlcamb,0.020835608,The Effectiveness of Life-Preserving Investments in Times of COVID-19,Finanzielle Hilfen für Vertragsärzte: Weitere KVen haben HVM-Änderungen ausgearbeitet
zgdyujsi,fxrsgieg,0.020836946,Preparing for COVID-19 in Nursing Homes,COVID-19: Was Rheumapatienten jetzt wissen sollten
o2mfsbkh,fxrsgieg,0.020838732,Pregnancy and the origins of illness,COVID-19: Was Rheumapatienten jetzt wissen sollten
lvi4n41u,fk1c8hr4,0.020874504,Pflegen kann jede*r!,"COVID-19 vaccines and herd immunity: Perspectives, challenges and prospects."
vur1c2nf,m5u36pyc,0.020874653,Communicating With Patients and Families During COVID-19,Cuando la respuesta mundial a la pandemia de la COVID-19 no tiene en cuenta la promocion de la salud
l00qmkrc,fxrsgieg,0.020902853,The relationship between health professionals and patients in time of the Covid-19,COVID-19: Was Rheumapatienten jetzt wissen sollten
0cri8cpx,atva6mfp,0.020904358,Critical Care Transport of Patients With COVID-19,COVID-19-Forschungsdaten leichter zugänglich machen – Aufbau einer bundesweiten Informationsinfrastruktur
lvi4n41u,t4e26cmo,0.020912189,Pflegen kann jede*r!,The Consequences of COVID-19 for International Relations
vksyuycy,lvi4n41u,0.020928482,Beliefs in Conspiracy Theories Following Ostracism,Pflegen kann jede*r!
o4s1evca,fxrsgieg,0.020938559,Models for Endemic Diseases,COVID-19: Was Rheumapatienten jetzt wissen sollten
dbhohs08,s9qlcamb,0.020942645,Introduction: Introducing Philosophy of the City,Finanzielle Hilfen für Vertragsärzte: Weitere KVen haben HVM-Änderungen ausgearbeitet
ndzft9az,avobcnzk,0.020950377,Hematological parameters- as mortality predictors in COVID-19 patients,Neue Impfempfehlungen - auch zu COVID-19
mixqc3ig,fxrsgieg,0.020951211,For the patient: COVID-19 vaccines and the public challenges and solutions.,COVID-19: Was Rheumapatienten jetzt wissen sollten
6b2ozwuj,s9qlcamb,0.020951398,Leadership in the time of crisis,Finanzielle Hilfen für Vertragsärzte: Weitere KVen haben HVM-Änderungen ausgearbeitet
fxrsgieg,d0asa1io,0.020951549,COVID-19: Was Rheumapatienten jetzt wissen sollten,Concerns of Family Caregivers during COVID-19: The Concerns of Caregivers and the Surprising Silver Linings.
lpcuxt5b,s9qlcamb,0.020959347,A Summary of the ComParE COVID-19 Challenges,Finanzielle Hilfen für Vertragsärzte: Weitere KVen haben HVM-Änderungen ausgearbeitet
vd05qmnm,fxrsgieg,0.020960568,Sociodemographic and Psychological Study on Performance of Students for The Covid-19 Aftermath Dataset.,COVID-19: Was Rheumapatienten jetzt wissen sollten
7r43q9s5,fxrsgieg,0.020963822,Providing women’s health care during COVID‐19: Personal and professional challenges faced by health workers,COVID-19: Was Rheumapatienten jetzt wissen sollten
lvi4n41u,sh03wppa,0.020968236,Pflegen kann jede*r!,Rehabilitation following Covid-19: Part 1: Theoretical Considerations
zq0s4gw5,fxrsgieg,0.020968426,Fabrication of aerosol-based nanoparticles and their applications in biomedical fields,COVID-19: Was Rheumapatienten jetzt wissen sollten
s9qlcamb,3jn7af68,0.020976206,Finanzielle Hilfen für Vertragsärzte: Weitere KVen haben HVM-Änderungen ausgearbeitet,Chemistry aspect of Covid-19 issues: Evaluation of high school students' critical thinking skills
foucabzy,lvi4n41u,0.02098319,Assessment and evaluation with clarifying purposes for policy and practice,Pflegen kann jede*r!
z2ulnfop,uu20ur49,0.020992158,Fakten auf einen Blick,Clinical characteristics and risk factors for mortality in hematologic patients affected By COVID-19.
7nwfp13l,e69c9wyw,0.02099537,Clinical Experiences for Unvaccinated Nursing Students,Nutzen von Erfahrungswissen in Krisen. Zur These einer vermehrten Bezugnahme auf Geschichte in Krisenzeiten
1a329gcy,fxrsgieg,0.021000527,Seasonality of respiratory viruses and bacterial pathogens,COVID-19: Was Rheumapatienten jetzt wissen sollten
v26a61wt,fxrsgieg,0.021011252,Editorial: Ritual Unions,COVID-19: Was Rheumapatienten jetzt wissen sollten
lvi4n41u,on46bmxp,0.02101431,Pflegen kann jede*r!,Outcomes of COVID-19 in cancer patients: Report from the National COVID Cohort Collaborative (N3C)
v4eb7ced,fxrsgieg,0.021015482,"Exploring the consequences of COVID-19 on tourist behaviors: perceived travel risk, animosity and intentions to travel",COVID-19: Was Rheumapatienten jetzt wissen sollten
t5xgzkih,p81l6zvz,0.021031976,COVID-19 and the Social Determinants of Health.,Systemische Immunsuppression in Zeiten von COVID‐19: Müssen wir umdenken?
7sgsk1hw,fxrsgieg,0.021035641,Introduction: Constitutionalism for Divided Societies,COVID-19: Was Rheumapatienten jetzt wissen sollten
fxrsgieg,2fywj3c8,0.021040572,COVID-19: Was Rheumapatienten jetzt wissen sollten,Estimation and interpretation of vaccine efficacy in COVID-19 randomized clinical trials
p81l6zvz,1953w02l,0.021063922,Systemische Immunsuppression in Zeiten von COVID‐19: Müssen wir umdenken?,Key Characteristics of Cardiovascular Toxicants
uu20ur49,e69c9wyw,0.02106395,Clinical characteristics and risk factors for mortality in hematologic patients affected By COVID-19.,Nutzen von Erfahrungswissen in Krisen. Zur These einer vermehrten Bezugnahme auf Geschichte in Krisenzeiten
o91oq0vq,s9qlcamb,0.02106555,Acupuncture and Uncertainties in a Changing World: Advice for Practitioners.,Finanzielle Hilfen für Vertragsärzte: Weitere KVen haben HVM-Änderungen ausgearbeitet
ultb4inv,s9qlcamb,0.021079328,Capturing the rapidly evolving study of adaptation.,Finanzielle Hilfen für Vertragsärzte: Weitere KVen haben HVM-Änderungen ausgearbeitet
fxrsgieg,roz79g3x,0.021079537,COVID-19: Was Rheumapatienten jetzt wissen sollten,Reports on the all 10 Consecutive On-Line Seminars in COVID-19
s9qlcamb,i1mkvyby,0.02108352,Finanzielle Hilfen für Vertragsärzte: Weitere KVen haben HVM-Änderungen ausgearbeitet,"Opportunities, Challenges, and Future Trends"
lvi4n41u,6peibscl,0.021092383,Pflegen kann jede*r!,Clinical characteristics of 50 cases of suspected COVID-19 in Nanning
s9qlcamb,5tabajxh,0.021094935,Finanzielle Hilfen für Vertragsärzte: Weitere KVen haben HVM-Änderungen ausgearbeitet,Leading Through the Crisis: “Hands Off” or “Hands-On”?
8p7vktc7,c2io6utd,0.021111432,Keine Wirtschaftlichkeitsprüfungen für 2019: In Rheinland-Pfalz wurde das Ausgabenvolumen eingehalten,Employment Consequences of COVID-19 for People with Disabilities and Employers
90w4w5pz,fxrsgieg,0.02111204,Counting People by Estimating People Flows,COVID-19: Was Rheumapatienten jetzt wissen sollten
810h23bi,fxrsgieg,0.02111897,Satisfaction with nursing care and its related factors in patient with COVID-19,COVID-19: Was Rheumapatienten jetzt wissen sollten
s9qlcamb,yvqxg87n,0.021121543,Finanzielle Hilfen für Vertragsärzte: Weitere KVen haben HVM-Änderungen ausgearbeitet,The role of color in the perception of three-dimensional shape.
4ll2rqh3,3gwru4h0,0.02112266,"Weniger Arbeit, mehr Urlaub","COVID-19, Security Threats and Public Opinions"
r6va0851,s9qlcamb,0.02113071,Impact of face masks on voice radiationa),Finanzielle Hilfen für Vertragsärzte: Weitere KVen haben HVM-Änderungen ausgearbeitet
lvi4n41u,3jr8chw2,0.02116279,Pflegen kann jede*r!,Public Health Workforce Burnout in the COVID-19 Response in the U.S
u6iai0p9,fxrsgieg,0.02116571,Working with women receiving social services during COVID-19 Reflections from children and families' practitioners,COVID-19: Was Rheumapatienten jetzt wissen sollten
6rmwojf9,fxrsgieg,0.021168368,Coronavirus disease (COVID‐19): Characteristics in children and considerations for dentists providing their care,COVID-19: Was Rheumapatienten jetzt wissen sollten
fxrsgieg,w3yjzgv7,0.021168368,COVID-19: Was Rheumapatienten jetzt wissen sollten,Coronavirus disease (COVID-19): Characteristics in children and considerations for dentists providing their care
lvi4n41u,w2ru1gky,0.021178383,Pflegen kann jede*r!,Improving the clinical teaching and training for health college students during COVID-19
lvi4n41u,ihs9xbv8,0.021192756,Pflegen kann jede*r!,Characteristics of COVID-19 pandemic and public health consequences
ihg2zuhq,e69c9wyw,0.021194626,Risk factors for mortality in COVID-19 patients in a community teaching hospital,Nutzen von Erfahrungswissen in Krisen. Zur These einer vermehrten Bezugnahme auf Geschichte in Krisenzeiten
6mc4zg7g,0tkddigq,0.02120849,Viele Sonderregelungen gelten weiter,Risk Factors Associated with Nursing Home COVID-19 Outbreaks: A Retrospective Cohort Study
pnrdyu5f,lvi4n41u,0.02121417,Keeping the Kids Home Increasing Concern for Others in Times of Crisis,Pflegen kann jede*r!
p81l6zvz,l6kjtmzb,0.021224419,Systemische Immunsuppression in Zeiten von COVID‐19: Müssen wir umdenken?,COVID-19 and the Financial Health of US Hospitals
lvi4n41u,e038pd2k,0.02122712,Pflegen kann jede*r!,"Parasites, Pests, and Pets in a Global World: New Perspectives and Challenges"
ly6o4qif,lvi4n41u,0.021227809,Policy Lessons From Medical Responses to the COVID-19 Crisis,Pflegen kann jede*r!
fxrsgieg,uvchrgov,0.02123488,COVID-19: Was Rheumapatienten jetzt wissen sollten,Pathogenicity studies of feline coronavirus isolates 79-1146 and 79-1683.
huk4wy9g,s9qlcamb,0.02123548,Covid-19: the problems with case counting.,Finanzielle Hilfen für Vertragsärzte: Weitere KVen haben HVM-Änderungen ausgearbeitet
0rxe6oly,lvi4n41u,0.021235649,Incorporating teleoncology practices in the undergraduate medical curriculum.,Pflegen kann jede*r!
lvi4n41u,qhx184st,0.02124003,Pflegen kann jede*r!,The cost of steering in financial markets: Evidence from the mortgage market
mn0isuck,atva6mfp,0.021255003,P5‐132: Rehabilitation interventions and tasks for patients with COVID‐19 in our hospital,COVID-19-Forschungsdaten leichter zugänglich machen – Aufbau einer bundesweiten Informationsinfrastruktur
ol635rqb,lvi4n41u,0.021263713,"Thank you to all our supporters, reviewers, authors, readers, and more",Pflegen kann jede*r!
mherdb4v,1wx1kt23,0.021275578,Lessons for and from COVID‐19 for investors and their advisors,Patienten mit positivem iFOBT müssen rasch zur Koloskopie
lkk9jxtp,fxrsgieg,0.021277867,Clinical development and approval of COVID-19 vaccines,COVID-19: Was Rheumapatienten jetzt wissen sollten
lvi4n41u,ujnbbsgk,0.021285195,Pflegen kann jede*r!,CACPR 2021 Annual Meeting Abstracts.
aubs6byr,fxrsgieg,0.021304928,The Lives of Girls and Young Women in the Time of COVID-19,COVID-19: Was Rheumapatienten jetzt wissen sollten
fxrsgieg,96gfkkz5,0.02130499,COVID-19: Was Rheumapatienten jetzt wissen sollten,Characteristics of Lymphocyte Subsets and Cytokine Profiles of Patients with Coronavirus Disease 2019
8t0aj0xx,fxrsgieg,0.021310993,Disparities in Youth Sports and Barriers to Participation,COVID-19: Was Rheumapatienten jetzt wissen sollten
auvfnrvc,s9qlcamb,0.021313364,Welfare Costs of COVID-19: Evidence from U.S. Counties,Finanzielle Hilfen für Vertragsärzte: Weitere KVen haben HVM-Änderungen ausgearbeitet
pls1zw5t,lvi4n41u,0.021325542,Education and Training for Craniomaxillofacial Surgeons in the Context of COVID-19.,Pflegen kann jede*r!
fxrsgieg,ikinbkna,0.021329923,COVID-19: Was Rheumapatienten jetzt wissen sollten,Rethinking Depression in Cities: Evidence and Theory for Lower Rates in Larger Urban Areas
a7n4j4hs,e69c9wyw,0.021338832,[Environmental chemical hazards and child health].,Nutzen von Erfahrungswissen in Krisen. Zur These einer vermehrten Bezugnahme auf Geschichte in Krisenzeiten
gi9oql08,s9qlcamb,0.021347938,Why I . . . lunch with the team,Finanzielle Hilfen für Vertragsärzte: Weitere KVen haben HVM-Änderungen ausgearbeitet
lvi4n41u,e8qwzl0e,0.02135219,Pflegen kann jede*r!,"The post-COVID-19 future of digital learning in higher education: Views from educators, students, and other professionals in six countries"
77zd0a6d,s9qlcamb,0.02136413,Reflections on COVID-19 & cardiovascular care on World Heart Day,Finanzielle Hilfen für Vertragsärzte: Weitere KVen haben HVM-Änderungen ausgearbeitet
izlpz4qn,79hf1x4j,0.021372888,Risk Factors for Mortality of COVID-19 Patients,Sind durch COVID-19 (mehr) Patienten mit Hörverlust zu erwarten?
fxrsgieg,2xk5l7n8,0.02137574,COVID-19: Was Rheumapatienten jetzt wissen sollten,Clinical chemistry tests for patients with COVID-19 - important caveats for interpretation.
lvi4n41u,wnuj0wwu,0.021391347,Pflegen kann jede*r!,Reporting Clinical Studies Affected by the COVID-19 Pandemic: Guidelines for Authors
s9qlcamb,756q2aet,0.021392232,Finanzielle Hilfen für Vertragsärzte: Weitere KVen haben HVM-Änderungen ausgearbeitet,The far reach of personality traits in relationship functioning and COVID-19: Comment on Pietromonaco and Overall (2020)
s3i98j09,fxrsgieg,0.021393646,Health care heroes?,COVID-19: Was Rheumapatienten jetzt wissen sollten
lvi4n41u,006umnny,0.021415042,Pflegen kann jede*r!,"The intersection of COVID-19, school, and headaches: Problems and solutions"
fxrsgieg,yklq5852,0.021417728,COVID-19: Was Rheumapatienten jetzt wissen sollten,Improving the reproducibility of findings by updating research methodology
lvi4n41u,4iox5zaq,0.021424564,Pflegen kann jede*r!,"Demographics, earnings, and family characteristics of workers in sectors initially affected by COVID-19 shutdowns"
og7dv4cq,fxrsgieg,0.021429889,From doctors as patients: a manifesto for tackling persisting symptoms of covid-19.,COVID-19: Was Rheumapatienten jetzt wissen sollten
etadnyj2,fxrsgieg,0.021431765,Barriers to Climate Disaster risk Management for Public Health: Lessons from a Pilot Survey of National Public Health Representatives,COVID-19: Was Rheumapatienten jetzt wissen sollten
icohhds0,fxrsgieg,0.0214348,"FAIR Geovisualizations: Definitions, Challenges, and the Road Ahead",COVID-19: Was Rheumapatienten jetzt wissen sollten
20cmtzft,s9qlcamb,0.021435758,Together - apart: in touch in a time of separation,Finanzielle Hilfen für Vertragsärzte: Weitere KVen haben HVM-Änderungen ausgearbeitet
fxrsgieg,2lu76oj6,0.021472076,COVID-19: Was Rheumapatienten jetzt wissen sollten,Neurological Manifestations and their Correlated Factors in COVID-19 Patients; a Cross-Sectional Study
ibe4514b,lvi4n41u,0.02147614,Job Demands and Job Resources of Academics in Higher Education,Pflegen kann jede*r!
vfj2ydgn,fxrsgieg,0.021492116,Collaborative practices from health care teams to face the covid-19 pandemic,COVID-19: Was Rheumapatienten jetzt wissen sollten
lvi4n41u,v84tctsj,0.021495482,Pflegen kann jede*r!,In-hospital predictors of 60-day readmission in COVID-19 patients
4ojkh8z6,s9qlcamb,0.021498103,"The implications of complexity, systems thinking and philosophy for pediatricians",Finanzielle Hilfen für Vertragsärzte: Weitere KVen haben HVM-Änderungen ausgearbeitet
fxrsgieg,jp7urzz3,0.02153872,COVID-19: Was Rheumapatienten jetzt wissen sollten,Commentary: Spaces of Solidarity and Spaces of Exception at the times of Covid‐19
fxrsgieg,sai54z2n,0.021551032,COVID-19: Was Rheumapatienten jetzt wissen sollten,Consumer Sustainable Shopping Practices for Small Business during COVID-19
s484g3sx,mherdb4v,0.021563012,Der optimale Blutdruck nach einem Schlaganfall,Lessons for and from COVID‐19 for investors and their advisors
4ll2rqh3,llb2zs9e,0.021564549,"Weniger Arbeit, mehr Urlaub",The threat of zoonotic coronaviruses
3nislr13,fxrsgieg,0.02156923,A review of COVID-19 vaccines and major considerations for diabetic patients.,COVID-19: Was Rheumapatienten jetzt wissen sollten
b1qbywq1,s9qlcamb,0.021572823,The effectiveness of six scores in predicting the death risk of COVID-19,Finanzielle Hilfen für Vertragsärzte: Weitere KVen haben HVM-Änderungen ausgearbeitet
z2ulnfop,ftdyr1ek,0.021577952,Fakten auf einen Blick,Social and Demographic Factors Contributing to COVID-19 Vaccine Hesitancy in Patients with Hematologic Malignancies
lvi4n41u,94im37jg,0.021596259,Pflegen kann jede*r!,Perceived risk factors for severe Covid-19 symptoms and their association with health behaviours: Findings from the HEBECO study()
7katwjwj,4wcf4z93,0.021599468,Wo stehen wir in Sachen Demut heute?,Acknowledgement to Referees: Acknowledgement to Referees
ix8plvil,vur1c2nf,0.021611456,Kritische Stellungnahme zu einigen Empfehlungen der neuen deutschen S3-Sepsisleitlinie,Communicating With Patients and Families During COVID-19
zn3xk5ls,e69c9wyw,0.021613328,As close as possible to researchers and caregivers,Nutzen von Erfahrungswissen in Krisen. Zur These einer vermehrten Bezugnahme auf Geschichte in Krisenzeiten
rnpl56q8,fxrsgieg,0.021620305,Barriers to sustainable tourism for small hotels in small island developing states and some suggested remedies,COVID-19: Was Rheumapatienten jetzt wissen sollten
jidxv25b,fxrsgieg,0.021635799,A Comparison of Clinical Findings and Laboratory Test Results Between Hospitalized Children with COVID-19 and Influenza,COVID-19: Was Rheumapatienten jetzt wissen sollten
lvi4n41u,qh0g5rfh,0.02163911,Pflegen kann jede*r!,Prioritizing Multidimensional Interdependent Factors Influencing COVID‐19 Risk
lvi4n41u,oaeoj4sr,0.021646312,Pflegen kann jede*r!,"Reshoring: An Overview, Recent Trends, and Predictions for the Future"
fxrsgieg,fslgvfll,0.021659134,COVID-19: Was Rheumapatienten jetzt wissen sollten,The family and the state: a public choice perspective
lvi4n41u,6zv3j1al,0.02166236,Pflegen kann jede*r!,"Prevalence, predictors and outcomes of bleeding events in patients with COVID-19 infection on anticoagulation: Retrospective cohort study"
8q6lk47g,fxrsgieg,0.021667937,Epidemiology and mapping of child road casualties,COVID-19: Was Rheumapatienten jetzt wissen sollten
edxgtshh,lvi4n41u,0.021668887,Aerospace Implications of Key Neurological Conditions,Pflegen kann jede*r!
lvi4n41u,0do50pw7,0.021668887,Pflegen kann jede*r!,Aerospace Implications of Key Neurological Conditions.
fxrsgieg,q1agthwf,0.021674167,COVID-19: Was Rheumapatienten jetzt wissen sollten,Barriers and facilitators to establishing a national public health observatory.
d4cej3k5,lvi4n41u,0.021680823,The Comparison of the Adaptation of Public and Private School Teachers to Distance Education during the COVID19 Pandemic,Pflegen kann jede*r!
8hxapk2w,atva6mfp,0.021685489,COVID-19 in posttransplant patients-report of 2 cases,COVID-19-Forschungsdaten leichter zugänglich machen – Aufbau einer bundesweiten Informationsinfrastruktur
lvi4n41u,iw6obuwz,0.02169584,Pflegen kann jede*r!,"Dental Students and Faculty Perceptions of Teaching Methods: Traditional Classes, Online Virtual Classes, and Recorded Lectures"
h0i4w271,lvi4n41u,0.021703219,COVID-19 Pandemic: Nephrology Experiences - Voices from the Frontlines: Part 1.,Pflegen kann jede*r!
ois5rucs,e69c9wyw,0.021707805,From the Guest Editors: Grief,Nutzen von Erfahrungswissen in Krisen. Zur These einer vermehrten Bezugnahme auf Geschichte in Krisenzeiten
fe82q2o1,nyr16yja,0.02171015,Pflegedienstleiter in einer besonderen Zeit,Telementoring of Healthcare Teams in the Care of Miners
lvi4n41u,8yk3hr7s,0.021713892,Pflegen kann jede*r!,Factors Influencing Students’ Behavior and Attitude towards Online Education during COVID-19
lvi4n41u,0oo747qq,0.021719472,Pflegen kann jede*r!,Considerations for COVID-19 vaccination in pregnancy.
fxrsgieg,iak66nv9,0.021728719,COVID-19: Was Rheumapatienten jetzt wissen sollten,Health-Related Behaviors and Odds of COVID-19 Hospitalization in a Military Population
fxrsgieg,fnli688g,0.021733228,COVID-19: Was Rheumapatienten jetzt wissen sollten,Infections and coinfections by respiratory human bocavirus during eight seasons in hospitalized children
6mc4zg7g,xy9o1egm,0.021734435,Viele Sonderregelungen gelten weiter,COVID-19 hospital prevalence as a risk factor for mortality: an observational study of a multistate cohort of 62 hospitals
hxo4thzw,s9qlcamb,0.021748446,Introduction: Metrology for All People for All Time,Finanzielle Hilfen für Vertragsärzte: Weitere KVen haben HVM-Änderungen ausgearbeitet
84btz9hm,fxrsgieg,0.021753022,"Annals of Work Exposures and Health Performance, 2020.",COVID-19: Was Rheumapatienten jetzt wissen sollten
lvi4n41u,k23lxyji,0.021758908,Pflegen kann jede*r!,"ANZJOG IN 2020 - the past, the present, and the future."
9mtxmbnn,ewl63b2i,0.021778649,Bericht vom ESHRE-Jahreskongress 2020 – virtuelles Treffen,Manufacturing Workers and Employers
ite332pk,lvi4n41u,0.02178809,Journal of Physics: Conference Series,Pflegen kann jede*r!
6mc4zg7g,txgigz0f,0.021793392,Viele Sonderregelungen gelten weiter,Patients visit to hospitals during covid-19
tdfq8bmm,s9qlcamb,0.021804564,“It's Been Negative for Us Just All the Way Across the Board”: Focus Group Study Exploring Parent Perceptions of Child Screen Time During the COVID-19 Pandemic,Finanzielle Hilfen für Vertragsärzte: Weitere KVen haben HVM-Änderungen ausgearbeitet
s9qlcamb,0ery1uxu,0.021804564,Finanzielle Hilfen für Vertragsärzte: Weitere KVen haben HVM-Änderungen ausgearbeitet,"""It's Been Negative for Us Just All the Way Across the Board"": Focus Group Study Exploring Parent Perceptions of Child Screen Time During the COVID-19 Pandemic"
atva6mfp,el0kc67q,0.021810155,COVID-19-Forschungsdaten leichter zugänglich machen – Aufbau einer bundesweiten Informationsinfrastruktur,Randomized controlled trials for everything?
z2ulnfop,x88j7i2k,0.021815006,Fakten auf einen Blick,Key Contributions in Clinical Research Informatics
cir2t25q,e69c9wyw,0.021818075,Keeping the research spotlight on COVID-19,Nutzen von Erfahrungswissen in Krisen. Zur These einer vermehrten Bezugnahme auf Geschichte in Krisenzeiten
lvi4n41u,38ov1ygl,0.021824675,Pflegen kann jede*r!,Social Support During COVID-19: Perspectives of Breastfeeding Mothers.
lvi4n41u,4f6xunsg,0.021825213,Pflegen kann jede*r!,Health in a changing world.
5wvmgpl4,fxrsgieg,0.021828903,Retinal Vessel Diameter Changes in COVID-19 Infected Patients.,COVID-19: Was Rheumapatienten jetzt wissen sollten
s9qlcamb,015fkbh1,0.021835556,Finanzielle Hilfen für Vertragsärzte: Weitere KVen haben HVM-Änderungen ausgearbeitet,COVID-19 impact on the quality of life of teachers: A cross-sectional study
lvi4n41u,7w0idyp5,0.021838192,Pflegen kann jede*r!,Public debt and economic growth: contemporary evidence from a developing economy
fxrsgieg,71ky26oi,0.02183989,COVID-19: Was Rheumapatienten jetzt wissen sollten,FACE COVERING ADHERENCE IN AN OUTPATIENT OPHTHALMOLOGY CLINIC DURING COVID-19.
8idpscq2,lvi4n41u,0.021849025,Perception of journal club seminars by medical doctoral students: results from five years of evaluation,Pflegen kann jede*r!
fxrsgieg,xkrx3o1v,0.021851651,COVID-19: Was Rheumapatienten jetzt wissen sollten,The assessment of buildings and constructions sector of economy proposal: an environmental perspective
lvi4n41u,dqng7p1m,0.021856109,Pflegen kann jede*r!,Financial Instruments for Tourism Development: Challenges and Opportunities
jpa07xua,fxrsgieg,0.021861514,Generational differences in beliefs about COVID-19 vaccines,COVID-19: Was Rheumapatienten jetzt wissen sollten
bldz3tdx,s9qlcamb,0.021864373,Racial Disparities at the End of Life,Finanzielle Hilfen für Vertragsärzte: Weitere KVen haben HVM-Änderungen ausgearbeitet
7dzbywjj,fxrsgieg,0.021867085,5PSQ-134 Analysis of factors related to the clinical course of COVID-19 infection in patients with hypertension,COVID-19: Was Rheumapatienten jetzt wissen sollten
fxrsgieg,gltlynjf,0.021869032,COVID-19: Was Rheumapatienten jetzt wissen sollten,1584P Prevalence and risk factors of COVID-19 in cancer patients: A prospective monocentric study
lvi4n41u,hb2ij72m,0.021870801,Pflegen kann jede*r!,Inputs and Outputs: Data Science and the Role of Media
4zxp3uae,79hf1x4j,0.021884408,Chapter 12. Antiviral Agents,Sind durch COVID-19 (mehr) Patienten mit Hörverlust zu erwarten?
7r4q5v1l,4wcf4z93,0.021890735,Entscheidungsgrundlage fÜr COVID-19 Impfstrategie: Unterschiedliche Szenarien — ein Ziel: GrÖßtmÖglicher Nutzen,Acknowledgement to Referees: Acknowledgement to Referees
fxrsgieg,rvlfr2q4,0.021900916,COVID-19: Was Rheumapatienten jetzt wissen sollten,Clinical Pharmaceutical Care and Interpretation of Children with COVID-19/ 新型冠状病毒肺炎患儿病例的临床药学监护与解读
lvi4n41u,v0dxiyhi,0.02190418,Pflegen kann jede*r!,Investigating the Impact of the COVID-19 Pandemic on Crime Incidents Number in Different Cities
atva6mfp,kbiqszbd,0.021929432,COVID-19-Forschungsdaten leichter zugänglich machen – Aufbau einer bundesweiten Informationsinfrastruktur,Doubters and Believers in the Time of the Pandemic
06sge4vd,e69c9wyw,0.021934867,Incarcerated workers: overlooked as essential workers,Nutzen von Erfahrungswissen in Krisen. Zur These einer vermehrten Bezugnahme auf Geschichte in Krisenzeiten
j3pl505a,fxrsgieg,0.021939559,Sustainable Economy in Light of COVID-19,COVID-19: Was Rheumapatienten jetzt wissen sollten
lvi4n41u,hzy3cti8,0.021951843,Pflegen kann jede*r!,Emotional Trajectory at Different Career Stages: Two Excellent Teachers’ Stories
vh68rbhn,fxrsgieg,0.021958953,Sociodemographic Determinants of COVID-19 Susceptibility and Outcomes in the Pregnant Population,COVID-19: Was Rheumapatienten jetzt wissen sollten
fxrsgieg,gqemu9fc,0.021964068,COVID-19: Was Rheumapatienten jetzt wissen sollten,Exploring the socioeconomic drivers of COVID‐19 mortality across various spatial regimes
80r41ejh,s9qlcamb,0.02196613,Confluence up to Garbage,Finanzielle Hilfen für Vertragsärzte: Weitere KVen haben HVM-Änderungen ausgearbeitet
58rv3e4d,e69c9wyw,0.021972222,Consumer Perception of Regional Brands in Czechia in 2021,Nutzen von Erfahrungswissen in Krisen. Zur These einer vermehrten Bezugnahme auf Geschichte in Krisenzeiten
fxrsgieg,ud6rfu9l,0.021976031,COVID-19: Was Rheumapatienten jetzt wissen sollten,Clinical Characteristics and Outcomes of COVID-19 Patients Hospitalized in Intensive Care Unit
c41feqvg,e69c9wyw,0.021981802,"Cities, COVID-19 and Sensibilities: A Kaleidoscope of Experiences",Nutzen von Erfahrungswissen in Krisen. Zur These einer vermehrten Bezugnahme auf Geschichte in Krisenzeiten
lvi4n41u,824iwid1,0.02198486,Pflegen kann jede*r!,Road safety status during COVID-19 pandemic: exploring public and road safety expert's opinions
ewl63b2i,f8hdn7ry,0.02198764,Manufacturing Workers and Employers,Auf alles gefasst sein
k99pzd44,fxrsgieg,0.021996725,Nurses' perception of disaster: implications for disaster nursing curriculum.,COVID-19: Was Rheumapatienten jetzt wissen sollten
lvi4n41u,l29wqqvt,0.02200086,Pflegen kann jede*r!,Social Media - Key Opinion Leaders of the Future?
lvi4n41u,tq9k1kj8,0.02200212,Pflegen kann jede*r!,Perceptions of Teachers in Training on Water Issues and Their Relationship to the SDGs
ix8plvil,izlpz4qn,0.022004193,Kritische Stellungnahme zu einigen Empfehlungen der neuen deutschen S3-Sepsisleitlinie,Risk Factors for Mortality of COVID-19 Patients
jvrbuiqj,s9qlcamb,0.022013089,"Ten Most Important Accomplishments in Risk Analysis, 1980–2010",Finanzielle Hilfen für Vertragsärzte: Weitere KVen haben HVM-Änderungen ausgearbeitet
0rozqe95,fxrsgieg,0.02202231,Further Observations on Pregnancy Complications and COVID-19 Infection,COVID-19: Was Rheumapatienten jetzt wissen sollten
lvi4n41u,4n0mj8vp,0.022022888,Pflegen kann jede*r!,Regional Committee papers.
seox7naz,lvi4n41u,0.022025764,Digital Consumers in the Foodservices Market,Pflegen kann jede*r!
4cy0jwqs,lvi4n41u,0.022028612,Nursing Students' Education During COVID-19 Pandemic,Pflegen kann jede*r!
vx60rzxc,fxrsgieg,0.022038376,COvid-19: Women with diabetes and hypertension during pregnancy,COVID-19: Was Rheumapatienten jetzt wissen sollten
48jrfl9x,s9qlcamb,0.022051707,What comes to mind: Some reflections on COVID-19,Finanzielle Hilfen für Vertragsärzte: Weitere KVen haben HVM-Änderungen ausgearbeitet
6h2blgqj,lvi4n41u,0.022052055,"Christianity, Family, Students, and COVID-19",Pflegen kann jede*r!
lvi4n41u,ugvzf74y,0.022058789,Pflegen kann jede*r!,The prognostic value of echocardiographic findings in prediction of in-hospital mortality of COVID-19 patients
sqqdetzv,lvi4n41u,0.02208396,Fear and hope in financial social networks: evidence from COVID-19,Pflegen kann jede*r!
e2jdd74y,lvi4n41u,0.022092888,"Organizational Level Responses to the COVID-19 Outbreak: Challenges, Strategies and Framework for Academic Institutions",Pflegen kann jede*r!
v4t6ca0c,fxrsgieg,0.022096384,Special attention to nurses’ protection during the COVID-19 epidemic,COVID-19: Was Rheumapatienten jetzt wissen sollten
lvi4n41u,48uullfc,0.022103153,Pflegen kann jede*r!,Leadership in Serving the Public's Health.
q0ln4b55,fxrsgieg,0.022104323,COVID-19 Vaccinations and Preservation of the Healthcare Workforce,COVID-19: Was Rheumapatienten jetzt wissen sollten
hpbb1520,s9qlcamb,0.02210569,Portraits across the Distance: Connecting and Collaborating through Film and Photography in a Pandemic,Finanzielle Hilfen für Vertragsärzte: Weitere KVen haben HVM-Änderungen ausgearbeitet
s9qlcamb,zq4um5op,0.022115087,Finanzielle Hilfen für Vertragsärzte: Weitere KVen haben HVM-Änderungen ausgearbeitet,Leading effective teams.
fxrsgieg,fg3cxflr,0.022137815,COVID-19: Was Rheumapatienten jetzt wissen sollten,The Current State of Journal Clubs in Psychiatry Residency Programs: Results from a National Survey of Program Directors
fxrsgieg,3mhmn5v3,0.022142438,COVID-19: Was Rheumapatienten jetzt wissen sollten,Vital Directions For Health And Health Care: Priorities For 2021
zmqa1hru,s9qlcamb,0.022156522,A review on various aspect of COVID-19,Finanzielle Hilfen für Vertragsärzte: Weitere KVen haben HVM-Änderungen ausgearbeitet
cne6b1my,fxrsgieg,0.022160308,Pharmacokinetic Characteristics of Siponimod in Healthy Volunteers and Patients With Multiple Sclerosis: Analyses of Published Clinical Trials,COVID-19: Was Rheumapatienten jetzt wissen sollten
lvi4n41u,pywwxyfz,0.022166645,Pflegen kann jede*r!,COVID-19 pandemic: Its impact on the existence of business actors in traditional markets
z7oqxcd3,e69c9wyw,0.022167422,Key opinion leaders — a critical perspective,Nutzen von Erfahrungswissen in Krisen. Zur These einer vermehrten Bezugnahme auf Geschichte in Krisenzeiten
fxrsgieg,yegth5c8,0.022176938,COVID-19: Was Rheumapatienten jetzt wissen sollten,Challenges and Opportunities for the Agricultural Producers in Sinana District in Reflection of COVID-19 Pandemic
30rnkyf4,s9qlcamb,0.022203395,Measuring what counts to improve quality of care,Finanzielle Hilfen für Vertragsärzte: Weitere KVen haben HVM-Änderungen ausgearbeitet
lvi4n41u,2jfbc6qw,0.022210192,Pflegen kann jede*r!,Teachers under stress during the COVID-19: cultural differences
vim9bp28,fxrsgieg,0.022220267,Human Population and the Environment,COVID-19: Was Rheumapatienten jetzt wissen sollten
1sdjq68c,s9qlcamb,0.022221295,Summary of recent deal activity.,Finanzielle Hilfen für Vertragsärzte: Weitere KVen haben HVM-Änderungen ausgearbeitet
tkrd77at,s9qlcamb,0.022222511,Responding to Uncertainties in COVID-19 with Real Options: The Perspective of Governments,Finanzielle Hilfen für Vertragsärzte: Weitere KVen haben HVM-Änderungen ausgearbeitet
lvi4n41u,5nsp5r1p,0.02223221,Pflegen kann jede*r!,[The Current Situation and the Future of a Medical Institution and the Academic Society by COVID-19].
lvi4n41u,uu20ur49,0.022245789,Pflegen kann jede*r!,Clinical characteristics and risk factors for mortality in hematologic patients affected By COVID-19.
d9wtktlr,fxrsgieg,0.022246107,Coevolution of Coronavirus and Paramyxovirus with Their Bat Hosts in the Same Geographical Areas,COVID-19: Was Rheumapatienten jetzt wissen sollten
lvi4n41u,sp7c484t,0.022262314,Pflegen kann jede*r!,"The comprehensive clinic, laboratory, and instrumental evaluation of children with COVID‐19: A 6‐months prospective study"
e69c9wyw,484f1hc2,0.02227404,Nutzen von Erfahrungswissen in Krisen. Zur These einer vermehrten Bezugnahme auf Geschichte in Krisenzeiten,E-Learning during COVID-19: perspectives and experiences of the faculty and students
j6sa1ree,fxrsgieg,0.022276226,Ambulatory care visits and quality of care: does the volume-control policy matter?,COVID-19: Was Rheumapatienten jetzt wissen sollten
lvi4n41u,mdud7kl7,0.022282306,Pflegen kann jede*r!,BIOCHEMICAL ASPECTS OF SYMPTOMATIC TREATMENT IN PATIENTS WITH COVID-19 (REVIEW).
gfuod2am,fxrsgieg,0.02229102,"Remote Monitoring of CIEDs—For Both Safety, Economy and Convenience?",COVID-19: Was Rheumapatienten jetzt wissen sollten
jih1skxx,s9qlcamb,0.022301694,Face masks for the public during the covid-19 crisis,Finanzielle Hilfen für Vertragsärzte: Weitere KVen haben HVM-Änderungen ausgearbeitet
fxrsgieg,ag87j2of,0.022310108,COVID-19: Was Rheumapatienten jetzt wissen sollten,Concurrence of Tuberculosis and Other Major Diseases
m3bta8o9,fxrsgieg,0.022312451,Exploring nurses’ experiences of psychological distress during care of patients with COVID-19: a qualitative study,COVID-19: Was Rheumapatienten jetzt wissen sollten
lvi4n41u,xxlwyaa1,0.022323402,Pflegen kann jede*r!,The broader societal impacts of COVID-19 and the growing importance of capturing these in health economic analyses
obckxglw,fxrsgieg,0.022331126,Emerging zoonoses and pathogens of public health significance--an overview.,COVID-19: Was Rheumapatienten jetzt wissen sollten
kwuh6v4c,fxrsgieg,0.022331988,Privacy and uniqueness of neighborhoods in social networks,COVID-19: Was Rheumapatienten jetzt wissen sollten
9gsj1k6z,lvi4n41u,0.022344712,Investment Promotion Agencies in the Time of COVID-19,Pflegen kann jede*r!
a1uugmpm,e69c9wyw,0.022350812,The Impact of COVID-19 on the Faces of Frontline Healthcare Workers.,Nutzen von Erfahrungswissen in Krisen. Zur These einer vermehrten Bezugnahme auf Geschichte in Krisenzeiten
efaum0ef,fxrsgieg,0.022356683,Evolving views on bovine respiratory disease: An appraisal of selected key pathogens – Part 1,COVID-19: Was Rheumapatienten jetzt wissen sollten
lvi4n41u,y0r69551,0.022371504,Pflegen kann jede*r!,Effects of masks on the health of schoolchildren
lvi4n41u,fppiul4e,0.022378333,Pflegen kann jede*r!,A view of MCDM application in education
p81l6zvz,k9k9030a,0.022385573,Systemische Immunsuppression in Zeiten von COVID‐19: Müssen wir umdenken?,[Immunoendocrinology - issues and challenges of today]
o85vaz60,s9qlcamb,0.022404024,Facing the Threat of COVID-19 in Pakistan: A Nation’s Dilemma,Finanzielle Hilfen für Vertragsärzte: Weitere KVen haben HVM-Änderungen ausgearbeitet
j7s76229,s9qlcamb,0.022404024,Facing the Threat of COVID-19 in Pakistan: A Nation's Dilemma,Finanzielle Hilfen für Vertragsärzte: Weitere KVen haben HVM-Änderungen ausgearbeitet
w2uhjdrk,s9qlcamb,0.022405865,"Final reflections: A year of challenge, opportunity, and growth.",Finanzielle Hilfen für Vertragsärzte: Weitere KVen haben HVM-Änderungen ausgearbeitet
vyllksfx,fxrsgieg,0.022438927,Psychological Distress in Patients with COVID-19 During Hospitalization.,COVID-19: Was Rheumapatienten jetzt wissen sollten
vnw77vup,fxrsgieg,0.022454506,Psychological distress and its associations with psychosocial work environment factors in four professional groups: a cross-sectional study.,COVID-19: Was Rheumapatienten jetzt wissen sollten
lvi4n41u,5qbx5p6y,0.022475906,Pflegen kann jede*r!,Factors influencing nursing students’ participatory behavior during COVID-19
5wi2l7s5,fxrsgieg,0.022483375,Farmers markets: Working with community partners to provide essential services during COVID-19,COVID-19: Was Rheumapatienten jetzt wissen sollten
lvi4n41u,7icuat6b,0.022483738,Pflegen kann jede*r!,The pedagogical challenges of teaching psychiatry residents during the COVID-19 pandemic: Applications for future educational activities
1p0c4lbs,fxrsgieg,0.022484569,Conservation Aspects on Developing Geotourism for Young Tourists during the Covid-19 Pandemic in Silalahi Village,COVID-19: Was Rheumapatienten jetzt wissen sollten
83aa34vi,fxrsgieg,0.022485154,An evaluation of the eCOVID19 Recommendation Map identified diverging Clinical and Public Health guidance,COVID-19: Was Rheumapatienten jetzt wissen sollten
fxrsgieg,d8rk7le2,0.022489496,COVID-19: Was Rheumapatienten jetzt wissen sollten,"Association of Nursing Home Ratings on Health Inspections, Quality of Care, and Nurse Staffing With COVID-19 Cases."
it7friew,s6unh19n,0.022494726,Vernachlässigen Sie Ihre Hauterkrankung nicht!,Clinical and laboratory findings of COVID-19
9cd18cln,fxrsgieg,0.022509137,The Management of Safety Situations and Assumable Risk during Transitions and Recesses in Different Types of Schools,COVID-19: Was Rheumapatienten jetzt wissen sollten
qdpm8a2m,fxrsgieg,0.022509543,Taking Care of Business: Privileging Private Sector Hospitals During the COVID Crisis.,COVID-19: Was Rheumapatienten jetzt wissen sollten
lvi4n41u,sxl2pmv8,0.02251884,Pflegen kann jede*r!,The nexus between the exchange rates and interest rates: evidence from BRIICS economies during the COVID-19 pandemic
6mc4zg7g,kmz5yel9,0.022549665,Viele Sonderregelungen gelten weiter,US veterans administration diabetes risk (VADR) national cohort: cohort profile
lvi4n41u,f0mdm3ij,0.022560164,Pflegen kann jede*r!,Making Decisions in a COVID-19 World.
lvi4n41u,wonfyk3t,0.022560164,Pflegen kann jede*r!,Making Decisions in a COVID-19 World
lvi4n41u,6lm2u5w5,0.022563998,Pflegen kann jede*r!,Link Prediction Between Structured Geopolitical Events: Models and Experiments
arixdncn,fxrsgieg,0.022565965,[COVID-19 and psychological stress in doctors and medical health workers],COVID-19: Was Rheumapatienten jetzt wissen sollten
lvi4n41u,m5kl3c3g,0.022576857,Pflegen kann jede*r!,Analysis of approaches and principles to the formation of key risk indicators in construction
p81l6zvz,pbtkeetk,0.022617092,Systemische Immunsuppression in Zeiten von COVID‐19: Müssen wir umdenken?,Covid-19 pandemy from the perspective of regional children´s clinic
lvi4n41u,kn7vbtl2,0.02262862,Pflegen kann jede*r!,International Journal of Health Governance review: 26.2
fxrsgieg,i6rh7711,0.022628805,COVID-19: Was Rheumapatienten jetzt wissen sollten,Clinical and Laboratory Profile of Patients Visiting the Post-COVID-19 Clinic at a Tertiary Care Hospital: A Cross-Sectional Study
u111dbav,s9qlcamb,0.022631751,Realizing our ultimate opportunity,Finanzielle Hilfen für Vertragsärzte: Weitere KVen haben HVM-Änderungen ausgearbeitet
m0qwnpim,e69c9wyw,0.022632204,"The COVID-19 Economy, Unemployment Insurance, and Population Health",Nutzen von Erfahrungswissen in Krisen. Zur These einer vermehrten Bezugnahme auf Geschichte in Krisenzeiten
lvi4n41u,bolivle9,0.02263308,Pflegen kann jede*r!,Psychometric Properties of a COVID-19 Impact Scale Among a Sample of Individuals with Disabilities
lvi4n41u,uonhamai,0.022646168,Pflegen kann jede*r!,At Your Service: Nonprofit Infrastructure Organizations and COVID-19
lvi4n41u,tx0dkyic,0.022652293,Pflegen kann jede*r!,Customer Experience and Satisfaction in Private Insurance Web Areas
lvi4n41u,78uta48w,0.02266299,Pflegen kann jede*r!,Retrospective Survey of Treatment and Outcomes of COVID-19 in the community
lvi4n41u,ih5wuiz4,0.022663962,Pflegen kann jede*r!,Micromobility Users’ Behaviour and Perceived Risk during Meeting Manoeuvres
lvi4n41u,vq04onjr,0.02267056,Pflegen kann jede*r!,Health warnings over UNRWA funding shortfall.
ukmcfezh,79hf1x4j,0.022678053,The Major Macrosocial Trends,Sind durch COVID-19 (mehr) Patienten mit Hörverlust zu erwarten?
73k939q5,z2ulnfop,0.022682954,Developmental Manifestations of Grief in Children and Adolescents: Caregivers as Key Grief Facilitators,Fakten auf einen Blick
oozzmpam,fxrsgieg,0.022683498,Characteristics and outcomes of COVID-19 in hospitalized patients with and without diabetes,COVID-19: Was Rheumapatienten jetzt wissen sollten
8rtierzk,s9qlcamb,0.022683699,COVID-19 - Lessons Learned and Questions Remaining,Finanzielle Hilfen für Vertragsärzte: Weitere KVen haben HVM-Änderungen ausgearbeitet
rokr1kc4,fxrsgieg,0.022702765,Multidisciplinary Telehealth Clinic Visits during Covid-19 Pandemic,COVID-19: Was Rheumapatienten jetzt wissen sollten
lvi4n41u,wi1rkues,0.022705851,Pflegen kann jede*r!,Chapter 15: Future Perspectives in Drug Repurposing
lvi4n41u,v26a61wt,0.022712661,Pflegen kann jede*r!,Editorial: Ritual Unions
z2ulnfop,0oo747qq,0.022723958,Fakten auf einen Blick,Considerations for COVID-19 vaccination in pregnancy.
fxrsgieg,84oj3xtp,0.022725824,COVID-19: Was Rheumapatienten jetzt wissen sollten,Forensic public health: epidemiological and microbiological investigations for biosecurity
lvi4n41u,gkxykba1,0.022746412,Pflegen kann jede*r!,Mechanisms of socioeconomic differences in COVID-19 screening and hospitalizations
3ub894bk,fxrsgieg,0.022753907,Frequent flyer business travelers: major exposure hazards.,COVID-19: Was Rheumapatienten jetzt wissen sollten
7h1txusy,lvi4n41u,0.022765381,Learning from recent events – A commentary on: “Health Policy and Leadership Models During the COVID-19 Pandemic - Review Article”,Pflegen kann jede*r!
j2ngeaio,fxrsgieg,0.02276645,Distance learning during the early stages of the COVID-19 pandemic: Examining K-12 students' and parents' experiences and perspectives,COVID-19: Was Rheumapatienten jetzt wissen sollten
ig9t3brm,s9qlcamb,0.02277196,The Missing Pieces of the COVID-19 Puzzle,Finanzielle Hilfen für Vertragsärzte: Weitere KVen haben HVM-Änderungen ausgearbeitet
gmfyg80z,ewl63b2i,0.022781556,„Wissen schaffen – Wissen leben“,Manufacturing Workers and Employers
s9qlcamb,kh1agr1u,0.022782922,Finanzielle Hilfen für Vertragsärzte: Weitere KVen haben HVM-Änderungen ausgearbeitet,"COVID-19, Technology and Family Dispute Resolution"
u6iai0p9,lvi4n41u,0.022786181,Working with women receiving social services during COVID-19 Reflections from children and families' practitioners,Pflegen kann jede*r!
6k5ozfnf,fxrsgieg,0.022813745,Validation of a risk score to predict patients at risk of critical illness with COVID-19,COVID-19: Was Rheumapatienten jetzt wissen sollten
lvi4n41u,znrgzzyr,0.022818442,Pflegen kann jede*r!,[Concerns and demands regarding COVID-19. Survey of health personnel]
y8rkyux1,xz2qa948,0.022818692,Personal Cleanliness Activities in Preschool Classrooms,"""Erst gegen Covid, dann gegen Zoster impfen"""
yvxn3vym,e69c9wyw,0.022843124,Healthy in mind and body,Nutzen von Erfahrungswissen in Krisen. Zur These einer vermehrten Bezugnahme auf Geschichte in Krisenzeiten
3ir09zfm,lvi4n41u,0.022853546,Community Health and Public Health Nurses: Case Study in Times of COVID-19,Pflegen kann jede*r!
0gxxuyln,fxrsgieg,0.022855148,Integrated urban services: Experience from four cities on different continents,COVID-19: Was Rheumapatienten jetzt wissen sollten
lvi4n41u,arfrsjo3,0.022855692,Pflegen kann jede*r!,Factors influencing sustainability and scale-up of rural primary healthcare memory clinics: perspectives of clinic team members
3e1tb64o,p81l6zvz,0.022860205,Germplasm Acquisition and Distribution by CGIAR Genebanks,Systemische Immunsuppression in Zeiten von COVID‐19: Müssen wir umdenken?
2bp6iaih,e69c9wyw,0.022868922,"Pandemics, Protests and Firearms",Nutzen von Erfahrungswissen in Krisen. Zur These einer vermehrten Bezugnahme auf Geschichte in Krisenzeiten
zxnhc6p7,e69c9wyw,0.022869246,Pathogenesis: Nonimmunological Factors and Genetic Resistance,Nutzen von Erfahrungswissen in Krisen. Zur These einer vermehrten Bezugnahme auf Geschichte in Krisenzeiten
kqcjyz20,s9qlcamb,0.02288453,Highlights of the Best Practice Live Conference 2020,Finanzielle Hilfen für Vertragsärzte: Weitere KVen haben HVM-Änderungen ausgearbeitet
fad7llsg,e69c9wyw,0.022900423,"Politics, economy, and health: lessons from COVID-19.",Nutzen von Erfahrungswissen in Krisen. Zur These einer vermehrten Bezugnahme auf Geschichte in Krisenzeiten
yc55s9ow,fxrsgieg,0.022901503,Effects of COVID-19 on Health Care Workers,COVID-19: Was Rheumapatienten jetzt wissen sollten
fxrsgieg,gv1gfypn,0.022917653,COVID-19: Was Rheumapatienten jetzt wissen sollten,Clinical manifestations in infants and children with Mycoplasma pneumoniae infection
lvi4n41u,ev26bd1v,0.022935342,Pflegen kann jede*r!,Discovering changes in birthing narratives during COVID-19
lvi4n41u,0swid57m,0.022945052,Pflegen kann jede*r!,Validity and reliability study of the fear of COVID-19 Scale in nursing students
0bq2xbyu,fxrsgieg,0.022954388,Stresses of COVID-19 include parental concerns,COVID-19: Was Rheumapatienten jetzt wissen sollten
p81l6zvz,y8rkyux1,0.022964038,Systemische Immunsuppression in Zeiten von COVID‐19: Müssen wir umdenken?,Personal Cleanliness Activities in Preschool Classrooms
j5wbhgc7,fxrsgieg,0.022977509,COVID-19 Prognostic Factors: A Retrospective Study Challenging The Risk Factors Contributing To Poor Outcomes,COVID-19: Was Rheumapatienten jetzt wissen sollten
xbcv6uds,s9qlcamb,0.023004882,Assessing and interpreting real-world evidence studies - introductory points for new reviewers.,Finanzielle Hilfen für Vertragsärzte: Weitere KVen haben HVM-Änderungen ausgearbeitet
lvi4n41u,rfg4vq2i,0.023014728,Pflegen kann jede*r!,Clinical Characteristics Predicting Progression of COVID-19
2bp6iaih,avobcnzk,0.023016822,"Pandemics, Protests and Firearms",Neue Impfempfehlungen - auch zu COVID-19
lvi4n41u,jz9y40tb,0.02301698,Pflegen kann jede*r!,COVID-19 anticoagulation recommendations in children
020rgz5t,p81l6zvz,0.023019737,Governance of Occupational Safety and Health and Environmental Risks,Systemische Immunsuppression in Zeiten von COVID‐19: Müssen wir umdenken?
td4prw2k,79hf1x4j,0.023025392,Should we be concerned about COVID‐19 with nonhuman primates?,Sind durch COVID-19 (mehr) Patienten mit Hörverlust zu erwarten?
ufb2xmia,lvi4n41u,0.02302586,Sports Activities During The COVID-19: Literature Review,Pflegen kann jede*r!
xbx80ait,fxrsgieg,0.023026122,"COVID‐19 in Australia: Impacts on Separated Families, Family Law Professionals, and Family Courts",COVID-19: Was Rheumapatienten jetzt wissen sollten
3gt8sb5l,fxrsgieg,0.023026122,"COVID-19 in Australia: Impacts on Separated Families, Family Law Professionals, and Family Courts",COVID-19: Was Rheumapatienten jetzt wissen sollten
lvi4n41u,feyodvgf,0.02302889,Pflegen kann jede*r!,Comparative aspects and aetiology
qlwg5yum,lvi4n41u,0.02303618,Caregivers’ Experiences During the COVID-19 Pandemic and Their Children’s Behavior,Pflegen kann jede*r!
zqoy3jfm,fxrsgieg,0.023039108,International and national notes research notes,COVID-19: Was Rheumapatienten jetzt wissen sollten
lvi4n41u,hhk0bi94,0.02303939,Pflegen kann jede*r!,Letter: Outcomes and Spectrum of Major Neurovascular Events Among COVID-19 Patients: A 3-Center Experience
1vom9gqt,pez6to2e,0.02304371,Firearm Storage in US Households With Children: Findings From the 2021 National Firearm Survey,Infektionsschutz: Wenn gegen Regeln verstoßen wird
gtipnn8b,f8hdn7ry,0.023046967,A retrospective study: meteorological factors and COVID-19,Auf alles gefasst sein
64tx1ybl,fxrsgieg,0.023047619,Building Bridges Between Community Health Centers and Academic Medical Centers in a COVID-19 Pandemic,COVID-19: Was Rheumapatienten jetzt wissen sollten
9xb8hd89,s9qlcamb,0.023047782,Learning in a Post-Truth World,Finanzielle Hilfen für Vertragsärzte: Weitere KVen haben HVM-Änderungen ausgearbeitet
z2ulnfop,33alavtn,0.023053983,Fakten auf einen Blick,Performances of clinical characteristics and radiological findings in identifying COVID-19 from suspected cases
zyigoptl,fxrsgieg,0.023065649,Cities - try to predict superspreading hotspots for COVID-19.,COVID-19: Was Rheumapatienten jetzt wissen sollten
lvi4n41u,0pfhmyvo,0.023067629,Pflegen kann jede*r!,Neurological findings in patients with COVID-19: A systematic review
lvi4n41u,271w5n8h,0.023069648,Pflegen kann jede*r!,"Debt, deficits, and inflation"
8s6v1c9z,atva6mfp,0.023080543,Representative Committees of Peers,COVID-19-Forschungsdaten leichter zugänglich machen – Aufbau einer bundesweiten Informationsinfrastruktur
8wtyqkgn,79hf1x4j,0.023105165,Editors' Selections from Relevant Scientific Publications,Sind durch COVID-19 (mehr) Patienten mit Hörverlust zu erwarten?
sdnzudir,fxrsgieg,0.02312751,Putting the Public Back in Public Health - Surveying Symptoms of Covid-19,COVID-19: Was Rheumapatienten jetzt wissen sollten
lvi4n41u,kswumlbb,0.023130357,Pflegen kann jede*r!,"Home Advantage Perceptions in Elite Handball: A Comparison Among Fans, Athletes, Coaches, and Officials"
lvi4n41u,r5waf6xz,0.023136167,Pflegen kann jede*r!,Competitive strategies of small independent retailers
693r9rey,s3qtlt4o,0.02313904,Medical emergencies on commercial airline flights.,"Grundrechte in Zeiten von Corona : Zugleich Anmerkung zu BVerfG, Beschl. v. 7.4.2020 ­ 1 BvR 755/20"
lvi4n41u,d0asa1io,0.023150124,Pflegen kann jede*r!,Concerns of Family Caregivers during COVID-19: The Concerns of Caregivers and the Surprising Silver Linings.
zowl7evu,fxrsgieg,0.023152148,The mixing of airborne contaminants by the repeated passage of people along a corridor,COVID-19: Was Rheumapatienten jetzt wissen sollten
u6mj39g6,e69c9wyw,0.023154441,Public Health Is Women’s Health,Nutzen von Erfahrungswissen in Krisen. Zur These einer vermehrten Bezugnahme auf Geschichte in Krisenzeiten
r8cvlefh,e69c9wyw,0.023155615,COVID-19 in Patients with Primary Immunodeficiency,Nutzen von Erfahrungswissen in Krisen. Zur These einer vermehrten Bezugnahme auf Geschichte in Krisenzeiten
mwahdi64,ois5rucs,0.023156747,Wichtig für Senioren: Impfschutz gegen Pneumokokken,From the Guest Editors: Grief
fxrsgieg,yvgzkt8a,0.023170575,COVID-19: Was Rheumapatienten jetzt wissen sollten,"Journals, Academics, and Pandemics"
lvi4n41u,c8xfz06u,0.023173837,Pflegen kann jede*r!,Continuing contributions of older academics.
if8uxqha,fxrsgieg,0.023174083,Profiling the participants in creative tourism activities: Case studies from small and medium sized cities and rural areas from Continental Portugal,COVID-19: Was Rheumapatienten jetzt wissen sollten
s6unh19n,pez6to2e,0.02317754,Clinical and laboratory findings of COVID-19,Infektionsschutz: Wenn gegen Regeln verstoßen wird
a1xmmqyn,s9qlcamb,0.023178153,Some Concluding Thoughts,Finanzielle Hilfen für Vertragsärzte: Weitere KVen haben HVM-Änderungen ausgearbeitet
lvi4n41u,dq8yseww,0.023179142,Pflegen kann jede*r!,Virtual interviews between medical students and in‐patients during COVID‐19 pandemic
p81l6zvz,izlpz4qn,0.023180552,Systemische Immunsuppression in Zeiten von COVID‐19: Müssen wir umdenken?,Risk Factors for Mortality of COVID-19 Patients
lvi4n41u,739098pb,0.023186956,Pflegen kann jede*r!,Covid‐19: the opportunities and challenges from an unprecedented year
031nil59,fxrsgieg,0.023192808,Preliminary concerns with vaccine vectors,COVID-19: Was Rheumapatienten jetzt wissen sollten
lvi4n41u,bxmiscol,0.023193693,Pflegen kann jede*r!,Psychological risk factors for healthcare professionals in the epidemic process
fxrsgieg,8seknsaq,0.023193749,COVID-19: Was Rheumapatienten jetzt wissen sollten,Networks and the Epidemiology of Infectious Disease
lvi4n41u,akktkosz,0.023194592,Pflegen kann jede*r!,Identifying and classifying the contributing factors to financial resilience
4823f3dk,lvi4n41u,0.023196034,"Politics, Markets, and Pandemics: Public Education's Response to COVID-19",Pflegen kann jede*r!
fuoip0hd,fxrsgieg,0.023199122,Molecular sequencing and phylogenetic analysis of bioaerosols in hospital wards with different ventilation conditions.,COVID-19: Was Rheumapatienten jetzt wissen sollten
1evyus4i,s9qlcamb,0.023225455,Living with disability in a COVID-19 world,Finanzielle Hilfen für Vertragsärzte: Weitere KVen haben HVM-Änderungen ausgearbeitet
cmi5pizh,z2ulnfop,0.023248112,Clinical Perspectives on the Notion of Presence.,Fakten auf einen Blick
1hec6tnf,s9qlcamb,0.023255002,Editorial of Special Issue on “COVID-19 and the world of work”,Finanzielle Hilfen für Vertragsärzte: Weitere KVen haben HVM-Änderungen ausgearbeitet
51mmor14,fxrsgieg,0.023258619,"Private Investments, Public Goods: Regulating Markets for Sustainable Development",COVID-19: Was Rheumapatienten jetzt wissen sollten
io996ryr,fxrsgieg,0.023259051,[COVID-19 epidemic and its characteristics in Heilongjiang province],COVID-19: Was Rheumapatienten jetzt wissen sollten
oqglo6bl,fxrsgieg,0.023268798,Situational diagnosis of professionals of family health units on phytotherapy.,COVID-19: Was Rheumapatienten jetzt wissen sollten
6fw50i5k,fxrsgieg,0.023278613,Advanced Hydrogels as Wound Dressings.,COVID-19: Was Rheumapatienten jetzt wissen sollten
yz6x896g,fxrsgieg,0.023299892,Challenges in the clinical education environment during the covid-19 outbreak: The experiences of medical students,COVID-19: Was Rheumapatienten jetzt wissen sollten
8pdadbrc,fxrsgieg,0.023305275,Public health implications of opening National Football League stadiums during the COVID-19 pandemic,COVID-19: Was Rheumapatienten jetzt wissen sollten
fxrsgieg,ukbdtvkj,0.023316985,COVID-19: Was Rheumapatienten jetzt wissen sollten,Towards an Ecosystem of Hospitality: The Dynamic Future of Destinations
906dqdz6,atva6mfp,0.023329603,Providing answers to respiratory patients’ questions during covid-19,COVID-19-Forschungsdaten leichter zugänglich machen – Aufbau einer bundesweiten Informationsinfrastruktur
fxrsgieg,jyxd4j34,0.023340898,COVID-19: Was Rheumapatienten jetzt wissen sollten,The Combined Effects of Television Viewing and Physical Activity on Cardiometabolic Risk Factors: The Kardiovize Study
4wcf4z93,a8ddcfdc,0.023347631,Acknowledgement to Referees: Acknowledgement to Referees,Slowakei: Neuanfang mit Unbekannten;Nach Abwahl der Sozialdemokraten übernimmt in Bratislava eine heterogene Regierungskoalition
9fy2grsg,fxrsgieg,0.023360014,Hand and other hygiene practices,COVID-19: Was Rheumapatienten jetzt wissen sollten
lvi4n41u,gy0o6f4g,0.023373052,Pflegen kann jede*r!,Explaining Inequalities in COVID-19 Mortality between U.S. States
z2ulnfop,wnesrpmm,0.02338873,Fakten auf einen Blick,[Clinical outcomes of COVID-19 cases and influencing factors in Guangdong province]
lvi4n41u,mf3prkkx,0.023397407,Pflegen kann jede*r!,Medical reviews. Coronaviruses.
vacth65z,fxrsgieg,0.02340581,Explaining the pattern of childbearing behaviors in couples: Protocol for a focused ethnographic study,COVID-19: Was Rheumapatienten jetzt wissen sollten
zbz3kfmp,s9qlcamb,0.023426674,Risk Preferences at the Time of COVID-19: An Experiment with Professional Traders and Students,Finanzielle Hilfen für Vertragsärzte: Weitere KVen haben HVM-Änderungen ausgearbeitet
p81l6zvz,m0qwnpim,0.023428468,Systemische Immunsuppression in Zeiten von COVID‐19: Müssen wir umdenken?,"The COVID-19 Economy, Unemployment Insurance, and Population Health"
fxrsgieg,uk57118d,0.02344724,COVID-19: Was Rheumapatienten jetzt wissen sollten,Polymer-Mediated Cryopreservation of Bacteriophages
9ou9kj3j,s9qlcamb,0.023451777,Quality and Safety in the Literature: May 2022,Finanzielle Hilfen für Vertragsärzte: Weitere KVen haben HVM-Änderungen ausgearbeitet
4x99tls3,s9qlcamb,0.023471987,Safely conducting essential research in the face of COVID-19.,Finanzielle Hilfen für Vertragsärzte: Weitere KVen haben HVM-Änderungen ausgearbeitet
lvi4n41u,nbd4arhx,0.02350049,Pflegen kann jede*r!,The representation of women as authors of submissions to ecology journals during the COVID-19 pandemic
lvi4n41u,906dqdz6,0.02350575,Pflegen kann jede*r!,Providing answers to respiratory patients’ questions during covid-19
z2ulnfop,me6y2fv5,0.023506548,Fakten auf einen Blick,Nurses and COVID-19 phenomenon: Challenges and consequences
41px5x2w,s9qlcamb,0.023511449,COVID‐19 and the shifting industrial landscape,Finanzielle Hilfen für Vertragsärzte: Weitere KVen haben HVM-Änderungen ausgearbeitet
tosykfsp,79hf1x4j,0.023512281,Neurological complications in critical patients with COVID-19,Sind durch COVID-19 (mehr) Patienten mit Hörverlust zu erwarten?
lvi4n41u,7ch1yln4,0.023516672,Pflegen kann jede*r!,Opposition to cannabis legalization on public health grounds
lvi4n41u,0vwcnmn5,0.023524057,Pflegen kann jede*r!,Research and patenting in covid times
lvi4n41u,ns1n7pxu,0.023525408,Pflegen kann jede*r!,Vaccination in the world's top athletes.
p81l6zvz,ndzft9az,0.023528863,Systemische Immunsuppression in Zeiten von COVID‐19: Müssen wir umdenken?,Hematological parameters- as mortality predictors in COVID-19 patients
n7xsn141,fxrsgieg,0.023546739,COVID-19: Colchicine in clinical trials,COVID-19: Was Rheumapatienten jetzt wissen sollten
fxrsgieg,di7uqjh7,0.023547681,COVID-19: Was Rheumapatienten jetzt wissen sollten,Why Physical Activity Should Be Considered in Clinical Trials for COVID-19 Vaccines: A Focus on Risk Groups
m5kl3c3g,s9qlcamb,0.023551209,Analysis of approaches and principles to the formation of key risk indicators in construction,Finanzielle Hilfen für Vertragsärzte: Weitere KVen haben HVM-Änderungen ausgearbeitet
y1qeviqv,atva6mfp,0.023553342,Contributions and Sacrifices of Medical Students and Health Care Workers With Family Responsibilities Deserve Our Attention and Respect.,COVID-19-Forschungsdaten leichter zugänglich machen – Aufbau einer bundesweiten Informationsinfrastruktur
p6b9qon2,fxrsgieg,0.023556631,Clinical Features and Factors Associated with Occult Gastrointestinal Bleeding in COVID-19 Patients,COVID-19: Was Rheumapatienten jetzt wissen sollten
szbcegrg,fxrsgieg,0.023558632,Nurses' perspectives of violence in emergency departments: A metasynthesis,COVID-19: Was Rheumapatienten jetzt wissen sollten
lvi4n41u,fky9niaw,0.023568992,Pflegen kann jede*r!,Clinical profile and factors associated with COVID-19 in Cameroon: a prospective cohort study
s9qlcamb,r9ynme1v,0.023574725,Finanzielle Hilfen für Vertragsärzte: Weitere KVen haben HVM-Änderungen ausgearbeitet,Uncovering the impact of COVID-19 on shipping and logistics
2bvnff3t,fxrsgieg,0.023580002,Is Sjogren's syndrome a confounding factor in COVID-19?,COVID-19: Was Rheumapatienten jetzt wissen sollten
z2ulnfop,dlrkeol3,0.023598934,Fakten auf einen Blick,GPCR-ErbB transactivation pathways and clinical implications.
i35eemj0,e69c9wyw,0.023604535,Image in keeping in mind,Nutzen von Erfahrungswissen in Krisen. Zur These einer vermehrten Bezugnahme auf Geschichte in Krisenzeiten
xpmzdxoc,s9qlcamb,0.023613421,COVID-19 and journalism conundrums: A study on dilemmas in content selection,Finanzielle Hilfen für Vertragsärzte: Weitere KVen haben HVM-Änderungen ausgearbeitet
edxgtshh,p81l6zvz,0.023615036,Aerospace Implications of Key Neurological Conditions,Systemische Immunsuppression in Zeiten von COVID‐19: Müssen wir umdenken?
p81l6zvz,0do50pw7,0.023615036,Systemische Immunsuppression in Zeiten von COVID‐19: Müssen wir umdenken?,Aerospace Implications of Key Neurological Conditions.
frirkp6f,fxrsgieg,0.023623286,Travelers’ Motivations To Travel Abroad During COVID-19 Outbreak,COVID-19: Was Rheumapatienten jetzt wissen sollten
fb6il6un,fxrsgieg,0.023626307,Radiologic diagnosis of patients with COVID-19,COVID-19: Was Rheumapatienten jetzt wissen sollten
fxrsgieg,on75utps,0.023631025,COVID-19: Was Rheumapatienten jetzt wissen sollten,Circulation of major respiratory pathogens in backyard poultry and their association with clinical disease and biosecurity
w8g601a5,s9qlcamb,0.023631629,‘Everyone seems to be agreeing at the minute that face-to-face is the way forward’: practitioners’ perspectives on post-pandemic mathematics and statistics support,Finanzielle Hilfen für Vertragsärzte: Weitere KVen haben HVM-Änderungen ausgearbeitet
fxrsgieg,fxtvm6qu,0.023661641,COVID-19: Was Rheumapatienten jetzt wissen sollten,Hospital-Based Palliative Care Experiences of Patients with COVID-19
fiskunb4,e69c9wyw,0.023662612,The COVID-19 Pandemic: Challenges for the Neurosurgeons and Neurologists.,Nutzen von Erfahrungswissen in Krisen. Zur These einer vermehrten Bezugnahme auf Geschichte in Krisenzeiten
uzs39gx1,s9qlcamb,0.023663811,Care for caregivers- a mission for primary care,Finanzielle Hilfen für Vertragsärzte: Weitere KVen haben HVM-Änderungen ausgearbeitet
1ygu24fy,s9qlcamb,0.023664515,Lessons from covid-19: visiting patients at home and assessing comorbidities.,Finanzielle Hilfen für Vertragsärzte: Weitere KVen haben HVM-Änderungen ausgearbeitet
fxrsgieg,egxrvtts,0.023677988,COVID-19: Was Rheumapatienten jetzt wissen sollten,Plants as bioreactors: Recent developments and emerging opportunities
m2oege3a,fxrsgieg,0.023680786,Side by Side: Reflections on Two Lifetimes of Dance,COVID-19: Was Rheumapatienten jetzt wissen sollten
nphdttq6,fxrsgieg,0.02368182,Hospital at Home for Older Patients With Underlying Comorbidity.,COVID-19: Was Rheumapatienten jetzt wissen sollten
itxze39x,fxrsgieg,0.023681879,University COVID -19 Surveillance Testing Center: Challenges and Opportunities for Schools of Nursing,COVID-19: Was Rheumapatienten jetzt wissen sollten
lvi4n41u,vj2h6r1g,0.02371844,Pflegen kann jede*r!,DISTRIBUTED OPERATIONS in Response to COVID-19: ASSESSING WORKFORCE PERCEPTIONS OF PRODUCTIVITY AND SUCCESS
t7psk29w,lvi4n41u,0.023721684,COVID-19 on Facebook Ads: Competing Agendas around a Public Health Crisis,Pflegen kann jede*r!
s9qlcamb,fu37494q,0.023722418,Finanzielle Hilfen für Vertragsärzte: Weitere KVen haben HVM-Änderungen ausgearbeitet,What two US counties will tell us about COVID-19.
fxrsgieg,ib9yoovk,0.023762377,COVID-19: Was Rheumapatienten jetzt wissen sollten,Key Points in Remote-Controlled Drug Delivery: From the Carrier Design to Clinical Trials
obqux7s7,lvi4n41u,0.023763966,Health Workforce for Health Equity,Pflegen kann jede*r!
9gv72pb9,e69c9wyw,0.023769062,Commercial truck drivers should be a priority population for COVID-19 vaccinations,Nutzen von Erfahrungswissen in Krisen. Zur These einer vermehrten Bezugnahme auf Geschichte in Krisenzeiten
7zrrxchi,fe82q2o1,0.023769649,"[COVID-19, impact on residents and caregivers].",Pflegedienstleiter in einer besonderen Zeit
g6r9ipf0,z2ulnfop,0.023794122,"COVID – 19 impacts cities, culture and society",Fakten auf einen Blick
9s1zrlz0,s9qlcamb,0.023802882,Supporting Small Businesses in Place,Finanzielle Hilfen für Vertragsärzte: Weitere KVen haben HVM-Änderungen ausgearbeitet
lvi4n41u,mkm0nf18,0.023811154,Pflegen kann jede*r!,Assessing risk for healthcare workers during the covid-19 pandemic.
fxrsgieg,zfcpye33,0.023814932,COVID-19: Was Rheumapatienten jetzt wissen sollten,Diversity 4.0 in the cardiovascular health-care workforce
g8a930tu,e69c9wyw,0.023821266,Skin of Infants and Children: Dermatological Manifestations of COVID-19 in Children.,Nutzen von Erfahrungswissen in Krisen. Zur These einer vermehrten Bezugnahme auf Geschichte in Krisenzeiten
fxrsgieg,qodvb1ru,0.02382247,COVID-19: Was Rheumapatienten jetzt wissen sollten,Trends in COVID-19 cases and clinical management in Veterans Health Administration medical facilities: A national cohort study
rkscbazg,fxrsgieg,0.023840051,Organizational and Economic Aspects of the Development of Medical and Health Tourism for Children of Primary School Age,COVID-19: Was Rheumapatienten jetzt wissen sollten
mm7he2y0,s9qlcamb,0.023843605,Searching Nanoplastics: From Sampling to Sample Processing,Finanzielle Hilfen für Vertragsärzte: Weitere KVen haben HVM-Änderungen ausgearbeitet
2z1j7tfx,lvi4n41u,0.02384642,COVID-19 in schools: Mitigating classroom clusters in the context of variable transmission,Pflegen kann jede*r!
s9qlcamb,g6p30vlb,0.023854604,Finanzielle Hilfen für Vertragsärzte: Weitere KVen haben HVM-Änderungen ausgearbeitet,COVID-19 in CVID: a Case Series of 17 Patients
jsgbvrbz,s9qlcamb,0.023868237,World leaders are waking up to the ocean's role in a healthy planet,Finanzielle Hilfen für Vertragsärzte: Weitere KVen haben HVM-Änderungen ausgearbeitet
ovcmtxq7,fxrsgieg,0.02386916,COVID-19 and the 'rediscovery' of health inequities,COVID-19: Was Rheumapatienten jetzt wissen sollten
z2ulnfop,gz2tuclx,0.023870753,Fakten auf einen Blick,"Aspirations, Concerns and Priorities of Families with School-age Children"
1vom9gqt,lvi4n41u,0.023872303,Firearm Storage in US Households With Children: Findings From the 2021 National Firearm Survey,Pflegen kann jede*r!
t5xgzkih,lvi4n41u,0.023872893,COVID-19 and the Social Determinants of Health.,Pflegen kann jede*r!
v0nebaz1,lvi4n41u,0.023876641,[In-hospital treatment of COVID-19 patients].,Pflegen kann jede*r!
m1uqgpe9,s9qlcamb,0.023881406,Changes in Job Situations for Women Workforce in Construction during the COVID-19 Pandemic,Finanzielle Hilfen für Vertragsärzte: Weitere KVen haben HVM-Änderungen ausgearbeitet
xh55h9lv,fxrsgieg,0.023888908,Considering network interventions.,COVID-19: Was Rheumapatienten jetzt wissen sollten
020rgz5t,lvi4n41u,0.02389101,Governance of Occupational Safety and Health and Environmental Risks,Pflegen kann jede*r!
sokh2ej5,s9qlcamb,0.023892354,Patterns amidst the turmoil: COVID-19 and cities,Finanzielle Hilfen für Vertragsärzte: Weitere KVen haben HVM-Änderungen ausgearbeitet
33y9czkg,fxrsgieg,0.023892578,View Birdification in the Crowd: Ground-Plane Localization from Perceived Movements,COVID-19: Was Rheumapatienten jetzt wissen sollten
4xnuk47l,fxrsgieg,0.023897378,Apparent temperature and heat-related illnesses during international athletic championships: A prospective cohort study.,COVID-19: Was Rheumapatienten jetzt wissen sollten
lvi4n41u,8t0aj0xx,0.023901308,Pflegen kann jede*r!,Disparities in Youth Sports and Barriers to Participation
4cfmjohl,fxrsgieg,0.023901632,Otolaryngology manifestations of COVID-19: a contemporary viewpoint.,COVID-19: Was Rheumapatienten jetzt wissen sollten
c1kd8bo6,fxrsgieg,0.023901772,COVID-19 Poses Challenges to Immigrant Physicians in the United States.,COVID-19: Was Rheumapatienten jetzt wissen sollten
i5d9ixpl,fxrsgieg,0.023903096,An investigation of hospital anxiety and depression and associated factors in COVID-19 patients,COVID-19: Was Rheumapatienten jetzt wissen sollten
6mc4zg7g,af16yqjy,0.0239115,Viele Sonderregelungen gelten weiter,Cardiovascular risk factors are independently associated with COVID-19 mortality: a prospective cohort study
lvi4n41u,ihfi9zas,0.023914278,Pflegen kann jede*r!,Supporting COVID-19 School Safety for Children With Disabilities and Medical Complexity
7gyxqmxk,fxrsgieg,0.023915695,"Valuing Variability: Agriculture, Ecology and COVID-19",COVID-19: Was Rheumapatienten jetzt wissen sollten
lvi4n41u,s83jlk3s,0.02392776,Pflegen kann jede*r!,The Economic Effects of Covid-19 Mitigation Policies on Unemployment and Economic Policy Uncertainty
ytuhhiwf,fxrsgieg,0.023929127,Perspectives: Research for all.,COVID-19: Was Rheumapatienten jetzt wissen sollten
4a1rxyxc,z2ulnfop,0.023932686,COVID‐19 and immunological regulations – from basic and translational aspects to clinical implications,Fakten auf einen Blick
xrbyz6j9,4wcf4z93,0.023940042,Ukraine-Geflüchtete in der Arztpraxis: Was ist zu beachten?,Acknowledgement to Referees: Acknowledgement to Referees
oc4cv29f,e69c9wyw,0.023952773,The influence of COVID-19 on medical students memories,Nutzen von Erfahrungswissen in Krisen. Zur These einer vermehrten Bezugnahme auf Geschichte in Krisenzeiten
vur1c2nf,8615p7xh,0.023956327,Communicating With Patients and Families During COVID-19,Rentenpolitik ist nicht nachhaltig
lvi4n41u,t8he5wu3,0.023962824,Pflegen kann jede*r!,Challenges and Opportunities in the Post-COVID-19 World
vlb8jkod,lvi4n41u,0.023963977,Impact of COVID-19 Pandemic on E-participation of Fans in Sports Events,Pflegen kann jede*r!
s1mte9ma,4wcf4z93,0.023978567,Prognosefaktoren für den Krankheitsverlauf von COVID-19 bei Diabetespatienten,Acknowledgement to Referees: Acknowledgement to Referees
fxrsgieg,9x3egl59,0.023986142,COVID-19: Was Rheumapatienten jetzt wissen sollten,The Repercussions of Covid-19 on the Stock Market of the Tourism Industry
lw52vltj,fxrsgieg,0.023987029,Collaborating With Rural Practice Partners to Provide a Primary Care Experience for Prelicensure Nursing Students,COVID-19: Was Rheumapatienten jetzt wissen sollten
88kv3e9q,s9qlcamb,0.023988716,Rationale and Criteria for a COVID-19 Model Framework,Finanzielle Hilfen für Vertragsärzte: Weitere KVen haben HVM-Änderungen ausgearbeitet
fxrsgieg,jollzjbi,0.023989432,COVID-19: Was Rheumapatienten jetzt wissen sollten,Communication and culture: A multispecies endeavour within a shared habitat
nb08uxku,lvi4n41u,0.023991497,Virtual Laboratories- A historical review and bibliometric analysis of the past three decades,Pflegen kann jede*r!
v19curuq,s9qlcamb,0.023995686,COVID-19 care options: Facts and Challenges,Finanzielle Hilfen für Vertragsärzte: Weitere KVen haben HVM-Änderungen ausgearbeitet
vur1c2nf,o6hbtt4x,0.024000548,Communicating With Patients and Families During COVID-19,Vom Protest- zum Quarantänejahr: Neue Arenen der Konfliktaushandlung
lvi4n41u,w9v2pgjz,0.024008505,Pflegen kann jede*r!,Learnings from critical care on COVID‐19
t2jpo1g4,fxrsgieg,0.024013687,LookAtChat: Visualizing Gaze Awareness for Remote Small-Group Conversations,COVID-19: Was Rheumapatienten jetzt wissen sollten
33alavtn,atva6mfp,0.024026064,Performances of clinical characteristics and radiological findings in identifying COVID-19 from suspected cases,COVID-19-Forschungsdaten leichter zugänglich machen – Aufbau einer bundesweiten Informationsinfrastruktur
tyut1bmv,fxrsgieg,0.02405381,COVID-19: management focus of reopened tourist destinations,COVID-19: Was Rheumapatienten jetzt wissen sollten
1vqxx6pa,fxrsgieg,0.024067163,Cutaneous manifestations in patients with coronavirus disease 2019: clinical and histological findings,COVID-19: Was Rheumapatienten jetzt wissen sollten
3wopb3vk,s9qlcamb,0.024072886,Factors predicting readmission in patients with COVID-19,Finanzielle Hilfen für Vertragsärzte: Weitere KVen haben HVM-Änderungen ausgearbeitet
v84tctsj,fxrsgieg,0.024081051,In-hospital predictors of 60-day readmission in COVID-19 patients,COVID-19: Was Rheumapatienten jetzt wissen sollten
tgqy3jdu,atva6mfp,0.024100913,"Risk Factors Prediction, Clinical Outcomes and Mortality of COVID-19 Patients",COVID-19-Forschungsdaten leichter zugänglich machen – Aufbau einer bundesweiten Informationsinfrastruktur
gxgy483b,s9qlcamb,0.024130212,Why Do Companies Hold Inventory? Evidence from the COVID-19 Crisis,Finanzielle Hilfen für Vertragsärzte: Weitere KVen haben HVM-Änderungen ausgearbeitet
s9qlcamb,18f00tlh,0.024132662,Finanzielle Hilfen für Vertragsärzte: Weitere KVen haben HVM-Änderungen ausgearbeitet,Report of the 2021 meeting of the International Society of Protistologists
yqf8z4o0,fxrsgieg,0.0241483,Kinetic and macroscopic epidemic models in presence of multiple heterogeneous populations,COVID-19: Was Rheumapatienten jetzt wissen sollten
lvi4n41u,9d6xv6ib,0.024148494,Pflegen kann jede*r!,Framing children’s lives through policy and public sphere debates on COVID-19: unequal power and unintended consequences
fxrsgieg,o2gd46hu,0.02415344,COVID-19: Was Rheumapatienten jetzt wissen sollten,Hospitals’ Cybersecurity Culture during the COVID-19 Crisis
lvi4n41u,vqap8yhf,0.024161143,Pflegen kann jede*r!,The covid-19 yearbook: world leaders edition
s9qlcamb,qi8gp47e,0.024180794,Finanzielle Hilfen für Vertragsärzte: Weitere KVen haben HVM-Änderungen ausgearbeitet,Finding solace in nature
arixdncn,e69c9wyw,0.024190845,[COVID-19 and psychological stress in doctors and medical health workers],Nutzen von Erfahrungswissen in Krisen. Zur These einer vermehrten Bezugnahme auf Geschichte in Krisenzeiten
xshcb3dm,fxrsgieg,0.02419569,COVID-19 Vaccine Task Force and Conflicts of Interest,COVID-19: Was Rheumapatienten jetzt wissen sollten
lvi4n41u,t92zc0e9,0.024196984,Pflegen kann jede*r!,"Classic Spotlight, 2012 and 2013: Articles of Significant Interest Selected from the Journal of Virology Archives by the Editors."
lvi4n41u,nqz2k6v9,0.024198204,Pflegen kann jede*r!,Leadership and strategy in the news
8p7vktc7,txgigz0f,0.02419885,Keine Wirtschaftlichkeitsprüfungen für 2019: In Rheinland-Pfalz wurde das Ausgabenvolumen eingehalten,Patients visit to hospitals during covid-19
8zbpj6i0,s9qlcamb,0.024205543,COVID 19; challenges to critical care and lessons learnt,Finanzielle Hilfen für Vertragsärzte: Weitere KVen haben HVM-Änderungen ausgearbeitet
lvi4n41u,dxu7cp6d,0.024207843,Pflegen kann jede*r!,Shared Longitudinal Health Records for Clinical and Population Health
fxrsgieg,b3k1gge3,0.024209103,COVID-19: Was Rheumapatienten jetzt wissen sollten,Research outside the laboratory: Longitudinal at-home neurostimulation.
8s2tpur8,4wcf4z93,0.024213757,14 Jahre HPV-Impfung: was haben wir erreicht?,Acknowledgement to Referees: Acknowledgement to Referees
lvi4n41u,jl7nswtm,0.024221182,Pflegen kann jede*r!,Integrating Diverse Points of View on Intelligence: A 6P Framework and Its Implications
ifxv4qbo,atva6mfp,0.024226915,[Clinical management of hospitalised patients with COVID-19].,COVID-19-Forschungsdaten leichter zugänglich machen – Aufbau einer bundesweiten Informationsinfrastruktur
lvi4n41u,ykzr3cn5,0.02424417,Pflegen kann jede*r!,A National Survey Evaluating the Impact of the COVID-19 Pandemic on Students Pursuing Careers in Neurosurgery
lvi4n41u,2fpxvs0t,0.02424482,Pflegen kann jede*r!,Food safety and sanitation challenges of public university students in a developing country
fxrsgieg,6r08pv8l,0.024249297,COVID-19: Was Rheumapatienten jetzt wissen sollten,"Experiences and projections for the future of research, training and other academic activities: Will it be the same?"
lvi4n41u,9wtwiarx,0.024257317,Pflegen kann jede*r!,Veterans Health Administration Staff Perceptions of Overseeing Care in Community Nursing Homes During COVID-19
fxrsgieg,3kqagaud,0.024262367,COVID-19: Was Rheumapatienten jetzt wissen sollten,Reflections on the impact of coronavirus on public affairs
mlgggngi,fxrsgieg,0.024271728,Small business in a time of crisis: A five stage model of business grief,COVID-19: Was Rheumapatienten jetzt wissen sollten
jgg1acys,s9qlcamb,0.024276014,"Adapting to the impact of COVID-19: Sharing stories, sharing practice",Finanzielle Hilfen für Vertragsärzte: Weitere KVen haben HVM-Änderungen ausgearbeitet
6mc4zg7g,zdd8aq4t,0.024277553,Viele Sonderregelungen gelten weiter,Treatment outcomes for COVID-19: a prospective cohort study
lvi4n41u,azuat1cd,0.024304353,Pflegen kann jede*r!,Individual differences in memory and attention processes in prospective remembering
7yvtr7me,s9qlcamb,0.0243104,‘Third nature’: Embodiment of borders and thinking beyond – surviving despite capitalism,Finanzielle Hilfen für Vertragsärzte: Weitere KVen haben HVM-Änderungen ausgearbeitet
02bjl5zo,z2ulnfop,0.024311513,Diseases of Joints and Ligaments,Fakten auf einen Blick
fxrsgieg,3f52bsix,0.024312843,COVID-19: Was Rheumapatienten jetzt wissen sollten,Predictors of Satisfaction with Autism Treatment Services During COVID-19
fxrsgieg,650ow9ig,0.024318878,COVID-19: Was Rheumapatienten jetzt wissen sollten,"School reopenings COVID-19, and employment"
6peibscl,e69c9wyw,0.024321392,Clinical characteristics of 50 cases of suspected COVID-19 in Nanning,Nutzen von Erfahrungswissen in Krisen. Zur These einer vermehrten Bezugnahme auf Geschichte in Krisenzeiten
fxrsgieg,m5bmw21v,0.024322622,COVID-19: Was Rheumapatienten jetzt wissen sollten,Radiological findings and clinical characteristics of pregnant women with COVID-19 pneumonia
u63u3r8y,fxrsgieg,0.024324551,Patient-facing healthcare workers and their families have a higher risk of hospital admission with COVID-19 than the general population.,COVID-19: Was Rheumapatienten jetzt wissen sollten
fxrsgieg,s187fv4x,0.024324551,COVID-19: Was Rheumapatienten jetzt wissen sollten,Patient-facing healthcare workers and their families have a higher risk of hospital admission with COVID-19 than the general population
vur1c2nf,rh5vvq4d,0.024328945,Communicating With Patients and Families During COVID-19,Wie lange dauert eine Langzeitanwendung?
exbwiqr7,fxrsgieg,0.02433715,The Spread and Consequences of COVID-19 for Cities: An Introduction,COVID-19: Was Rheumapatienten jetzt wissen sollten
fxrsgieg,v0dxiyhi,0.024342762,COVID-19: Was Rheumapatienten jetzt wissen sollten,Investigating the Impact of the COVID-19 Pandemic on Crime Incidents Number in Different Cities
pozw4che,s9qlcamb,0.024346115,Reflections on Conducting Research From Home During COVID-19,Finanzielle Hilfen für Vertragsärzte: Weitere KVen haben HVM-Änderungen ausgearbeitet
lvi4n41u,7um67ulz,0.024349848,Pflegen kann jede*r!,Remote Research Methods: Considerations for Work With Children
lvi4n41u,75h4ij8l,0.024362365,Pflegen kann jede*r!,Financial Aspects of Companies Sustainable Growth
oc4cv29f,fxrsgieg,0.024374962,The influence of COVID-19 on medical students memories,COVID-19: Was Rheumapatienten jetzt wissen sollten
dlafpfiq,atva6mfp,0.024375396,Epidemiological analysis of 18 patients with COVID-19.,COVID-19-Forschungsdaten leichter zugänglich machen – Aufbau einer bundesweiten Informationsinfrastruktur
lvi4n41u,kbiqszbd,0.024376264,Pflegen kann jede*r!,Doubters and Believers in the Time of the Pandemic
ql0of69t,s9qlcamb,0.024401104,In the Midst of Two Realities,Finanzielle Hilfen für Vertragsärzte: Weitere KVen haben HVM-Änderungen ausgearbeitet
p81l6zvz,k0o2gmmf,0.024406757,Systemische Immunsuppression in Zeiten von COVID‐19: Müssen wir umdenken?,The challenges of global bioethics
t5xgzkih,z2ulnfop,0.024414007,COVID-19 and the Social Determinants of Health.,Fakten auf einen Blick
onpffgbm,fxrsgieg,0.024426084,OzNomads: a case study examining the challenges of COVID-19 for a community of lifestyle travellers,COVID-19: Was Rheumapatienten jetzt wissen sollten
flwn98tt,fxrsgieg,0.024428457,A netnography approach on the daily local-guided shopping tour experiences of travellers: An unexplored facet of the sharing economy,COVID-19: Was Rheumapatienten jetzt wissen sollten
lvi4n41u,lwsqc7vb,0.024443781,Pflegen kann jede*r!,Factor analysis of the COVID-19 Perceived Risk Scale: A preliminary study.
x2l5f3b8,fxrsgieg,0.02444425,On the Road to AORN Expo: Celebrating the Perioperative Community,COVID-19: Was Rheumapatienten jetzt wissen sollten
p02wte21,fxrsgieg,0.024458496,Family-centered care for children during pandemics.,COVID-19: Was Rheumapatienten jetzt wissen sollten
fxrsgieg,jcmyaca4,0.024458496,COVID-19: Was Rheumapatienten jetzt wissen sollten,Family-centered care for children during pandemics
dlrkeol3,fxrsgieg,0.02449361,GPCR-ErbB transactivation pathways and clinical implications.,COVID-19: Was Rheumapatienten jetzt wissen sollten
mherdb4v,nzikzedi,0.024503022,Lessons for and from COVID‐19 for investors and their advisors,Der Typ-2-Diabetes ist eine heterogene Erkrankung
ufb2xmia,fxrsgieg,0.024509976,Sports Activities During The COVID-19: Literature Review,COVID-19: Was Rheumapatienten jetzt wissen sollten
z2ulnfop,tatzkeni,0.024513233,Fakten auf einen Blick,"Market prices, analysts' predictions, and Covid19"
lvi4n41u,2xk5l7n8,0.024516102,Pflegen kann jede*r!,Clinical chemistry tests for patients with COVID-19 - important caveats for interpretation.
0bkskibk,e69c9wyw,0.024526369,Human Bocavirus in Children,Nutzen von Erfahrungswissen in Krisen. Zur These einer vermehrten Bezugnahme auf Geschichte in Krisenzeiten
s9qlcamb,1ct157ze,0.024535684,Finanzielle Hilfen für Vertragsärzte: Weitere KVen haben HVM-Änderungen ausgearbeitet,"All in, all together? Government subsidy for news"
5rdtjjtf,z2ulnfop,0.02453938,Designing COVID-19 vaccine mandates in colleges and universities: a roadmap to the 10 key questions,Fakten auf einen Blick
lvi4n41u,rtvzm7sx,0.024542926,Pflegen kann jede*r!,Foreword: Community college faculty as disciplinary colleagues
k5sp165j,fxrsgieg,0.024547856,A Lesson From 2020: Public Health Matters for Both COVID-19 and Diabetes.,COVID-19: Was Rheumapatienten jetzt wissen sollten
3qxqvmon,4hs8kiiv,0.02455229,Współzależność przemysłu 4.0 z gospodarką o obiegu zamkniętym: w poszukiwaniu wspólnego obszaru definicyjnego,Who Cares About Wildlife?
nclwqxu6,s9qlcamb,0.024553044,Moving to the next normal in 2021.,Finanzielle Hilfen für Vertragsärzte: Weitere KVen haben HVM-Änderungen ausgearbeitet
1efdyfqq,fxrsgieg,0.024573253,Out-patient management of patients with COVID-19 on home isolation.,COVID-19: Was Rheumapatienten jetzt wissen sollten
lvi4n41u,qqiidqrb,0.024574416,Pflegen kann jede*r!,Merging the public and private spheres of women's work: Narratives from women street food vendors during Covid‐19 crisis
9nmz5317,fxrsgieg,0.024574764,Coronavirus and other pathogens: Reflecting on the relationship between health psychology and infectious disease,COVID-19: Was Rheumapatienten jetzt wissen sollten
lvi4n41u,uzil6xlw,0.024578491,Pflegen kann jede*r!,Competence of anesthesiology residents following a longitudinal point-of-care ultrasound curriculum
z2ulnfop,pid7vzar,0.024585297,Fakten auf einen Blick,Two Challenges from Globalization
pqy4fvcf,e69c9wyw,0.024596829,Intersecting marginalities: International students’ struggles for ‘survival’ in COVID-19,Nutzen von Erfahrungswissen in Krisen. Zur These einer vermehrten Bezugnahme auf Geschichte in Krisenzeiten
9yyyaue2,s9qlcamb,0.02459742,STEMIs and a Closer Look at MINOCA During the COVID-19 Pandemic,Finanzielle Hilfen für Vertragsärzte: Weitere KVen haben HVM-Änderungen ausgearbeitet
02bjl5zo,e69c9wyw,0.02460153,Diseases of Joints and Ligaments,Nutzen von Erfahrungswissen in Krisen. Zur These einer vermehrten Bezugnahme auf Geschichte in Krisenzeiten
lvi4n41u,c2jcb5zb,0.02460208,Pflegen kann jede*r!,Determinants of the Perceived Credibility of Rebuttals Concerning Health Misinformation
lvi4n41u,sfnwbx8b,0.024608765,Pflegen kann jede*r!,Information source and content: articulating two key concepts for information evaluation
lvi4n41u,4vu4crm8,0.024620693,Pflegen kann jede*r!,DEVELOPMENT OF PUBLIC HEALTH IN THE PROFESSIONAL TRAINING OF FUTURE TEACHERS.
58rv3e4d,lvi4n41u,0.024620807,Consumer Perception of Regional Brands in Czechia in 2021,Pflegen kann jede*r!
y8rkyux1,pez6to2e,0.024624133,Personal Cleanliness Activities in Preschool Classrooms,Infektionsschutz: Wenn gegen Regeln verstoßen wird
xh6001vu,fxrsgieg,0.0246272,Difference in Clinical Patterns between COVID-19 Affected Children and Adults.,COVID-19: Was Rheumapatienten jetzt wissen sollten
xlj31f71,s3qtlt4o,0.024643913,The Major Macroeconomic Trends,"Grundrechte in Zeiten von Corona : Zugleich Anmerkung zu BVerfG, Beschl. v. 7.4.2020 ­ 1 BvR 755/20"
103n3lqp,lvi4n41u,0.024645656,Designing Educational Videos for University Websites Based on Students' Preferences,Pflegen kann jede*r!
lvi4n41u,0mku9ah5,0.024647262,Pflegen kann jede*r!,Stablecoins 2.0: Economic Foundations and Risk-based Models
lvi4n41u,dog4vi5a,0.024649402,Pflegen kann jede*r!,Financial and Investment Determinants of Regional Development in the Face of Economic Uncertainty
fxrsgieg,4cyrf6vz,0.024652084,COVID-19: Was Rheumapatienten jetzt wissen sollten,The role of cytokines and their antagonists in the treatment of COVID-19 patients.
qquv945p,fxrsgieg,0.024656158,Reflection on wound care in the pandemic.,COVID-19: Was Rheumapatienten jetzt wissen sollten
r7zqcnq3,fxrsgieg,0.024658902,[Should children of cancer patients attend daycare centers or schools during the COVID-19 pandemic?],COVID-19: Was Rheumapatienten jetzt wissen sollten
039lvql5,fxrsgieg,0.024666253,Proposals and Territorial Concerns of the Geography Students Involved in the Project We Propose! 2019/20,COVID-19: Was Rheumapatienten jetzt wissen sollten
fxrsgieg,li1vu04p,0.024675475,COVID-19: Was Rheumapatienten jetzt wissen sollten,Reflecting Upon the Costs of Lockdown
8p7vktc7,zxralurd,0.024683913,Keine Wirtschaftlichkeitsprüfungen für 2019: In Rheinland-Pfalz wurde das Ausgabenvolumen eingehalten,Mobilizing Hospitals to Mobilize Patients
itfz8wz3,lvi4n41u,0.024687357,Evaluation of views and perceptions of the medical faculty students about distance anatomy education during the COVID-19 pandemic,Pflegen kann jede*r!
lvi4n41u,0qpatdp7,0.024690636,Pflegen kann jede*r!,Unemployment in the time of COVID-19: A research agenda()
wh6aaqlu,fxrsgieg,0.02469892,Beyond the ‘nanny state’: Stewardship and public health,COVID-19: Was Rheumapatienten jetzt wissen sollten
r8cvlefh,79hf1x4j,0.024708182,COVID-19 in Patients with Primary Immunodeficiency,Sind durch COVID-19 (mehr) Patienten mit Hörverlust zu erwarten?
pr34lp1o,z2ulnfop,0.024717186,A study on the factors that influence the agility of COVID-19 hospitals,Fakten auf einen Blick
bzmaopx9,fxrsgieg,0.024718791,Emergency Nursing Care of Patients with COVID-19,COVID-19: Was Rheumapatienten jetzt wissen sollten
xlj31f71,e69c9wyw,0.024725169,The Major Macroeconomic Trends,Nutzen von Erfahrungswissen in Krisen. Zur These einer vermehrten Bezugnahme auf Geschichte in Krisenzeiten
fxrsgieg,wsbqit55,0.024727494,COVID-19: Was Rheumapatienten jetzt wissen sollten,Metabolic Defects of Peripheral T Cells in COVID-19 Patients
t3awitbb,lvi4n41u,0.024728136,COVID-19: Symptoms in Dying Residents of Nursing Homes and in Those Admitted to Hospitals.,Pflegen kann jede*r!
hfitpoo4,lvi4n41u,0.024745243,Factors influencing access to basic handwashing facilities in developing countries,Pflegen kann jede*r!
7vrcidpt,s9qlcamb,0.024769127,Do family firms contribute to job stability? Evidence from the great recession,Finanzielle Hilfen für Vertragsärzte: Weitere KVen haben HVM-Änderungen ausgearbeitet
fxrsgieg,v7af90ts,0.024770228,COVID-19: Was Rheumapatienten jetzt wissen sollten,Fluoroquinolones’ Biological Activities against Laboratory Microbes and Cancer Cell Lines
w2ru1gky,fxrsgieg,0.024780875,Improving the clinical teaching and training for health college students during COVID-19,COVID-19: Was Rheumapatienten jetzt wissen sollten
fxrsgieg,7l180asg,0.024787115,COVID-19: Was Rheumapatienten jetzt wissen sollten,Covid-19 transmission modelling of students returning home from university
xyzrcwlm,lvi4n41u,0.024788478,Evaluation of Pupillometric Parameters in Patients with COVID-19.,Pflegen kann jede*r!
lvi4n41u,rz4n3tcf,0.02479477,Pflegen kann jede*r!,Cardiological manifestations in patients with COVID-19
lvi4n41u,aak1q2ob,0.024796579,Pflegen kann jede*r!,"COVID‐19, public procurement regimes and trade policy"
6z0dfvvd,e69c9wyw,0.02479887,32 Special Considerations for Infants and Young Children,Nutzen von Erfahrungswissen in Krisen. Zur These einer vermehrten Bezugnahme auf Geschichte in Krisenzeiten
uimuvuc9,s9qlcamb,0.024800083,Evidence-Informed Policymaking,Finanzielle Hilfen für Vertragsärzte: Weitere KVen haben HVM-Änderungen ausgearbeitet
pwwj25i3,fxrsgieg,0.024802482,"A Few Steps Forward, A Few Steps Back",COVID-19: Was Rheumapatienten jetzt wissen sollten
tf0rkkx2,8p7vktc7,0.024811585,Managing the infodemic about COVID‐19: Strategies for clinicians and researchers,Keine Wirtschaftlichkeitsprüfungen für 2019: In Rheinland-Pfalz wurde das Ausgabenvolumen eingehalten
8p7vktc7,u6mj39g6,0.024812784,Keine Wirtschaftlichkeitsprüfungen für 2019: In Rheinland-Pfalz wurde das Ausgabenvolumen eingehalten,Public Health Is Women’s Health
lvi4n41u,yklq5852,0.024830895,Pflegen kann jede*r!,Improving the reproducibility of findings by updating research methodology
lvi4n41u,vk6hkk4m,0.02484104,Pflegen kann jede*r!,NCCHC Survey Yields Insights Into COVID-19 in U.S. Correctional Facilities
fxrsgieg,rwj0fkd6,0.024848143,COVID-19: Was Rheumapatienten jetzt wissen sollten,Malnutrition risk as a negative prognostic factor in COVID-19 patients
4wcf4z93,1wo3d6z0,0.024850287,Acknowledgement to Referees: Acknowledgement to Referees,"Patientenaufkommen, Diagnosen und Verletzungsmechanismen eines überregionalen Traumazentrums mit Beginn der COVID-19-Pandemie im Vergleich zum Mittelwert der 3 Vorjahre: Eine retrospektive, epidemiologische Auswertung von 4967 Patienten"
z2ulnfop,o9pveqz8,0.024852643,Fakten auf einen Blick,Safety resources for perioperative clinicians
zsj8s7tt,lvi4n41u,0.024868835,Key Lessons from Covid-19: The Worldwide Pandemic,Pflegen kann jede*r!
lvi4n41u,hy6au7bl,0.024875395,Pflegen kann jede*r!,Assessing the Gender-Sensitivity of International Financial Institutions' Responses to COVID-19: Reflections from Home (with Kids) in Lockdown
g93y2phd,ewl63b2i,0.02488332,Das Projekt S-Klasse erfolgreich steuern,Manufacturing Workers and Employers
s9qlcamb,lqrshkak,0.024890939,Finanzielle Hilfen für Vertragsärzte: Weitere KVen haben HVM-Änderungen ausgearbeitet,Learning journey: Conceptualising “change over time” as a dimension of workplace learning
huvwm9mi,fxrsgieg,0.024896687,Lessons of the Pandemic for Family and School— The Challenges and Prospects of Network Education,COVID-19: Was Rheumapatienten jetzt wissen sollten
otrzfmqt,s9qlcamb,0.024903331,Looking Back and Moving Forward: SOPHE's 70 Years of Contributions to Health Education.,Finanzielle Hilfen für Vertragsärzte: Weitere KVen haben HVM-Änderungen ausgearbeitet
lvi4n41u,upqaahwu,0.024917154,Pflegen kann jede*r!,Risk perception in women: a focus on menopause.
3r0cnx2z,fxrsgieg,0.024922963,4 Setting up the fieldwork,COVID-19: Was Rheumapatienten jetzt wissen sollten
fxrsgieg,4yavdsim,0.024949893,COVID-19: Was Rheumapatienten jetzt wissen sollten,Race as a social construct should not be cited as a risk factor for postpartum preeclampsia.
lvi4n41u,sbfmkqjb,0.02495194,Pflegen kann jede*r!,The implications of the National Institute of Mental Health Research Domain Criteria for researchers and clinicians.
86esyb9q,fl06pd3t,0.024954643,Erfolge feiern - Zukunft gestalten,COVID-19 in children: current evidence and key questions.
s9qlcamb,jph37bs0,0.024969796,Finanzielle Hilfen für Vertragsärzte: Weitere KVen haben HVM-Änderungen ausgearbeitet,"COVID-19: Risk groups, mechanistic insights and challenges"
cacwmlru,fxrsgieg,0.02497287,Environmental Enrichment for Rats and Mice Housed in Laboratories: A Metareview.,COVID-19: Was Rheumapatienten jetzt wissen sollten
lvi4n41u,c59xdzx1,0.024985244,Pflegen kann jede*r!,The Challenges Educators Face in Virtually Creating High Quality LMX with Students and Colleagues
h0qlu5pn,lvi4n41u,0.024995016,Distance Education Experiences of Secondary School Math Teachers during the Pandemic: a Narrative Study,Pflegen kann jede*r!
5zrhgzta,lvi4n41u,0.02499896,Challenges Faced By Teachers And Students Towards Quality Assurance Of Education Amidst COVID-19 Pandemic,Pflegen kann jede*r!
xmvenkyj,mherdb4v,0.025015052,"Impfquoten bei Erwachsenen: Höher, aber nicht hoch genug",Lessons for and from COVID‐19 for investors and their advisors
ke320l3r,fxrsgieg,0.025025472,Radiographic Signs of Joint Disease in Dogs and Cats,COVID-19: Was Rheumapatienten jetzt wissen sollten
d81lxwpd,fxrsgieg,0.025025496,Point-of-Care Inflammatory Phenotyping Predicts Clinical Outcome in COVID-19,COVID-19: Was Rheumapatienten jetzt wissen sollten
p81l6zvz,tgqy3jdu,0.025030162,Systemische Immunsuppression in Zeiten von COVID‐19: Müssen wir umdenken?,"Risk Factors Prediction, Clinical Outcomes and Mortality of COVID-19 Patients"
seox7naz,fxrsgieg,0.025052352,Digital Consumers in the Foodservices Market,COVID-19: Was Rheumapatienten jetzt wissen sollten
lvi4n41u,43a634xg,0.025056846,Pflegen kann jede*r!,Funding the Educational Mission in Neurology
qti7hjz1,fxrsgieg,0.025062554,Health risks to air travelers,COVID-19: Was Rheumapatienten jetzt wissen sollten
s9qlcamb,25ke0wkj,0.025075993,Finanzielle Hilfen für Vertragsärzte: Weitere KVen haben HVM-Änderungen ausgearbeitet,Heart rate variability follow-up during COVID-19 -a case report-
mk1ilrzs,fxrsgieg,0.025077475,Clinical characteristics and Outcomes of 500 patients with COVID Pneumonia : Results from a Single center(Southend University Hospital),COVID-19: Was Rheumapatienten jetzt wissen sollten
fxrsgieg,llpdmoli,0.025078315,COVID-19: Was Rheumapatienten jetzt wissen sollten,Is crowd support a significant factor in home advantage on the highest level of competition in football?
lvi4n41u,rkscbazg,0.02508189,Pflegen kann jede*r!,Organizational and Economic Aspects of the Development of Medical and Health Tourism for Children of Primary School Age
qqydhlr9,4wcf4z93,0.025091382,Eine Frage der Erwartungen?: Zur Qualitätsbestimmung von Wissenschaftskommunikation aus Publikumsperspektive,Acknowledgement to Referees: Acknowledgement to Referees
q4cynx35,e69c9wyw,0.025093721,[Impact of COVID-19 on children and their families],Nutzen von Erfahrungswissen in Krisen. Zur These einer vermehrten Bezugnahme auf Geschichte in Krisenzeiten
8p7vktc7,fad7llsg,0.025093826,Keine Wirtschaftlichkeitsprüfungen für 2019: In Rheinland-Pfalz wurde das Ausgabenvolumen eingehalten,"Politics, economy, and health: lessons from COVID-19."
i85528l3,atva6mfp,0.025095917,Clinical course and risk factors for mortality from COVID-19 in patients with haematological malignancies.,COVID-19-Forschungsdaten leichter zugänglich machen – Aufbau einer bundesweiten Informationsinfrastruktur
1f9twtj2,fxrsgieg,0.025096927,Retaining the doctors we train,COVID-19: Was Rheumapatienten jetzt wissen sollten
6a8lxbtd,lvi4n41u,0.02509951,Methodological issues in studying occupational differences in risk of COVID-19,Pflegen kann jede*r!
z2ulnfop,nyr16yja,0.0251235,Fakten auf einen Blick,Telementoring of Healthcare Teams in the Care of Miners
rnla34a5,fxrsgieg,0.025132634,R&D performance and relevant factors of renewable energy projects: separating innovation and economic perspectives,COVID-19: Was Rheumapatienten jetzt wissen sollten
lvi4n41u,cfn3wr1g,0.025144165,Pflegen kann jede*r!,COVID-19 focuses attention on medical-dental collaboration
mvq6353a,fxrsgieg,0.025145687,Epidemiology of Multiple Sclerosis: Environmental Factors,COVID-19: Was Rheumapatienten jetzt wissen sollten
seox7naz,p81l6zvz,0.025161391,Digital Consumers in the Foodservices Market,Systemische Immunsuppression in Zeiten von COVID‐19: Müssen wir umdenken?
lvi4n41u,4wuk5xum,0.025161479,Pflegen kann jede*r!,The impact of the covid-19 pandemic on lifestyle behaviors in U.S. college students.
p81l6zvz,q0ln4b55,0.025164433,Systemische Immunsuppression in Zeiten von COVID‐19: Müssen wir umdenken?,COVID-19 Vaccinations and Preservation of the Healthcare Workforce
iwuqh1ou,atva6mfp,0.025166666,Three-month outcomes in hospitalized COVID-19 patients,COVID-19-Forschungsdaten leichter zugänglich machen – Aufbau einer bundesweiten Informationsinfrastruktur
fxrsgieg,el0kc67q,0.025169164,COVID-19: Was Rheumapatienten jetzt wissen sollten,Randomized controlled trials for everything?
lvi4n41u,d3mujvny,0.025180066,Pflegen kann jede*r!,Inequities in access to education: Lessons from the COVID-19 pandemic
jqk8fswo,fxrsgieg,0.025185838,Birthing: A vital service for rural communities Perspectives from the National Rural Health Commissioner.,COVID-19: Was Rheumapatienten jetzt wissen sollten
z9ga2p6i,fxrsgieg,0.025188126,Concerns and Care for Health Care Colleagues during the COVID-19 Pandemic.,COVID-19: Was Rheumapatienten jetzt wissen sollten
750lwgvv,fxrsgieg,0.02520482,Practical Aspects of Implementation of a Bioterrorism Preparedness Program in a Hospital setting,COVID-19: Was Rheumapatienten jetzt wissen sollten
lvi4n41u,wor81w15,0.02521363,Pflegen kann jede*r!,No association of Gaucher disease with COVID-19-related outcomes: a nationwide cohort study
lvi4n41u,rxvnn7p5,0.025217569,Pflegen kann jede*r!,Sustainability appraisal in infrastructure projects (SUSAIP) Part 1. Development of indicators and computational methods
lvi4n41u,6z0ruccu,0.025218396,Pflegen kann jede*r!,Public health impact of covid-19 vaccines in the US: observational study
wsl5reyx,s9qlcamb,0.025221182,Considering care in context.,Finanzielle Hilfen für Vertragsärzte: Weitere KVen haben HVM-Änderungen ausgearbeitet
fxrsgieg,rrvj5sc1,0.025221534,COVID-19: Was Rheumapatienten jetzt wissen sollten,"The demographic characteristics, prognosis, and relationship with cancer subtypes of hospitalized COVID‐19 patients with malignancy: A single‐center experience"
lvi4n41u,52ovlrse,0.025221925,Pflegen kann jede*r!,COVID-19 inpatient cohorting team: Successes and lessons learned.
pkwu6qzg,s9qlcamb,0.02522385,"The times, they are a changing-Still",Finanzielle Hilfen für Vertragsärzte: Weitere KVen haben HVM-Änderungen ausgearbeitet
6m9s6eux,s9qlcamb,0.025224427,Patient and public involvement in numerical aspects of trials (PoINT): exploring patient and public partners experiences and identifying stakeholder priorities,Finanzielle Hilfen für Vertragsärzte: Weitere KVen haben HVM-Änderungen ausgearbeitet
itlqkug0,lvi4n41u,0.02522977,Special Topic Series: Responses to COVID-19,Pflegen kann jede*r!
p6p8qhzw,s9qlcamb,0.025238246,Introduction to Critical Training Topics Series: Meeting the Needs of a Diverse Nation,Finanzielle Hilfen für Vertragsärzte: Weitere KVen haben HVM-Änderungen ausgearbeitet
ggb2bcsb,fxrsgieg,0.025239525,"Comment on ""Dermatology residents and the care of COVID-19 patients""",COVID-19: Was Rheumapatienten jetzt wissen sollten
y1qeviqv,e69c9wyw,0.025244739,Contributions and Sacrifices of Medical Students and Health Care Workers With Family Responsibilities Deserve Our Attention and Respect.,Nutzen von Erfahrungswissen in Krisen. Zur These einer vermehrten Bezugnahme auf Geschichte in Krisenzeiten
lvi4n41u,ibas6ugg,0.025247568,Pflegen kann jede*r!,"Nursing diagnoses, results, and interventions in the care for Covid-19 patients in critical condition."
evknjdo8,c2io6utd,0.0252608,Eine neue Ära beginnt!,Employment Consequences of COVID-19 for People with Disabilities and Employers
f4kfdxhf,fxrsgieg,0.02526753,Identifying critical transitions in complex diseases,COVID-19: Was Rheumapatienten jetzt wissen sollten
1axkt1jc,fxrsgieg,0.025276646,To the Point: Integrating the Obstetrics and Gynecology Core Clerkship into a Longitudinal Integrated Curriculum in US Medical Schools,COVID-19: Was Rheumapatienten jetzt wissen sollten
lvi4n41u,g3k8sg3h,0.025285881,Pflegen kann jede*r!,Experiences of the COVID-19 pandemic from five aesthetic practitioners
rio2ay1w,s9qlcamb,0.025287228,The Evolving Field of Risk Communication,Finanzielle Hilfen für Vertragsärzte: Weitere KVen haben HVM-Änderungen ausgearbeitet
qlo91bfm,fxrsgieg,0.02529503,On appropriate phenotypes of patients with obesity,COVID-19: Was Rheumapatienten jetzt wissen sollten
lvi4n41u,0cxm70oz,0.025297381,Pflegen kann jede*r!,The COVID-19 Impact on Childcare in Agricultural Populations
qt3pn1rq,fxrsgieg,0.025305811,Epidemiological characteristics of new coronavirus diseases (COVID-19): Features of risk factors and clinical features of the child population,COVID-19: Was Rheumapatienten jetzt wissen sollten
gz2tuclx,e69c9wyw,0.025313778,"Aspirations, Concerns and Priorities of Families with School-age Children",Nutzen von Erfahrungswissen in Krisen. Zur These einer vermehrten Bezugnahme auf Geschichte in Krisenzeiten
h2l3vzcl,s9qlcamb,0.025315154,Unlocking in COVID Times: The Neurosurgical Way,Finanzielle Hilfen für Vertragsärzte: Weitere KVen haben HVM-Änderungen ausgearbeitet
fxrsgieg,ubasthzv,0.0253227,COVID-19: Was Rheumapatienten jetzt wissen sollten,Priorities for the US Health Community Responding to COVID-19
fxrsgieg,wurtrayz,0.025334973,COVID-19: Was Rheumapatienten jetzt wissen sollten,Health sources: Reviewing the news
0el1orp8,fxrsgieg,0.025339322,An Employee Sharing Model for the Tourism and Hospitality Industry,COVID-19: Was Rheumapatienten jetzt wissen sollten
4a1rxyxc,fxrsgieg,0.025340706,COVID‐19 and immunological regulations – from basic and translational aspects to clinical implications,COVID-19: Was Rheumapatienten jetzt wissen sollten
lvi4n41u,6u7dpl4w,0.025345335,Pflegen kann jede*r!,Assessment of COVID-19 Knowledge Among University Students: Implications for Future Risk Communication Strategies.
lvi4n41u,lu0dkjr2,0.025346633,Pflegen kann jede*r!,"The influence of sociodemographic factors on community knowledge, perceptions, attitudes, and practices towards covid-19 prevention protocols: A scoping review"
fxrsgieg,crqfpcdu,0.025350858,COVID-19: Was Rheumapatienten jetzt wissen sollten,Detection and characterization of canine astroviruses.
s9qlcamb,309wqizi,0.025369247,Finanzielle Hilfen für Vertragsärzte: Weitere KVen haben HVM-Änderungen ausgearbeitet,Conclusions and Policy Recommendations
fxrsgieg,37jjihsm,0.025381848,COVID-19: Was Rheumapatienten jetzt wissen sollten,Collective intertemporal decisions and heterogeneity in groups
f6kyxt03,s9qlcamb,0.025389496,Distance Teaching in Chemistry: Opportunities and Limitations,Finanzielle Hilfen für Vertragsärzte: Weitere KVen haben HVM-Änderungen ausgearbeitet
5lm542ja,s9qlcamb,0.025392076,A metacognitive approach to reconsidering risk perceptions and uncertainty: understand information seeking during COVID-19. (Special Issue: Communicating risk and uncertainty in the face of COVID-19.),Finanzielle Hilfen für Vertragsärzte: Weitere KVen haben HVM-Änderungen ausgearbeitet
lvi4n41u,xgyr7tol,0.025399871,Pflegen kann jede*r!,Characteristics and Outcomes of Mechanically Ventilated COVID-19 Patients-An Observational Cohort Study
lvi4n41u,51mmor14,0.025400788,Pflegen kann jede*r!,"Private Investments, Public Goods: Regulating Markets for Sustainable Development"
b469ofpt,fxrsgieg,0.025405621,"Endoscopy Findings in Patients With COVID-19: A Community-Based Single Center, Retrospective Study",COVID-19: Was Rheumapatienten jetzt wissen sollten
4fv64akh,e69c9wyw,0.02540988,Neurological symptoms in COVID-19 patients,Nutzen von Erfahrungswissen in Krisen. Zur These einer vermehrten Bezugnahme auf Geschichte in Krisenzeiten
lvi4n41u,qodylkum,0.025413044,Pflegen kann jede*r!,State minimum wages and health insurance coverage in the United States: 2008–2018
z2ulnfop,q8tm88ki,0.025427599,Fakten auf einen Blick,The Interplay of Policy and Institutions during COVID-19
fxrsgieg,rsmhyjin,0.025430467,COVID-19: Was Rheumapatienten jetzt wissen sollten,Clinical characteristics of COVID‐19 patients combined with allergy
bjo6hun1,4r4yrt7j,0.025431007,Scientists' lanes and headwinds.,Motiveren kun je leren?
lnr4a88k,lvi4n41u,0.025432639,Establishing professional online communities for world language educators,Pflegen kann jede*r!
lvi4n41u,h3cav5e9,0.025433416,Pflegen kann jede*r!,Book Notes “Law” 1/2021
fxrsgieg,p317x4ce,0.025445128,COVID-19: Was Rheumapatienten jetzt wissen sollten,Etiology feature and epidemiological characteristics of 2019-nCoV
p81l6zvz,2bp6iaih,0.0254457,Systemische Immunsuppression in Zeiten von COVID‐19: Müssen wir umdenken?,"Pandemics, Protests and Firearms"
c3m6gmw0,fxrsgieg,0.025449112,Tracking Weekly State-Level Economic Conditions,COVID-19: Was Rheumapatienten jetzt wissen sollten
z2ulnfop,7qq3l117,0.025454314,Fakten auf einen Blick,"Adipokines, Myokines, and Hepatokines: Crosstalk and Metabolic Repercussions"
nvebbhwv,lvi4n41u,0.0254604,Potential Neurologic Manifestations of COVID-19,Pflegen kann jede*r!
u2451orq,4wcf4z93,0.02546289,Sechs Jahre nach Einführung der Notfallsanitäterausbildung,Acknowledgement to Referees: Acknowledgement to Referees
l9bd2sp2,fxrsgieg,0.02546695,Patient Trajectories Among Persons Hospitalized for COVID-19: A Cohort Study,COVID-19: Was Rheumapatienten jetzt wissen sollten
8rtierzk,e69c9wyw,0.025470627,COVID-19 - Lessons Learned and Questions Remaining,Nutzen von Erfahrungswissen in Krisen. Zur These einer vermehrten Bezugnahme auf Geschichte in Krisenzeiten
lvi4n41u,zlxx2nel,0.025476255,Pflegen kann jede*r!,Historical Discoveries on Viruses in the Environment and Their Impact on Public Health.
b11x2qcm,fxrsgieg,0.02547774,Immediate impact of COVID-19 across tropical small-scale fishing communities,COVID-19: Was Rheumapatienten jetzt wissen sollten
99jyweky,fxrsgieg,0.02547946,Introducing Oceanic Societies in COVID-19,COVID-19: Was Rheumapatienten jetzt wissen sollten
6wj01icw,lvi4n41u,0.025485666,Risk factors for clinical deterioration in patients admitted for COVID-19: A case-control study,Pflegen kann jede*r!
45g8ebqz,s9qlcamb,0.025488455,"Care, COVID‐19 and crisis: Area as a space for critical contributions",Finanzielle Hilfen für Vertragsärzte: Weitere KVen haben HVM-Änderungen ausgearbeitet
1vom9gqt,e69c9wyw,0.025511762,Firearm Storage in US Households With Children: Findings From the 2021 National Firearm Survey,Nutzen von Erfahrungswissen in Krisen. Zur These einer vermehrten Bezugnahme auf Geschichte in Krisenzeiten
bjo6hun1,ix8plvil,0.025514556,Scientists' lanes and headwinds.,Kritische Stellungnahme zu einigen Empfehlungen der neuen deutschen S3-Sepsisleitlinie
lvi4n41u,v6f21fh0,0.025518453,Pflegen kann jede*r!,PRIORITY risk model predicted critical outcomes in patients hospitalized with COVID-19
9gv72pb9,lvi4n41u,0.025521168,Commercial truck drivers should be a priority population for COVID-19 vaccinations,Pflegen kann jede*r!
6mc4zg7g,ihg2zuhq,0.025526425,Viele Sonderregelungen gelten weiter,Risk factors for mortality in COVID-19 patients in a community teaching hospital
dr2ywt13,fxrsgieg,0.025528934,Evaluation of mortality predictors in hospitalized COVID-19 patients: Retrospective cohort study,COVID-19: Was Rheumapatienten jetzt wissen sollten
rvovlq3t,s9qlcamb,0.02553025,1555 Comparison of Face-To-Face Versus Online Delivery of a Preparatory Course for First Year Clinical Students,Finanzielle Hilfen für Vertragsärzte: Weitere KVen haben HVM-Änderungen ausgearbeitet
fxrsgieg,iuyovsru,0.025531812,COVID-19: Was Rheumapatienten jetzt wissen sollten,"Risk factors and impacts of slips, trips, and falls in janitorial populations: A literature review"
lvi4n41u,jp7urzz3,0.025536621,Pflegen kann jede*r!,Commentary: Spaces of Solidarity and Spaces of Exception at the times of Covid‐19
lvi4n41u,g73hnqnc,0.025541116,Pflegen kann jede*r!,COVID-19 vaccine acceptance among adults in four major US metropolitan areas and nationwide
lvi4n41u,2htz7vwb,0.025541341,Pflegen kann jede*r!,State of the Society: SNMMI Thrives Despite COVID-19 Challenges.
fxrsgieg,2z7sc5m1,0.025547871,COVID-19: Was Rheumapatienten jetzt wissen sollten,Teledentistry applications for mitigating risk and balancing the clinical schedule
fxrsgieg,ibfutw7t,0.025550215,COVID-19: Was Rheumapatienten jetzt wissen sollten,Implementation of a fetal ultrasound telemedicine service: women's views and family costs
s9qlcamb,2y23ou9x,0.025556646,Finanzielle Hilfen für Vertragsärzte: Weitere KVen haben HVM-Änderungen ausgearbeitet,A CLOSE-UP guide to capturing clinical images.
lvi4n41u,rx1z4orm,0.025558347,Pflegen kann jede*r!,An Overview of Antimicrobial Properties of Different Classes of Phytochemicals
4owh3ibc,fxrsgieg,0.02556005,Statistical consideration in the design of COVID-19 clinical trials in emergency/ 新冠肺炎应急临床试验设计中的统计学考虑,COVID-19: Was Rheumapatienten jetzt wissen sollten
f9xgi2qn,4zt3y5rq,0.025561776,"Neuroradiologists, Be Mindful of the Neuroinvasive Potential of COVID-19",JCD editorial-February 2021
4zt3y5rq,vrbe40pb,0.025561776,JCD editorial-February 2021,"Neuroradiologists, Be Mindful of the Neuroinvasive Potential of COVID-19."
fe82q2o1,nggz2d9j,0.025566367,Pflegedienstleiter in einer besonderen Zeit,"The Effects of COVID-19 on U.S. Small Businesses: Evidence from Owners, Managers, and Employees"
fxrsgieg,8n0i8tns,0.025568888,COVID-19: Was Rheumapatienten jetzt wissen sollten,A ratio scale for social distance
l41wfi7n,lvi4n41u,0.025575083,"COVID-19 and the Kidneys, Implications and Outcomes.",Pflegen kann jede*r!
s32pwhrg,s9qlcamb,0.025575768,The ethics of social distance and proximity in the city,Finanzielle Hilfen für Vertragsärzte: Weitere KVen haben HVM-Änderungen ausgearbeitet
lvi4n41u,7bb04ofd,0.025579821,Pflegen kann jede*r!,Parents’ Experiences Regarding School Meals during the COVID-19 Pandemic
k51hi388,fxrsgieg,0.025590833,"[COVID-19 in nursing homes A study of diagnosis, symptomatology and disease course]",COVID-19: Was Rheumapatienten jetzt wissen sollten
p81l6zvz,f21t5d4u,0.025594365,Systemische Immunsuppression in Zeiten von COVID‐19: Müssen wir umdenken?,"Challenges, priorities and tasks for the generalists at the time of COVID-19 pandemic"
z2ulnfop,1j5z5g00,0.025600601,Fakten auf einen Blick,Individual risk evaluation for landslides: key details
1ygu24fy,atva6mfp,0.025611637,Lessons from covid-19: visiting patients at home and assessing comorbidities.,COVID-19-Forschungsdaten leichter zugänglich machen – Aufbau einer bundesweiten Informationsinfrastruktur
pzxrnuuj,fe82q2o1,0.025621975,Supporting our Fellows and Members through COVID-19,Pflegedienstleiter in einer besonderen Zeit
8xaxnas0,lvi4n41u,0.025622535,Buschke-Löwenstein tumors: A series of 7 case reports,Pflegen kann jede*r!
rozf6u2q,fxrsgieg,0.025625017,Hematology and Biochemistry of Small Mammals,COVID-19: Was Rheumapatienten jetzt wissen sollten
45dti71r,fxrsgieg,0.02563469,Sustainable small-scale fisheries markets in the Mediterranean: weaknesses and opportunities,COVID-19: Was Rheumapatienten jetzt wissen sollten
oxpnmeps,lvi4n41u,0.025636997,Discovering the Value of Anatomy Laboratory Education During the COVID‐19 Pandemic from The Perspective of Three Medical Schools’ Experience,Pflegen kann jede*r!
ndzft9az,79hf1x4j,0.025638053,Hematological parameters- as mortality predictors in COVID-19 patients,Sind durch COVID-19 (mehr) Patienten mit Hörverlust zu erwarten?
zjqruodw,fxrsgieg,0.025639096,Clinical and paraclinical predictive factors for in-hospital mortality in adult patients with COVID-19,COVID-19: Was Rheumapatienten jetzt wissen sollten
lvi4n41u,7msy4yg8,0.025650196,Pflegen kann jede*r!,The antecedents and consequences of e-health literacy in the pharmaceutical industry: An agenda for future research
uju6gjni,s9qlcamb,0.025650958,Odds Ratio Estimation of Medical Students’ Attitudes towards COVID-19 Vaccination,Finanzielle Hilfen für Vertragsärzte: Weitere KVen haben HVM-Änderungen ausgearbeitet
an6at567,fxrsgieg,0.025667688,Thrombotic and Clinical Outcomes in Patients with Hematologic Malignancy and COVID-19,COVID-19: Was Rheumapatienten jetzt wissen sollten
upqaahwu,s9qlcamb,0.025670437,Risk perception in women: a focus on menopause.,Finanzielle Hilfen für Vertragsärzte: Weitere KVen haben HVM-Änderungen ausgearbeitet
sc65zozv,fxrsgieg,0.025671478,Lives or Livelihoods? Perceived Tradeoffs and Policy Demand,COVID-19: Was Rheumapatienten jetzt wissen sollten
z2ulnfop,tosykfsp,0.025687108,Fakten auf einen Blick,Neurological complications in critical patients with COVID-19
0l39bagp,fxrsgieg,0.025692016,Characteristics and Risk Factors for Hospitalization and Mortality among Persons with COVID-19 in Atlanta Metropolitan Area,COVID-19: Was Rheumapatienten jetzt wissen sollten
9s3aklh6,fxrsgieg,0.025692496,Quarantine: Psychological aspects,COVID-19: Was Rheumapatienten jetzt wissen sollten
fxrsgieg,bolivle9,0.025709806,COVID-19: Was Rheumapatienten jetzt wissen sollten,Psychometric Properties of a COVID-19 Impact Scale Among a Sample of Individuals with Disabilities
fxrsgieg,bny9fatf,0.025711548,COVID-19: Was Rheumapatienten jetzt wissen sollten,Precision Design of Antimicrobial Surfaces
57kotfu2,fxrsgieg,0.02571326,Hypertension is a risk factor for adverse outcomes in patients with coronavirus disease 2019: a cohort study,COVID-19: Was Rheumapatienten jetzt wissen sollten
2pz0hh9z,fxrsgieg,0.025715418,[the Wages in the Public Healthcare: the Pandemic Challenges],COVID-19: Was Rheumapatienten jetzt wissen sollten
n7lol0vi,fxrsgieg,0.02572064,Introducing an anthropology of convenience,COVID-19: Was Rheumapatienten jetzt wissen sollten
fcajhep7,s9qlcamb,0.02573344,In the Midst of Stories: Is Seeing Believing?,Finanzielle Hilfen für Vertragsärzte: Weitere KVen haben HVM-Änderungen ausgearbeitet
s9qlcamb,62pbflw1,0.025734827,Finanzielle Hilfen für Vertragsärzte: Weitere KVen haben HVM-Änderungen ausgearbeitet,Exploring the Career Decision-Making Process During the COVID-19 Pandemic: Opportunities and Challenges for Young People
zmjzvihk,s9qlcamb,0.02573529,Masked Faces with Faced Masks,Finanzielle Hilfen für Vertragsärzte: Weitere KVen haben HVM-Änderungen ausgearbeitet
194na5w6,fxrsgieg,0.025736654,Setting Up a Photographic Medical Studio,COVID-19: Was Rheumapatienten jetzt wissen sollten
nk4nbeui,lvi4n41u,0.0257404,"COVID-19 and School Psychology: Research Reveals the Persistent Impacts on Parents and Students, and the Promise of School Telehealth Supports",Pflegen kann jede*r!
ccru6y78,fxrsgieg,0.025753956,Laboratory Testing Implications of Risk-Stratification and Management for Improving Clinical Outcomes of COVID-19 Patients,COVID-19: Was Rheumapatienten jetzt wissen sollten
f6szh9sw,fxrsgieg,0.02576375,"Clinical translation of nanomedicines: Challenges, opportunities, and keys",COVID-19: Was Rheumapatienten jetzt wissen sollten
kzqx7gy5,fxrsgieg,0.025766358,Public interaction of health workers during the Covid-19 pandemic,COVID-19: Was Rheumapatienten jetzt wissen sollten
1gbfvuod,fxrsgieg,0.02576771,COVID-19 and Conflict: Major Risks and Policy Responses,COVID-19: Was Rheumapatienten jetzt wissen sollten
ash0dnc9,mherdb4v,0.025768893,Freiheit auf Zeit,Lessons for and from COVID‐19 for investors and their advisors
umju2xeh,lvi4n41u,0.025772505,Characteristic of Clinical Studies on Baduanjin during 2000–2019: A Comprehensive Review,Pflegen kann jede*r!
sqxg8ouo,fxrsgieg,0.025773369,Factors Contributing to Missing COVID-19 Cases During Contact Tracing.,COVID-19: Was Rheumapatienten jetzt wissen sollten
lvi4n41u,iazjdiay,0.025788916,Pflegen kann jede*r!,Two Key Takeaways From a Year of Pandemic Research
me1ajoyb,fxrsgieg,0.025792917,Hantavirus Immunology of Rodent Reservoirs: Current Status and Future Directions,COVID-19: Was Rheumapatienten jetzt wissen sollten
fxrsgieg,aj2335t2,0.025793707,COVID-19: Was Rheumapatienten jetzt wissen sollten,"Demographic, socioeconomic, and sociocultural factors associated with any breastfeeding in homeless mothers"
aqhyt7jg,fxrsgieg,0.02579486,Cryptosporidiosis in Farmed Animals,COVID-19: Was Rheumapatienten jetzt wissen sollten
y27n262f,fxrsgieg,0.025798855,COVID-19 across rheumatology: A bibliometric study,COVID-19: Was Rheumapatienten jetzt wissen sollten
to80jejp,fxrsgieg,0.025802957,Laboratory for innovation in Primary Health Care: implementation and results.,COVID-19: Was Rheumapatienten jetzt wissen sollten
lvi4n41u,kmlynj86,0.025807042,Pflegen kann jede*r!,Treatment Journey of Covid-19 Patients in Hospital Settings
lvi4n41u,ftj5jufn,0.025823556,Pflegen kann jede*r!,"On Football, Personal Risk, and Public Health"
fxrsgieg,xh8lwy12,0.02582441,COVID-19: Was Rheumapatienten jetzt wissen sollten,Does domestic tourism influence COVID-19 cases and deaths? (Special Issue: COVID-19 and tourism.)
mn0isuck,e69c9wyw,0.025831094,P5‐132: Rehabilitation interventions and tasks for patients with COVID‐19 in our hospital,Nutzen von Erfahrungswissen in Krisen. Zur These einer vermehrten Bezugnahme auf Geschichte in Krisenzeiten
6iac5rzb,fxrsgieg,0.025836466,[COVID-19 unit hospitalization and family isolation: the value of a family information cell],COVID-19: Was Rheumapatienten jetzt wissen sollten
z36273gl,fxrsgieg,0.025836708,Patient factors contributing to variation in same-hospital readmission rate.,COVID-19: Was Rheumapatienten jetzt wissen sollten
ebqasilj,fxrsgieg,0.025844282,A study of consumers' attention on ⇜food nutrition⇝ during the COVID-19 outbreak,COVID-19: Was Rheumapatienten jetzt wissen sollten
nkneguzu,fxrsgieg,0.02584438,"[Managers and caregivers, together in the fight against COVID-19]",COVID-19: Was Rheumapatienten jetzt wissen sollten
86esyb9q,lm55pt80,0.025846163,Erfolge feiern - Zukunft gestalten,Key pathways as therapeutic targets
9gmsihcg,ewl63b2i,0.025851015,"""Immer bereit sein, die Extrameile zu gehen""",Manufacturing Workers and Employers
dv6scx5p,lvi4n41u,0.0258518,Teaching Online: Students' Projects (preprint),Pflegen kann jede*r!
0i4p5nq1,4wcf4z93,0.025855683,Hautmanifestationen bei COVID-19: nicht klar mit Erkrankungsschwere assoziiert,Acknowledgement to Referees: Acknowledgement to Referees
cvf4nsym,fxrsgieg,0.025879553,Factors Associated with Hospital Readmissions among Patients with COVID-19: A Single Center Experience,COVID-19: Was Rheumapatienten jetzt wissen sollten
lvi4n41u,9z7ii7vg,0.025879912,Pflegen kann jede*r!,Funding Children's Health: COVID-19 And Beyond.
lvi4n41u,sqxg8ouo,0.025881162,Pflegen kann jede*r!,Factors Contributing to Missing COVID-19 Cases During Contact Tracing.
fxrsgieg,xosgprae,0.02588326,COVID-19: Was Rheumapatienten jetzt wissen sollten,On Assessing the Temporal Characteristics of Reaching the Milestone by a Swarm
c1kd8bo6,e69c9wyw,0.02588443,COVID-19 Poses Challenges to Immigrant Physicians in the United States.,Nutzen von Erfahrungswissen in Krisen. Zur These einer vermehrten Bezugnahme auf Geschichte in Krisenzeiten
6ihbkppf,lvi4n41u,0.025887063,Health information: Applications and challenges in the COVID-19 pandemic,Pflegen kann jede*r!
ukmcfezh,z2ulnfop,0.025890335,The Major Macrosocial Trends,Fakten auf einen Blick
p81l6zvz,jph37bs0,0.025898574,Systemische Immunsuppression in Zeiten von COVID‐19: Müssen wir umdenken?,"COVID-19: Risk groups, mechanistic insights and challenges"
lvi4n41u,zbz3kfmp,0.025899554,Pflegen kann jede*r!,Risk Preferences at the Time of COVID-19: An Experiment with Professional Traders and Students
qjod6vm3,fxrsgieg,0.025908504,The Presence of Opportunistic Premise Plumbing Pathogens in Residential Buildings: A Literature Review,COVID-19: Was Rheumapatienten jetzt wissen sollten
s3a1ug2n,fxrsgieg,0.025916593,Social determinants and reflections for the Nursing practice in times of COVID-19*,COVID-19: Was Rheumapatienten jetzt wissen sollten
27wqwxic,4wcf4z93,0.025918322,Impfquoten bei Erwachsenen verbessern: Schutz vor Gürtelrose besonders wichtig,Acknowledgement to Referees: Acknowledgement to Referees
tgqy3jdu,s9qlcamb,0.025928812,"Risk Factors Prediction, Clinical Outcomes and Mortality of COVID-19 Patients",Finanzielle Hilfen für Vertragsärzte: Weitere KVen haben HVM-Änderungen ausgearbeitet
lvi4n41u,fwklrlkd,0.025929818,Pflegen kann jede*r!,Highlights from the 2021 Conference of the International Society of Psychiatric-Mental Health Nurses
uuaoi0ky,fxrsgieg,0.02593066,Nursing Home Design and COVID-19: Implications for Guidelines and Regulation,COVID-19: Was Rheumapatienten jetzt wissen sollten
udft1cxp,s9qlcamb,0.025948362,[A comparison of convenience sampling and purposive sampling].,Finanzielle Hilfen für Vertragsärzte: Weitere KVen haben HVM-Änderungen ausgearbeitet
dk1di69j,fxrsgieg,0.02596685,"Public Health Officials and COVID-19: Leadership, Politics, and the Pandemic",COVID-19: Was Rheumapatienten jetzt wissen sollten
1pi73mnk,s9qlcamb,0.02596715,Quality of life of university students during the COVID-19 pandemic: Assessing the level of quality of life and the associated factors after the end of movement lockdown,Finanzielle Hilfen für Vertragsärzte: Weitere KVen haben HVM-Änderungen ausgearbeitet
uh99n5hf,fxrsgieg,0.025974918,The atypical presentation of COVID-19 as gastrointestinal disease: key points for primary care,COVID-19: Was Rheumapatienten jetzt wissen sollten
lvi4n41u,6mm1uhtv,0.025976503,Pflegen kann jede*r!,"Psychology students' attitudes towards research: the role of critical thinking, epistemic orientation, and satisfaction with research courses"
s9qlcamb,vdbx4b8d,0.025976965,Finanzielle Hilfen für Vertragsärzte: Weitere KVen haben HVM-Änderungen ausgearbeitet,"Moving diversity, equity, and inclusion from opinion to evidence"
fxrsgieg,azuat1cd,0.025985228,COVID-19: Was Rheumapatienten jetzt wissen sollten,Individual differences in memory and attention processes in prospective remembering
z2ulnfop,z5jbdpd1,0.025989357,Fakten auf einen Blick,"COVID-19 Regulations, Political Institutions, and the Environment"
jww5dcha,fxrsgieg,0.02599124,Marketing Activities of Local Food Producers in E-Commerce,COVID-19: Was Rheumapatienten jetzt wissen sollten
yzxpapdd,fxrsgieg,0.026002934,Methods for the discovery of emerging pathogens,COVID-19: Was Rheumapatienten jetzt wissen sollten
z7oqxcd3,s9qlcamb,0.026017318,Key opinion leaders — a critical perspective,Finanzielle Hilfen für Vertragsärzte: Weitere KVen haben HVM-Änderungen ausgearbeitet
lvi4n41u,9i3wggdb,0.026019204,Pflegen kann jede*r!,Key trends and regulations of the development of digital business models of banking services in industry 4.0
xoywbqqr,fxrsgieg,0.02602704,"Undertaking a scoping review: A practical guide for nursing and midwifery students, clinicians, researchers, and academics.",COVID-19: Was Rheumapatienten jetzt wissen sollten
etkhrgxp,fxrsgieg,0.026029399,Malaria in Women and Children,COVID-19: Was Rheumapatienten jetzt wissen sollten
as0mtkdm,fxrsgieg,0.026038773,Discovery and Genomic Characterization of Noroviruses from a Gastroenteritis Outbreak in Domestic Cats in the US,COVID-19: Was Rheumapatienten jetzt wissen sollten
fxrsgieg,bxmiscol,0.0260588,COVID-19: Was Rheumapatienten jetzt wissen sollten,Psychological risk factors for healthcare professionals in the epidemic process
i3dikb6o,fxrsgieg,0.026063858,DDOTI Observations of Gravitational-Wave Sources Discovered in O3,COVID-19: Was Rheumapatienten jetzt wissen sollten
0evaf6az,s9qlcamb,0.02607439,Protecting people with collaboration,Finanzielle Hilfen für Vertragsärzte: Weitere KVen haben HVM-Änderungen ausgearbeitet
fxrsgieg,pi0zua4j,0.026091516,COVID-19: Was Rheumapatienten jetzt wissen sollten,Adult patients admitted to a tertiary hospital for COVID-19 and risk factors associated with severity: a retrospective cohort study
lvi4n41u,6xmjrioi,0.026093785,Pflegen kann jede*r!,A reading list for uncertain times
s9qlcamb,j6vxu3ea,0.026094109,Finanzielle Hilfen für Vertragsärzte: Weitere KVen haben HVM-Änderungen ausgearbeitet,He’s Working from Home and I’m at Home Trying to Work: Experiences of Childcare and the Work–Family Balance Among Mothers During COVID-19
z2ulnfop,g37nuhpl,0.02609894,Fakten auf einen Blick,Neuroimaging Findings in Patients with COVID-19
hp0lvhqu,lvi4n41u,0.02609991,Work during COVID-19: assessing the influence of job demands and resources on practical and psychological outcomes for employees,Pflegen kann jede*r!
s9qlcamb,xrmkx4cc,0.026100246,Finanzielle Hilfen für Vertragsärzte: Weitere KVen haben HVM-Änderungen ausgearbeitet,Industry 5.0: Potential Applications in COVID-19
s9qlcamb,ytrzvjhe,0.026104396,Finanzielle Hilfen für Vertragsärzte: Weitere KVen haben HVM-Änderungen ausgearbeitet,Keeping up with studies on covid-19: systematic search strategies and resources
rkcpgz3w,fxrsgieg,0.026105082,"Perceptions of Parenting, Parent-Child Activities and Children’s Extracurricular Activities in Times of COVID-19",COVID-19: Was Rheumapatienten jetzt wissen sollten
j1vkgg4l,s9qlcamb,0.026112566,A turning point prediction method of stock price based on RVFL-GMDH and chaotic time series analysis,Finanzielle Hilfen für Vertragsärzte: Weitere KVen haben HVM-Änderungen ausgearbeitet
duouegzz,s9qlcamb,0.026113028,COVID-19 and informal work: Evidence from 11 cities,Finanzielle Hilfen für Vertragsärzte: Weitere KVen haben HVM-Änderungen ausgearbeitet
fxrsgieg,iaarktu2,0.026115786,COVID-19: Was Rheumapatienten jetzt wissen sollten,Characteristics of cancer patients with COVID-19 in a cancer hospital.
r87rco8s,s9qlcamb,0.026116768,Public Relations and Institutional Communication in the face of the COVID-19 crisis,Finanzielle Hilfen für Vertragsärzte: Weitere KVen haben HVM-Änderungen ausgearbeitet
ftdyr1ek,e69c9wyw,0.026132226,Social and Demographic Factors Contributing to COVID-19 Vaccine Hesitancy in Patients with Hematologic Malignancies,Nutzen von Erfahrungswissen in Krisen. Zur These einer vermehrten Bezugnahme auf Geschichte in Krisenzeiten
vur1c2nf,d7rlj43k,0.02613293,Communicating With Patients and Families During COVID-19,Einladung zu einer Hybrid-Veranstaltung 2022
s9qlcamb,2ezbag6f,0.026136052,Finanzielle Hilfen für Vertragsärzte: Weitere KVen haben HVM-Änderungen ausgearbeitet,"Positioning Talent: History, Cities and the Growing Importance of Talent"
lvi4n41u,iakhk7n9,0.0261511,Pflegen kann jede*r!,Transforming Clinical Pathways.
lvi4n41u,5r1xhpiu,0.026157686,Pflegen kann jede*r!,"COVID-19 impact on research, lessons learned from COVID-19 research, implications for pediatric research"
xavyz21u,fxrsgieg,0.026162867,Interim Guidance: healthcare workers and employers,COVID-19: Was Rheumapatienten jetzt wissen sollten
lvi4n41u,7bttrllm,0.026171254,Pflegen kann jede*r!,Addressing Contingency in REEES Fields
44z3jay7,s9qlcamb,0.026186131,"Reasons, Respect, and Identity in Public Health Decision Making.",Finanzielle Hilfen für Vertragsärzte: Weitere KVen haben HVM-Änderungen ausgearbeitet
gh6xpb45,fxrsgieg,0.02618627,Compliance with Feeding Guidelines in COVID+ Patients,COVID-19: Was Rheumapatienten jetzt wissen sollten
lvi4n41u,v1d30nkl,0.026190892,Pflegen kann jede*r!,Psychometric Qualities of the Educational Identity Processes Scale (EIPS)
lvi4n41u,ooeyepib,0.02619305,Pflegen kann jede*r!,Growth of Global Corporate Debt: Main Facts and Policy Challenges
edxgtshh,z2ulnfop,0.02619763,Aerospace Implications of Key Neurological Conditions,Fakten auf einen Blick
0do50pw7,z2ulnfop,0.02619763,Aerospace Implications of Key Neurological Conditions.,Fakten auf einen Blick
z2ulnfop,0oqmbpoy,0.02621194,Fakten auf einen Blick,"Functional Foods, Nutraceuticals and Probiotics: A Focus on Human Health"
x8xgka51,s9qlcamb,0.0262166,"On the Relationship Between Authentic Leadership, Flourishing, and Performance in Healthcare Teams: A Job Demands-Resources Perspective",Finanzielle Hilfen für Vertragsärzte: Weitere KVen haben HVM-Änderungen ausgearbeitet
fxrsgieg,34h68itf,0.026221363,COVID-19: Was Rheumapatienten jetzt wissen sollten,[Clinical and laboratory characteristics of 215 cases of coronavirus disease 2019 with different prognosis]
7t6d758o,fxrsgieg,0.026258023,Quantifying Adaptability of College Campus Buildings,COVID-19: Was Rheumapatienten jetzt wissen sollten
s9qlcamb,fh6o46hf,0.026263742,Finanzielle Hilfen für Vertragsärzte: Weitere KVen haben HVM-Änderungen ausgearbeitet,Postelection Prospects for Expanding Health Care Coverage
z2ulnfop,auvfnrvc,0.026268251,Fakten auf einen Blick,Welfare Costs of COVID-19: Evidence from U.S. Counties
wravhq6b,lvi4n41u,0.026269909,[Epidemiological characteristics of COVID-19 cases in the Almería health district.],Pflegen kann jede*r!
sokalm2f,fxrsgieg,0.026272405,Preparedness for Life-Threatening Situations in a Pediatric Tertiary-Care University Children’s Hospital: A Survey †,COVID-19: Was Rheumapatienten jetzt wissen sollten
fxrsgieg,y7k729ir,0.0262781,COVID-19: Was Rheumapatienten jetzt wissen sollten,Impact of Novel Covid-19 on Various Sectors: A Study
p81l6zvz,s6unh19n,0.02628259,Systemische Immunsuppression in Zeiten von COVID‐19: Müssen wir umdenken?,Clinical and laboratory findings of COVID-19
8615p7xh,izlpz4qn,0.02628309,Rentenpolitik ist nicht nachhaltig,Risk Factors for Mortality of COVID-19 Patients
n3cxgkwf,fxrsgieg,0.026284944,Rates of coinfection with other respiratory pathogens in patients positive for coronavirus disease 2019 (COVID-19),COVID-19: Was Rheumapatienten jetzt wissen sollten
8nrs4r5c,lvi4n41u,0.026285859,'Hospital life does have its perks'.,Pflegen kann jede*r!
egkdfa0j,s9qlcamb,0.026287606,Against All Odds: Education in Germany Coping with Covid-19,Finanzielle Hilfen für Vertragsärzte: Weitere KVen haben HVM-Änderungen ausgearbeitet
s9qlcamb,6u32iaan,0.026292907,Finanzielle Hilfen für Vertragsärzte: Weitere KVen haben HVM-Änderungen ausgearbeitet,Predicting High-Risk Patients and High-Risk Outcomes in Heart Failure
lvi4n41u,55927bnv,0.026297592,Pflegen kann jede*r!,Additional clinical pharmacists roles during COVID-19
lvi4n41u,pi0zua4j,0.026298163,Pflegen kann jede*r!,Adult patients admitted to a tertiary hospital for COVID-19 and risk factors associated with severity: a retrospective cohort study
t7nn7ivs,fxrsgieg,0.026299631,Exploring the psychological impact of COVID-19 on adolescents with borderline personality disorder and their mothers: A focus group study,COVID-19: Was Rheumapatienten jetzt wissen sollten
pindjvhk,fxrsgieg,0.026300019,Prevalence and clinical correlates of COVID-19 outbreak among healthcare workers in a tertiary level hospital,COVID-19: Was Rheumapatienten jetzt wissen sollten
c8xfz06u,fxrsgieg,0.026302163,Continuing contributions of older academics.,COVID-19: Was Rheumapatienten jetzt wissen sollten
p81l6zvz,h7wtvca0,0.026313065,Systemische Immunsuppression in Zeiten von COVID‐19: Müssen wir umdenken?,ResearchPaper:EfficacyofMyofascialReleaseTherapy on the Cardiorespiratory Functions in Patients With COVID-19
fxrsgieg,2laudgu2,0.026318615,COVID-19: Was Rheumapatienten jetzt wissen sollten,A scoping review of feed interventions and livelihoods of small-scale livestock keepers.
lvi4n41u,ois5rucs,0.026321933,Pflegen kann jede*r!,From the Guest Editors: Grief
lvi4n41u,dk1di69j,0.02633258,Pflegen kann jede*r!,"Public Health Officials and COVID-19: Leadership, Politics, and the Pandemic"
lvi4n41u,uj49mkmz,0.026335355,Pflegen kann jede*r!,Biohydrogen production from microalgae - major bottlenecks and future research perspectives.
s9qlcamb,pgg61svt,0.026336854,Finanzielle Hilfen für Vertragsärzte: Weitere KVen haben HVM-Änderungen ausgearbeitet,Starting the Transition Towards Integrated Community Care 4all
lvi4n41u,o9pveqz8,0.026343003,Pflegen kann jede*r!,Safety resources for perioperative clinicians
edxgtshh,e69c9wyw,0.026348302,Aerospace Implications of Key Neurological Conditions,Nutzen von Erfahrungswissen in Krisen. Zur These einer vermehrten Bezugnahme auf Geschichte in Krisenzeiten
0do50pw7,e69c9wyw,0.026348302,Aerospace Implications of Key Neurological Conditions.,Nutzen von Erfahrungswissen in Krisen. Zur These einer vermehrten Bezugnahme auf Geschichte in Krisenzeiten
d5hsl1oq,s9qlcamb,0.02634936,Staying connected while physically apart: Digital communication when face-to-face interactions are limited,Finanzielle Hilfen für Vertragsärzte: Weitere KVen haben HVM-Änderungen ausgearbeitet
172pzd6t,lvi4n41u,0.02635181,Worldwide Gender Differences in Public Code Contributions,Pflegen kann jede*r!
cir2t25q,zgojzaiw,0.026356205,Keeping the research spotlight on COVID-19,Zerebrale MRT zeigt typische COVID19-Befunde
vur1c2nf,zvmf3n8j,0.02636126,Communicating With Patients and Families During COVID-19,OPORTUNIDADES Y AMENAZAS para la prevención y promoción de la salud y el PAPPS en el contexto de la pandemia Covid-19
4b5cy6jn,fxrsgieg,0.026374577,Covid Hypoxia-Personal Reflections,COVID-19: Was Rheumapatienten jetzt wissen sollten
u9we7lxt,fxrsgieg,0.026379842,Evaluating Covid-19 Injury Claims With a Focus on Workers' Compensation.,COVID-19: Was Rheumapatienten jetzt wissen sollten
vms0r95w,atva6mfp,0.026392793,A time of reflection and ensuring that nurses' voices are heard,COVID-19-Forschungsdaten leichter zugänglich machen – Aufbau einer bundesweiten Informationsinfrastruktur
lvi4n41u,pid7vzar,0.026395643,Pflegen kann jede*r!,Two Challenges from Globalization
r8v73z97,fxrsgieg,0.02639733,Surgical masks decontamination for reuse by members of the public: feasibility study and development of home-based methods,COVID-19: Was Rheumapatienten jetzt wissen sollten
cvvsq2bz,4wcf4z93,0.026399698,COVID-19-Lockdown in Wuhan und die Variabilität der Herzrate — Ein Kurzbericht zu einer Pilotstudie,Acknowledgement to Referees: Acknowledgement to Referees
lvi4n41u,05vxjxdc,0.026402894,Pflegen kann jede*r!,Medical Education: Covid Journey
lvi4n41u,ozok3ay6,0.026408095,Pflegen kann jede*r!,Evaluating the Clinical Outcomes of Remdesivir Among Patients Admitted With COVID-19 in a Tertiary Care Hospital
h7wtvca0,e69c9wyw,0.026414098,ResearchPaper:EfficacyofMyofascialReleaseTherapy on the Cardiorespiratory Functions in Patients With COVID-19,Nutzen von Erfahrungswissen in Krisen. Zur These einer vermehrten Bezugnahme auf Geschichte in Krisenzeiten
08c0v92t,e69c9wyw,0.026416967,The Burden of COVID-19 in Health Workers,Nutzen von Erfahrungswissen in Krisen. Zur These einer vermehrten Bezugnahme auf Geschichte in Krisenzeiten
dx0eqnb8,fxrsgieg,0.026418354,Obesity and its impact on the different aspects of the COVID-19 infection: Public health perspective,COVID-19: Was Rheumapatienten jetzt wissen sollten
s9qlcamb,ycus1v3x,0.026419774,Finanzielle Hilfen für Vertragsärzte: Weitere KVen haben HVM-Änderungen ausgearbeitet,Following guidelines during a crisis
dr4y976h,fxrsgieg,0.026424646,Identification and characterization of bocaviruses in cats and dogs reveals a novel feline bocavirus and a novel genetic group of canine bocavirus.,COVID-19: Was Rheumapatienten jetzt wissen sollten
lvi4n41u,j5wbhgc7,0.02642986,Pflegen kann jede*r!,COVID-19 Prognostic Factors: A Retrospective Study Challenging The Risk Factors Contributing To Poor Outcomes
rj7egrdj,e69c9wyw,0.026436524,"Covid-19 in adults and children, symptoms and treatment",Nutzen von Erfahrungswissen in Krisen. Zur These einer vermehrten Bezugnahme auf Geschichte in Krisenzeiten
lvi4n41u,voli003m,0.026440576,Pflegen kann jede*r!,A model of COVID-19 transmission and control on university campuses
mlnxjlog,fxrsgieg,0.026440829,The Impact of US County-Level Factors on COVID-19 Morbidity and Mortality,COVID-19: Was Rheumapatienten jetzt wissen sollten
lvi4n41u,55u5e0rj,0.026443085,Pflegen kann jede*r!,"Covid-19: Events pilot finds ""no substantial outbreaks,"" but experts point to gaps in evidence"
vrf5zhb4,s9qlcamb,0.026447842,Coronapod: counting the cost of long COVID.,Finanzielle Hilfen für Vertragsärzte: Weitere KVen haben HVM-Änderungen ausgearbeitet
z7oqxcd3,fxrsgieg,0.026448376,Key opinion leaders — a critical perspective,COVID-19: Was Rheumapatienten jetzt wissen sollten
w76rsmji,lvi4n41u,0.026454864,Dental practitioners and dental researchers in COVID-19,Pflegen kann jede*r!
s9qlcamb,xga1poli,0.026456716,Finanzielle Hilfen für Vertragsärzte: Weitere KVen haben HVM-Änderungen ausgearbeitet,Time to revise the Sustainable Development Goals.
d6ho2b4b,fxrsgieg,0.026464602,Development and Validation of a Clinical Risk Score to Predict the Occurrence of Critical Illness in Hospitalized Patients With COVID-19.,COVID-19: Was Rheumapatienten jetzt wissen sollten
lvi4n41u,ciuynofm,0.026465788,Pflegen kann jede*r!,National Governance of Public Health Responses in a Pandemic?
xeex87xc,s9qlcamb,0.026471928,Creating an attractive workplace for current and potential hospital employees,Finanzielle Hilfen für Vertragsärzte: Weitere KVen haben HVM-Änderungen ausgearbeitet
gibfw0qt,s9qlcamb,0.02647448,Presidential Spotlight: A Time of Firsts,Finanzielle Hilfen für Vertragsärzte: Weitere KVen haben HVM-Änderungen ausgearbeitet
lvi4n41u,83kkb64b,0.026480423,Pflegen kann jede*r!,Is it my job? Leaders' family-supportive role perceptions
eanf9jpu,lvi4n41u,0.026480438,Factors influencing nurses’ intention to care for patients with COVID-19: Focusing on positive psychological capital and nursing professionalism,Pflegen kann jede*r!
lvi4n41u,0ud4fabh,0.026484028,Pflegen kann jede*r!,Capturing the Experiences and Challenges of Emerging Adults in College During the COVID-19 Pandemic
1gbfvuod,s9qlcamb,0.0264986,COVID-19 and Conflict: Major Risks and Policy Responses,Finanzielle Hilfen für Vertragsärzte: Weitere KVen haben HVM-Änderungen ausgearbeitet
5229e2lj,4ll2rqh3,0.026499545,Challenges and Future Directions,"Weniger Arbeit, mehr Urlaub"
zz8uwge5,fxrsgieg,0.026504312,Potential clinical applications of phytopharmaceuticals for the in‐patient management of coagulopathies in COVID‐19,COVID-19: Was Rheumapatienten jetzt wissen sollten
zckrpd20,fxrsgieg,0.026504958,Injury and infection in dental clinics: Risk factors and prevention.,COVID-19: Was Rheumapatienten jetzt wissen sollten
s9qlcamb,3sucks1c,0.026508385,Finanzielle Hilfen für Vertragsärzte: Weitere KVen haben HVM-Änderungen ausgearbeitet,Opinions on the economic impact of the COVID-19 crisis and the world after - an international perspective
dvl13ube,s9qlcamb,0.026508655,BJUI Compass 2021 year‐end review,Finanzielle Hilfen für Vertragsärzte: Weitere KVen haben HVM-Änderungen ausgearbeitet
5vmraztf,fxrsgieg,0.026519835,Biomarker elevation during COVID-19: Differences between ambulatory and hospitalized individuals,COVID-19: Was Rheumapatienten jetzt wissen sollten
lvi4n41u,h0295a6m,0.026527584,Pflegen kann jede*r!,A Retrospective Cohort Study of Clinical Factors Associated with Transitions of Care among COVID-19 Patients
pwwj25i3,s9qlcamb,0.026528614,"A Few Steps Forward, A Few Steps Back",Finanzielle Hilfen für Vertragsärzte: Weitere KVen haben HVM-Änderungen ausgearbeitet
xs029gcw,s9qlcamb,0.026530718,"Men, Women, and Work–Life Balance: Then, Now, and in the Future",Finanzielle Hilfen für Vertragsärzte: Weitere KVen haben HVM-Änderungen ausgearbeitet
lu4yqy99,atva6mfp,0.026540484,Is Face Recognition with Masks Possible?,COVID-19-Forschungsdaten leichter zugänglich machen – Aufbau einer bundesweiten Informationsinfrastruktur
s9qlcamb,fslgvfll,0.026546549,Finanzielle Hilfen für Vertragsärzte: Weitere KVen haben HVM-Änderungen ausgearbeitet,The family and the state: a public choice perspective
lvi4n41u,x64tii2t,0.026559643,Pflegen kann jede*r!,COVID-19 pandemic – A focused review for clinicians
18p0tisk,fxrsgieg,0.026577447,"Nurses' and Medical Officers' Knowledge, Attitude, and Preparedness Toward Potential Bioterrorism Attacks",COVID-19: Was Rheumapatienten jetzt wissen sollten
n2731fdz,fxrsgieg,0.026577778,Survey Findings of Challenges with Teleneuropsychological Assessment and Advice in Mitigating these Challenges,COVID-19: Was Rheumapatienten jetzt wissen sollten
uy9qike4,e69c9wyw,0.026579797,Important Considerations for COVID-19 Vaccination of Children With Developmental Disabilities.,Nutzen von Erfahrungswissen in Krisen. Zur These einer vermehrten Bezugnahme auf Geschichte in Krisenzeiten
lvi4n41u,sgcc8w19,0.026582034,Pflegen kann jede*r!,Transmission of COVID-19 and its Determinants among Close Contacts of COVID-19 Patients
3qxqvmon,mherdb4v,0.026582154,Współzależność przemysłu 4.0 z gospodarką o obiegu zamkniętym: w poszukiwaniu wspólnego obszaru definicyjnego,Lessons for and from COVID‐19 for investors and their advisors
e69c9wyw,jph37bs0,0.026584566,Nutzen von Erfahrungswissen in Krisen. Zur These einer vermehrten Bezugnahme auf Geschichte in Krisenzeiten,"COVID-19: Risk groups, mechanistic insights and challenges"
lvi4n41u,2ezbag6f,0.026600067,Pflegen kann jede*r!,"Positioning Talent: History, Cities and the Growing Importance of Talent"
fxrsgieg,b7s44xun,0.02660021,COVID-19: Was Rheumapatienten jetzt wissen sollten,Lived experiences of frontline nurses and physicians infected by COVID-19 during their activities: A phenomenological study
s9qlcamb,5q82b9rw,0.026610164,Finanzielle Hilfen für Vertragsärzte: Weitere KVen haben HVM-Änderungen ausgearbeitet,Three-Phase Model
lvi4n41u,riuc8vl2,0.026615152,Pflegen kann jede*r!,Do national cultures matter in the containment of COVID-19?
e1ztoqwd,d7rlj43k,0.026621297,Infectious Agents as Potential Drivers of α-Synucleinopathies.,Einladung zu einer Hybrid-Veranstaltung 2022
znhqsnfj,e69c9wyw,0.026626851,The female medical workforce.,Nutzen von Erfahrungswissen in Krisen. Zur These einer vermehrten Bezugnahme auf Geschichte in Krisenzeiten
zwmsahpe,f8hdn7ry,0.02663497,Neurological symptoms and findings in COVID-19: a prospective clinical study.,Auf alles gefasst sein
s9qlcamb,zkperxtz,0.02663614,Finanzielle Hilfen für Vertragsärzte: Weitere KVen haben HVM-Änderungen ausgearbeitet,Beyond ‘drinking occasions’: Examining complex changes in drinking practices during COVID‐19
lvi4n41u,rz1uclba,0.026641808,Pflegen kann jede*r!,"Public Support for COVID-19 Responses: Cultural Cognition, Risk Perception, and Emotions"
824iwid1,fxrsgieg,0.02664798,Road safety status during COVID-19 pandemic: exploring public and road safety expert's opinions,COVID-19: Was Rheumapatienten jetzt wissen sollten
lvi4n41u,ww3bie1d,0.026650185,Pflegen kann jede*r!,Healthcare enterprises and public policies on COVID‐19: Insights from the Greek rural areas
q4cynx35,atva6mfp,0.026650554,[Impact of COVID-19 on children and their families],COVID-19-Forschungsdaten leichter zugänglich machen – Aufbau einer bundesweiten Informationsinfrastruktur
05y57i8u,fxrsgieg,0.026651325,Current Perspectives of Anticoagulation in Patients with COVID-19.,COVID-19: Was Rheumapatienten jetzt wissen sollten
om8ztm54,fxrsgieg,0.026651355,Public health significance of neuroticism.,COVID-19: Was Rheumapatienten jetzt wissen sollten
jriejvwe,lvi4n41u,0.026653295,Online and Blended Learning Courses for Healthcare Professionals and Policymakers on Patients’ Perspectives on Medicine: A Project Report,Pflegen kann jede*r!
tt9u4gvo,s9qlcamb,0.02665505,End-of-Life Care During the COVID-19 Pandemic: Opportunities and Challenges,Finanzielle Hilfen für Vertragsärzte: Weitere KVen haben HVM-Änderungen ausgearbeitet
4wcf4z93,5yt68oiq,0.026657093,Acknowledgement to Referees: Acknowledgement to Referees,Therapie und Prophylaxe von Infektionen bei Neutropeniee
lvi4n41u,bh90gks5,0.02665812,Pflegen kann jede*r!,A Study on Some Aspects of Distance Learning for Physiotherapy Students during a Pandemic
lvi4n41u,vf9hqzuo,0.026658162,Pflegen kann jede*r!,A nationwide cohort study with propensity score matching
u1jklmmq,lvi4n41u,0.026659034,Tourism Development through Communities' Support: Rural Communities' Perspective,Pflegen kann jede*r!
dakuwflh,fxrsgieg,0.026669947,A comprehensive appraisal of laboratory biochemistry tests as major predictors of COVID-19 severity.,COVID-19: Was Rheumapatienten jetzt wissen sollten
lvi4n41u,kszk0yrt,0.02667145,Pflegen kann jede*r!,Targeted Prevention and Control of Key Links in Airports to Mitigate Public Health Risks
lvi4n41u,m8ca5tzw,0.0266722,Pflegen kann jede*r!,Identifying role of public health and primary care as disparate entities in current health system
6k5ozfnf,s9qlcamb,0.026688302,Validation of a risk score to predict patients at risk of critical illness with COVID-19,Finanzielle Hilfen für Vertragsärzte: Weitere KVen haben HVM-Änderungen ausgearbeitet
lvi4n41u,nxaai5xz,0.0266976,Pflegen kann jede*r!,Breastfeeding Experiences of Autistic Women.
6hc2fc6o,lvi4n41u,0.02670046,Women in academic leadership: A chance to shape the future.,Pflegen kann jede*r!
z9ga2p6i,atva6mfp,0.026700549,Concerns and Care for Health Care Colleagues during the COVID-19 Pandemic.,COVID-19-Forschungsdaten leichter zugänglich machen – Aufbau einer bundesweiten Informationsinfrastruktur
3jr8chw2,fxrsgieg,0.026703458,Public Health Workforce Burnout in the COVID-19 Response in the U.S,COVID-19: Was Rheumapatienten jetzt wissen sollten
lvi4n41u,4zxp3uae,0.026710046,Pflegen kann jede*r!,Chapter 12. Antiviral Agents
lvi4n41u,wwkqziz1,0.026712745,Pflegen kann jede*r!,Assessing the Relationship between Infection Citations and COVID-19 Infections in Nursing Homes
3q8uv1oj,atva6mfp,0.026713502,Carbapenemase-producing Enterobacterales infections in COVID-19 patients,COVID-19-Forschungsdaten leichter zugänglich machen – Aufbau einer bundesweiten Informationsinfrastruktur
dcj919r8,e69c9wyw,0.026718125,Enteroviruses and coronaviruses: similarities and therapeutic targets,Nutzen von Erfahrungswissen in Krisen. Zur These einer vermehrten Bezugnahme auf Geschichte in Krisenzeiten
86nbgd4b,fxrsgieg,0.026726894,Critical Care Nurses' Experiences of Caring for Patients With COVID-19 : Results of a Thematic Analysis,COVID-19: Was Rheumapatienten jetzt wissen sollten
kris6sz6,e69c9wyw,0.026732517,Factors associated with the perception of fear of COVID-19 in university students.,Nutzen von Erfahrungswissen in Krisen. Zur These einer vermehrten Bezugnahme auf Geschichte in Krisenzeiten
hpjgj0hg,fxrsgieg,0.026734443,From conference centre to hospital,COVID-19: Was Rheumapatienten jetzt wissen sollten
ohpvq2qb,s9qlcamb,0.026737861,"Challenges faced by patients, relatives and clinicians in end-stage dementia decision-making: a qualitative study of swallowing problems.",Finanzielle Hilfen für Vertragsärzte: Weitere KVen haben HVM-Änderungen ausgearbeitet
3r0cnx2z,saev0rcw,0.026744736,4 Setting up the fieldwork,Prawa człowieka dzieci niepełnosprawnych w sytuacjach kryzysowych: wyzwanie COVID‐19
nglszf1r,fxrsgieg,0.02675469,Revitalizing the U.S. Primary Care Infrastructure,COVID-19: Was Rheumapatienten jetzt wissen sollten
z2ulnfop,vzqof0nj,0.026755953,Fakten auf einen Blick,Risk factors for adverse outcomes of Indigenous infants hospitalized with bronchiolitis
alm3p31f,fxrsgieg,0.02676012,Immunobiological aspects of vaccines in pregnancy: Maternal perspective,COVID-19: Was Rheumapatienten jetzt wissen sollten
vur1c2nf,vkzj6orn,0.026766831,Communicating With Patients and Families During COVID-19,[tribulaciones De La Investigación En Tiempos De Covid-19]
9bnnxzkm,s9qlcamb,0.026769023,"The interplay of policy, institutions, and culture in the time of COVID-19",Finanzielle Hilfen für Vertragsärzte: Weitere KVen haben HVM-Änderungen ausgearbeitet
p81l6zvz,693r9rey,0.02677975,Systemische Immunsuppression in Zeiten von COVID‐19: Müssen wir umdenken?,Medical emergencies on commercial airline flights.
pqy4fvcf,8p7vktc7,0.026783833,Intersecting marginalities: International students’ struggles for ‘survival’ in COVID-19,Keine Wirtschaftlichkeitsprüfungen für 2019: In Rheinland-Pfalz wurde das Ausgabenvolumen eingehalten
lvi4n41u,30i2huvg,0.02678524,Pflegen kann jede*r!,The role of public loans in financing business R&D through the economic cycle
6f2s40pn,fxrsgieg,0.026801644,PathOGiST: A Novel Method for Clustering Pathogen Isolates by Combining Multiple Genotyping Signals,COVID-19: Was Rheumapatienten jetzt wissen sollten
lvi4n41u,ked6ukho,0.026803015,Pflegen kann jede*r!,"Warning no entry, debt restructuring in progress"
5tgs3wf4,fxrsgieg,0.026806572,The Impact of a Community Tour on Incoming Residents During Orientation at an Inner-City Hospital,COVID-19: Was Rheumapatienten jetzt wissen sollten
daich1w7,fxrsgieg,0.026813196,152: Weekly patient-family-staff-volunteer during COVID-19,COVID-19: Was Rheumapatienten jetzt wissen sollten
nmx91h0a,4wcf4z93,0.02681699,Epidemiologie und Kontrollmaßnahmen bei COVID-19,Acknowledgement to Referees: Acknowledgement to Referees
fxrsgieg,g8tcc4ds,0.026818989,COVID-19: Was Rheumapatienten jetzt wissen sollten,Diversity of clinical appearance of cutaneous manifestations in the course of COVID‐19
fxrsgieg,1ltahkr6,0.026823914,COVID-19: Was Rheumapatienten jetzt wissen sollten,The development of an educational software for aircraft flight mechanics calculations
lvi4n41u,eae21ina,0.02682666,Pflegen kann jede*r!,Factors impacting university students' online learning experiences during the COVID‐19 epidemic
fxrsgieg,mussx7k7,0.026829787,COVID-19: Was Rheumapatienten jetzt wissen sollten,Elderly nursing homes residents—are they a priority in national COVID-19 strategies?
p81l6zvz,kytxuewo,0.026830267,Systemische Immunsuppression in Zeiten von COVID‐19: Müssen wir umdenken?,Recognition of Academic Emotions in Online Classes
ulv8c2pg,atva6mfp,0.026831448,Management of critical care in covid-19 patients,COVID-19-Forschungsdaten leichter zugänglich machen – Aufbau einer bundesweiten Informationsinfrastruktur
fzef4o8j,fxrsgieg,0.026834285,Exosomes as Sentinels against Bacterial Pathogens,COVID-19: Was Rheumapatienten jetzt wissen sollten
uzs39gx1,e69c9wyw,0.026837312,Care for caregivers- a mission for primary care,Nutzen von Erfahrungswissen in Krisen. Zur These einer vermehrten Bezugnahme auf Geschichte in Krisenzeiten
6t2y2lns,fxrsgieg,0.026849814,Atmospheric aging processes of bioaerosols under laboratory-controlled conditions: A review,COVID-19: Was Rheumapatienten jetzt wissen sollten
lvi4n41u,pyvh881v,0.026850328,Pflegen kann jede*r!,Risks and rewards of conscientiousness during the COVID-19 pandemic
z2ulnfop,zmjzvihk,0.026858367,Fakten auf einen Blick,Masked Faces with Faced Masks
fxrsgieg,31mjhjnz,0.026859323,COVID-19: Was Rheumapatienten jetzt wissen sollten,"Women in specialty training: Challenges, decisions, or opportunities?"
e2jaq0ix,lvi4n41u,0.026865698,COVID-19; current situation and recommended interventions,Pflegen kann jede*r!
lvi4n41u,l7urig1t,0.026865698,Pflegen kann jede*r!,COVID‐19; current situation and recommended interventions
h461appx,fxrsgieg,0.026867505,Public health department training of emergency medical technicians for bioterrorism and public health emergencies: results of a national assessment.,COVID-19: Was Rheumapatienten jetzt wissen sollten
atva6mfp,zrgjlbla,0.026876183,COVID-19-Forschungsdaten leichter zugänglich machen – Aufbau einer bundesweiten Informationsinfrastruktur,Inclusion of children and pregnant women in COVID-19 intervention trials.
821dzl7j,s9qlcamb,0.026879162,Evaluation Findings and Policy Suggestions,Finanzielle Hilfen für Vertragsärzte: Weitere KVen haben HVM-Änderungen ausgearbeitet
aivriq35,fxrsgieg,0.026882505,The psychiatric consequences of COVID-19: 8 Studies,COVID-19: Was Rheumapatienten jetzt wissen sollten
lvi4n41u,etevdafy,0.026891466,Pflegen kann jede*r!,Students with no School: An Interview with a Group of High School Students during the COVID-19 Lockdown.
fxrsgieg,wca81nyz,0.026892852,COVID-19: Was Rheumapatienten jetzt wissen sollten,Shielding from covid-19 should be stratified by risk.
lvi4n41u,jwm0ozaq,0.02689539,Pflegen kann jede*r!,University teachers' well-being during a pandemic: the experiences of five academics
icekbdjb,fxrsgieg,0.026902866,"COVID-19, zoonoses, and physical geography",COVID-19: Was Rheumapatienten jetzt wissen sollten
hzy3cti8,fxrsgieg,0.026925223,Emotional Trajectory at Different Career Stages: Two Excellent Teachers’ Stories,COVID-19: Was Rheumapatienten jetzt wissen sollten
vur1c2nf,yhbeewzo,0.026927153,Communicating With Patients and Families During COVID-19,La RCESMT: une revue élargie
fxrsgieg,52ovlrse,0.026928753,COVID-19: Was Rheumapatienten jetzt wissen sollten,COVID-19 inpatient cohorting team: Successes and lessons learned.
lvi4n41u,qucfra5r,0.026929045,Pflegen kann jede*r!,A Perspective Review of Security Challenges in Body Area Networks for Healthcare Applications
5jbyxoyb,fxrsgieg,0.026930824,Circulating Osteopontin Levels and Outcomes in Patients Hospitalized for COVID-19,COVID-19: Was Rheumapatienten jetzt wissen sollten
zi2l3d9t,s9qlcamb,0.026938267,Toward understanding the complexity of the COVID-19 crisis: a grounded theory approach,Finanzielle Hilfen für Vertragsärzte: Weitere KVen haben HVM-Änderungen ausgearbeitet
x7ng4ifv,lvi4n41u,0.026941616,Communicable Diseases: Achievements and Challenges for Public Health,Pflegen kann jede*r!
uczabbwe,79hf1x4j,0.026945382,Chapter 3 - Zoonotic infections,Sind durch COVID-19 (mehr) Patienten mit Hörverlust zu erwarten?
lvi4n41u,i85528l3,0.026946185,Pflegen kann jede*r!,Clinical course and risk factors for mortality from COVID-19 in patients with haematological malignancies.
45h2k86r,e69c9wyw,0.02695482,"Covid-19, Financial Risk and the Airline Industry",Nutzen von Erfahrungswissen in Krisen. Zur These einer vermehrten Bezugnahme auf Geschichte in Krisenzeiten
j7tctong,fxrsgieg,0.026955921,Characterization of two Achromobacter xylosoxidans isolates from patients with pertussis-like symptoms,COVID-19: Was Rheumapatienten jetzt wissen sollten
g6r9ipf0,s9qlcamb,0.026958987,"COVID – 19 impacts cities, culture and society",Finanzielle Hilfen für Vertragsärzte: Weitere KVen haben HVM-Änderungen ausgearbeitet
fxrsgieg,x6jmp8sl,0.02696121,COVID-19: Was Rheumapatienten jetzt wissen sollten,Characteristics of peripheral blood differential counts in hospitalized patients with COVID-19
gkxykba1,fxrsgieg,0.026964597,Mechanisms of socioeconomic differences in COVID-19 screening and hospitalizations,COVID-19: Was Rheumapatienten jetzt wissen sollten
1weq8ehs,fxrsgieg,0.026972653,Chemotherapy education: current practices of oncology nurses counseling patients,COVID-19: Was Rheumapatienten jetzt wissen sollten
p1xnh9o8,lvi4n41u,0.026983622,Top 20 Research Studies of 2014 for Primary Care Physicians.,Pflegen kann jede*r!
91a644hl,lvi4n41u,0.026987296,"Arts and Cultural Engagement, Reportedly Antisocial or Criminalized Behaviors, and Potential Mediators in Two Longitudinal Cohorts of Adolescents",Pflegen kann jede*r!
u3exbmy7,lvi4n41u,0.026995072,Public perceptions of the perils of misinformation in pandemic,Pflegen kann jede*r!
lt3ehklh,4wcf4z93,0.026999388,Österreichische Kardiologische Gesellschaft Jahrestagung 2021: „Alte Herzen – Neue Perspektiven“,Acknowledgement to Referees: Acknowledgement to Referees
z2ulnfop,2xk5l7n8,0.026999546,Fakten auf einen Blick,Clinical chemistry tests for patients with COVID-19 - important caveats for interpretation.
lvi4n41u,dsnbh4t1,0.027001666,Pflegen kann jede*r!,Ten Years of Marriage and Cohabitation Research in the Journal of Family and Economic Issues
rflbs31b,fxrsgieg,0.027003573,Association of County Race and Ethnicity Characteristics With Number of Insurance Carriers and Insurance Network Breadth,COVID-19: Was Rheumapatienten jetzt wissen sollten
jqmaobu8,s9qlcamb,0.027006134,"The concept of ""fatigue"" in tackling covid-19.",Finanzielle Hilfen für Vertragsärzte: Weitere KVen haben HVM-Änderungen ausgearbeitet
qvr4js43,fxrsgieg,0.02700928,My Goals Are Not Their Goals: Barriers and Facilitators to Delivery of Patient-Centered Care for Patients with Multimorbidity,COVID-19: Was Rheumapatienten jetzt wissen sollten
vyllksfx,atva6mfp,0.027015135,Psychological Distress in Patients with COVID-19 During Hospitalization.,COVID-19-Forschungsdaten leichter zugänglich machen – Aufbau einer bundesweiten Informationsinfrastruktur
fxrsgieg,p134q69v,0.027021853,COVID-19: Was Rheumapatienten jetzt wissen sollten,Positivity-preserving methods for population models
8p7vktc7,x6z49rxc,0.027022459,Keine Wirtschaftlichkeitsprüfungen für 2019: In Rheinland-Pfalz wurde das Ausgabenvolumen eingehalten,"Inflation Expectations in the U.S.: Linking Markets, Households, and Businesses"
s9qlcamb,6s3n1fgt,0.02703306,Finanzielle Hilfen für Vertragsärzte: Weitere KVen haben HVM-Änderungen ausgearbeitet,Developing the FQHC Workforce Pipeline-A Look at How One Primary Care Association is Reaching Students in their State.
h5xetfm0,fxrsgieg,0.027037982,Environmental Risk Factors for Stroke and Cardiovascular Disease,COVID-19: Was Rheumapatienten jetzt wissen sollten
lvi4n41u,qnvxstyf,0.02703955,Pflegen kann jede*r!,Faculty’s and Students’ Perceptions of Online Learning During COVID-19
s9qlcamb,76iqvcmt,0.027055474,Finanzielle Hilfen für Vertragsärzte: Weitere KVen haben HVM-Änderungen ausgearbeitet,Editing during COVID-19: one year later.
6mc4zg7g,qhwr8ew8,0.027056588,Viele Sonderregelungen gelten weiter,Immunophenotyping assessment in a COVID-19 cohort (IMPACC): A prospective longitudinal study
rpnrcmyx,s9qlcamb,0.027059712,Look back to assure a better future,Finanzielle Hilfen für Vertragsärzte: Weitere KVen haben HVM-Änderungen ausgearbeitet
lvi4n41u,o91oq0vq,0.027071072,Pflegen kann jede*r!,Acupuncture and Uncertainties in a Changing World: Advice for Practitioners.
jhzajbxc,4wcf4z93,0.027071292,Paisaje Después De La Pandemia,Acknowledgement to Referees: Acknowledgement to Referees
fxrsgieg,86rjobq8,0.02707603,COVID-19: Was Rheumapatienten jetzt wissen sollten,Stress Among the Nurses and Their Family Involved in COVID-19 Patient Management
s9qlcamb,yg3yzfnr,0.027082585,Finanzielle Hilfen für Vertragsärzte: Weitere KVen haben HVM-Änderungen ausgearbeitet,Competition Policy in Post-covid-19 World
zr4kitmd,fxrsgieg,0.027083114,Vitamin D: Current Challenges between the Laboratory and Clinical Practice,COVID-19: Was Rheumapatienten jetzt wissen sollten
s9qlcamb,zwt8ifon,0.02709458,Finanzielle Hilfen für Vertragsärzte: Weitere KVen haben HVM-Änderungen ausgearbeitet,COVID-19 From a Psychiatry Perspective: Meeting the Challenges
lvi4n41u,gckfylis,0.027101729,Pflegen kann jede*r!,College students' perceptions on sense of belonging and inclusion at the academic library during COVID-19
3qxqvmon,oai3cv0b,0.027105277,Współzależność przemysłu 4.0 z gospodarką o obiegu zamkniętym: w poszukiwaniu wspólnego obszaru definicyjnego,Noncompetes in a Downsizing World
pck5q4g0,s9qlcamb,0.027105574,A Whole Other Story: Interpreting Narrative Medicine,Finanzielle Hilfen für Vertragsärzte: Weitere KVen haben HVM-Änderungen ausgearbeitet
z2ulnfop,ort6kbpd,0.027116317,Fakten auf einen Blick,Nursing Outcomes and Nurses' Wellbeing
suetjtie,fxrsgieg,0.02713371,"Comparative study of Clinical, Laboratory, and Imaging Features of COVID-19",COVID-19: Was Rheumapatienten jetzt wissen sollten
fxrsgieg,psgotb49,0.027164541,COVID-19: Was Rheumapatienten jetzt wissen sollten,Implementation of a COVID-19 cohort area resulted in no surface or air contamination in surrounding areas in one academic emergency department
lvi4n41u,yqri5mzx,0.027175708,Pflegen kann jede*r!,Parents' beliefs about and associations to their elementary children's home technology usage
lvi4n41u,0d85i54c,0.027185217,Pflegen kann jede*r!,Managing conflicts of interest in the development of health guidelines
nvmbbsdt,fxrsgieg,0.027186593,Teleworkers’ flourishing during COVID-19 lockdown: The work-family relationship,COVID-19: Was Rheumapatienten jetzt wissen sollten
z2ulnfop,daj14mp9,0.027190262,Fakten auf einen Blick,Safety Events in Children's Hospitals During the COVID-19 Pandemic.
lvi4n41u,5m88q98i,0.02720438,Pflegen kann jede*r!,Pilot Study on the Current Management of Children with COVID-19 In Hospitals in Bangladesh;Findings and Implications
lvi4n41u,szbcegrg,0.02720904,Pflegen kann jede*r!,Nurses' perspectives of violence in emergency departments: A metasynthesis
z2ulnfop,f21t5d4u,0.027221052,Fakten auf einen Blick,"Challenges, priorities and tasks for the generalists at the time of COVID-19 pandemic"
fe82q2o1,zxralurd,0.02722218,Pflegedienstleiter in einer besonderen Zeit,Mobilizing Hospitals to Mobilize Patients
lvi4n41u,er3d5y91,0.027228212,Pflegen kann jede*r!,"A retrospective cohort study of nutritional risk, nutritional supplementation and outcomes in covid-19"
6h2blgqj,e69c9wyw,0.02724148,"Christianity, Family, Students, and COVID-19",Nutzen von Erfahrungswissen in Krisen. Zur These einer vermehrten Bezugnahme auf Geschichte in Krisenzeiten
y3vwrd7a,e69c9wyw,0.027245544,Family Caregivers’ Experiences and Changes in Caregiving Tasks During the COVID-19 Pandemic,Nutzen von Erfahrungswissen in Krisen. Zur These einer vermehrten Bezugnahme auf Geschichte in Krisenzeiten
fxrsgieg,arxrce2z,0.02725571,COVID-19: Was Rheumapatienten jetzt wissen sollten,S-layers: principles and applications
z2ulnfop,4t5xbj90,0.02726602,Fakten auf einen Blick,Internalization assays for Listeria monocytogenes.
1gbfvuod,e69c9wyw,0.027269457,COVID-19 and Conflict: Major Risks and Policy Responses,Nutzen von Erfahrungswissen in Krisen. Zur These einer vermehrten Bezugnahme auf Geschichte in Krisenzeiten
1xyeyygv,lvi4n41u,0.027274901,Patients' moral attitudes toward electronic health records: Survey study with vignettes and statements.,Pflegen kann jede*r!
bltgiaoh,fxrsgieg,0.027277552,"Clinical, electrophysiological and genetic characteristics of childhood hereditary polyneuropathies",COVID-19: Was Rheumapatienten jetzt wissen sollten
9mtxmbnn,4wcf4z93,0.027280465,Bericht vom ESHRE-Jahreskongress 2020 – virtuelles Treffen,Acknowledgement to Referees: Acknowledgement to Referees
55dh1elb,fxrsgieg,0.027280847,Health measures to travellers and cruise ships in response to COVID-19,COVID-19: Was Rheumapatienten jetzt wissen sollten
n82tsuep,s9qlcamb,0.027280856,"COVID-19: the biggest life-saver of all time, but how big?",Finanzielle Hilfen für Vertragsärzte: Weitere KVen haben HVM-Änderungen ausgearbeitet
kkgv6xp4,fxrsgieg,0.027283067,Local guidelines for drug treatment of patients with covid-19,COVID-19: Was Rheumapatienten jetzt wissen sollten
awlbyl7t,79hf1x4j,0.02729233,P5‐23: Neurological complications of patients with COVID‐19,Sind durch COVID-19 (mehr) Patienten mit Hörverlust zu erwarten?
lvi4n41u,gbqckz9h,0.027298829,Pflegen kann jede*r!,Health Care Workers’ Attitudes Toward Patients With COVID-19
1crd8l0g,lvi4n41u,0.027300844,"COVID-19 and Hemoglobinopathies: A Systematic Review of Clinical Presentations, Investigations, and Outcomes",Pflegen kann jede*r!
fchei5zw,fxrsgieg,0.027306143,Living Barriers and the Emotional Labor of Accessing Care from the Margins,COVID-19: Was Rheumapatienten jetzt wissen sollten
t0bd41mh,s9qlcamb,0.027311085,Creating Our Future Work Environment,Finanzielle Hilfen für Vertragsärzte: Weitere KVen haben HVM-Änderungen ausgearbeitet
lvi4n41u,e6pxogg9,0.027314618,Pflegen kann jede*r!,Monitoring Remote Employees at FinPro
udkdzqsk,lvi4n41u,0.027320858,Protecting providers and patients: results of an Internet survey of health care workers’ risk perceptions and ethical concerns during the COVID-19 pandemic,Pflegen kann jede*r!
wiznrrhc,s9qlcamb,0.027326494,Information Quality Case Studies,Finanzielle Hilfen für Vertragsärzte: Weitere KVen haben HVM-Änderungen ausgearbeitet
lvi4n41u,939lpnh8,0.027336625,Pflegen kann jede*r!,Building online degrees quickly: Academic experiences and institutional benefits
lvi4n41u,gbfuhhye,0.027343845,Pflegen kann jede*r!,Students' and teachers' attitude towards online classes during Covid- 19 pandemic: A study on three Bangladeshi government colleges
vige30an,e69c9wyw,0.027358467,"School Principals’ Stress Profiles During COVID-19, Demands, and Resources",Nutzen von Erfahrungswissen in Krisen. Zur These einer vermehrten Bezugnahme auf Geschichte in Krisenzeiten
lvi4n41u,jx2zt6ma,0.027364796,Pflegen kann jede*r!,COVID-19 spotlights medical diagnostics
z2ulnfop,rz4n3tcf,0.027366512,Fakten auf einen Blick,Cardiological manifestations in patients with COVID-19
37nrtmni,fxrsgieg,0.027376458,Infectious Disease and Boxing,COVID-19: Was Rheumapatienten jetzt wissen sollten
fiskunb4,79hf1x4j,0.027378084,The COVID-19 Pandemic: Challenges for the Neurosurgeons and Neurologists.,Sind durch COVID-19 (mehr) Patienten mit Hörverlust zu erwarten?
oyhzyabz,fxrsgieg,0.027382346,Firms that prosper in all weathers: surviving recessions and plagues,COVID-19: Was Rheumapatienten jetzt wissen sollten
9lz1ypc2,lvi4n41u,0.027388746,Connecting Landscapes for Conservation in a Changing World,Pflegen kann jede*r!
vur1c2nf,jqe8ppta,0.027390694,Communicating With Patients and Families During COVID-19,"La pandemia de 1918 en Salamanca, una lección olvidada"
3efawbge,lvi4n41u,0.027392352,Assessing Technologies for COVID-19: What are the Challenges for Health Technology Assessment Agencies? Findings From a Survey and Roundtable Workshop,Pflegen kann jede*r!
lvi4n41u,jfd5yqh9,0.027401915,Pflegen kann jede*r!,A Survey of Challenges and Response Strategies of Manufacturing Companies during the Covid-19 Pandemic
lvi4n41u,fynzmq2l,0.027410723,Pflegen kann jede*r!,Abatement figures confirmed
hcgmz7hj,fxrsgieg,0.027415046,Inpatient Diabetes Management During the COVID-19 Crisis: Experiences From Two Community Hospitals.,COVID-19: Was Rheumapatienten jetzt wissen sollten
fxrsgieg,p8exaro9,0.027415046,COVID-19: Was Rheumapatienten jetzt wissen sollten,Inpatient Diabetes Management During the COVID-19 Crisis: Experiences From Two Community Hospitals
0kgsxx85,s9qlcamb,0.027416758,The Hazards of Period Specific and Weighted Hazard Ratios,Finanzielle Hilfen für Vertragsärzte: Weitere KVen haben HVM-Änderungen ausgearbeitet
lvi4n41u,9s3aklh6,0.027420046,Pflegen kann jede*r!,Quarantine: Psychological aspects
vur1c2nf,339lt4w1,0.027428614,Communicating With Patients and Families During COVID-19,La otorrinolaringología y el riesgo de contraer el nuevo coronavirus humano COVID-19
73k939q5,avobcnzk,0.02743306,Developmental Manifestations of Grief in Children and Adolescents: Caregivers as Key Grief Facilitators,Neue Impfempfehlungen - auch zu COVID-19
llb2zs9e,79hf1x4j,0.02744806,The threat of zoonotic coronaviruses,Sind durch COVID-19 (mehr) Patienten mit Hörverlust zu erwarten?
barfrd0v,fxrsgieg,0.027455987,Covid 19: a fork in the road for general practice,COVID-19: Was Rheumapatienten jetzt wissen sollten
cn83xmrs,4wcf4z93,0.027459929,Was fliegt denn da?,Acknowledgement to Referees: Acknowledgement to Referees
s9qlcamb,8wtyqkgn,0.027467353,Finanzielle Hilfen für Vertragsärzte: Weitere KVen haben HVM-Änderungen ausgearbeitet,Editors' Selections from Relevant Scientific Publications
lcs8io8c,e69c9wyw,0.027472526,Hurdles and Opportunities for Women Career in Startups,Nutzen von Erfahrungswissen in Krisen. Zur These einer vermehrten Bezugnahme auf Geschichte in Krisenzeiten
eartzb9c,s9qlcamb,0.027474666,Identifying Associations between Quality Initiatives and Quality Measures among Home Health Agencies: Findings from a National Study.,Finanzielle Hilfen für Vertragsärzte: Weitere KVen haben HVM-Änderungen ausgearbeitet
lvi4n41u,uu7l4njz,0.027475836,Pflegen kann jede*r!,Health Education and Vaccination for the Construction of Inclusive Societies
fxrsgieg,osap6cxa,0.027478958,COVID-19: Was Rheumapatienten jetzt wissen sollten,Public Health Law after Covid-19
o4l3kmes,s9qlcamb,0.027484206,Public Health Across the Political Spectrum for All,Finanzielle Hilfen für Vertragsärzte: Weitere KVen haben HVM-Änderungen ausgearbeitet
7pqwmz1w,lvi4n41u,0.027487287,The Future of Health Policy in a Partisan United States: Insights From Public Opinion Polls.,Pflegen kann jede*r!
prrdkxhr,fxrsgieg,0.02748808,Covid-19 older hospitalized patients: Three clinical-psychological patterns,COVID-19: Was Rheumapatienten jetzt wissen sollten
onpffgbm,lvi4n41u,0.02748836,OzNomads: a case study examining the challenges of COVID-19 for a community of lifestyle travellers,Pflegen kann jede*r!
lvi4n41u,yn3rkiir,0.027490556,Pflegen kann jede*r!,Living with Stargardt disease: insights from patients and their parents.
fo26lcig,s9qlcamb,0.027493248,Coping with and challenging the impacts of COVID-19,Finanzielle Hilfen für Vertragsärzte: Weitere KVen haben HVM-Änderungen ausgearbeitet
fnz77n20,fxrsgieg,0.027507102,Performance of vaccination with CoronaVac in a cohort of healthcare workers (HCW) - preliminary report,COVID-19: Was Rheumapatienten jetzt wissen sollten
s9qlcamb,uuh0hzre,0.027517764,Finanzielle Hilfen für Vertragsärzte: Weitere KVen haben HVM-Änderungen ausgearbeitet,Has COVID-19 had an impact on prices? The case of the cruise industry
pqy4fvcf,atva6mfp,0.027523724,Intersecting marginalities: International students’ struggles for ‘survival’ in COVID-19,COVID-19-Forschungsdaten leichter zugänglich machen – Aufbau einer bundesweiten Informationsinfrastruktur
fxrsgieg,7zuekk7p,0.027538938,COVID-19: Was Rheumapatienten jetzt wissen sollten,Reflections on the Decline of Academia: Large Problems and Small Minds
s9qlcamb,06xomsj0,0.027545623,Finanzielle Hilfen für Vertragsärzte: Weitere KVen haben HVM-Änderungen ausgearbeitet,Educating future doctors for uncertainty and complexity
umju2xeh,fxrsgieg,0.02758214,Characteristic of Clinical Studies on Baduanjin during 2000–2019: A Comprehensive Review,COVID-19: Was Rheumapatienten jetzt wissen sollten
fxrsgieg,0mgqnwrj,0.027584692,COVID-19: Was Rheumapatienten jetzt wissen sollten,Exploring the perceived benefits of ethics education for laboratory professionals
s9qlcamb,oc5zqt5o,0.027619116,Finanzielle Hilfen für Vertragsärzte: Weitere KVen haben HVM-Änderungen ausgearbeitet,COVID-19's extraordinary impact on couples and families
19zn9qg6,lvi4n41u,0.02762595,Predictors of COVID-19 Infection: A Prevalence Study of Hospitalized Patients,Pflegen kann jede*r!
yet7dqoy,fxrsgieg,0.027630182,Exploring Employability of Business Graduates: Evidence from Woldia University,COVID-19: Was Rheumapatienten jetzt wissen sollten
azuat1cd,e69c9wyw,0.02763809,Individual differences in memory and attention processes in prospective remembering,Nutzen von Erfahrungswissen in Krisen. Zur These einer vermehrten Bezugnahme auf Geschichte in Krisenzeiten
fxrsgieg,ont6ro0p,0.027649995,COVID-19: Was Rheumapatienten jetzt wissen sollten,Anesthesiologist and COVID-19 - Current perspective
7ngm56pq,s9qlcamb,0.027656129,Promoting Critical and Design Thinking Activities to Tackle Sustainable Development Goals in Higher Education,Finanzielle Hilfen für Vertragsärzte: Weitere KVen haben HVM-Änderungen ausgearbeitet
zbajalq2,f8hdn7ry,0.027657446,Neurological manifestations as prognostic factors in COVID-19: a retrospective cohort study,Auf alles gefasst sein
rw4yt0jb,fxrsgieg,0.027668124,Art Galleries in Transformation: Is COVID-19 Driving Digitisation?,COVID-19: Was Rheumapatienten jetzt wissen sollten
lvi4n41u,k5rj6beh,0.027670342,Pflegen kann jede*r!,Neurologic and neuroimaging findings in COVID-19 patients: A retrospective multicenter study
dfqet2sw,s9qlcamb,0.027671482,Correction to: Responding to COVID-19: What’s the Problem?,Finanzielle Hilfen für Vertragsärzte: Weitere KVen haben HVM-Änderungen ausgearbeitet
s9qlcamb,ceuge5vg,0.027671482,Finanzielle Hilfen für Vertragsärzte: Weitere KVen haben HVM-Änderungen ausgearbeitet,Correction to: Responding to COVID-19: What's the Problem?
k51hi388,lvi4n41u,0.027681362,"[COVID-19 in nursing homes A study of diagnosis, symptomatology and disease course]",Pflegen kann jede*r!
fxrsgieg,78uta48w,0.027686696,COVID-19: Was Rheumapatienten jetzt wissen sollten,Retrospective Survey of Treatment and Outcomes of COVID-19 in the community
8s6v1c9z,pez6to2e,0.027691746,Representative Committees of Peers,Infektionsschutz: Wenn gegen Regeln verstoßen wird
vhace1ws,s9qlcamb,0.027708275,Addressing and Eliminating Health Disparities.,Finanzielle Hilfen für Vertragsärzte: Weitere KVen haben HVM-Änderungen ausgearbeitet
tvw6d4gp,fxrsgieg,0.027709518,Social distancing remains key during vaccinations.,COVID-19: Was Rheumapatienten jetzt wissen sollten
c20nx2w4,fxrsgieg,0.02773461,Factors affecting COVID‐19 vaccine hesitancy in parents of children with cancer,COVID-19: Was Rheumapatienten jetzt wissen sollten
174sjrz4,4wcf4z93,0.027743382,Laringología en tiempos de COVID-19,Acknowledgement to Referees: Acknowledgement to Referees
90ghx56c,4wcf4z93,0.027743382,Infodemia en tiempos de COVID-19,Acknowledgement to Referees: Acknowledgement to Referees
e0ygl5si,fxrsgieg,0.02774892,Biopsychosocial Aspects of Functional Gastrointestinal Disorders.,COVID-19: Was Rheumapatienten jetzt wissen sollten
lvi4n41u,fkcnuqif,0.027752278,Pflegen kann jede*r!,"Educational Concerns, Health Concerns and Mental Health During Early COVID-19 School Closures: The Role of Perceived Support by Teachers, Family, and Friends"
covc29r0,4wcf4z93,0.027752947,Hochgenaue Szenarien- und Referenzdaten für das automatisierte Fahren,Acknowledgement to Referees: Acknowledgement to Referees
lvi4n41u,wwh36b3o,0.027755028,Pflegen kann jede*r!,The analysis of psychological aspects of online education: Depression and happiness and their relationship with college students’ academic achievement
uy9qike4,lvi4n41u,0.027756644,Important Considerations for COVID-19 Vaccination of Children With Developmental Disabilities.,Pflegen kann jede*r!
3ipn9lxs,s9qlcamb,0.027760334,How much COVID-19 face protections influence speech intelligibility in classrooms?,Finanzielle Hilfen für Vertragsärzte: Weitere KVen haben HVM-Änderungen ausgearbeitet
fxrsgieg,5yhvk28s,0.02778057,COVID-19: Was Rheumapatienten jetzt wissen sollten,"Ensuring communication access for all during the COVID-19 pandemic and beyond: supporting patients, providers, and caregivers in hospitals."
fdsxl9hi,fxrsgieg,0.0277864,Barriers to the digital transformation of infrastructure sectors,COVID-19: Was Rheumapatienten jetzt wissen sollten
lvi4n41u,qi1w5lu1,0.027788943,Pflegen kann jede*r!,"COVID-19 Pandemic Practices, Payment Models, and Publication Successes: Family Medicine Studies a Variety of Primary Care Questions"
mwahdi64,zqoy3jfm,0.027791679,Wichtig für Senioren: Impfschutz gegen Pneumokokken,International and national notes research notes
9bnnxzkm,fxrsgieg,0.027795935,"The interplay of policy, institutions, and culture in the time of COVID-19",COVID-19: Was Rheumapatienten jetzt wissen sollten
2uwvbgzx,e69c9wyw,0.02779625,Phylogeny matters: revisiting ‘a comparison of bats and rodents as reservoirs of zoonotic viruses’,Nutzen von Erfahrungswissen in Krisen. Zur These einer vermehrten Bezugnahme auf Geschichte in Krisenzeiten
s9qlcamb,okx20rp3,0.027802188,Finanzielle Hilfen für Vertragsärzte: Weitere KVen haben HVM-Änderungen ausgearbeitet,Scientists fear that 'covidization' is distorting research
ks47cwh3,s9qlcamb,0.027806966,A Face-to-Face Surgical Instrumentation Course During the COVID-19 Pandemic,Finanzielle Hilfen für Vertragsärzte: Weitere KVen haben HVM-Änderungen ausgearbeitet
89d741u3,fxrsgieg,0.027815865,Women Physicians and the COVID-19 Pandemic,COVID-19: Was Rheumapatienten jetzt wissen sollten
39hm5se3,fxrsgieg,0.027821142,Clinical Management of Patients Infected with Highly Pathogenic Microorganisms,COVID-19: Was Rheumapatienten jetzt wissen sollten
1rmlzfkp,s9qlcamb,0.027822047,Landscape ecology reaching out,Finanzielle Hilfen für Vertragsärzte: Weitere KVen haben HVM-Änderungen ausgearbeitet
lvi4n41u,9cd18cln,0.027823692,Pflegen kann jede*r!,The Management of Safety Situations and Assumable Risk during Transitions and Recesses in Different Types of Schools
9v35n7k6,lvi4n41u,0.027827805,"Some Potential ""Pitfalls"" in the Construction of Educational Systematic Reviews.",Pflegen kann jede*r!
k9k9030a,z2ulnfop,0.027832896,[Immunoendocrinology - issues and challenges of today],Fakten auf einen Blick
lvi4n41u,e8vbopr6,0.027835034,Pflegen kann jede*r!,The significance of radiological and laboratory findings in the diagnosis of new covid-19 disease radiological and laboratory findings in COVID-19
jih1skxx,fxrsgieg,0.027844341,Face masks for the public during the covid-19 crisis,COVID-19: Was Rheumapatienten jetzt wissen sollten
lvi4n41u,j57rdi8v,0.027852222,Pflegen kann jede*r!,Reimagining internships through online experiences: Multidisciplinary engagement for creative industries students
kkg1skbg,fxrsgieg,0.02786082,Examining the Relationship Between COVID-19 Prevalence and Depression Care at Community Health Centers: Assessing 2020 Data,COVID-19: Was Rheumapatienten jetzt wissen sollten
9hqmvrwr,fxrsgieg,0.027872622,Asthma care during COVID-19: Differences in attitudes and expectations between physicians and patients.,COVID-19: Was Rheumapatienten jetzt wissen sollten
4t6okl6o,fxrsgieg,0.027873429,Lifting the Barriers Excluding People Living with Disabilities from the Benefits of Inclusion in Research Studies,COVID-19: Was Rheumapatienten jetzt wissen sollten
2fpxvs0t,fxrsgieg,0.02788023,Food safety and sanitation challenges of public university students in a developing country,COVID-19: Was Rheumapatienten jetzt wissen sollten
fl06pd3t,s9qlcamb,0.027888028,COVID-19 in children: current evidence and key questions.,Finanzielle Hilfen für Vertragsärzte: Weitere KVen haben HVM-Änderungen ausgearbeitet
3mgipgcn,fxrsgieg,0.02788821,Celebrating diversity and adaptability in academic primary care.,COVID-19: Was Rheumapatienten jetzt wissen sollten
s9dbs6on,lvi4n41u,0.027900288,"Causes, consequences and control of student protests",Pflegen kann jede*r!
fu6ruwf0,79hf1x4j,0.027909758,Focus on fitness . . . and other stories,Sind durch COVID-19 (mehr) Patienten mit Hörverlust zu erwarten?
t1uikg0o,79hf1x4j,0.027912082,Coinfection with other respiratory pathogens in COVID-19 patients,Sind durch COVID-19 (mehr) Patienten mit Hörverlust zu erwarten?
gecqyd7p,fxrsgieg,0.027921343,From Hospital to Home: An Intensive Transitional Care Management Intervention for Patients with COVID-19.,COVID-19: Was Rheumapatienten jetzt wissen sollten
jl591g45,lvi4n41u,0.027926965,Post-COVID-19 Public-Private Public Health Partnerships: A Student's Perspective,Pflegen kann jede*r!
8pvxrg4y,e69c9wyw,0.027943738,E-learning challenges faced by learners in education institutions,Nutzen von Erfahrungswissen in Krisen. Zur These einer vermehrten Bezugnahme auf Geschichte in Krisenzeiten
mherdb4v,xz2qa948,0.027945807,Lessons for and from COVID‐19 for investors and their advisors,"""Erst gegen Covid, dann gegen Zoster impfen"""
86esyb9q,vur1c2nf,0.027951324,Erfolge feiern - Zukunft gestalten,Communicating With Patients and Families During COVID-19
nkh0zwgj,atva6mfp,0.02795478,Risks of COVID-19 infection and mortality for patients on biologics,COVID-19-Forschungsdaten leichter zugänglich machen – Aufbau einer bundesweiten Informationsinfrastruktur
b9mzkroh,lvi4n41u,0.027958546,The Effect of Health and Economic Costs on Governments’ Policy Responses to COVID‐19 Crisis under Incomplete Information,Pflegen kann jede*r!
64yd62ml,lvi4n41u,0.027958546,The Effect of Health and Economic Costs on Governments' Policy Responses to COVID-19 Crisis under Incomplete Information,Pflegen kann jede*r!
as8dgkp9,s9qlcamb,0.027961265,IDEAS: The first quarter century,Finanzielle Hilfen für Vertragsärzte: Weitere KVen haben HVM-Änderungen ausgearbeitet
vuxjamem,fxrsgieg,0.027969442,Tracking Hospital Visitors/Chaperones during the COVID-19 Pandemic,COVID-19: Was Rheumapatienten jetzt wissen sollten
qp4efhwq,fxrsgieg,0.027979888,COVID‐19: a brief history and treatments in development,COVID-19: Was Rheumapatienten jetzt wissen sollten
nuspo9sh,lvi4n41u,0.02798312,The importance of social distancing policy.,Pflegen kann jede*r!
fxrsgieg,fgk8v591,0.027991371,COVID-19: Was Rheumapatienten jetzt wissen sollten,Clinical Symptoms of Hyperandrogenic Women Diagnosed with COVID-19.
jf57ylio,fxrsgieg,0.028008927,"COVID 19, Trade and Trade Policy",COVID-19: Was Rheumapatienten jetzt wissen sollten
fxrsgieg,tefjposj,0.028010074,COVID-19: Was Rheumapatienten jetzt wissen sollten,Validation in a Distance Learning Environment
vur1c2nf,g93y2phd,0.028026624,Communicating With Patients and Families During COVID-19,Das Projekt S-Klasse erfolgreich steuern
2zb2pfme,s9qlcamb,0.028037164,University students' perspectives toward learning and assessment during COVID-19,Finanzielle Hilfen für Vertragsärzte: Weitere KVen haben HVM-Änderungen ausgearbeitet
p81l6zvz,swwvulln,0.028040795,Systemische Immunsuppression in Zeiten von COVID‐19: Müssen wir umdenken?,Agricultural Stakeholders' Perceptions of Occupational Health and Safety in the Southeastern U.S. Coastal States
lvi4n41u,cmgxoq7y,0.02804342,Pflegen kann jede*r!,Lessons learned for COVID-19 in the cruise ship industry
oqjrhe0l,lvi4n41u,0.028048785,Addiction curriculum design for medical students,Pflegen kann jede*r!
ir7zw0kh,lvi4n41u,0.028054463,Physical rehabilitation on social media during COVID-19: topics and sentiments analysis of tweets,Pflegen kann jede*r!
lvi4n41u,526elsrf,0.02805936,Pflegen kann jede*r!,Weather Conditions and COVID-19 Transmission: Estimates and Projections
p81l6zvz,xlj31f71,0.028062977,Systemische Immunsuppression in Zeiten von COVID‐19: Müssen wir umdenken?,The Major Macroeconomic Trends
fxrsgieg,9fl3ryc9,0.028063493,COVID-19: Was Rheumapatienten jetzt wissen sollten,Adverse Events Following Immunization to Covid-19 Vaccines in A Tertiary Care Hospital - A Descriptive Study
p81l6zvz,fu6ruwf0,0.028064782,Systemische Immunsuppression in Zeiten von COVID‐19: Müssen wir umdenken?,Focus on fitness . . . and other stories
hjn7h7jn,lvi4n41u,0.028066795,A National Study of Community Health Centers' Readiness to Address COVID-19,Pflegen kann jede*r!
lvi4n41u,jqya5kwx,0.028066795,Pflegen kann jede*r!,A National Study of Community Health Centers' Readiness to Address COVID-19.
l6754c29,pez6to2e,0.028067162,Features of α‐HBDH in COVID‐19 patients: A cohort study,Infektionsschutz: Wenn gegen Regeln verstoßen wird
pez6to2e,az2pgmkj,0.028067162,Infektionsschutz: Wenn gegen Regeln verstoßen wird,Features of α-HBDH in COVID-19 patients: A cohort study
lvi4n41u,5v5dsblo,0.028071212,Pflegen kann jede*r!,Predictions of FluSurge 2.0 methodology on hospital utilization during the Covid-19 outbreaks in several countries
8kjwv157,fxrsgieg,0.028072039,Support for small businesses during a health crisis,COVID-19: Was Rheumapatienten jetzt wissen sollten
e15swxek,atva6mfp,0.028078329,Meeting the Challenges of COVID-19 at the Close of 2020,COVID-19-Forschungsdaten leichter zugänglich machen – Aufbau einer bundesweiten Informationsinfrastruktur
fxrsgieg,x7fmxe0a,0.02808679,COVID-19: Was Rheumapatienten jetzt wissen sollten,Covid-19 pandemia: Reasons and indications for reopening education services
pjhgvhw6,fxrsgieg,0.028089615,Worship and culture: endogenous and exogenous factors in a local church,COVID-19: Was Rheumapatienten jetzt wissen sollten
e69c9wyw,4guz2qg4,0.028096551,Nutzen von Erfahrungswissen in Krisen. Zur These einer vermehrten Bezugnahme auf Geschichte in Krisenzeiten,Childcare services in cities: challenges and emerging solutions for women informal workers and their children
gtipnn8b,s9qlcamb,0.028100701,A retrospective study: meteorological factors and COVID-19,Finanzielle Hilfen für Vertragsärzte: Weitere KVen haben HVM-Änderungen ausgearbeitet
2bp6iaih,79hf1x4j,0.028101891,"Pandemics, Protests and Firearms",Sind durch COVID-19 (mehr) Patienten mit Hörverlust zu erwarten?
lvi4n41u,gltlynjf,0.028113784,Pflegen kann jede*r!,1584P Prevalence and risk factors of COVID-19 in cancer patients: A prospective monocentric study
tkphfabz,fxrsgieg,0.028116101,The state of cytopathology laboratories during the COVID-19 pandemic,COVID-19: Was Rheumapatienten jetzt wissen sollten
s9qlcamb,jgzqp3wg,0.028116664,Finanzielle Hilfen für Vertragsärzte: Weitere KVen haben HVM-Änderungen ausgearbeitet,"The truth is out there, somewhere"
fxrsgieg,17byc9u8,0.028117012,COVID-19: Was Rheumapatienten jetzt wissen sollten,Family health climate: a qualitative exploration of everyday family life and health
fxrsgieg,gf8iesxq,0.02812032,COVID-19: Was Rheumapatienten jetzt wissen sollten,Admission Characteristics and Mortality Risk Among Patients Hospitalized with COVID-19
7mhp8rcl,fxrsgieg,0.028120836,Major Bleeding Complications in COVID-19 Patients,COVID-19: Was Rheumapatienten jetzt wissen sollten
hv02f4rj,lvi4n41u,0.028123053,Monetary policy shock and industrial production: industry-level evidence from the US,Pflegen kann jede*r!
v80f4t9n,e69c9wyw,0.02812723,Health Care Workers' Challenges in the Care of a COVID-19 Patient.,Nutzen von Erfahrungswissen in Krisen. Zur These einer vermehrten Bezugnahme auf Geschichte in Krisenzeiten
lvi4n41u,dn8fmxdx,0.028129669,Pflegen kann jede*r!,Official Websites Providing Information on COVID-19 Vaccination: Readability and Content Analysis
lvi4n41u,spiu0jam,0.028130522,Pflegen kann jede*r!,Faculty Perceptions of Cleanliness and Safety on a College Campus During the COVID-19 Pandemic
3du9hec1,79hf1x4j,0.028132755,Key factors in the contingency plan for COVID-19 during the Magal celebration in 2020,Sind durch COVID-19 (mehr) Patienten mit Hörverlust zu erwarten?
w9v2pgjz,atva6mfp,0.028137352,Learnings from critical care on COVID‐19,COVID-19-Forschungsdaten leichter zugänglich machen – Aufbau einer bundesweiten Informationsinfrastruktur
t08jvyv1,lvi4n41u,0.028151656,Understanding the Experiences of Remote Workers: Opportunities for Ambient Workspaces at Home,Pflegen kann jede*r!
lvi4n41u,vzy26tzm,0.028167855,Pflegen kann jede*r!,Positive direct antiglobulin tests in patients with COVID‐19
xzsyxwze,s9qlcamb,0.028182907,The problem of evaluating primary school students in the online education process,Finanzielle Hilfen für Vertragsärzte: Weitere KVen haben HVM-Änderungen ausgearbeitet
fxrsgieg,asqm0exx,0.028183013,COVID-19: Was Rheumapatienten jetzt wissen sollten,Comparison of laboratory data between children with COVID‐19 and influenza
qrcnl2yt,lvi4n41u,0.028187983,The constitutional economics of the World Health Organization,Pflegen kann jede*r!
ash0dnc9,rc0nbk07,0.02818806,Freiheit auf Zeit,Biomarkers and prognostic factors for mesothelioma.
05ajr8qy,s9qlcamb,0.028189998,Risk Perception and Risk Analysis in a Hyperpartisan and Virtuously Violent World.,Finanzielle Hilfen für Vertragsärzte: Weitere KVen haben HVM-Änderungen ausgearbeitet
lvi4n41u,xe2ibfs1,0.02819073,Pflegen kann jede*r!,P73 Cultivating Connections with Farm to School Activities During School Closures
z2ulnfop,awlbyl7t,0.028190983,Fakten auf einen Blick,P5‐23: Neurological complications of patients with COVID‐19
fxrsgieg,0dedc4tw,0.02819546,COVID-19: Was Rheumapatienten jetzt wissen sollten,Exploring nursing students' experiences as paid employees during the COVID-19 pandemic
atva6mfp,b5d032uv,0.028200554,COVID-19-Forschungsdaten leichter zugänglich machen – Aufbau einer bundesweiten Informationsinfrastruktur,Contributions and Challenges in Health Lifestyles Research.
ptkafys9,fxrsgieg,0.028208703,Characteristics and Management of Children With COVID-19 in a Tertiary Care Hospital in Turkey.,COVID-19: Was Rheumapatienten jetzt wissen sollten
5ntxoa88,fxrsgieg,0.028208703,Characteristics and Management of Children With COVID-19 in a Tertiary Care Hospital in Turkey,COVID-19: Was Rheumapatienten jetzt wissen sollten
eqnz4hty,fxrsgieg,0.02821145,"Construction of laboratory medicine suitable for large-scale public health events/ 建设一批适合于大规模紧急公共卫生事件时使用的平""战""结合的检验医学部门",COVID-19: Was Rheumapatienten jetzt wissen sollten
khmy9oa4,s9qlcamb,0.028212568,P.0267 Persistent psychopathology in covid-19 survivors at one-year follow-up,Finanzielle Hilfen für Vertragsärzte: Weitere KVen haben HVM-Änderungen ausgearbeitet
xxlwyaa1,fxrsgieg,0.0282197,The broader societal impacts of COVID-19 and the growing importance of capturing these in health economic analyses,COVID-19: Was Rheumapatienten jetzt wissen sollten
vkzj6orn,4wcf4z93,0.02823211,[tribulaciones De La Investigación En Tiempos De Covid-19],Acknowledgement to Referees: Acknowledgement to Referees
mol2ciub,fxrsgieg,0.028236626,Safety of patients isolated for infection control.,COVID-19: Was Rheumapatienten jetzt wissen sollten
vzqof0nj,e69c9wyw,0.028252296,Risk factors for adverse outcomes of Indigenous infants hospitalized with bronchiolitis,Nutzen von Erfahrungswissen in Krisen. Zur These einer vermehrten Bezugnahme auf Geschichte in Krisenzeiten
z2ulnfop,caa5x4bj,0.028257461,Fakten auf einen Blick,Obesity: A Risk Factor for COVID-19
s9qlcamb,m5tyezmh,0.0282597,Finanzielle Hilfen für Vertragsärzte: Weitere KVen haben HVM-Änderungen ausgearbeitet,Seeking inspiration at the end of a turbulent year
g2otz8sx,fxrsgieg,0.02826816,Peculiarities of the agricultural business appraisal approach in the project finance in the pandemic situation,COVID-19: Was Rheumapatienten jetzt wissen sollten
lvi4n41u,l62p4b8b,0.02827174,Pflegen kann jede*r!,Considerations for Community-Based Organizations
8i4t7mbj,s9qlcamb,0.028276015,Analysis of the Demographic Factors for the Spread of Covid-19 Pandemic in the World,Finanzielle Hilfen für Vertragsärzte: Weitere KVen haben HVM-Änderungen ausgearbeitet
lvi4n41u,r8pnf9kc,0.028279338,Pflegen kann jede*r!,Challenges of Clinical Research Administration During the COVID-19 Pandemic.
2h60dbyo,fxrsgieg,0.028285574,On the interpretation of bioaerosol exposure measurements and impacts on health.,COVID-19: Was Rheumapatienten jetzt wissen sollten
lvi4n41u,1gpx2iwf,0.02829047,Pflegen kann jede*r!,COVID-19 Disproportionately Impacts Students in High-Risk Populations
lvi4n41u,vzqof0nj,0.028300367,Pflegen kann jede*r!,Risk factors for adverse outcomes of Indigenous infants hospitalized with bronchiolitis
fe82q2o1,rw4z775m,0.028302701,Pflegedienstleiter in einer besonderen Zeit,COVID-19: Counseling With Bereaved Parents
lvi4n41u,z11pqcu5,0.028309625,Pflegen kann jede*r!,The complexities of race and health
lume62xh,e69c9wyw,0.028314283,Tallying the Ancillary Consequences of COVID-19,Nutzen von Erfahrungswissen in Krisen. Zur These einer vermehrten Bezugnahme auf Geschichte in Krisenzeiten
fxrsgieg,k4vyzlpm,0.028326096,COVID-19: Was Rheumapatienten jetzt wissen sollten,Parents’ Perceptions of Their Children’s Experiences With Distance Learning During the COVID-19 Pandemic
bsknzikh,fxrsgieg,0.028326552,"Spatiotemporal persistence of multiple, diverse clades and toxins of Corynebacterium diphtheriae",COVID-19: Was Rheumapatienten jetzt wissen sollten
fxrsgieg,7vbam00n,0.028334236,COVID-19: Was Rheumapatienten jetzt wissen sollten,Differences in clinical and lab characteristics between adults and children hospitalized with COVID-19 infection over a 2-month period at a tertiary COVID care center: A cross-sectional study
fxrsgieg,bu3wedoq,0.028342163,COVID-19: Was Rheumapatienten jetzt wissen sollten,Investigating the effects of COVID-19 pandemic on Narok county's tourism and hospitality sectors
jcsxra16,fxrsgieg,0.028343001,Disagreement on expectations: firms versus consumers,COVID-19: Was Rheumapatienten jetzt wissen sollten
5pp8qvx0,79hf1x4j,0.028348384,From the editors: research in times of COVID,Sind durch COVID-19 (mehr) Patienten mit Hörverlust zu erwarten?
mrzgvf8f,fxrsgieg,0.028349027,Chapter 10 Bioaugmentation for the treatment of waterborne pathogen contamination water,COVID-19: Was Rheumapatienten jetzt wissen sollten
mwahdi64,r6s6es18,0.028356513,Wichtig für Senioren: Impfschutz gegen Pneumokokken,Computations with Algebraic Surfaces
lvi4n41u,hexeewux,0.02835894,Pflegen kann jede*r!,Telecardiology during the Covid-19 pandemic: past mistakes and future hopes.
v6zo7ai0,fxrsgieg,0.028359188,Disease control across urban-rural gradients,COVID-19: Was Rheumapatienten jetzt wissen sollten
12nta6gx,atva6mfp,0.02836961,"The impact of COVID-19 on residents, relatives and staff in care homes",COVID-19-Forschungsdaten leichter zugänglich machen – Aufbau einer bundesweiten Informationsinfrastruktur
3e33jpf8,e69c9wyw,0.028371027,Exacerbation Of Cardiovascular Risk Factors During The Covid-19 Pandemic In Autistic Children,Nutzen von Erfahrungswissen in Krisen. Zur These einer vermehrten Bezugnahme auf Geschichte in Krisenzeiten
af3ojiob,z2ulnfop,0.028380344,Cerebrovascular events in COVID-19 patients,Fakten auf einen Blick
2lmsn38d,fxrsgieg,0.02840742,Clinical pharmacology between two worlds in times of crisis,COVID-19: Was Rheumapatienten jetzt wissen sollten
06sge4vd,fxrsgieg,0.028409665,Incarcerated workers: overlooked as essential workers,COVID-19: Was Rheumapatienten jetzt wissen sollten
e69c9wyw,3gwru4h0,0.028427029,Nutzen von Erfahrungswissen in Krisen. Zur These einer vermehrten Bezugnahme auf Geschichte in Krisenzeiten,"COVID-19, Security Threats and Public Opinions"
p1xnh9o8,fxrsgieg,0.028430404,Top 20 Research Studies of 2014 for Primary Care Physicians.,COVID-19: Was Rheumapatienten jetzt wissen sollten
bbringf8,s9qlcamb,0.028433176,Solidarity in the face of global fragility,Finanzielle Hilfen für Vertragsärzte: Weitere KVen haben HVM-Änderungen ausgearbeitet
y6jrmsz5,fxrsgieg,0.028435625,Gynecological endocrinology: from the past to the future,COVID-19: Was Rheumapatienten jetzt wissen sollten
7bunyhtv,atva6mfp,0.028438522,Comorbid infections in patients with spondyloarthritis,COVID-19-Forschungsdaten leichter zugänglich machen – Aufbau einer bundesweiten Informationsinfrastruktur
w7uhubx5,s9qlcamb,0.028446408,What Matters in Online Education: Exploring the Impacts of Instructional Interactions on Learning Outcomes,Finanzielle Hilfen für Vertragsärzte: Weitere KVen haben HVM-Änderungen ausgearbeitet
8laype3l,fxrsgieg,0.028450843,Increasing recruitment into covid-19 trials,COVID-19: Was Rheumapatienten jetzt wissen sollten
gwts1qgm,lvi4n41u,0.028457902,Effectiveness of Healthcare and Fitness Influencers during COVID Times,Pflegen kann jede*r!
nkh0zwgj,fxrsgieg,0.0284621,Risks of COVID-19 infection and mortality for patients on biologics,COVID-19: Was Rheumapatienten jetzt wissen sollten
0a0kqule,s9qlcamb,0.02848154,From career guidance to designing lives acting for fair and sustainable development,Finanzielle Hilfen für Vertragsärzte: Weitere KVen haben HVM-Änderungen ausgearbeitet
lvi4n41u,ppeg9z2q,0.028484248,Pflegen kann jede*r!,Zoos and public health: A partnership on the One Health frontier
z2ulnfop,r6s6es18,0.028486583,Fakten auf einen Blick,Computations with Algebraic Surfaces
6j50nyvk,z2ulnfop,0.028488226,Important Databases Related to Genomes,Fakten auf einen Blick
lvi4n41u,dj3r5exg,0.028492985,Pflegen kann jede*r!,Community social workers' perspectives on the challenges and opportunities presented by the COVID-19 pandemic.
s9qlcamb,db8ecyqw,0.02849301,Finanzielle Hilfen für Vertragsärzte: Weitere KVen haben HVM-Änderungen ausgearbeitet,Lives of second and third graders and their parents during the COVID-19 school closure period
fxrsgieg,y0r69551,0.028497681,COVID-19: Was Rheumapatienten jetzt wissen sollten,Effects of masks on the health of schoolchildren
91gr2ic7,fxrsgieg,0.02849881,Hospital wastewater treatment scenario around the globe,COVID-19: Was Rheumapatienten jetzt wissen sollten
6cm89kn4,xmvenkyj,0.028499827,Recent Articles in AATS Journals.,"Impfquoten bei Erwachsenen: Höher, aber nicht hoch genug"
ujnbbsgk,fxrsgieg,0.028499892,CACPR 2021 Annual Meeting Abstracts.,COVID-19: Was Rheumapatienten jetzt wissen sollten
fxrsgieg,1qjbuofz,0.028501062,COVID-19: Was Rheumapatienten jetzt wissen sollten,VIRULENCE FACTORS IN PORCINE CORONAVIRUSES AND VACCINE DESIGN
s9qlcamb,259zhes7,0.028507886,Finanzielle Hilfen für Vertragsärzte: Weitere KVen haben HVM-Änderungen ausgearbeitet,Obesity What can we do at this time?
gtipnn8b,z2ulnfop,0.02850862,A retrospective study: meteorological factors and COVID-19,Fakten auf einen Blick
nvebbhwv,fxrsgieg,0.028522829,Potential Neurologic Manifestations of COVID-19,COVID-19: Was Rheumapatienten jetzt wissen sollten
yet7dqoy,s9qlcamb,0.028533084,Exploring Employability of Business Graduates: Evidence from Woldia University,Finanzielle Hilfen für Vertragsärzte: Weitere KVen haben HVM-Änderungen ausgearbeitet
9sj9bgq2,fxrsgieg,0.028535692,Characterizing the Transmission Potential of Zoonotic Infections from Minor Outbreaks,COVID-19: Was Rheumapatienten jetzt wissen sollten
fxrsgieg,dksfrvyt,0.028540544,COVID-19: Was Rheumapatienten jetzt wissen sollten,Clinical characteristics comparative analysis of imported and local cases with COVID-19 in Hainan
446u5a1q,lvi4n41u,0.028543374,Recommendations for electroencephalographic studies during the COVID-19 pandemic,Pflegen kann jede*r!
fxrsgieg,qlcuml8y,0.028544491,COVID-19: Was Rheumapatienten jetzt wissen sollten,The Epistemic Duties of Philosophers: An Addendum.
m8ca5tzw,fxrsgieg,0.028544659,Identifying role of public health and primary care as disparate entities in current health system,COVID-19: Was Rheumapatienten jetzt wissen sollten
lvi4n41u,ql0of69t,0.028554926,Pflegen kann jede*r!,In the Midst of Two Realities
lvi4n41u,vfqbq3se,0.028560182,Pflegen kann jede*r!,"Internet Interventions for Mental Health: Current State of Research, Lessons Learned and Future Directions"
z2ulnfop,fad7llsg,0.028562887,Fakten auf einen Blick,"Politics, economy, and health: lessons from COVID-19."
lvi4n41u,zixwmcbq,0.028569845,Pflegen kann jede*r!,Macroprudential Policy during COVID-19: The Role of Policy Space
r6s6es18,e69c9wyw,0.028573442,Computations with Algebraic Surfaces,Nutzen von Erfahrungswissen in Krisen. Zur These einer vermehrten Bezugnahme auf Geschichte in Krisenzeiten
l6kjtmzb,e69c9wyw,0.02858002,COVID-19 and the Financial Health of US Hospitals,Nutzen von Erfahrungswissen in Krisen. Zur These einer vermehrten Bezugnahme auf Geschichte in Krisenzeiten
lvi4n41u,kssekvkj,0.028580625,Pflegen kann jede*r!,"[COVID-19, state of medical knowledge]."
dyydrj3w,lvi4n41u,0.028583284,Global policy responses to the COVID-19 pandemic: results of the ICOH survey,Pflegen kann jede*r!
fdjsgrfi,484f1hc2,0.02858453,Descifrando la patogenia de la COVID-19,E-Learning during COVID-19: perspectives and experiences of the faculty and students
qjfm56vh,fxrsgieg,0.028592939,A structured literature review on the interplay between emerging technologies and COVID-19 – insights and directions to operations fields,COVID-19: Was Rheumapatienten jetzt wissen sollten
lvi4n41u,jm26y8c3,0.028603587,Pflegen kann jede*r!,The effects of scientific messages and narratives about vaccination
fxrsgieg,ufpekb8s,0.028616995,COVID-19: Was Rheumapatienten jetzt wissen sollten,Echocardiographic and electrocardiographic findings in COVID-19 patients: a cross-sectional study
fxrsgieg,u0bn0m8e,0.028621428,COVID-19: Was Rheumapatienten jetzt wissen sollten,Two tales of two protests: Principled and partisan attitudes toward politically charged protests
tskfl8od,lvi4n41u,0.028622389,Neurological Complications of COVID-19 in Children.,Pflegen kann jede*r!
lvi4n41u,zoh1bsvo,0.028622389,Pflegen kann jede*r!,Neurological Complications of COVID-19 in Children
lvi4n41u,mi8d19uh,0.028653994,Pflegen kann jede*r!,"Reopening k-12 schools during the COVID-19 pandemica: report from the national academies of sciences, engineering, and medicine"
fu6ruwf0,s9qlcamb,0.0286682,Focus on fitness . . . and other stories,Finanzielle Hilfen für Vertragsärzte: Weitere KVen haben HVM-Änderungen ausgearbeitet
qrdw7op6,fxrsgieg,0.028672015,Business families in times of crises: The backbone of family firm resilience and continuity,COVID-19: Was Rheumapatienten jetzt wissen sollten
vk4t7atd,s9qlcamb,0.02867375,Modeling and estimating volatility of day-ahead electricity prices,Finanzielle Hilfen für Vertragsärzte: Weitere KVen haben HVM-Änderungen ausgearbeitet
x9yn6qvv,4ll2rqh3,0.028675755,Infectious Diseases and Microbiological Threats,"Weniger Arbeit, mehr Urlaub"
vur1c2nf,rlqdkkk4,0.028676795,Communicating With Patients and Families During COVID-19,Alkoholbezogene Störungen: Gedanken zur neuen Leitlinie
z2ulnfop,q4cynx35,0.028706526,Fakten auf einen Blick,[Impact of COVID-19 on children and their families]
lvi4n41u,n6cgxiem,0.028706828,Pflegen kann jede*r!,Clinical perspectives on the identification of neurodevelopmental conditions in children and changes in referral pathways: qualitative interviews
itellqb8,atva6mfp,0.028712442,"Our Microbiome: On the Challenges, Promises, and Hype.",COVID-19-Forschungsdaten leichter zugänglich machen – Aufbau einer bundesweiten Informationsinfrastruktur
lvi4n41u,utghqi4f,0.02871557,Pflegen kann jede*r!,Clinical features and outcomes of discharged coronavirus disease 2019 patients: a prospective cohort study
xxtg106p,lvi4n41u,0.028723165,Business Models of Social Enterprises: Insight into Key Components and Value Creation,Pflegen kann jede*r!
zybeelcr,lvi4n41u,0.028727325,The Importance of Undergraduate Research: A Gateway to Possibilities,Pflegen kann jede*r!
7jkqbk2d,fxrsgieg,0.028728308,[Protection suggestions on medical staff in obstetrics and gynecology in COVID-19-designated hospitals],COVID-19: Was Rheumapatienten jetzt wissen sollten
lvi4n41u,66mun4ic,0.028728344,Pflegen kann jede*r!,Conundrum of COVID-19: The road ahead
lvi4n41u,l2wx2bam,0.028731503,Pflegen kann jede*r!,Society for the Study of Evolution at 75 years: Introduction to the symposium papers.
p81l6zvz,i1mkvyby,0.028742753,Systemische Immunsuppression in Zeiten von COVID‐19: Müssen wir umdenken?,"Opportunities, Challenges, and Future Trends"
lvi4n41u,j09vsge0,0.028748265,Pflegen kann jede*r!,Inconsistencies in countries COVID-19 data revealed by Benford's law
rw4z775m,atva6mfp,0.028751843,COVID-19: Counseling With Bereaved Parents,COVID-19-Forschungsdaten leichter zugänglich machen – Aufbau einer bundesweiten Informationsinfrastruktur
lvi4n41u,ct1sp1an,0.028755218,Pflegen kann jede*r!,[Research progress on application of laboratory indicators detection of COVID-19]
lvi4n41u,4ojkh8z6,0.028764185,Pflegen kann jede*r!,"The implications of complexity, systems thinking and philosophy for pediatricians"
zlxx2nel,fxrsgieg,0.028778339,Historical Discoveries on Viruses in the Environment and Their Impact on Public Health.,COVID-19: Was Rheumapatienten jetzt wissen sollten
pbh2dvbg,fxrsgieg,0.028794998,The consequences of COVID-19 for gastroenterology nursing.,COVID-19: Was Rheumapatienten jetzt wissen sollten
s6unh19n,e69c9wyw,0.028804962,Clinical and laboratory findings of COVID-19,Nutzen von Erfahrungswissen in Krisen. Zur These einer vermehrten Bezugnahme auf Geschichte in Krisenzeiten
aozg9xnc,fxrsgieg,0.028806288,Immunization and health workers: overview.,COVID-19: Was Rheumapatienten jetzt wissen sollten
6mc4zg7g,1ygu24fy,0.028811557,Viele Sonderregelungen gelten weiter,Lessons from covid-19: visiting patients at home and assessing comorbidities.
ypyim9cm,lvi4n41u,0.028812893,Virtual Leadership in Small Businesses during the COVID-19 Pandemic: Challenges and Possibilities,Pflegen kann jede*r!
k0ynlmku,fxrsgieg,0.02881885,Pressures and influences on school leaders navigating policy development during the COVID‐19 pandemic,COVID-19: Was Rheumapatienten jetzt wissen sollten
02jg9k1w,fxrsgieg,0.028825024,Community diagnostic centres: bringing diagnostics closer to home,COVID-19: Was Rheumapatienten jetzt wissen sollten
lvi4n41u,aj4ci6pu,0.028833829,Pflegen kann jede*r!,Biosafety Guidelines for COVID-19 Specimens in Biobanks.
4wcf4z93,4u24wfo1,0.028836498,Acknowledgement to Referees: Acknowledgement to Referees,Wie kann die weltweite Impfstoffproduktion gesteigert werden?
72jg8nhi,lvi4n41u,0.02883654,Assessing Risks Awareness in Operating Rooms among Post-Graduate Students: A Pilot Study,Pflegen kann jede*r!
hb5krhvs,fxrsgieg,0.028846875,COVID-19 and ophthalmology: An environmental work hazard,COVID-19: Was Rheumapatienten jetzt wissen sollten
lvi4n41u,6ebnjtoi,0.028847076,Pflegen kann jede*r!,COVID-19: opportunities for public health ethics?
pemxfsgi,fxrsgieg,0.0288596,Airborne transmission of disease in hospitals.,COVID-19: Was Rheumapatienten jetzt wissen sollten
p19e9uom,e69c9wyw,0.028859612,Searching the Tritryp Genomes for Drug Targets,Nutzen von Erfahrungswissen in Krisen. Zur These einer vermehrten Bezugnahme auf Geschichte in Krisenzeiten
z08v4eew,e69c9wyw,0.028859695,Key factors driving customers’ restaurant dining behavior during the COVID-19 pandemic,Nutzen von Erfahrungswissen in Krisen. Zur These einer vermehrten Bezugnahme auf Geschichte in Krisenzeiten
lvi4n41u,6nr1ux6n,0.028865969,Pflegen kann jede*r!,"Clinical characteristics, treatment, and prognosis in 89 cases of COVID-19/ 新型冠状病毒肺炎89例临床特征, 治疗及预后分析"
s9qlcamb,3mhmn5v3,0.028877275,Finanzielle Hilfen für Vertragsärzte: Weitere KVen haben HVM-Änderungen ausgearbeitet,Vital Directions For Health And Health Care: Priorities For 2021
cgaezj48,s9qlcamb,0.028880144,"Effectiveness of E-Training, E-Leadership, and Work Life Balance on Employee Performance during COVID-19",Finanzielle Hilfen für Vertragsärzte: Weitere KVen haben HVM-Änderungen ausgearbeitet
ld88mkqa,fxrsgieg,0.028881298,Baseline characteristics associated with clinical improvement and mortality in hospitalized patients with moderate COVID-19,COVID-19: Was Rheumapatienten jetzt wissen sollten
ft3adska,fxrsgieg,0.028881298,548. Baseline characteristics associated with clinical improvement and mortality in hospitalized patients with moderate COVID-19,COVID-19: Was Rheumapatienten jetzt wissen sollten
f7zh9gl8,lvi4n41u,0.028885828,Syndemics in Symbiotic Cities: Pathogenic Policy and the Production of Health Inequity across Borders.,Pflegen kann jede*r!
fhfprber,s9qlcamb,0.028893268,"Two's Company, but Four's a Crowd: The Relationship Among COVID-19 Stress, Household Size, and Life Satisfaction",Finanzielle Hilfen für Vertragsärzte: Weitere KVen haben HVM-Änderungen ausgearbeitet
1b3g0ls3,fxrsgieg,0.02889415,"1 Viruses, virulence and pathogenicity",COVID-19: Was Rheumapatienten jetzt wissen sollten
lvi4n41u,obdaskaa,0.028904162,Pflegen kann jede*r!,Obesity and COVID-19 outcomes: a risk factor that needs attention
3tvycu3g,fxrsgieg,0.02890592,Vaccines for older adults.,COVID-19: Was Rheumapatienten jetzt wissen sollten
fxrsgieg,iavw7nb0,0.028908007,COVID-19: Was Rheumapatienten jetzt wissen sollten,Critical Care Nurses' Transitions out of the Critical Care Specialty AreaA State‐Wide Study
7k3vdqil,fxrsgieg,0.028910741,[Prioritization of geriatric patients in care homes and residential homes in the context of the COVID pandemic],COVID-19: Was Rheumapatienten jetzt wissen sollten
1yfgpofa,fxrsgieg,0.028917564,Premenstrual Symptoms and Work: Exploring Female Staff Experiences and Recommendations for Workplaces,COVID-19: Was Rheumapatienten jetzt wissen sollten
t8xlnt83,fxrsgieg,0.028918872,Prospective cohort study of workers diagnosed with COVID‐19 and subsequent unemployment,COVID-19: Was Rheumapatienten jetzt wissen sollten
fxrsgieg,57cli8i3,0.028923836,COVID-19: Was Rheumapatienten jetzt wissen sollten,Renegotiation in Debt Chains
lvi4n41u,5nbut4qm,0.028924046,Pflegen kann jede*r!,Uncovering the socioeconomic structure of spatial and social interactions in cities
oxciawty,fxrsgieg,0.028936066,Patient notification about suspected hospital-associated outbreaks of invasive mold infections: Considerations for public health and hospital personnel.,COVID-19: Was Rheumapatienten jetzt wissen sollten
5em5bydx,fxrsgieg,0.02893787,Care of haematology patients in a COVID‐19 epidemic,COVID-19: Was Rheumapatienten jetzt wissen sollten
fxrsgieg,o3ohzq9j,0.028945291,COVID-19: Was Rheumapatienten jetzt wissen sollten,Contemporary issues: diseases with a food vector.
lvi4n41u,4oswfuml,0.028946973,Pflegen kann jede*r!,"Children, media, and the clarity of crises in 2020"
s9qlcamb,m5lhn6ah,0.028952476,Finanzielle Hilfen für Vertragsärzte: Weitere KVen haben HVM-Änderungen ausgearbeitet,"Errors in Abstract, Results, and End Matter"
e35q79hh,4wcf4z93,0.028959606,Führungskräftecoaching in Zeiten der Krise: Ein ganzheitliches Handlungskonzept und klare Führung stabilisieren Unternehmen in der Covid-19-Krise,Acknowledgement to Referees: Acknowledgement to Referees
fxrsgieg,sbeuewfx,0.02896269,COVID-19: Was Rheumapatienten jetzt wissen sollten,Shiftworking keeps locked-down lab on track
lvi4n41u,awlbyl7t,0.028974881,Pflegen kann jede*r!,P5‐23: Neurological complications of patients with COVID‐19
lvi4n41u,i94z3iq8,0.028979106,Pflegen kann jede*r!,Overview of pathology and laboratory features of covid-19
mherdb4v,daq0a5sg,0.028993286,Lessons for and from COVID‐19 for investors and their advisors,Auf dem weiten Weg zu neuen Therapien bei ILD
lvi4n41u,x7j5iwx7,0.028994547,Pflegen kann jede*r!,Service robots and COVID-19: exploring perceptions of prevention efficacy at hotels in generation Z
4075rtww,fxrsgieg,0.02900422,Highlights from Recent Cancer Literature,COVID-19: Was Rheumapatienten jetzt wissen sollten
4kt6c1ku,s9qlcamb,0.02901407,Quantitative Comparison between Traditional and Intensive Face-to-Face Education through an Organizational Model,Finanzielle Hilfen für Vertragsärzte: Weitere KVen haben HVM-Änderungen ausgearbeitet
amoascvu,s9qlcamb,0.02903679,Quarterly picks from the editors,Finanzielle Hilfen für Vertragsärzte: Weitere KVen haben HVM-Änderungen ausgearbeitet
bhimxnxq,4ll2rqh3,0.02903974,Serological characteristics of COVID-19 patients.,"Weniger Arbeit, mehr Urlaub"
4e9rqj21,atva6mfp,0.029046597,Immunophenotyping for Risk Stratification of Patients with COVID-19,COVID-19-Forschungsdaten leichter zugänglich machen – Aufbau einer bundesweiten Informationsinfrastruktur
z2ulnfop,oc5zqt5o,0.02904738,Fakten auf einen Blick,COVID-19's extraordinary impact on couples and families
fxrsgieg,1riprk86,0.029048879,COVID-19: Was Rheumapatienten jetzt wissen sollten,A review on microbial contaminants in stormwater runoff and outfalls: Potential health risks and mitigation strategies
s9qlcamb,wurtrayz,0.029056046,Finanzielle Hilfen für Vertragsärzte: Weitere KVen haben HVM-Änderungen ausgearbeitet,Health sources: Reviewing the news
6toor3nc,lvi4n41u,0.029061623,Abstracts of poster sessions,Pflegen kann jede*r!
bhimxnxq,avobcnzk,0.02906643,Serological characteristics of COVID-19 patients.,Neue Impfempfehlungen - auch zu COVID-19
uqswsj1s,fxrsgieg,0.029069796,Facilitating COVID-19 Vaccination Among Caregivers of Children With Medical Complexity,COVID-19: Was Rheumapatienten jetzt wissen sollten
jbv80qp7,z2ulnfop,0.02906992,Covid-19 vaccination: Logistical challenges in primary care,Fakten auf einen Blick
fxrsgieg,337tetsc,0.029071303,COVID-19: Was Rheumapatienten jetzt wissen sollten,It Takes a Village: Expanding Women’s Cardiovascular Care to Include the Community as well as Cardiovascular and Primary Care Teams
7s2ks6ty,fxrsgieg,0.02907214,COVID‐19 and mental health of primary school children: Comparison of 2019 and 2020,COVID-19: Was Rheumapatienten jetzt wissen sollten
821dzl7j,fxrsgieg,0.029073177,Evaluation Findings and Policy Suggestions,COVID-19: Was Rheumapatienten jetzt wissen sollten
lvi4n41u,4dg9eml5,0.029076956,Pflegen kann jede*r!,[Commercial airline routes and international distribution of COVID-19].
8lmowk71,s9qlcamb,0.029078346,The influence of peer institutions on colleges’ decisions: Evidence from fall 2020 reopening plans,Finanzielle Hilfen für Vertragsärzte: Weitere KVen haben HVM-Änderungen ausgearbeitet
s0fp9ctt,fxrsgieg,0.029088572,Therapeutic antibodies for infectious diseases,COVID-19: Was Rheumapatienten jetzt wissen sollten
s9qlcamb,xosgprae,0.02909063,Finanzielle Hilfen für Vertragsärzte: Weitere KVen haben HVM-Änderungen ausgearbeitet,On Assessing the Temporal Characteristics of Reaching the Milestone by a Swarm
fxrsgieg,n4hah55q,0.02909381,COVID-19: Was Rheumapatienten jetzt wissen sollten,Covid-19 and Vulnerable Families Living in Rural Locations: Building a System for Recovery
s9qlcamb,gk2398zz,0.029094681,Finanzielle Hilfen für Vertragsärzte: Weitere KVen haben HVM-Änderungen ausgearbeitet,A First Set of Conclusions
s9qlcamb,1pkoa6u3,0.02910069,Finanzielle Hilfen für Vertragsärzte: Weitere KVen haben HVM-Änderungen ausgearbeitet,"Job crafting, meaningful work and performance: a moderated mediation approach of presenteeism"
zmqh2vx1,fxrsgieg,0.029106168,"Engaged Women’s Relationships, Weddings, and Mental Health During Covid-19",COVID-19: Was Rheumapatienten jetzt wissen sollten
ztyqjdit,fxrsgieg,0.029110478,Diagnostic Modalities in Critical Care: Point-of-Care Approach,COVID-19: Was Rheumapatienten jetzt wissen sollten
s9qlcamb,ugenpagq,0.02911146,Finanzielle Hilfen für Vertragsärzte: Weitere KVen haben HVM-Änderungen ausgearbeitet,Exploring the representativeness of the M5 competition data
z2ulnfop,pesvr65u,0.029119818,Fakten auf einen Blick,Implications of the 2020 Election for U.S. Health Policy
gt3wrkcb,fxrsgieg,0.02913053,Creating information resources and trainings for farmworker-serving community health workers,COVID-19: Was Rheumapatienten jetzt wissen sollten
eptz0lg3,lvi4n41u,0.029134264,The Impact of COVID-19 on Vulnerable Populations and Implications for Children and Health Care Policy,Pflegen kann jede*r!
w8974vch,lvi4n41u,0.029134264,The Impact of COVID-19 on Vulnerable Populations and Implications for Children and Health Care Policy.,Pflegen kann jede*r!
ic3h3cp4,fxrsgieg,0.029136416,Point-of-Care Ultrasound in the Evaluation of COVID-19,COVID-19: Was Rheumapatienten jetzt wissen sollten
s484g3sx,ewl63b2i,0.029143726,Der optimale Blutdruck nach einem Schlaganfall,Manufacturing Workers and Employers
3e1tb64o,pez6to2e,0.029147804,Germplasm Acquisition and Distribution by CGIAR Genebanks,Infektionsschutz: Wenn gegen Regeln verstoßen wird
bq0qwfsj,fxrsgieg,0.029148003,"COVID-19: Current understanding of its Pathophysiology, Clinical presentation and Treatment",COVID-19: Was Rheumapatienten jetzt wissen sollten
bt87kai8,e69c9wyw,0.029150622,The kidney and COVID-19 patients – important considerations,Nutzen von Erfahrungswissen in Krisen. Zur These einer vermehrten Bezugnahme auf Geschichte in Krisenzeiten
lvi4n41u,m3bta8o9,0.029152496,Pflegen kann jede*r!,Exploring nurses’ experiences of psychological distress during care of patients with COVID-19: a qualitative study
gftu9n8v,lvi4n41u,0.029155627,Occupational Health and Safety Scope Significance in Achieving Sustainability,Pflegen kann jede*r!
lvi4n41u,ccru6y78,0.02916738,Pflegen kann jede*r!,Laboratory Testing Implications of Risk-Stratification and Management for Improving Clinical Outcomes of COVID-19 Patients
lvi4n41u,b3k1gge3,0.029170515,Pflegen kann jede*r!,Research outside the laboratory: Longitudinal at-home neurostimulation.
k1ezr45q,fxrsgieg,0.029175956,Airborne transmission pathway for coastal water pollution,COVID-19: Was Rheumapatienten jetzt wissen sollten
1bnehmc5,fxrsgieg,0.029181436,Oncology patients’ perceptions of and experiences with COVID-19,COVID-19: Was Rheumapatienten jetzt wissen sollten
13jj4aks,4wcf4z93,0.029183932,Von der Geschichtsphilosophie zur Formalpragmatik: Zur Geschichte und Gegenwart Kritischer Theorie,Acknowledgement to Referees: Acknowledgement to Referees
mapmeugl,fxrsgieg,0.029189888,Improvement Healthcare Projects: Meeting Healthcare and Technology Challenges,COVID-19: Was Rheumapatienten jetzt wissen sollten
56ghydos,s9qlcamb,0.029192515,Methods in a Time of Crisis,Finanzielle Hilfen für Vertragsärzte: Weitere KVen haben HVM-Änderungen ausgearbeitet
lvi4n41u,ewo74ui2,0.02920229,Pflegen kann jede*r!,365 Dots in 2019: Quantifying Attention of News Sources
gru34leu,fxrsgieg,0.029202867,The Vaccination Concerns in COVID-19 Scale (VaCCS): Development and validation,COVID-19: Was Rheumapatienten jetzt wissen sollten
1ldtojz9,fxrsgieg,0.02920609,Immunological lessons from genome-wide association studies of infections.,COVID-19: Was Rheumapatienten jetzt wissen sollten
fxrsgieg,oyz4yhwk,0.029213365,COVID-19: Was Rheumapatienten jetzt wissen sollten,Tourism Challenges amid COVID-19
xavyz21u,e69c9wyw,0.029215895,Interim Guidance: healthcare workers and employers,Nutzen von Erfahrungswissen in Krisen. Zur These einer vermehrten Bezugnahme auf Geschichte in Krisenzeiten
fxrsgieg,xzrhq8oe,0.029216155,COVID-19: Was Rheumapatienten jetzt wissen sollten,Medical student engagement during COVID-19: Lessons learned and areas for improvement
fxrsgieg,uyurkt0i,0.029217733,COVID-19: Was Rheumapatienten jetzt wissen sollten,The clinical and computed tomography findings of patients with COVID-19
r8cvlefh,fxrsgieg,0.029223973,COVID-19 in Patients with Primary Immunodeficiency,COVID-19: Was Rheumapatienten jetzt wissen sollten
xvo5zifo,fxrsgieg,0.029226054,Predictive factors of clinical outcomes in patients with COVID-19 treated with tocilizumab: A monocentric retrospective analysis,COVID-19: Was Rheumapatienten jetzt wissen sollten
fxrsgieg,kh1agr1u,0.029234596,COVID-19: Was Rheumapatienten jetzt wissen sollten,"COVID-19, Technology and Family Dispute Resolution"
pid7vzar,s9qlcamb,0.02924073,Two Challenges from Globalization,Finanzielle Hilfen für Vertragsärzte: Weitere KVen haben HVM-Änderungen ausgearbeitet
i94z3iq8,fxrsgieg,0.029241141,Overview of pathology and laboratory features of covid-19,COVID-19: Was Rheumapatienten jetzt wissen sollten
rg4o7t7l,fxrsgieg,0.029246211,Outcomes of COVID-19 and risk factors in patients with cancer - a cohort study (preprint),COVID-19: Was Rheumapatienten jetzt wissen sollten
lvi4n41u,uxsga014,0.029260177,Pflegen kann jede*r!,Global strategies and local implementation of health and health-related SDGs: lessons from consultation in countries across five regions
lvi4n41u,xhu84cs6,0.029263442,Pflegen kann jede*r!,The future of Dental Public Health
4t2i53ri,fxrsgieg,0.029273402,No reduction in assaults on nurses,COVID-19: Was Rheumapatienten jetzt wissen sollten
lvi4n41u,a7qghub5,0.029288787,Pflegen kann jede*r!,Public health shapes student pharmacists
hbdsy4ro,fxrsgieg,0.029294623,Evaluation of the efficacy of arbidol in comparison with the standard treatment regimen of hospitalized patients with COVID-19: A randomized clinical trial,COVID-19: Was Rheumapatienten jetzt wissen sollten
1gpx2iwf,s9qlcamb,0.029300956,COVID-19 Disproportionately Impacts Students in High-Risk Populations,Finanzielle Hilfen für Vertragsärzte: Weitere KVen haben HVM-Änderungen ausgearbeitet
lvi4n41u,mbgvwmf6,0.029307658,Pflegen kann jede*r!,"Network typology, information sources, and messages of the infodemic twitter network under COVID‐19"
lvi4n41u,pnlfri3m,0.029313298,Pflegen kann jede*r!,Leadership through the eyes of a public health professional: A journey of 43 years
cibh5yvz,fxrsgieg,0.0293138,Selected Research Issues of Urban Public Health,COVID-19: Was Rheumapatienten jetzt wissen sollten
lvi4n41u,nmwqxhc8,0.02932023,Pflegen kann jede*r!,Health policy and leadership models during the COVID-19 pandemic: A review
3w639e5p,fxrsgieg,0.029328955,Risk factors of transmission of Coronavirus Disease 2019 (COVID-19) in children: a review,COVID-19: Was Rheumapatienten jetzt wissen sollten
lvi4n41u,jyxd4j34,0.029332256,Pflegen kann jede*r!,The Combined Effects of Television Viewing and Physical Activity on Cardiometabolic Risk Factors: The Kardiovize Study
bpbwwm7f,s9qlcamb,0.02933488,"We Can't Touch Each Other, But We Can Still Touch Lives",Finanzielle Hilfen für Vertragsärzte: Weitere KVen haben HVM-Änderungen ausgearbeitet
45h2k86r,s9qlcamb,0.029339142,"Covid-19, Financial Risk and the Airline Industry",Finanzielle Hilfen für Vertragsärzte: Weitere KVen haben HVM-Änderungen ausgearbeitet
grrq635x,fxrsgieg,0.02934475,Recent Advances in MXene Nanocomposite-Based Biosensors,COVID-19: Was Rheumapatienten jetzt wissen sollten
zkdpw1q1,lvi4n41u,0.029351994,"Rheumatology Fellowship Recruitment in 2020: Benefits, Challenges, and Adaptations",Pflegen kann jede*r!
jiikbple,fxrsgieg,0.02935269,Unifying Efforts to Rebound Operational Excellence and Export Competitiveness,COVID-19: Was Rheumapatienten jetzt wissen sollten
uy9qike4,fxrsgieg,0.02935496,Important Considerations for COVID-19 Vaccination of Children With Developmental Disabilities.,COVID-19: Was Rheumapatienten jetzt wissen sollten
uzs39gx1,lvi4n41u,0.02936101,Care for caregivers- a mission for primary care,Pflegen kann jede*r!
fxqvwju5,fxrsgieg,0.029363964,Water environment and recent advances in pollution control technologies,COVID-19: Was Rheumapatienten jetzt wissen sollten
lvi4n41u,5vdz78a5,0.029367235,Pflegen kann jede*r!,Multisolving Innovations For Climate And Health: Message Framing To Achieve Broad Public Support
3issfqqa,fxrsgieg,0.029370345,International Sharing of the Remote Laboratory NetLab,COVID-19: Was Rheumapatienten jetzt wissen sollten
30t1uyip,fxrsgieg,0.02937356,"Feasibility, Acceptability, and Performance of a Continuous Temperature Monitor in Older Adults and Staff in Congregate-Living Facilities",COVID-19: Was Rheumapatienten jetzt wissen sollten
5mu0p5ra,fxrsgieg,0.029379038,Organizational culture influences health care workers' influenza immunization behavior.,COVID-19: Was Rheumapatienten jetzt wissen sollten
m5kl3c3g,fxrsgieg,0.029380437,Analysis of approaches and principles to the formation of key risk indicators in construction,COVID-19: Was Rheumapatienten jetzt wissen sollten
r53hrkm4,s9qlcamb,0.029382061,Tertiarization of the Economy and its Trade Policy Implications,Finanzielle Hilfen für Vertragsärzte: Weitere KVen haben HVM-Änderungen ausgearbeitet
foucabzy,s9qlcamb,0.0293854,Assessment and evaluation with clarifying purposes for policy and practice,Finanzielle Hilfen für Vertragsärzte: Weitere KVen haben HVM-Änderungen ausgearbeitet
4b26e0y2,fxrsgieg,0.029394723,COVID-19 in health-care workers: Testing and outcomes at a Victorian tertiary children's hospital,COVID-19: Was Rheumapatienten jetzt wissen sollten
fxrsgieg,j7qlj7qv,0.029394723,COVID-19: Was Rheumapatienten jetzt wissen sollten,COVID-19 in health-care workers: Testing and outcomes at a Victorian tertiary children's hospital.
5debm6co,lvi4n41u,0.029403627,Navigating uncharted waters,Pflegen kann jede*r!
p56s6slk,fxrsgieg,0.029408764,Factors Associated with Mortality in Hospitalized Older Adults with COVID-19: A Large Retrospective Cohort Study,COVID-19: Was Rheumapatienten jetzt wissen sollten
8615p7xh,c2io6utd,0.029411573,Rentenpolitik ist nicht nachhaltig,Employment Consequences of COVID-19 for People with Disabilities and Employers
g4rjivdo,s9qlcamb,0.029414112,Emerging ideas on changes to 'under our care',Finanzielle Hilfen für Vertragsärzte: Weitere KVen haben HVM-Änderungen ausgearbeitet
fxrsgieg,1953w02l,0.029422257,COVID-19: Was Rheumapatienten jetzt wissen sollten,Key Characteristics of Cardiovascular Toxicants
lvi4n41u,eiu3txsy,0.029426804,Pflegen kann jede*r!,Impacts of the Covid‐19 pandemic on the health of university students
lvi4n41u,ceaq02lb,0.029429942,Pflegen kann jede*r!,Physicians’ Role in the COVID-19 Infodemic: A Reflection
2bvnff3t,s9qlcamb,0.02943588,Is Sjogren's syndrome a confounding factor in COVID-19?,Finanzielle Hilfen für Vertragsärzte: Weitere KVen haben HVM-Änderungen ausgearbeitet
dsw84ckf,s9qlcamb,0.029442508,2020 - A Significant Year for Nursing,Finanzielle Hilfen für Vertragsärzte: Weitere KVen haben HVM-Änderungen ausgearbeitet
z2ulnfop,vp459s2g,0.029450959,Fakten auf einen Blick,Community Health Workers And COVID-19.
lvi4n41u,kmihc628,0.029451031,Pflegen kann jede*r!,Online Education Experiences of the Students Studying in Health Care Departments during the Covid-19 Pandemic
zdfb6bt4,fxrsgieg,0.029474387,Pandemic shapes pharmacy residents' experiences.,COVID-19: Was Rheumapatienten jetzt wissen sollten
3p6okdc7,s9qlcamb,0.029475657,Factor Uniqueness of the Structural Parafac Model.,Finanzielle Hilfen für Vertragsärzte: Weitere KVen haben HVM-Änderungen ausgearbeitet
7rsv9lwd,e69c9wyw,0.029479789,Highlights of genetic programming 2020 events,Nutzen von Erfahrungswissen in Krisen. Zur These einer vermehrten Bezugnahme auf Geschichte in Krisenzeiten
s9qlcamb,x25c37fg,0.029483326,Finanzielle Hilfen für Vertragsärzte: Weitere KVen haben HVM-Änderungen ausgearbeitet,750 Paddling into danger - Key lessons for a summertime
lvi4n41u,imhe98s3,0.0294923,Pflegen kann jede*r!,A risk assessment model of WSMC projects under emergencies
3p6okdc7,fxrsgieg,0.029493654,Factor Uniqueness of the Structural Parafac Model.,COVID-19: Was Rheumapatienten jetzt wissen sollten
p81l6zvz,om8ztm54,0.029495366,Systemische Immunsuppression in Zeiten von COVID‐19: Müssen wir umdenken?,Public health significance of neuroticism.
0aaqn59w,4wcf4z93,0.029501181,Vitale Wege zum Wandel,Acknowledgement to Referees: Acknowledgement to Referees
lliik8ot,s9qlcamb,0.02950121,COVID-19 across Countries: Situation and Lessons for Pandemic control,Finanzielle Hilfen für Vertragsärzte: Weitere KVen haben HVM-Änderungen ausgearbeitet
fxrsgieg,3cnp3snn,0.029504715,COVID-19: Was Rheumapatienten jetzt wissen sollten,Modeling the Heterogeneity of Dengue Transmission in a City
jjw3rmx6,mherdb4v,0.029508151,EIN PROJEKTKURZBERICHT ZUR DYNAMISCHEN PULSREAKTION IN COVID-19-PANDEMIE-ZEITEN: IMON/EATCM FÖRDERTE 2019/2020 ALS HAUPTSPONSOR RAC-FORSCHUNG,Lessons for and from COVID‐19 for investors and their advisors
jlfobbjr,fxrsgieg,0.029514406,Safety and efficiency of COVID-19 vaccination during pregnancy and breastfeeding,COVID-19: Was Rheumapatienten jetzt wissen sollten
fxrsgieg,uczabbwe,0.029523693,COVID-19: Was Rheumapatienten jetzt wissen sollten,Chapter 3 - Zoonotic infections
p81l6zvz,foucabzy,0.029530074,Systemische Immunsuppression in Zeiten von COVID‐19: Müssen wir umdenken?,Assessment and evaluation with clarifying purposes for policy and practice
td4prw2k,atva6mfp,0.02953248,Should we be concerned about COVID‐19 with nonhuman primates?,COVID-19-Forschungsdaten leichter zugänglich machen – Aufbau einer bundesweiten Informationsinfrastruktur
s9qlcamb,gnt01g84,0.029545387,Finanzielle Hilfen für Vertragsärzte: Weitere KVen haben HVM-Änderungen ausgearbeitet,How the Middle East is facing COVID-19
4p7acvh2,e69c9wyw,0.029547052,"Vulnerability of patient, families and carers in a climate of COVID-19",Nutzen von Erfahrungswissen in Krisen. Zur These einer vermehrten Bezugnahme auf Geschichte in Krisenzeiten
fxrsgieg,yg296e6q,0.029549751,COVID-19: Was Rheumapatienten jetzt wissen sollten,Counseling patients with COVID-19: An experience at dedicated COVID-19 hospital
lvi4n41u,z9ga2p6i,0.029559847,Pflegen kann jede*r!,Concerns and Care for Health Care Colleagues during the COVID-19 Pandemic.
x64c1ico,4wcf4z93,0.02956332,Herramientas de prevención en las unidades de endoscopia digestiva en época de pandemia,Acknowledgement to Referees: Acknowledgement to Referees
h2pk4wdv,s9qlcamb,0.02957066,Development of research on COVID-19 by the World Scientific Community in the first half of 2020,Finanzielle Hilfen für Vertragsärzte: Weitere KVen haben HVM-Änderungen ausgearbeitet
citynr6c,fxrsgieg,0.029588588,Epidemiology of Disease in the Tropics,COVID-19: Was Rheumapatienten jetzt wissen sollten
t8rgow8k,fxrsgieg,0.029590836,Therapeutic Approach for COVID-19 – Clinical Challenges and Implementation,COVID-19: Was Rheumapatienten jetzt wissen sollten
vemybwad,fxrsgieg,0.02959332,Risk factors for COVID-19 infection in patients with multiple sclerosis: a nested case–control study,COVID-19: Was Rheumapatienten jetzt wissen sollten
x9yn6qvv,e69c9wyw,0.02959376,Infectious Diseases and Microbiological Threats,Nutzen von Erfahrungswissen in Krisen. Zur These einer vermehrten Bezugnahme auf Geschichte in Krisenzeiten
lvi4n41u,g2sgnvb1,0.029596284,Pflegen kann jede*r!,COVID-19 and Its Impacts on Global Economic Spheres
vur1c2nf,9sx519zf,0.029600188,Communicating With Patients and Families During COVID-19,Welche Schutzmaske schutzt vor COVID-19? Was ist evidenzbasiert?
bjo6hun1,fe82q2o1,0.029600594,Scientists' lanes and headwinds.,Pflegedienstleiter in einer besonderen Zeit
fxrsgieg,5p1khvua,0.029605959,COVID-19: Was Rheumapatienten jetzt wissen sollten,Influence of Wind Speed on COVID-19 Transmission in Polluted Cities
80lfpe7f,lvi4n41u,0.029614152,Parental burnout: Moving the focus from children to parents.,Pflegen kann jede*r!
p81l6zvz,h7gbs2sg,0.029625356,Systemische Immunsuppression in Zeiten von COVID‐19: Müssen wir umdenken?,Legal & regulatory issues.
dbw2ydy0,lvi4n41u,0.029629476,COVID-19 transmission events in school staff in a Brazilian prospective-cohort,Pflegen kann jede*r!
fxrsgieg,5s10dcku,0.02963559,COVID-19: Was Rheumapatienten jetzt wissen sollten,Spontaneous Pneumomediastinum in Patients With COVID-19: A Case Series of Four Patients
fxrsgieg,4qx1261b,0.02963559,COVID-19: Was Rheumapatienten jetzt wissen sollten,Spontaneous Pneumomediastinum in Patients With COVID-19: A Case Series of Four Patients()
oc4cv29f,atva6mfp,0.029639702,The influence of COVID-19 on medical students memories,COVID-19-Forschungsdaten leichter zugänglich machen – Aufbau einer bundesweiten Informationsinfrastruktur
ovguc1at,lvi4n41u,0.029644161,Experience with in-action reviewing at points of entry,Pflegen kann jede*r!
pywwxyfz,fxrsgieg,0.029645082,COVID-19 pandemic: Its impact on the existence of business actors in traditional markets,COVID-19: Was Rheumapatienten jetzt wissen sollten
lvi4n41u,ubwr5m24,0.029645788,Pflegen kann jede*r!,Post-COVID Challenges and Opportunities in the Education Sector
p81l6zvz,l3tavujs,0.029647425,Systemische Immunsuppression in Zeiten von COVID‐19: Müssen wir umdenken?,"Demystifying COVID-19 publications: institutions, journals, concepts, and topics"
5kz5hk99,lvi4n41u,0.02966085,COVID-19 Response Efforts of Washington State Public Health Laboratory: Lessons Learned,Pflegen kann jede*r!
7t6d758o,s9qlcamb,0.02966248,Quantifying Adaptability of College Campus Buildings,Finanzielle Hilfen für Vertragsärzte: Weitere KVen haben HVM-Änderungen ausgearbeitet
atva6mfp,6ct4swpm,0.029662948,COVID-19-Forschungsdaten leichter zugänglich machen – Aufbau einer bundesweiten Informationsinfrastruktur,Time to rethink our lives and businesses
8p7vktc7,vp459s2g,0.029663177,Keine Wirtschaftlichkeitsprüfungen für 2019: In Rheinland-Pfalz wurde das Ausgabenvolumen eingehalten,Community Health Workers And COVID-19.
xkwvea8d,s9qlcamb,0.029663248,"Reaching Up, Down, In, and Around: Couple and Family Coping During the Coronavirus Pandemic",Finanzielle Hilfen für Vertragsärzte: Weitere KVen haben HVM-Änderungen ausgearbeitet
syv6don1,e69c9wyw,0.029668465,Healthcare information for all.,Nutzen von Erfahrungswissen in Krisen. Zur These einer vermehrten Bezugnahme auf Geschichte in Krisenzeiten
e69c9wyw,xetv4xb9,0.029668465,Nutzen von Erfahrungswissen in Krisen. Zur These einer vermehrten Bezugnahme auf Geschichte in Krisenzeiten,Healthcare information for all
lvi4n41u,ldm0wcgi,0.029669529,Pflegen kann jede*r!,Routine and Advanced Laboratory Tests for Hemostasis Disorders in COVID-19 Patients: A Prospective Cohort Study
s9qlcamb,lxuxpsaj,0.029676998,Finanzielle Hilfen für Vertragsärzte: Weitere KVen haben HVM-Änderungen ausgearbeitet,Can cost–effectiveness principles be ignored in urgent times?
mherdb4v,hl47p317,0.029681422,Lessons for and from COVID‐19 for investors and their advisors,Inhalatives Budesonid zur Therapie bei COVID-19
lvi4n41u,2ov2j77q,0.029683739,Pflegen kann jede*r!,Lessons learned during Covid-19 concerning cheating in e-examinations by university students
yokg38li,e69c9wyw,0.029686853,Point of Care Sensors for Infectious Pathogens.,Nutzen von Erfahrungswissen in Krisen. Zur These einer vermehrten Bezugnahme auf Geschichte in Krisenzeiten
e2xu7s18,fxrsgieg,0.02969374,Current trends and innovations,COVID-19: Was Rheumapatienten jetzt wissen sollten
b9um4d8u,lvi4n41u,0.029700644,Author Multidisciplinarity and Disciplinary Roles in Field of Study Networks,Pflegen kann jede*r!
vb805p9l,s9qlcamb,0.02970216,Sustainability Risk Management of Firms,Finanzielle Hilfen für Vertragsärzte: Weitere KVen haben HVM-Änderungen ausgearbeitet
lvi4n41u,pft5mn86,0.029705709,Pflegen kann jede*r!,Experiences of COVID-19 patients' viscoelastometry testing and case reports
zj451p12,fxrsgieg,0.02971294,Are US Life Insurers the New Shadow Banks?,COVID-19: Was Rheumapatienten jetzt wissen sollten
zmqh2vx1,e69c9wyw,0.029714616,"Engaged Women’s Relationships, Weddings, and Mental Health During Covid-19",Nutzen von Erfahrungswissen in Krisen. Zur These einer vermehrten Bezugnahme auf Geschichte in Krisenzeiten
xz2qa948,9zhyv1hu,0.029715976,"""Erst gegen Covid, dann gegen Zoster impfen""",Considerations for Public Beaches
g5cty701,s9qlcamb,0.029718556,COVID-19 and the financial crisis in the sports sector around the world,Finanzielle Hilfen für Vertragsärzte: Weitere KVen haben HVM-Änderungen ausgearbeitet
fxrsgieg,2mzocuox,0.029719846,COVID-19: Was Rheumapatienten jetzt wissen sollten,Complement testing in the clinical laboratory.
inw1bj0i,fxrsgieg,0.029726965,Nurses’ perspectives of taking care of patients with Coronavirus disease 2019: A phenomenological study,COVID-19: Was Rheumapatienten jetzt wissen sollten
s9qlcamb,ubasthzv,0.029732186,Finanzielle Hilfen für Vertragsärzte: Weitere KVen haben HVM-Änderungen ausgearbeitet,Priorities for the US Health Community Responding to COVID-19
lvi4n41u,lliik8ot,0.029733656,Pflegen kann jede*r!,COVID-19 across Countries: Situation and Lessons for Pandemic control
1gp58zxg,s9qlcamb,0.029736558,Clinical presentation and course of COVID-19,Finanzielle Hilfen für Vertragsärzte: Weitere KVen haben HVM-Änderungen ausgearbeitet
lvi4n41u,bfnepqvi,0.029739344,Pflegen kann jede*r!,Overview of the Theoretical and Empirical Bases of Social Literacy Development for Adolescents
lvi4n41u,19c5t3iq,0.02974099,Pflegen kann jede*r!,Teaching the public health core competency of policy development to baccalaureate student nurses.
cq5mcvoh,lvi4n41u,0.02974235,Cultural City Diplomacy,Pflegen kann jede*r!
fxrsgieg,b9luq2te,0.029743636,COVID-19: Was Rheumapatienten jetzt wissen sollten,RemoteWork in Public Sector Organisations: Employees' Experiences in a Pandemic Context
lvi4n41u,axo5gdzl,0.0297506,Pflegen kann jede*r!,Research Forum Educational Program 2020
9gmsihcg,mherdb4v,0.029765863,"""Immer bereit sein, die Extrameile zu gehen""",Lessons for and from COVID‐19 for investors and their advisors
lvi4n41u,o976c8h0,0.02977074,Pflegen kann jede*r!,Unexpected Learning Opportunities for Nursing Students
hca45ood,s9qlcamb,0.029775826,Assisted Living Residents with Dementia: Being Out in the World and Negotiating Connections,Finanzielle Hilfen für Vertragsärzte: Weitere KVen haben HVM-Änderungen ausgearbeitet
btjjqvhh,s9qlcamb,0.029775826,Assisted Living Residents with Dementia: Being Out in the World and Negotiating Connections.,Finanzielle Hilfen für Vertragsärzte: Weitere KVen haben HVM-Änderungen ausgearbeitet
8p7vktc7,1ygu24fy,0.02977707,Keine Wirtschaftlichkeitsprüfungen für 2019: In Rheinland-Pfalz wurde das Ausgabenvolumen eingehalten,Lessons from covid-19: visiting patients at home and assessing comorbidities.
lvi4n41u,qw0q1kwq,0.029791832,Pflegen kann jede*r!,Diversifying educational resources during the COVID-19 pandemic: delivering educational dermatology podcasts and webinars for healthcare professionals
4n0mj8vp,fxrsgieg,0.029795181,Regional Committee papers.,COVID-19: Was Rheumapatienten jetzt wissen sollten
ukmcfezh,e69c9wyw,0.0297988,The Major Macrosocial Trends,Nutzen von Erfahrungswissen in Krisen. Zur These einer vermehrten Bezugnahme auf Geschichte in Krisenzeiten
fxrsgieg,5x1u5dax,0.02979962,COVID-19: Was Rheumapatienten jetzt wissen sollten,Nursing's Contributions to Stroke Care During COVID-19.
icgkb80g,fxrsgieg,0.02981529,Efforts to support athletes during COVID-19 outbreak: correspondence,COVID-19: Was Rheumapatienten jetzt wissen sollten
p81l6zvz,kwuh6v4c,0.029828912,Systemische Immunsuppression in Zeiten von COVID‐19: Müssen wir umdenken?,Privacy and uniqueness of neighborhoods in social networks
lvi4n41u,hcknigdu,0.029831138,Pflegen kann jede*r!,Chapter 5.9: major public health problems - infectious disease.
6mc4zg7g,caa5x4bj,0.029834965,Viele Sonderregelungen gelten weiter,Obesity: A Risk Factor for COVID-19
lvi4n41u,4da8o4we,0.029838106,Pflegen kann jede*r!,Governing patient safety in field hospitals: lessons for the future
fxrsgieg,pesvr65u,0.029839845,COVID-19: Was Rheumapatienten jetzt wissen sollten,Implications of the 2020 Election for U.S. Health Policy
g5gy3617,fxrsgieg,0.02984746,Pharmacists step up to the challenge of COVID-19,COVID-19: Was Rheumapatienten jetzt wissen sollten
cxt9oq0j,fxrsgieg,0.029849248,Antigenic relationships amongst coronaviruses,COVID-19: Was Rheumapatienten jetzt wissen sollten
lvi4n41u,pwwj25i3,0.029852765,Pflegen kann jede*r!,"A Few Steps Forward, A Few Steps Back"
trvwknfb,td4prw2k,0.029853614,Impfung zur Vorbeugung der COVID-19-Erkrankung sowie Impfpriorisierung bei Epilepsie,Should we be concerned about COVID‐19 with nonhuman primates?
p81l6zvz,4bqvm0kr,0.02985839,Systemische Immunsuppression in Zeiten von COVID‐19: Müssen wir umdenken?,The Humanizing and Civic Missions of History Education
n3a8ke8h,fxrsgieg,0.029861525,Coronavirus and the health care of people with disabilities: Immediate steps,COVID-19: Was Rheumapatienten jetzt wissen sollten
rl9rudqg,s9qlcamb,0.02986338,TWO LIVES HANGING IN THE BALANCE FROM COVID-19,Finanzielle Hilfen für Vertragsärzte: Weitere KVen haben HVM-Änderungen ausgearbeitet
pbtkeetk,79hf1x4j,0.029865092,Covid-19 pandemy from the perspective of regional children´s clinic,Sind durch COVID-19 (mehr) Patienten mit Hörverlust zu erwarten?
lvi4n41u,4z3858u8,0.029879501,Pflegen kann jede*r!,Attitude of family members of health care workers during covid-19 - A questionnaire survey
ru32ba2h,lvi4n41u,0.029882403,Metalloproteomics for Biomedical Research: Methodology and Applications,Pflegen kann jede*r!
lvi4n41u,ysqvasev,0.029885365,Pflegen kann jede*r!,The Environmental Sustainability of the Music Industries
fxrsgieg,erxgcuwj,0.029885773,COVID-19: Was Rheumapatienten jetzt wissen sollten,Nanocomposites: Potential therapeutic agents for the diagnosis and treatment of infectious diseases and cancer
fxrsgieg,zq4um5op,0.02988768,COVID-19: Was Rheumapatienten jetzt wissen sollten,Leading effective teams.
s9qlcamb,5v8jrpw9,0.029891193,Finanzielle Hilfen für Vertragsärzte: Weitere KVen haben HVM-Änderungen ausgearbeitet,Could COVID-19 Offer Lessons on Back Care in the Future?
lvi4n41u,syfs8r64,0.02989286,Pflegen kann jede*r!,Physicians Poster Abstracts: EBMT 2010
7sse2kaj,fxrsgieg,0.029893856,Evaluation of children followed up for Covid-19 in a tertiary hospital,COVID-19: Was Rheumapatienten jetzt wissen sollten
ihg2zuhq,s9qlcamb,0.02989735,Risk factors for mortality in COVID-19 patients in a community teaching hospital,Finanzielle Hilfen für Vertragsärzte: Weitere KVen haben HVM-Änderungen ausgearbeitet
9psb9qp3,fxrsgieg,0.02989776,Dining On Call: Outcomes of a hospital patient dining model.,COVID-19: Was Rheumapatienten jetzt wissen sollten
lvi4n41u,4gstke3e,0.029903114,Pflegen kann jede*r!,National Clinical Trials Networkbiobanking during the COVID-19 pandemic
g1ecupby,s9qlcamb,0.029905615,Quality of life and quality of environment in Czechia in the period of the COVID-19 pandemic,Finanzielle Hilfen für Vertragsärzte: Weitere KVen haben HVM-Änderungen ausgearbeitet
fxrsgieg,nqbztwfb,0.02991227,COVID-19: Was Rheumapatienten jetzt wissen sollten,Clinical features of COVID-19 pneumonia in elderly patients
66b1iovs,fxrsgieg,0.029920839,Exposure to Anthropogenic Areas May Influence Colonization by Zoonotic Microorganisms in Scavenging Birds,COVID-19: Was Rheumapatienten jetzt wissen sollten
lib58koh,fxrsgieg,0.029926522,The development of a consensus document on biosafety practices,COVID-19: Was Rheumapatienten jetzt wissen sollten
g2hfbr7e,e69c9wyw,0.02992709,Comparison of COVID-19 Case-Fatality-Rates by SocioDemographic Factors,Nutzen von Erfahrungswissen in Krisen. Zur These einer vermehrten Bezugnahme auf Geschichte in Krisenzeiten
lvi4n41u,fdsxl9hi,0.029934248,Pflegen kann jede*r!,Barriers to the digital transformation of infrastructure sectors
fxrsgieg,h4x5yhck,0.029944303,COVID-19: Was Rheumapatienten jetzt wissen sollten,Juggling the COVID-19 pandemic: a cytopathologist point of view.
lvi4n41u,6q0i7w9f,0.029948317,Pflegen kann jede*r!,THE ROLES of ECONOMIC POLICY UNCERTAINTY and the COVID-19 PANDEMIC in the CORRELATION between CRYPTOCURRENCY and STOCK MARKETS
s9qlcamb,0mgqnwrj,0.029959042,Finanzielle Hilfen für Vertragsärzte: Weitere KVen haben HVM-Änderungen ausgearbeitet,Exploring the perceived benefits of ethics education for laboratory professionals
qc5jg3b5,fxrsgieg,0.029959654,Correlation Between Inflammatory Parameters and Thyroid Axis in Patients With COVID-19,COVID-19: Was Rheumapatienten jetzt wissen sollten
p81l6zvz,x88j7i2k,0.02995971,Systemische Immunsuppression in Zeiten von COVID‐19: Müssen wir umdenken?,Key Contributions in Clinical Research Informatics
lwgzr3s3,lvi4n41u,0.029961051,Perception of medical students and residents about virtual interviews for residency applications in the United States,Pflegen kann jede*r!
fxrsgieg,wss75xdi,0.029961854,COVID-19: Was Rheumapatienten jetzt wissen sollten,Two cases of primary human parechovirus pneumonia in adults
fxrsgieg,sx8h3fvx,0.029967753,COVID-19: Was Rheumapatienten jetzt wissen sollten,Tribes are Public Health Authorities: Protecting Tribal Sovereignty in Times of Public Health Crisis
vur1c2nf,zf7wcwqo,0.029967964,Communicating With Patients and Families During COVID-19,La Neurología en tiempos de COVID
s9qlcamb,6wmdi30z,0.029987613,Finanzielle Hilfen für Vertragsärzte: Weitere KVen haben HVM-Änderungen ausgearbeitet,Keep the heart of the World Blood Donor Day beating: a challenge in times of COVID-19
6mc4zg7g,cir2t25q,0.029990304,Viele Sonderregelungen gelten weiter,Keeping the research spotlight on COVID-19
qgbhjjc7,fxrsgieg,0.02999519,Clinical features of covid-19 patients: is temperature screening useful?,COVID-19: Was Rheumapatienten jetzt wissen sollten
6mc4zg7g,wca81nyz,0.029998548,Viele Sonderregelungen gelten weiter,Shielding from covid-19 should be stratified by risk.
fxrsgieg,b6w186kd,0.0300118,COVID-19: Was Rheumapatienten jetzt wissen sollten,Students’ perceptions on race in medical education and healthcare
fe82q2o1,xavyz21u,0.030012248,Pflegedienstleiter in einer besonderen Zeit,Interim Guidance: healthcare workers and employers
p81l6zvz,vxhkpon6,0.03001578,Systemische Immunsuppression in Zeiten von COVID‐19: Müssen wir umdenken?,COVID-19 Guidelines for Sports and Physical Activity
fxrsgieg,k4m2vnc4,0.030017778,COVID-19: Was Rheumapatienten jetzt wissen sollten,Globalization and the health of the health care workforce.
e69c9wyw,rz4n3tcf,0.030020176,Nutzen von Erfahrungswissen in Krisen. Zur These einer vermehrten Bezugnahme auf Geschichte in Krisenzeiten,Cardiological manifestations in patients with COVID-19
0vii5euz,s9qlcamb,0.030024463,"RSNA 2021: Redefining Radiology by Creating Value, Valuing Diversity",Finanzielle Hilfen für Vertragsärzte: Weitere KVen haben HVM-Änderungen ausgearbeitet
ayzbh7bw,fxrsgieg,0.030027667,Epidemic spreading in metapopulation networks with heterogeneous infection rates,COVID-19: Was Rheumapatienten jetzt wissen sollten
bhimxnxq,f8hdn7ry,0.030028105,Serological characteristics of COVID-19 patients.,Auf alles gefasst sein
fenavohw,fxrsgieg,0.030033877,COVID-19 to delay clinical trials,COVID-19: Was Rheumapatienten jetzt wissen sollten
af3ojiob,e69c9wyw,0.030050881,Cerebrovascular events in COVID-19 patients,Nutzen von Erfahrungswissen in Krisen. Zur These einer vermehrten Bezugnahme auf Geschichte in Krisenzeiten
uocl0rny,s9qlcamb,0.030053707,Democratising Risk: In Search of a Methodology to Study Existential Risk,Finanzielle Hilfen für Vertragsärzte: Weitere KVen haben HVM-Änderungen ausgearbeitet
lvi4n41u,33nezniw,0.030057095,Pflegen kann jede*r!,Reproducibility of step tests in patients with bronchiectasis.
lvi4n41u,ikinbkna,0.030064423,Pflegen kann jede*r!,Rethinking Depression in Cities: Evidence and Theory for Lower Rates in Larger Urban Areas
3wwtcpdn,fxrsgieg,0.0300684,Infection Control and Management of COVID-19: Challenges for Paediatric Tertiary Care Hospitals,COVID-19: Was Rheumapatienten jetzt wissen sollten
nukwb6hx,fxrsgieg,0.030069305,Does hosting a professional sports team benefit the local community? Evidence from property assessments,COVID-19: Was Rheumapatienten jetzt wissen sollten
lvi4n41u,ytcoctvi,0.030073442,Pflegen kann jede*r!,Does Geopolitics Have an Impact on Energy Trade? Empirical Research on Emerging Countries
7r43q9s5,e69c9wyw,0.030079933,Providing women’s health care during COVID‐19: Personal and professional challenges faced by health workers,Nutzen von Erfahrungswissen in Krisen. Zur These einer vermehrten Bezugnahme auf Geschichte in Krisenzeiten
4fsrj39i,lvi4n41u,0.030080428,Investigation of College Students' Online Learning,Pflegen kann jede*r!
qyc49fyp,fxrsgieg,0.030084372,Biosafety measures for preventing infection from COVID-19 in clinical laboratories: IFCC Taskforce Recommendations,COVID-19: Was Rheumapatienten jetzt wissen sollten
7xg18i51,fxrsgieg,0.030086895,Identifying effects of multiple treatments in the presence of unmeasured confounding,COVID-19: Was Rheumapatienten jetzt wissen sollten
avobcnzk,awlbyl7t,0.030090638,Neue Impfempfehlungen - auch zu COVID-19,P5‐23: Neurological complications of patients with COVID‐19
91s4zcsq,lvi4n41u,0.030093787,Environmental City Diplomacy,Pflegen kann jede*r!
af3ojiob,8615p7xh,0.030094562,Cerebrovascular events in COVID-19 patients,Rentenpolitik ist nicht nachhaltig
s9qlcamb,76v5jfxq,0.030098714,Finanzielle Hilfen für Vertragsärzte: Weitere KVen haben HVM-Änderungen ausgearbeitet,qSOFA score poorly predicts critical progression in COVID-19 patients
tv2pgcjr,z2ulnfop,0.030107215,Factors influencing wellbeing in young people during COVID-19,Fakten auf einen Blick
fxrsgieg,ps4gcy9o,0.030107634,COVID-19: Was Rheumapatienten jetzt wissen sollten,"Health of Antarctic birds: a review of their parasites, pathogens and diseases"
zqoy3jfm,e69c9wyw,0.030112354,International and national notes research notes,Nutzen von Erfahrungswissen in Krisen. Zur These einer vermehrten Bezugnahme auf Geschichte in Krisenzeiten
dr2ywt13,atva6mfp,0.03011282,Evaluation of mortality predictors in hospitalized COVID-19 patients: Retrospective cohort study,COVID-19-Forschungsdaten leichter zugänglich machen – Aufbau einer bundesweiten Informationsinfrastruktur
hqvqsjtn,atva6mfp,0.030126419,Challenges in Infectious Diseases for Haematologists.,COVID-19-Forschungsdaten leichter zugänglich machen – Aufbau einer bundesweiten Informationsinfrastruktur
uu20ur49,atva6mfp,0.030128397,Clinical characteristics and risk factors for mortality in hematologic patients affected By COVID-19.,COVID-19-Forschungsdaten leichter zugänglich machen – Aufbau einer bundesweiten Informationsinfrastruktur
bjo6hun1,ciywigtm,0.030134771,Scientists' lanes and headwinds.,Pandemi COVID-19 sebagai alasan perusahaan untuk melakukan Pemutusan Hubungan Kerja (PHK) secara sepihak
lvi4n41u,afjaucb8,0.030135939,Pflegen kann jede*r!,Educated Citizenry or Workforce Pipeline Development? Questions for the Future of Undergraduate Public Health in the United States.
ygb7ptue,fxrsgieg,0.03013612,EULAR points to consider for conducting clinical trials and observational studies in individuals at risk of rheumatoid arthritis,COVID-19: Was Rheumapatienten jetzt wissen sollten
qyt87bsd,lvi4n41u,0.030136496,Trends and projections of caesarean section rates: global and regional estimates,Pflegen kann jede*r!
epho73do,s9qlcamb,0.030139053,Strengthening impact integrity in investment decision-making for sustainable development,Finanzielle Hilfen für Vertragsärzte: Weitere KVen haben HVM-Änderungen ausgearbeitet
v8ixcq5j,lvi4n41u,0.030139737,Students During the Pandemic: A Descriptive Study,Pflegen kann jede*r!
tskfl8od,z2ulnfop,0.030146189,Neurological Complications of COVID-19 in Children.,Fakten auf einen Blick
z2ulnfop,zoh1bsvo,0.030146189,Fakten auf einen Blick,Neurological Complications of COVID-19 in Children
zkun415o,fxrsgieg,0.030150723,Comparison of social media platforms in terms of marketing performances of food companies: IJFS,COVID-19: Was Rheumapatienten jetzt wissen sollten
kpkindb8,fxrsgieg,0.030152572,A Review of Catastrophic Risks for Life Insurers,COVID-19: Was Rheumapatienten jetzt wissen sollten
rgceocex,fxrsgieg,0.030156296,Simulation of COVID-19 spread through family feast gatherings in a complex network,COVID-19: Was Rheumapatienten jetzt wissen sollten
tlmi4lyv,fxrsgieg,0.0301588,Trials and tribulations of young residents fighting COVID-19,COVID-19: Was Rheumapatienten jetzt wissen sollten
irwzzhar,fxrsgieg,0.0301588,Trials and tribulations of young residents fighting COVID‐19,COVID-19: Was Rheumapatienten jetzt wissen sollten
fxrsgieg,4t06z2xl,0.030162098,COVID-19: Was Rheumapatienten jetzt wissen sollten,A review of the main histopathological findings in the Coronavirus Disease 2019 (COVID-19)
lvi4n41u,qhi41vfb,0.030167365,Pflegen kann jede*r!,Data Safety Monitoring during Covid‐19: Keep On Keeping On
s9qlcamb,5q4ns58n,0.030168105,Finanzielle Hilfen für Vertragsärzte: Weitere KVen haben HVM-Änderungen ausgearbeitet,Cost-Effectiveness of Remdesivir for COVID-19 Treatment: What Are We Missing?
riuc8vl2,s9qlcamb,0.030173862,Do national cultures matter in the containment of COVID-19?,Finanzielle Hilfen für Vertragsärzte: Weitere KVen haben HVM-Änderungen ausgearbeitet
z2ulnfop,5vnrll1v,0.030175252,Fakten auf einen Blick,Introduction: The Paradoxes and Worries in Contemporary Times
fxrsgieg,wbxrbfdq,0.030175334,COVID-19: Was Rheumapatienten jetzt wissen sollten,A distinct lineage of influenza A virus from bats.
lvi4n41u,sly1ngiq,0.030182958,Pflegen kann jede*r!,"Diversity of COVID-19 News Media Coverage across 17 Countries: The Influence of Cultural Values, Government Stringency and Pandemic Severity"
lmscgxz8,lvi4n41u,0.030183956,Lab leaks? . . . and other stories,Pflegen kann jede*r!
8yk3hr7s,s9qlcamb,0.03019184,Factors Influencing Students’ Behavior and Attitude towards Online Education during COVID-19,Finanzielle Hilfen für Vertragsärzte: Weitere KVen haben HVM-Änderungen ausgearbeitet
lvi4n41u,zkun415o,0.030199176,Pflegen kann jede*r!,Comparison of social media platforms in terms of marketing performances of food companies: IJFS
c2io6utd,avobcnzk,0.030204663,Employment Consequences of COVID-19 for People with Disabilities and Employers,Neue Impfempfehlungen - auch zu COVID-19
028ntm3a,s9qlcamb,0.030204942,Fulfilling the Sustainable Development Goals: On a Quest for a Sustainable World,Finanzielle Hilfen für Vertragsärzte: Weitere KVen haben HVM-Änderungen ausgearbeitet
6wj01icw,s9qlcamb,0.030207861,Risk factors for clinical deterioration in patients admitted for COVID-19: A case-control study,Finanzielle Hilfen für Vertragsärzte: Weitere KVen haben HVM-Änderungen ausgearbeitet
xual04xu,s9qlcamb,0.030209437,Tigray: the challenges of providing care in unimaginable conditions.,Finanzielle Hilfen für Vertragsärzte: Weitere KVen haben HVM-Änderungen ausgearbeitet
3e1tb64o,wvtbv2rv,0.030210009,Germplasm Acquisition and Distribution by CGIAR Genebanks,Welche Produkte sich lohnen
lvi4n41u,iaap737h,0.030211417,Pflegen kann jede*r!,A decade of gains in public health emergency preparedness and response at points of entry.
ncym0inv,fxrsgieg,0.030214965,Fertility rates and birth outcomes after ChAdOx1 nCoV-19 (AZD1222) vaccination,COVID-19: Was Rheumapatienten jetzt wissen sollten
lvi4n41u,lkcdlrt0,0.030223336,Pflegen kann jede*r!,"Personalised recommendation systems and the impact of covid-19: Perspectives, opportunities and challenges"
fxrsgieg,an0fufsc,0.030223953,COVID-19: Was Rheumapatienten jetzt wissen sollten,"COVID-19 in the autopsy room–requirements, safety, recommendations and pathological findings"
7vyrb9gm,lvi4n41u,0.030236872,"Consumer Tastes, Sentiments, Attitudes, and Behaviors Related to COVID-19",Pflegen kann jede*r!
jih9mpij,fxrsgieg,0.030238833,Mathematical indices for the influence of risk factors on the lethality of a disease,COVID-19: Was Rheumapatienten jetzt wissen sollten
p4nwwik9,s9qlcamb,0.030247727,Perceived characteristics of life situations during the COVID-19 pandemic,Finanzielle Hilfen für Vertragsärzte: Weitere KVen haben HVM-Änderungen ausgearbeitet
hw61bkd0,s9qlcamb,0.030252269,Rediscovering Meaning and Purpose: An Approach to Burnout in the Time of COVID-19 and Beyond.,Finanzielle Hilfen für Vertragsärzte: Weitere KVen haben HVM-Änderungen ausgearbeitet
fe82q2o1,vp459s2g,0.030257724,Pflegedienstleiter in einer besonderen Zeit,Community Health Workers And COVID-19.
lvi4n41u,mmyk5oto,0.030261362,Pflegen kann jede*r!,COVID-19 in tuberculosis patients: A report of three cases
lxmfymeq,fxrsgieg,0.030261507,A Qualitative study on diverse perspectives and identities of firearm owners.,COVID-19: Was Rheumapatienten jetzt wissen sollten
cxyks20x,lvi4n41u,0.030263247,Virtual Home Visits during the COVID-19 Pandemic: Social Workers’ Perspectives,Pflegen kann jede*r!
a0br0vie,s9qlcamb,0.030266669,Research progress on career anxiety and influencing factors of nursing college students under the background of COVID-19,Finanzielle Hilfen für Vertragsärzte: Weitere KVen haben HVM-Änderungen ausgearbeitet
apuahtnk,e69c9wyw,0.03027017,Diseases of game birds,Nutzen von Erfahrungswissen in Krisen. Zur These einer vermehrten Bezugnahme auf Geschichte in Krisenzeiten
qzd4njee,4wcf4z93,0.030277181,BCG-Vakzine als Lückenfüller?,Acknowledgement to Referees: Acknowledgement to Referees
lvi4n41u,r2itxvyv,0.030277468,Pflegen kann jede*r!,"Science, society, and policy in the face of uncertainty: reflections on the debate around face coverings for the public during COVID-19"
8ivim5lt,fxrsgieg,0.03027791,The importance of environments and surfaces hygienization in pandemic times (Covid-19): a microbiological analysis in places for physical activity practice,COVID-19: Was Rheumapatienten jetzt wissen sollten
lvi4n41u,hus02944,0.030285245,Pflegen kann jede*r!,Forthcoming articles page
z2ulnfop,ihg2zuhq,0.03028727,Fakten auf einen Blick,Risk factors for mortality in COVID-19 patients in a community teaching hospital
fea5eonb,s9qlcamb,0.030291133,A benefit–cost analysis of different response scenarios to COVID‐19: A case study,Finanzielle Hilfen für Vertragsärzte: Weitere KVen haben HVM-Änderungen ausgearbeitet
77zkfwr7,xhfmio7k,0.030293902,Masterplan Rohstoffe 2030 – Eine Rohstoffstrategie für Österreich,Can Bats Serve as Reservoirs for Arboviruses?
5c944qki,fxrsgieg,0.030295398,SEROEPIDEMIOLOGIC SURVEY OF CORONAVIRUS (STRAIN 229E) INFECTIONS IN A POPULATION OF CHILDREN,COVID-19: Was Rheumapatienten jetzt wissen sollten
lvi4n41u,psfgapmu,0.030300492,Pflegen kann jede*r!,The Airlines Communicating through Solomo Platforms during the Covid-19 Pandemic
lvi4n41u,3nislr13,0.030304769,Pflegen kann jede*r!,A review of COVID-19 vaccines and major considerations for diabetic patients.
cnka3eky,lvi4n41u,0.030313332,The Role of Rating Agencies in Sustainable Economy,Pflegen kann jede*r!
mherdb4v,33dqqjeu,0.030318208,Lessons for and from COVID‐19 for investors and their advisors,Nomogramm zur Risikostratifizierung von COVID-19-Patienten mit interstitieller Pneumonie in der Notaufnahme: Eine retrospektive multizentrische Studie
nxbgzaj4,lvi4n41u,0.030320616,Medical Students Contribute to the Community and Medical Field During COVID-19 Pandemic.,Pflegen kann jede*r!
fe82q2o1,842d69u0,0.030323429,Pflegedienstleiter in einer besonderen Zeit,Nephrology Nurses Give HOPE
af1v45hy,s9qlcamb,0.03032433,Counselling Placements Caught up in the Mismatch of Standards And Realities: Lessons From COVID-19,Finanzielle Hilfen für Vertragsärzte: Weitere KVen haben HVM-Änderungen ausgearbeitet
5zrhgzta,s9qlcamb,0.030332802,Challenges Faced By Teachers And Students Towards Quality Assurance Of Education Amidst COVID-19 Pandemic,Finanzielle Hilfen für Vertragsärzte: Weitere KVen haben HVM-Änderungen ausgearbeitet
lvi4n41u,2ja17pkb,0.030342212,Pflegen kann jede*r!,Variable levels of stress and anxiety reported by physiotherapy students during clinical placements: a cohort study
4wcf4z93,v3d44y1b,0.030347398,Acknowledgement to Referees: Acknowledgement to Referees,"In de schuld, uit de schuld"
sezvzbrg,s9qlcamb,0.030347792,Regulators are mounting a concerted effort against covid-19 – will it be enough?,Finanzielle Hilfen für Vertragsärzte: Weitere KVen haben HVM-Änderungen ausgearbeitet
lvi4n41u,hbkyu914,0.030348618,Pflegen kann jede*r!,"Home/School: Research Imperatives, Learning Settings, and the COVID-19 Pandemic"
wvtbv2rv,ewl63b2i,0.030351602,Welche Produkte sich lohnen,Manufacturing Workers and Employers
p81l6zvz,2pz0hh9z,0.030352725,Systemische Immunsuppression in Zeiten von COVID‐19: Müssen wir umdenken?,[the Wages in the Public Healthcare: the Pandemic Challenges]
c2io6utd,s3qtlt4o,0.030355083,Employment Consequences of COVID-19 for People with Disabilities and Employers,"Grundrechte in Zeiten von Corona : Zugleich Anmerkung zu BVerfG, Beschl. v. 7.4.2020 ­ 1 BvR 755/20"
389djar8,s9qlcamb,0.03036359,Medical Students in the Time of COVID‐19: Opportunities and Challenges,Finanzielle Hilfen für Vertragsärzte: Weitere KVen haben HVM-Änderungen ausgearbeitet
ylp21xtt,fxrsgieg,0.030364543,Nonsurgical cosmetic practice and COVID-19,COVID-19: Was Rheumapatienten jetzt wissen sollten
8p5mpug0,fxrsgieg,0.030364543,Nonsurgical cosmetic practice and COVID‐19,COVID-19: Was Rheumapatienten jetzt wissen sollten
mugq630z,fxrsgieg,0.030367011,Wildlife as Source of Zoonotic Infections,COVID-19: Was Rheumapatienten jetzt wissen sollten
lh9oww32,atva6mfp,0.030369772,Therapeutic agents tested in 238 COVID-19 hospitalized patients and their relationship with mortality,COVID-19-Forschungsdaten leichter zugänglich machen – Aufbau einer bundesweiten Informationsinfrastruktur
iwzi28pc,fxrsgieg,0.030372655,Community health workers: reflections on the health work process in Covid-19 pandemic times.,COVID-19: Was Rheumapatienten jetzt wissen sollten
lvi4n41u,tj1r0vr8,0.03037707,Pflegen kann jede*r!,"Water resources, public policies and the COVID-19 pandemic"
lvi4n41u,fmxckoge,0.03037812,Pflegen kann jede*r!,Knowledge and attitudes of pharmacy students about COVID-19
2erklxc4,fxrsgieg,0.030380394,The Effectiveness of Life-Preserving Investments in Times of COVID-19,COVID-19: Was Rheumapatienten jetzt wissen sollten
fxrsgieg,7bb04ofd,0.030380985,COVID-19: Was Rheumapatienten jetzt wissen sollten,Parents’ Experiences Regarding School Meals during the COVID-19 Pandemic
5m88q98i,fxrsgieg,0.030385025,Pilot Study on the Current Management of Children with COVID-19 In Hospitals in Bangladesh;Findings and Implications,COVID-19: Was Rheumapatienten jetzt wissen sollten
s9qlcamb,lnpgh5ls,0.03038676,Finanzielle Hilfen für Vertragsärzte: Weitere KVen haben HVM-Änderungen ausgearbeitet,Impact of COVID-19 on financial performance of logistics firms: evidence from G-20 countries
k4twbzkm,fxrsgieg,0.030396055,Relative contributions of transmission routes for COVID-19 among healthcare personnel providing patient care,COVID-19: Was Rheumapatienten jetzt wissen sollten
5d1zde7m,fxrsgieg,0.030399298,Study of the Prevalence of COVID-19 Disease and Related Risk Factors in Two Groups of Industries with and without Occupational Health Management Systems,COVID-19: Was Rheumapatienten jetzt wissen sollten
jbv80qp7,p81l6zvz,0.030401146,Covid-19 vaccination: Logistical challenges in primary care,Systemische Immunsuppression in Zeiten von COVID‐19: Müssen wir umdenken?
lvi4n41u,thn89st5,0.030406693,Pflegen kann jede*r!,Songwon Industrial posts solid financial results
s9qlcamb,f4eglmef,0.030410958,Finanzielle Hilfen für Vertragsärzte: Weitere KVen haben HVM-Änderungen ausgearbeitet,2021 AMSSM Case Podium Presentations.
8wj1aacr,fxrsgieg,0.030418392,"Recreational Therapy in Nursing Homes: History, Regulations, COVID-19, and Beyond",COVID-19: Was Rheumapatienten jetzt wissen sollten
fxrsgieg,bsljezln,0.030423187,COVID-19: Was Rheumapatienten jetzt wissen sollten,"COVID Associated Mucormycosis: A Study on the Spectrum of Clinical, Biochemical and Radiological Findings in A Series of Ten Patients."
l4feq390,fxrsgieg,0.03043115,Infectious disease transmission: survey of contacts between hospital-based healthcare workers and working adults from the general population,COVID-19: Was Rheumapatienten jetzt wissen sollten
lvi4n41u,xqlvdziu,0.030432433,Pflegen kann jede*r!,Review of registered clinical trials for the treatment of COVID‐19
n2731fdz,atva6mfp,0.03043337,Survey Findings of Challenges with Teleneuropsychological Assessment and Advice in Mitigating these Challenges,COVID-19-Forschungsdaten leichter zugänglich machen – Aufbau einer bundesweiten Informationsinfrastruktur
kmlynj86,atva6mfp,0.030434107,Treatment Journey of Covid-19 Patients in Hospital Settings,COVID-19-Forschungsdaten leichter zugänglich machen – Aufbau einer bundesweiten Informationsinfrastruktur
yoqu6npc,r6s6es18,0.030434659,Berichten allein reicht nicht,Computations with Algebraic Surfaces
atva6mfp,4gstke3e,0.030441115,COVID-19-Forschungsdaten leichter zugänglich machen – Aufbau einer bundesweiten Informationsinfrastruktur,National Clinical Trials Networkbiobanking during the COVID-19 pandemic
ja687t28,lvi4n41u,0.030445559,Eight hospitalized patients with COVID-19,Pflegen kann jede*r!
b8zcnrt1,s9qlcamb,0.03044749,Leisure Matters: Cross Continent Conversations in a Time of Crisis,Finanzielle Hilfen für Vertragsärzte: Weitere KVen haben HVM-Änderungen ausgearbeitet
lvi4n41u,83aa34vi,0.030448202,Pflegen kann jede*r!,An evaluation of the eCOVID19 Recommendation Map identified diverging Clinical and Public Health guidance
ylmw0qgo,fxrsgieg,0.030449755,Toys in the Playrooms of Children’s Hospitals: A Potential Source of Nosocomial Bacterial Infections?,COVID-19: Was Rheumapatienten jetzt wissen sollten
pvurch8h,fxrsgieg,0.030450476,Nursing Home Managers’ High Risk of Burnout,COVID-19: Was Rheumapatienten jetzt wissen sollten
lvi4n41u,nl64a581,0.030452652,Pflegen kann jede*r!,Patients' perceptions with musculoskeletal disorders regarding their experience with healthcare providers and health services: an overview of reviews.
lvi4n41u,bonmc0fl,0.03045851,Pflegen kann jede*r!,Assessment of Critical Diffusion Factors of Public–Private Partnership and Social Policy: Evidence from Mainland Prefecture-Level Cities in China
f21t5d4u,s9qlcamb,0.03046114,"Challenges, priorities and tasks for the generalists at the time of COVID-19 pandemic",Finanzielle Hilfen für Vertragsärzte: Weitere KVen haben HVM-Änderungen ausgearbeitet
cm8x5wbj,atva6mfp,0.030462533,The Challenges and Rewards of Teledentistry.,COVID-19-Forschungsdaten leichter zugänglich machen – Aufbau einer bundesweiten Informationsinfrastruktur
lvi4n41u,lvbzwwbf,0.030462857,Pflegen kann jede*r!,Realizing the Dream: The Future of Primary Care Research.
6efj9zj8,s9qlcamb,0.030466018,"Surfactants: past, present and future",Finanzielle Hilfen für Vertragsärzte: Weitere KVen haben HVM-Änderungen ausgearbeitet
lvi4n41u,z2hqkzap,0.030476142,Pflegen kann jede*r!,Psychotropic drugs in patients with Covid-19: A retrospective cohort study (PsyCovid-19 study)
ekdex34c,fxrsgieg,0.030482646,Clinical Characteristics and Risk Factors of Mortality Among Severe COVID-19 Patients,COVID-19: Was Rheumapatienten jetzt wissen sollten
s9qlcamb,d8fpxlao,0.03048277,Finanzielle Hilfen für Vertragsärzte: Weitere KVen haben HVM-Änderungen ausgearbeitet,Changing teaching practice: The evolving purpose of the teacher in higher education
2utl2mfl,fxrsgieg,0.030484123,Factors associated with changing indications for adenotonsillectomy: A population-based longitudinal study,COVID-19: Was Rheumapatienten jetzt wissen sollten
lvi4n41u,kz4s1902,0.030485472,Pflegen kann jede*r!,Empirical Analysis of Factors Influencing Healthcare Efficiency among Emerging Countries
alm3p31f,lvi4n41u,0.030486573,Immunobiological aspects of vaccines in pregnancy: Maternal perspective,Pflegen kann jede*r!
lvi4n41u,k1doipse,0.030490963,Pflegen kann jede*r!,"Accounting students' perceptions of work–life balance, accounting career image and intention to pursue accounting careers"
z2ulnfop,u6mj39g6,0.030494587,Fakten auf einen Blick,Public Health Is Women’s Health
yznxwi7x,lvi4n41u,0.03050176,Experiences of remote education during COVID-19 and its relationship to the mental health of primary school children,Pflegen kann jede*r!
atva6mfp,hz5cfj4v,0.030502673,COVID-19-Forschungsdaten leichter zugänglich machen – Aufbau einer bundesweiten Informationsinfrastruktur,Barriers to Participation in Clinical Trials: The Problem of Information
atva6mfp,zxralurd,0.030502722,COVID-19-Forschungsdaten leichter zugänglich machen – Aufbau einer bundesweiten Informationsinfrastruktur,Mobilizing Hospitals to Mobilize Patients
ol635rqb,fe82q2o1,0.030509721,"Thank you to all our supporters, reviewers, authors, readers, and more",Pflegedienstleiter in einer besonderen Zeit
fxrsgieg,9hej3j0u,0.030520406,COVID-19: Was Rheumapatienten jetzt wissen sollten,Factors associated with admission of COVID-19 patients in intensive care unit
lvi4n41u,ewx5y8uw,0.03052218,Pflegen kann jede*r!,Exploring the Knowledge Management Impact on Business Education
1idyul4d,lvi4n41u,0.030533127,COVID-19 Pandemic and World Trade: Some Analytical Notes,Pflegen kann jede*r!
3qxqvmon,l6trtvil,0.030533358,Współzależność przemysłu 4.0 z gospodarką o obiegu zamkniętym: w poszukiwaniu wspólnego obszaru definicyjnego,Who Needs Gastroprotection in 2020?
j073291d,fxrsgieg,0.030535957,Covid-19 and pregnancy: the experience of a tertiary maternity hospital.,COVID-19: Was Rheumapatienten jetzt wissen sollten
zsk0p1wb,s9qlcamb,0.030542124,Fixing racism: out of the corner of one's eye.,Finanzielle Hilfen für Vertragsärzte: Weitere KVen haben HVM-Änderungen ausgearbeitet
fxrsgieg,qrmlw9jv,0.030543115,COVID-19: Was Rheumapatienten jetzt wissen sollten,The Experience of International Students and Institutional Recommendations: A Comparison Between the Students From the Developing and Developed Regions
lvi4n41u,np9kbu0e,0.030545508,Pflegen kann jede*r!,Hematologic Parameters of COVID - 19: A Review on Alteration of Hematologic Laboratory Findings
33alavtn,e69c9wyw,0.03055281,Performances of clinical characteristics and radiological findings in identifying COVID-19 from suspected cases,Nutzen von Erfahrungswissen in Krisen. Zur These einer vermehrten Bezugnahme auf Geschichte in Krisenzeiten
ngo0fyew,lvi4n41u,0.03055602,From Individuals to Groups and Back: The Evolutionary Implications of Group Phenotypic Composition,Pflegen kann jede*r!
fxrsgieg,19c5t3iq,0.030556723,COVID-19: Was Rheumapatienten jetzt wissen sollten,Teaching the public health core competency of policy development to baccalaureate student nurses.
lvi4n41u,en4z438f,0.030558435,Pflegen kann jede*r!,"Geography, generalisability, and susceptibility in clinical trials"
s9qlcamb,c9lu7ygg,0.030558601,Finanzielle Hilfen für Vertragsärzte: Weitere KVen haben HVM-Änderungen ausgearbeitet,[Reviewing and Reflecting on Nursing During the COVID-19 Pandemic]
s9qlcamb,03n3ocxl,0.030561542,Finanzielle Hilfen für Vertragsärzte: Weitere KVen haben HVM-Änderungen ausgearbeitet,Second Life in Art and Design from Students' Perspective: a Case Study
z2ulnfop,hqiehxb9,0.030569322,Fakten auf einen Blick,Characteristics and quality of nursing homes reporting COVID‐19 admissions from hospitals
atva6mfp,obdaskaa,0.030569864,COVID-19-Forschungsdaten leichter zugänglich machen – Aufbau einer bundesweiten Informationsinfrastruktur,Obesity and COVID-19 outcomes: a risk factor that needs attention
4wcf4z93,6el6n1kn,0.030585876,Acknowledgement to Referees: Acknowledgement to Referees,Ein Jahr Coronapandemiemanagement an einem 300-Betten-Krankenhaus: Report der Pandemiebeauftragten
64tx1ybl,lvi4n41u,0.030586742,Building Bridges Between Community Health Centers and Academic Medical Centers in a COVID-19 Pandemic,Pflegen kann jede*r!
saev0rcw,cir2t25q,0.03058798,Prawa człowieka dzieci niepełnosprawnych w sytuacjach kryzysowych: wyzwanie COVID‐19,Keeping the research spotlight on COVID-19
fdjsgrfi,4wcf4z93,0.030588683,Descifrando la patogenia de la COVID-19,Acknowledgement to Referees: Acknowledgement to Referees
4ll2rqh3,xhfmio7k,0.030588923,"Weniger Arbeit, mehr Urlaub",Can Bats Serve as Reservoirs for Arboviruses?
s3uv9doq,fxrsgieg,0.030590063,School Nurses: In the Eye of the Storm,COVID-19: Was Rheumapatienten jetzt wissen sollten
8p7vktc7,cv7g8umq,0.030593446,Keine Wirtschaftlichkeitsprüfungen für 2019: In Rheinland-Pfalz wurde das Ausgabenvolumen eingehalten,Metalcasting Industry Research
fxrsgieg,j6vxu3ea,0.030599298,COVID-19: Was Rheumapatienten jetzt wissen sollten,He’s Working from Home and I’m at Home Trying to Work: Experiences of Childcare and the Work–Family Balance Among Mothers During COVID-19
c1tj161e,lvi4n41u,0.030602524,"Trends in the Prevalence of Concussion Reported by US Adolescents, 2016-2020",Pflegen kann jede*r!
y5luxecz,fxrsgieg,0.03061241,Airline Cabin Crew Team System’s Positive Evaluation Factors and Their Impact on Personal Health and Team Potency,COVID-19: Was Rheumapatienten jetzt wissen sollten
di2ny2sb,4wcf4z93,0.03062365,Strahlenanwendung in der Diagnostik von COVID-19: Stellungnahme der Strahlenschutzkommission,Acknowledgement to Referees: Acknowledgement to Referees
g0vyzsga,79hf1x4j,0.03062481,Radiographic Findings and other Predictors in Adults with Covid-19,Sind durch COVID-19 (mehr) Patienten mit Hörverlust zu erwarten?
fxrsgieg,znrgzzyr,0.030626182,COVID-19: Was Rheumapatienten jetzt wissen sollten,[Concerns and demands regarding COVID-19. Survey of health personnel]
vms0r95w,lvi4n41u,0.030630678,A time of reflection and ensuring that nurses' voices are heard,Pflegen kann jede*r!
fxrsgieg,eo6v4f1m,0.030633744,COVID-19: Was Rheumapatienten jetzt wissen sollten,Food habits and associated risk factors of depressed patients with cardiovascular disease
77zkfwr7,ois5rucs,0.030638047,Masterplan Rohstoffe 2030 – Eine Rohstoffstrategie für Österreich,From the Guest Editors: Grief
u3xxshqw,fxrsgieg,0.030638121,Current Therapies Under Investigation for COVID-19.,COVID-19: Was Rheumapatienten jetzt wissen sollten
fxrsgieg,yfnju6z9,0.03064407,COVID-19: Was Rheumapatienten jetzt wissen sollten,SFLT-1 LEVELS IN COVID-19 PATIENTS: ASSOCIATION WITH OUTCOME AND THROMBOSIS.
lvi4n41u,pk1llyj8,0.030659193,Pflegen kann jede*r!,Library Websites During the COVID-19 Pandemic
1i6gv7bs,lvi4n41u,0.030665806,Supporting Students and Families in Post-Pandemic School Systems,Pflegen kann jede*r!
vytb6rgk,s9qlcamb,0.030676613,The Impact Of Covid-19 On The Decision Making For The Customer Relation Management In The Middle East,Finanzielle Hilfen für Vertragsärzte: Weitere KVen haben HVM-Änderungen ausgearbeitet
fxrsgieg,2ezbag6f,0.03068704,COVID-19: Was Rheumapatienten jetzt wissen sollten,"Positioning Talent: History, Cities and the Growing Importance of Talent"
9r0gbiwu,ewl63b2i,0.030698959,Mukormykosen - frühe Abgrenzung zur Aspergillose besonders wichtig,Manufacturing Workers and Employers
gwts1qgm,z2ulnfop,0.030699864,Effectiveness of Healthcare and Fitness Influencers during COVID Times,Fakten auf einen Blick
f2aipypi,lvi4n41u,0.030700412,A phenomenological exploration of the impact of COVID‐19 on the medical education community,Pflegen kann jede*r!
lvi4n41u,5alerret,0.030702252,Pflegen kann jede*r!,Mental health status of students’ parents during COVID-19 pandemic and its influence factors
49lfj4dl,fxrsgieg,0.030710854,The public policy process,COVID-19: Was Rheumapatienten jetzt wissen sollten
ash0dnc9,h7wtvca0,0.030711709,Freiheit auf Zeit,ResearchPaper:EfficacyofMyofascialReleaseTherapy on the Cardiorespiratory Functions in Patients With COVID-19
ttjr4dsl,s9qlcamb,0.030718047,The increasing cost of happiness,Finanzielle Hilfen für Vertragsärzte: Weitere KVen haben HVM-Änderungen ausgearbeitet
lvi4n41u,anpsijdd,0.03072763,Pflegen kann jede*r!,Subset neighborhood rough sets
z95e388p,s9qlcamb,0.030736962,Analysis of County Consumers’ Housing Purchase Intention and Influencing Factors-Based on the Investigation of Anyue County,Finanzielle Hilfen für Vertragsärzte: Weitere KVen haben HVM-Änderungen ausgearbeitet
z2ulnfop,vhace1ws,0.030737476,Fakten auf einen Blick,Addressing and Eliminating Health Disparities.
rio2ay1w,fxrsgieg,0.030739872,The Evolving Field of Risk Communication,COVID-19: Was Rheumapatienten jetzt wissen sollten
p81l6zvz,x323erqz,0.030742705,Systemische Immunsuppression in Zeiten von COVID‐19: Müssen wir umdenken?,The association of social determinants of health with health outcomes.
f4j4nyl2,s9qlcamb,0.030745093,Student Agency in Traditional and Distance Learning from Their Instructors{'} Perspective,Finanzielle Hilfen für Vertragsärzte: Weitere KVen haben HVM-Änderungen ausgearbeitet
96wbffi2,fxrsgieg,0.030750435,COVID-19 and cardiovascular disease: characteristic features in older patients.,COVID-19: Was Rheumapatienten jetzt wissen sollten
99f4zaqv,fxrsgieg,0.030756887,"Epidemiologic, clinical, and virologic characteristics of human rhinovirus infection among otherwise healthy children and adults",COVID-19: Was Rheumapatienten jetzt wissen sollten
asazu11b,lvi4n41u,0.030762823,The risk of over-diagnosis in serological testing. Implications for communications strategies,Pflegen kann jede*r!
kxxqgaaj,s9qlcamb,0.030763444,Identifying Critical Infrastructure in a World with Network Cybersecurity Risk,Finanzielle Hilfen für Vertragsärzte: Weitere KVen haben HVM-Änderungen ausgearbeitet
m2nj9rih,fxrsgieg,0.030768612,Cervicovaginal COVID-19 Positivity: A Pilot Study,COVID-19: Was Rheumapatienten jetzt wissen sollten
60ja4opl,s9qlcamb,0.030768959,Dangerous to claim “no clear association” between intergenerational relationships and COVID-19,Finanzielle Hilfen für Vertragsärzte: Weitere KVen haben HVM-Änderungen ausgearbeitet
z2ulnfop,1a329gcy,0.030771174,Fakten auf einen Blick,Seasonality of respiratory viruses and bacterial pathogens
lvi4n41u,xuulelql,0.03077777,Pflegen kann jede*r!,Analyzing the emotions of students' parents at higher education level throughout the COVID-19 pandemic: An empirical study based on demographic viewpoints
fxrsgieg,7ee3uwvo,0.030779364,COVID-19: Was Rheumapatienten jetzt wissen sollten,Covid-19: a Course through Stormy Waters
kwee0dzd,s9qlcamb,0.030785963,Factors Affecting Impulse Buying Behavior of Consumers,Finanzielle Hilfen für Vertragsärzte: Weitere KVen haben HVM-Änderungen ausgearbeitet
zn3xk5ls,fe82q2o1,0.030797478,As close as possible to researchers and caregivers,Pflegedienstleiter in einer besonderen Zeit
fxrsgieg,80vnxll6,0.03079757,COVID-19: Was Rheumapatienten jetzt wissen sollten,A Constructivist Grounded Theory Investigation of Businesses' Concerns About Public-Private Partnership Responses Toward COVID-19
atva6mfp,eitceew2,0.030800512,COVID-19-Forschungsdaten leichter zugänglich machen – Aufbau einer bundesweiten Informationsinfrastruktur,Abstracts of the contributed papers
9a4xjg09,fxrsgieg,0.030808838,Assessing the public perceptions of treated wastewater reuse: opportunities and implications for urban communities in developing countries,COVID-19: Was Rheumapatienten jetzt wissen sollten
lvi4n41u,slnatspl,0.030811092,Pflegen kann jede*r!,"Teaching Physical Education in the COVID-19 Context: Pedagogical Content, Organization, and Challenge of Health Education"
exbwiqr7,s9qlcamb,0.030812139,The Spread and Consequences of COVID-19 for Cities: An Introduction,Finanzielle Hilfen für Vertragsärzte: Weitere KVen haben HVM-Änderungen ausgearbeitet
mqwe4q68,lvi4n41u,0.030817933,"Risk and Financial Management of COVID-19 in Business, Economics and Finance",Pflegen kann jede*r!
lvi4n41u,x8xgka51,0.030820245,Pflegen kann jede*r!,"On the Relationship Between Authentic Leadership, Flourishing, and Performance in Healthcare Teams: A Job Demands-Resources Perspective"
fxrsgieg,g51479nn,0.030824201,COVID-19: Was Rheumapatienten jetzt wissen sollten,Some comments on hagiographic studies
z2ulnfop,55927bnv,0.030831795,Fakten auf einen Blick,Additional clinical pharmacists roles during COVID-19
13hdz34g,lvi4n41u,0.03083422,Hysteresis and Business Cycles,Pflegen kann jede*r!
lvi4n41u,7l180asg,0.030842084,Pflegen kann jede*r!,Covid-19 transmission modelling of students returning home from university
e69c9wyw,b6w186kd,0.030842206,Nutzen von Erfahrungswissen in Krisen. Zur These einer vermehrten Bezugnahme auf Geschichte in Krisenzeiten,Students’ perceptions on race in medical education and healthcare
z2ulnfop,9xqngd08,0.030845018,Fakten auf einen Blick,"COVID-19 stress, health issues, and correlations with different genders and age groups"
e69c9wyw,qodylkum,0.030846253,Nutzen von Erfahrungswissen in Krisen. Zur These einer vermehrten Bezugnahme auf Geschichte in Krisenzeiten,State minimum wages and health insurance coverage in the United States: 2008–2018
vc4wg9hr,fxrsgieg,0.030849496,Aerosol generation during routine rhinologic surgeries and in‐office procedures,COVID-19: Was Rheumapatienten jetzt wissen sollten
fxrsgieg,voli003m,0.030857436,COVID-19: Was Rheumapatienten jetzt wissen sollten,A model of COVID-19 transmission and control on university campuses
dcj919r8,z2ulnfop,0.030857768,Enteroviruses and coronaviruses: similarities and therapeutic targets,Fakten auf einen Blick
lvi4n41u,zcei6sj1,0.030861609,Pflegen kann jede*r!,Exploring the experience of Gamblers Anonymous meetings during COVID-19: a qualitative study
t7eypr8z,fxrsgieg,0.030866908,Small States and the Turning Point in Global Politics,COVID-19: Was Rheumapatienten jetzt wissen sollten
lvi4n41u,9fl3ryc9,0.030869158,Pflegen kann jede*r!,Adverse Events Following Immunization to Covid-19 Vaccines in A Tertiary Care Hospital - A Descriptive Study
nl1hdgqx,s9qlcamb,0.03086952,Light at the End of the Tunnel.,Finanzielle Hilfen für Vertragsärzte: Weitere KVen haben HVM-Änderungen ausgearbeitet
e69c9wyw,bxmiscol,0.030870078,Nutzen von Erfahrungswissen in Krisen. Zur These einer vermehrten Bezugnahme auf Geschichte in Krisenzeiten,Psychological risk factors for healthcare professionals in the epidemic process
lvi4n41u,juvu9lyl,0.030873932,Pflegen kann jede*r!,"Examining relationships between COVID-19 destination practices, value, satisfaction and behavioral intentions for tourists' outdoor recreation trips"
lvi4n41u,zrgjlbla,0.030890657,Pflegen kann jede*r!,Inclusion of children and pregnant women in COVID-19 intervention trials.
lvi4n41u,qh8qy02t,0.03089355,Pflegen kann jede*r!,Social protection floors as an investment in the future
zxlyyxw9,fxrsgieg,0.030903561,Microbial Infections Are a Risk Factor for Neurodegenerative Diseases,COVID-19: Was Rheumapatienten jetzt wissen sollten
lvi4n41u,4k6e95s3,0.030911542,Pflegen kann jede*r!,Telemedicine medical abortion at home under 12 weeks' gestation: a prospective observational cohort study during the COVID-19 pandemic
lvi4n41u,1jt9ru51,0.030915173,Pflegen kann jede*r!,Errors in Statistical Numbers and Data
b6hufjtr,s9qlcamb,0.030917857,Cultivating Innovative Work Behavior of Nurses Through Diversity Climate: The Mediating Role of Job Crafting,Finanzielle Hilfen für Vertragsärzte: Weitere KVen haben HVM-Änderungen ausgearbeitet
29mcj9os,fxrsgieg,0.030918827,Teaching Ultrasound at the Point of Care in Times of Social Distancing,COVID-19: Was Rheumapatienten jetzt wissen sollten
upqaahwu,e69c9wyw,0.03091902,Risk perception in women: a focus on menopause.,Nutzen von Erfahrungswissen in Krisen. Zur These einer vermehrten Bezugnahme auf Geschichte in Krisenzeiten
5k5efmne,fxrsgieg,0.03092104,"Preface to Clinical Neurosurgery Volume 66, Proceedings of the Congress of Neurological Surgeons 2018 Annual Meeting.",COVID-19: Was Rheumapatienten jetzt wissen sollten
4wcf4z93,nu3fihfo,0.030927373,Acknowledgement to Referees: Acknowledgement to Referees,Veranderingen in ervaren voedselzekerheid en eetgedrag in Nederland sinds de COVID-19-uitbraak
mva5te3h,fxrsgieg,0.03092745,Indications for and Findings on Transthoracic Echocardiography in COVID-19 patients admitted to a Tertiary Care Government Medical Hospital,COVID-19: Was Rheumapatienten jetzt wissen sollten
1pjkox5x,lvi4n41u,0.03093061,Research is…making the emotional dimensions of academics’ research visible,Pflegen kann jede*r!
ywltmx88,fxrsgieg,0.030930903,Outcomes Following Lvad Implantation In Covid-19 Patients,COVID-19: Was Rheumapatienten jetzt wissen sollten
lvi4n41u,qgx8838b,0.030933794,Pflegen kann jede*r!,Measuring the success of interventions for caregivers: a focussed systematic review.
d9ffhpog,lvi4n41u,0.030937204,Effects of Social Distancing Policy on Labor Market Outcomes,Pflegen kann jede*r!
lvi4n41u,gampksmk,0.03093749,Pflegen kann jede*r!,Shaking stability: COVID-19 impact on the Visegrad Group countries' financial markets
xwqei9pa,fxrsgieg,0.03093878,Neurological symptoms in hospitalised patients with COVID-19 and their association with in-hospital mortality,COVID-19: Was Rheumapatienten jetzt wissen sollten
ilkusbzg,fxrsgieg,0.030944442,Evaluating Public Health Interventions: A Neglected Area in Health Technology Assessment,COVID-19: Was Rheumapatienten jetzt wissen sollten
lvi4n41u,33e4pgqg,0.03094599,Pflegen kann jede*r!,Microbiome Analyses for Toxicological Studies.
lvi4n41u,xzrhq8oe,0.030949797,Pflegen kann jede*r!,Medical student engagement during COVID-19: Lessons learned and areas for improvement
z2ulnfop,fiskunb4,0.030951194,Fakten auf einen Blick,The COVID-19 Pandemic: Challenges for the Neurosurgeons and Neurologists.
gv14vlkp,fxrsgieg,0.030951995,Variable Presentation of COVID-19 in Pediatric Patients.,COVID-19: Was Rheumapatienten jetzt wissen sollten
cbvbaa6q,s9qlcamb,0.030961474,Critical decisions for crisis management: An introduction,Finanzielle Hilfen für Vertragsärzte: Weitere KVen haben HVM-Änderungen ausgearbeitet
s9qlcamb,emzgqxj7,0.03096539,Finanzielle Hilfen für Vertragsärzte: Weitere KVen haben HVM-Änderungen ausgearbeitet,Looking Beyond: Toward a Psychoanalytic Future.
z2ulnfop,l705no5s,0.030965824,Fakten auf einen Blick,Academic Coaching of Medical Students During COVID-19
nx7i4q78,fxrsgieg,0.030967938,Volume contents and index to volume 8,COVID-19: Was Rheumapatienten jetzt wissen sollten
x4vztgnd,fxrsgieg,0.030974012,The Influence of the Other-Race Effect on Susceptibility to Face Morphing Attacks,COVID-19: Was Rheumapatienten jetzt wissen sollten
lvi4n41u,dxreaxso,0.030981123,Pflegen kann jede*r!,Effects of Covid-19 on higher education: Challenges and responses
fxrsgieg,pb9y293z,0.030983144,COVID-19: Was Rheumapatienten jetzt wissen sollten,COVID-19-Related Changes in Potential Risk Factors for Elder Mistreatment Reported by Caregivers of Older Adults
2bp6iaih,mon8zwhz,0.030989038,"Pandemics, Protests and Firearms",Peran Komunikasi Sebagai Mitigasi Stigmatisasi COVID-19
qt169vl9,fxrsgieg,0.030989854,Players’ physical performance in LaLiga across the season: insights for competition continuation after COVID-19,COVID-19: Was Rheumapatienten jetzt wissen sollten
mgtciit5,fxrsgieg,0.030992014,More Novel Hantaviruses and Diversifying Reservoir Hosts — Time for Development of Reservoir-Derived Cell Culture Models?,COVID-19: Was Rheumapatienten jetzt wissen sollten
7yzn3rpr,lvi4n41u,0.030994602,Friends and enemies of humans and viruses,Pflegen kann jede*r!
ppnqju4z,lvi4n41u,0.030995006,Practice Ownership Intentions of Pediatric Dentistry Residents and the Influence of Educational Debt.,Pflegen kann jede*r!
3qxqvmon,afzibg4s,0.031003002,Współzależność przemysłu 4.0 z gospodarką o obiegu zamkniętym: w poszukiwaniu wspólnego obszaru definicyjnego,Awareness of COVID-19 among aged population
4wcf4z93,8po9xe5g,0.031004474,Acknowledgement to Referees: Acknowledgement to Referees,Akutes Leberversagen: Übersicht zur aktuellen Diagnostik und Therapie
fe82q2o1,4hs8kiiv,0.03100605,Pflegedienstleiter in einer besonderen Zeit,Who Cares About Wildlife?
lvi4n41u,5yucswhy,0.031006116,Pflegen kann jede*r!,Examining National Public Health Law to Realize the Global Health Security Agenda.
mi0ypv0f,fxrsgieg,0.03101839,Associations Between Single-Family Room Care and Breastfeeding Rates in Preterm Infants.,COVID-19: Was Rheumapatienten jetzt wissen sollten
3lzl02yz,fxrsgieg,0.03102063,Nursing through numerous deaths during COVID-19,COVID-19: Was Rheumapatienten jetzt wissen sollten
v4eb7ced,lvi4n41u,0.031020649,"Exploring the consequences of COVID-19 on tourist behaviors: perceived travel risk, animosity and intentions to travel",Pflegen kann jede*r!
86esyb9q,r6s6es18,0.031020684,Erfolge feiern - Zukunft gestalten,Computations with Algebraic Surfaces
4i5i5iy3,4wcf4z93,0.031026252,Not kennt kein Gebot? Sondervermögen als Speicher von Notlagenkrediten,Acknowledgement to Referees: Acknowledgement to Referees
l6754c29,e69c9wyw,0.031027075,Features of α‐HBDH in COVID‐19 patients: A cohort study,Nutzen von Erfahrungswissen in Krisen. Zur These einer vermehrten Bezugnahme auf Geschichte in Krisenzeiten
az2pgmkj,e69c9wyw,0.031027075,Features of α-HBDH in COVID-19 patients: A cohort study,Nutzen von Erfahrungswissen in Krisen. Zur These einer vermehrten Bezugnahme auf Geschichte in Krisenzeiten
fxrsgieg,wi8osas0,0.031029169,COVID-19: Was Rheumapatienten jetzt wissen sollten,Capital markets and perceptions of sectoral sensitivity to COVID-19
s9qlcamb,ns1n7pxu,0.03103332,Finanzielle Hilfen für Vertragsärzte: Weitere KVen haben HVM-Änderungen ausgearbeitet,Vaccination in the world's top athletes.
p4nwwik9,fxrsgieg,0.031036403,Perceived characteristics of life situations during the COVID-19 pandemic,COVID-19: Was Rheumapatienten jetzt wissen sollten
qc2dn97v,fxrsgieg,0.031040663,Perceptions of families towards media support for their children with disabilities during the COVID-19 pandemic,COVID-19: Was Rheumapatienten jetzt wissen sollten
atva6mfp,5yhvk28s,0.031046215,COVID-19-Forschungsdaten leichter zugänglich machen – Aufbau einer bundesweiten Informationsinfrastruktur,"Ensuring communication access for all during the COVID-19 pandemic and beyond: supporting patients, providers, and caregivers in hospitals."
lvi4n41u,2lk61nzl,0.031063514,Pflegen kann jede*r!,The Effects of COVID-19 Prevention Measures on Families
qi1w5lu1,fxrsgieg,0.03106663,"COVID-19 Pandemic Practices, Payment Models, and Publication Successes: Family Medicine Studies a Variety of Primary Care Questions",COVID-19: Was Rheumapatienten jetzt wissen sollten
scfwscfe,f8hdn7ry,0.031070566,Endpoints for randomized controlled clinical trials for COVID-19 treatments.,Auf alles gefasst sein
0mku9ah5,fxrsgieg,0.031074261,Stablecoins 2.0: Economic Foundations and Risk-based Models,COVID-19: Was Rheumapatienten jetzt wissen sollten
fxrsgieg,2l457ism,0.031076787,COVID-19: Was Rheumapatienten jetzt wissen sollten,[Covid-19: health care workers between heroism and ostracism].
lvi4n41u,nyx0t70e,0.031078253,Pflegen kann jede*r!,"Health Communication: Approaches, Strategies, and Ways to Sustainability on Health or Health for All"
zgmvk7fo,fxrsgieg,0.031087808,Focusing Treatment on Pregnant Women With COVID Disease,COVID-19: Was Rheumapatienten jetzt wissen sollten
j4fkykc3,s9qlcamb,0.031087967,Staff with long-COVID face another battle,Finanzielle Hilfen für Vertragsärzte: Weitere KVen haben HVM-Änderungen ausgearbeitet
t9gruqwt,lvi4n41u,0.031094963,Therapeutic challenges of COVID-19: strategies of empirical treatment,Pflegen kann jede*r!
lvi4n41u,b24rdq5k,0.031102749,Pflegen kann jede*r!,"A review of COVID-19 & Travel: Impacts, Responses and Outcomes"
lvi4n41u,t32m5ti3,0.03111069,Pflegen kann jede*r!,Sustainability assurance practices: a systematic review and future research agenda
fdjsgrfi,ewl63b2i,0.031110916,Descifrando la patogenia de la COVID-19,Manufacturing Workers and Employers
fxrsgieg,75h4ij8l,0.031114088,COVID-19: Was Rheumapatienten jetzt wissen sollten,Financial Aspects of Companies Sustainable Growth
sswzt7ep,s9qlcamb,0.031119,Reviewing COVID-19 Literature on Business Management: What It Portends for Future Research?,Finanzielle Hilfen für Vertragsärzte: Weitere KVen haben HVM-Änderungen ausgearbeitet
eq0h0moh,s9qlcamb,0.031119896,Predictors of quality of distance education during the COVID-19 pandemic,Finanzielle Hilfen für Vertragsärzte: Weitere KVen haben HVM-Änderungen ausgearbeitet
ytuhhiwf,e69c9wyw,0.031122113,Perspectives: Research for all.,Nutzen von Erfahrungswissen in Krisen. Zur These einer vermehrten Bezugnahme auf Geschichte in Krisenzeiten
fxrsgieg,fnq83d41,0.031133639,COVID-19: Was Rheumapatienten jetzt wissen sollten,Introduction to Bioterrorism Risk Assessment
4dqbcsg7,fxrsgieg,0.03113395,Medical School Inaugural Class Faces Additional Challenges Due to COVID–19 Distancing Restrictions,COVID-19: Was Rheumapatienten jetzt wissen sollten
p81l6zvz,9s3aklh6,0.031137297,Systemische Immunsuppression in Zeiten von COVID‐19: Müssen wir umdenken?,Quarantine: Psychological aspects
lvi4n41u,8k1m8o9o,0.031138016,Pflegen kann jede*r!,Challenges in Service Provision to Children and Families from Linguistically Diverse Backgrounds.
rc0nbk07,avobcnzk,0.031144321,Biomarkers and prognostic factors for mesothelioma.,Neue Impfempfehlungen - auch zu COVID-19
7ddvlh40,s9qlcamb,0.03114794,Superb image quality across the board,Finanzielle Hilfen für Vertragsärzte: Weitere KVen haben HVM-Änderungen ausgearbeitet
9k674jr1,s9qlcamb,0.031151498,Alternatives to In‐Person Directors' Meetings,Finanzielle Hilfen für Vertragsärzte: Weitere KVen haben HVM-Änderungen ausgearbeitet
nyxdfobe,lvi4n41u,0.031162342,Major infectious diseases of children in developing countries: Challenges and opportunities of today and the future,Pflegen kann jede*r!
s9qlcamb,2skyt3zm,0.031165563,Finanzielle Hilfen für Vertragsärzte: Weitere KVen haben HVM-Änderungen ausgearbeitet,"An Uneasy, Challenging, Yet Meaningful Experience: A Reflection on a Face-to-Face to Online Synchronous COVID-19 Course Transition"
p81l6zvz,3du9hec1,0.031166615,Systemische Immunsuppression in Zeiten von COVID‐19: Müssen wir umdenken?,Key factors in the contingency plan for COVID-19 during the Magal celebration in 2020
w9gk8032,lvi4n41u,0.031168437,Abstract Journal Trainees Association,Pflegen kann jede*r!
hbczg0xd,s9qlcamb,0.031171892,"[Elimination of hepatitis C, our progress, challenges and hopes].",Finanzielle Hilfen für Vertragsärzte: Weitere KVen haben HVM-Änderungen ausgearbeitet
jf57ylio,s9qlcamb,0.031172873,"COVID 19, Trade and Trade Policy",Finanzielle Hilfen für Vertragsärzte: Weitere KVen haben HVM-Änderungen ausgearbeitet
3sgm1nck,s9qlcamb,0.031174516,Learning From COVID-19 and Looking to Technology Ahead.,Finanzielle Hilfen für Vertragsärzte: Weitere KVen haben HVM-Änderungen ausgearbeitet
sij0a0t1,s9qlcamb,0.031175777,"Own Your Attitude, Especially During Challenging Times",Finanzielle Hilfen für Vertragsärzte: Weitere KVen haben HVM-Änderungen ausgearbeitet
0nicp0eq,fxrsgieg,0.031196145,Human metapnuemovirus infections in hospitalized children and comparison with other respiratory viruses. 2005-2014 prospective study,COVID-19: Was Rheumapatienten jetzt wissen sollten
hmmwa2c7,fxrsgieg,0.031197239,"The Politics of Expertise in Cultural Labor: Arts, Work, and Inequalities",COVID-19: Was Rheumapatienten jetzt wissen sollten
fxrsgieg,ckone4tv,0.031200465,COVID-19: Was Rheumapatienten jetzt wissen sollten,[Closeness and distance : Caring in times of covid-19]
j52aiul2,e69c9wyw,0.03121327,"Relationship Between Food Insecurity, Stress, and other Health Markers in College Students During COVID-19",Nutzen von Erfahrungswissen in Krisen. Zur These einer vermehrten Bezugnahme auf Geschichte in Krisenzeiten
kngi3so2,s9qlcamb,0.031218728,The digital economy lights up,Finanzielle Hilfen für Vertragsärzte: Weitere KVen haben HVM-Änderungen ausgearbeitet
msr78qwy,fxrsgieg,0.031223767,"Diabetes, obesity and COVID-19: A complex interplay",COVID-19: Was Rheumapatienten jetzt wissen sollten
yy258hj2,ewl63b2i,0.031235056,Einmalige Chancen: Wenn Geschäftsideen offene Grenzen überschreiten,Manufacturing Workers and Employers
uuaoi0ky,lvi4n41u,0.031242259,Nursing Home Design and COVID-19: Implications for Guidelines and Regulation,Pflegen kann jede*r!
rc0nbk07,daq0a5sg,0.031244967,Biomarkers and prognostic factors for mesothelioma.,Auf dem weiten Weg zu neuen Therapien bei ILD
ianggd1q,s9qlcamb,0.031248128,"Shining the light on women's work, this time brighter: Let's start at the top",Finanzielle Hilfen für Vertragsärzte: Weitere KVen haben HVM-Änderungen ausgearbeitet
lvi4n41u,8laype3l,0.031252593,Pflegen kann jede*r!,Increasing recruitment into covid-19 trials
s9qlcamb,51ufw19z,0.031258415,Finanzielle Hilfen für Vertragsärzte: Weitere KVen haben HVM-Änderungen ausgearbeitet,Positive Perspectives of the Predicament of COVID-19
s9qlcamb,9dtrr7jb,0.031262513,Finanzielle Hilfen für Vertragsärzte: Weitere KVen haben HVM-Änderungen ausgearbeitet,Education Priorities and What Matters to Those Considering Living Kidney Donation.
p81l6zvz,qh0g5rfh,0.031270523,Systemische Immunsuppression in Zeiten von COVID‐19: Müssen wir umdenken?,Prioritizing Multidimensional Interdependent Factors Influencing COVID‐19 Risk
fxrsgieg,3zhrz08m,0.03128281,COVID-19: Was Rheumapatienten jetzt wissen sollten,Natural Virucidal Compounds in Foods
zd41jiny,s9qlcamb,0.03128352,Trade secrets and the battle against Covid,Finanzielle Hilfen für Vertragsärzte: Weitere KVen haben HVM-Änderungen ausgearbeitet
p81l6zvz,o7wpfg1f,0.031285997,Systemische Immunsuppression in Zeiten von COVID‐19: Müssen wir umdenken?,Prospects of brassinosteroids in medicinal applications
zro2jy0r,fxrsgieg,0.03129144,The Natural Environment as an Object of Public Health Law: Addressing Health Outcomes of Climate Change through Intersections with Environmental and Agricultural Law.,COVID-19: Was Rheumapatienten jetzt wissen sollten
588s1n99,s9qlcamb,0.031294882,Thoughts on life after postgraduation.….,Finanzielle Hilfen für Vertragsärzte: Weitere KVen haben HVM-Änderungen ausgearbeitet
v80f4t9n,atva6mfp,0.031299416,Health Care Workers' Challenges in the Care of a COVID-19 Patient.,COVID-19-Forschungsdaten leichter zugänglich machen – Aufbau einer bundesweiten Informationsinfrastruktur
w9v2pgjz,e69c9wyw,0.031303886,Learnings from critical care on COVID‐19,Nutzen von Erfahrungswissen in Krisen. Zur These einer vermehrten Bezugnahme auf Geschichte in Krisenzeiten
2m1q6ema,fxrsgieg,0.03130519,The prevalence of asymptomatic and symptomatic COVID-19 in a cohort of quarantined subjects,COVID-19: Was Rheumapatienten jetzt wissen sollten
jx2zt6ma,fxrsgieg,0.031316288,COVID-19 spotlights medical diagnostics,COVID-19: Was Rheumapatienten jetzt wissen sollten
k1doipse,s9qlcamb,0.03131843,"Accounting students' perceptions of work–life balance, accounting career image and intention to pursue accounting careers",Finanzielle Hilfen für Vertragsärzte: Weitere KVen haben HVM-Änderungen ausgearbeitet
wxn5k9gy,s9qlcamb,0.03131922,Reimagining Professional Meetings: Another Lesson From COVID-19.,Finanzielle Hilfen für Vertragsärzte: Weitere KVen haben HVM-Änderungen ausgearbeitet
fxrsgieg,rywoxhdt,0.03132199,COVID-19: Was Rheumapatienten jetzt wissen sollten,Risk of burnout and stress in physicians working in a COVID team: A longitudinal survey
fxrsgieg,viz2iv66,0.0313323,COVID-19: Was Rheumapatienten jetzt wissen sollten,"Two Steps Forward, One Step Back"
kmz5yel9,fxrsgieg,0.031338315,US veterans administration diabetes risk (VADR) national cohort: cohort profile,COVID-19: Was Rheumapatienten jetzt wissen sollten
s9qlcamb,qernuddb,0.03134077,Finanzielle Hilfen für Vertragsärzte: Weitere KVen haben HVM-Änderungen ausgearbeitet,Methods lead the way
mlgggngi,s9qlcamb,0.031341836,Small business in a time of crisis: A five stage model of business grief,Finanzielle Hilfen für Vertragsärzte: Weitere KVen haben HVM-Änderungen ausgearbeitet
4x6sa0ae,fxrsgieg,0.03134348,Update on clinical outcomes of women with COVID‐19 during pregnancy,COVID-19: Was Rheumapatienten jetzt wissen sollten
gw8wzvzp,fxrsgieg,0.03134768,Elaboration and validation of a protocol for the care of patients with COVID-19 in hemodialysis centers.,COVID-19: Was Rheumapatienten jetzt wissen sollten
fxrsgieg,ri4hwey1,0.031347863,COVID-19: Was Rheumapatienten jetzt wissen sollten,Specimen-specific cell-blocking approaches
lvi4n41u,3cmt164n,0.03134907,Pflegen kann jede*r!,Children’s and adolescents’ reports on their quality of life during the COVID-19 pandemic
lvi4n41u,ykirq1nk,0.031351488,Pflegen kann jede*r!,The World Health Organization and global health.
lvi4n41u,70xnib6d,0.031353068,Pflegen kann jede*r!,Public health risks threatening health of people participating in mass gatherings: A qualitative study
lume62xh,z2ulnfop,0.03135698,Tallying the Ancillary Consequences of COVID-19,Fakten auf einen Blick
mkx22sei,fxrsgieg,0.031362075,[Methods of treatment on different clinical stages in pancreatic cancer].,COVID-19: Was Rheumapatienten jetzt wissen sollten
s9qlcamb,4eldqivw,0.03136919,Finanzielle Hilfen für Vertragsärzte: Weitere KVen haben HVM-Änderungen ausgearbeitet,The growing challenge of vegetation change.
cvrkb7ob,s9qlcamb,0.031375643,Risk Group Determination in Case of COVID-19 Infection,Finanzielle Hilfen für Vertragsärzte: Weitere KVen haben HVM-Änderungen ausgearbeitet
1r184p3g,fxrsgieg,0.031376407,Disaster and emergency management systems in urban areas,COVID-19: Was Rheumapatienten jetzt wissen sollten
dmajrure,s9qlcamb,0.03137665,Bioethical aspects of artificial intelligence: COVID-19 & end of life.,Finanzielle Hilfen für Vertragsärzte: Weitere KVen haben HVM-Änderungen ausgearbeitet
lvi4n41u,qsf1yjjc,0.031376723,Pflegen kann jede*r!,Coaching skills for medical education in a VUCA world
ilkusbzg,lvi4n41u,0.031380035,Evaluating Public Health Interventions: A Neglected Area in Health Technology Assessment,Pflegen kann jede*r!
h1pgbfv3,s9qlcamb,0.03138474,Moving forward with new challenges and opportunities.,Finanzielle Hilfen für Vertragsärzte: Weitere KVen haben HVM-Änderungen ausgearbeitet
fxrsgieg,4vu4crm8,0.031387847,COVID-19: Was Rheumapatienten jetzt wissen sollten,DEVELOPMENT OF PUBLIC HEALTH IN THE PROFESSIONAL TRAINING OF FUTURE TEACHERS.
lvi4n41u,og7dv4cq,0.031389363,Pflegen kann jede*r!,From doctors as patients: a manifesto for tackling persisting symptoms of covid-19.
8gk3fdd1,fxrsgieg,0.03140466,"Leading integrated child health through COVID-19: responding with local communities, for local communities",COVID-19: Was Rheumapatienten jetzt wissen sollten
m8vjj0q3,fxrsgieg,0.031412214,T cell response in patients with COVID-19,COVID-19: Was Rheumapatienten jetzt wissen sollten
vur1c2nf,lj2smot4,0.031413853,Communicating With Patients and Families During COVID-19,Aumento de la gravedad de las hemopatías malignas agudas diagnosticadas durante la pandemia COVID-19
lvi4n41u,nukwb6hx,0.031414535,Pflegen kann jede*r!,Does hosting a professional sports team benefit the local community? Evidence from property assessments
lvi4n41u,whl0bfvz,0.031417307,Pflegen kann jede*r!,COVID-19 and corporates: A sector in recovery?
ygb7ptue,lvi4n41u,0.03142215,EULAR points to consider for conducting clinical trials and observational studies in individuals at risk of rheumatoid arthritis,Pflegen kann jede*r!
cro5cwhf,lvi4n41u,0.031424023,Policy Spotlight: Women's Housing Precarity During and Beyond Covid-19,Pflegen kann jede*r!
x1tj8ls5,z2ulnfop,0.031426087,Health risks at the Hajj,Fakten auf einen Blick
0wg18dhk,fxrsgieg,0.031436708,Changes in Elder Mistreatment Risk Factors Reported by Caregivers of Older Adults During the COVID-19 Pandemic,COVID-19: Was Rheumapatienten jetzt wissen sollten
7um67ulz,fxrsgieg,0.031439513,Remote Research Methods: Considerations for Work With Children,COVID-19: Was Rheumapatienten jetzt wissen sollten
3o19np22,s9qlcamb,0.03144669,Model Risk in Risk Models: Quantifying Statistical Uncertainty in Active Risk,Finanzielle Hilfen für Vertragsärzte: Weitere KVen haben HVM-Änderungen ausgearbeitet
qh0g5rfh,e69c9wyw,0.03145239,Prioritizing Multidimensional Interdependent Factors Influencing COVID‐19 Risk,Nutzen von Erfahrungswissen in Krisen. Zur These einer vermehrten Bezugnahme auf Geschichte in Krisenzeiten
6ljb6f9n,e69c9wyw,0.031455968,Attention-based Gender Recognition on Masked Faces,Nutzen von Erfahrungswissen in Krisen. Zur These einer vermehrten Bezugnahme auf Geschichte in Krisenzeiten
me6y2fv5,s9qlcamb,0.031456273,Nurses and COVID-19 phenomenon: Challenges and consequences,Finanzielle Hilfen für Vertragsärzte: Weitere KVen haben HVM-Änderungen ausgearbeitet
awdljd86,fxrsgieg,0.03145708,"Pediatric Physical Therapy Telehealth and COVID-19: Factors, Facilitators, and Barriers Influencing Effectiveness—a Survey Study",COVID-19: Was Rheumapatienten jetzt wissen sollten
08c0v92t,fxrsgieg,0.03146673,The Burden of COVID-19 in Health Workers,COVID-19: Was Rheumapatienten jetzt wissen sollten
fxrsgieg,x7j5iwx7,0.03147065,COVID-19: Was Rheumapatienten jetzt wissen sollten,Service robots and COVID-19: exploring perceptions of prevention efficacy at hotels in generation Z
lvi4n41u,252xg162,0.031477123,Pflegen kann jede*r!,The Role of Nurses in Eliminating Health Disparities and Achieving Health Equity
lvi4n41u,2hfsmi6s,0.03149075,Pflegen kann jede*r!,World Affairs : CORONAVIRUS 世界一のおもてなしが感染拡大に一役? : イラン
3qxqvmon,yoanqduc,0.03149509,Współzależność przemysłu 4.0 z gospodarką o obiegu zamkniętym: w poszukiwaniu wspólnego obszaru definicyjnego,The Covid-10 Crash in the US Stock Market
yh50yxg0,fxrsgieg,0.031499095,Genomic Characterization of Antimicrobial Resistance in Food Chain and Livestock-Associated Salmonella Species,COVID-19: Was Rheumapatienten jetzt wissen sollten
lvi4n41u,icohhds0,0.031516153,Pflegen kann jede*r!,"FAIR Geovisualizations: Definitions, Challenges, and the Road Ahead"
gita4z2t,4wcf4z93,0.031521678,Digitalisierung für das Erreichen der Klimaziele,Acknowledgement to Referees: Acknowledgement to Referees
p81l6zvz,xrmkx4cc,0.03152795,Systemische Immunsuppression in Zeiten von COVID‐19: Müssen wir umdenken?,Industry 5.0: Potential Applications in COVID-19
1j5z5g00,s9qlcamb,0.031536292,Individual risk evaluation for landslides: key details,Finanzielle Hilfen für Vertragsärzte: Weitere KVen haben HVM-Änderungen ausgearbeitet
qlwg5yum,fxrsgieg,0.031537272,Caregivers’ Experiences During the COVID-19 Pandemic and Their Children’s Behavior,COVID-19: Was Rheumapatienten jetzt wissen sollten
fl06pd3t,atva6mfp,0.031553045,COVID-19 in children: current evidence and key questions.,COVID-19-Forschungsdaten leichter zugänglich machen – Aufbau einer bundesweiten Informationsinfrastruktur
hprj09ju,fxrsgieg,0.03156073,16. Diabetes Care in the Hospital: Standards of Medical Care in Diabetes-2022.,COVID-19: Was Rheumapatienten jetzt wissen sollten
lvi4n41u,cqppkl6r,0.03156294,Pflegen kann jede*r!,Point-of-Care Ultrasound Can Suggest COVID-19
p81l6zvz,d6xm5hrf,0.031564157,Systemische Immunsuppression in Zeiten von COVID‐19: Müssen wir umdenken?,Pregnancy and delivery considerations during COVID-19.
fxrsgieg,1qgrv2ii,0.03156572,COVID-19: Was Rheumapatienten jetzt wissen sollten,"Clinical Academic Research Internships: what works for nurses and the wider nursing, midwifery and allied health professional workforce."
5ahgqntq,fxrsgieg,0.031569272,City Diplomacy and Migration,COVID-19: Was Rheumapatienten jetzt wissen sollten
lvi4n41u,d2sz1pmy,0.031570718,Pflegen kann jede*r!,Current impact and future consequences of the pandemic on children's and adolescents' health.
p81l6zvz,tosykfsp,0.03158987,Systemische Immunsuppression in Zeiten von COVID‐19: Müssen wir umdenken?,Neurological complications in critical patients with COVID-19
lvi4n41u,642q86oa,0.031592134,Pflegen kann jede*r!,Gender roles produce divergent economic expectations.
ptbc4oqx,s9qlcamb,0.031596225,Life Interrupted: On the Front Lines With COVID-19,Finanzielle Hilfen für Vertragsärzte: Weitere KVen haben HVM-Änderungen ausgearbeitet
lvi4n41u,f7i6nose,0.03160552,Pflegen kann jede*r!,An analysis of sources of risk in the consumer electronics industry
e1ztoqwd,z2ulnfop,0.03161038,Infectious Agents as Potential Drivers of α-Synucleinopathies.,Fakten auf einen Blick
lvi4n41u,n80ph759,0.031623982,Pflegen kann jede*r!,COVID-19 infodemics: the role of mainstream and social media
nbd4arhx,fxrsgieg,0.03162435,The representation of women as authors of submissions to ecology journals during the COVID-19 pandemic,COVID-19: Was Rheumapatienten jetzt wissen sollten
nwe3f27r,lvi4n41u,0.031625718,Isfahan Thyroid Cohort Study (ITCS).,Pflegen kann jede*r!
t4nf89me,fxrsgieg,0.031630825,An exploratory assessment of the educational practices during COVID-19,COVID-19: Was Rheumapatienten jetzt wissen sollten
ikv0xwwp,fxrsgieg,0.03163401,Analysis of mitigation of Covid-19 outbreaks in workplaces and schools by hybrid telecommuting,COVID-19: Was Rheumapatienten jetzt wissen sollten
fxrsgieg,18f00tlh,0.031644236,COVID-19: Was Rheumapatienten jetzt wissen sollten,Report of the 2021 meeting of the International Society of Protistologists
lvi4n41u,cy5vq2kw,0.03165242,Pflegen kann jede*r!,Compliance with safety measures and risk of COVID-19 transmission among healthcare workers
qh8r8kjd,s9qlcamb,0.03165309,Homeless Shelters Face High COVID-19 Risks,Finanzielle Hilfen für Vertragsärzte: Weitere KVen haben HVM-Änderungen ausgearbeitet
7d0pegpc,lvi4n41u,0.031655356,"Paternalistic Leadership, Polychronicity, and Life Satisfaction of Nurses: The Role of Work-Family Conflict and Family-Work Conflict in Public Sector Hospitals.",Pflegen kann jede*r!
fxrsgieg,nuabfhmk,0.03166751,COVID-19: Was Rheumapatienten jetzt wissen sollten,Research cruises gingerly resume
lvi4n41u,19v1mwvg,0.031673048,Pflegen kann jede*r!,Current Trends in Readmission Prediction: An Overview of Approaches
2su51m7y,s9qlcamb,0.03167589,Cultivating a Better Understanding of COVID-19 Amidst a Shifting Landscape.,Finanzielle Hilfen für Vertragsärzte: Weitere KVen haben HVM-Änderungen ausgearbeitet
vkrtvb7o,s9qlcamb,0.03167589,Cultivating a Better Understanding of COVID-19 Amidst a Shifting Landscape,Finanzielle Hilfen für Vertragsärzte: Weitere KVen haben HVM-Änderungen ausgearbeitet
475r887r,s9qlcamb,0.031677432,Insurance decisions under nonperformance risk and ambiguity,Finanzielle Hilfen für Vertragsärzte: Weitere KVen haben HVM-Änderungen ausgearbeitet
vur1c2nf,g45q6oa9,0.031677555,Communicating With Patients and Families During COVID-19,"«Pasaportes de inmunidad» en el contexto de la COVID-19: nota científica, 24 de abril de 2020"
lvi4n41u,vuxjamem,0.03168349,Pflegen kann jede*r!,Tracking Hospital Visitors/Chaperones during the COVID-19 Pandemic
tv2pgcjr,fxrsgieg,0.031689685,Factors influencing wellbeing in young people during COVID-19,COVID-19: Was Rheumapatienten jetzt wissen sollten
934xungr,e69c9wyw,0.031691186,Viruses from poultry and livestock pose continuous threats to human beings,Nutzen von Erfahrungswissen in Krisen. Zur These einer vermehrten Bezugnahme auf Geschichte in Krisenzeiten
fxrsgieg,mvykpeud,0.031694546,COVID-19: Was Rheumapatienten jetzt wissen sollten,Lessons from a breast cell annotation competition series for school pupils
fxrsgieg,liltlvxm,0.031705473,COVID-19: Was Rheumapatienten jetzt wissen sollten,Improving Hospital Length of Stay: Results of a Retrospective Cohort Study
lvi4n41u,7gfuo3c5,0.031709954,Pflegen kann jede*r!,Specific considerations for research on the effectiveness of multisectoral collaboration: methods and lessons from 12 country case studies
bhimxnxq,pez6to2e,0.031710166,Serological characteristics of COVID-19 patients.,Infektionsschutz: Wenn gegen Regeln verstoßen wird
lvi4n41u,bjt636ei,0.0317128,Pflegen kann jede*r!,Identification of public opinion on COVID-19 in microblogs
8t0aj0xx,e69c9wyw,0.031714953,Disparities in Youth Sports and Barriers to Participation,Nutzen von Erfahrungswissen in Krisen. Zur These einer vermehrten Bezugnahme auf Geschichte in Krisenzeiten
z2ulnfop,x323erqz,0.03171735,Fakten auf einen Blick,The association of social determinants of health with health outcomes.
npx7vlfk,fxrsgieg,0.031717587,On the coronaviruses and their associations with the aquatic environment and wastewater,COVID-19: Was Rheumapatienten jetzt wissen sollten
suetjtie,lvi4n41u,0.031718384,"Comparative study of Clinical, Laboratory, and Imaging Features of COVID-19",Pflegen kann jede*r!
lvi4n41u,475r887r,0.03171918,Pflegen kann jede*r!,Insurance decisions under nonperformance risk and ambiguity
lvi4n41u,ctloh3q8,0.031720653,Pflegen kann jede*r!,An Approximate Numerical Methods for Mathematical and Physical Studies for Covid-19 Models
e69c9wyw,6p1n9zi3,0.03172095,Nutzen von Erfahrungswissen in Krisen. Zur These einer vermehrten Bezugnahme auf Geschichte in Krisenzeiten,Experiences of children (ages 6-12) during COVID-19 pandemic from mothers' perspectives
lvi4n41u,xea0cw0d,0.03172099,Pflegen kann jede*r!,Satisfaction of university students in virtual education in a COVID-19 scenario
jih9mpij,lvi4n41u,0.031728648,Mathematical indices for the influence of risk factors on the lethality of a disease,Pflegen kann jede*r!
lvi4n41u,asy7i10z,0.031731397,Pflegen kann jede*r!,Creating a Marketplace of Ideas: Equity in Education and Technology during Covid-19
6ohbumrz,lvi4n41u,0.031744055,"Financial spillovers, spillbacks, and the scope for international macroprudential policy coordination",Pflegen kann jede*r!
d7rlj43k,zmjzvihk,0.03174519,Einladung zu einer Hybrid-Veranstaltung 2022,Masked Faces with Faced Masks
lvi4n41u,yvr191o0,0.031752847,Pflegen kann jede*r!,"Parents, Educators, and Caregivers Cybersecurity and Privacy Concerns for Remote Learning during COVID-19 (preprint)"
rc0nbk07,79hf1x4j,0.031754255,Biomarkers and prognostic factors for mesothelioma.,Sind durch COVID-19 (mehr) Patienten mit Hörverlust zu erwarten?
2pz0hh9z,e69c9wyw,0.03175847,[the Wages in the Public Healthcare: the Pandemic Challenges],Nutzen von Erfahrungswissen in Krisen. Zur These einer vermehrten Bezugnahme auf Geschichte in Krisenzeiten
fxrsgieg,2qkobb4h,0.031760905,COVID-19: Was Rheumapatienten jetzt wissen sollten,The impact and public health response of chiropractors to the COVID-19 pandemic: a survey across four continents
xz2qa948,8wtyqkgn,0.03176091,"""Erst gegen Covid, dann gegen Zoster impfen""",Editors' Selections from Relevant Scientific Publications
fxrsgieg,x323erqz,0.031762052,COVID-19: Was Rheumapatienten jetzt wissen sollten,The association of social determinants of health with health outcomes.
omumqzwb,lvi4n41u,0.031762294,The role of women as past and present advocates for vaccinations: relevance in the Covid-19 setting,Pflegen kann jede*r!
tnc98tz6,fxrsgieg,0.031771384,"Prevalence and Predictors of Home Health Care Workers' General, Physical, and Mental Health: Findings From the 2014â2018 Behavioral Risk Factor Surveillance System",COVID-19: Was Rheumapatienten jetzt wissen sollten
s9qlcamb,snq1ab0s,0.031788185,Finanzielle Hilfen für Vertragsärzte: Weitere KVen haben HVM-Änderungen ausgearbeitet,RAFT: A Real-World Few-Shot Text Classification Benchmark
eejbycpb,lvi4n41u,0.03179301,Concerning Pathophysiology and Justifying Clinical Trials,Pflegen kann jede*r!
r87rco8s,fxrsgieg,0.031807106,Public Relations and Institutional Communication in the face of the COVID-19 crisis,COVID-19: Was Rheumapatienten jetzt wissen sollten
jid34rju,fxrsgieg,0.031811,Population dynamics and demography of Covid-19. Introduction,COVID-19: Was Rheumapatienten jetzt wissen sollten
8sfww8lr,atva6mfp,0.031815615,The impact and contribution of family in the care of hospitalized patients,COVID-19-Forschungsdaten leichter zugänglich machen – Aufbau einer bundesweiten Informationsinfrastruktur
lxv7zn0g,fxrsgieg,0.031821974,"The Clinical Course and Prognostic Factors of COVID-19 in Patients with Chronic Kidney Disease, A Study in Six Centers.",COVID-19: Was Rheumapatienten jetzt wissen sollten
s9qlcamb,ckone4tv,0.031825516,Finanzielle Hilfen für Vertragsärzte: Weitere KVen haben HVM-Änderungen ausgearbeitet,[Closeness and distance : Caring in times of covid-19]
687zx69p,fxrsgieg,0.03182726,"Identifying, Understanding, and Managing Patient Safety and Clinical Risks in the Clinical Research Environment",COVID-19: Was Rheumapatienten jetzt wissen sollten
mherdb4v,o6hbtt4x,0.031828456,Lessons for and from COVID‐19 for investors and their advisors,Vom Protest- zum Quarantänejahr: Neue Arenen der Konfliktaushandlung
mherdb4v,a448jywi,0.03182915,Lessons for and from COVID‐19 for investors and their advisors,So sollen die Drittimpfungen gegen COVID-19 umgesetzt werden
c2io6utd,s9qlcamb,0.031838685,Employment Consequences of COVID-19 for People with Disabilities and Employers,Finanzielle Hilfen für Vertragsärzte: Weitere KVen haben HVM-Änderungen ausgearbeitet
lvi4n41u,41r6sbx8,0.03184077,Pflegen kann jede*r!,The Potential for Increasing Risk of Consent Refusal in COVID-19 Trials: Considering Underlying Reasons and Responses
lvi4n41u,sb2nv2j9,0.031853963,Pflegen kann jede*r!,Reading Remarks on the Foundations of Mathematics in Times of COVID-19: Remarks on the Relationship Between Mathematics and Society
hl0a3l1o,lvi4n41u,0.031855468,COVID-19: Advancing Empirical Bioethics Research.,Pflegen kann jede*r!
4wcf4z93,yh8ld1to,0.031859726,Acknowledgement to Referees: Acknowledgement to Referees,Welche Spuren COVID-19 auf der Haut hinterlässt
rjmt9rqr,fxrsgieg,0.031867314,A Computational Lens on Economics,COVID-19: Was Rheumapatienten jetzt wissen sollten
p8m7tzby,s9qlcamb,0.031871065,Women’s Role in Organizational Commitment and Job Satisfaction in the Travel Industry—An Evidence from the Urban Setting,Finanzielle Hilfen für Vertragsärzte: Weitere KVen haben HVM-Änderungen ausgearbeitet
dsiksuu1,fxrsgieg,0.031876884,"Skin diseases in displaced populations: a review of contributing factors, challenges, and approaches to care.",COVID-19: Was Rheumapatienten jetzt wissen sollten
z2ulnfop,gkxykba1,0.031883545,Fakten auf einen Blick,Mechanisms of socioeconomic differences in COVID-19 screening and hospitalizations
z3bfi8d9,fxrsgieg,0.03188879,Clinical and Molecular Epidemiology of Respiratory Viruses in a Tertiary Care Center During the 2009–2014 Consecutive Winter Seasons,COVID-19: Was Rheumapatienten jetzt wissen sollten
174sjrz4,821dzl7j,0.031891294,Laringología en tiempos de COVID-19,Evaluation Findings and Policy Suggestions
90ghx56c,821dzl7j,0.031891294,Infodemia en tiempos de COVID-19,Evaluation Findings and Policy Suggestions
aw7wvm6k,s9qlcamb,0.031907,Learning from Adversity: Lessons from the COVID-19 Crisis,Finanzielle Hilfen für Vertragsärzte: Weitere KVen haben HVM-Änderungen ausgearbeitet
s9qlcamb,ufrukoc8,0.031907,Finanzielle Hilfen für Vertragsärzte: Weitere KVen haben HVM-Änderungen ausgearbeitet,Learning from Adversity: Lessons from the COVID-19 Crisis.
lvi4n41u,wqb8n12j,0.03191079,Pflegen kann jede*r!,Museums in the Pandemic: A Survey of Responses on the Current Crisis
lvi4n41u,4fot7s13,0.031912502,Pflegen kann jede*r!,Shared Curricula and Competencies in One Health and Health Professions Education
ygudmawp,fxrsgieg,0.03191277,COVID-19 Isolation and Quarantine Guidelines for Older Adults in Nursing Homes,COVID-19: Was Rheumapatienten jetzt wissen sollten
58rv3e4d,fxrsgieg,0.031915467,Consumer Perception of Regional Brands in Czechia in 2021,COVID-19: Was Rheumapatienten jetzt wissen sollten
w6vbc2ak,e69c9wyw,0.031923797,"COVID-19 in childhood: Transmission, clinical presentation, complications and risk factors",Nutzen von Erfahrungswissen in Krisen. Zur These einer vermehrten Bezugnahme auf Geschichte in Krisenzeiten
fxrsgieg,1fff5zwi,0.03192759,COVID-19: Was Rheumapatienten jetzt wissen sollten,Reflections on Shared Parenting
d6k1otz2,lvi4n41u,0.031927742,The Different Facets of Triclocarban: A Review,Pflegen kann jede*r!
9sx519zf,ewl63b2i,0.031928588,Welche Schutzmaske schutzt vor COVID-19? Was ist evidenzbasiert?,Manufacturing Workers and Employers
s9qlcamb,sd42w7fe,0.031943865,Finanzielle Hilfen für Vertragsärzte: Weitere KVen haben HVM-Änderungen ausgearbeitet,Giving time back to the dentist.
o4tvbjwd,fxrsgieg,0.03194619,[Analysis on medical observation of 1 665 close contacts of COVID-19 cases].,COVID-19: Was Rheumapatienten jetzt wissen sollten
j9ud3xbn,fxrsgieg,0.03194656,Graphlet eigencentralities capture novel central roles of genes in pathways,COVID-19: Was Rheumapatienten jetzt wissen sollten
s9bgr6mt,e69c9wyw,0.031949442,Scooting injuries . . . and other stories,Nutzen von Erfahrungswissen in Krisen. Zur These einer vermehrten Bezugnahme auf Geschichte in Krisenzeiten
s9qlcamb,72fka4cm,0.03195748,Finanzielle Hilfen für Vertragsärzte: Weitere KVen haben HVM-Änderungen ausgearbeitet,Challenges and Threats Faced in 2020 by International Logistics Companies Operating on the Polish Market
lvi4n41u,h49yc42z,0.031960532,Pflegen kann jede*r!,Barriers and drivers of environmental sustainability: Australian hotels
lxmfymeq,lvi4n41u,0.031961802,A Qualitative study on diverse perspectives and identities of firearm owners.,Pflegen kann jede*r!
s9qlcamb,yklq5852,0.031969424,Finanzielle Hilfen für Vertragsärzte: Weitere KVen haben HVM-Änderungen ausgearbeitet,Improving the reproducibility of findings by updating research methodology
zp95v63n,fxrsgieg,0.031983044,Nursing home-acquired pneumonia: a review of risk factors and therapeutic approaches.,COVID-19: Was Rheumapatienten jetzt wissen sollten
itxze39x,lvi4n41u,0.031983837,University COVID -19 Surveillance Testing Center: Challenges and Opportunities for Schools of Nursing,Pflegen kann jede*r!
fxrsgieg,ihs9xbv8,0.03198387,COVID-19: Was Rheumapatienten jetzt wissen sollten,Characteristics of COVID-19 pandemic and public health consequences
izlpz4qn,f8hdn7ry,0.031984676,Risk Factors for Mortality of COVID-19 Patients,Auf alles gefasst sein
s9qlcamb,lzoqcfj1,0.031988192,Finanzielle Hilfen für Vertragsärzte: Weitere KVen haben HVM-Änderungen ausgearbeitet,The Alignment of Real-World Evidence and Digital Health: Realising the Opportunity
lvi4n41u,tu36aisz,0.03199105,Pflegen kann jede*r!,Spectrum of Neurological Manifestations in Covid-19: A Review
c1jd7qnh,fxrsgieg,0.03200728,"The World turned Upside Down? Cities, Festivalization and Uncertainty",COVID-19: Was Rheumapatienten jetzt wissen sollten
lvi4n41u,2z7sc5m1,0.03201563,Pflegen kann jede*r!,Teledentistry applications for mitigating risk and balancing the clinical schedule
lvi4n41u,7ghujyd7,0.032020338,Pflegen kann jede*r!,Public Health Policy Actions to Address Health Issues Associated with Drought in a Changing Climate.
k6yyp8ei,fxrsgieg,0.03202052,"Clinical, radiological and laboratory characteristics of pediatric patients with covid-19: Living systematic review",COVID-19: Was Rheumapatienten jetzt wissen sollten
esuc6prd,fxrsgieg,0.03202691,"Nursing Homes, COVID-19, And More.",COVID-19: Was Rheumapatienten jetzt wissen sollten
lvi4n41u,5wi2l7s5,0.032030806,Pflegen kann jede*r!,Farmers markets: Working with community partners to provide essential services during COVID-19
7s2ks6ty,e69c9wyw,0.03203535,COVID‐19 and mental health of primary school children: Comparison of 2019 and 2020,Nutzen von Erfahrungswissen in Krisen. Zur These einer vermehrten Bezugnahme auf Geschichte in Krisenzeiten
poo72v0y,lvi4n41u,0.03204742,Utilization of Life Enrichment Activities During the COVID-19 Pandemic and Their Effects on Nursing Homes Residents,Pflegen kann jede*r!
lvi4n41u,ozoptp4e,0.03205569,Pflegen kann jede*r!,Evolving Demographics of Nephrology Research Workforce in the United States
2labep4r,s9qlcamb,0.032059886,Different approach to medical decision-making in difficult circumstances: Kittay's Ethics of Care.,Finanzielle Hilfen für Vertragsärzte: Weitere KVen haben HVM-Änderungen ausgearbeitet
gl62lejp,s9qlcamb,0.032062326,Enduring problems in the offspring of depressed parents followed up to 38 years,Finanzielle Hilfen für Vertragsärzte: Weitere KVen haben HVM-Änderungen ausgearbeitet
41eznb4t,s9qlcamb,0.032062836,Rethinking race in medical decision making,Finanzielle Hilfen für Vertragsärzte: Weitere KVen haben HVM-Änderungen ausgearbeitet
z2ulnfop,5qbx5p6y,0.03206319,Fakten auf einen Blick,Factors influencing nursing students’ participatory behavior during COVID-19
lvi4n41u,9x3egl59,0.03206515,Pflegen kann jede*r!,The Repercussions of Covid-19 on the Stock Market of the Tourism Industry
s9qlcamb,iak66nv9,0.032069486,Finanzielle Hilfen für Vertragsärzte: Weitere KVen haben HVM-Änderungen ausgearbeitet,Health-Related Behaviors and Odds of COVID-19 Hospitalization in a Military Population
kkcegvw1,fxrsgieg,0.032073174,Ergonomic factors on task performance in laparoscopic surgery training.,COVID-19: Was Rheumapatienten jetzt wissen sollten
lvi4n41u,xijh0s4t,0.03207347,Pflegen kann jede*r!,Risk factor analysis of COVID-19
qv9hqtlc,fxrsgieg,0.03208094,COVID-19 in the elderly people and advances in vaccination approaches,COVID-19: Was Rheumapatienten jetzt wissen sollten
soekn2wq,s9qlcamb,0.03208454,"From here to eternity? Work, coaching, and consulting in a post-Covid world",Finanzielle Hilfen für Vertragsärzte: Weitere KVen haben HVM-Änderungen ausgearbeitet
p81l6zvz,73k939q5,0.032086376,Systemische Immunsuppression in Zeiten von COVID‐19: Müssen wir umdenken?,Developmental Manifestations of Grief in Children and Adolescents: Caregivers as Key Grief Facilitators
p81l6zvz,bhimxnxq,0.032087535,Systemische Immunsuppression in Zeiten von COVID‐19: Müssen wir umdenken?,Serological characteristics of COVID-19 patients.
qnuphz59,fxrsgieg,0.032088287,1-year outcomes in hospital survivors with COVID-19: a longitudinal cohort study,COVID-19: Was Rheumapatienten jetzt wissen sollten
ghx1fb1m,lvi4n41u,0.03209555,Resident Outcomes and Perspectives Over 2 Years of a New Scholarship Curriculum.,Pflegen kann jede*r!
3wopb3vk,fe82q2o1,0.032096878,Factors predicting readmission in patients with COVID-19,Pflegedienstleiter in einer besonderen Zeit
lvi4n41u,xlvim0ue,0.032098737,Pflegen kann jede*r!,An Updated Analysis on the Risk Factors Associated with COVID-19 Transmission
fxrsgieg,ahqhwbl1,0.032098953,COVID-19: Was Rheumapatienten jetzt wissen sollten,Distance Education for Students with Special Needs in Primary Schools in the Period of CoVid-19 Epidemic
fxrsgieg,kl153b3q,0.032101322,COVID-19: Was Rheumapatienten jetzt wissen sollten,Laboratory: From the Shadows to the Front Line.
pskbn53u,s9qlcamb,0.032115944,Extent and Predictors of Decision Regret among Informal Caregivers Making Decisions for a Loved One: A Systematic Review,Finanzielle Hilfen für Vertragsärzte: Weitere KVen haben HVM-Änderungen ausgearbeitet
fxrsgieg,587ztcbg,0.032121014,COVID-19: Was Rheumapatienten jetzt wissen sollten,Differences in endodontic emergency management by endodontists and general dental practitioners in COVID-19 times
7fkxwy3f,s9qlcamb,0.032122545,Growth factor: An important factor in determining the fate of outbreaks,Finanzielle Hilfen für Vertragsärzte: Weitere KVen haben HVM-Änderungen ausgearbeitet
4ag88rqs,86esyb9q,0.032123927,COVID-19 – Present Treatments and Other Options,Erfolge feiern - Zukunft gestalten
lvi4n41u,sxulwytd,0.032124657,Pflegen kann jede*r!,"""My Entire World Stopped"": College Students' Psychosocial and Academic Frustrations during the COVID-19 Pandemic"
fxrsgieg,e0iwb9ot,0.032129202,COVID-19: Was Rheumapatienten jetzt wissen sollten,Covid-19: breaking the chain of household transmission.
9exz4qpw,fxrsgieg,0.032129597,"COVID-19 vaccines in patients with cancer: immunogenicity, efficacy and safety",COVID-19: Was Rheumapatienten jetzt wissen sollten
lykdgw5y,4wcf4z93,0.03212987,Empfehlungen zur Lungen- und Thoraxsonographie bei Patienten mit COVID-19-Erkrankung,Acknowledgement to Referees: Acknowledgement to Referees
lvi4n41u,lyo7ldgs,0.032138,Pflegen kann jede*r!,A review of the safety and efficacy of current COVID-19 vaccines
lvi4n41u,oc5zqt5o,0.032145653,Pflegen kann jede*r!,COVID-19's extraordinary impact on couples and families
1jt9ru51,z2ulnfop,0.03215086,Errors in Statistical Numbers and Data,Fakten auf einen Blick
fy59im69,s9qlcamb,0.032151926,Quality of and Recommendations for Relevant Clinical Practice Guidelines for COVID-19 Management: A Systematic Review and Critical Appraisal,Finanzielle Hilfen für Vertragsärzte: Weitere KVen haben HVM-Änderungen ausgearbeitet
9yw7uphi,s9qlcamb,0.032153122,Case study on city-airports: Datasets and calculation models,Finanzielle Hilfen für Vertragsärzte: Weitere KVen haben HVM-Änderungen ausgearbeitet
p81l6zvz,aci0fr75,0.032155715,Systemische Immunsuppression in Zeiten von COVID‐19: Müssen wir umdenken?,[Clinical applications of smartwatches]
z7ubyys2,s9qlcamb,0.03215894,A Major Challenge to the Uncertainty of Modern Times,Finanzielle Hilfen für Vertragsärzte: Weitere KVen haben HVM-Änderungen ausgearbeitet
006umnny,fxrsgieg,0.0321597,"The intersection of COVID-19, school, and headaches: Problems and solutions",COVID-19: Was Rheumapatienten jetzt wissen sollten
4uvwvmy7,s9qlcamb,0.032171283,Understanding COVID-19 through human challenge models,Finanzielle Hilfen für Vertragsärzte: Weitere KVen haben HVM-Änderungen ausgearbeitet
n5diy2xz,fxrsgieg,0.032171525,Economic Hardships from COVID-19 and its Association with Socioeconomic Factors and Diabetes Management Indicators among Diabetic Residents: A Cross-Sectional Study,COVID-19: Was Rheumapatienten jetzt wissen sollten
z2ulnfop,gg0466lc,0.03217626,Fakten auf einen Blick,Diseases with health disparities as drivers of COVID‐19 outcome
swo27nq7,lvi4n41u,0.032179747,The World after COVID-19: Reflections on Global Health and Policy,Pflegen kann jede*r!
s9qlcamb,agrzzj36,0.032181967,Finanzielle Hilfen für Vertragsärzte: Weitere KVen haben HVM-Änderungen ausgearbeitet,Promoting Health Equity Across the Life Span.
rokr1kc4,atva6mfp,0.03219317,Multidisciplinary Telehealth Clinic Visits during Covid-19 Pandemic,COVID-19-Forschungsdaten leichter zugänglich machen – Aufbau einer bundesweiten Informationsinfrastruktur
z2ulnfop,906dqdz6,0.03219426,Fakten auf einen Blick,Providing answers to respiratory patients’ questions during covid-19
aucgdbzr,fxrsgieg,0.0321955,Chapter 1 Progress in Transport and Tourism Research: Reformulating the Transport-Tourism Interface and Future Research Agendas,COVID-19: Was Rheumapatienten jetzt wissen sollten
lvi4n41u,f9id76v2,0.032203235,Pflegen kann jede*r!,"COVID‐19 in pregnant women and children: Insights on clinical manifestations, complexities, and pathogenesis"
8hncaa3v,fxrsgieg,0.032211743,The prognostic value of general laboratory testing in patients with COVID-19,COVID-19: Was Rheumapatienten jetzt wissen sollten
7j1l9uxj,z2ulnfop,0.032217067,"COVID-19 vaccine development: milestones, lessons and prospects",Fakten auf einen Blick
ript90ig,fxrsgieg,0.0322196,Stressors and Other Pandemic-related Predictors of Prospective Changes in Psychological Distress,COVID-19: Was Rheumapatienten jetzt wissen sollten
5dhxsoz5,s9qlcamb,0.032221816,It Is Time for the Internationalization of Medical Education to Be at Home and Accessible for All,Finanzielle Hilfen für Vertragsärzte: Weitere KVen haben HVM-Änderungen ausgearbeitet
p81l6zvz,cv7g8umq,0.03222608,Systemische Immunsuppression in Zeiten von COVID‐19: Müssen wir umdenken?,Metalcasting Industry Research
lvi4n41u,ahqhwbl1,0.032227244,Pflegen kann jede*r!,Distance Education for Students with Special Needs in Primary Schools in the Period of CoVid-19 Epidemic
96rup00o,z2ulnfop,0.032228645,Interactions of Pathogens with the Host,Fakten auf einen Blick
n71hdcgh,s9qlcamb,0.03223832,The Rules of Contagion: Why Things Spread—and Why They Stop,Finanzielle Hilfen für Vertragsärzte: Weitere KVen haben HVM-Änderungen ausgearbeitet
lvi4n41u,gl9l1bzg,0.032238636,Pflegen kann jede*r!,"Space Medicine: Scientific Foundations, Achievements, and Challenges"
lvi4n41u,4e9rqj21,0.032239627,Pflegen kann jede*r!,Immunophenotyping for Risk Stratification of Patients with COVID-19
p81l6zvz,tatzkeni,0.032240946,Systemische Immunsuppression in Zeiten von COVID‐19: Müssen wir umdenken?,"Market prices, analysts' predictions, and Covid19"
fxrsgieg,pu6m4qad,0.032247502,COVID-19: Was Rheumapatienten jetzt wissen sollten,Three-dimensional cell culture models for investigating human viruses
u133wzz3,s9qlcamb,0.032247793,Widening the Reach of Bioethics Scholarship,Finanzielle Hilfen für Vertragsärzte: Weitere KVen haben HVM-Änderungen ausgearbeitet
lc1d1dan,fxrsgieg,0.03225548,[Reflections on the Nursing Work Environment in Light of the Experience With COVID-19].,COVID-19: Was Rheumapatienten jetzt wissen sollten
5b7at0ye,z2ulnfop,0.03226283,Neurological Manifestations of COVID-19 in Children.,Fakten auf einen Blick
8vsonkpp,s9qlcamb,0.032267854,[Practical exploration on the Online Four-step Teaching of Encouraging and Sharing during COVID-19 period],Finanzielle Hilfen für Vertragsärzte: Weitere KVen haben HVM-Änderungen ausgearbeitet
dny2c8ry,s9qlcamb,0.032267854,[Practical exploration on the Online Four-step Teaching of Encouraging and Sharing during COVID-19 period].,Finanzielle Hilfen für Vertragsärzte: Weitere KVen haben HVM-Änderungen ausgearbeitet
6lgo4dp8,lvi4n41u,0.03227004,"The 2021 Epilepsy Research Benchmarks—Respecting Core Principles, Reflecting Evolving Community Priorities",Pflegen kann jede*r!
fxrsgieg,4u6tvp1r,0.03227561,COVID-19: Was Rheumapatienten jetzt wissen sollten,Building a global taxonomy of wildlife offenses.
3quxhorv,e69c9wyw,0.03227564,Worksite tobacco control – a qualitative study on perspectives from employers and employees at small worksites,Nutzen von Erfahrungswissen in Krisen. Zur These einer vermehrten Bezugnahme auf Geschichte in Krisenzeiten
a8d856ba,fxrsgieg,0.03228139,Peculiarities of Verbalisation of Emotions by the Teachers in Distance Learning,COVID-19: Was Rheumapatienten jetzt wissen sollten
vh68rbhn,e69c9wyw,0.032281503,Sociodemographic Determinants of COVID-19 Susceptibility and Outcomes in the Pregnant Population,Nutzen von Erfahrungswissen in Krisen. Zur These einer vermehrten Bezugnahme auf Geschichte in Krisenzeiten
lvi4n41u,di7uqjh7,0.032284535,Pflegen kann jede*r!,Why Physical Activity Should Be Considered in Clinical Trials for COVID-19 Vaccines: A Focus on Risk Groups
12nta6gx,e69c9wyw,0.03229671,"The impact of COVID-19 on residents, relatives and staff in care homes",Nutzen von Erfahrungswissen in Krisen. Zur These einer vermehrten Bezugnahme auf Geschichte in Krisenzeiten
43baf20m,fxrsgieg,0.032301437,The perception of nurses towards their roles during the COVID-19 pandemic,COVID-19: Was Rheumapatienten jetzt wissen sollten
mugq630z,e69c9wyw,0.03231055,Wildlife as Source of Zoonotic Infections,Nutzen von Erfahrungswissen in Krisen. Zur These einer vermehrten Bezugnahme auf Geschichte in Krisenzeiten
lvi4n41u,dlafpfiq,0.03231266,Pflegen kann jede*r!,Epidemiological analysis of 18 patients with COVID-19.
udjdmb2q,fxrsgieg,0.032312755,Sustaining Employee Networks in the Virtual Workplace,COVID-19: Was Rheumapatienten jetzt wissen sollten
rlv8cnis,fxrsgieg,0.032313935,"The regional differences and influencing factors of tourism development on Hainan Island, China",COVID-19: Was Rheumapatienten jetzt wissen sollten
8v1uuygv,lvi4n41u,0.03233177,Empowering Veterinarians to Be Planetary Health Stewards Through Policy and Practice,Pflegen kann jede*r!
1c2za66l,fxrsgieg,0.032335397,"Covid-19: Infection rates have risen in hotspot areas despite local lockdowns, analysis shows",COVID-19: Was Rheumapatienten jetzt wissen sollten
ash0dnc9,l705no5s,0.032341205,Freiheit auf Zeit,Academic Coaching of Medical Students During COVID-19
842d69u0,atva6mfp,0.03234138,Nephrology Nurses Give HOPE,COVID-19-Forschungsdaten leichter zugänglich machen – Aufbau einer bundesweiten Informationsinfrastruktur
gjejqlft,lvi4n41u,0.03234649,Implications of Increased Access to Buprenorphine for Medical Providers in Rural Areas: A Review of the Literature and Future Directions,Pflegen kann jede*r!
9aifboyr,lvi4n41u,0.032347664,The impact of COVID-19 on the world economy and higher education,Pflegen kann jede*r!
qo30oajs,e69c9wyw,0.032348555,Glucocorticoids (as an Etiologic Factor),Nutzen von Erfahrungswissen in Krisen. Zur These einer vermehrten Bezugnahme auf Geschichte in Krisenzeiten
j2ngeaio,s9qlcamb,0.032350726,Distance learning during the early stages of the COVID-19 pandemic: Examining K-12 students' and parents' experiences and perspectives,Finanzielle Hilfen für Vertragsärzte: Weitere KVen haben HVM-Änderungen ausgearbeitet
f14d9sz7,fxrsgieg,0.032353066,Productive Public–Private Partnering in Crisis and Beyond,COVID-19: Was Rheumapatienten jetzt wissen sollten
47mgb8ri,s9qlcamb,0.03235342,"Policing in pandemic: Is perception of workload causing work-family conflict, job dissatisfaction and job stress?",Finanzielle Hilfen für Vertragsärzte: Weitere KVen haben HVM-Änderungen ausgearbeitet
p2tcdgmq,s9qlcamb,0.0323587,[COVID-19 and assistance effort in Primary Care],Finanzielle Hilfen für Vertragsärzte: Weitere KVen haben HVM-Änderungen ausgearbeitet
lvi4n41u,7suhfom5,0.03236476,Pflegen kann jede*r!,COVID-19 Test & Trace Success Determinants: Modeling On A Network
bcj9j7l0,s9qlcamb,0.03236848,Inequity in Crisis Standards of Care.,Finanzielle Hilfen für Vertragsärzte: Weitere KVen haben HVM-Änderungen ausgearbeitet
27ko9iui,lvi4n41u,0.032368887,Students Assessing Digital News and Misinformation,Pflegen kann jede*r!
2ziwfjcm,fxrsgieg,0.032372408,Orientation and recognition in contemporary illness narratives,COVID-19: Was Rheumapatienten jetzt wissen sollten
atva6mfp,xqlvdziu,0.032382347,COVID-19-Forschungsdaten leichter zugänglich machen – Aufbau einer bundesweiten Informationsinfrastruktur,Review of registered clinical trials for the treatment of COVID‐19
llqa1yps,fxrsgieg,0.032382473,Regulating laboratory-developed tests,COVID-19: Was Rheumapatienten jetzt wissen sollten
x88j7i2k,e69c9wyw,0.03238636,Key Contributions in Clinical Research Informatics,Nutzen von Erfahrungswissen in Krisen. Zur These einer vermehrten Bezugnahme auf Geschichte in Krisenzeiten
ic3h3cp4,s9qlcamb,0.03239556,Point-of-Care Ultrasound in the Evaluation of COVID-19,Finanzielle Hilfen für Vertragsärzte: Weitere KVen haben HVM-Änderungen ausgearbeitet
wc2uvx13,fxrsgieg,0.03240316,THERMODYNAMIC PROPERTIES OF ACTIVE PHARMACEUTICAL INGREDIENTS THAT ARE OF INTEREST IN COVID-19,COVID-19: Was Rheumapatienten jetzt wissen sollten
lvi4n41u,q01ycquq,0.032411233,Pflegen kann jede*r!,Survey Research With Families in the Context of Pediatric Chronic Health Conditions: Key Considerations and Future Directions.
s9qlcamb,5vnrll1v,0.03241471,Finanzielle Hilfen für Vertragsärzte: Weitere KVen haben HVM-Änderungen ausgearbeitet,Introduction: The Paradoxes and Worries in Contemporary Times
c3s220m6,fxrsgieg,0.0324227,Primary care perspectives on pandemic politics.,COVID-19: Was Rheumapatienten jetzt wissen sollten
yvideybj,fxrsgieg,0.0324227,Primary care perspectives on pandemic politics,COVID-19: Was Rheumapatienten jetzt wissen sollten
d7rlj43k,izlpz4qn,0.03243214,Einladung zu einer Hybrid-Veranstaltung 2022,Risk Factors for Mortality of COVID-19 Patients
6k5ozfnf,atva6mfp,0.03243616,Validation of a risk score to predict patients at risk of critical illness with COVID-19,COVID-19-Forschungsdaten leichter zugänglich machen – Aufbau einer bundesweiten Informationsinfrastruktur
ojtkitu2,77zkfwr7,0.03243746,Urological issues in cyclists,Masterplan Rohstoffe 2030 – Eine Rohstoffstrategie für Österreich
3qxqvmon,qeayhypi,0.03243908,Współzależność przemysłu 4.0 z gospodarką o obiegu zamkniętym: w poszukiwaniu wspólnego obszaru definicyjnego,Awareness under general anaesthesia.
lvi4n41u,rkcpgz3w,0.03244087,Pflegen kann jede*r!,"Perceptions of Parenting, Parent-Child Activities and Children’s Extracurricular Activities in Times of COVID-19"
31y06b4h,fxrsgieg,0.03244222,Review: Covid-19 Highlights the Importance of Camera Traps for Wildlife Conservation Research and Management,COVID-19: Was Rheumapatienten jetzt wissen sollten
acuw5cqe,atva6mfp,0.03244488,"News, Programs, Publications, and Awards",COVID-19-Forschungsdaten leichter zugänglich machen – Aufbau einer bundesweiten Informationsinfrastruktur
tp80pzeg,fxrsgieg,0.032445993,Impact of Substantive Staging and Communicative Staging of Sustainable Servicescape on Behavioral Intentions of Hotel Customers through Overall Perceived Image: A Case of Boutique Hotels,COVID-19: Was Rheumapatienten jetzt wissen sollten
ja687t28,e69c9wyw,0.03244712,Eight hospitalized patients with COVID-19,Nutzen von Erfahrungswissen in Krisen. Zur These einer vermehrten Bezugnahme auf Geschichte in Krisenzeiten
pfvfgpkv,s9qlcamb,0.03246057,Lessons from fighting COVID for the battle against climate change,Finanzielle Hilfen für Vertragsärzte: Weitere KVen haben HVM-Änderungen ausgearbeitet
xlvim0ue,fxrsgieg,0.032462675,An Updated Analysis on the Risk Factors Associated with COVID-19 Transmission,COVID-19: Was Rheumapatienten jetzt wissen sollten
fxrsgieg,37sl1spm,0.032469165,COVID-19: Was Rheumapatienten jetzt wissen sollten,Amenity Migration and Public Lands: Rise of the Protected Areas
x96icz0h,fxrsgieg,0.0324697,Association of renalase with clinical outcomes in hospitalized patients with COVID-19,COVID-19: Was Rheumapatienten jetzt wissen sollten
lvi4n41u,egr2mm5y,0.032477234,Pflegen kann jede*r!,Predictors of perceived teachers' and school counsellors’ work stress in the transition period of online education in schools during the COVID-19 pandemic
qxy3dwy1,s9qlcamb,0.032480348,Wading through the paperwork: making complex patient notes easier to navigate,Finanzielle Hilfen für Vertragsärzte: Weitere KVen haben HVM-Änderungen ausgearbeitet
mz8ujnzx,fxrsgieg,0.03248189,Acceptance and preference for COVID-19 vaccination in health-care workers (HCWs),COVID-19: Was Rheumapatienten jetzt wissen sollten
s9qlcamb,bxmiscol,0.032486245,Finanzielle Hilfen für Vertragsärzte: Weitere KVen haben HVM-Änderungen ausgearbeitet,Psychological risk factors for healthcare professionals in the epidemic process
adj9k5am,fxrsgieg,0.032487616,When Family Caregivers Meet Health Care Institutions,COVID-19: Was Rheumapatienten jetzt wissen sollten
2htz7vwb,e69c9wyw,0.032495406,State of the Society: SNMMI Thrives Despite COVID-19 Challenges.,Nutzen von Erfahrungswissen in Krisen. Zur These einer vermehrten Bezugnahme auf Geschichte in Krisenzeiten
lvi4n41u,2o2m9znf,0.03249579,Pflegen kann jede*r!,Bioethics and COVID-19: Considering the Social Determinants of Health
fxrsgieg,8yjrcl7x,0.03249746,COVID-19: Was Rheumapatienten jetzt wissen sollten,Sarcoidosis Epidemiology: Race Matters
mux7vu6z,fxrsgieg,0.03249807,Clinical trials in the time of a pandemic.,COVID-19: Was Rheumapatienten jetzt wissen sollten
irpm5g7g,fxrsgieg,0.032501608,"The Role of Internists During Epidemics, Outbreaks, and Bioterrorist Attacks",COVID-19: Was Rheumapatienten jetzt wissen sollten
p81l6zvz,alm3p31f,0.032505177,Systemische Immunsuppression in Zeiten von COVID‐19: Müssen wir umdenken?,Immunobiological aspects of vaccines in pregnancy: Maternal perspective
huvwm9mi,p81l6zvz,0.032510795,Lessons of the Pandemic for Family and School— The Challenges and Prospects of Network Education,Systemische Immunsuppression in Zeiten von COVID‐19: Müssen wir umdenken?
lvi4n41u,jvavl1pd,0.03251583,Pflegen kann jede*r!,Visioning transport futures through windows of opportunity: changing streets and humanscaled networks
fxrsgieg,wehqqbjx,0.032520182,COVID-19: Was Rheumapatienten jetzt wissen sollten,Covid-19 Breakthrough Infections in Vaccinated Health Care Workers
tq9k1kj8,e69c9wyw,0.0325204,Perceptions of Teachers in Training on Water Issues and Their Relationship to the SDGs,Nutzen von Erfahrungswissen in Krisen. Zur These einer vermehrten Bezugnahme auf Geschichte in Krisenzeiten
lvi4n41u,gj82vzwp,0.03252436,Pflegen kann jede*r!,Using focus groups in healthcare research
vizmbkhh,fxrsgieg,0.032528467,Rotavirus infections in calves in dairy herds,COVID-19: Was Rheumapatienten jetzt wissen sollten
i85528l3,avobcnzk,0.032534026,Clinical course and risk factors for mortality from COVID-19 in patients with haematological malignancies.,Neue Impfempfehlungen - auch zu COVID-19
5nsp5r1p,fxrsgieg,0.03253681,[The Current Situation and the Future of a Medical Institution and the Academic Society by COVID-19].,COVID-19: Was Rheumapatienten jetzt wissen sollten
4d2ajf65,fxrsgieg,0.032536898,Disinfection Agents and Antiseptics,COVID-19: Was Rheumapatienten jetzt wissen sollten
lvi4n41u,inxffg6g,0.032538585,Pflegen kann jede*r!,Pandemics and Public Health History.
lvi4n41u,wp9r32ln,0.032544345,Pflegen kann jede*r!,[Review-Current and Future of 3D Printers-]/ 総説 －3Dプリンタの現在と未来－
mherdb4v,7s9rsjat,0.032545187,Lessons for and from COVID‐19 for investors and their advisors,"Neues zu COVID-19, Kolon &CED vom europäischen Gastroenterologie-Kongress"
i79vtlv1,s9qlcamb,0.03254656,Analysis of Heart Treatment and Its Impact on Socioeconomic Conditions on the World Community,Finanzielle Hilfen für Vertragsärzte: Weitere KVen haben HVM-Änderungen ausgearbeitet
fxrsgieg,e4p8pyq3,0.032557055,COVID-19: Was Rheumapatienten jetzt wissen sollten,Getting Back to the Business of Being Sports Health Care Professionals
3wopb3vk,79hf1x4j,0.03256409,Factors predicting readmission in patients with COVID-19,Sind durch COVID-19 (mehr) Patienten mit Hörverlust zu erwarten?
fxrsgieg,z9b7gb0s,0.03256548,COVID-19: Was Rheumapatienten jetzt wissen sollten,Generalizability of COVID-19 Clinical Prediction Models
3qxqvmon,1evyus4i,0.032571018,Współzależność przemysłu 4.0 z gospodarką o obiegu zamkniętym: w poszukiwaniu wspólnego obszaru definicyjnego,Living with disability in a COVID-19 world
s9qlcamb,7mgs5s8f,0.032573916,Finanzielle Hilfen für Vertragsärzte: Weitere KVen haben HVM-Änderungen ausgearbeitet,Commute distance and jobs-housing fit
dft7qzsw,s9qlcamb,0.03257662,Problems Faced in Distance Education during COVID-19 Pandemic,Finanzielle Hilfen für Vertragsärzte: Weitere KVen haben HVM-Änderungen ausgearbeitet
xxcsrta0,4wcf4z93,0.03257725,"Menschenrechte in der Pflege angesichts Covid 19 - und das Recht Pflegender, sich im Arbeitsalltag nicht schuldig zu machen oder schuldig zu fühlen",Acknowledgement to Referees: Acknowledgement to Referees
su3mp2om,fxrsgieg,0.032584414,Conditioned tandem networks,COVID-19: Was Rheumapatienten jetzt wissen sollten
4ll2rqh3,h7wtvca0,0.03259057,"Weniger Arbeit, mehr Urlaub",ResearchPaper:EfficacyofMyofascialReleaseTherapy on the Cardiorespiratory Functions in Patients With COVID-19
s9qlcamb,2bgx4xx4,0.0325941,Finanzielle Hilfen für Vertragsärzte: Weitere KVen haben HVM-Änderungen ausgearbeitet,Offline: COVID-19-what have we learned so far?
jbv80qp7,lvi4n41u,0.032600116,Covid-19 vaccination: Logistical challenges in primary care,Pflegen kann jede*r!
0i3ewil9,s9qlcamb,0.032602433,The changing face of pathogen discovery and surveillance,Finanzielle Hilfen für Vertragsärzte: Weitere KVen haben HVM-Änderungen ausgearbeitet
fxrsgieg,8hxapk2w,0.03261316,COVID-19: Was Rheumapatienten jetzt wissen sollten,COVID-19 in posttransplant patients-report of 2 cases
ww3bie1d,fxrsgieg,0.032617267,Healthcare enterprises and public policies on COVID‐19: Insights from the Greek rural areas,COVID-19: Was Rheumapatienten jetzt wissen sollten
s9qlcamb,9hxsgn4m,0.032620467,Finanzielle Hilfen für Vertragsärzte: Weitere KVen haben HVM-Änderungen ausgearbeitet,The Importance of Video Visits in the Time of COVID‐19
gk4p26ck,lvi4n41u,0.032621205,A New Road Map for Our Nation's Response to COVID-19.,Pflegen kann jede*r!
lvi4n41u,aucgdbzr,0.032623664,Pflegen kann jede*r!,Chapter 1 Progress in Transport and Tourism Research: Reformulating the Transport-Tourism Interface and Future Research Agendas
22ksjktu,s9qlcamb,0.032623734,Findings of Research Misconduct,Finanzielle Hilfen für Vertragsärzte: Weitere KVen haben HVM-Änderungen ausgearbeitet
rc0nbk07,fxrsgieg,0.032626953,Biomarkers and prognostic factors for mesothelioma.,COVID-19: Was Rheumapatienten jetzt wissen sollten
lvi4n41u,fyorl3ks,0.03263165,Pflegen kann jede*r!,Sports Students' Satisfaction with Their Foreign Language Studies during the Outbreak of Covid-19
s6unh19n,79hf1x4j,0.03263773,Clinical and laboratory findings of COVID-19,Sind durch COVID-19 (mehr) Patienten mit Hörverlust zu erwarten?
s9cf86vs,vur1c2nf,0.0326387,Resultado de la implantacion de consultas telematicas en cirugia ortopedica y traumatologia durante la pandemia COVID-19,Communicating With Patients and Families During COVID-19
fxrsgieg,ccuyojbq,0.032642413,COVID-19: Was Rheumapatienten jetzt wissen sollten,Teachers: the forgotten health workforce
k9k9030a,fxrsgieg,0.032651544,[Immunoendocrinology - issues and challenges of today],COVID-19: Was Rheumapatienten jetzt wissen sollten
4xzvusbz,fxrsgieg,0.032652427,COVID-19: Comparison between 8-days and extended 4-weeks outbreak periods through socioeconomic and natural factors,COVID-19: Was Rheumapatienten jetzt wissen sollten
gzumjzgh,fxrsgieg,0.032653343,Virtual cultural circle: promoting the health of nurses fighting the covid-19,COVID-19: Was Rheumapatienten jetzt wissen sollten
znhqsnfj,fxrsgieg,0.03265431,The female medical workforce.,COVID-19: Was Rheumapatienten jetzt wissen sollten
1y46qu35,fxrsgieg,0.032659918,Legal aspects of COVID-19 pandemic management for community nurses.,COVID-19: Was Rheumapatienten jetzt wissen sollten
s9qlcamb,hwdvn8r2,0.03266131,Finanzielle Hilfen für Vertragsärzte: Weitere KVen haben HVM-Änderungen ausgearbeitet,"For the People: Uncertainty, Elections, and Enduring Consequences"
8p7vktc7,lvrrv9un,0.032666203,Keine Wirtschaftlichkeitsprüfungen für 2019: In Rheinland-Pfalz wurde das Ausgabenvolumen eingehalten,"Sustainability, Business, and Health."
tskfl8od,fxrsgieg,0.03267083,Neurological Complications of COVID-19 in Children.,COVID-19: Was Rheumapatienten jetzt wissen sollten
zoh1bsvo,fxrsgieg,0.03267083,Neurological Complications of COVID-19 in Children,COVID-19: Was Rheumapatienten jetzt wissen sollten
oeoszknl,s9qlcamb,0.032674804,"Bonds between body, face, and eyes reading",Finanzielle Hilfen für Vertragsärzte: Weitere KVen haben HVM-Änderungen ausgearbeitet
4a0hsmfk,pez6to2e,0.03268589,"Contents of Volume 65, issues 1 and 2",Infektionsschutz: Wenn gegen Regeln verstoßen wird
0bkskibk,avobcnzk,0.032690298,Human Bocavirus in Children,Neue Impfempfehlungen - auch zu COVID-19
lvi4n41u,an0fufsc,0.03269303,Pflegen kann jede*r!,"COVID-19 in the autopsy room–requirements, safety, recommendations and pathological findings"
sh03wppa,s9qlcamb,0.032699812,Rehabilitation following Covid-19: Part 1: Theoretical Considerations,Finanzielle Hilfen für Vertragsärzte: Weitere KVen haben HVM-Änderungen ausgearbeitet
aoyn7r7h,s9qlcamb,0.032704864,Perspectives: Leadership for quality improvement.,Finanzielle Hilfen für Vertragsärzte: Weitere KVen haben HVM-Änderungen ausgearbeitet
pzxrnuuj,atva6mfp,0.032708548,Supporting our Fellows and Members through COVID-19,COVID-19-Forschungsdaten leichter zugänglich machen – Aufbau einer bundesweiten Informationsinfrastruktur
frdc5oes,fxrsgieg,0.032712758,The effect of work from home on employee productivity in banking industry,COVID-19: Was Rheumapatienten jetzt wissen sollten
fxrsgieg,ugenpagq,0.032713752,COVID-19: Was Rheumapatienten jetzt wissen sollten,Exploring the representativeness of the M5 competition data
ni7fsqbi,s9qlcamb,0.03271613,What can we do for part-time nursing students during the COVID-19 pandemic?,Finanzielle Hilfen für Vertragsärzte: Weitere KVen haben HVM-Änderungen ausgearbeitet
fxrsgieg,cqppkl6r,0.032720987,COVID-19: Was Rheumapatienten jetzt wissen sollten,Point-of-Care Ultrasound Can Suggest COVID-19
fxrsgieg,yg4mi80u,0.03272868,COVID-19: Was Rheumapatienten jetzt wissen sollten,Measuring the COVID-19 Financial Threat to Hospital Markets
p81l6zvz,ubasthzv,0.032728985,Systemische Immunsuppression in Zeiten von COVID‐19: Müssen wir umdenken?,Priorities for the US Health Community Responding to COVID-19
t3awitbb,fxrsgieg,0.032730408,COVID-19: Symptoms in Dying Residents of Nursing Homes and in Those Admitted to Hospitals.,COVID-19: Was Rheumapatienten jetzt wissen sollten
xrmkx4cc,e69c9wyw,0.03273888,Industry 5.0: Potential Applications in COVID-19,Nutzen von Erfahrungswissen in Krisen. Zur These einer vermehrten Bezugnahme auf Geschichte in Krisenzeiten
ivryso1h,77zkfwr7,0.032746684,Vaccination of Immunocompromised Cats,Masterplan Rohstoffe 2030 – Eine Rohstoffstrategie für Österreich
xksd38yb,fxrsgieg,0.032748457,[Atypical clinical picture of COVID-19 in older patients],COVID-19: Was Rheumapatienten jetzt wissen sollten
fxrsgieg,x5h4moc1,0.032755457,COVID-19: Was Rheumapatienten jetzt wissen sollten,Treating Neutrophilic Inflammation in Airways Diseases
spm5esfk,e69c9wyw,0.03275958,"Biosecurity at Cattle Farms: Strengths, Weaknesses, Opportunities and Threats",Nutzen von Erfahrungswissen in Krisen. Zur These einer vermehrten Bezugnahme auf Geschichte in Krisenzeiten
60bvset6,fxrsgieg,0.032763805,How Attractive for Walking Are the Main Streets of a Shrinking City?,COVID-19: Was Rheumapatienten jetzt wissen sollten
wx77fncz,lvi4n41u,0.03277323,Promoting public health measures in response to COVID-19 on cargo ships and fishing vessels,Pflegen kann jede*r!
vur1c2nf,f1md57dg,0.032774065,Communicating With Patients and Families During COVID-19,La souveraineté industrielle au révélateur du COVID-19
fxrsgieg,vjfbh7yf,0.032779593,COVID-19: Was Rheumapatienten jetzt wissen sollten,"Prospects in controlling morphology, dynamics and responsiveness of supramolecular polymers."
t5alk6xg,s9qlcamb,0.032781173,"The association between work hours, shift work, and job latitude with fecundability: A preconception cohort study.",Finanzielle Hilfen für Vertragsärzte: Weitere KVen haben HVM-Änderungen ausgearbeitet
6mc4zg7g,ipu7igjp,0.032786313,Viele Sonderregelungen gelten weiter,[COVID-19 from the nephrologist's point of view].
3qxqvmon,ong6c37q,0.03279055,Współzależność przemysłu 4.0 z gospodarką o obiegu zamkniętym: w poszukiwaniu wspólnego obszaru definicyjnego,[Neurology of eye movements].
lvi4n41u,baqfe90f,0.03279491,Pflegen kann jede*r!,The state of distance healthcare simulation during the COVID-19 pandemic: results of an international survey
lvi4n41u,8hncaa3v,0.032803986,Pflegen kann jede*r!,The prognostic value of general laboratory testing in patients with COVID-19
8vzna3jz,s9qlcamb,0.032818217,The World We Find: A Photo Essay,Finanzielle Hilfen für Vertragsärzte: Weitere KVen haben HVM-Änderungen ausgearbeitet
86esyb9q,e6pxogg9,0.03282594,Erfolge feiern - Zukunft gestalten,Monitoring Remote Employees at FinPro
g6r9ipf0,p81l6zvz,0.03282642,"COVID – 19 impacts cities, culture and society",Systemische Immunsuppression in Zeiten von COVID‐19: Müssen wir umdenken?
h48ll8zq,fxrsgieg,0.03283288,The Unique Challenges Facing Rural Providers in the COVID-19 Pandemic.,COVID-19: Was Rheumapatienten jetzt wissen sollten
t51x3dof,8p7vktc7,0.03283319,Psychosemantic research of students’ representations about distance education during COVID-19,Keine Wirtschaftlichkeitsprüfungen für 2019: In Rheinland-Pfalz wurde das Ausgabenvolumen eingehalten
lvi4n41u,2ptayj9v,0.03283734,Pflegen kann jede*r!,Contaminated Toothbrushes and Potential COVID-19 Transmission: Concerns and Recommendations
tazi4h94,fxrsgieg,0.032839745,COVID-19 transmission inside a small passenger vessel: Risks and mitigation,COVID-19: Was Rheumapatienten jetzt wissen sollten
6m133lha,s9qlcamb,0.03283975,Contextualising risk: the unfolding information work and practices of people during the COVID-19 pandemic,Finanzielle Hilfen für Vertragsärzte: Weitere KVen haben HVM-Änderungen ausgearbeitet
lvi4n41u,akwmkksd,0.032839876,Pflegen kann jede*r!,COVID-19 diagnostic methods in developing countries.
lrz3084w,fxrsgieg,0.03284102,Comparative Study of Wound-Healing Activity of Dihydroquercetin Pseudopolymorphic Modifications,COVID-19: Was Rheumapatienten jetzt wissen sollten
w4wmd6xt,s9qlcamb,0.032849588,The “naming of things”: US labor in the time of Covid-19,Finanzielle Hilfen für Vertragsärzte: Weitere KVen haben HVM-Änderungen ausgearbeitet
83wdve1i,e69c9wyw,0.032851618,Neurological effects of COVID‐19 in infants and children,Nutzen von Erfahrungswissen in Krisen. Zur These einer vermehrten Bezugnahme auf Geschichte in Krisenzeiten
hbzai2ix,lvi4n41u,0.032852314,Financial recovery strategies for restaurants during COVID-19: Evidence from the US restaurant industry,Pflegen kann jede*r!
lvi4n41u,r7zqcnq3,0.03285493,Pflegen kann jede*r!,[Should children of cancer patients attend daycare centers or schools during the COVID-19 pandemic?]
3qxqvmon,96k16ygd,0.032855116,Współzależność przemysłu 4.0 z gospodarką o obiegu zamkniętym: w poszukiwaniu wspólnego obszaru definicyjnego,Chapter 5: Judging Women
lvi4n41u,uooqmy0z,0.032855734,Pflegen kann jede*r!,COVID-19 Contact Tracing Conundrums: Insights From the Front Lines.
lvi4n41u,20rmvlxk,0.032855734,Pflegen kann jede*r!,COVID-19 Contact Tracing Conundrums: Insights From the Front Lines
td4prw2k,7cppwix0,0.032856688,Should we be concerned about COVID‐19 with nonhuman primates?,Bedeutung von Citicolin bei der Glaukomerkrankung
z2ulnfop,bnto2xy7,0.032860503,Fakten auf einen Blick,COVID‐19 vaccination in children and university students
sdoxki4n,s9qlcamb,0.032883484,Reopening Schools in the Time of Pandemic: Look to the School Nurses.,Finanzielle Hilfen für Vertragsärzte: Weitere KVen haben HVM-Änderungen ausgearbeitet
4ncww81l,p81l6zvz,0.0328899,Editorial: Physical Fitness and Cardiovascular Health in Specific Populations,Systemische Immunsuppression in Zeiten von COVID‐19: Müssen wir umdenken?
lvi4n41u,u28t8juo,0.03289079,Pflegen kann jede*r!,Behavior analytic contributions to public health and telehealth
sqmwicfb,fxrsgieg,0.03289128,Association of injection Tocilizumab and inflammatory markers in COVID19,COVID-19: Was Rheumapatienten jetzt wissen sollten
chxxynw8,fxrsgieg,0.03289185,Coronavirus disease 2019 (COVID-19): two case reports from a family cluster.,COVID-19: Was Rheumapatienten jetzt wissen sollten
lvi4n41u,nxi2fpy4,0.032895684,Pflegen kann jede*r!,The Voice: The Shareholders' Motives Behind Corporate Donations
9rs5jk6m,s9qlcamb,0.032906093,Results are not generalizable to children attending school.,Finanzielle Hilfen für Vertragsärzte: Weitere KVen haben HVM-Änderungen ausgearbeitet
p81l6zvz,uzs39gx1,0.032907408,Systemische Immunsuppression in Zeiten von COVID‐19: Müssen wir umdenken?,Care for caregivers- a mission for primary care
3qxqvmon,c2io6utd,0.032910187,Współzależność przemysłu 4.0 z gospodarką o obiegu zamkniętym: w poszukiwaniu wspólnego obszaru definicyjnego,Employment Consequences of COVID-19 for People with Disabilities and Employers
1953w02l,f8hdn7ry,0.032912344,Key Characteristics of Cardiovascular Toxicants,Auf alles gefasst sein
jo13foe0,fxrsgieg,0.03291287,COVID‐19 “second wave” and vaccines: the dermatologists’ perspective,COVID-19: Was Rheumapatienten jetzt wissen sollten
zmjzvihk,79hf1x4j,0.0329205,Masked Faces with Faced Masks,Sind durch COVID-19 (mehr) Patienten mit Hörverlust zu erwarten?
40gnj1yy,fxrsgieg,0.03292504,Analysis of information on COVID-19 on websites of public health organizations,COVID-19: Was Rheumapatienten jetzt wissen sollten
dobmlt31,fxrsgieg,0.032927755,Risk Factors of Oropharyngeal Candidiasis in COVID-19 Patients: A Case-control Study,COVID-19: Was Rheumapatienten jetzt wissen sollten
gk4p26ck,fxrsgieg,0.032928437,A New Road Map for Our Nation's Response to COVID-19.,COVID-19: Was Rheumapatienten jetzt wissen sollten
fxrsgieg,4ot7gif8,0.032937147,COVID-19: Was Rheumapatienten jetzt wissen sollten,Tocilizumab efficacy in COVID-19 patients is associated with respiratory severity-based stages
ois5rucs,79hf1x4j,0.032939963,From the Guest Editors: Grief,Sind durch COVID-19 (mehr) Patienten mit Hörverlust zu erwarten?
njyahh45,fxrsgieg,0.032945883,Racial/Ethnic Differences in COVID-19 Vaccine Hesitancy Among Health Care Workers in 2 Large Academic Hospitals,COVID-19: Was Rheumapatienten jetzt wissen sollten
p81l6zvz,fznj1w28,0.032946244,Systemische Immunsuppression in Zeiten von COVID‐19: Müssen wir umdenken?,COVID-19 disruption on college students: Academic and socioemotional implications.
tf0rkkx2,z2ulnfop,0.032947496,Managing the infodemic about COVID‐19: Strategies for clinicians and researchers,Fakten auf einen Blick
fxrsgieg,09vn7hu1,0.032952253,COVID-19: Was Rheumapatienten jetzt wissen sollten,Transfusion practices and infectious risks.
d99uth32,fxrsgieg,0.032959092,"Predictors and Clinical Outcomes of Silent Hypoxia in COVID-19 Patients, a Single-Center Retrospective Cohort Study",COVID-19: Was Rheumapatienten jetzt wissen sollten
fxrsgieg,p40523dd,0.032960135,COVID-19: Was Rheumapatienten jetzt wissen sollten,Public perception and performance of different sampling approaches for the diagnosis of COVID-19
lvi4n41u,i8ywbu6u,0.032966077,Pflegen kann jede*r!,Deciphering Biosignatures in Planetary Contexts
eary2ido,lvi4n41u,0.032968704,"Evolution of Cancer Vaccines—Challenges, Achievements, and Future Directions",Pflegen kann jede*r!
5raobezd,lvi4n41u,0.032970037,Identifying Care Home Residents in Electronic Health Records - An OpenSAFELY Short Data Report,Pflegen kann jede*r!
4uk1gkdk,fxrsgieg,0.032970205,Body composition in recovered covid-19 patients,COVID-19: Was Rheumapatienten jetzt wissen sollten
7nn4380q,fxrsgieg,0.03297161,Exploring the potentials of personalized ventilation in mitigating airborne infection risk for two closely ranged occupants with different risk assessment models,COVID-19: Was Rheumapatienten jetzt wissen sollten
0y0qggva,fxrsgieg,0.032974865,Attitude and learning styles in different academic achievement of tertiary students,COVID-19: Was Rheumapatienten jetzt wissen sollten
xr4970ls,s9qlcamb,0.03298925,COVID-19's Impact on Health Disparities.,Finanzielle Hilfen für Vertragsärzte: Weitere KVen haben HVM-Änderungen ausgearbeitet
990gzdwa,s9qlcamb,0.03298925,COVID-19's Impact on Health Disparities,Finanzielle Hilfen für Vertragsärzte: Weitere KVen haben HVM-Änderungen ausgearbeitet
s9dbs6on,fxrsgieg,0.03298951,"Causes, consequences and control of student protests",COVID-19: Was Rheumapatienten jetzt wissen sollten
fdjsgrfi,mherdb4v,0.032998897,Descifrando la patogenia de la COVID-19,Lessons for and from COVID‐19 for investors and their advisors
av6fg3x9,s9qlcamb,0.03300472,Estimation of differential occupational risk of COVID-19 by comparing risk factors with case data by occupational group,Finanzielle Hilfen für Vertragsärzte: Weitere KVen haben HVM-Änderungen ausgearbeitet
g182mod0,lvi4n41u,0.03300723,Students' Perception of Online Classes and Exams Held During COVID-19 Pandemic: The Engineering Faculty's Experience at Assumption University,Pflegen kann jede*r!
d7rlj43k,af3ojiob,0.033013802,Einladung zu einer Hybrid-Veranstaltung 2022,Cerebrovascular events in COVID-19 patients
rqeh636k,lvi4n41u,0.03301981,Growing the Psychiatry Workforce Through Expansion or Creation of Residencies and Fellowships: the Results of a Survey by the AADPRT Workforce Task Force,Pflegen kann jede*r!
9y9xlfac,fxrsgieg,0.033023328,Does Gender or Religion Contribute to the Risk of COVID-19 in Hospital Doctors?,COVID-19: Was Rheumapatienten jetzt wissen sollten
gqr5hz0f,fxrsgieg,0.033026844,Exploring student perceptions of the learning environment in four health professions education programs,COVID-19: Was Rheumapatienten jetzt wissen sollten
lvi4n41u,qjfm56vh,0.033031467,Pflegen kann jede*r!,A structured literature review on the interplay between emerging technologies and COVID-19 – insights and directions to operations fields
nr08hupd,fxrsgieg,0.03303595,"Clinical characteristics of COVID-19 patients in Xiaogan, China: Comparison between recent imported cases and earlier local cases",COVID-19: Was Rheumapatienten jetzt wissen sollten
ntqn3ci4,fxrsgieg,0.033047557,Replication Cycle of Astroviruses,COVID-19: Was Rheumapatienten jetzt wissen sollten
lvi4n41u,w7jba9tl,0.033048496,Pflegen kann jede*r!,Moonshot Science—Risks and Benefits
bgh9bwf3,s9qlcamb,0.03304952,"Back to school, back to normality?",Finanzielle Hilfen für Vertragsärzte: Weitere KVen haben HVM-Änderungen ausgearbeitet
txk1tnoy,s9qlcamb,0.03305149,Lessons Learned from Caring for Patients with COVID-19 at the End of Life,Finanzielle Hilfen für Vertragsärzte: Weitere KVen haben HVM-Änderungen ausgearbeitet
lvi4n41u,p134q69v,0.033054397,Pflegen kann jede*r!,Positivity-preserving methods for population models
vd66qmby,fxrsgieg,0.033054553,Emerging agents for the treatment and prevention of stroke: progress in clinical trials.,COVID-19: Was Rheumapatienten jetzt wissen sollten
lvi4n41u,rflbs31b,0.0330618,Pflegen kann jede*r!,Association of County Race and Ethnicity Characteristics With Number of Insurance Carriers and Insurance Network Breadth
fxrsgieg,osk0uzw5,0.033063393,COVID-19: Was Rheumapatienten jetzt wissen sollten,The structure–activity relationship review of the main bioactive constituents of Morus genus plants
ca1dvjo6,fxrsgieg,0.033070862,Ciliate populations in temporary freshwater ponds: seasonal dynamics and influential factors,COVID-19: Was Rheumapatienten jetzt wissen sollten
lvi4n41u,o6z3b6wv,0.033072002,Pflegen kann jede*r!,Reading and Managing Service Businesses
z2ulnfop,w6vbc2ak,0.033073712,Fakten auf einen Blick,"COVID-19 in childhood: Transmission, clinical presentation, complications and risk factors"
lvi4n41u,klpyhggv,0.033073924,Pflegen kann jede*r!,The roles of nonprofit organizations in the management of COVID-19 emergency
lvi4n41u,w6p5orxu,0.03307427,Pflegen kann jede*r!,"Yazici and Ökten's article, Nursing students' clinical practices during the COVID-19 pandemic: Fear of COVID-19 and anxiety levels (2021)."
dpjrafgc,fxrsgieg,0.033079557,Clinical characteristics of COVID-19 in children: a systematic review.,COVID-19: Was Rheumapatienten jetzt wissen sollten
fxrsgieg,2ihv7l35,0.03308048,COVID-19: Was Rheumapatienten jetzt wissen sollten,[X. Critical care management of patients with COVID-19 pneumonia]
47jchs80,lvi4n41u,0.033088885,Practices and Pitfalls of 3D Printing for COVID-19,Pflegen kann jede*r!
mmyk5oto,atva6mfp,0.033088896,COVID-19 in tuberculosis patients: A report of three cases,COVID-19-Forschungsdaten leichter zugänglich machen – Aufbau einer bundesweiten Informationsinfrastruktur
zf7wcwqo,4wcf4z93,0.033089545,La Neurología en tiempos de COVID,Acknowledgement to Referees: Acknowledgement to Referees
lvi4n41u,1bnehmc5,0.033089835,Pflegen kann jede*r!,Oncology patients’ perceptions of and experiences with COVID-19
m608yzvm,lvi4n41u,0.033093546,Ergonomics factors influencing school education during the COVID-19 pandemic: A literature review,Pflegen kann jede*r!
i35eemj0,lvi4n41u,0.033096828,Image in keeping in mind,Pflegen kann jede*r!
7w0idyp5,fxrsgieg,0.033100687,Public debt and economic growth: contemporary evidence from a developing economy,COVID-19: Was Rheumapatienten jetzt wissen sollten
lvi4n41u,c6j06wmp,0.033106107,Pflegen kann jede*r!,Foodomics: Current and Future Perspectives in Food Analysis
me5xrp1f,fxrsgieg,0.033108998,Cell-to-cell fusion,COVID-19: Was Rheumapatienten jetzt wissen sollten
blt20o20,z2ulnfop,0.033110086,Risk factors for redetectable positivity in recovered COVID-19 children,Fakten auf einen Blick
lvi4n41u,h1m8l741,0.033112887,Pflegen kann jede*r!,"Trends of the Global, Regional, and National Incidence of Measles, Vaccine Coverage, and Risk Factors in 204 Countries From 1990 to 2019"
z2ulnfop,kiciow7u,0.033125125,Fakten auf einen Blick,Differences and similarities in endothelial and angiogenic profiles of preeclampsia and COVID-19 in pregnancy
7zrrxchi,pez6to2e,0.03312739,"[COVID-19, impact on residents and caregivers].",Infektionsschutz: Wenn gegen Regeln verstoßen wird
0ikgbfan,lvi4n41u,0.033130497,Online health survey research during COVID-19.,Pflegen kann jede*r!
qc1mpzli,lvi4n41u,0.03313165,Temperature significant change COVID-19 Transmission in 429 cities,Pflegen kann jede*r!
lvi4n41u,5jxzmki5,0.033141833,Pflegen kann jede*r!,Observational studies of rehabilitation during the COVID-19 pandemic
19zn9qg6,atva6mfp,0.03314239,Predictors of COVID-19 Infection: A Prevalence Study of Hospitalized Patients,COVID-19-Forschungsdaten leichter zugänglich machen – Aufbau einer bundesweiten Informationsinfrastruktur
49x64tcf,s9qlcamb,0.033142764,Heart Team Without Borders: Taking the Heart Team Beyond the Institution,Finanzielle Hilfen für Vertragsärzte: Weitere KVen haben HVM-Änderungen ausgearbeitet
8615p7xh,g37nuhpl,0.03315152,Rentenpolitik ist nicht nachhaltig,Neuroimaging Findings in Patients with COVID-19
huvwm9mi,s9qlcamb,0.03315281,Lessons of the Pandemic for Family and School— The Challenges and Prospects of Network Education,Finanzielle Hilfen für Vertragsärzte: Weitere KVen haben HVM-Änderungen ausgearbeitet
8zbpj6i0,atva6mfp,0.033154774,COVID 19; challenges to critical care and lessons learnt,COVID-19-Forschungsdaten leichter zugänglich machen – Aufbau einer bundesweiten Informationsinfrastruktur
6g2snwg8,fxrsgieg,0.033157595,Improving Patient Health Literacy in Hospitals – A Challenge for Hospital Health Education Programs,COVID-19: Was Rheumapatienten jetzt wissen sollten
txko8ssm,lvi4n41u,0.033172976,"COVID-19 and dementia: Analyses of risk, disparity, and outcomes from electronic health records in the US",Pflegen kann jede*r!
lvi4n41u,s6f5afdd,0.033172976,Pflegen kann jede*r!,"COVID‐19 and dementia: Analyses of risk, disparity, and outcomes from electronic health records in the US"
erigjz4g,fxrsgieg,0.033173747,"Towards a geocomputational landscape epidemiology: surveillance, modelling, and interventions",COVID-19: Was Rheumapatienten jetzt wissen sollten
lvi4n41u,51xw6bvg,0.033174355,Pflegen kann jede*r!,Evaluation of electronic recruitment efforts of primary care providers as research subjects during the COVID-19 pandemic
fxrsgieg,56xmdkkj,0.033175893,COVID-19: Was Rheumapatienten jetzt wissen sollten,Tourism economics and policy analysis: Contributions and legacy of the Sustainable Tourism Cooperative Research Centre
lvi4n41u,7k3vdqil,0.03317619,Pflegen kann jede*r!,[Prioritization of geriatric patients in care homes and residential homes in the context of the COVID pandemic]
igidchcf,fxrsgieg,0.033178777,"The $(2,5)$ minimal model on genus two surfaces",COVID-19: Was Rheumapatienten jetzt wissen sollten
2x5y2x7f,fxrsgieg,0.03319086,Classification and pathogenicity of microbes,COVID-19: Was Rheumapatienten jetzt wissen sollten
kjjis7hu,fxrsgieg,0.03319382,Environmental Cleaning and Disinfection,COVID-19: Was Rheumapatienten jetzt wissen sollten
zkc6pe54,fxrsgieg,0.033196565,"Fertility patients under COVID-19: Attitudes, Perceptions, and Psychological Reactions",COVID-19: Was Rheumapatienten jetzt wissen sollten
ee7onxgn,fxrsgieg,0.033198837,Emergency-Proof Tourism: The Heritage of Industrial Archaeology in Internal Areas as a Potential for a Sustainable Tourism,COVID-19: Was Rheumapatienten jetzt wissen sollten
bhimxnxq,fe82q2o1,0.03319905,Serological characteristics of COVID-19 patients.,Pflegedienstleiter in einer besonderen Zeit
s9qlcamb,ljd4w9mp,0.03320243,Finanzielle Hilfen für Vertragsärzte: Weitere KVen haben HVM-Änderungen ausgearbeitet,Football is “the most important of the least important things”: The Illusion of Sport and COVID-19
juo1544q,fxrsgieg,0.033204235,Patients' perceptions of teleconsultation during COVID-19: A cross-national study,COVID-19: Was Rheumapatienten jetzt wissen sollten
a1xoa5c1,s9qlcamb,0.033204272,Time-Critical Goals of Care in the Emergency Department During COVID-19: A Three-Stage Protocol,Finanzielle Hilfen für Vertragsärzte: Weitere KVen haben HVM-Änderungen ausgearbeitet
h1512buv,fxrsgieg,0.03320734,Children's emotion inferences from masked faces: Implications for social interactions during COVID-19,COVID-19: Was Rheumapatienten jetzt wissen sollten
p81l6zvz,1j5z5g00,0.03321445,Systemische Immunsuppression in Zeiten von COVID‐19: Müssen wir umdenken?,Individual risk evaluation for landslides: key details
c2io6utd,ey7zhmtu,0.03321447,Employment Consequences of COVID-19 for People with Disabilities and Employers,Akupunktur Auch in Covid-19-Zeiten eine Sichere Sache!
z11pqcu5,e69c9wyw,0.03321947,The complexities of race and health,Nutzen von Erfahrungswissen in Krisen. Zur These einer vermehrten Bezugnahme auf Geschichte in Krisenzeiten
s9qlcamb,r5waf6xz,0.033221476,Finanzielle Hilfen für Vertragsärzte: Weitere KVen haben HVM-Änderungen ausgearbeitet,Competitive strategies of small independent retailers
hwo0helx,s9qlcamb,0.033222217,[COVID-19: The Intensive Care Point-of-View].,Finanzielle Hilfen für Vertragsärzte: Weitere KVen haben HVM-Änderungen ausgearbeitet
ol635rqb,fxrsgieg,0.03323274,"Thank you to all our supporters, reviewers, authors, readers, and more",COVID-19: Was Rheumapatienten jetzt wissen sollten
ban651ev,fxrsgieg,0.03324279,Contribution of hotels’ revenue management for supply chain sustainability,COVID-19: Was Rheumapatienten jetzt wissen sollten
syj8s3re,lvi4n41u,0.033243716,Few Insights on the problem of COVID-19.,Pflegen kann jede*r!
yqri5mzx,fxrsgieg,0.0332441,Parents' beliefs about and associations to their elementary children's home technology usage,COVID-19: Was Rheumapatienten jetzt wissen sollten
lvi4n41u,1evyus4i,0.033245485,Pflegen kann jede*r!,Living with disability in a COVID-19 world
b0czrlln,s9qlcamb,0.033254556,"Resourcing primary care to tackle covid-19: cooperation, not competition.",Finanzielle Hilfen für Vertragsärzte: Weitere KVen haben HVM-Änderungen ausgearbeitet
08q15u1y,atva6mfp,0.033256177,COVID 19 in Geriatric Patients in Vidharbha Region,COVID-19-Forschungsdaten leichter zugänglich machen – Aufbau einer bundesweiten Informationsinfrastruktur
lvi4n41u,vctmdy4c,0.033256978,Pflegen kann jede*r!,Undergraduate nursing students’ COVID-19 vaccine intentions: A national survey
fxrsgieg,3zqfddpo,0.033263046,COVID-19: Was Rheumapatienten jetzt wissen sollten,Country‐level determinants of COVID‐19 case rates and death rates: An ecological study
362itgex,lvi4n41u,0.033263873,"Numeracy and COVID-19: examining interrelationships between numeracy, health numeracy and behaviour",Pflegen kann jede*r!
lvi4n41u,ozbm8vc4,0.033265285,Pflegen kann jede*r!,Diversity and inclusion for the All of Us research program: A scoping review.
7g7rgl97,s9qlcamb,0.03327178,Novice teachers in a changing reality,Finanzielle Hilfen für Vertragsärzte: Weitere KVen haben HVM-Änderungen ausgearbeitet
lvi4n41u,4szekj0f,0.033271924,Pflegen kann jede*r!,Social problems in the age of COVID-19: US perspectives
8laype3l,atva6mfp,0.03327928,Increasing recruitment into covid-19 trials,COVID-19-Forschungsdaten leichter zugänglich machen – Aufbau einer bundesweiten Informationsinfrastruktur
zbajalq2,e69c9wyw,0.033281725,Neurological manifestations as prognostic factors in COVID-19: a retrospective cohort study,Nutzen von Erfahrungswissen in Krisen. Zur These einer vermehrten Bezugnahme auf Geschichte in Krisenzeiten
z2ulnfop,yxqva9xi,0.033282623,Fakten auf einen Blick,Predictors of contracting COVID-19 in nursing homes: Implications for clinical practice.
lpzespl2,fxrsgieg,0.03328612,Combating Burnout in Health Care Providers,COVID-19: Was Rheumapatienten jetzt wissen sollten
fu6ruwf0,atva6mfp,0.03328691,Focus on fitness . . . and other stories,COVID-19-Forschungsdaten leichter zugänglich machen – Aufbau einer bundesweiten Informationsinfrastruktur
fxrsgieg,mxs8zvsv,0.033291332,COVID-19: Was Rheumapatienten jetzt wissen sollten,Improving Children's Diets Needs a Public Health Strategy.
z2ulnfop,u8pjs4iq,0.033293344,Fakten auf einen Blick,Imaging Findings in Four COVID-19 Patients.
hjn7h7jn,fxrsgieg,0.03329468,A National Study of Community Health Centers' Readiness to Address COVID-19,COVID-19: Was Rheumapatienten jetzt wissen sollten
jqya5kwx,fxrsgieg,0.03329468,A National Study of Community Health Centers' Readiness to Address COVID-19.,COVID-19: Was Rheumapatienten jetzt wissen sollten
s9qlcamb,kul6ss7h,0.03330038,Finanzielle Hilfen für Vertragsärzte: Weitere KVen haben HVM-Änderungen ausgearbeitet,Acting Proactively to Manage Job Insecurity: How Worrying About the Future of One’s Job May Obstruct Future-Focused Thinking and Behavior
kt6zrzxk,fxrsgieg,0.033300716,The experience of disgust by nursing and midwifery students: An interpretative phenomenological approach study.,COVID-19: Was Rheumapatienten jetzt wissen sollten
8ptyl3kb,fxrsgieg,0.033302817,Carriage of ESBL-producing Enterobacterales in wastewater treatment plant workers and surrounding residents — the AWARE Study,COVID-19: Was Rheumapatienten jetzt wissen sollten
mkgezsqf,fxrsgieg,0.033304393,"Evolution of mobility sector during and beyond Covid-19: viewpoint of industries, consultancies and public transport companies",COVID-19: Was Rheumapatienten jetzt wissen sollten
x2a5xora,fxrsgieg,0.03330745,Network modeling-based identification of the switching targets between pyroptosis and secondary pyroptosis,COVID-19: Was Rheumapatienten jetzt wissen sollten
qjq5zsfo,fxrsgieg,0.03331527,Genome characterization of a novel porcine bocavirus,COVID-19: Was Rheumapatienten jetzt wissen sollten
auvfnrvc,pez6to2e,0.03332264,Welfare Costs of COVID-19: Evidence from U.S. Counties,Infektionsschutz: Wenn gegen Regeln verstoßen wird
mwahdi64,y8rkyux1,0.03332679,Wichtig für Senioren: Impfschutz gegen Pneumokokken,Personal Cleanliness Activities in Preschool Classrooms
fsacnpvk,vur1c2nf,0.033336334,La terminologie juridique,Communicating With Patients and Families During COVID-19
lvi4n41u,ri37n58c,0.033339377,Pflegen kann jede*r!,Severity of COVID-19 in pregnancy: A review of current evidence
s9qlcamb,afhb8e37,0.03334167,Finanzielle Hilfen für Vertragsärzte: Weitere KVen haben HVM-Änderungen ausgearbeitet,Comments on 'Seven reasons why the physical examination remains important'.
5nw3828d,fxrsgieg,0.033342294,Clinical manifestations of children with COVID‐19: A systematic review,COVID-19: Was Rheumapatienten jetzt wissen sollten
lvi4n41u,6akmjh6y,0.033346068,Pflegen kann jede*r!,The Continuum of Coaching: Opportunities for Surgical Improvement at All Levels.
fjd0ozap,fxrsgieg,0.03334742,Microbial volatile compounds in health and disease conditions,COVID-19: Was Rheumapatienten jetzt wissen sollten
atva6mfp,484f1hc2,0.033350945,COVID-19-Forschungsdaten leichter zugänglich machen – Aufbau einer bundesweiten Informationsinfrastruktur,E-Learning during COVID-19: perspectives and experiences of the faculty and students
2dj7xxq3,e69c9wyw,0.033352856,Legal Aspects of Biosecurity,Nutzen von Erfahrungswissen in Krisen. Zur These einer vermehrten Bezugnahme auf Geschichte in Krisenzeiten
0cbbvo9t,lvi4n41u,0.03335798,Examination of Teachers' Experiences in the Emergency Distance Education Period,Pflegen kann jede*r!
lvi4n41u,5xxqrr7s,0.033359352,Pflegen kann jede*r!,Cooperation and conflict in romantic partners’ personal projects: the role of life domains
p81l6zvz,ihg2zuhq,0.033359762,Systemische Immunsuppression in Zeiten von COVID‐19: Müssen wir umdenken?,Risk factors for mortality in COVID-19 patients in a community teaching hospital
s9qlcamb,pbx4vo9g,0.033362594,Finanzielle Hilfen für Vertragsärzte: Weitere KVen haben HVM-Änderungen ausgearbeitet,Misclassification of State Crisis Standards of Care Guidelines
z2ulnfop,t1uikg0o,0.033365343,Fakten auf einen Blick,Coinfection with other respiratory pathogens in COVID-19 patients
u764muk6,s9qlcamb,0.03337145,Correlation and Causality: a Covid Conundrum,Finanzielle Hilfen für Vertragsärzte: Weitere KVen haben HVM-Änderungen ausgearbeitet
zq64f1cp,lvi4n41u,0.03337301,The merit privilege: examining dubious claims of merit in public health and public policy,Pflegen kann jede*r!
4vamza5b,e69c9wyw,0.033374995,Calcification in arteries . . . and other stories,Nutzen von Erfahrungswissen in Krisen. Zur These einer vermehrten Bezugnahme auf Geschichte in Krisenzeiten
sdfw22un,s9qlcamb,0.033378348,Hurricane risk perceptions and evacuation decision-making in the age of COVID-19,Finanzielle Hilfen für Vertragsärzte: Weitere KVen haben HVM-Änderungen ausgearbeitet
lvi4n41u,ig33xqwp,0.033378597,Pflegen kann jede*r!,Consequences of the COVID-19 Pandemic on Manuscript Submissions by Women.
r60dl0ep,fxrsgieg,0.033388406,Long COVID in Children: Observations From a Designated Pediatric Clinic,COVID-19: Was Rheumapatienten jetzt wissen sollten
sn72mkzq,s9qlcamb,0.03338966,What we know so far: COVID-19 current clinical knowledge and research.,Finanzielle Hilfen für Vertragsärzte: Weitere KVen haben HVM-Änderungen ausgearbeitet
3qxqvmon,7zrrxchi,0.033390258,Współzależność przemysłu 4.0 z gospodarką o obiegu zamkniętym: w poszukiwaniu wspólnego obszaru definicyjnego,"[COVID-19, impact on residents and caregivers]."
4vcfin23,fxrsgieg,0.033399086,Reframing the homescape: documenting domesticity during photography’s COVID turn,COVID-19: Was Rheumapatienten jetzt wissen sollten
74ir59fy,4wcf4z93,0.033400666,Aktuelle Entwicklungen zur Digitalisierung: Eine Analyse zu Qualität und Ökonomie in der Gesundheitsversorgung,Acknowledgement to Referees: Acknowledgement to Referees
nxaai5xz,atva6mfp,0.03340141,Breastfeeding Experiences of Autistic Women.,COVID-19-Forschungsdaten leichter zugänglich machen – Aufbau einer bundesweiten Informationsinfrastruktur
906dqdz6,7rl14tov,0.033413008,Providing answers to respiratory patients’ questions during covid-19,Introducción aclaratoria en el contexto covid
j10dtg9n,fxrsgieg,0.03341618,Recent Advances and Novel Approaches in Laboratory-Based Diagnostic Mycology,COVID-19: Was Rheumapatienten jetzt wissen sollten
ybdr3dwz,e69c9wyw,0.03341661,Key points to keep in mind related to COVID-19 vaccines in people with multiple sclerosis,Nutzen von Erfahrungswissen in Krisen. Zur These einer vermehrten Bezugnahme auf Geschichte in Krisenzeiten
r6s6es18,79hf1x4j,0.033422567,Computations with Algebraic Surfaces,Sind durch COVID-19 (mehr) Patienten mit Hörverlust zu erwarten?
1gbfvuod,z2ulnfop,0.033423286,COVID-19 and Conflict: Major Risks and Policy Responses,Fakten auf einen Blick
hzqjj8fl,lvi4n41u,0.03342519,COVID-19 and nutrition implications: A review,Pflegen kann jede*r!
fxrsgieg,dld99nj1,0.033425737,COVID-19: Was Rheumapatienten jetzt wissen sollten,Risk of morbidity and mortality in COVID-19 patients with cancer
7419x8pd,s9qlcamb,0.033426188,The change process in psychotherapy during troubling times,Finanzielle Hilfen für Vertragsärzte: Weitere KVen haben HVM-Änderungen ausgearbeitet
1f7fj42v,s9qlcamb,0.033428445,Shifting trends in pathogen dynamics on a changing planet,Finanzielle Hilfen für Vertragsärzte: Weitere KVen haben HVM-Änderungen ausgearbeitet
u9we7lxt,s9qlcamb,0.033431333,Evaluating Covid-19 Injury Claims With a Focus on Workers' Compensation.,Finanzielle Hilfen für Vertragsärzte: Weitere KVen haben HVM-Änderungen ausgearbeitet
lvi4n41u,qsvcq4ih,0.03343414,Pflegen kann jede*r!,Identifying factors influencing study skills engagement and participation for online learners in higher education during COVID‐19
szha6tof,lvi4n41u,0.033437118,COVID-19 and International Aircraft Financing Law,Pflegen kann jede*r!
2sch3tsf,fxrsgieg,0.03343742,Advances in microfluidics in combating infectious diseases,COVID-19: Was Rheumapatienten jetzt wissen sollten
s9qlcamb,5bxiyz6n,0.03343822,Finanzielle Hilfen für Vertragsärzte: Weitere KVen haben HVM-Änderungen ausgearbeitet,WPBs: making a mark and leaving a trail
izlpz4qn,pez6to2e,0.03344311,Risk Factors for Mortality of COVID-19 Patients,Infektionsschutz: Wenn gegen Regeln verstoßen wird
eywibigu,fxrsgieg,0.033444177,"Teacher education as a laboratory for developing teaching approaches—a collaboration between teacher educators, student teachers, and local schools",COVID-19: Was Rheumapatienten jetzt wissen sollten
fl06pd3t,79hf1x4j,0.033446535,COVID-19 in children: current evidence and key questions.,Sind durch COVID-19 (mehr) Patienten mit Hörverlust zu erwarten?
gfcarp13,fxrsgieg,0.03345245,Hospital planning for acts of terrorism and other public health emergencies involving children.,COVID-19: Was Rheumapatienten jetzt wissen sollten
lvi4n41u,3fhqojo0,0.03345984,Pflegen kann jede*r!,Bibliotherapeutic Picture Books for Uncertain Times
fxrsgieg,meekn3yx,0.033466253,COVID-19: Was Rheumapatienten jetzt wissen sollten,Progression of the Pathway for Public Health Care during the COVID-19 Outbreak at District Health Office
lvi4n41u,iodzu1ge,0.033474367,Pflegen kann jede*r!,Framed National Images Influence Policy Attitudes Among Targeted Foreign Citizens
tturd7bo,s9qlcamb,0.033479307,"U can't touch this! Face touching behaviour whilst driving: implications for health, hygiene and human factors",Finanzielle Hilfen für Vertragsärzte: Weitere KVen haben HVM-Änderungen ausgearbeitet
945e6sj4,fxrsgieg,0.033479705,The value of human resources: experience of critical care nurses during the COVID-19 epidemic,COVID-19: Was Rheumapatienten jetzt wissen sollten
k0l08i97,s9qlcamb,0.033483006,Expanding the Curriculum in a School of Public Health,Finanzielle Hilfen für Vertragsärzte: Weitere KVen haben HVM-Änderungen ausgearbeitet
lvi4n41u,72fka4cm,0.033484858,Pflegen kann jede*r!,Challenges and Threats Faced in 2020 by International Logistics Companies Operating on the Polish Market
qhi41vfb,fxrsgieg,0.03348712,Data Safety Monitoring during Covid‐19: Keep On Keeping On,COVID-19: Was Rheumapatienten jetzt wissen sollten
tlmi4lyv,atva6mfp,0.0334878,Trials and tribulations of young residents fighting COVID-19,COVID-19-Forschungsdaten leichter zugänglich machen – Aufbau einer bundesweiten Informationsinfrastruktur
irwzzhar,atva6mfp,0.0334878,Trials and tribulations of young residents fighting COVID‐19,COVID-19-Forschungsdaten leichter zugänglich machen – Aufbau einer bundesweiten Informationsinfrastruktur
fxrsgieg,n5jsu4kp,0.03349291,COVID-19: Was Rheumapatienten jetzt wissen sollten,Social Determinants of Health Challenges Are Prevalent Among Commercially Insured Populations
k9k9030a,atva6mfp,0.033499543,[Immunoendocrinology - issues and challenges of today],COVID-19-Forschungsdaten leichter zugänglich machen – Aufbau einer bundesweiten Informationsinfrastruktur
vj2h6r1g,fxrsgieg,0.03350521,DISTRIBUTED OPERATIONS in Response to COVID-19: ASSESSING WORKFORCE PERCEPTIONS OF PRODUCTIVITY AND SUCCESS,COVID-19: Was Rheumapatienten jetzt wissen sollten
lvi4n41u,d2th5ylh,0.033508062,Pflegen kann jede*r!,Depressive Symptoms and Their Associated Factors in Vocational–Technical School Students during the COVID-19 Pandemic
w6vbc2ak,s9qlcamb,0.033511613,"COVID-19 in childhood: Transmission, clinical presentation, complications and risk factors",Finanzielle Hilfen für Vertragsärzte: Weitere KVen haben HVM-Änderungen ausgearbeitet
thsbfewe,fxrsgieg,0.033515222,Clinician Perspectives on Incorporating Patients' Values-Based Health Priorities in Decision-Making.,COVID-19: Was Rheumapatienten jetzt wissen sollten
g0c9r4gg,fxrsgieg,0.03352304,Towards a Theory of Elsewhere,COVID-19: Was Rheumapatienten jetzt wissen sollten
fxrsgieg,nncuvo1s,0.0335294,COVID-19: Was Rheumapatienten jetzt wissen sollten,Warriors: a poetry tribute to frontline nurses and healthcare workers
fwklrlkd,fxrsgieg,0.033531964,Highlights from the 2021 Conference of the International Society of Psychiatric-Mental Health Nurses,COVID-19: Was Rheumapatienten jetzt wissen sollten
scqi8pig,fxrsgieg,0.033538222,The comparison of oxidative markers between Covid-19 patients and healthy subjects,COVID-19: Was Rheumapatienten jetzt wissen sollten
33nxl4de,fxrsgieg,0.033545215,Concerns About Our Public Medical Response to COVID 19,COVID-19: Was Rheumapatienten jetzt wissen sollten
lvi4n41u,4k9jsyij,0.03354726,Pflegen kann jede*r!,"Presidential Address, 2020-Using Technology to Deliver Services and Supports in Homes, Neighborhoods, and Communities: Evidence and Promise."
lvi4n41u,luiaykz4,0.033549044,Pflegen kann jede*r!,"Fear of COVID-19, mental health, and pregnancy outcomes in the pregnancy during the COVID-19 pandemic study: Fear of COVID-19 and pregnancy outcomes"
8tqsqecw,fxrsgieg,0.033551503,Discussion on “Competition on Spatial Statistics for Large Datasets”,COVID-19: Was Rheumapatienten jetzt wissen sollten
uw3j9c4w,fxrsgieg,0.03355686,Antihyperglycemic properties of hydroxychloroquine in patients with diabetes: Risks and benefits at the time of COVID-19 pandemic,COVID-19: Was Rheumapatienten jetzt wissen sollten
k9k9030a,e69c9wyw,0.03355981,[Immunoendocrinology - issues and challenges of today],Nutzen von Erfahrungswissen in Krisen. Zur These einer vermehrten Bezugnahme auf Geschichte in Krisenzeiten
it7friew,g37nuhpl,0.033560455,Vernachlässigen Sie Ihre Hauterkrankung nicht!,Neuroimaging Findings in Patients with COVID-19
fxrsgieg,mowj6wyl,0.033565115,COVID-19: Was Rheumapatienten jetzt wissen sollten,A Systems Approach to Refine Disease Taxonomy by Integrating Phenotypic and Molecular Networks
lvi4n41u,m7n8m79s,0.03356656,Pflegen kann jede*r!,The Health Crisis of Marginalized Populations during COVID-19 Pandemic: Challenges and Recommendations
4yfow3i2,fxrsgieg,0.033566996,Robotic partial nephrectomy for clinical stage T1 tumors: Experience in 42 cases.,COVID-19: Was Rheumapatienten jetzt wissen sollten
s9qlcamb,dfzp41w1,0.03357231,Finanzielle Hilfen für Vertragsärzte: Weitere KVen haben HVM-Änderungen ausgearbeitet,Efficiency of Managerial Work and Performance of Managers: Time Management Point of View
qiif3a4y,s9qlcamb,0.033578746,How Do We Do This? Distance Learning in Physical Education — Part 1,Finanzielle Hilfen für Vertragsärzte: Weitere KVen haben HVM-Änderungen ausgearbeitet
fxrsgieg,7mgs5s8f,0.03357903,COVID-19: Was Rheumapatienten jetzt wissen sollten,Commute distance and jobs-housing fit
p81l6zvz,ftj5jufn,0.03358836,Systemische Immunsuppression in Zeiten von COVID‐19: Müssen wir umdenken?,"On Football, Personal Risk, and Public Health"
6ebnjtoi,fxrsgieg,0.033599224,COVID-19: opportunities for public health ethics?,COVID-19: Was Rheumapatienten jetzt wissen sollten
fxrsgieg,70qhgyvk,0.03360002,COVID-19: Was Rheumapatienten jetzt wissen sollten,Estimates of evaporation rates from wounds for various dressing/support surface combinations.
v5nuyitu,s9qlcamb,0.033603992,Factors Limiting Subgroup Analysis in Cost-Effectiveness Analysis and a Call for Transparency,Finanzielle Hilfen für Vertragsärzte: Weitere KVen haben HVM-Änderungen ausgearbeitet
s9qlcamb,egsptiln,0.033609007,Finanzielle Hilfen für Vertragsärzte: Weitere KVen haben HVM-Änderungen ausgearbeitet,Education and training as key drivers for improving the quality of fluid balance charts: findings from a quality improvement project
g37nuhpl,vkzj6orn,0.033610616,Neuroimaging Findings in Patients with COVID-19,[tribulaciones De La Investigación En Tiempos De Covid-19]
lvi4n41u,7zxrxvwx,0.033618074,Pflegen kann jede*r!,An emergency shift to e-learning in health professions education: A comparative study of perspectives between students and instructors
9rn8kzst,fxrsgieg,0.03362191,Cleaning and decontamination of the healthcare environment,COVID-19: Was Rheumapatienten jetzt wissen sollten
lvi4n41u,j0miy6ma,0.033630542,Pflegen kann jede*r!,Reclaiming the streets? Possibilities for post-pandemic public space
mherdb4v,woydhufj,0.033631433,Lessons for and from COVID‐19 for investors and their advisors,Österreichische Kardiologische Gesellschaft Jahrestagung 2022: „Zurück in die Zukunft“
jbv80qp7,ash0dnc9,0.03363247,Covid-19 vaccination: Logistical challenges in primary care,Freiheit auf Zeit
lvi4n41u,ys4y5k63,0.033636447,Pflegen kann jede*r!,Association between 30-day readmission rates and health information technology capabilities in US hospitals
wsjj2jqz,lvi4n41u,0.033639114,The Level of Fear Experienced by the Individuals and their Applications to Health Institutions during the Covid-19 Pandemic,Pflegen kann jede*r!
s9qlcamb,5yp6f6e8,0.033639725,Finanzielle Hilfen für Vertragsärzte: Weitere KVen haben HVM-Änderungen ausgearbeitet,Look after your foundation doctors
13lj8m8d,fxrsgieg,0.033643913,Clinical Symptoms of COVID-19 and Their Association with Disease Outcome,COVID-19: Was Rheumapatienten jetzt wissen sollten
b31d1xyy,s9qlcamb,0.033648055,What will we learn from covid-19? That we live in an uncertain world,Finanzielle Hilfen für Vertragsärzte: Weitere KVen haben HVM-Änderungen ausgearbeitet
lvi4n41u,w74o277d,0.033651415,Pflegen kann jede*r!,Despite COVID-19 cancer nurses continue to do all they can for their patients
fxrsgieg,p8ze84bo,0.033653148,COVID-19: Was Rheumapatienten jetzt wissen sollten,Are health behaviors associated with academic performance among tertiary education students? A systematic review of cohort studies.
vwz42q3r,s9qlcamb,0.0336556,Improving Object Detection in Real-World Traffic Scenes,Finanzielle Hilfen für Vertragsärzte: Weitere KVen haben HVM-Änderungen ausgearbeitet
ppeg9z2q,fxrsgieg,0.033661786,Zoos and public health: A partnership on the One Health frontier,COVID-19: Was Rheumapatienten jetzt wissen sollten
90w4w5pz,s9qlcamb,0.03366402,Counting People by Estimating People Flows,Finanzielle Hilfen für Vertragsärzte: Weitere KVen haben HVM-Änderungen ausgearbeitet
lvi4n41u,kntqou2m,0.03366992,Pflegen kann jede*r!,A framework for participatory work environment interventions in home care – success factors and some challenges
fxrsgieg,9pc7ngr3,0.033674177,COVID-19: Was Rheumapatienten jetzt wissen sollten,Vaccines and Vaccination Practices: Key to Sustainable Animal Production
ikl884rq,fxrsgieg,0.033676665,Differences in US COVID-19 case rates and case fatality rates across the urban-rural continuum.,COVID-19: Was Rheumapatienten jetzt wissen sollten
fxrsgieg,fc7pmfp5,0.033679508,COVID-19: Was Rheumapatienten jetzt wissen sollten,Facing COVID-19 in Ophthalmology Department
lvi4n41u,gq4bd2nk,0.03368153,Pflegen kann jede*r!,Curriculum Design and Scholarship for New Educators: A Professional Development Workshop for Medical Students
lvi4n41u,h028kvbw,0.033687543,Pflegen kann jede*r!,Issues about entitymetrics and paper-entity citation network
lvi4n41u,gtfofl4f,0.03370195,Pflegen kann jede*r!,COVID‐19 as a Transformative Opportunity for Families and Therapists: Harnessing the Possibilities That Constraints Offer Us
w5kvivpg,fxrsgieg,0.03370759,Covid-19: Photograph collection records historic vaccine rollout.,COVID-19: Was Rheumapatienten jetzt wissen sollten
eho0o6sy,s9qlcamb,0.03371039,Two Superpandemics for One Humanity Is Too Many!,Finanzielle Hilfen für Vertragsärzte: Weitere KVen haben HVM-Änderungen ausgearbeitet
fhhhp1lm,atva6mfp,0.033713084,A-83 Neuropsychological Outcomes in Two COVID-19 Patients,COVID-19-Forschungsdaten leichter zugänglich machen – Aufbau einer bundesweiten Informationsinfrastruktur
fxrsgieg,fxksrpcq,0.033714477,COVID-19: Was Rheumapatienten jetzt wissen sollten,Therapeutic Potential for Tetracyclines in the Treatment of COVID-19
fxrsgieg,ozoptp4e,0.03371592,COVID-19: Was Rheumapatienten jetzt wissen sollten,Evolving Demographics of Nephrology Research Workforce in the United States
p81l6zvz,1gbfvuod,0.03372011,Systemische Immunsuppression in Zeiten von COVID‐19: Müssen wir umdenken?,COVID-19 and Conflict: Major Risks and Policy Responses
lvi4n41u,gp8jpy06,0.033720896,Pflegen kann jede*r!,Ethical challenges during the COVID-19 pandemic: Perspectives of nursing students.
fxrsgieg,upqaahwu,0.033722278,COVID-19: Was Rheumapatienten jetzt wissen sollten,Risk perception in women: a focus on menopause.
lvi4n41u,ndmqi49a,0.033723112,Pflegen kann jede*r!,International nursing students' perceptions and experiences of transition to the nursing workforce - A cross-sectional survey.
lvi4n41u,zdfb6bt4,0.03372369,Pflegen kann jede*r!,Pandemic shapes pharmacy residents' experiences.
s9qlcamb,4r8e2mvy,0.033725236,Finanzielle Hilfen für Vertragsärzte: Weitere KVen haben HVM-Änderungen ausgearbeitet,"Social distance forever? Or, what is a horizon for 'being near, together with others'?"
fxrsgieg,wrn7fkku,0.03372918,COVID-19: Was Rheumapatienten jetzt wissen sollten,Remote laboratory classes in a COVID pandemic situation. Example of subjects: Microcontroller programming and electronic circuits
vztyewiy,s9qlcamb,0.03373196,Can drugs reduce the risk of long COVID? What scientists know so far,Finanzielle Hilfen für Vertragsärzte: Weitere KVen haben HVM-Änderungen ausgearbeitet
s9qlcamb,tbh2fwk5,0.033733815,Finanzielle Hilfen für Vertragsärzte: Weitere KVen haben HVM-Änderungen ausgearbeitet,Secondary Transmission of COVID-19 in K-12 Schools: Findings From Two States
aeceum8p,e69c9wyw,0.03373717,COVID-19: Face masks and human-to-human transmission,Nutzen von Erfahrungswissen in Krisen. Zur These einer vermehrten Bezugnahme auf Geschichte in Krisenzeiten
0kgsxx85,fxrsgieg,0.033738628,The Hazards of Period Specific and Weighted Hazard Ratios,COVID-19: Was Rheumapatienten jetzt wissen sollten
gpsq68zs,s9qlcamb,0.03373898,P29 Bringing into focus treatment limitation and DNACPR decisions: How COVID-19 has changed practice,Finanzielle Hilfen für Vertragsärzte: Weitere KVen haben HVM-Änderungen ausgearbeitet
jwzjkm42,fxrsgieg,0.03374205,Characteristics of microbial community of soil subjected to industrial production of antibiotics.,COVID-19: Was Rheumapatienten jetzt wissen sollten
4ll2rqh3,td4prw2k,0.033743557,"Weniger Arbeit, mehr Urlaub",Should we be concerned about COVID‐19 with nonhuman primates?
ytuhhiwf,z2ulnfop,0.033748675,Perspectives: Research for all.,Fakten auf einen Blick
4ici4qmj,s9qlcamb,0.033766,Chemical pollution: A growing peril and potential catastrophic risk to humanity.,Finanzielle Hilfen für Vertragsärzte: Weitere KVen haben HVM-Änderungen ausgearbeitet
rfg4vq2i,s9qlcamb,0.03377094,Clinical Characteristics Predicting Progression of COVID-19,Finanzielle Hilfen für Vertragsärzte: Weitere KVen haben HVM-Änderungen ausgearbeitet
ash0dnc9,3quxhorv,0.033771202,Freiheit auf Zeit,Worksite tobacco control – a qualitative study on perspectives from employers and employees at small worksites
ja687t28,fe82q2o1,0.033772457,Eight hospitalized patients with COVID-19,Pflegedienstleiter in einer besonderen Zeit
z2ulnfop,9zhyv1hu,0.033774707,Fakten auf einen Blick,Considerations for Public Beaches
8ac1wvk3,fxrsgieg,0.03378204,COVID-19 Relief Assistance to Small Businesses: Issues and Policy Options,COVID-19: Was Rheumapatienten jetzt wissen sollten
fdjsgrfi,rw4z775m,0.033783175,Descifrando la patogenia de la COVID-19,COVID-19: Counseling With Bereaved Parents
463bvdo4,fxrsgieg,0.03379576,Approach to Analysis the Surface Geometry Change in Cultural Heritage Objects,COVID-19: Was Rheumapatienten jetzt wissen sollten
lvi4n41u,ekvu7f12,0.033795923,Pflegen kann jede*r!,Predicting the Risk Genes of Autism Spectrum Disorders
3qf3hqgn,fxrsgieg,0.033796508,"Mapping world scientific collaboration on the research of CoVID-19: Authors, journals, institutions, and countries",COVID-19: Was Rheumapatienten jetzt wissen sollten
lvi4n41u,0bq2xbyu,0.033800106,Pflegen kann jede*r!,Stresses of COVID-19 include parental concerns
kntqou2m,s9qlcamb,0.033801153,A framework for participatory work environment interventions in home care – success factors and some challenges,Finanzielle Hilfen für Vertragsärzte: Weitere KVen haben HVM-Änderungen ausgearbeitet
ikryyqto,s9qlcamb,0.033805374,A Multifaceted Perspective on Common Rhinologic Problems.,Finanzielle Hilfen für Vertragsärzte: Weitere KVen haben HVM-Änderungen ausgearbeitet
p81l6zvz,2o2m9znf,0.033807658,Systemische Immunsuppression in Zeiten von COVID‐19: Müssen wir umdenken?,Bioethics and COVID-19: Considering the Social Determinants of Health
xagfzwmw,lvi4n41u,0.033809412,From “Health for All” to “Health as Investment:” The Role of Economic Rationalities in the Transition from International to Global Health 1978–2013,Pflegen kann jede*r!
jcsxra16,s9qlcamb,0.033813342,Disagreement on expectations: firms versus consumers,Finanzielle Hilfen für Vertragsärzte: Weitere KVen haben HVM-Änderungen ausgearbeitet
qhx184st,e69c9wyw,0.033824254,The cost of steering in financial markets: Evidence from the mortgage market,Nutzen von Erfahrungswissen in Krisen. Zur These einer vermehrten Bezugnahme auf Geschichte in Krisenzeiten
9pt1cjm3,s9qlcamb,0.03382691,Moving towards less biased research,Finanzielle Hilfen für Vertragsärzte: Weitere KVen haben HVM-Änderungen ausgearbeitet
lvi4n41u,yqmi3s6m,0.0338283,Pflegen kann jede*r!,Some Notes about the Tourism Administrative Law: Covid-19
s9qlcamb,vkdh315j,0.03383388,Finanzielle Hilfen für Vertragsärzte: Weitere KVen haben HVM-Änderungen ausgearbeitet,Strategies and Perceived Risks of Sending Sensitive Documents
lvi4n41u,zyv44piv,0.033842854,Pflegen kann jede*r!,COVID-19: Impact on Nurses and Nursing
fxrsgieg,9xqngd08,0.033846337,COVID-19: Was Rheumapatienten jetzt wissen sollten,"COVID-19 stress, health issues, and correlations with different genders and age groups"
p81l6zvz,bjj8jhbb,0.033849407,Systemische Immunsuppression in Zeiten von COVID‐19: Müssen wir umdenken?,Training Networks of Local Health Departments: A Regional Assessment.
z2ulnfop,oed0wbm5,0.033851523,Fakten auf einen Blick,COVID-19 in Children and Adolescents with Endocrine Conditions
pzs568h8,s9qlcamb,0.033852797,A Perspective on the State of the World's Nursing Report.,Finanzielle Hilfen für Vertragsärzte: Weitere KVen haben HVM-Änderungen ausgearbeitet
p81l6zvz,z5jbdpd1,0.033859093,Systemische Immunsuppression in Zeiten von COVID‐19: Müssen wir umdenken?,"COVID-19 Regulations, Political Institutions, and the Environment"
y3vwrd7a,atva6mfp,0.033861604,Family Caregivers’ Experiences and Changes in Caregiving Tasks During the COVID-19 Pandemic,COVID-19-Forschungsdaten leichter zugänglich machen – Aufbau einer bundesweiten Informationsinfrastruktur
lvi4n41u,80umv5br,0.033864718,Pflegen kann jede*r!,"Covid-19: Bereaved families, unions, and charities demand immediate public inquiry to save lives."
qw7mxdv0,fxrsgieg,0.0338665,Personal and Environmental Contributors to Sedentary Behavior of Older Adults in Independent and Assisted Living Facilities,COVID-19: Was Rheumapatienten jetzt wissen sollten
fxrsgieg,343jn9p0,0.0338665,COVID-19: Was Rheumapatienten jetzt wissen sollten,Personal and Environmental Contributors to Sedentary Behavior of Older Adults in Independent and Assisted Living Facilities.
77zkfwr7,3ae1hs6m,0.03386651,Masterplan Rohstoffe 2030 – Eine Rohstoffstrategie für Österreich,"Antibodies: Friends, Foes, or Both? Lessons From COVID-19 for the Rheumatologist"
fvh3a5pv,fxrsgieg,0.033875044,Properties of Cordyceps Sinensis: A review,COVID-19: Was Rheumapatienten jetzt wissen sollten
tv2pgcjr,e69c9wyw,0.03387648,Factors influencing wellbeing in young people during COVID-19,Nutzen von Erfahrungswissen in Krisen. Zur These einer vermehrten Bezugnahme auf Geschichte in Krisenzeiten
lvi4n41u,u3xxshqw,0.033884592,Pflegen kann jede*r!,Current Therapies Under Investigation for COVID-19.
lvi4n41u,qp636gah,0.0338883,Pflegen kann jede*r!,A study on customers perception towards online banking during covid-19
uznffmtg,821dzl7j,0.033888478,1 Zorgvuldig en verantwoord handelen in de basiszorg,Evaluation Findings and Policy Suggestions
lvi4n41u,vsl94lhz,0.033895712,Pflegen kann jede*r!,Twitter sentiment classification for measuring public health concerns
0oo747qq,atva6mfp,0.03390095,Considerations for COVID-19 vaccination in pregnancy.,COVID-19-Forschungsdaten leichter zugänglich machen – Aufbau einer bundesweiten Informationsinfrastruktur
bk8o1v4l,s9qlcamb,0.03390692,Perspectives: Envisioning healthcare quality and safety in 2030.,Finanzielle Hilfen für Vertragsärzte: Weitere KVen haben HVM-Änderungen ausgearbeitet
ktavbj7i,fxrsgieg,0.033913117,Doctors underestimate 2 m social distancing more than other health care workers,COVID-19: Was Rheumapatienten jetzt wissen sollten
lvi4n41u,0rg86bh0,0.03391713,Pflegen kann jede*r!,Colchicine and Cardiovascular Outcomes: a Critical Appraisal of Recent Studies
ty6f2fuo,fxrsgieg,0.033918317,Building the dance community virtually during COVID 19,COVID-19: Was Rheumapatienten jetzt wissen sollten
lvi4n41u,l7e5xc5k,0.03391912,Pflegen kann jede*r!,Clinicians' experiences and reflections from a health system cyberattack
7nwfp13l,z2ulnfop,0.03392032,Clinical Experiences for Unvaccinated Nursing Students,Fakten auf einen Blick
s9qlcamb,9jbdwbfo,0.03393226,Finanzielle Hilfen für Vertragsärzte: Weitere KVen haben HVM-Änderungen ausgearbeitet,Social Work in a Time of Social Distance.
lvi4n41u,hekod41k,0.03393388,Pflegen kann jede*r!,Covid-19: virological aspects and pathogenesis
3v11325w,e69c9wyw,0.033937097,COVID-19 in Children and the Dynamics of Infection in Families,Nutzen von Erfahrungswissen in Krisen. Zur These einer vermehrten Bezugnahme auf Geschichte in Krisenzeiten
lvi4n41u,ivm7zz90,0.033945102,Pflegen kann jede*r!,Vaccination during pregnancy: current and possible future recommendations
qvr4js43,lvi4n41u,0.03395013,My Goals Are Not Their Goals: Barriers and Facilitators to Delivery of Patient-Centered Care for Patients with Multimorbidity,Pflegen kann jede*r!
v4t6ca0c,lvi4n41u,0.033956625,Special attention to nurses’ protection during the COVID-19 epidemic,Pflegen kann jede*r!
fxrsgieg,4wdklhp5,0.03395786,COVID-19: Was Rheumapatienten jetzt wissen sollten,Alternative Vaccination Politics
aoi4iqkf,e69c9wyw,0.033959884,Clinical characteristics of 50466 patients with 2019-nCoV infection,Nutzen von Erfahrungswissen in Krisen. Zur These einer vermehrten Bezugnahme auf Geschichte in Krisenzeiten
v6f21fh0,s9qlcamb,0.033961575,PRIORITY risk model predicted critical outcomes in patients hospitalized with COVID-19,Finanzielle Hilfen für Vertragsärzte: Weitere KVen haben HVM-Änderungen ausgearbeitet
oermes0l,fxrsgieg,0.03396217,Behavioral Interventions to Improve Home-Based Office-Workers’ Health,COVID-19: Was Rheumapatienten jetzt wissen sollten
w9keftyk,lvi4n41u,0.033963777,"The ""Best of 2020 List"" of Health Promotion Researchers.",Pflegen kann jede*r!
cvb44v5v,fxrsgieg,0.033964105,Barriers and challenges in the process of including critically ill patients in clinical studies,COVID-19: Was Rheumapatienten jetzt wissen sollten
lvi4n41u,ciyjyy68,0.033965196,Pflegen kann jede*r!,Learning to Recognize Masked Faces by Data Synthesis
zljwzdo7,e69c9wyw,0.033966247,Dogs and Cats as Laboratory Animals,Nutzen von Erfahrungswissen in Krisen. Zur These einer vermehrten Bezugnahme auf Geschichte in Krisenzeiten
z2ulnfop,obdaskaa,0.033970043,Fakten auf einen Blick,Obesity and COVID-19 outcomes: a risk factor that needs attention
81ven8y0,s9qlcamb,0.0339816,Shaping the future of healthcare: building back better,Finanzielle Hilfen für Vertragsärzte: Weitere KVen haben HVM-Änderungen ausgearbeitet
si825ref,fxrsgieg,0.033994492,Health risks of extreme heat.,COVID-19: Was Rheumapatienten jetzt wissen sollten
fxrsgieg,vz15pzt1,0.03400201,COVID-19: Was Rheumapatienten jetzt wissen sollten,"Guest editorial: COVID-19, entrepreneurship and public policy"
qvr4js43,e69c9wyw,0.03400404,My Goals Are Not Their Goals: Barriers and Facilitators to Delivery of Patient-Centered Care for Patients with Multimorbidity,Nutzen von Erfahrungswissen in Krisen. Zur These einer vermehrten Bezugnahme auf Geschichte in Krisenzeiten
fxrsgieg,o9pveqz8,0.034007393,COVID-19: Was Rheumapatienten jetzt wissen sollten,Safety resources for perioperative clinicians
lvi4n41u,pvfi05i0,0.034009766,Pflegen kann jede*r!,Analysis of online information onsupport group meetings forcrohn's disease patients
cibh5yvz,lvi4n41u,0.03401005,Selected Research Issues of Urban Public Health,Pflegen kann jede*r!
lvi4n41u,ehtvpl22,0.034011204,Pflegen kann jede*r!,Parenting Pressures Among Academic Pediatricians During the COVID-19 Pandemic
8q1k0ial,s9qlcamb,0.034013543,Exploring the impact of the physical work environment on service employees: an analysis of literature,Finanzielle Hilfen für Vertragsärzte: Weitere KVen haben HVM-Änderungen ausgearbeitet
kwhrebpe,3qxqvmon,0.03401652,Nimble Scholarship by Necessity,Współzależność przemysłu 4.0 z gospodarką o obiegu zamkniętym: w poszukiwaniu wspólnego obszaru definicyjnego
4x15ib1d,s9qlcamb,0.03401654,Confronting childism and prioritizing a holistic approach during the COVID-19 crisis,Finanzielle Hilfen für Vertragsärzte: Weitere KVen haben HVM-Änderungen ausgearbeitet
o7hlp5w8,fxrsgieg,0.034017313,COVID-19 and psychiatric training: Results from the efpt country surveys,COVID-19: Was Rheumapatienten jetzt wissen sollten
lvi4n41u,le4kkjkp,0.034018613,Pflegen kann jede*r!,"COVID-19 Vaccination in Lower-Middle Income Countries: National Stakeholder Views on Challenges, Barriers, and Potential Solutions"
z01xdiqq,fxrsgieg,0.034029488,Changes in Inflammatory Markers after Administration of Tocilizumab in COVID-19: A Single-Center Retrospective Study,COVID-19: Was Rheumapatienten jetzt wissen sollten
1rv41nww,s9qlcamb,0.034032416,Pivotal climate summit dogged by COVID and equity concerns,Finanzielle Hilfen für Vertragsärzte: Weitere KVen haben HVM-Änderungen ausgearbeitet
1kyfon57,fxrsgieg,0.034032624,Designing Pedagogical Agents Toward the Recommendation and Intervention Based on Students' Actions in an ITS,COVID-19: Was Rheumapatienten jetzt wissen sollten
8p7vktc7,96k16ygd,0.034035727,Keine Wirtschaftlichkeitsprüfungen für 2019: In Rheinland-Pfalz wurde das Ausgabenvolumen eingehalten,Chapter 5: Judging Women
mwahdi64,l6754c29,0.03403884,Wichtig für Senioren: Impfschutz gegen Pneumokokken,Features of α‐HBDH in COVID‐19 patients: A cohort study
mwahdi64,az2pgmkj,0.03403884,Wichtig für Senioren: Impfschutz gegen Pneumokokken,Features of α-HBDH in COVID-19 patients: A cohort study
dog4vi5a,s9qlcamb,0.034047212,Financial and Investment Determinants of Regional Development in the Face of Economic Uncertainty,Finanzielle Hilfen für Vertragsärzte: Weitere KVen haben HVM-Änderungen ausgearbeitet
4vcfin23,s9qlcamb,0.03405037,Reframing the homescape: documenting domesticity during photography’s COVID turn,Finanzielle Hilfen für Vertragsärzte: Weitere KVen haben HVM-Änderungen ausgearbeitet
s9qlcamb,fy0i2bwf,0.03405411,Finanzielle Hilfen für Vertragsärzte: Weitere KVen haben HVM-Änderungen ausgearbeitet,The Baseline Characteristics of Patients with COVID-19 and Impact of Various Risk Factors on the Outcome of Patients Admitted in Tertiary Care Hospital
uxn7jopb,s9qlcamb,0.034055304,Men's feelings and emotions in the Covid-19 framing,Finanzielle Hilfen für Vertragsärzte: Weitere KVen haben HVM-Änderungen ausgearbeitet
c4c7zfqj,s9qlcamb,0.034059737,Unravelling the business of educational leaders in times of uncertainty,Finanzielle Hilfen für Vertragsärzte: Weitere KVen haben HVM-Änderungen ausgearbeitet
unkcob02,lvi4n41u,0.034060404,Students’ age and parental level of education influence COVID-19 vaccination hesitancy,Pflegen kann jede*r!
m04pcwoo,s9qlcamb,0.034065887,"COVID-19: What have we learnt, and plan for the future",Finanzielle Hilfen für Vertragsärzte: Weitere KVen haben HVM-Änderungen ausgearbeitet
z2ulnfop,3gwru4h0,0.034072865,Fakten auf einen Blick,"COVID-19, Security Threats and Public Opinions"
8yfb2fr0,z2ulnfop,0.03407307,Mental Health and Related Factors of Hospital Nurses.,Fakten auf einen Blick
fxrsgieg,ihfi9zas,0.03407537,COVID-19: Was Rheumapatienten jetzt wissen sollten,Supporting COVID-19 School Safety for Children With Disabilities and Medical Complexity
yzxeevu8,fxrsgieg,0.03408347,Romanian Wine Tourism-A Paved Road or a Footpath in Rural Tourism?,COVID-19: Was Rheumapatienten jetzt wissen sollten
x4f7zvow,s9qlcamb,0.034085114,COVID-19 and the eye: how much do we really know? A best evidence review,Finanzielle Hilfen für Vertragsärzte: Weitere KVen haben HVM-Änderungen ausgearbeitet
0quh56z9,4wcf4z93,0.03408572,Wenn Krise auf Krise trifft: die weltweite Epidemie geschlechtsspezifischer Gewalt in Zeiten von Corona,Acknowledgement to Referees: Acknowledgement to Referees
fxrsgieg,wr73zrha,0.03408641,COVID-19: Was Rheumapatienten jetzt wissen sollten,Hospital resuscitation teams: a review of the risks to the healthcare worker
cjmodj9y,e69c9wyw,0.0340913,"Cities, Economies and COVID-19 Pandemic",Nutzen von Erfahrungswissen in Krisen. Zur These einer vermehrten Bezugnahme auf Geschichte in Krisenzeiten
lvi4n41u,ckuhwt62,0.034093887,Pflegen kann jede*r!,Associations Between COVID-19 Symptoms and Psychological Distress
atva6mfp,3gwru4h0,0.03409513,COVID-19-Forschungsdaten leichter zugänglich machen – Aufbau einer bundesweiten Informationsinfrastruktur,"COVID-19, Security Threats and Public Opinions"
tyw451gq,fxrsgieg,0.03409593,Natural Foci Diseases as a Stable Biological Threat,COVID-19: Was Rheumapatienten jetzt wissen sollten
fxrsgieg,mbssm6ju,0.034098987,COVID-19: Was Rheumapatienten jetzt wissen sollten,Identifying Acute Neuropsychiatric Events in Children and Adolescents
a7czqf2z,s9qlcamb,0.034100775,Editorial - Managing Risk in Uncertain Times.,Finanzielle Hilfen für Vertragsärzte: Weitere KVen haben HVM-Änderungen ausgearbeitet
lvi4n41u,kk08sg4f,0.034102052,Pflegen kann jede*r!,Home Monitoring trends during COVID‐19 infection
z2ulnfop,8wtyqkgn,0.034104254,Fakten auf einen Blick,Editors' Selections from Relevant Scientific Publications
22mcuxbo,s9qlcamb,0.034104824,Budgeting for covid-19: changing the narrative and narrating the change.,Finanzielle Hilfen für Vertragsärzte: Weitere KVen haben HVM-Änderungen ausgearbeitet
lvi4n41u,jsdcvhh4,0.034110375,Pflegen kann jede*r!,COVID-19 disruption to family medicine residency curriculum: results from a 2020 US programme directors survey
p81l6zvz,rurrljcz,0.034117416,Systemische Immunsuppression in Zeiten von COVID‐19: Müssen wir umdenken?,"Funders' Efforts: Aging And Health, COVID-19."
s9qlcamb,lcpobc6q,0.034123834,Finanzielle Hilfen für Vertragsärzte: Weitere KVen haben HVM-Änderungen ausgearbeitet,Leading in Times of Crisis
lvi4n41u,k4m2vnc4,0.0341296,Pflegen kann jede*r!,Globalization and the health of the health care workforce.
uj49mkmz,fxrsgieg,0.03413512,Biohydrogen production from microalgae - major bottlenecks and future research perspectives.,COVID-19: Was Rheumapatienten jetzt wissen sollten
lvi4n41u,tkvdd3uv,0.034142613,Pflegen kann jede*r!,Corporate dividend policy in the time of COVID-19: Evidence from the G-12 countries
4edwk9ci,ewl63b2i,0.034142688,Steuerung und Freiheit: Eine Antwort auf Frank Nullmeier,Manufacturing Workers and Employers
xshcb3dm,e69c9wyw,0.03414326,COVID-19 Vaccine Task Force and Conflicts of Interest,Nutzen von Erfahrungswissen in Krisen. Zur These einer vermehrten Bezugnahme auf Geschichte in Krisenzeiten
eaw8v1l3,fxrsgieg,0.03415048,Biologically Hazardous Agents at Work and Efforts to Protect Workers' Health: A Review of Recent Reports,COVID-19: Was Rheumapatienten jetzt wissen sollten
uscp6hxr,fxrsgieg,0.034151893,Reflections from the forgotten frontline: 'The reality for children and staff in residential care' during COVID-19,COVID-19: Was Rheumapatienten jetzt wissen sollten
fxrsgieg,ckuhwt62,0.034156527,COVID-19: Was Rheumapatienten jetzt wissen sollten,Associations Between COVID-19 Symptoms and Psychological Distress
lvi4n41u,zbkkxwxn,0.0341567,Pflegen kann jede*r!,"The COVID-19 Community Research Partnership: Objectives, Study Design, Baseline Recruitment, and Retention"
gdrce95m,fxrsgieg,0.034158155,Pharmacy Contributions to Improved Population Health: Expanding the Public Health Roundtable,COVID-19: Was Rheumapatienten jetzt wissen sollten
lvi4n41u,3mhmn5v3,0.034158953,Pflegen kann jede*r!,Vital Directions For Health And Health Care: Priorities For 2021
39glgeft,fxrsgieg,0.034159817,"Vaccines: Biotechnology Market, Coverage, and Regulatory Challenges for Achieving Sustainable Development Goals",COVID-19: Was Rheumapatienten jetzt wissen sollten
3m9zqkdu,s9qlcamb,0.03416289,Generating Representative Samples for Few-Shot Classification,Finanzielle Hilfen für Vertragsärzte: Weitere KVen haben HVM-Änderungen ausgearbeitet
lvi4n41u,qcjhxlv4,0.0341638,Pflegen kann jede*r!,Cultures of rejection in the Covid-19 crisis
7j1l9uxj,e69c9wyw,0.034166235,"COVID-19 vaccine development: milestones, lessons and prospects",Nutzen von Erfahrungswissen in Krisen. Zur These einer vermehrten Bezugnahme auf Geschichte in Krisenzeiten
lvi4n41u,g48ckkia,0.034168042,Pflegen kann jede*r!,Covid-19: challenges for people with intellectual disability
kntqou2m,fxrsgieg,0.034169182,A framework for participatory work environment interventions in home care – success factors and some challenges,COVID-19: Was Rheumapatienten jetzt wissen sollten
lvi4n41u,auo73dv7,0.03417166,Pflegen kann jede*r!,COVID‐19 disease trajectories among nursing home residents
59ndcytg,fxrsgieg,0.034172036,"Housing, crises and crime",COVID-19: Was Rheumapatienten jetzt wissen sollten
lvi4n41u,1tzltn44,0.034173172,Pflegen kann jede*r!,Pledging intellectual property for COVID-19.
p81l6zvz,td4prw2k,0.03417574,Systemische Immunsuppression in Zeiten von COVID‐19: Müssen wir umdenken?,Should we be concerned about COVID‐19 with nonhuman primates?
8p7vktc7,pbtkeetk,0.0341807,Keine Wirtschaftlichkeitsprüfungen für 2019: In Rheinland-Pfalz wurde das Ausgabenvolumen eingehalten,Covid-19 pandemy from the perspective of regional children´s clinic
cv4ghxcj,fxrsgieg,0.034184184,Should all babies have their genome sequenced at birth?,COVID-19: Was Rheumapatienten jetzt wissen sollten
3qxqvmon,nl512fhh,0.03418749,Współzależność przemysłu 4.0 z gospodarką o obiegu zamkniętym: w poszukiwaniu wspólnego obszaru definicyjnego,NASDAL: Prices hold up
v19curuq,e69c9wyw,0.034187548,COVID-19 care options: Facts and Challenges,Nutzen von Erfahrungswissen in Krisen. Zur These einer vermehrten Bezugnahme auf Geschichte in Krisenzeiten
lvi4n41u,d6ho2b4b,0.03418853,Pflegen kann jede*r!,Development and Validation of a Clinical Risk Score to Predict the Occurrence of Critical Illness in Hospitalized Patients With COVID-19.
fxrsgieg,jy47l6zm,0.034190603,COVID-19: Was Rheumapatienten jetzt wissen sollten,Aquatic invasive species: challenges for the future
1nn610dc,fxrsgieg,0.034191974,Utility of Point-of-Care COVID-19 Testing in an Outpatient Otolaryngology clinic,COVID-19: Was Rheumapatienten jetzt wissen sollten
i0z4bn1d,s9qlcamb,0.03419303,Long COVID - what should primary care be doing?,Finanzielle Hilfen für Vertragsärzte: Weitere KVen haben HVM-Änderungen ausgearbeitet
obqux7s7,fxrsgieg,0.034201212,Health Workforce for Health Equity,COVID-19: Was Rheumapatienten jetzt wissen sollten
94oreuv8,fxrsgieg,0.034202006,COVID‐19 and entrepreneurship: Future research directions,COVID-19: Was Rheumapatienten jetzt wissen sollten
fxrsgieg,wn04r3de,0.034203574,COVID-19: Was Rheumapatienten jetzt wissen sollten,Laboratory monitoring of COVID-19 patients and importance of coagulopathy markers
lvi4n41u,mussx7k7,0.03420955,Pflegen kann jede*r!,Elderly nursing homes residents—are they a priority in national COVID-19 strategies?
m9i66ekg,lvi4n41u,0.03421222,"Impacts of COVID-19 on U.S. aquaculture, aquaponics, and allied businesses",Pflegen kann jede*r!
24f6onzg,zgojzaiw,0.034216214,Electrochemistry for neurochemical analysis,Zerebrale MRT zeigt typische COVID19-Befunde
vq2cf6ch,s9qlcamb,0.034218255,[Adopting and implementing a One Health approach for solving complex health problems].,Finanzielle Hilfen für Vertragsärzte: Weitere KVen haben HVM-Änderungen ausgearbeitet
wgb2wa0r,fxrsgieg,0.034228183,Metabolic Syndrome Is a Risk Factor for Hospitalization and Mortality from COVID-19 Independent of Other Comorbidities,COVID-19: Was Rheumapatienten jetzt wissen sollten
80lfpe7f,s9qlcamb,0.034235608,Parental burnout: Moving the focus from children to parents.,Finanzielle Hilfen für Vertragsärzte: Weitere KVen haben HVM-Änderungen ausgearbeitet
lvi4n41u,fyraqnb1,0.034235876,Pflegen kann jede*r!,The Impact of the COVID-19 Pandemic on Graduating Gastroenterology Trainees and Perceptions of Program Directors
lvi4n41u,jfdtkaqn,0.034238786,Pflegen kann jede*r!,Economic Efficiency of Outsourcing Business Models: A Comparative Assessment
fxrsgieg,xgyr7tol,0.034243017,COVID-19: Was Rheumapatienten jetzt wissen sollten,Characteristics and Outcomes of Mechanically Ventilated COVID-19 Patients-An Observational Cohort Study
vvb3e3t5,fxrsgieg,0.03425013,Focusing on the Treatment of COVID-19: A Comprehensive Analysis of 226 Trials Registered on ClinicalTrialsgov and ChiCTR,COVID-19: Was Rheumapatienten jetzt wissen sollten
6a8lxbtd,s9qlcamb,0.0342523,Methodological issues in studying occupational differences in risk of COVID-19,Finanzielle Hilfen für Vertragsärzte: Weitere KVen haben HVM-Änderungen ausgearbeitet
5fudxrms,fxrsgieg,0.034257237,COVID-19 and prostate cancer: a complex scenario with multiple facets,COVID-19: Was Rheumapatienten jetzt wissen sollten
fxrsgieg,osqmy243,0.034259968,COVID-19: Was Rheumapatienten jetzt wissen sollten,The hidden patient: The CARE framework to care for caregivers
qbu5blo6,fxrsgieg,0.03426126,Flying aeroplanes and other sociological tales: An introduction to sociology and research methods,COVID-19: Was Rheumapatienten jetzt wissen sollten
j6b4apjr,lvi4n41u,0.034262877,A Critical Reflection on Environmental Education During the COVID-19 Pandemic,Pflegen kann jede*r!
fxrsgieg,gw621i03,0.03426295,COVID-19: Was Rheumapatienten jetzt wissen sollten,Living with COVID-19: mass gatherings and minimizing risk
77mfzz0r,e69c9wyw,0.034268796,Mental health & maltreatment risk of children with special educational needs during COVID-19,Nutzen von Erfahrungswissen in Krisen. Zur These einer vermehrten Bezugnahme auf Geschichte in Krisenzeiten
r91xzell,fxrsgieg,0.034272496,Laboratory Investigation of a Nosocomial Transmission of Tuberculosis at a District General Hospital,COVID-19: Was Rheumapatienten jetzt wissen sollten
lvi4n41u,logb582e,0.034274206,Pflegen kann jede*r!,Interrogating theoretical and empirical approaches to employability in different global regions
lvi4n41u,tsazboa2,0.034275237,Pflegen kann jede*r!,Perspectives in the study of the political economy of COVID-19 vaccine regulation
wiwzstlf,fxrsgieg,0.03428134,"Four Women, One Evening.",COVID-19: Was Rheumapatienten jetzt wissen sollten
3fsynjd7,lvi4n41u,0.034281597,Implications of COVID-19 Pandemic on the Global Trade Networks,Pflegen kann jede*r!
s4426ivk,s9qlcamb,0.03429328,Learning from others: A low-cost-high-impact risk/opportunity identification technique.,Finanzielle Hilfen für Vertragsärzte: Weitere KVen haben HVM-Änderungen ausgearbeitet
og8yr8cy,fxrsgieg,0.03429355,Incorporating RTLS-Based Spatiotemporal Information in Studying Physical Activities of Clinical Staff.,COVID-19: Was Rheumapatienten jetzt wissen sollten
lvi4n41u,9vlaoume,0.03430115,Pflegen kann jede*r!,"Patients' Attitudes Towards Telepsychiatry: Results of a Nationwide, Multisite Survey During the COVID-19 Pandemic"
lvi4n41u,joy2fu1d,0.034302186,Pflegen kann jede*r!,Commentary on two reports on animal models of COVID-19
8w41l8v3,ewl63b2i,0.03431072,Einflüsse der Coronapandemie auf gesundheitsbezogene Verhaltensweisen und Belastungen von Studierenden: Eine Erhebung an der Ostfalia Hochschule für angewandte Wissenschaften,Manufacturing Workers and Employers
q8labeqp,fxrsgieg,0.034310803,Challenges of managing health centers during the Covid-19 pandemic,COVID-19: Was Rheumapatienten jetzt wissen sollten
mpw6xis0,fxrsgieg,0.03431236,Recent Advances in Intermediate Filaments—Volume 1,COVID-19: Was Rheumapatienten jetzt wissen sollten
tskfl8od,atva6mfp,0.03431416,Neurological Complications of COVID-19 in Children.,COVID-19-Forschungsdaten leichter zugänglich machen – Aufbau einer bundesweiten Informationsinfrastruktur
zoh1bsvo,atva6mfp,0.03431416,Neurological Complications of COVID-19 in Children,COVID-19-Forschungsdaten leichter zugänglich machen – Aufbau einer bundesweiten Informationsinfrastruktur
fxrsgieg,r4pv2v5f,0.034316797,COVID-19: Was Rheumapatienten jetzt wissen sollten,Predictors of mechanical ventilation for COVID-19: combined data from three designated hospitals.
z2ulnfop,v19curuq,0.034322552,Fakten auf einen Blick,COVID-19 care options: Facts and Challenges
mhvrdyy5,s9qlcamb,0.034328092,Looking for Safety in All the Right Places: When Threatening Political Reality Strengthens Family Relationship Bonds,Finanzielle Hilfen für Vertragsärzte: Weitere KVen haben HVM-Änderungen ausgearbeitet
s9qlcamb,0o1had8j,0.034334064,Finanzielle Hilfen für Vertragsärzte: Weitere KVen haben HVM-Änderungen ausgearbeitet,Revisiting the relationship between constructive alignment and learning approaches: A perceived alignment perspective
gpvdqs9o,s9qlcamb,0.034337595,Telemedicine - maintaining quality during times of transition,Finanzielle Hilfen für Vertragsärzte: Weitere KVen haben HVM-Änderungen ausgearbeitet
kqbeinez,fxrsgieg,0.034339175,Community Health Workers and Pandemic Preparedness: Current and Prospective Roles,COVID-19: Was Rheumapatienten jetzt wissen sollten
k8x02zud,fxrsgieg,0.034339733,Interesting case histories,COVID-19: Was Rheumapatienten jetzt wissen sollten
fxrsgieg,ywb26cq6,0.034351256,COVID-19: Was Rheumapatienten jetzt wissen sollten,Selection of adjuvants for vaccines targeting specific pathogens
vur1c2nf,w8cife03,0.034351464,Communicating With Patients and Families During COVID-19,La covid-19 y el lenguaje médico
c5on6fr4,fxrsgieg,0.034356732,"SPECIAL ISSUE: ""Contemporary issues in ensuring excellence in tourism, travel and hospitality""",COVID-19: Was Rheumapatienten jetzt wissen sollten
ufybfmp4,fxrsgieg,0.03436321,"Epidemiological and Clinical Characteristics, and Virologic Features of COVID-19 Patients in Kazakhstan: a Nation-Wide, Retrospective, Cohort Study.",COVID-19: Was Rheumapatienten jetzt wissen sollten
ckwuhtq7,s9qlcamb,0.034364417,Family Thriving During COVID-19 and the Benefits for Children’s Well-Being,Finanzielle Hilfen für Vertragsärzte: Weitere KVen haben HVM-Änderungen ausgearbeitet
lvi4n41u,wca81nyz,0.034367725,Pflegen kann jede*r!,Shielding from covid-19 should be stratified by risk.
wt5ldibk,fxrsgieg,0.034373116,Regional lymphadenopathy following COVID-19 vaccination: considerations for primary care management,COVID-19: Was Rheumapatienten jetzt wissen sollten
lvi4n41u,bimm4gi1,0.034374505,Pflegen kann jede*r!,Audience Perceptions of COVID-19 Metaphors: The Role of Source Domain and Country Context
6qalfch0,s9qlcamb,0.034375235,Calling 911 in response to stroke: no change following a four-year educational campaign.,Finanzielle Hilfen für Vertragsärzte: Weitere KVen haben HVM-Änderungen ausgearbeitet
fe82q2o1,h7wtvca0,0.034382626,Pflegedienstleiter in einer besonderen Zeit,ResearchPaper:EfficacyofMyofascialReleaseTherapy on the Cardiorespiratory Functions in Patients With COVID-19
vf9hqzuo,s9qlcamb,0.034385033,A nationwide cohort study with propensity score matching,Finanzielle Hilfen für Vertragsärzte: Weitere KVen haben HVM-Änderungen ausgearbeitet
lvi4n41u,7aapijp6,0.03439022,Pflegen kann jede*r!,Post COVID-19 Thoughts: Controversies and Merits of the Technology Progress
4h5p2o6b,s9qlcamb,0.03439405,Seven Up-and-Coming COVID-19 Drugs,Finanzielle Hilfen für Vertragsärzte: Weitere KVen haben HVM-Änderungen ausgearbeitet
fxrsgieg,b0kr4x23,0.034395434,COVID-19: Was Rheumapatienten jetzt wissen sollten,INCIDENCE OF THROMBOTIC EVENTS IN A COMMERCIALLY-INSURED US POPULATION
bskev159,fxrsgieg,0.03439748,[The complex etiology of epidemic diseases in calves on large-capacity farms and their clinical and epizootic characteristics].,COVID-19: Was Rheumapatienten jetzt wissen sollten
8ibn072v,lvi4n41u,0.034401562,Identification of factors effecting Covid-19,Pflegen kann jede*r!
lu4yqy99,e69c9wyw,0.034403797,Is Face Recognition with Masks Possible?,Nutzen von Erfahrungswissen in Krisen. Zur These einer vermehrten Bezugnahme auf Geschichte in Krisenzeiten
3dqztm9e,fxrsgieg,0.03440839,Achievement V – Methods for breaking the transmission of pathogens along the food chain: Detection of viruses in food,COVID-19: Was Rheumapatienten jetzt wissen sollten
629nwuy4,fxrsgieg,0.034408867,The Relationship Between Business Environment and Single Champion Enterprise Entrepreneurship,COVID-19: Was Rheumapatienten jetzt wissen sollten
r3ruwutr,fxrsgieg,0.03440913,Antagonism between pneumococcal vaccines and covid-19,COVID-19: Was Rheumapatienten jetzt wissen sollten
jlusgj6p,s9qlcamb,0.034409486,"The Agricultural Cooperative in the Face of the Challenges of Globalization, Sustainability and Digitalization",Finanzielle Hilfen für Vertragsärzte: Weitere KVen haben HVM-Änderungen ausgearbeitet
lvi4n41u,qti7hjz1,0.034413625,Pflegen kann jede*r!,Health risks to air travelers
lvi4n41u,83rncrg3,0.034424525,Pflegen kann jede*r!,A Multidisciplinary Review of the Roles of Cripto in the Scientific Literature Through a Bibliometric Analysis of its Biological Roles
3sb6xblq,fxrsgieg,0.03444361,Information and communication technologies and business performance in the ornamental aesthetics sector,COVID-19: Was Rheumapatienten jetzt wissen sollten
f6xvnvoq,fxrsgieg,0.03444398,Mucormycosis in covid 19 patients: A review,COVID-19: Was Rheumapatienten jetzt wissen sollten
f92j2gzl,atva6mfp,0.034446597,Recommending COVID-19 Vaccines to Patients: Practice and Concerns of Frontline Family Doctors,COVID-19-Forschungsdaten leichter zugänglich machen – Aufbau einer bundesweiten Informationsinfrastruktur
25o8rmw3,ewl63b2i,0.034461584,Jenseits von Husten und Pulsoxymetrie … Welche Symptome sind wichtig bei COVID-19?,Manufacturing Workers and Employers
9qnm6c7t,s9qlcamb,0.034464166,Beyond the Rubble of Lake Street - Minds in Crisis in a City in Crisis.,Finanzielle Hilfen für Vertragsärzte: Weitere KVen haben HVM-Änderungen ausgearbeitet
xlj31f71,f8hdn7ry,0.034464784,The Major Macroeconomic Trends,Auf alles gefasst sein
kbqqoxo8,s9qlcamb,0.034464978,"Imagining a world without low-value services: progress, barriers, and the path forward",Finanzielle Hilfen für Vertragsärzte: Weitere KVen haben HVM-Änderungen ausgearbeitet
s9qlcamb,p1nzzrke,0.034464978,Finanzielle Hilfen für Vertragsärzte: Weitere KVen haben HVM-Änderungen ausgearbeitet,"Imagining a world without low-value services: progress, barriers, and the path forward."
p81l6zvz,9zhyv1hu,0.034465965,Systemische Immunsuppression in Zeiten von COVID‐19: Müssen wir umdenken?,Considerations for Public Beaches
57ssd0db,fxrsgieg,0.034466054,Editorial: Culture and Health,COVID-19: Was Rheumapatienten jetzt wissen sollten
s3a1ug2n,lvi4n41u,0.034468703,Social determinants and reflections for the Nursing practice in times of COVID-19*,Pflegen kann jede*r!
fxrsgieg,yilgfbkp,0.034470957,COVID-19: Was Rheumapatienten jetzt wissen sollten,Peptides and peptidomimetics as therapeutic agents for Covid‐19
fxrsgieg,qodylkum,0.034472495,COVID-19: Was Rheumapatienten jetzt wissen sollten,State minimum wages and health insurance coverage in the United States: 2008–2018
lvi4n41u,kmq3uelm,0.034476392,Pflegen kann jede*r!,Lessons for teaching from the pandemic.
lvi4n41u,7qwrofjw,0.034477886,Pflegen kann jede*r!,Bioeconomic Peace Research and Policy
excu8l4d,lvi4n41u,0.034478035,"1189 Sociodemographic, clinical and morbidity factors associated with COVID 19 mortality : A retrospective observational study",Pflegen kann jede*r!
imhe98s3,fxrsgieg,0.03448964,A risk assessment model of WSMC projects under emergencies,COVID-19: Was Rheumapatienten jetzt wissen sollten
lq7m3u8e,s9qlcamb,0.03449159,Protecting frontline workers,Finanzielle Hilfen für Vertragsärzte: Weitere KVen haben HVM-Änderungen ausgearbeitet
lvi4n41u,gt3wrkcb,0.03449483,Pflegen kann jede*r!,Creating information resources and trainings for farmworker-serving community health workers
s9qlcamb,o1fnut2a,0.034496438,Finanzielle Hilfen für Vertragsärzte: Weitere KVen haben HVM-Änderungen ausgearbeitet,Changes in the status of COVID-19 over time necessitate major changes in academics.
lvi4n41u,7r43q9s5,0.034499273,Pflegen kann jede*r!,Providing women’s health care during COVID‐19: Personal and professional challenges faced by health workers
6v7p1xof,s9qlcamb,0.034505874,Productivity analysis in work from home modality: An exploratory study considering an emerging country scenario in the COVID-19 context,Finanzielle Hilfen für Vertragsärzte: Weitere KVen haben HVM-Änderungen ausgearbeitet
l705no5s,s3qtlt4o,0.03452741,Academic Coaching of Medical Students During COVID-19,"Grundrechte in Zeiten von Corona : Zugleich Anmerkung zu BVerfG, Beschl. v. 7.4.2020 ­ 1 BvR 755/20"
1f01z6bt,fxrsgieg,0.034527697,Bacterial Biofilms and Their Implications in Pathogenesis and Food Safety,COVID-19: Was Rheumapatienten jetzt wissen sollten
cf7h96cb,s9qlcamb,0.034529135,Teaching and teacher education in the time of COVID-19,Finanzielle Hilfen für Vertragsärzte: Weitere KVen haben HVM-Änderungen ausgearbeitet
8mygs39t,fxrsgieg,0.034531884,plotsr: Visualising structural similarities and rearrangements between multiple genomes,COVID-19: Was Rheumapatienten jetzt wissen sollten
lvi4n41u,2erklxc4,0.034533493,Pflegen kann jede*r!,The Effectiveness of Life-Preserving Investments in Times of COVID-19
lvi4n41u,42asvei4,0.034538746,Pflegen kann jede*r!,Knowledge Discovery in COVID-19 Research Literature
s9qlcamb,5jafu8tw,0.03455168,Finanzielle Hilfen für Vertragsärzte: Weitere KVen haben HVM-Änderungen ausgearbeitet,Hydroxychloroquine against COVID-19: A critical appraisal of the existing evidence
ndmqi49a,fxrsgieg,0.03455573,International nursing students' perceptions and experiences of transition to the nursing workforce - A cross-sectional survey.,COVID-19: Was Rheumapatienten jetzt wissen sollten
063c5eeo,fxrsgieg,0.03455962,COVID-19: Risk Factors Associated with Infectivity and Severity,COVID-19: Was Rheumapatienten jetzt wissen sollten
mp9y0669,mherdb4v,0.03456624,Ist das Ende der Pandemie in Sicht?,Lessons for and from COVID‐19 for investors and their advisors
f787tvoi,4ll2rqh3,0.034576315,Cholesterol metabolism and tumor.,"Weniger Arbeit, mehr Urlaub"
lvi4n41u,zs909ldm,0.03457735,Pflegen kann jede*r!,Patients’ Perceptions About Medical Record Privacy and Security: Implications for Withholding of Information During the COVID-19 Pandemic
mxrafhf1,fxrsgieg,0.03458196,Molecular Diagnostic Assays for Infectious Diseases in Cats,COVID-19: Was Rheumapatienten jetzt wissen sollten
fl06pd3t,4ll2rqh3,0.034583334,COVID-19 in children: current evidence and key questions.,"Weniger Arbeit, mehr Urlaub"
lvi4n41u,x5ek0gdc,0.03458488,Pflegen kann jede*r!,2020 Crisis Preparedness Exercise with EFSA Focal Points & Observers
fxrsgieg,aggbq1vb,0.034585852,COVID-19: Was Rheumapatienten jetzt wissen sollten,Home ventilators for invasive ventilation of patients with COVID-19.
sojrqb3q,s9qlcamb,0.034586933,COVID-19: Crossroads and human responses,Finanzielle Hilfen für Vertragsärzte: Weitere KVen haben HVM-Änderungen ausgearbeitet
7rsv9lwd,79hf1x4j,0.03459707,Highlights of genetic programming 2020 events,Sind durch COVID-19 (mehr) Patienten mit Hörverlust zu erwarten?
gng38p5k,fxrsgieg,0.034597233,RISK FACTORS FOR EXPOSURE AND MORBIDITY ASSOCIATED WITH COVID19 IN THE MITOCHONDRIAL DISEASE POPULATION,COVID-19: Was Rheumapatienten jetzt wissen sollten
z2ulnfop,33e4pgqg,0.034598492,Fakten auf einen Blick,Microbiome Analyses for Toxicological Studies.
028gt6rj,lvi4n41u,0.034604583,Risks and supply chain performance: globalization and COVID-19 perspectives,Pflegen kann jede*r!
vu8quetj,lvi4n41u,0.034605168,"Metagenome-assembled genomes: concepts, analogies, and challenges",Pflegen kann jede*r!
lvi4n41u,1f9twtj2,0.03460567,Pflegen kann jede*r!,Retaining the doctors we train
lvi4n41u,omthapxv,0.034608733,Pflegen kann jede*r!,World Commodity Prices and Economic Activity in Advanced and Emerging Economies
lzq7qvpo,s9qlcamb,0.03461858,Leading in a Time of Chaos,Finanzielle Hilfen für Vertragsärzte: Weitere KVen haben HVM-Änderungen ausgearbeitet
kmmuifit,fxrsgieg,0.034619216,Health labs focus on mystery pneumonia,COVID-19: Was Rheumapatienten jetzt wissen sollten
lvi4n41u,5ju0domz,0.034622066,Pflegen kann jede*r!,"The assessment of knowledge, behaviors, and anxiety levels of the orthodontists about COVID-19 pandemic"
tosykfsp,avobcnzk,0.034626767,Neurological complications in critical patients with COVID-19,Neue Impfempfehlungen - auch zu COVID-19
d4fex8km,s9qlcamb,0.034631513,COVID-19 International Evidence: Some Notable Puzzles,Finanzielle Hilfen für Vertragsärzte: Weitere KVen haben HVM-Änderungen ausgearbeitet
mhzz0vi4,fxrsgieg,0.0346323,COVID-19 Case Investigation and Contact Tracing Programs and Practice: Snapshots From the Field,COVID-19: Was Rheumapatienten jetzt wissen sollten
5bp0qpte,fxrsgieg,0.03463705,Public Health Law and Biological Terrorism,COVID-19: Was Rheumapatienten jetzt wissen sollten
8p7vktc7,q4cynx35,0.034638606,Keine Wirtschaftlichkeitsprüfungen für 2019: In Rheinland-Pfalz wurde das Ausgabenvolumen eingehalten,[Impact of COVID-19 on children and their families]
z2ulnfop,3zhrz08m,0.03464474,Fakten auf einen Blick,Natural Virucidal Compounds in Foods
lvi4n41u,hk7sg1ua,0.03464514,Pflegen kann jede*r!,Effectiveness of Virtual Wellness Programming for Adults with Disabilities: Clients' Perspectives.
lvi4n41u,aci0fr75,0.034649238,Pflegen kann jede*r!,[Clinical applications of smartwatches]
p81l6zvz,chk76zq7,0.03465059,Systemische Immunsuppression in Zeiten von COVID‐19: Müssen wir umdenken?,Safety & Health News
k14c2cir,fxrsgieg,0.03465496,Mycotoxin Metabolism by Edible Insects,COVID-19: Was Rheumapatienten jetzt wissen sollten
vdfuudg6,s9qlcamb,0.034655746,Why schools probably aren't COVID hotspots,Finanzielle Hilfen für Vertragsärzte: Weitere KVen haben HVM-Änderungen ausgearbeitet
5ugmsaau,s9qlcamb,0.034655746,Why schools probably aren't COVID hotspots.,Finanzielle Hilfen für Vertragsärzte: Weitere KVen haben HVM-Änderungen ausgearbeitet
s371622c,lvi4n41u,0.034659345,COVID-19 Severity and Outcomes in Patients With Cancer: A Matched Cohort Study,Pflegen kann jede*r!
j1cksajc,fxrsgieg,0.034666017,"Environmental factors, immune changes and respiratory diseases in troops during military activities",COVID-19: Was Rheumapatienten jetzt wissen sollten
a8ddcfdc,ewl63b2i,0.034666367,Slowakei: Neuanfang mit Unbekannten;Nach Abwahl der Sozialdemokraten übernimmt in Bratislava eine heterogene Regierungskoalition,Manufacturing Workers and Employers
fxrsgieg,o0ko9sfl,0.034674145,COVID-19: Was Rheumapatienten jetzt wissen sollten,Dentistry and COVID-19: A current view
8yfb2fr0,lvi4n41u,0.034676,Mental Health and Related Factors of Hospital Nurses.,Pflegen kann jede*r!
clnvda35,fxrsgieg,0.034676153,Sustainable impact of COVID-19 on education projects: aspects of naturalism,COVID-19: Was Rheumapatienten jetzt wissen sollten
0rg86bh0,fxrsgieg,0.034681525,Colchicine and Cardiovascular Outcomes: a Critical Appraisal of Recent Studies,COVID-19: Was Rheumapatienten jetzt wissen sollten
s4qlkviv,lvi4n41u,0.034686666,Current perspectives of and potential reforms to the dermatology residency application process: A nationwide survey of program directors and applicants,Pflegen kann jede*r!
lvi4n41u,pbmpt4b9,0.034690473,Pflegen kann jede*r!,Digital Health and the Climate Change: Introductory key concepts and Research Topics
88idgcr7,fxrsgieg,0.0346972,Second RCVS survey shows positive trends,COVID-19: Was Rheumapatienten jetzt wissen sollten
zuf19lex,z2ulnfop,0.034714337,Characteristics of inflammatory factors and lymphocyte subsets in patients with severe COVID-19,Fakten auf einen Blick
fxrsgieg,stc7e0uo,0.034720223,COVID-19: Was Rheumapatienten jetzt wissen sollten,B and T Cell Immunity in Tissues and Across the Ages
o6y7tpod,e69c9wyw,0.034722257,Thank You Note to all our 2021 Reviewers,Nutzen von Erfahrungswissen in Krisen. Zur These einer vermehrten Bezugnahme auf Geschichte in Krisenzeiten
p81l6zvz,t4nf89me,0.034727436,Systemische Immunsuppression in Zeiten von COVID‐19: Müssen wir umdenken?,An exploratory assessment of the educational practices during COVID-19
8k1m8o9o,fxrsgieg,0.03472977,Challenges in Service Provision to Children and Families from Linguistically Diverse Backgrounds.,COVID-19: Was Rheumapatienten jetzt wissen sollten
2paj7vaq,fxrsgieg,0.034735907,Microbiological contaminations of laboratory mice and rats in conventional facilities in Argentina.,COVID-19: Was Rheumapatienten jetzt wissen sollten
ckwuhtq7,fxrsgieg,0.03473844,Family Thriving During COVID-19 and the Benefits for Children’s Well-Being,COVID-19: Was Rheumapatienten jetzt wissen sollten
vur1c2nf,xg41dg93,0.034743167,Communicating With Patients and Families During COVID-19,Fundusz Wsparcia Kultury – rekompensata strat czy strategiczna interwencja?
z5nk255b,fxrsgieg,0.03474625,Recommendations for Pregnant Members of Dermatology Health Care Teams During the COVID-19 Pandemic.,COVID-19: Was Rheumapatienten jetzt wissen sollten
fxrsgieg,x9uqsyvi,0.03474625,COVID-19: Was Rheumapatienten jetzt wissen sollten,Recommendations for Pregnant Members of Dermatology Health Care Teams During the COVID-19 Pandemic
fxrsgieg,2ss4hfvr,0.03474809,COVID-19: Was Rheumapatienten jetzt wissen sollten,The Economic Effects of Covid-19 Disease on Budget in Academic Centers
5uybl8ks,lvi4n41u,0.034749217,"Trade Finance, Gaps and the COVID-19 Pandemic: A Review of Events and Policy Responses to Date",Pflegen kann jede*r!
njundv6l,fxrsgieg,0.034756746,‘Keeping the kids at home’ can limit the persistence of contagious pathogens in social animals,COVID-19: Was Rheumapatienten jetzt wissen sollten
lvi4n41u,ssg7zkrx,0.0347596,Pflegen kann jede*r!,Study protocol for the SeMaCo study: A longitudinal regional cohort study to assess COVID-19 seroprevalence in blood donors
lvi4n41u,1lulhaiu,0.0347688,Pflegen kann jede*r!,What Factors Drive the Satisfaction of Citizens on Governments' Responses to COVID-19?
sqxg8ouo,s9qlcamb,0.03477996,Factors Contributing to Missing COVID-19 Cases During Contact Tracing.,Finanzielle Hilfen für Vertragsärzte: Weitere KVen haben HVM-Änderungen ausgearbeitet
8mz1xyta,lvi4n41u,0.03478698,ACCENT® Continuing Education Credit for Readers of Clinical Chemistry,Pflegen kann jede*r!
30fpgs1v,fxrsgieg,0.03478895,"Firefly Algorithm in Biomedical and Health Care: Advances, Issues and Challenges",COVID-19: Was Rheumapatienten jetzt wissen sollten
lvi4n41u,4q8h1yxo,0.03478935,Pflegen kann jede*r!,COVID-19 and Cities: from Urban Health strategies to the pandemic challenge. A Decalogue of Public Health opportunities.
lvi4n41u,turvp9t1,0.034790304,Pflegen kann jede*r!,Principles for clinical care of patients with COVID-19 on medical units.
lvi4n41u,o1q19tp5,0.034795046,Pflegen kann jede*r!,The Influence of Growth Mindset on the Mental Health and Life Events of College Students
fxrsgieg,6085n0wz,0.034795206,COVID-19: Was Rheumapatienten jetzt wissen sollten,Students’ workload and stress level during COVID-19 pandemic
z2ulnfop,08qxluk8,0.034798406,Fakten auf einen Blick,"Medical Faculty Students' Attitudes, Behaviors and Beliefs About Covid-19 Pandemic"
x935z9vs,s9qlcamb,0.034799907,One small step: starting a career in surgical research during COVID‐19,Finanzielle Hilfen für Vertragsärzte: Weitere KVen haben HVM-Änderungen ausgearbeitet
9u22a9ox,lvi4n41u,0.03480029,A statistical assessment of work-from-home participation during different stages of the COVID-19 pandemic,Pflegen kann jede*r!
dsrudt5w,3qxqvmon,0.034810223,Towards a Better Understanding of Covid-19 among Young Adults Ages 18-24,Współzależność przemysłu 4.0 z gospodarką o obiegu zamkniętym: w poszukiwaniu wspólnego obszaru definicyjnego
lvi4n41u,hawzgnxk,0.034812722,Pflegen kann jede*r!,Differences in neuroradiology training programs around the world.
qucfra5r,fxrsgieg,0.034818083,A Perspective Review of Security Challenges in Body Area Networks for Healthcare Applications,COVID-19: Was Rheumapatienten jetzt wissen sollten
1tcw1h46,fxrsgieg,0.034823,Wound care and COVID-19: Recognising innovation and collaboration,COVID-19: Was Rheumapatienten jetzt wissen sollten
zvk2px62,lvi4n41u,0.03482306,Impact of the COVID-19 Pandemic on Physicians in Residency and Fellowship Programs: Results of an International Survey,Pflegen kann jede*r!
107wil6x,fxrsgieg,0.034825627,Laboratory Parameters and Complication Risk Factors in Mexican COVID-19 Patients: A Cross-Sectional Study,COVID-19: Was Rheumapatienten jetzt wissen sollten
tgqy3jdu,avobcnzk,0.034825716,"Risk Factors Prediction, Clinical Outcomes and Mortality of COVID-19 Patients",Neue Impfempfehlungen - auch zu COVID-19
fxrsgieg,8rs2f07v,0.0348266,COVID-19: Was Rheumapatienten jetzt wissen sollten,A Comparative Study of the Challenges and Obstacles Facing E-Learning During the COVID-19 Pandemic from the Perspectives of University Instructors and Students
8s6v1c9z,yoqu6npc,0.034832653,Representative Committees of Peers,Berichten allein reicht nicht
jcsxra16,lvi4n41u,0.03483295,Disagreement on expectations: firms versus consumers,Pflegen kann jede*r!
lvi4n41u,edhpqaxw,0.034834318,Pflegen kann jede*r!,COVID-19 evidence for all: development of a learning object in health teaching.
uyngnt28,fxrsgieg,0.03483557,"The impact of remote workers on crisis, risk and business continuity management",COVID-19: Was Rheumapatienten jetzt wissen sollten
lvi4n41u,e7acexv8,0.034841392,Pflegen kann jede*r!,An exploration of the factors influencing career choice in mental health.
lvi4n41u,yss5bl0e,0.034855217,Pflegen kann jede*r!,Biomaterials: Antimicrobial Surfaces in Biomedical Engineering and Healthcare
lvi4n41u,8kjwv157,0.034855578,Pflegen kann jede*r!,Support for small businesses during a health crisis
lvi4n41u,hdm19b0f,0.03486501,Pflegen kann jede*r!,Bridging health and foreign policy: the role of health impact assessments.
ash0dnc9,zmjzvihk,0.03486658,Freiheit auf Zeit,Masked Faces with Faced Masks
jcchkbbs,fxrsgieg,0.034867086,Learning Mathematics From Home During COVID-19: Insights From Two Inquiry-Focussed Primary Schools,COVID-19: Was Rheumapatienten jetzt wissen sollten
w6zhch09,fxrsgieg,0.034870446,Cities on the Coast and Patterns of Movement between Population Growth and Diffusion,COVID-19: Was Rheumapatienten jetzt wissen sollten
p9s755fx,4wcf4z93,0.034871224,"""Ambulante Versorgung bildet den Schutzwall"": KBV-Webkonferenz zeigt starke Gesundheitssysteme 2020",Acknowledgement to Referees: Acknowledgement to Referees
lvi4n41u,p4nwwik9,0.034880236,Pflegen kann jede*r!,Perceived characteristics of life situations during the COVID-19 pandemic
3qr34e84,lvi4n41u,0.03489354,The Effect of COVID-19 on the 2020 Presidential Elections,Pflegen kann jede*r!
9pcn6hy0,fxrsgieg,0.034897193,"'It was difficult, but our struggle to touch lives gave us strength': The experience of nurses working on COVID-19 wards",COVID-19: Was Rheumapatienten jetzt wissen sollten
6cm89kn4,atva6mfp,0.034897693,Recent Articles in AATS Journals.,COVID-19-Forschungsdaten leichter zugänglich machen – Aufbau einer bundesweiten Informationsinfrastruktur
lvi4n41u,84mw1quz,0.034908872,Pflegen kann jede*r!,Book Notes “Economics and Social Sciences” 4/2021
fxrsgieg,34avypib,0.034916054,COVID-19: Was Rheumapatienten jetzt wissen sollten,Vaccination may not have a significant impact on superspreading events
s3woaepg,fxrsgieg,0.034916148,18075 Giving birth during COVID-19 from the birthing person’s perspective,COVID-19: Was Rheumapatienten jetzt wissen sollten
fxrsgieg,audhv9d8,0.034916148,COVID-19: Was Rheumapatienten jetzt wissen sollten,Giving birth during COVID-19 from the birthing person’s perspective
069m9tsg,fxrsgieg,0.034916334,Comparison of Spa Choice between Wellness Tourists and Healthcare/Medical Tourists,COVID-19: Was Rheumapatienten jetzt wissen sollten
lvi4n41u,u35l3qno,0.034917142,Pflegen kann jede*r!,Primary health care for all: lessons from its failure to achieve its goal and COVID-19
j2ds09j9,fxrsgieg,0.03491722,Covid-19 Vaccines: Several technologies at work,COVID-19: Was Rheumapatienten jetzt wissen sollten
lvi4n41u,bld8psi1,0.034920048,Pflegen kann jede*r!,"COVID-19 policy responses, mobility, and food prices"
p81l6zvz,3mhmn5v3,0.034921408,Systemische Immunsuppression in Zeiten von COVID‐19: Müssen wir umdenken?,Vital Directions For Health And Health Care: Priorities For 2021
z2ulnfop,hqvqsjtn,0.034922816,Fakten auf einen Blick,Challenges in Infectious Diseases for Haematologists.
lvi4n41u,bn9736ee,0.03492356,Pflegen kann jede*r!,"Trends of Cancer Screenings, Diagnoses, and Mortalities During the COVID-19 Pandemic: Implications and Future Recommendations"
fxrsgieg,5xcudghh,0.03492513,COVID-19: Was Rheumapatienten jetzt wissen sollten,Comparing proximity for couples of close airports. Case studies on city-airports in the pre COVID-19
om31kvt7,rwmp14gd,0.034925837,"Lymphocytosis, Lymphocytopenia, Hypergammaglobulinemia, and Hypogammaglobulinemia",Vedvarende bruk av opioider og samtidig bruk av andre vanedannende legemidler
lvi4n41u,jkq236aw,0.034927428,Pflegen kann jede*r!,"Libraries, learning, and porous boundaries: Reimagining the library landscape and its inhabitants"
ezdpiblt,s9qlcamb,0.03492751,Towards an equal future,Finanzielle Hilfen für Vertragsärzte: Weitere KVen haben HVM-Änderungen ausgearbeitet
5nm53u2t,lvi4n41u,0.034937087,Suspend tests and rankings.,Pflegen kann jede*r!
0oo42hv1,s9qlcamb,0.034939975,Top COVID-19 Prognostic Factors Identified,Finanzielle Hilfen für Vertragsärzte: Weitere KVen haben HVM-Änderungen ausgearbeitet
txgigz0f,q5v3w8rm,0.0349402,Patients visit to hospitals during covid-19,Das Stethoskop bleibt wichtig — auch in COVID-19-Zeiten: Kein Auslaufmodell
lvi4n41u,y27n262f,0.034942064,Pflegen kann jede*r!,COVID-19 across rheumatology: A bibliometric study
lvi4n41u,epp0js8w,0.03494618,Pflegen kann jede*r!,Perceptions of the Government’s Response to the Pandemic: Voices From the COVID-19 Coping Study
v1wybsgz,fxrsgieg,0.03494891,Changes in mobility and socioeconomic conditions in Bogotá city during the COVID-19 outbreak,COVID-19: Was Rheumapatienten jetzt wissen sollten
zyigoptl,lvi4n41u,0.034950655,Cities - try to predict superspreading hotspots for COVID-19.,Pflegen kann jede*r!
fxrsgieg,k6fbk0w5,0.03496026,COVID-19: Was Rheumapatienten jetzt wissen sollten,Microscopic Manipulation of Ferroelectric Domains in SnSe Monolayers at Room Temperature
h7gbs2sg,e69c9wyw,0.034972034,Legal & regulatory issues.,Nutzen von Erfahrungswissen in Krisen. Zur These einer vermehrten Bezugnahme auf Geschichte in Krisenzeiten
lvi4n41u,gg0466lc,0.03497586,Pflegen kann jede*r!,Diseases with health disparities as drivers of COVID‐19 outcome
gtttr0d6,lvi4n41u,0.03497707,Replication analysis of the COVID-19 Worry Scale.,Pflegen kann jede*r!
sk79l7eh,s9qlcamb,0.03497755,Positive climate changes,Finanzielle Hilfen für Vertragsärzte: Weitere KVen haben HVM-Änderungen ausgearbeitet
mp9y0669,4wcf4z93,0.034978233,Ist das Ende der Pandemie in Sicht?,Acknowledgement to Referees: Acknowledgement to Referees
86esyb9q,tatzkeni,0.034978528,Erfolge feiern - Zukunft gestalten,"Market prices, analysts' predictions, and Covid19"
lvi4n41u,ue9vee50,0.03498678,Pflegen kann jede*r!,Life Support Preferences in the Context of COVID-19: Results from a National US Survey.
44z3jay7,lvi4n41u,0.03499034,"Reasons, Respect, and Identity in Public Health Decision Making.",Pflegen kann jede*r!
zmjzvihk,f8hdn7ry,0.034991376,Masked Faces with Faced Masks,Auf alles gefasst sein
p81l6zvz,g0vyzsga,0.034993526,Systemische Immunsuppression in Zeiten von COVID‐19: Müssen wir umdenken?,Radiographic Findings and other Predictors in Adults with Covid-19
fxrsgieg,i7ughp5g,0.034994382,COVID-19: Was Rheumapatienten jetzt wissen sollten,Navigating the Unchartered Waters in the Time of COVID-19
s9qlcamb,qptakrgy,0.034996714,Finanzielle Hilfen für Vertragsärzte: Weitere KVen haben HVM-Änderungen ausgearbeitet,5G and Beyond for Contact Tracing
sey50326,fxrsgieg,0.034998767,The association of breastfeeding and other factors on respiratory virus positivity and severity in hospitalized children.,COVID-19: Was Rheumapatienten jetzt wissen sollten
aoyn7r7h,lvi4n41u,0.035001274,Perspectives: Leadership for quality improvement.,Pflegen kann jede*r!
gv303ny2,fxrsgieg,0.035002913,Education for all in times of crisis: Lessons from covid-19,COVID-19: Was Rheumapatienten jetzt wissen sollten
lvi4n41u,3o7rtw6y,0.03500407,Pflegen kann jede*r!,Context matters for preschool discipline: Effects of distance learning and pandemic fears.
86ttkc34,fxrsgieg,0.035004865,Clinical Outcome Prediction in COVID-19 Patients by Lymphocyte Subsets Analysis and Monocytes’ iTNF-α Expression,COVID-19: Was Rheumapatienten jetzt wissen sollten
lvi4n41u,ebqasilj,0.035004888,Pflegen kann jede*r!,A study of consumers' attention on ⇜food nutrition⇝ during the COVID-19 outbreak
mg2x0n6r,z2ulnfop,0.035026755,Environmental Factors Affecting the Transmission of Respiratory Viruses,Fakten auf einen Blick
imhe98s3,s9qlcamb,0.03503046,A risk assessment model of WSMC projects under emergencies,Finanzielle Hilfen für Vertragsärzte: Weitere KVen haben HVM-Änderungen ausgearbeitet
ib20jo8a,fxrsgieg,0.035030533,Clinical care and other categories posters: Education and self‐management: Covid‐19,COVID-19: Was Rheumapatienten jetzt wissen sollten
lvi4n41u,126gahf8,0.035032254,Pflegen kann jede*r!,The impact of the Covid-19 related media coverage upon the five major developing markets
gh9d789a,fxrsgieg,0.03503231,Matrix Analysis of Clinical Characteristics and Dynamic Observation of Immunological Features in 90 Cases of COVID-19,COVID-19: Was Rheumapatienten jetzt wissen sollten
p81l6zvz,fsoltxgh,0.035032354,Systemische Immunsuppression in Zeiten von COVID‐19: Müssen wir umdenken?,Diversifying the biomedical workforce during the COVID-19 pandemic
g6r9ipf0,e69c9wyw,0.03503615,"COVID – 19 impacts cities, culture and society",Nutzen von Erfahrungswissen in Krisen. Zur These einer vermehrten Bezugnahme auf Geschichte in Krisenzeiten
lvi4n41u,wq4t7j63,0.0350436,Pflegen kann jede*r!,"Ethics, public health and technology responses to COVID-19"
8p7vktc7,81cah6um,0.035050463,Keine Wirtschaftlichkeitsprüfungen für 2019: In Rheinland-Pfalz wurde das Ausgabenvolumen eingehalten,Determinants of family entrepreneurship in the beekeeping sector
xf7m3paf,4wcf4z93,0.035057947,Wie fühlen sich Kopfschmerzen bei COVID-19 an?,Acknowledgement to Referees: Acknowledgement to Referees
fxrsgieg,3mg4owms,0.03505808,COVID-19: Was Rheumapatienten jetzt wissen sollten,Characterizing and Exploiting Tumor Microenvironments to Optimize Treatment Outcomes
md1etcw8,fxrsgieg,0.03506065,Experiences of clinical first-line nurses treating patients with COVID-19: A qualitative study,COVID-19: Was Rheumapatienten jetzt wissen sollten
aup5n6ik,s9qlcamb,0.035061445,COVID-19: What have we learned? What are the public health challenges?,Finanzielle Hilfen für Vertragsärzte: Weitere KVen haben HVM-Änderungen ausgearbeitet
fxrsgieg,c22u4fuc,0.035067737,COVID-19: Was Rheumapatienten jetzt wissen sollten,Epidemiology Clinical Profile and Outcome of Patients with COVED-19 Admitted in a Tertiary Health Care Hospital
lvi4n41u,con4le8q,0.035068195,Pflegen kann jede*r!,Representation of racial and ethnic minority groups in cohort studies evaluating risk factors for dementia: protocol for a scoping review.
vur1c2nf,ola37gev,0.03506998,Communicating With Patients and Families During COVID-19,Vaccinazione Covid-19: Un esempio di complessità
lvi4n41u,2oxeksrv,0.035073213,Pflegen kann jede*r!,Improving of Educational Programs for the Formation of Information and Communication Competence of Teachers
qs7i57hq,e69c9wyw,0.03507567,Comparing the Effects of SPOC and Face-to-Face Courses and Factors Influencing the Effects,Nutzen von Erfahrungswissen in Krisen. Zur These einer vermehrten Bezugnahme auf Geschichte in Krisenzeiten
cmi5pizh,s9qlcamb,0.03507784,Clinical Perspectives on the Notion of Presence.,Finanzielle Hilfen für Vertragsärzte: Weitere KVen haben HVM-Änderungen ausgearbeitet
hnl7rwee,fxrsgieg,0.035080113,Morphological changes of lymphocytes in peripheral blood smears of patients with COVID-19,COVID-19: Was Rheumapatienten jetzt wissen sollten
pid7vzar,fxrsgieg,0.035084352,Two Challenges from Globalization,COVID-19: Was Rheumapatienten jetzt wissen sollten
f18mx5hx,fxrsgieg,0.035090808,Population mutation properties of tumor evolution,COVID-19: Was Rheumapatienten jetzt wissen sollten
fxrsgieg,bs2og60h,0.035090808,COVID-19: Was Rheumapatienten jetzt wissen sollten,Population mutation properties of tumor evolution.
lvi4n41u,gg2s1rnq,0.035094704,Pflegen kann jede*r!,Ensuring trust in COVID-19 data: A retrospective cohort study
lvi4n41u,78nddkr8,0.03509593,Pflegen kann jede*r!,Program and Abstracts for the 2007 Meeting of the Society for Glycobiology
1lulhaiu,s9qlcamb,0.03509887,What Factors Drive the Satisfaction of Citizens on Governments' Responses to COVID-19?,Finanzielle Hilfen für Vertragsärzte: Weitere KVen haben HVM-Änderungen ausgearbeitet
lvi4n41u,ibfosl56,0.03510069,Pflegen kann jede*r!,Nutritional Strategies in Prediabetes: A Scoping Review of Recent Evidence.
fxrsgieg,5vnrll1v,0.03510132,COVID-19: Was Rheumapatienten jetzt wissen sollten,Introduction: The Paradoxes and Worries in Contemporary Times
lvi4n41u,ftobqo84,0.03510268,Pflegen kann jede*r!,Telehealth and food insecurity screenings: challenges and lessons learned.
9spy8d4f,s9qlcamb,0.03510663,Covid-19: trainee healthcare scientists are crucial to surviving the long road ahead,Finanzielle Hilfen für Vertragsärzte: Weitere KVen haben HVM-Änderungen ausgearbeitet
vmwrhqy9,fxrsgieg,0.035111442,Cycling for health: Improving health and mitigating the climate crisis.,COVID-19: Was Rheumapatienten jetzt wissen sollten
e69c9wyw,rcjxwfj2,0.035112474,Nutzen von Erfahrungswissen in Krisen. Zur These einer vermehrten Bezugnahme auf Geschichte in Krisenzeiten,[The Clinical Characteristics and Influencing Factors of Patients with Severe COVID-19].
vxhkpon6,fxrsgieg,0.035114784,COVID-19 Guidelines for Sports and Physical Activity,COVID-19: Was Rheumapatienten jetzt wissen sollten
b2drb7ku,s9qlcamb,0.035115458,Crisis and Opportunity: Transforming Teachers From Curriculum Deliverers to Designers of Learning,Finanzielle Hilfen für Vertragsärzte: Weitere KVen haben HVM-Änderungen ausgearbeitet
lvi4n41u,m4ww39wd,0.035123855,Pflegen kann jede*r!,Healthcare workers during the COVID‐19 pandemic: Experiences of doctors and nurses in Bangladesh
6hc2fc6o,fxrsgieg,0.035130702,Women in academic leadership: A chance to shape the future.,COVID-19: Was Rheumapatienten jetzt wissen sollten
lvi4n41u,9zhkt4o3,0.035134107,Pflegen kann jede*r!,Predictive factors testing proposal for NSCLC patients during the COVID-19 pandemic
lvi4n41u,lo8ot5h9,0.03514103,Pflegen kann jede*r!,Independent and competing disease risks: implications for host populations in variable environments.
vx60rzxc,e69c9wyw,0.03515154,COvid-19: Women with diabetes and hypertension during pregnancy,Nutzen von Erfahrungswissen in Krisen. Zur These einer vermehrten Bezugnahme auf Geschichte in Krisenzeiten
nggz2d9j,e69c9wyw,0.035154358,"The Effects of COVID-19 on U.S. Small Businesses: Evidence from Owners, Managers, and Employees",Nutzen von Erfahrungswissen in Krisen. Zur These einer vermehrten Bezugnahme auf Geschichte in Krisenzeiten
jhtb0o74,lvi4n41u,0.03515738,"Analysis of clinical characteristics, laboratory findings and therapy for 134 cases of COVID-19: a retrospective analysis",Pflegen kann jede*r!
atva6mfp,lcs8io8c,0.035157893,COVID-19-Forschungsdaten leichter zugänglich machen – Aufbau einer bundesweiten Informationsinfrastruktur,Hurdles and Opportunities for Women Career in Startups
8bfulr9c,s9qlcamb,0.03516365,"Advancing Climate, Safety, and Equity Goals by Putting Pedestrians First",Finanzielle Hilfen für Vertragsärzte: Weitere KVen haben HVM-Änderungen ausgearbeitet
s9qlcamb,988ef2q6,0.035167478,Finanzielle Hilfen für Vertragsärzte: Weitere KVen haben HVM-Änderungen ausgearbeitet,Cases of real-life policies related to risk: How can they enhance risk analysis and risk science?
eywibigu,lvi4n41u,0.035172187,"Teacher education as a laboratory for developing teaching approaches—a collaboration between teacher educators, student teachers, and local schools",Pflegen kann jede*r!
lvi4n41u,ebzc05mo,0.035180498,Pflegen kann jede*r!,Fathers in the Care of Children with Disabilities: An Exploratory Qualitative Study
lvi4n41u,w5n0q31v,0.035185423,Pflegen kann jede*r!,Network analysis in psychiatric research.
lvi4n41u,egxrvtts,0.035187744,Pflegen kann jede*r!,Plants as bioreactors: Recent developments and emerging opportunities
rj7egrdj,atva6mfp,0.03518981,"Covid-19 in adults and children, symptoms and treatment",COVID-19-Forschungsdaten leichter zugänglich machen – Aufbau einer bundesweiten Informationsinfrastruktur
sh03wppa,fxrsgieg,0.03519121,Rehabilitation following Covid-19: Part 1: Theoretical Considerations,COVID-19: Was Rheumapatienten jetzt wissen sollten
fxrsgieg,ywvlwhz0,0.035194375,COVID-19: Was Rheumapatienten jetzt wissen sollten,Determining factors that influence parents' perceptions of telehealth provided in a pediatric gastroenterological practice: A quality improvement project.
2z7sc5m1,s9qlcamb,0.035196483,Teledentistry applications for mitigating risk and balancing the clinical schedule,Finanzielle Hilfen für Vertragsärzte: Weitere KVen haben HVM-Änderungen ausgearbeitet
lvi4n41u,ekqx5vz4,0.035198446,Pflegen kann jede*r!,Problems Encountered in Distance Teaching Practices Course and Solution Suggestions
px1oruuq,e69c9wyw,0.035198864,Let bees be bees,Nutzen von Erfahrungswissen in Krisen. Zur These einer vermehrten Bezugnahme auf Geschichte in Krisenzeiten
2dj7xxq3,79hf1x4j,0.03519937,Legal Aspects of Biosecurity,Sind durch COVID-19 (mehr) Patienten mit Hörverlust zu erwarten?
oed0wbm5,e69c9wyw,0.03520203,COVID-19 in Children and Adolescents with Endocrine Conditions,Nutzen von Erfahrungswissen in Krisen. Zur These einer vermehrten Bezugnahme auf Geschichte in Krisenzeiten
lvi4n41u,2fxx3q42,0.03520583,Pflegen kann jede*r!,Effects of COVID-19 on Critics' Rating Behavior
4ll2rqh3,jph37bs0,0.035207182,"Weniger Arbeit, mehr Urlaub","COVID-19: Risk groups, mechanistic insights and challenges"
ftj5jufn,e69c9wyw,0.03520837,"On Football, Personal Risk, and Public Health",Nutzen von Erfahrungswissen in Krisen. Zur These einer vermehrten Bezugnahme auf Geschichte in Krisenzeiten
qhi41vfb,s9qlcamb,0.035213273,Data Safety Monitoring during Covid‐19: Keep On Keeping On,Finanzielle Hilfen für Vertragsärzte: Weitere KVen haben HVM-Änderungen ausgearbeitet
v1d30nkl,fxrsgieg,0.03521348,Psychometric Qualities of the Educational Identity Processes Scale (EIPS),COVID-19: Was Rheumapatienten jetzt wissen sollten
23c0z43b,e69c9wyw,0.035218455,Constructive debate: A task for all pharmacy leaders,Nutzen von Erfahrungswissen in Krisen. Zur These einer vermehrten Bezugnahme auf Geschichte in Krisenzeiten
0j2cssbj,fxrsgieg,0.03522326,Will Covid-19 change attitudes towards the welfare state?,COVID-19: Was Rheumapatienten jetzt wissen sollten
fxrsgieg,ob2q4bye,0.03522326,COVID-19: Was Rheumapatienten jetzt wissen sollten,Will Covid‐19 change attitudes towards the welfare state?
lvi4n41u,fsoltxgh,0.035234768,Pflegen kann jede*r!,Diversifying the biomedical workforce during the COVID-19 pandemic
mwahdi64,5debm6co,0.035241835,Wichtig für Senioren: Impfschutz gegen Pneumokokken,Navigating uncharted waters
atva6mfp,2xk5l7n8,0.035242047,COVID-19-Forschungsdaten leichter zugänglich machen – Aufbau einer bundesweiten Informationsinfrastruktur,Clinical chemistry tests for patients with COVID-19 - important caveats for interpretation.
1p49a3ob,s9qlcamb,0.03525072,Analysis of Three Potential Savings in E-Working Expenditure,Finanzielle Hilfen für Vertragsärzte: Weitere KVen haben HVM-Änderungen ausgearbeitet
7yzn3rpr,79hf1x4j,0.03525168,Friends and enemies of humans and viruses,Sind durch COVID-19 (mehr) Patienten mit Hörverlust zu erwarten?
ssg7zkrx,fxrsgieg,0.035253197,Study protocol for the SeMaCo study: A longitudinal regional cohort study to assess COVID-19 seroprevalence in blood donors,COVID-19: Was Rheumapatienten jetzt wissen sollten
lfd6yr0f,s9qlcamb,0.035265345,Evidence-based decision making during COVID-19 pandemic.,Finanzielle Hilfen für Vertragsärzte: Weitere KVen haben HVM-Änderungen ausgearbeitet
7q2wuy8s,lvi4n41u,0.035270136,The state of social science research on COVID-19,Pflegen kann jede*r!
vizmbkhh,e69c9wyw,0.035272893,Rotavirus infections in calves in dairy herds,Nutzen von Erfahrungswissen in Krisen. Zur These einer vermehrten Bezugnahme auf Geschichte in Krisenzeiten
lvi4n41u,f3reyne6,0.035275057,Pflegen kann jede*r!,Health Risks Associated with 5G Exposure: A View from the Communications Engineering Perspective
lvi4n41u,iao6364j,0.03527582,Pflegen kann jede*r!,Designing mathematical problems task through COVID-19 context
z2ulnfop,6p1n9zi3,0.03527746,Fakten auf einen Blick,Experiences of children (ages 6-12) during COVID-19 pandemic from mothers' perspectives
lvi4n41u,9bnnxzkm,0.035279635,Pflegen kann jede*r!,"The interplay of policy, institutions, and culture in the time of COVID-19"
fxrsgieg,fwz9rolb,0.03528015,COVID-19: Was Rheumapatienten jetzt wissen sollten,Factors Associated with Longitudinal Psychological and Physiological Stress in Health Care Workers During the COVID-19 Pandemic
p81l6zvz,7zrrxchi,0.035282373,Systemische Immunsuppression in Zeiten von COVID‐19: Müssen wir umdenken?,"[COVID-19, impact on residents and caregivers]."
lvi4n41u,aoi4iqkf,0.035285104,Pflegen kann jede*r!,Clinical characteristics of 50466 patients with 2019-nCoV infection
s9qlcamb,nwtont8x,0.03529131,Finanzielle Hilfen für Vertragsärzte: Weitere KVen haben HVM-Änderungen ausgearbeitet,End-to-end experimentation of a 5G vertical within the scope of blended learning
b9pb9ebi,fxrsgieg,0.03529931,"Different treatment approaches, clinical outcome, effectiveness of the drug towards covid 19 with 5 different cases: A case series",COVID-19: Was Rheumapatienten jetzt wissen sollten
rw4z775m,fxrsgieg,0.035300396,COVID-19: Counseling With Bereaved Parents,COVID-19: Was Rheumapatienten jetzt wissen sollten
ihg2zuhq,atva6mfp,0.035303652,Risk factors for mortality in COVID-19 patients in a community teaching hospital,COVID-19-Forschungsdaten leichter zugänglich machen – Aufbau einer bundesweiten Informationsinfrastruktur
z2ulnfop,6peibscl,0.035309207,Fakten auf einen Blick,Clinical characteristics of 50 cases of suspected COVID-19 in Nanning
77uiiahb,fxrsgieg,0.035309527,Factors Affecting Susceptibility of Calves to Disease,COVID-19: Was Rheumapatienten jetzt wissen sollten
ggb2bcsb,atva6mfp,0.035310682,"Comment on ""Dermatology residents and the care of COVID-19 patients""",COVID-19-Forschungsdaten leichter zugänglich machen – Aufbau einer bundesweiten Informationsinfrastruktur
0idyoghw,s9qlcamb,0.035312194,Foresight or Discounting Danger?,Finanzielle Hilfen für Vertragsärzte: Weitere KVen haben HVM-Änderungen ausgearbeitet
a7c6jlh9,lvi4n41u,0.03531487,Analysis and Prediction of COVID-19 Timeline and Infection Rates,Pflegen kann jede*r!
6t2m7cq2,lvi4n41u,0.035319388,Social comparisons for following health recommendations and their relation to worry and intentions during COVID-19,Pflegen kann jede*r!
l48sa4h0,fxrsgieg,0.035322886,Nanoparticles: Antimicrobial Applications and Its Prospects,COVID-19: Was Rheumapatienten jetzt wissen sollten
t8hzkgtj,lvi4n41u,0.035324425,Exploring adults’ awareness of and suggestions for early childhood numerical activities,Pflegen kann jede*r!
nl9amejc,s9qlcamb,0.035328608,Acceptance & commitment therapy for school leaders’ well-being: an initial feasibility study,Finanzielle Hilfen für Vertragsärzte: Weitere KVen haben HVM-Änderungen ausgearbeitet
0y2kxm2r,fxrsgieg,0.035329428,Acute oncology in small and rural hospitals.,COVID-19: Was Rheumapatienten jetzt wissen sollten
fxrsgieg,l7mqh4y9,0.0353338,COVID-19: Was Rheumapatienten jetzt wissen sollten,Skin manifestations as potential symptoms of diffuse vascular injury in critical COVID‐19 patients
3qxqvmon,nel1pq8e,0.035342585,Współzależność przemysłu 4.0 z gospodarką o obiegu zamkniętym: w poszukiwaniu wspólnego obszaru definicyjnego,Who speaks for nursing? COVID-19 highlighting gaps in leadership
8844fjic,79hf1x4j,0.035349302,Coronaviruses in Aquatic Organisms,Sind durch COVID-19 (mehr) Patienten mit Hörverlust zu erwarten?
fxrsgieg,ahj37jrw,0.03534936,COVID-19: Was Rheumapatienten jetzt wissen sollten,The Road to Value Demands a Smarter Approach to Risk
b9xzw6jk,fxrsgieg,0.03535386,A Call for Pediatric COVID-19 Clinical Trials.,COVID-19: Was Rheumapatienten jetzt wissen sollten
lvi4n41u,qzfd54v5,0.03535746,Pflegen kann jede*r!,Small business survival and COVID-19 - An exploratory analysis of carriers
48jny7xp,fxrsgieg,0.035358343,COVID diaries: quotidian snapshots of life during the pandemic,COVID-19: Was Rheumapatienten jetzt wissen sollten
w33x7gaw,fxrsgieg,0.03536072,Antibacterial and antibiofilm activities of ceragenins against Achromobacter species isolated from cystic fibrosis patients,COVID-19: Was Rheumapatienten jetzt wissen sollten
lvi4n41u,myh7dny7,0.035363663,Pflegen kann jede*r!,Research Forum on COVID-19: Implications for Audits and the Audit Profession
fxrsgieg,mlk7k7b8,0.035364293,COVID-19: Was Rheumapatienten jetzt wissen sollten,COVID‐19 and male reproduction: Current research and unknown factors
b5zzyuny,fxrsgieg,0.035368014,Work supervision policy COVID-19 emergency against the effectiveness of employees Hotel Suzuya Rantauprapat,COVID-19: Was Rheumapatienten jetzt wissen sollten
fevqi98b,fxrsgieg,0.035371754,"State-specific incidence of diabetes among adults--participating states, 1995-1997 and 2005-2007.",COVID-19: Was Rheumapatienten jetzt wissen sollten
fxrsgieg,9d6xv6ib,0.035373893,COVID-19: Was Rheumapatienten jetzt wissen sollten,Framing children’s lives through policy and public sphere debates on COVID-19: unequal power and unintended consequences
lvi4n41u,l5jwyt9g,0.03537457,Pflegen kann jede*r!,The importance of evidence‐based research on migration: Historical reflections and current salience
c8f46vl4,fxrsgieg,0.03537629,Case for junior clinical leadership teams,COVID-19: Was Rheumapatienten jetzt wissen sollten
0itspxgc,s9qlcamb,0.03537829,Unveiling the contributions of immunization for progressing towards Universal Health Coverage,Finanzielle Hilfen für Vertragsärzte: Weitere KVen haben HVM-Änderungen ausgearbeitet
rjf2whrd,fxrsgieg,0.035379305,Annals On Call - Protecting Health Care Workers From COVID-19,COVID-19: Was Rheumapatienten jetzt wissen sollten
8yfb2fr0,e69c9wyw,0.035382044,Mental Health and Related Factors of Hospital Nurses.,Nutzen von Erfahrungswissen in Krisen. Zur These einer vermehrten Bezugnahme auf Geschichte in Krisenzeiten
bjo6hun1,evknjdo8,0.03538628,Scientists' lanes and headwinds.,Eine neue Ära beginnt!
lvi4n41u,zsihsou7,0.035394914,Pflegen kann jede*r!,COVID-19 and Adverse Social Determinants of Health
lvi4n41u,e989l9jz,0.035395358,Pflegen kann jede*r!,Assessing information-sharing networks within small-scale fisheries and the implications for conservation interventions
iomelx7h,fxrsgieg,0.03539599,Genetic correlations between COVID-19 and a variety of diseases and other medically relevant traits,COVID-19: Was Rheumapatienten jetzt wissen sollten
6mc4zg7g,t8xlnt83,0.035407566,Viele Sonderregelungen gelten weiter,Prospective cohort study of workers diagnosed with COVID‐19 and subsequent unemployment
fxrsgieg,z86omczt,0.03540939,COVID-19: Was Rheumapatienten jetzt wissen sollten,Modern Aspects of Digital Technologies Development in Retail Networks
ash0dnc9,c2io6utd,0.03540945,Freiheit auf Zeit,Employment Consequences of COVID-19 for People with Disabilities and Employers
lvi4n41u,q3y8j5ml,0.03541043,Pflegen kann jede*r!,defensive publications in an r&d race
174sjrz4,309wqizi,0.035415873,Laringología en tiempos de COVID-19,Conclusions and Policy Recommendations
90ghx56c,309wqizi,0.035415873,Infodemia en tiempos de COVID-19,Conclusions and Policy Recommendations
6mc4zg7g,0vtys01a,0.035424672,Viele Sonderregelungen gelten weiter,"""Do I Have to Be Tested?"": Understanding Reluctance to Be Screened for COVID-19"
etkhrgxp,e69c9wyw,0.03542598,Malaria in Women and Children,Nutzen von Erfahrungswissen in Krisen. Zur These einer vermehrten Bezugnahme auf Geschichte in Krisenzeiten
lvi4n41u,y098dvg7,0.03542835,Pflegen kann jede*r!,Fostering Collaborative Research for Customer Experience – Connecting Academic and Practitioner Worlds
mherdb4v,otarnu92,0.035429996,Lessons for and from COVID‐19 for investors and their advisors,Der lange Weg zur selbststeuernden Organisation
9lfwfeh1,fxrsgieg,0.035431784,Identification of volatile compounds from bacteria by spectrometric methods in medicine diagnostic and other areas: current state and perspectives,COVID-19: Was Rheumapatienten jetzt wissen sollten
lvi4n41u,fahz546p,0.03543319,Pflegen kann jede*r!,Current Applications of Telemedicine in Gastroenterology
hnykmk0v,fxrsgieg,0.03543994,"Rates of COVID-19 Among Residents and Staff Members in Nursing Homes - United States, May 25-November 22, 2020",COVID-19: Was Rheumapatienten jetzt wissen sollten
w9keftyk,s9qlcamb,0.0354402,"The ""Best of 2020 List"" of Health Promotion Researchers.",Finanzielle Hilfen für Vertragsärzte: Weitere KVen haben HVM-Änderungen ausgearbeitet
p81l6zvz,ukmcfezh,0.035443667,Systemische Immunsuppression in Zeiten von COVID‐19: Müssen wir umdenken?,The Major Macrosocial Trends
fxrsgieg,b2j1gnye,0.035443798,COVID-19: Was Rheumapatienten jetzt wissen sollten,Assessment of the Postpartum Emotional Wellbeing among Women Participating and Not Participating in Antenatal Classes
gmfyg80z,uqet3n30,0.035444133,„Wissen schaffen – Wissen leben“,Taking the step into leadership
s9qlcamb,31hqexq1,0.03545044,Finanzielle Hilfen für Vertragsärzte: Weitere KVen haben HVM-Änderungen ausgearbeitet,"Women's Work, Housework and Childcare, Before and During COVID-19"
fe82q2o1,l6754c29,0.0354546,Pflegedienstleiter in einer besonderen Zeit,Features of α‐HBDH in COVID‐19 patients: A cohort study
fe82q2o1,az2pgmkj,0.0354546,Pflegedienstleiter in einer besonderen Zeit,Features of α-HBDH in COVID-19 patients: A cohort study
nkneguzu,s9qlcamb,0.035467576,"[Managers and caregivers, together in the fight against COVID-19]",Finanzielle Hilfen für Vertragsärzte: Weitere KVen haben HVM-Änderungen ausgearbeitet
i4ydkn9l,4wcf4z93,0.035471022,Implementierung und Evaluation einer Telefonhotline zur professionellen Ersthilfe bei psychischen Belastungen durch die COVID-19-Pandemie in Baden-Württemberg,Acknowledgement to Referees: Acknowledgement to Referees
wemg9fnr,fxrsgieg,0.035473127,"Treatment, care and nursing for dying nursing home patients with COVID-19",COVID-19: Was Rheumapatienten jetzt wissen sollten
xq0v26xx,fxrsgieg,0.035473432,Analyzing the Most Influencing Factors in Limiting the Spread of COVID-19 Disease,COVID-19: Was Rheumapatienten jetzt wissen sollten
zwhbzdm2,s9qlcamb,0.035475735,"COVID-19 and schooling: evaluation, assessment and accountability in times of crises—reacting quickly to explore key issues for policy, practice and research with the school barometer",Finanzielle Hilfen für Vertragsärzte: Weitere KVen haben HVM-Änderungen ausgearbeitet
ofdo7mtq,fxrsgieg,0.035481103,Integrating COVID-19 health risks into crowding costs for transit schedule planning,COVID-19: Was Rheumapatienten jetzt wissen sollten
tturd7bo,fxrsgieg,0.035494305,"U can't touch this! Face touching behaviour whilst driving: implications for health, hygiene and human factors",COVID-19: Was Rheumapatienten jetzt wissen sollten
adgyiqpb,fdjsgrfi,0.035500437,Audiological findings in individuals diagnosed with COVID-19,Descifrando la patogenia de la COVID-19
c41feqvg,pez6to2e,0.035500526,"Cities, COVID-19 and Sensibilities: A Kaleidoscope of Experiences",Infektionsschutz: Wenn gegen Regeln verstoßen wird
vy8onsqn,s9qlcamb,0.03550424,Assessing the Effects of Course Revisions due to COVID-19,Finanzielle Hilfen für Vertragsärzte: Weitere KVen haben HVM-Änderungen ausgearbeitet
mherdb4v,ibyfywzv,0.035509687,Lessons for and from COVID‐19 for investors and their advisors,Überraschung von der KBV: Ein neues Prüfwesen!: Wirtschaftlichkeit
flpxf6i1,fxrsgieg,0.035518143,Immunogenicity of the COVID-19 Two-Vaccination Series Among Hematologic Malignancies: Report of Three Cases of Breakthrough Infection,COVID-19: Was Rheumapatienten jetzt wissen sollten
26s1hz7u,fxrsgieg,0.03551926,"Covid-19: Arthritis drug tocilizumab reduces deaths in hospitalised patients, study shows",COVID-19: Was Rheumapatienten jetzt wissen sollten
gf1gsw25,fxrsgieg,0.03551926,"Covid-19: Arthritis drug tocilizumab reduces deaths in hospitalised patients, study shows.",COVID-19: Was Rheumapatienten jetzt wissen sollten
lvi4n41u,ya0rhnsu,0.035522893,Pflegen kann jede*r!,Training Programs for Fundamental and Clinician-Scientists: Balanced Outcomes for Graduates by Gender
dojct5xw,79hf1x4j,0.03552441,Remembering seasonal coronaviruses,Sind durch COVID-19 (mehr) Patienten mit Hörverlust zu erwarten?
lvi4n41u,9lc9pbtv,0.03553937,Pflegen kann jede*r!,Factors Associated With Social Work Students’ Academic Stress During the COVID-19 Pandemic: A National Survey
lvi4n41u,d0fxalbd,0.035542045,Pflegen kann jede*r!,The COVID-19 Multifaceted Threat Scale
lvi4n41u,ph6jgrj4,0.035545602,Pflegen kann jede*r!,Guest editorial: educational legacies of the pandemic
wieitodt,fxrsgieg,0.035545766,Telemedicine family meetings in palliative care: etiquette.,COVID-19: Was Rheumapatienten jetzt wissen sollten
z2ulnfop,xijh0s4t,0.035547145,Fakten auf einen Blick,Risk factor analysis of COVID-19
lvi4n41u,hxhmr0et,0.03554813,Pflegen kann jede*r!,Neurologic aspects of covid-19: a concise review
fxrsgieg,o5qq0o2t,0.035551086,COVID-19: Was Rheumapatienten jetzt wissen sollten,Responding to the pandemic at a national and state public health level
lvi4n41u,f3dweoa4,0.03555457,Pflegen kann jede*r!,Patients as team members: Factors affecting involvement in treatment decisions from the perspective of patients with a chronic condition
fxrsgieg,czct8le0,0.035557076,COVID-19: Was Rheumapatienten jetzt wissen sollten,Protecting yourself and your patients from COVID-19 in eye care.
dge8dj4b,ewl63b2i,0.035558395,Persepsi siswa dalam kebijakan pembelajaran jarak jauh,Manufacturing Workers and Employers
p81l6zvz,rfg4vq2i,0.035558697,Systemische Immunsuppression in Zeiten von COVID‐19: Müssen wir umdenken?,Clinical Characteristics Predicting Progression of COVID-19
lvi4n41u,36ztus6v,0.035567086,Pflegen kann jede*r!,Developing and validating subjective and objective risk-assessment measures for predicting mortality after major surgery: An international prospective cohort study
v5u77ynu,fxrsgieg,0.035567228,Resources for Nurses in an Election Year.,COVID-19: Was Rheumapatienten jetzt wissen sollten
lq7m3u8e,fxrsgieg,0.03556927,Protecting frontline workers,COVID-19: Was Rheumapatienten jetzt wissen sollten
fxrsgieg,vkgrluq6,0.035570446,COVID-19: Was Rheumapatienten jetzt wissen sollten,Assessing medical emergencies
ijag2cu8,s9qlcamb,0.035571806,"Firm-level policy support during the crisis: So far, so good?",Finanzielle Hilfen für Vertragsärzte: Weitere KVen haben HVM-Änderungen ausgearbeitet
mherdb4v,6el6n1kn,0.03557248,Lessons for and from COVID‐19 for investors and their advisors,Ein Jahr Coronapandemiemanagement an einem 300-Betten-Krankenhaus: Report der Pandemiebeauftragten
kiifp8ge,fxrsgieg,0.03557741,Challenges and opportunities in health care and nursing management research in times of COVID-19 outbreak,COVID-19: Was Rheumapatienten jetzt wissen sollten
ugvzf74y,fxrsgieg,0.035585865,The prognostic value of echocardiographic findings in prediction of in-hospital mortality of COVID-19 patients,COVID-19: Was Rheumapatienten jetzt wissen sollten
lmtx88gs,s9qlcamb,0.035587426,Regulations for taking samples for the handling of COVID-19,Finanzielle Hilfen für Vertragsärzte: Weitere KVen haben HVM-Änderungen ausgearbeitet
td4prw2k,avobcnzk,0.035588253,Should we be concerned about COVID‐19 with nonhuman primates?,Neue Impfempfehlungen - auch zu COVID-19
47jchs80,fxrsgieg,0.035588257,Practices and Pitfalls of 3D Printing for COVID-19,COVID-19: Was Rheumapatienten jetzt wissen sollten
adk8yo2j,s9qlcamb,0.035598986,Improving workplace culture by increasing financial transparency,Finanzielle Hilfen für Vertragsärzte: Weitere KVen haben HVM-Änderungen ausgearbeitet
ash0dnc9,aj4ci6pu,0.035602964,Freiheit auf Zeit,Biosafety Guidelines for COVID-19 Specimens in Biobanks.
kscuwn08,6mc4zg7g,0.03560621,Presentation of covid 19 in diabetic patients. A retrospective study,Viele Sonderregelungen gelten weiter
lvi4n41u,ffayi6za,0.035611764,Pflegen kann jede*r!,Challenges of Neurosurgery Education During the COVID Pandemic: A US Perspective
lbshe9et,fxrsgieg,0.035623707,Risk Factors for Childhood Leukemia: Radiation and Beyond,COVID-19: Was Rheumapatienten jetzt wissen sollten
sc65zozv,z2ulnfop,0.035625726,Lives or Livelihoods? Perceived Tradeoffs and Policy Demand,Fakten auf einen Blick
6p5h4brn,s9qlcamb,0.035626303,Reimagining medical education for primary care in the time of COVID-19: a world view.,Finanzielle Hilfen für Vertragsärzte: Weitere KVen haben HVM-Änderungen ausgearbeitet
c2io6utd,79hf1x4j,0.035633426,Employment Consequences of COVID-19 for People with Disabilities and Employers,Sind durch COVID-19 (mehr) Patienten mit Hörverlust zu erwarten?
dcj919r8,4zt3y5rq,0.035643358,Enteroviruses and coronaviruses: similarities and therapeutic targets,JCD editorial-February 2021
i1ag4rhl,fxrsgieg,0.03564476,National Study of Youth Opinions on Vaccination for COVID-19 in the U.S.,COVID-19: Was Rheumapatienten jetzt wissen sollten
fxrsgieg,y8gbuu4a,0.035648752,COVID-19: Was Rheumapatienten jetzt wissen sollten,"Immunologic markers, vasculitis-associated autoantibodies, and complement levels in patients with COVID-19"
05y57i8u,atva6mfp,0.03564895,Current Perspectives of Anticoagulation in Patients with COVID-19.,COVID-19-Forschungsdaten leichter zugänglich machen – Aufbau einer bundesweiten Informationsinfrastruktur
c1kd8bo6,z2ulnfop,0.03565161,COVID-19 Poses Challenges to Immigrant Physicians in the United States.,Fakten auf einen Blick
todcdtmn,fxrsgieg,0.035652228,Prognostic and Predictive Factors in Elderly Patients With Glioblastoma: A Single-Center Retrospective Study.,COVID-19: Was Rheumapatienten jetzt wissen sollten
lvi4n41u,rizhxng8,0.035665162,Pflegen kann jede*r!,Conceptualising and constructing ‘diversity’ through experiences of public and patient involvement in health research
fxrsgieg,k23lxyji,0.03566626,COVID-19: Was Rheumapatienten jetzt wissen sollten,"ANZJOG IN 2020 - the past, the present, and the future."
qc2vkwph,s9qlcamb,0.035667375,"Leadership for What, Why, for Whom and Where? A Responsibility Perspective",Finanzielle Hilfen für Vertragsärzte: Weitere KVen haben HVM-Änderungen ausgearbeitet
lvi4n41u,xhfmio7k,0.035670817,Pflegen kann jede*r!,Can Bats Serve as Reservoirs for Arboviruses?
vd0h9sx4,lvi4n41u,0.035674464,Uncovering temporal differences in COVID-19 tweets,Pflegen kann jede*r!
lvi4n41u,o0ko9sfl,0.03567467,Pflegen kann jede*r!,Dentistry and COVID-19: A current view
gdrce95m,lvi4n41u,0.03567835,Pharmacy Contributions to Improved Population Health: Expanding the Public Health Roundtable,Pflegen kann jede*r!
kvu8l1mm,s9qlcamb,0.035679933,A risk prediction score to identify patients at low risk for COVID-19 infection.,Finanzielle Hilfen für Vertragsärzte: Weitere KVen haben HVM-Änderungen ausgearbeitet
fxrsgieg,x25c37fg,0.035684995,COVID-19: Was Rheumapatienten jetzt wissen sollten,750 Paddling into danger - Key lessons for a summertime
86nbgd4b,lvi4n41u,0.035688277,Critical Care Nurses' Experiences of Caring for Patients With COVID-19 : Results of a Thematic Analysis,Pflegen kann jede*r!
8t7cz1qh,lvi4n41u,0.03568911,COVID‐19 as a nonprofit workplace crisis: Seeking insights from the nonprofit workers' perspective,Pflegen kann jede*r!
h5xetfm0,e69c9wyw,0.035691738,Environmental Risk Factors for Stroke and Cardiovascular Disease,Nutzen von Erfahrungswissen in Krisen. Zur These einer vermehrten Bezugnahme auf Geschichte in Krisenzeiten
i097orbb,fxrsgieg,0.035693217,Exploring safety aspects in dental school clinics including droplet infection prevention,COVID-19: Was Rheumapatienten jetzt wissen sollten
lvi4n41u,afssrbgx,0.035693485,Pflegen kann jede*r!,COVID-19 pathway signage for operating theatres
qg64fago,fxrsgieg,0.035696045,Electrocardiograhic characteristics in patients with coronavirus infection: A single-center observational study,COVID-19: Was Rheumapatienten jetzt wissen sollten
lvi4n41u,vfyyoivm,0.035701726,Pflegen kann jede*r!,Supporting Occupational Health and Safety Risk Assessment Skills: A Case Study of Five Companies
hzscykg0,fxrsgieg,0.03570197,Clinicians' Attitudes and Behaviors Towards Communicating Electronically with Patients: A Grounded Practical Theory Approach.,COVID-19: Was Rheumapatienten jetzt wissen sollten
p81l6zvz,cjmodj9y,0.03570373,Systemische Immunsuppression in Zeiten von COVID‐19: Müssen wir umdenken?,"Cities, Economies and COVID-19 Pandemic"
lvi4n41u,2t1r6ue2,0.035707623,Pflegen kann jede*r!,"Virtual Clinical Trials in Oncology-Overview, Challenges, Policy Considerations, and Future Directions."
z2ulnfop,4cyrf6vz,0.035715077,Fakten auf einen Blick,The role of cytokines and their antagonists in the treatment of COVID-19 patients.
haablk9y,fxrsgieg,0.035718992,Screening Donors for COVID-19 Convalescent Plasma.,COVID-19: Was Rheumapatienten jetzt wissen sollten
fxrsgieg,iw18shl2,0.03572059,COVID-19: Was Rheumapatienten jetzt wissen sollten,Experiences of critical care nurses fighting against COVID-19: A qualitative phenomenological study
5b80gks6,fxrsgieg,0.035721164,Functional Hemispherectomy in Adults: All We Have to Sphere Is Sphere Itself,COVID-19: Was Rheumapatienten jetzt wissen sollten
s9qlcamb,yp7xfzhn,0.035723392,Finanzielle Hilfen für Vertragsärzte: Weitere KVen haben HVM-Änderungen ausgearbeitet,Factors Affecting COVID-19 Outbreaks across the Globe: Role of Extreme Climate Change
eiobmxp2,fxrsgieg,0.035724457,Serological Screening for Coronavirus Infections in Cats,COVID-19: Was Rheumapatienten jetzt wissen sollten
s9qlcamb,7fhhw01a,0.03572633,Finanzielle Hilfen für Vertragsärzte: Weitere KVen haben HVM-Änderungen ausgearbeitet,Face board helps maintain the humanity
fxrsgieg,9ctkfh3l,0.035737243,COVID-19: Was Rheumapatienten jetzt wissen sollten,Another busy season for immunisers
atva6mfp,7j92yzcn,0.035740428,COVID-19-Forschungsdaten leichter zugänglich machen – Aufbau einer bundesweiten Informationsinfrastruktur,COVID-19: Clinical Trials and Potential Therapeutic Agents - A Narrative Review
lvi4n41u,wbaidffe,0.035744417,Pflegen kann jede*r!,Fishing over the millennia: zooarchaeological perspectives
kris6sz6,fxrsgieg,0.035747077,Factors associated with the perception of fear of COVID-19 in university students.,COVID-19: Was Rheumapatienten jetzt wissen sollten
lvi4n41u,5dhxsoz5,0.03574709,Pflegen kann jede*r!,It Is Time for the Internationalization of Medical Education to Be at Home and Accessible for All
y589lhjf,fxrsgieg,0.035751317,A review of vulnerabilities in worldwide small-scale fisheries,COVID-19: Was Rheumapatienten jetzt wissen sollten
n2d4vqri,s9qlcamb,0.03575286,Planning in the Face of Extraordinary Uncertainty: Lessons from the COVID-19 Pandemic,Finanzielle Hilfen für Vertragsärzte: Weitere KVen haben HVM-Änderungen ausgearbeitet
lvi4n41u,s3yscs8t,0.035753135,Pflegen kann jede*r!,[The contribution of companies to the COVID-19 pandemic control.]
bhimxnxq,8615p7xh,0.035754066,Serological characteristics of COVID-19 patients.,Rentenpolitik ist nicht nachhaltig
p81l6zvz,3zqca05j,0.035754785,Systemische Immunsuppression in Zeiten von COVID‐19: Müssen wir umdenken?,"Cooperative learning in online accounting education: Challenges, benefits, and drawbacks"
lvi4n41u,g9b4ktmn,0.035755515,Pflegen kann jede*r!,Effect of OSLM features and gamification motivators on motivation in DGBL: pupils' viewpoint
jg4n7ejn,lvi4n41u,0.03575921,A network-based group testing strategy for colleges,Pflegen kann jede*r!
p81l6zvz,zsj8s7tt,0.035764664,Systemische Immunsuppression in Zeiten von COVID‐19: Müssen wir umdenken?,Key Lessons from Covid-19: The Worldwide Pandemic
yeih3tfo,s9qlcamb,0.03576843,Tourism today: Why is it a global phenomenon embracing all our lives?,Finanzielle Hilfen für Vertragsärzte: Weitere KVen haben HVM-Änderungen ausgearbeitet
lvi4n41u,sx8h3fvx,0.035773322,Pflegen kann jede*r!,Tribes are Public Health Authorities: Protecting Tribal Sovereignty in Times of Public Health Crisis
uxn7jopb,z2ulnfop,0.035781357,Men's feelings and emotions in the Covid-19 framing,Fakten auf einen Blick
lvi4n41u,0rbq3awh,0.03578499,Pflegen kann jede*r!,"Women Leaders during a Global Crisis: Challenges, Characteristics, and Strengths"
0rbq3awh,fxrsgieg,0.035791766,"Women Leaders during a Global Crisis: Challenges, Characteristics, and Strengths",COVID-19: Was Rheumapatienten jetzt wissen sollten
h7gbs2sg,z2ulnfop,0.03579841,Legal & regulatory issues.,Fakten auf einen Blick
fxrsgieg,9ljou3ag,0.03580005,COVID-19: Was Rheumapatienten jetzt wissen sollten,Commonalities Between COVID-19 and Radiation Injury.
fxrsgieg,nljwc6yj,0.03580027,COVID-19: Was Rheumapatienten jetzt wissen sollten,Recent Developments in the Diagnosis of Mucormycosis
en4z438f,atva6mfp,0.035800382,"Geography, generalisability, and susceptibility in clinical trials",COVID-19-Forschungsdaten leichter zugänglich machen – Aufbau einer bundesweiten Informationsinfrastruktur
1paek4yr,lvi4n41u,0.03580312,Attitudes of Local Population Towards the Impacts of Tourism Development: Evidence From Czechia,Pflegen kann jede*r!
p81l6zvz,k0l08i97,0.03580457,Systemische Immunsuppression in Zeiten von COVID‐19: Müssen wir umdenken?,Expanding the Curriculum in a School of Public Health
nuatkqdh,fxrsgieg,0.035812773,[Selected hand skin characteristics of laboratory diagnosticians].,COVID-19: Was Rheumapatienten jetzt wissen sollten
o209awrc,lvi4n41u,0.035817116,COVID-19 diagnostics-not at the expense of other diseases.,Pflegen kann jede*r!
389djar8,fxrsgieg,0.03581794,Medical Students in the Time of COVID‐19: Opportunities and Challenges,COVID-19: Was Rheumapatienten jetzt wissen sollten
w74o277d,atva6mfp,0.03581981,Despite COVID-19 cancer nurses continue to do all they can for their patients,COVID-19-Forschungsdaten leichter zugänglich machen – Aufbau einer bundesweiten Informationsinfrastruktur
lvi4n41u,7xg18i51,0.035825122,Pflegen kann jede*r!,Identifying effects of multiple treatments in the presence of unmeasured confounding
vur1c2nf,f5v2sggu,0.0358267,Communicating With Patients and Families During COVID-19,"Metodología para la priorización de la entrega de ayudas humanitarias en el contexto de la pandemia covid-19, utilizando la herramienta QFD Fuzzy"
lvi4n41u,u2pqmpdi,0.03583581,Pflegen kann jede*r!,"Community, Collaboration, and Climate"
sau45v4s,lvi4n41u,0.035837274,"Experience, Perceptions, and Recommendations Concerning COVID-19-Related Clinical Research Adjustments.",Pflegen kann jede*r!
lvi4n41u,s9nb5uoa,0.035837274,Pflegen kann jede*r!,"Experience, Perceptions, and Recommendations Concerning COVID-19-Related Clinical Research Adjustments"
m608yzvm,fxrsgieg,0.035846066,Ergonomics factors influencing school education during the COVID-19 pandemic: A literature review,COVID-19: Was Rheumapatienten jetzt wissen sollten
lvi4n41u,4cyrf6vz,0.03586394,Pflegen kann jede*r!,The role of cytokines and their antagonists in the treatment of COVID-19 patients.
s9qlcamb,tx2ps3j7,0.035866905,Finanzielle Hilfen für Vertragsärzte: Weitere KVen haben HVM-Änderungen ausgearbeitet,HOW DISPLAYS ARE HOLDING US TOGETHER
3fcrzcsj,fxrsgieg,0.035869014,"CoViD-19 epidemic in""Establishments for dependent elderly people""",COVID-19: Was Rheumapatienten jetzt wissen sollten
gz2tuclx,atva6mfp,0.03587018,"Aspirations, Concerns and Priorities of Families with School-age Children",COVID-19-Forschungsdaten leichter zugänglich machen – Aufbau einer bundesweiten Informationsinfrastruktur
86esyb9q,tbh2fwk5,0.035870485,Erfolge feiern - Zukunft gestalten,Secondary Transmission of COVID-19 in K-12 Schools: Findings From Two States
87utn8ss,atva6mfp,0.035871252,Imaging changes in patients with 2019-nCov,COVID-19-Forschungsdaten leichter zugänglich machen – Aufbau einer bundesweiten Informationsinfrastruktur
lvi4n41u,30jbe8p4,0.03587522,Pflegen kann jede*r!,A Study of Concerns of Families of Potential Donation After Circulatory Death Donors and Recommendations for Raising Donation Rates.
lvi4n41u,vcgei3qh,0.0358771,Pflegen kann jede*r!,Confronting repressive ideologies with critical pedagogy in science classrooms
i4i1c1ux,s9qlcamb,0.035880465,“The Ones that Care Make all the Difference”: Perspectives on Student-Faculty Relationships,Finanzielle Hilfen für Vertragsärzte: Weitere KVen haben HVM-Änderungen ausgearbeitet
huxezmvl,s9qlcamb,0.03588077,Becoming a part while apart: Building professional identity and membership when working and learning remotely,Finanzielle Hilfen für Vertragsärzte: Weitere KVen haben HVM-Änderungen ausgearbeitet
zogf65f7,fxrsgieg,0.035883274,"Underweight, overweight, and obesity as independent risk factors for hospitalization in adults and children from influenza and other respiratory viruses",COVID-19: Was Rheumapatienten jetzt wissen sollten
s9qlcamb,xienkp64,0.035889886,Finanzielle Hilfen für Vertragsärzte: Weitere KVen haben HVM-Änderungen ausgearbeitet,Setting up a Research Poster During COVID-19 Lockdown: A Reflection
7cqdupou,fxrsgieg,0.035890274,A Vulnerability Study on Academic Collaboration Networks Based on Network Dynamics,COVID-19: Was Rheumapatienten jetzt wissen sollten
lvi4n41u,3kqagaud,0.035896927,Pflegen kann jede*r!,Reflections on the impact of coronavirus on public affairs
2frk9jhi,lvi4n41u,0.035898056,Results of the 2020 AORN Salary and Compensation Survey,Pflegen kann jede*r!
80umv5br,fxrsgieg,0.035901994,"Covid-19: Bereaved families, unions, and charities demand immediate public inquiry to save lives.",COVID-19: Was Rheumapatienten jetzt wissen sollten
g37nuhpl,pez6to2e,0.035908602,Neuroimaging Findings in Patients with COVID-19,Infektionsschutz: Wenn gegen Regeln verstoßen wird
ojtkitu2,evknjdo8,0.03591655,Urological issues in cyclists,Eine neue Ära beginnt!
5n6fveuc,s9qlcamb,0.035919666,Supply chain risk management strategies in the face of COVID-19,Finanzielle Hilfen für Vertragsärzte: Weitere KVen haben HVM-Änderungen ausgearbeitet
x88j7i2k,fxrsgieg,0.035922714,Key Contributions in Clinical Research Informatics,COVID-19: Was Rheumapatienten jetzt wissen sollten
pez6to2e,ikp2z39k,0.035923358,Infektionsschutz: Wenn gegen Regeln verstoßen wird,Variable importance scores
70xnib6d,fxrsgieg,0.03592622,Public health risks threatening health of people participating in mass gatherings: A qualitative study,COVID-19: Was Rheumapatienten jetzt wissen sollten
fxrsgieg,dqng7p1m,0.035934154,COVID-19: Was Rheumapatienten jetzt wissen sollten,Financial Instruments for Tourism Development: Challenges and Opportunities
5tb1l39x,e69c9wyw,0.03593515,Telemedicine in prisons: A Crime in Mind perspective,Nutzen von Erfahrungswissen in Krisen. Zur These einer vermehrten Bezugnahme auf Geschichte in Krisenzeiten
65z4nvqf,fxrsgieg,0.03593519,Twelve months into a feasibility trial: reflections on three experiences of public and patient involvement in research,COVID-19: Was Rheumapatienten jetzt wissen sollten
ash0dnc9,s6unh19n,0.035935707,Freiheit auf Zeit,Clinical and laboratory findings of COVID-19
fxrsgieg,nqywbpp4,0.03594168,COVID-19: Was Rheumapatienten jetzt wissen sollten,Healthier People: Setting Targets for Life Expectancy and Health Care Expenditures.
ztyqjdit,s9qlcamb,0.03594413,Diagnostic Modalities in Critical Care: Point-of-Care Approach,Finanzielle Hilfen für Vertragsärzte: Weitere KVen haben HVM-Änderungen ausgearbeitet
lvi4n41u,t77ugeli,0.035945777,Pflegen kann jede*r!,"Mistrust, uncertainty and health risks"
xual04xu,lvi4n41u,0.03595025,Tigray: the challenges of providing care in unimaginable conditions.,Pflegen kann jede*r!
2a0d11vy,fxrsgieg,0.035951264,Development of a Telepsychology Program for Parents of Pediatric Patients,COVID-19: Was Rheumapatienten jetzt wissen sollten
nh2vvy79,fxrsgieg,0.035953056,Contesting covid: The ideological bases of partisan responses to the Covid-19 pandemic,COVID-19: Was Rheumapatienten jetzt wissen sollten
k7acyswn,s9qlcamb,0.03595396,Understanding labour market disruptions and job losses amidst COVID-19,Finanzielle Hilfen für Vertragsärzte: Weitere KVen haben HVM-Änderungen ausgearbeitet
f0nvn9mt,e69c9wyw,0.035955966,"Demographic, psychological, and environmental factors affecting student's health during the COVID-19 pandemic: on the rocks",Nutzen von Erfahrungswissen in Krisen. Zur These einer vermehrten Bezugnahme auf Geschichte in Krisenzeiten
5r6uckl9,s9qlcamb,0.035957735,CBRR Model for Predicting the Dynamics of the COVID-19 Epidemic in Real Time,Finanzielle Hilfen für Vertragsärzte: Weitere KVen haben HVM-Änderungen ausgearbeitet
027ya5ky,fxrsgieg,0.035958253,rSWeeP: A R/Bioconductor package deal with SWeeP sequences representation,COVID-19: Was Rheumapatienten jetzt wissen sollten
qlr4c6n4,s9qlcamb,0.035960745,Impact of distance learning on motivation and success rate of students during the COVID-19 pandemic,Finanzielle Hilfen für Vertragsärzte: Weitere KVen haben HVM-Änderungen ausgearbeitet
6mc4zg7g,zyv44piv,0.035961065,Viele Sonderregelungen gelten weiter,COVID-19: Impact on Nurses and Nursing
nvebbhwv,e69c9wyw,0.035965256,Potential Neurologic Manifestations of COVID-19,Nutzen von Erfahrungswissen in Krisen. Zur These einer vermehrten Bezugnahme auf Geschichte in Krisenzeiten
g2hfbr7e,s9qlcamb,0.03596772,Comparison of COVID-19 Case-Fatality-Rates by SocioDemographic Factors,Finanzielle Hilfen für Vertragsärzte: Weitere KVen haben HVM-Änderungen ausgearbeitet
d7rlj43k,tatzkeni,0.035971884,Einladung zu einer Hybrid-Veranstaltung 2022,"Market prices, analysts' predictions, and Covid19"
lvi4n41u,srolz14g,0.035972,Pflegen kann jede*r!,Medicaid: Funders Support Research And Advocacy
gxjfojxl,fxrsgieg,0.03597479,Incidence of Atrioventricular Blocks and its Association with In-Hospital Mortality and Morbidity in Patients with Coronavirus Disease 2019,COVID-19: Was Rheumapatienten jetzt wissen sollten
8lg48syv,fxrsgieg,0.035974864,771. COVID-19 on the Line: A Significant Increase in CLABSI in Hospitalized Patients with COVID-19 at a Major Teaching Hospital,COVID-19: Was Rheumapatienten jetzt wissen sollten
lvi4n41u,zagk939g,0.035974953,Pflegen kann jede*r!,Teachers Technological Capability as Digital Immigrants in Learning from Home Activities
5shkc0a2,s9qlcamb,0.03597803,The impact of provider-specific factors on the profitability of contract for difference traders,Finanzielle Hilfen für Vertragsärzte: Weitere KVen haben HVM-Änderungen ausgearbeitet
lvi4n41u,y970g02p,0.03597879,Pflegen kann jede*r!,Factors Influencing Global Variations in COVID-19 Cases and Fatalities; A Review
lvi4n41u,th2xohsc,0.03597879,Pflegen kann jede*r!,Factors Influencing Global Variations in COVID-19 Cases and Fatalities;A Review
piel4s8v,fxrsgieg,0.03598148,Characterization of Dermatologic Diagnoses Among Hospitalized Patients Experiencing Homelessness.,COVID-19: Was Rheumapatienten jetzt wissen sollten
wud08mb0,e69c9wyw,0.035984874,The Perception of Market and Economic Risks by Owners and Managers of Enterprises in the V4 Countries,Nutzen von Erfahrungswissen in Krisen. Zur These einer vermehrten Bezugnahme auf Geschichte in Krisenzeiten
e69c9wyw,x25c37fg,0.03598623,Nutzen von Erfahrungswissen in Krisen. Zur These einer vermehrten Bezugnahme auf Geschichte in Krisenzeiten,750 Paddling into danger - Key lessons for a summertime
p81l6zvz,1qawjquv,0.035996888,Systemische Immunsuppression in Zeiten von COVID‐19: Müssen wir umdenken?,"Aquatic Ecosystems, Human Health, and Ecohydrology"
atva6mfp,a0qnn9e1,0.035998337,COVID-19-Forschungsdaten leichter zugänglich machen – Aufbau einer bundesweiten Informationsinfrastruktur,Psychopathological profile in COVID-19 patients including healthcare workers: the implications.
91s4zcsq,s9qlcamb,0.036008723,Environmental City Diplomacy,Finanzielle Hilfen für Vertragsärzte: Weitere KVen haben HVM-Änderungen ausgearbeitet
8ofp3l2i,s9qlcamb,0.036009673,Nursing: A critical profession in a perilous time,Finanzielle Hilfen für Vertragsärzte: Weitere KVen haben HVM-Änderungen ausgearbeitet
qqydhlr9,mherdb4v,0.03601016,Eine Frage der Erwartungen?: Zur Qualitätsbestimmung von Wissenschaftskommunikation aus Publikumsperspektive,Lessons for and from COVID‐19 for investors and their advisors
