cord_uid_a,cord_uid_b,similarity,title_a,title_b
mdd60ic7,7ljhd62b,-0.11318909,Acknowledgement to Referees,COVID-19 – Eine neue Herausforderung
7ljhd62b,se2s9c5j,-0.11318909,COVID-19 – Eine neue Herausforderung,Acknowledgement to Referees
7ljhd62b,0ngl3naa,-0.11318909,COVID-19 – Eine neue Herausforderung,Acknowledgement to Referees
7ljhd62b,eej8qb9t,-0.11318909,COVID-19 – Eine neue Herausforderung,Acknowledgement to Referees.
7ljhd62b,2un48l2e,-0.11318909,COVID-19 – Eine neue Herausforderung,Acknowledgement to Referees
7ljhd62b,s4bobqls,-0.11318909,COVID-19 – Eine neue Herausforderung,Acknowledgement to referees
7ljhd62b,dbo18qfk,-0.11318909,COVID-19 – Eine neue Herausforderung,Acknowledgement to Referees
7ljhd62b,rh9bx841,-0.11318909,COVID-19 – Eine neue Herausforderung,Acknowledgement to Referees
7ljhd62b,y3hpzj0u,-0.09078166,COVID-19 – Eine neue Herausforderung,"Acknowledgment of Referees, 2020"
mdd60ic7,d6su39tw,-0.08812146,Acknowledgement to Referees,Erfolgreiche Behandlung eines drittgradigen Pleuraempyems infolge einer COVID-19-Infektion
d6su39tw,0ngl3naa,-0.08812143,Erfolgreiche Behandlung eines drittgradigen Pleuraempyems infolge einer COVID-19-Infektion,Acknowledgement to Referees
d6su39tw,se2s9c5j,-0.08812143,Erfolgreiche Behandlung eines drittgradigen Pleuraempyems infolge einer COVID-19-Infektion,Acknowledgement to Referees
d6su39tw,eej8qb9t,-0.08812143,Erfolgreiche Behandlung eines drittgradigen Pleuraempyems infolge einer COVID-19-Infektion,Acknowledgement to Referees.
d6su39tw,s4bobqls,-0.08812143,Erfolgreiche Behandlung eines drittgradigen Pleuraempyems infolge einer COVID-19-Infektion,Acknowledgement to referees
d6su39tw,2un48l2e,-0.08812143,Erfolgreiche Behandlung eines drittgradigen Pleuraempyems infolge einer COVID-19-Infektion,Acknowledgement to Referees
d6su39tw,dbo18qfk,-0.08812143,Erfolgreiche Behandlung eines drittgradigen Pleuraempyems infolge einer COVID-19-Infektion,Acknowledgement to Referees
d6su39tw,rh9bx841,-0.08812143,Erfolgreiche Behandlung eines drittgradigen Pleuraempyems infolge einer COVID-19-Infektion,Acknowledgement to Referees
nxmauvpu,d6su39tw,-0.08000494,Reasons for HOPE.,Erfolgreiche Behandlung eines drittgradigen Pleuraempyems infolge einer COVID-19-Infektion
8ezcu225,m5wlk26r,-0.07665201,Enquiring minds.,COVID-19 trifft auf angeborene Herzfehler
2w9zsz4m,a9jyx7wb,-0.07588019,Aktuelles zur Brustkrebstherapie,Risk Factors of COVID-19 Patients
2w9zsz4m,y1wpc0dk,-0.07043443,Aktuelles zur Brustkrebstherapie,People + Companies
2w9zsz4m,9bdiz5pz,-0.07043443,Aktuelles zur Brustkrebstherapie,People + Companies
mdd60ic7,z3irrfu4,-0.07042712,Acknowledgement to Referees,"Räumlich getrennt, virtuell vereint"
z3irrfu4,se2s9c5j,-0.07042712,"Räumlich getrennt, virtuell vereint",Acknowledgement to Referees
z3irrfu4,0ngl3naa,-0.07042712,"Räumlich getrennt, virtuell vereint",Acknowledgement to Referees
z3irrfu4,eej8qb9t,-0.07042712,"Räumlich getrennt, virtuell vereint",Acknowledgement to Referees.
z3irrfu4,s4bobqls,-0.07042712,"Räumlich getrennt, virtuell vereint",Acknowledgement to referees
z3irrfu4,2un48l2e,-0.07042712,"Räumlich getrennt, virtuell vereint",Acknowledgement to Referees
z3irrfu4,dbo18qfk,-0.07042712,"Räumlich getrennt, virtuell vereint",Acknowledgement to Referees
z3irrfu4,rh9bx841,-0.07042712,"Räumlich getrennt, virtuell vereint",Acknowledgement to Referees
7ljhd62b,a9jyx7wb,-0.06713869,COVID-19 – Eine neue Herausforderung,Risk Factors of COVID-19 Patients
mdd60ic7,m5wlk26r,-0.066924155,Acknowledgement to Referees,COVID-19 trifft auf angeborene Herzfehler
se2s9c5j,m5wlk26r,-0.066924155,Acknowledgement to Referees,COVID-19 trifft auf angeborene Herzfehler
0ngl3naa,m5wlk26r,-0.066924155,Acknowledgement to Referees,COVID-19 trifft auf angeborene Herzfehler
eej8qb9t,m5wlk26r,-0.066924155,Acknowledgement to Referees.,COVID-19 trifft auf angeborene Herzfehler
2un48l2e,m5wlk26r,-0.066924155,Acknowledgement to Referees,COVID-19 trifft auf angeborene Herzfehler
s4bobqls,m5wlk26r,-0.066924155,Acknowledgement to referees,COVID-19 trifft auf angeborene Herzfehler
dbo18qfk,m5wlk26r,-0.066924155,Acknowledgement to Referees,COVID-19 trifft auf angeborene Herzfehler
m5wlk26r,rh9bx841,-0.066924155,COVID-19 trifft auf angeborene Herzfehler,Acknowledgement to Referees
7ljhd62b,rqb19icj,-0.06372956,COVID-19 – Eine neue Herausforderung,Experiences of family caregivers of patients with COVID-19
d6su39tw,y3hpzj0u,-0.06275961,Erfolgreiche Behandlung eines drittgradigen Pleuraempyems infolge einer COVID-19-Infektion,"Acknowledgment of Referees, 2020"
lq92mlhs,mdd60ic7,-0.062171675,Nachhaltiges Wirtschaften setzt eine nachhaltige Arbeitswelt voraus,Acknowledgement to Referees
lq92mlhs,se2s9c5j,-0.062171675,Nachhaltiges Wirtschaften setzt eine nachhaltige Arbeitswelt voraus,Acknowledgement to Referees
lq92mlhs,0ngl3naa,-0.062171675,Nachhaltiges Wirtschaften setzt eine nachhaltige Arbeitswelt voraus,Acknowledgement to Referees
lq92mlhs,eej8qb9t,-0.062171675,Nachhaltiges Wirtschaften setzt eine nachhaltige Arbeitswelt voraus,Acknowledgement to Referees.
lq92mlhs,2un48l2e,-0.062171675,Nachhaltiges Wirtschaften setzt eine nachhaltige Arbeitswelt voraus,Acknowledgement to Referees
lq92mlhs,s4bobqls,-0.062171675,Nachhaltiges Wirtschaften setzt eine nachhaltige Arbeitswelt voraus,Acknowledgement to referees
lq92mlhs,dbo18qfk,-0.062171675,Nachhaltiges Wirtschaften setzt eine nachhaltige Arbeitswelt voraus,Acknowledgement to Referees
lq92mlhs,rh9bx841,-0.062171675,Nachhaltiges Wirtschaften setzt eine nachhaltige Arbeitswelt voraus,Acknowledgement to Referees
tmi60ugl,7ljhd62b,-0.061946876,Fears and Hopes,COVID-19 – Eine neue Herausforderung
7ljhd62b,92ivie3y,-0.06169743,COVID-19 – Eine neue Herausforderung,Our Responsibility to All of Our Patients and Families
7ljhd62b,kmsz4jdk,-0.060583666,COVID-19 – Eine neue Herausforderung,Hyperlipasemia in Hospitalized COVID-19 Patients
7ljhd62b,6603ephy,-0.059654113,COVID-19 – Eine neue Herausforderung,Covid-19 vaccines for kids
7ljhd62b,qga9663z,-0.059654113,COVID-19 – Eine neue Herausforderung,Coronapod: Kids and COVID vaccines.
z3irrfu4,y3hpzj0u,-0.05938689,"Räumlich getrennt, virtuell vereint","Acknowledgment of Referees, 2020"
fouh4jhs,a9jyx7wb,-0.05751363,Konjunkturpaket notwendig — Rückkehr zur Schuldenbremse nicht forcieren,Risk Factors of COVID-19 Patients
mdd60ic7,f608irm6,-0.05649632,Acknowledgement to Referees,Kardiale Folgen von COVID-19
2un48l2e,f608irm6,-0.05649632,Acknowledgement to Referees,Kardiale Folgen von COVID-19
s4bobqls,f608irm6,-0.05649632,Acknowledgement to referees,Kardiale Folgen von COVID-19
se2s9c5j,f608irm6,-0.05649631,Acknowledgement to Referees,Kardiale Folgen von COVID-19
0ngl3naa,f608irm6,-0.05649631,Acknowledgement to Referees,Kardiale Folgen von COVID-19
eej8qb9t,f608irm6,-0.05649631,Acknowledgement to Referees.,Kardiale Folgen von COVID-19
f608irm6,dbo18qfk,-0.05649631,Kardiale Folgen von COVID-19,Acknowledgement to Referees
f608irm6,rh9bx841,-0.05649631,Kardiale Folgen von COVID-19,Acknowledgement to Referees
30097lan,kux9vzn8,-0.05623578,Hematological Aspects of COVID-19,Bauchlage senkt Intubationsrate bei wachen COVID-19-Patienten auf Intensivstation
y1wpc0dk,7ljhd62b,-0.0551449,People + Companies,COVID-19 – Eine neue Herausforderung
9bdiz5pz,7ljhd62b,-0.0551449,People + Companies,COVID-19 – Eine neue Herausforderung
xqhxra2p,mdd60ic7,-0.055021614,Akutrehabilitation nach COVID‑19‑Infektion: Eine ausgewählte Fallserie,Acknowledgement to Referees
xqhxra2p,se2s9c5j,-0.055021614,Akutrehabilitation nach COVID‑19‑Infektion: Eine ausgewählte Fallserie,Acknowledgement to Referees
xqhxra2p,0ngl3naa,-0.055021614,Akutrehabilitation nach COVID‑19‑Infektion: Eine ausgewählte Fallserie,Acknowledgement to Referees
xqhxra2p,s4bobqls,-0.055021614,Akutrehabilitation nach COVID‑19‑Infektion: Eine ausgewählte Fallserie,Acknowledgement to referees
xqhxra2p,2un48l2e,-0.055021614,Akutrehabilitation nach COVID‑19‑Infektion: Eine ausgewählte Fallserie,Acknowledgement to Referees
xqhxra2p,dbo18qfk,-0.055021614,Akutrehabilitation nach COVID‑19‑Infektion: Eine ausgewählte Fallserie,Acknowledgement to Referees
xqhxra2p,rh9bx841,-0.055021614,Akutrehabilitation nach COVID‑19‑Infektion: Eine ausgewählte Fallserie,Acknowledgement to Referees
xqhxra2p,eej8qb9t,-0.0550216,Akutrehabilitation nach COVID‑19‑Infektion: Eine ausgewählte Fallserie,Acknowledgement to Referees.
mdd60ic7,zpo4us36,-0.054732125,Acknowledgement to Referees,Versorgung von Krebspatienten leidet
0ngl3naa,zpo4us36,-0.054732125,Acknowledgement to Referees,Versorgung von Krebspatienten leidet
se2s9c5j,zpo4us36,-0.054732125,Acknowledgement to Referees,Versorgung von Krebspatienten leidet
eej8qb9t,zpo4us36,-0.054732125,Acknowledgement to Referees.,Versorgung von Krebspatienten leidet
s4bobqls,zpo4us36,-0.054732125,Acknowledgement to referees,Versorgung von Krebspatienten leidet
2un48l2e,zpo4us36,-0.054732125,Acknowledgement to Referees,Versorgung von Krebspatienten leidet
zpo4us36,dbo18qfk,-0.054732125,Versorgung von Krebspatienten leidet,Acknowledgement to Referees
zpo4us36,rh9bx841,-0.054732125,Versorgung von Krebspatienten leidet,Acknowledgement to Referees
y1wpc0dk,fouh4jhs,-0.054539133,People + Companies,Konjunkturpaket notwendig — Rückkehr zur Schuldenbremse nicht forcieren
9bdiz5pz,fouh4jhs,-0.054539133,People + Companies,Konjunkturpaket notwendig — Rückkehr zur Schuldenbremse nicht forcieren
mrdg743n,fouh4jhs,-0.054376543,Recruiting Residents During COVID-19,Konjunkturpaket notwendig — Rückkehr zur Schuldenbremse nicht forcieren
k0xqoyx8,eej8qb9t,-0.05427581,Stille Hypoxie bei COVID-19: Eine Fallserie,Acknowledgement to Referees.
k0xqoyx8,mdd60ic7,-0.0542758,Stille Hypoxie bei COVID-19: Eine Fallserie,Acknowledgement to Referees
k0xqoyx8,0ngl3naa,-0.0542758,Stille Hypoxie bei COVID-19: Eine Fallserie,Acknowledgement to Referees
k0xqoyx8,se2s9c5j,-0.0542758,Stille Hypoxie bei COVID-19: Eine Fallserie,Acknowledgement to Referees
k0xqoyx8,s4bobqls,-0.0542758,Stille Hypoxie bei COVID-19: Eine Fallserie,Acknowledgement to referees
k0xqoyx8,2un48l2e,-0.0542758,Stille Hypoxie bei COVID-19: Eine Fallserie,Acknowledgement to Referees
k0xqoyx8,dbo18qfk,-0.0542758,Stille Hypoxie bei COVID-19: Eine Fallserie,Acknowledgement to Referees
k0xqoyx8,rh9bx841,-0.0542758,Stille Hypoxie bei COVID-19: Eine Fallserie,Acknowledgement to Referees
kux9vzn8,mdd60ic7,-0.05372357,Bauchlage senkt Intubationsrate bei wachen COVID-19-Patienten auf Intensivstation,Acknowledgement to Referees
kux9vzn8,0ngl3naa,-0.05372357,Bauchlage senkt Intubationsrate bei wachen COVID-19-Patienten auf Intensivstation,Acknowledgement to Referees
kux9vzn8,se2s9c5j,-0.05372357,Bauchlage senkt Intubationsrate bei wachen COVID-19-Patienten auf Intensivstation,Acknowledgement to Referees
kux9vzn8,eej8qb9t,-0.05372357,Bauchlage senkt Intubationsrate bei wachen COVID-19-Patienten auf Intensivstation,Acknowledgement to Referees.
kux9vzn8,s4bobqls,-0.05372357,Bauchlage senkt Intubationsrate bei wachen COVID-19-Patienten auf Intensivstation,Acknowledgement to referees
kux9vzn8,2un48l2e,-0.05372357,Bauchlage senkt Intubationsrate bei wachen COVID-19-Patienten auf Intensivstation,Acknowledgement to Referees
kux9vzn8,dbo18qfk,-0.05372357,Bauchlage senkt Intubationsrate bei wachen COVID-19-Patienten auf Intensivstation,Acknowledgement to Referees
kux9vzn8,rh9bx841,-0.05372357,Bauchlage senkt Intubationsrate bei wachen COVID-19-Patienten auf Intensivstation,Acknowledgement to Referees
ffbchp74,92ivie3y,-0.053713337,Rechtsprechung kurz berichtet,Our Responsibility to All of Our Patients and Families
17trii16,eej8qb9t,-0.053058945,Endlich mehr Honorar für COVID-19-lmpfungen,Acknowledgement to Referees.
mdd60ic7,17trii16,-0.053058937,Acknowledgement to Referees,Endlich mehr Honorar für COVID-19-lmpfungen
17trii16,0ngl3naa,-0.053058937,Endlich mehr Honorar für COVID-19-lmpfungen,Acknowledgement to Referees
17trii16,se2s9c5j,-0.053058937,Endlich mehr Honorar für COVID-19-lmpfungen,Acknowledgement to Referees
17trii16,s4bobqls,-0.053058937,Endlich mehr Honorar für COVID-19-lmpfungen,Acknowledgement to referees
17trii16,2un48l2e,-0.053058937,Endlich mehr Honorar für COVID-19-lmpfungen,Acknowledgement to Referees
17trii16,dbo18qfk,-0.053058937,Endlich mehr Honorar für COVID-19-lmpfungen,Acknowledgement to Referees
17trii16,rh9bx841,-0.053058937,Endlich mehr Honorar für COVID-19-lmpfungen,Acknowledgement to Referees
mdd60ic7,sfarwvit,-0.052805256,Acknowledgement to Referees,So machen Vermittler ihren Betrieb zukunftsfest
sfarwvit,0ngl3naa,-0.052805256,So machen Vermittler ihren Betrieb zukunftsfest,Acknowledgement to Referees
sfarwvit,se2s9c5j,-0.052805256,So machen Vermittler ihren Betrieb zukunftsfest,Acknowledgement to Referees
sfarwvit,2un48l2e,-0.052805256,So machen Vermittler ihren Betrieb zukunftsfest,Acknowledgement to Referees
sfarwvit,s4bobqls,-0.052805256,So machen Vermittler ihren Betrieb zukunftsfest,Acknowledgement to referees
sfarwvit,dbo18qfk,-0.052805256,So machen Vermittler ihren Betrieb zukunftsfest,Acknowledgement to Referees
sfarwvit,rh9bx841,-0.052805256,So machen Vermittler ihren Betrieb zukunftsfest,Acknowledgement to Referees
sfarwvit,eej8qb9t,-0.05280523,So machen Vermittler ihren Betrieb zukunftsfest,Acknowledgement to Referees.
2w9zsz4m,92ivie3y,-0.052255362,Aktuelles zur Brustkrebstherapie,Our Responsibility to All of Our Patients and Families
mdd60ic7,cl81y08y,-0.05189319,Acknowledgement to Referees,Auf dem Weg zu einer nachhaltigen Mobilität
cl81y08y,eej8qb9t,-0.05189319,Auf dem Weg zu einer nachhaltigen Mobilität,Acknowledgement to Referees.
cl81y08y,se2s9c5j,-0.051893186,Auf dem Weg zu einer nachhaltigen Mobilität,Acknowledgement to Referees
cl81y08y,0ngl3naa,-0.051893186,Auf dem Weg zu einer nachhaltigen Mobilität,Acknowledgement to Referees
cl81y08y,2un48l2e,-0.051893186,Auf dem Weg zu einer nachhaltigen Mobilität,Acknowledgement to Referees
cl81y08y,s4bobqls,-0.051893186,Auf dem Weg zu einer nachhaltigen Mobilität,Acknowledgement to referees
cl81y08y,dbo18qfk,-0.051893186,Auf dem Weg zu einer nachhaltigen Mobilität,Acknowledgement to Referees
cl81y08y,rh9bx841,-0.051893186,Auf dem Weg zu einer nachhaltigen Mobilität,Acknowledgement to Referees
tgk61fds,7ljhd62b,-0.05113972,COVID-19 Vaccines in Children and Adolescents,COVID-19 – Eine neue Herausforderung
fx92xnzt,d4l85xzw,-0.05096134,Welche Phytos gegen Husten?,Meetings and Courses
17trii16,d4l85xzw,-0.05051093,Endlich mehr Honorar für COVID-19-lmpfungen,Meetings and Courses
7ljhd62b,zku020ww,-0.050442338,COVID-19 – Eine neue Herausforderung,"Educating heads, hands, and hearts in the COVID-19 Classroom"
mrdg743n,7ljhd62b,-0.050229523,Recruiting Residents During COVID-19,COVID-19 – Eine neue Herausforderung
2w9zsz4m,8ezcu225,-0.05006395,Aktuelles zur Brustkrebstherapie,Enquiring minds.
ptxwnbhf,7ljhd62b,-0.04917345,Investigating people's anxieties and concerns about COVID-19,COVID-19 – Eine neue Herausforderung
lq92mlhs,dp1gpjvf,-0.049077637,Nachhaltiges Wirtschaften setzt eine nachhaltige Arbeitswelt voraus,eMJA: In other journals ‐ 5 May 2003
7ljhd62b,8ezcu225,-0.048729137,COVID-19 – Eine neue Herausforderung,Enquiring minds.
6ho4ox2e,92ivie3y,-0.048312977,Pädiatrie aktuell – Forschung kurz notiert,Our Responsibility to All of Our Patients and Families
fx92xnzt,m1tx74tc,-0.047296513,Welche Phytos gegen Husten?,Guest editorial
7ljhd62b,d4l85xzw,-0.045791663,COVID-19 – Eine neue Herausforderung,Meetings and Courses
mdd60ic7,ffbchp74,-0.045666277,Acknowledgement to Referees,Rechtsprechung kurz berichtet
0ngl3naa,ffbchp74,-0.045666277,Acknowledgement to Referees,Rechtsprechung kurz berichtet
se2s9c5j,ffbchp74,-0.045666277,Acknowledgement to Referees,Rechtsprechung kurz berichtet
eej8qb9t,ffbchp74,-0.045666277,Acknowledgement to Referees.,Rechtsprechung kurz berichtet
2un48l2e,ffbchp74,-0.045666277,Acknowledgement to Referees,Rechtsprechung kurz berichtet
s4bobqls,ffbchp74,-0.045666277,Acknowledgement to referees,Rechtsprechung kurz berichtet
ffbchp74,dbo18qfk,-0.045666277,Rechtsprechung kurz berichtet,Acknowledgement to Referees
ffbchp74,rh9bx841,-0.045666277,Rechtsprechung kurz berichtet,Acknowledgement to Referees
lq92mlhs,y3hpzj0u,-0.045465946,Nachhaltiges Wirtschaften setzt eine nachhaltige Arbeitswelt voraus,"Acknowledgment of Referees, 2020"
1g0pthfr,kux9vzn8,-0.04507401,Epidemiological and Clinical Predictors of COVID-19,Bauchlage senkt Intubationsrate bei wachen COVID-19-Patienten auf Intensivstation
vz9uzwno,d6su39tw,-0.04421758,Shots of hope.,Erfolgreiche Behandlung eines drittgradigen Pleuraempyems infolge einer COVID-19-Infektion
8ezcu225,fx92xnzt,-0.044141486,Enquiring minds.,Welche Phytos gegen Husten?
w2vxnrwc,0vlkahyu,-0.04397995,From Newsroom to Classroom,Wirksamkeit von Pflanzenprodukten gegen Herpesinfektionen
fx92xnzt,m62f2ju5,-0.043918896,Welche Phytos gegen Husten?,Events of Interest
y1wpc0dk,ffbchp74,-0.04359375,People + Companies,Rechtsprechung kurz berichtet
9bdiz5pz,ffbchp74,-0.04359375,People + Companies,Rechtsprechung kurz berichtet
m5wlk26r,y3hpzj0u,-0.043408245,COVID-19 trifft auf angeborene Herzfehler,"Acknowledgment of Referees, 2020"
8ezcu225,ffbchp74,-0.04295319,Enquiring minds.,Rechtsprechung kurz berichtet
ew3ftumt,m5wlk26r,-0.042814903,Answering Key Questions About COVID-19 Vaccines.,COVID-19 trifft auf angeborene Herzfehler
fouh4jhs,rqb19icj,-0.042706568,Konjunkturpaket notwendig — Rückkehr zur Schuldenbremse nicht forcieren,Experiences of family caregivers of patients with COVID-19
d6su39tw,d4l85xzw,-0.042133342,Erfolgreiche Behandlung eines drittgradigen Pleuraempyems infolge einer COVID-19-Infektion,Meetings and Courses
p81l6zvz,mdd60ic7,-0.041420784,Systemische Immunsuppression in Zeiten von COVID‐19: Müssen wir umdenken?,Acknowledgement to Referees
p81l6zvz,se2s9c5j,-0.041420784,Systemische Immunsuppression in Zeiten von COVID‐19: Müssen wir umdenken?,Acknowledgement to Referees
p81l6zvz,0ngl3naa,-0.041420784,Systemische Immunsuppression in Zeiten von COVID‐19: Müssen wir umdenken?,Acknowledgement to Referees
p81l6zvz,eej8qb9t,-0.041420784,Systemische Immunsuppression in Zeiten von COVID‐19: Müssen wir umdenken?,Acknowledgement to Referees.
p81l6zvz,s4bobqls,-0.041420784,Systemische Immunsuppression in Zeiten von COVID‐19: Müssen wir umdenken?,Acknowledgement to referees
p81l6zvz,2un48l2e,-0.041420784,Systemische Immunsuppression in Zeiten von COVID‐19: Müssen wir umdenken?,Acknowledgement to Referees
p81l6zvz,dbo18qfk,-0.041420784,Systemische Immunsuppression in Zeiten von COVID‐19: Müssen wir umdenken?,Acknowledgement to Referees
p81l6zvz,rh9bx841,-0.041420784,Systemische Immunsuppression in Zeiten von COVID‐19: Müssen wir umdenken?,Acknowledgement to Referees
8ezcu225,w4k5v3gz,-0.04141597,Enquiring minds.,Nach COVID-19-Infektion treten vermehrt Herzprobleme auf
2w9zsz4m,mrdg743n,-0.041398395,Aktuelles zur Brustkrebstherapie,Recruiting Residents During COVID-19
2w9zsz4m,aw1pbmz4,-0.04102309,Aktuelles zur Brustkrebstherapie,Risk factors analysisi for COVID‑19 in the elderly
7ljhd62b,zsadls45,-0.0401987,COVID-19 – Eine neue Herausforderung,"COVID‐19, children and schools: overlooked and at risk"
nxmauvpu,ffbchp74,-0.040146515,Reasons for HOPE.,Rechtsprechung kurz berichtet
mdd60ic7,bh8jhqyn,-0.039756346,Acknowledgement to Referees,Ein lange bekanntes Syndrom bei einer neuen Krankheit
bh8jhqyn,0ngl3naa,-0.039756346,Ein lange bekanntes Syndrom bei einer neuen Krankheit,Acknowledgement to Referees
bh8jhqyn,se2s9c5j,-0.039756346,Ein lange bekanntes Syndrom bei einer neuen Krankheit,Acknowledgement to Referees
bh8jhqyn,eej8qb9t,-0.039756346,Ein lange bekanntes Syndrom bei einer neuen Krankheit,Acknowledgement to Referees.
bh8jhqyn,2un48l2e,-0.039756346,Ein lange bekanntes Syndrom bei einer neuen Krankheit,Acknowledgement to Referees
bh8jhqyn,s4bobqls,-0.039756346,Ein lange bekanntes Syndrom bei einer neuen Krankheit,Acknowledgement to referees
bh8jhqyn,dbo18qfk,-0.039756346,Ein lange bekanntes Syndrom bei einer neuen Krankheit,Acknowledgement to Referees
bh8jhqyn,rh9bx841,-0.039756346,Ein lange bekanntes Syndrom bei einer neuen Krankheit,Acknowledgement to Referees
30097lan,m5wlk26r,-0.039737124,Hematological Aspects of COVID-19,COVID-19 trifft auf angeborene Herzfehler
ol3sih3x,0vlkahyu,-0.03962693,Kaggle Competitions in the Classroom: Retrospectives and Recommendations,Wirksamkeit von Pflanzenprodukten gegen Herpesinfektionen
7ljhd62b,8d3z6dfw,-0.039094076,COVID-19 – Eine neue Herausforderung,COVID-19: biological factors in men's vulnerability
ffbchp74,m62f2ju5,-0.038846,Rechtsprechung kurz berichtet,Events of Interest
17trii16,y3hpzj0u,-0.038325958,Endlich mehr Honorar für COVID-19-lmpfungen,"Acknowledgment of Referees, 2020"
tmi60ugl,lq92mlhs,-0.038020566,Fears and Hopes,Nachhaltiges Wirtschaften setzt eine nachhaltige Arbeitswelt voraus
mdd60ic7,fouh4jhs,-0.03798107,Acknowledgement to Referees,Konjunkturpaket notwendig — Rückkehr zur Schuldenbremse nicht forcieren
fouh4jhs,se2s9c5j,-0.03798107,Konjunkturpaket notwendig — Rückkehr zur Schuldenbremse nicht forcieren,Acknowledgement to Referees
fouh4jhs,0ngl3naa,-0.03798107,Konjunkturpaket notwendig — Rückkehr zur Schuldenbremse nicht forcieren,Acknowledgement to Referees
fouh4jhs,eej8qb9t,-0.03798107,Konjunkturpaket notwendig — Rückkehr zur Schuldenbremse nicht forcieren,Acknowledgement to Referees.
fouh4jhs,2un48l2e,-0.03798107,Konjunkturpaket notwendig — Rückkehr zur Schuldenbremse nicht forcieren,Acknowledgement to Referees
fouh4jhs,s4bobqls,-0.03798107,Konjunkturpaket notwendig — Rückkehr zur Schuldenbremse nicht forcieren,Acknowledgement to referees
fouh4jhs,dbo18qfk,-0.03798107,Konjunkturpaket notwendig — Rückkehr zur Schuldenbremse nicht forcieren,Acknowledgement to Referees
fouh4jhs,rh9bx841,-0.03798107,Konjunkturpaket notwendig — Rückkehr zur Schuldenbremse nicht forcieren,Acknowledgement to Referees
k7qibllm,2w9zsz4m,-0.0377854,Are children and schools a COVID-19 threat?,Aktuelles zur Brustkrebstherapie
mdd60ic7,0vlkahyu,-0.03774583,Acknowledgement to Referees,Wirksamkeit von Pflanzenprodukten gegen Herpesinfektionen
se2s9c5j,0vlkahyu,-0.03774583,Acknowledgement to Referees,Wirksamkeit von Pflanzenprodukten gegen Herpesinfektionen
0ngl3naa,0vlkahyu,-0.03774583,Acknowledgement to Referees,Wirksamkeit von Pflanzenprodukten gegen Herpesinfektionen
eej8qb9t,0vlkahyu,-0.03774583,Acknowledgement to Referees.,Wirksamkeit von Pflanzenprodukten gegen Herpesinfektionen
s4bobqls,0vlkahyu,-0.03774583,Acknowledgement to referees,Wirksamkeit von Pflanzenprodukten gegen Herpesinfektionen
2un48l2e,0vlkahyu,-0.03774583,Acknowledgement to Referees,Wirksamkeit von Pflanzenprodukten gegen Herpesinfektionen
dbo18qfk,0vlkahyu,-0.03774583,Acknowledgement to Referees,Wirksamkeit von Pflanzenprodukten gegen Herpesinfektionen
0vlkahyu,rh9bx841,-0.03774583,Wirksamkeit von Pflanzenprodukten gegen Herpesinfektionen,Acknowledgement to Referees
kxdcrchq,fx92xnzt,-0.037505254,"Remdesivir, on the road to DisCoVeRy",Welche Phytos gegen Husten?
iw6ooopp,mdd60ic7,-0.03732304,COVID-19-Pandemie: Was wissen wir – was können wir empfehlen?: Ein Kommentar der Herausgeber,Acknowledgement to Referees
iw6ooopp,0ngl3naa,-0.03732304,COVID-19-Pandemie: Was wissen wir – was können wir empfehlen?: Ein Kommentar der Herausgeber,Acknowledgement to Referees
iw6ooopp,se2s9c5j,-0.03732304,COVID-19-Pandemie: Was wissen wir – was können wir empfehlen?: Ein Kommentar der Herausgeber,Acknowledgement to Referees
iw6ooopp,eej8qb9t,-0.03732304,COVID-19-Pandemie: Was wissen wir – was können wir empfehlen?: Ein Kommentar der Herausgeber,Acknowledgement to Referees.
iw6ooopp,s4bobqls,-0.03732304,COVID-19-Pandemie: Was wissen wir – was können wir empfehlen?: Ein Kommentar der Herausgeber,Acknowledgement to referees
iw6ooopp,2un48l2e,-0.03732304,COVID-19-Pandemie: Was wissen wir – was können wir empfehlen?: Ein Kommentar der Herausgeber,Acknowledgement to Referees
iw6ooopp,dbo18qfk,-0.03732304,COVID-19-Pandemie: Was wissen wir – was können wir empfehlen?: Ein Kommentar der Herausgeber,Acknowledgement to Referees
iw6ooopp,rh9bx841,-0.03732304,COVID-19-Pandemie: Was wissen wir – was können wir empfehlen?: Ein Kommentar der Herausgeber,Acknowledgement to Referees
w72ielhf,d6su39tw,-0.037297525,Editors’ Note,Erfolgreiche Behandlung eines drittgradigen Pleuraempyems infolge einer COVID-19-Infektion
mdd60ic7,xnmpl4uw,-0.037180915,Acknowledgement to Referees,Hydroxychloroquin‐induzierte akute generalisierte exanthematische Pustulose: eine während der COVID‐19‐Pandemie zu beachtende Nebenwirkung
xnmpl4uw,se2s9c5j,-0.037180915,Hydroxychloroquin‐induzierte akute generalisierte exanthematische Pustulose: eine während der COVID‐19‐Pandemie zu beachtende Nebenwirkung,Acknowledgement to Referees
xnmpl4uw,0ngl3naa,-0.037180915,Hydroxychloroquin‐induzierte akute generalisierte exanthematische Pustulose: eine während der COVID‐19‐Pandemie zu beachtende Nebenwirkung,Acknowledgement to Referees
xnmpl4uw,2un48l2e,-0.037180915,Hydroxychloroquin‐induzierte akute generalisierte exanthematische Pustulose: eine während der COVID‐19‐Pandemie zu beachtende Nebenwirkung,Acknowledgement to Referees
xnmpl4uw,s4bobqls,-0.037180915,Hydroxychloroquin‐induzierte akute generalisierte exanthematische Pustulose: eine während der COVID‐19‐Pandemie zu beachtende Nebenwirkung,Acknowledgement to referees
xnmpl4uw,dbo18qfk,-0.037180915,Hydroxychloroquin‐induzierte akute generalisierte exanthematische Pustulose: eine während der COVID‐19‐Pandemie zu beachtende Nebenwirkung,Acknowledgement to Referees
xnmpl4uw,rh9bx841,-0.037180915,Hydroxychloroquin‐induzierte akute generalisierte exanthematische Pustulose: eine während der COVID‐19‐Pandemie zu beachtende Nebenwirkung,Acknowledgement to Referees
xnmpl4uw,eej8qb9t,-0.037180908,Hydroxychloroquin‐induzierte akute generalisierte exanthematische Pustulose: eine während der COVID‐19‐Pandemie zu beachtende Nebenwirkung,Acknowledgement to Referees.
tmi60ugl,xqhxra2p,-0.037071154,Fears and Hopes,Akutrehabilitation nach COVID‑19‑Infektion: Eine ausgewählte Fallserie
xqhxra2p,y1wpc0dk,-0.036899414,Akutrehabilitation nach COVID‑19‑Infektion: Eine ausgewählte Fallserie,People + Companies
xqhxra2p,9bdiz5pz,-0.036899414,Akutrehabilitation nach COVID‑19‑Infektion: Eine ausgewählte Fallserie,People + Companies
tmi60ugl,d6su39tw,-0.036847264,Fears and Hopes,Erfolgreiche Behandlung eines drittgradigen Pleuraempyems infolge einer COVID-19-Infektion
fx92xnzt,hq6y67rz,-0.036684148,Welche Phytos gegen Husten?,Courses and Conferences
8xtexo2z,a5hc3hef,-0.0362263,Marktführer gesucht,Guideposts for Assessment During COVID-19
y1wpc0dk,6ho4ox2e,-0.035565004,People + Companies,Pädiatrie aktuell – Forschung kurz notiert
9bdiz5pz,6ho4ox2e,-0.035565004,People + Companies,Pädiatrie aktuell – Forschung kurz notiert
fouh4jhs,kmsz4jdk,-0.03529479,Konjunkturpaket notwendig — Rückkehr zur Schuldenbremse nicht forcieren,Hyperlipasemia in Hospitalized COVID-19 Patients
p825gprf,fx92xnzt,-0.035185818,Lessons from the past,Welche Phytos gegen Husten?
tmi60ugl,sfarwvit,-0.035168592,Fears and Hopes,So machen Vermittler ihren Betrieb zukunftsfest
2w9zsz4m,rqb19icj,-0.03509752,Aktuelles zur Brustkrebstherapie,Experiences of family caregivers of patients with COVID-19
mrdg743n,sfarwvit,-0.035084594,Recruiting Residents During COVID-19,So machen Vermittler ihren Betrieb zukunftsfest
mdd60ic7,46z4663u,-0.034987975,Acknowledgement to Referees,Endlich Farbe bekennen
se2s9c5j,46z4663u,-0.034987975,Acknowledgement to Referees,Endlich Farbe bekennen
0ngl3naa,46z4663u,-0.034987975,Acknowledgement to Referees,Endlich Farbe bekennen
eej8qb9t,46z4663u,-0.034987975,Acknowledgement to Referees.,Endlich Farbe bekennen
2un48l2e,46z4663u,-0.034987975,Acknowledgement to Referees,Endlich Farbe bekennen
s4bobqls,46z4663u,-0.034987975,Acknowledgement to referees,Endlich Farbe bekennen
46z4663u,dbo18qfk,-0.034987975,Endlich Farbe bekennen,Acknowledgement to Referees
46z4663u,rh9bx841,-0.034987975,Endlich Farbe bekennen,Acknowledgement to Referees
mdd60ic7,kcl0uzdg,-0.034904975,Acknowledgement to Referees,Budesonid verhindert bei COVID-19 Übergang zu schwerem Verlauf
se2s9c5j,kcl0uzdg,-0.034904975,Acknowledgement to Referees,Budesonid verhindert bei COVID-19 Übergang zu schwerem Verlauf
0ngl3naa,kcl0uzdg,-0.034904975,Acknowledgement to Referees,Budesonid verhindert bei COVID-19 Übergang zu schwerem Verlauf
eej8qb9t,kcl0uzdg,-0.034904975,Acknowledgement to Referees.,Budesonid verhindert bei COVID-19 Übergang zu schwerem Verlauf
2un48l2e,kcl0uzdg,-0.034904975,Acknowledgement to Referees,Budesonid verhindert bei COVID-19 Übergang zu schwerem Verlauf
s4bobqls,kcl0uzdg,-0.034904975,Acknowledgement to referees,Budesonid verhindert bei COVID-19 Übergang zu schwerem Verlauf
dbo18qfk,kcl0uzdg,-0.034904975,Acknowledgement to Referees,Budesonid verhindert bei COVID-19 Übergang zu schwerem Verlauf
rh9bx841,kcl0uzdg,-0.034904975,Acknowledgement to Referees,Budesonid verhindert bei COVID-19 Übergang zu schwerem Verlauf
2w9zsz4m,zsadls45,-0.03481486,Aktuelles zur Brustkrebstherapie,"COVID‐19, children and schools: overlooked and at risk"
lq92mlhs,8ezcu225,-0.03463379,Nachhaltiges Wirtschaften setzt eine nachhaltige Arbeitswelt voraus,Enquiring minds.
xamgedfq,fx92xnzt,-0.034384143,Variability Matters,Welche Phytos gegen Husten?
8ezcu225,6ho4ox2e,-0.03433775,Enquiring minds.,Pädiatrie aktuell – Forschung kurz notiert
sfarwvit,a9jyx7wb,-0.034330748,So machen Vermittler ihren Betrieb zukunftsfest,Risk Factors of COVID-19 Patients
1g0pthfr,m5wlk26r,-0.03402449,Epidemiological and Clinical Predictors of COVID-19,COVID-19 trifft auf angeborene Herzfehler
xamgedfq,7ljhd62b,-0.03367524,Variability Matters,COVID-19 – Eine neue Herausforderung
8xnfwho6,6ho4ox2e,-0.033618107,Capturing Our COVID-19 Efforts,Pädiatrie aktuell – Forschung kurz notiert
2w9zsz4m,kmsz4jdk,-0.033556335,Aktuelles zur Brustkrebstherapie,Hyperlipasemia in Hospitalized COVID-19 Patients
0l41f0xj,d6su39tw,-0.033532273,COVID-19 and pregnancy: are they friends or enemies?,Erfolgreiche Behandlung eines drittgradigen Pleuraempyems infolge einer COVID-19-Infektion
mdd60ic7,fx92xnzt,-0.03343996,Acknowledgement to Referees,Welche Phytos gegen Husten?
se2s9c5j,fx92xnzt,-0.03343996,Acknowledgement to Referees,Welche Phytos gegen Husten?
0ngl3naa,fx92xnzt,-0.03343996,Acknowledgement to Referees,Welche Phytos gegen Husten?
eej8qb9t,fx92xnzt,-0.03343996,Acknowledgement to Referees.,Welche Phytos gegen Husten?
2un48l2e,fx92xnzt,-0.03343996,Acknowledgement to Referees,Welche Phytos gegen Husten?
s4bobqls,fx92xnzt,-0.03343996,Acknowledgement to referees,Welche Phytos gegen Husten?
fx92xnzt,dbo18qfk,-0.03343996,Welche Phytos gegen Husten?,Acknowledgement to Referees
fx92xnzt,rh9bx841,-0.03343996,Welche Phytos gegen Husten?,Acknowledgement to Referees
2w9zsz4m,6603ephy,-0.033356905,Aktuelles zur Brustkrebstherapie,Covid-19 vaccines for kids
2w9zsz4m,qga9663z,-0.033356905,Aktuelles zur Brustkrebstherapie,Coronapod: Kids and COVID vaccines.
2w9zsz4m,zku020ww,-0.033313237,Aktuelles zur Brustkrebstherapie,"Educating heads, hands, and hearts in the COVID-19 Classroom"
xqhxra2p,8ezcu225,-0.033147793,Akutrehabilitation nach COVID‑19‑Infektion: Eine ausgewählte Fallserie,Enquiring minds.
d4l85xzw,0vlkahyu,-0.033054665,Meetings and Courses,Wirksamkeit von Pflanzenprodukten gegen Herpesinfektionen
q5yb36ll,hrbxg1yg,-0.032973092,The Grassroots Intellectuals,Es gibt Hoffnung
2w9zsz4m,14mm6pg1,-0.032935657,Aktuelles zur Brustkrebstherapie,Nowadays COVID underestimates the other suspects
f608irm6,y3hpzj0u,-0.032831717,Kardiale Folgen von COVID-19,"Acknowledgment of Referees, 2020"
k0xqoyx8,y3hpzj0u,-0.032824002,Stille Hypoxie bei COVID-19: Eine Fallserie,"Acknowledgment of Referees, 2020"
6603ephy,fouh4jhs,-0.032755047,Covid-19 vaccines for kids,Konjunkturpaket notwendig — Rückkehr zur Schuldenbremse nicht forcieren
fouh4jhs,qga9663z,-0.032755047,Konjunkturpaket notwendig — Rückkehr zur Schuldenbremse nicht forcieren,Coronapod: Kids and COVID vaccines.
fx92xnzt,s5my1z2h,-0.032369267,Welche Phytos gegen Husten?,Home for the holidays
b2wgo20y,m5wlk26r,-0.032232694,Recovering from COVID-19: the key issues,COVID-19 trifft auf angeborene Herzfehler
7ljhd62b,bnto2xy7,-0.03218741,COVID-19 – Eine neue Herausforderung,COVID‐19 vaccination in children and university students
hl1apuv9,d6su39tw,-0.03212953,Meeting Announcements,Erfolgreiche Behandlung eines drittgradigen Pleuraempyems infolge einer COVID-19-Infektion
tmi60ugl,2w9zsz4m,-0.032050382,Fears and Hopes,Aktuelles zur Brustkrebstherapie
kux9vzn8,y3hpzj0u,-0.031981733,Bauchlage senkt Intubationsrate bei wachen COVID-19-Patienten auf Intensivstation,"Acknowledgment of Referees, 2020"
q5yb36ll,fouh4jhs,-0.03182773,The Grassroots Intellectuals,Konjunkturpaket notwendig — Rückkehr zur Schuldenbremse nicht forcieren
a9jyx7wb,m5wlk26r,-0.03164768,Risk Factors of COVID-19 Patients,COVID-19 trifft auf angeborene Herzfehler
y8rkyux1,fx92xnzt,-0.031574763,Personal Cleanliness Activities in Preschool Classrooms,Welche Phytos gegen Husten?
mdd60ic7,kylka2rh,-0.031511385,Acknowledgement to Referees,Zur gesellschaftlichen Akzeptanz von einmaligen Vermögensabgaben
kylka2rh,0ngl3naa,-0.031511385,Zur gesellschaftlichen Akzeptanz von einmaligen Vermögensabgaben,Acknowledgement to Referees
kylka2rh,se2s9c5j,-0.031511385,Zur gesellschaftlichen Akzeptanz von einmaligen Vermögensabgaben,Acknowledgement to Referees
kylka2rh,eej8qb9t,-0.031511385,Zur gesellschaftlichen Akzeptanz von einmaligen Vermögensabgaben,Acknowledgement to Referees.
kylka2rh,2un48l2e,-0.031511385,Zur gesellschaftlichen Akzeptanz von einmaligen Vermögensabgaben,Acknowledgement to Referees
kylka2rh,s4bobqls,-0.031511385,Zur gesellschaftlichen Akzeptanz von einmaligen Vermögensabgaben,Acknowledgement to referees
kylka2rh,dbo18qfk,-0.031511385,Zur gesellschaftlichen Akzeptanz von einmaligen Vermögensabgaben,Acknowledgement to Referees
kylka2rh,rh9bx841,-0.031511385,Zur gesellschaftlichen Akzeptanz von einmaligen Vermögensabgaben,Acknowledgement to Referees
lj0u6ro4,m5wlk26r,-0.03150764,Known unknowns and unknown unknowns,COVID-19 trifft auf angeborene Herzfehler
2w9zsz4m,8d3z6dfw,-0.031501453,Aktuelles zur Brustkrebstherapie,COVID-19: biological factors in men's vulnerability
v5o2vz2d,2w9zsz4m,-0.031272072,All Eyes on Me,Aktuelles zur Brustkrebstherapie
kux9vzn8,whl6yq4p,-0.031205988,Bauchlage senkt Intubationsrate bei wachen COVID-19-Patienten auf Intensivstation,Cardiovascular aspects of COVID-19
7ljhd62b,e2nr5laz,-0.03117629,COVID-19 – Eine neue Herausforderung,"COVID-19 Bereavement: Considerations for Families, Psychologists, and Student Trainees"
s5my1z2h,0vlkahyu,-0.030854167,Home for the holidays,Wirksamkeit von Pflanzenprodukten gegen Herpesinfektionen
rqb19icj,fx92xnzt,-0.030662626,Experiences of family caregivers of patients with COVID-19,Welche Phytos gegen Husten?
fouh4jhs,0l41f0xj,-0.030510856,Konjunkturpaket notwendig — Rückkehr zur Schuldenbremse nicht forcieren,COVID-19 and pregnancy: are they friends or enemies?
2w9zsz4m,etrtg1hj,-0.030389152,Aktuelles zur Brustkrebstherapie,"Complicated Grief: Risk Factors, Protective Factors, and Interventions."
lm55pt80,m5wlk26r,-0.03030347,Key pathways as therapeutic targets,COVID-19 trifft auf angeborene Herzfehler
q5yb36ll,2w9zsz4m,-0.03028051,The Grassroots Intellectuals,Aktuelles zur Brustkrebstherapie
ptxwnbhf,ffbchp74,-0.030266799,Investigating people's anxieties and concerns about COVID-19,Rechtsprechung kurz berichtet
f60k7elw,fx92xnzt,-0.030256066,Socioeconomic aspects of covid-19 on the example of rostov region,Welche Phytos gegen Husten?
fd9vwx42,ffbchp74,-0.030155256,Focused and Other,Rechtsprechung kurz berichtet
lq92mlhs,rqb19icj,-0.030055948,Nachhaltiges Wirtschaften setzt eine nachhaltige Arbeitswelt voraus,Experiences of family caregivers of patients with COVID-19
mdd60ic7,6ho4ox2e,-0.029910047,Acknowledgement to Referees,Pädiatrie aktuell – Forschung kurz notiert
0ngl3naa,6ho4ox2e,-0.029910047,Acknowledgement to Referees,Pädiatrie aktuell – Forschung kurz notiert
se2s9c5j,6ho4ox2e,-0.029910047,Acknowledgement to Referees,Pädiatrie aktuell – Forschung kurz notiert
eej8qb9t,6ho4ox2e,-0.029910047,Acknowledgement to Referees.,Pädiatrie aktuell – Forschung kurz notiert
s4bobqls,6ho4ox2e,-0.029910047,Acknowledgement to referees,Pädiatrie aktuell – Forschung kurz notiert
2un48l2e,6ho4ox2e,-0.029910047,Acknowledgement to Referees,Pädiatrie aktuell – Forschung kurz notiert
6ho4ox2e,dbo18qfk,-0.029910047,Pädiatrie aktuell – Forschung kurz notiert,Acknowledgement to Referees
6ho4ox2e,rh9bx841,-0.029910047,Pädiatrie aktuell – Forschung kurz notiert,Acknowledgement to Referees
tmi60ugl,6ho4ox2e,-0.029386329,Fears and Hopes,Pädiatrie aktuell – Forschung kurz notiert
8mjkpub2,3dqljzjm,-0.029192088,The way forward,An EUA for tocilizumab (Actemra) for COVID-19
2w9zsz4m,0l41f0xj,-0.029098071,Aktuelles zur Brustkrebstherapie,COVID-19 and pregnancy: are they friends or enemies?
ffbchp74,y3hpzj0u,-0.028628908,Rechtsprechung kurz berichtet,"Acknowledgment of Referees, 2020"
kux9vzn8,0sl4xp50,-0.028580686,Bauchlage senkt Intubationsrate bei wachen COVID-19-Patienten auf Intensivstation,Neuropathological Features of COVID-19
a9jyx7wb,ffbchp74,-0.028507516,Risk Factors of COVID-19 Patients,Rechtsprechung kurz berichtet
fx92xnzt,fbj6bolc,-0.028455384,Welche Phytos gegen Husten?,The changing demographics of COVID-19
5r2leevd,a9jyx7wb,-0.028446596,Kündigung – Maskenpflicht – Anforderungen an ein Attest zur Befreiung : KSchG 1;BGB 242,Risk Factors of COVID-19 Patients
xamgedfq,m5wlk26r,-0.028404372,Variability Matters,COVID-19 trifft auf angeborene Herzfehler
dp1gpjvf,ffbchp74,-0.028310873,eMJA: In other journals ‐ 5 May 2003,Rechtsprechung kurz berichtet
ryq1asf3,fx92xnzt,-0.027986929,Geographical Readings of COVID-19,Welche Phytos gegen Husten?
v5o2vz2d,ffbchp74,-0.027925937,All Eyes on Me,Rechtsprechung kurz berichtet
ptxwnbhf,6ho4ox2e,-0.027903626,Investigating people's anxieties and concerns about COVID-19,Pädiatrie aktuell – Forschung kurz notiert
7ljhd62b,sv73oe5x,-0.027579539,COVID-19 – Eine neue Herausforderung,Medicines for millions of patients
mdd60ic7,g3ypisig,-0.027400868,Acknowledgement to Referees,Riechstörungen bei COVID-19 – aktueller Wissensstand
se2s9c5j,g3ypisig,-0.027400868,Acknowledgement to Referees,Riechstörungen bei COVID-19 – aktueller Wissensstand
0ngl3naa,g3ypisig,-0.027400868,Acknowledgement to Referees,Riechstörungen bei COVID-19 – aktueller Wissensstand
eej8qb9t,g3ypisig,-0.027400868,Acknowledgement to Referees.,Riechstörungen bei COVID-19 – aktueller Wissensstand
s4bobqls,g3ypisig,-0.027400868,Acknowledgement to referees,Riechstörungen bei COVID-19 – aktueller Wissensstand
2un48l2e,g3ypisig,-0.027400868,Acknowledgement to Referees,Riechstörungen bei COVID-19 – aktueller Wissensstand
dbo18qfk,g3ypisig,-0.027400868,Acknowledgement to Referees,Riechstörungen bei COVID-19 – aktueller Wissensstand
rh9bx841,g3ypisig,-0.027400868,Acknowledgement to Referees,Riechstörungen bei COVID-19 – aktueller Wissensstand
z3irrfu4,w72ielhf,-0.027290586,"Räumlich getrennt, virtuell vereint",Editors’ Note
7ljhd62b,aw1pbmz4,-0.027178697,COVID-19 – Eine neue Herausforderung,Risk factors analysisi for COVID‑19 in the elderly
qkc0v9xq,6ho4ox2e,-0.027134042,MLFW: A Database for Face Recognition on Masked Faces,Pädiatrie aktuell – Forschung kurz notiert
eytapevk,6ho4ox2e,-0.027088419,Face masks,Pädiatrie aktuell – Forschung kurz notiert
0vlkahyu,hq6y67rz,-0.027078636,Wirksamkeit von Pflanzenprodukten gegen Herpesinfektionen,Courses and Conferences
cl81y08y,y3hpzj0u,-0.026837146,Auf dem Weg zu einer nachhaltigen Mobilität,"Acknowledgment of Referees, 2020"
4vpqvhe1,mraycufh,-0.026820805,Privacy in the time of Covid-19,"(±)-2-(2-Fluoro-[1,1′-biphenyl]-4-yl)-N-(1-phenylpropan-2-yl)propanamide"
fouh4jhs,vsdsp7jc,-0.02677923,Konjunkturpaket notwendig — Rückkehr zur Schuldenbremse nicht forcieren,Spotlight on Female Voices
zpo4us36,y3hpzj0u,-0.026751526,Versorgung von Krebspatienten leidet,"Acknowledgment of Referees, 2020"
7ljhd62b,tbes7uke,-0.026669439,COVID-19 – Eine neue Herausforderung,Infections in Travelers and Adoptees from Abroad
7ljhd62b,hq6y67rz,-0.026592843,COVID-19 – Eine neue Herausforderung,Courses and Conferences
3dqljzjm,slrbyjoh,-0.02651148,An EUA for tocilizumab (Actemra) for COVID-19,Hindsight Beyond 2020
v5o2vz2d,6ho4ox2e,-0.026476387,All Eyes on Me,Pädiatrie aktuell – Forschung kurz notiert
7htbxid6,fx92xnzt,-0.026435643,COVID-19 and the acknowledgement of children as stakeholders of the tourism industry,Welche Phytos gegen Husten?
mdd60ic7,46pn6jmc,-0.026373904,Acknowledgement to Referees,Warum Austausch gerade jetzt wichtig ist
46pn6jmc,se2s9c5j,-0.026373904,Warum Austausch gerade jetzt wichtig ist,Acknowledgement to Referees
46pn6jmc,0ngl3naa,-0.026373904,Warum Austausch gerade jetzt wichtig ist,Acknowledgement to Referees
46pn6jmc,2un48l2e,-0.026373904,Warum Austausch gerade jetzt wichtig ist,Acknowledgement to Referees
46pn6jmc,s4bobqls,-0.026373904,Warum Austausch gerade jetzt wichtig ist,Acknowledgement to referees
46pn6jmc,dbo18qfk,-0.026373904,Warum Austausch gerade jetzt wichtig ist,Acknowledgement to Referees
46pn6jmc,rh9bx841,-0.026373904,Warum Austausch gerade jetzt wichtig ist,Acknowledgement to Referees
46pn6jmc,eej8qb9t,-0.026373899,Warum Austausch gerade jetzt wichtig ist,Acknowledgement to Referees.
14mm6pg1,6ho4ox2e,-0.02630008,Nowadays COVID underestimates the other suspects,Pädiatrie aktuell – Forschung kurz notiert
y1wpc0dk,46z4663u,-0.026136037,People + Companies,Endlich Farbe bekennen
9bdiz5pz,46z4663u,-0.026136037,People + Companies,Endlich Farbe bekennen
lj0u6ro4,0smv2ae5,-0.026035463,Known unknowns and unknown unknowns,Wichtige Impfungen zum Schulstart
mdd60ic7,4yx27fa9,-0.025898354,Acknowledgement to Referees,COVID-19-Pandemie als Weckruf für einen Strategiewechsel
0ngl3naa,4yx27fa9,-0.025898354,Acknowledgement to Referees,COVID-19-Pandemie als Weckruf für einen Strategiewechsel
se2s9c5j,4yx27fa9,-0.025898354,Acknowledgement to Referees,COVID-19-Pandemie als Weckruf für einen Strategiewechsel
eej8qb9t,4yx27fa9,-0.025898354,Acknowledgement to Referees.,COVID-19-Pandemie als Weckruf für einen Strategiewechsel
2un48l2e,4yx27fa9,-0.025898354,Acknowledgement to Referees,COVID-19-Pandemie als Weckruf für einen Strategiewechsel
s4bobqls,4yx27fa9,-0.025898354,Acknowledgement to referees,COVID-19-Pandemie als Weckruf für einen Strategiewechsel
dbo18qfk,4yx27fa9,-0.025898354,Acknowledgement to Referees,COVID-19-Pandemie als Weckruf für einen Strategiewechsel
4yx27fa9,rh9bx841,-0.025898354,COVID-19-Pandemie als Weckruf für einen Strategiewechsel,Acknowledgement to Referees
2w9zsz4m,dxx0bfis,-0.02579129,Aktuelles zur Brustkrebstherapie,Disease X and other unknowns
wwuebui7,fx92xnzt,-0.025750976,Events calendar,Welche Phytos gegen Husten?
an3twhzi,fx92xnzt,-0.025750976,Events calendar,Welche Phytos gegen Husten?
uk6m7ry1,fx92xnzt,-0.025750976,Events calendar,Welche Phytos gegen Husten?
99btzh9a,sfarwvit,-0.025601499,News & Notes,So machen Vermittler ihren Betrieb zukunftsfest
yzbi7r6h,4vpqvhe1,-0.025597893,N-(2-(1h-indol-3-yl)ethyl)-2-(6-methoxynaphthalen-2-yl)propanamide,Privacy in the time of Covid-19
dp1gpjvf,fx92xnzt,-0.025563562,eMJA: In other journals ‐ 5 May 2003,Welche Phytos gegen Husten?
30097lan,kcl0uzdg,-0.02537579,Hematological Aspects of COVID-19,Budesonid verhindert bei COVID-19 Übergang zu schwerem Verlauf
zbq8mvki,sfarwvit,-0.025361978,Endpoints for randomized controlled clinical trials for COVID-19 treatments,So machen Vermittler ihren Betrieb zukunftsfest
ptxwnbhf,2w9zsz4m,-0.02518151,Investigating people's anxieties and concerns about COVID-19,Aktuelles zur Brustkrebstherapie
17trii16,rqb19icj,-0.02496927,Endlich mehr Honorar für COVID-19-lmpfungen,Experiences of family caregivers of patients with COVID-19
7kj3ttsm,fx92xnzt,-0.02481384,The molecular footprints of COVID-19,Welche Phytos gegen Husten?
46pn6jmc,rqb19icj,-0.024651213,Warum Austausch gerade jetzt wichtig ist,Experiences of family caregivers of patients with COVID-19
xqhxra2p,d1q2a446,-0.024649007,Akutrehabilitation nach COVID‑19‑Infektion: Eine ausgewählte Fallserie,Issues and Events
xqhxra2p,n0gyhuve,-0.024649007,Akutrehabilitation nach COVID‑19‑Infektion: Eine ausgewählte Fallserie,Issues and Events
7knn1voy,7ljhd62b,-0.02462653,Denominator matters in estimating COVID-19 mortality rates,COVID-19 – Eine neue Herausforderung
7ljhd62b,5hepuqon,-0.02455738,COVID-19 – Eine neue Herausforderung,COVID-19 infections in pets such as cats and dogs
30097lan,cl81y08y,-0.024425559,Hematological Aspects of COVID-19,Auf dem Weg zu einer nachhaltigen Mobilität
n54036de,fx92xnzt,-0.024387602,COVID-19 in children: reasons for uneventful clinical course,Welche Phytos gegen Husten?
mpje1c1p,0vlkahyu,-0.02426867,Careers and Employment,Wirksamkeit von Pflanzenprodukten gegen Herpesinfektionen
7ljhd62b,w72ielhf,-0.02424653,COVID-19 – Eine neue Herausforderung,Editors’ Note
cvlk80fl,d6su39tw,-0.024226861,News and Announcements,Erfolgreiche Behandlung eines drittgradigen Pleuraempyems infolge einer COVID-19-Infektion
d6su39tw,85atx0zp,-0.024226857,Erfolgreiche Behandlung eines drittgradigen Pleuraempyems infolge einer COVID-19-Infektion,News and Announcements
whl6yq4p,m5wlk26r,-0.024179917,Cardiovascular aspects of COVID-19,COVID-19 trifft auf angeborene Herzfehler
no41vkcd,8xtexo2z,-0.024115779,IMPACT Highlights.,Marktführer gesucht
dxx0bfis,ffbchp74,-0.024037499,Disease X and other unknowns,Rechtsprechung kurz berichtet
xamgedfq,kux9vzn8,-0.024000779,Variability Matters,Bauchlage senkt Intubationsrate bei wachen COVID-19-Patienten auf Intensivstation
mdd60ic7,3nsluouj,-0.023996316,Acknowledgement to Referees,Einfluss der Coronapandemie auf Schmerzpatienten: Welche Auswirkungen der Pandemie auf ihre Versorgung nehmen Patienten mit chronischen Schmerzen wahr?
3nsluouj,0ngl3naa,-0.023996316,Einfluss der Coronapandemie auf Schmerzpatienten: Welche Auswirkungen der Pandemie auf ihre Versorgung nehmen Patienten mit chronischen Schmerzen wahr?,Acknowledgement to Referees
3nsluouj,se2s9c5j,-0.023996316,Einfluss der Coronapandemie auf Schmerzpatienten: Welche Auswirkungen der Pandemie auf ihre Versorgung nehmen Patienten mit chronischen Schmerzen wahr?,Acknowledgement to Referees
3nsluouj,s4bobqls,-0.023996316,Einfluss der Coronapandemie auf Schmerzpatienten: Welche Auswirkungen der Pandemie auf ihre Versorgung nehmen Patienten mit chronischen Schmerzen wahr?,Acknowledgement to referees
3nsluouj,2un48l2e,-0.023996316,Einfluss der Coronapandemie auf Schmerzpatienten: Welche Auswirkungen der Pandemie auf ihre Versorgung nehmen Patienten mit chronischen Schmerzen wahr?,Acknowledgement to Referees
3nsluouj,dbo18qfk,-0.023996316,Einfluss der Coronapandemie auf Schmerzpatienten: Welche Auswirkungen der Pandemie auf ihre Versorgung nehmen Patienten mit chronischen Schmerzen wahr?,Acknowledgement to Referees
3nsluouj,rh9bx841,-0.023996316,Einfluss der Coronapandemie auf Schmerzpatienten: Welche Auswirkungen der Pandemie auf ihre Versorgung nehmen Patienten mit chronischen Schmerzen wahr?,Acknowledgement to Referees
3nsluouj,eej8qb9t,-0.023996294,Einfluss der Coronapandemie auf Schmerzpatienten: Welche Auswirkungen der Pandemie auf ihre Versorgung nehmen Patienten mit chronischen Schmerzen wahr?,Acknowledgement to Referees.
lq92mlhs,ptxwnbhf,-0.023847556,Nachhaltiges Wirtschaften setzt eine nachhaltige Arbeitswelt voraus,Investigating people's anxieties and concerns about COVID-19
u8kz7i99,7ljhd62b,-0.023846382,"Viruses of birds, mice, and men.",COVID-19 – Eine neue Herausforderung
yzbi7r6h,741eleaf,-0.023816017,N-(2-(1h-indol-3-yl)ethyl)-2-(6-methoxynaphthalen-2-yl)propanamide,Challenges in the time of COVID-19
mdd60ic7,2grislmf,-0.023796512,Acknowledgement to Referees,Wir wollen und wir können das!
2grislmf,0ngl3naa,-0.023796512,Wir wollen und wir können das!,Acknowledgement to Referees
2grislmf,se2s9c5j,-0.023796512,Wir wollen und wir können das!,Acknowledgement to Referees
2grislmf,eej8qb9t,-0.023796512,Wir wollen und wir können das!,Acknowledgement to Referees.
2grislmf,s4bobqls,-0.023796512,Wir wollen und wir können das!,Acknowledgement to referees
2grislmf,2un48l2e,-0.023796512,Wir wollen und wir können das!,Acknowledgement to Referees
2grislmf,dbo18qfk,-0.023796512,Wir wollen und wir können das!,Acknowledgement to Referees
2grislmf,rh9bx841,-0.023796512,Wir wollen und wir können das!,Acknowledgement to Referees
3ekxc20y,slrbyjoh,-0.02370415,dvs Informationen,Hindsight Beyond 2020
e6vy20wg,fx92xnzt,-0.023582863,The Editors’ Choice,Welche Phytos gegen Husten?
46pn6jmc,a9jyx7wb,-0.023474345,Warum Austausch gerade jetzt wichtig ist,Risk Factors of COVID-19 Patients
y8rkyux1,0vlkahyu,-0.023409598,Personal Cleanliness Activities in Preschool Classrooms,Wirksamkeit von Pflanzenprodukten gegen Herpesinfektionen
w2vxnrwc,fx92xnzt,-0.023377469,From Newsroom to Classroom,Welche Phytos gegen Husten?
cl81y08y,a9jyx7wb,-0.02329267,Auf dem Weg zu einer nachhaltigen Mobilität,Risk Factors of COVID-19 Patients
7q0v688a,fx92xnzt,-0.023284763,A Message from the Editors.,Welche Phytos gegen Husten?
m5wlk26r,etrtg1hj,-0.023254642,COVID-19 trifft auf angeborene Herzfehler,"Complicated Grief: Risk Factors, Protective Factors, and Interventions."
d1cjcd7g,sfarwvit,-0.023143457,Overlapping risks.,So machen Vermittler ihren Betrieb zukunftsfest
y76h5hht,2w9zsz4m,-0.02313213,Ivermectin buyers clubs,Aktuelles zur Brustkrebstherapie
mrdg743n,d6su39tw,-0.02312269,Recruiting Residents During COVID-19,Erfolgreiche Behandlung eines drittgradigen Pleuraempyems infolge einer COVID-19-Infektion
lzwl577x,fouh4jhs,-0.022900082,Monocytes and Macrophages in COVID-19,Konjunkturpaket notwendig — Rückkehr zur Schuldenbremse nicht forcieren
mdd60ic7,vskya7f0,-0.022864927,Acknowledgement to Referees,So viele Praxen haben Kurzarbeit angemeldet
vskya7f0,se2s9c5j,-0.022864927,So viele Praxen haben Kurzarbeit angemeldet,Acknowledgement to Referees
vskya7f0,0ngl3naa,-0.022864927,So viele Praxen haben Kurzarbeit angemeldet,Acknowledgement to Referees
vskya7f0,eej8qb9t,-0.022864927,So viele Praxen haben Kurzarbeit angemeldet,Acknowledgement to Referees.
vskya7f0,2un48l2e,-0.022864927,So viele Praxen haben Kurzarbeit angemeldet,Acknowledgement to Referees
vskya7f0,s4bobqls,-0.022864927,So viele Praxen haben Kurzarbeit angemeldet,Acknowledgement to referees
vskya7f0,dbo18qfk,-0.022864927,So viele Praxen haben Kurzarbeit angemeldet,Acknowledgement to Referees
vskya7f0,rh9bx841,-0.022864927,So viele Praxen haben Kurzarbeit angemeldet,Acknowledgement to Referees
fx92xnzt,92ivie3y,-0.022779854,Welche Phytos gegen Husten?,Our Responsibility to All of Our Patients and Families
kux9vzn8,8ezcu225,-0.022766182,Bauchlage senkt Intubationsrate bei wachen COVID-19-Patienten auf Intensivstation,Enquiring minds.
fouh4jhs,s27s4umt,-0.022720477,Konjunkturpaket notwendig — Rückkehr zur Schuldenbremse nicht forcieren,Profiles of US Hispanics Unvaccinated for COVID-19
7ljhd62b,0l41f0xj,-0.022654286,COVID-19 – Eine neue Herausforderung,COVID-19 and pregnancy: are they friends or enemies?
xqhxra2p,y3hpzj0u,-0.02264157,Akutrehabilitation nach COVID‑19‑Infektion: Eine ausgewählte Fallserie,"Acknowledgment of Referees, 2020"
nxmauvpu,7ljhd62b,-0.022538858,Reasons for HOPE.,COVID-19 – Eine neue Herausforderung
6ho4ox2e,a9jyx7wb,-0.022207586,Pädiatrie aktuell – Forschung kurz notiert,Risk Factors of COVID-19 Patients
376j9qsw,8ezcu225,-0.022162579,Anspruch auf vorrangige Corona-Impfung?,Enquiring minds.
xqhxra2p,92ivie3y,-0.02211746,Akutrehabilitation nach COVID‑19‑Infektion: Eine ausgewählte Fallserie,Our Responsibility to All of Our Patients and Families
v5o2vz2d,7ljhd62b,-0.022098545,All Eyes on Me,COVID-19 – Eine neue Herausforderung
6gug8kyb,fx92xnzt,-0.022076849,Reflections on a Journey*,Welche Phytos gegen Husten?
tgk61fds,2w9zsz4m,-0.022026125,COVID-19 Vaccines in Children and Adolescents,Aktuelles zur Brustkrebstherapie
sfarwvit,d4l85xzw,-0.02197315,So machen Vermittler ihren Betrieb zukunftsfest,Meetings and Courses
ol3sih3x,fx92xnzt,-0.021905912,Kaggle Competitions in the Classroom: Retrospectives and Recommendations,Welche Phytos gegen Husten?
741eleaf,mraycufh,-0.021885326,Challenges in the time of COVID-19,"(±)-2-(2-Fluoro-[1,1′-biphenyl]-4-yl)-N-(1-phenylpropan-2-yl)propanamide"
833a0mmn,sfarwvit,-0.021842541,Aggregating data from COVID-19 trials.,So machen Vermittler ihren Betrieb zukunftsfest
lq92mlhs,d4l85xzw,-0.021820547,Nachhaltiges Wirtschaften setzt eine nachhaltige Arbeitswelt voraus,Meetings and Courses
46z4663u,y3hpzj0u,-0.021795176,Endlich Farbe bekennen,"Acknowledgment of Referees, 2020"
7ljhd62b,zudabpei,-0.021511836,COVID-19 – Eine neue Herausforderung,COVID-19 Deaths: Reasons and Rationale
xqhxra2p,m62f2ju5,-0.021223187,Akutrehabilitation nach COVID‑19‑Infektion: Eine ausgewählte Fallserie,Events of Interest
v8fm3r9u,fx92xnzt,-0.021132572,The political economy of COVID-19,Welche Phytos gegen Husten?
k7qibllm,7ljhd62b,-0.021128373,Are children and schools a COVID-19 threat?,COVID-19 – Eine neue Herausforderung
d1q2a446,ffbchp74,-0.021081595,Issues and Events,Rechtsprechung kurz berichtet
ffbchp74,n0gyhuve,-0.021081595,Rechtsprechung kurz berichtet,Issues and Events
y76h5hht,7ljhd62b,-0.021031396,Ivermectin buyers clubs,COVID-19 – Eine neue Herausforderung
mdd60ic7,wa6isubi,-0.020901185,Acknowledgement to Referees,Hochkontagiöse Erkrankungen. Sind wir vorbereitet?
se2s9c5j,wa6isubi,-0.020901185,Acknowledgement to Referees,Hochkontagiöse Erkrankungen. Sind wir vorbereitet?
0ngl3naa,wa6isubi,-0.020901185,Acknowledgement to Referees,Hochkontagiöse Erkrankungen. Sind wir vorbereitet?
eej8qb9t,wa6isubi,-0.020901185,Acknowledgement to Referees.,Hochkontagiöse Erkrankungen. Sind wir vorbereitet?
s4bobqls,wa6isubi,-0.020901185,Acknowledgement to referees,Hochkontagiöse Erkrankungen. Sind wir vorbereitet?
2un48l2e,wa6isubi,-0.020901185,Acknowledgement to Referees,Hochkontagiöse Erkrankungen. Sind wir vorbereitet?
dbo18qfk,wa6isubi,-0.020901185,Acknowledgement to Referees,Hochkontagiöse Erkrankungen. Sind wir vorbereitet?
wa6isubi,rh9bx841,-0.020901185,Hochkontagiöse Erkrankungen. Sind wir vorbereitet?,Acknowledgement to Referees
2w9zsz4m,mdd60ic7,-0.02082849,Aktuelles zur Brustkrebstherapie,Acknowledgement to Referees
2w9zsz4m,0ngl3naa,-0.02082849,Aktuelles zur Brustkrebstherapie,Acknowledgement to Referees
2w9zsz4m,se2s9c5j,-0.02082849,Aktuelles zur Brustkrebstherapie,Acknowledgement to Referees
2w9zsz4m,s4bobqls,-0.02082849,Aktuelles zur Brustkrebstherapie,Acknowledgement to referees
2w9zsz4m,2un48l2e,-0.02082849,Aktuelles zur Brustkrebstherapie,Acknowledgement to Referees
2w9zsz4m,dbo18qfk,-0.02082849,Aktuelles zur Brustkrebstherapie,Acknowledgement to Referees
2w9zsz4m,rh9bx841,-0.02082849,Aktuelles zur Brustkrebstherapie,Acknowledgement to Referees
2w9zsz4m,eej8qb9t,-0.02082848,Aktuelles zur Brustkrebstherapie,Acknowledgement to Referees.
ol3sih3x,zpo4us36,-0.020752762,Kaggle Competitions in the Classroom: Retrospectives and Recommendations,Versorgung von Krebspatienten leidet
17trii16,whl6yq4p,-0.020711655,Endlich mehr Honorar für COVID-19-lmpfungen,Cardiovascular aspects of COVID-19
sfarwvit,y3hpzj0u,-0.020622194,So machen Vermittler ihren Betrieb zukunftsfest,"Acknowledgment of Referees, 2020"
ryq1asf3,0vlkahyu,-0.020542812,Geographical Readings of COVID-19,Wirksamkeit von Pflanzenprodukten gegen Herpesinfektionen
8ezcu225,0smv2ae5,-0.020518266,Enquiring minds.,Wichtige Impfungen zum Schulstart
ptxwnbhf,m5wlk26r,-0.020483648,Investigating people's anxieties and concerns about COVID-19,COVID-19 trifft auf angeborene Herzfehler
tgk61fds,fouh4jhs,-0.020452784,COVID-19 Vaccines in Children and Adolescents,Konjunkturpaket notwendig — Rückkehr zur Schuldenbremse nicht forcieren
w72ielhf,sfarwvit,-0.020353572,Editors’ Note,So machen Vermittler ihren Betrieb zukunftsfest
rqb19icj,6ho4ox2e,-0.020309936,Experiences of family caregivers of patients with COVID-19,Pädiatrie aktuell – Forschung kurz notiert
lq92mlhs,y1wpc0dk,-0.020173293,Nachhaltiges Wirtschaften setzt eine nachhaltige Arbeitswelt voraus,People + Companies
lq92mlhs,9bdiz5pz,-0.020173293,Nachhaltiges Wirtschaften setzt eine nachhaltige Arbeitswelt voraus,People + Companies
mrdg743n,fx92xnzt,-0.020128682,Recruiting Residents During COVID-19,Welche Phytos gegen Husten?
d6su39tw,92ivie3y,-0.020085897,Erfolgreiche Behandlung eines drittgradigen Pleuraempyems infolge einer COVID-19-Infektion,Our Responsibility to All of Our Patients and Families
oadlrq4a,ffbchp74,-0.020069612,Covid-19 in Unequal Societies(),Rechtsprechung kurz berichtet
lq92mlhs,d1q2a446,-0.020033175,Nachhaltiges Wirtschaften setzt eine nachhaltige Arbeitswelt voraus,Issues and Events
lq92mlhs,n0gyhuve,-0.020033175,Nachhaltiges Wirtschaften setzt eine nachhaltige Arbeitswelt voraus,Issues and Events
k7qibllm,fouh4jhs,-0.01987837,Are children and schools a COVID-19 threat?,Konjunkturpaket notwendig — Rückkehr zur Schuldenbremse nicht forcieren
fxljmm17,fx92xnzt,-0.019858442,The Geography of Remote Work,Welche Phytos gegen Husten?
ytuhhiwf,ffbchp74,-0.01982038,Perspectives: Research for all.,Rechtsprechung kurz berichtet
2w9zsz4m,tbes7uke,-0.019812409,Aktuelles zur Brustkrebstherapie,Infections in Travelers and Adoptees from Abroad
ekkf4hc2,7ljhd62b,-0.019727727,Physicians Abstracts,COVID-19 – Eine neue Herausforderung
7ljhd62b,e6a03b5e,-0.019676952,COVID-19 – Eine neue Herausforderung,Government agencies.
lq92mlhs,nxmauvpu,-0.019568743,Nachhaltiges Wirtschaften setzt eine nachhaltige Arbeitswelt voraus,Reasons for HOPE.
u91j571e,0vlkahyu,-0.019495072,Academic Skills: Publications,Wirksamkeit von Pflanzenprodukten gegen Herpesinfektionen
tmi60ugl,ffbchp74,-0.019386617,Fears and Hopes,Rechtsprechung kurz berichtet
1g0pthfr,kcl0uzdg,-0.019377869,Epidemiological and Clinical Predictors of COVID-19,Budesonid verhindert bei COVID-19 Übergang zu schwerem Verlauf
7ljhd62b,jm412em4,-0.019373097,COVID-19 – Eine neue Herausforderung,Not COVID Toes: Pool Palms and Feet in Pediatric Patients.
y76h5hht,fouh4jhs,-0.019305943,Ivermectin buyers clubs,Konjunkturpaket notwendig — Rückkehr zur Schuldenbremse nicht forcieren
lqcmivkm,m62f2ju5,-0.019278642,Ryzyko przeniesienia czynników zakaźnych przez transfuzje w Polsce,Events of Interest
kmsz4jdk,5r2leevd,-0.0192286,Hyperlipasemia in Hospitalized COVID-19 Patients,Kündigung – Maskenpflicht – Anforderungen an ein Attest zur Befreiung : KSchG 1;BGB 242
2w9zsz4m,58kgbi9l,-0.019202083,Aktuelles zur Brustkrebstherapie,Feral cats.
2w9zsz4m,4zyymjsx,-0.019144226,Aktuelles zur Brustkrebstherapie,Obese and hungry: two faces of a nation
xqhxra2p,rqb19icj,-0.019065635,Akutrehabilitation nach COVID‑19‑Infektion: Eine ausgewählte Fallserie,Experiences of family caregivers of patients with COVID-19
8ynum9m5,m5wlk26r,-0.019056937,The reason for this number,COVID-19 trifft auf angeborene Herzfehler
fouh4jhs,y3hpzj0u,-0.018963998,Konjunkturpaket notwendig — Rückkehr zur Schuldenbremse nicht forcieren,"Acknowledgment of Referees, 2020"
14mm6pg1,ffbchp74,-0.018927047,Nowadays COVID underestimates the other suspects,Rechtsprechung kurz berichtet
sfarwvit,dxt29ayi,-0.018918157,So machen Vermittler ihren Betrieb zukunftsfest,Seminar- Highlights 1. Halbjahr 2021
fx92xnzt,y3hpzj0u,-0.018887183,Welche Phytos gegen Husten?,"Acknowledgment of Referees, 2020"
6ho4ox2e,y3hpzj0u,-0.018802956,Pädiatrie aktuell – Forschung kurz notiert,"Acknowledgment of Referees, 2020"
ejpam6t5,4coluqp2,-0.018689668,This Month in JAAD - January 2021,Structures of the Mononegavirales Polymerases
r3lla5rq,4coluqp2,-0.018689668,This month in JAAD: January 2022.,Structures of the Mononegavirales Polymerases
9bl1hs75,sfarwvit,-0.01863708,Issue Highlights.,So machen Vermittler ihren Betrieb zukunftsfest
sfarwvit,cmiudlxe,-0.01863708,So machen Vermittler ihren Betrieb zukunftsfest,"Highlights of the issue 6, 2020"
sfarwvit,28hlwjw7,-0.01863708,So machen Vermittler ihren Betrieb zukunftsfest,Highlights of the May issue.
sfarwvit,n3x6iehh,-0.01863708,So machen Vermittler ihren Betrieb zukunftsfest,Issue Highlights.
8xnfwho6,ffbchp74,-0.018591773,Capturing Our COVID-19 Efforts,Rechtsprechung kurz berichtet
4coluqp2,0vlkahyu,-0.018549262,Structures of the Mononegavirales Polymerases,Wirksamkeit von Pflanzenprodukten gegen Herpesinfektionen
xqhxra2p,a9jyx7wb,-0.018534726,Akutrehabilitation nach COVID‑19‑Infektion: Eine ausgewählte Fallserie,Risk Factors of COVID-19 Patients
rqb19icj,ffbchp74,-0.018533228,Experiences of family caregivers of patients with COVID-19,Rechtsprechung kurz berichtet
iw6ooopp,d4l85xzw,-0.0185039,COVID-19-Pandemie: Was wissen wir – was können wir empfehlen?: Ein Kommentar der Herausgeber,Meetings and Courses
f60k7elw,ffbchp74,-0.018411512,Socioeconomic aspects of covid-19 on the example of rostov region,Rechtsprechung kurz berichtet
lq92mlhs,a9jyx7wb,-0.018362097,Nachhaltiges Wirtschaften setzt eine nachhaltige Arbeitswelt voraus,Risk Factors of COVID-19 Patients
mdd60ic7,aiaaav0i,-0.01833581,Acknowledgement to Referees,Eine Folge des undifferenzierten Antibiotikaeinsatzes: Nosokomiale Erreger bei COVID 19-Patienten auf der Intensivstation
0ngl3naa,aiaaav0i,-0.01833581,Acknowledgement to Referees,Eine Folge des undifferenzierten Antibiotikaeinsatzes: Nosokomiale Erreger bei COVID 19-Patienten auf der Intensivstation
se2s9c5j,aiaaav0i,-0.01833581,Acknowledgement to Referees,Eine Folge des undifferenzierten Antibiotikaeinsatzes: Nosokomiale Erreger bei COVID 19-Patienten auf der Intensivstation
eej8qb9t,aiaaav0i,-0.01833581,Acknowledgement to Referees.,Eine Folge des undifferenzierten Antibiotikaeinsatzes: Nosokomiale Erreger bei COVID 19-Patienten auf der Intensivstation
s4bobqls,aiaaav0i,-0.01833581,Acknowledgement to referees,Eine Folge des undifferenzierten Antibiotikaeinsatzes: Nosokomiale Erreger bei COVID 19-Patienten auf der Intensivstation
2un48l2e,aiaaav0i,-0.01833581,Acknowledgement to Referees,Eine Folge des undifferenzierten Antibiotikaeinsatzes: Nosokomiale Erreger bei COVID 19-Patienten auf der Intensivstation
dbo18qfk,aiaaav0i,-0.01833581,Acknowledgement to Referees,Eine Folge des undifferenzierten Antibiotikaeinsatzes: Nosokomiale Erreger bei COVID 19-Patienten auf der Intensivstation
aiaaav0i,rh9bx841,-0.01833581,Eine Folge des undifferenzierten Antibiotikaeinsatzes: Nosokomiale Erreger bei COVID 19-Patienten auf der Intensivstation,Acknowledgement to Referees
kux9vzn8,lm55pt80,-0.018313266,Bauchlage senkt Intubationsrate bei wachen COVID-19-Patienten auf Intensivstation,Key pathways as therapeutic targets
3dqljzjm,741eleaf,-0.018307628,An EUA for tocilizumab (Actemra) for COVID-19,Challenges in the time of COVID-19
dyx1gv62,hrbxg1yg,-0.018254377,Rehabilitation of patients with COVID-19.,Es gibt Hoffnung
v5o2vz2d,d6su39tw,-0.018135954,All Eyes on Me,Erfolgreiche Behandlung eines drittgradigen Pleuraempyems infolge einer COVID-19-Infektion
jzoj084m,2w9zsz4m,-0.018118087,COVID-19: Risk factors for critical illness,Aktuelles zur Brustkrebstherapie
7ljhd62b,s27s4umt,-0.01805113,COVID-19 – Eine neue Herausforderung,Profiles of US Hispanics Unvaccinated for COVID-19
7ljhd62b,z9rc0ubj,-0.018044578,COVID-19 – Eine neue Herausforderung,Disorders of Foals
71pgf6ad,eej8qb9t,-0.018007923,COVID-19 und seine Umwelt: Von einer Geschichte der Humanmedizin zu einer ökologischen Medizingeschichte?,Acknowledgement to Referees.
mdd60ic7,71pgf6ad,-0.018007921,Acknowledgement to Referees,COVID-19 und seine Umwelt: Von einer Geschichte der Humanmedizin zu einer ökologischen Medizingeschichte?
71pgf6ad,0ngl3naa,-0.018007921,COVID-19 und seine Umwelt: Von einer Geschichte der Humanmedizin zu einer ökologischen Medizingeschichte?,Acknowledgement to Referees
71pgf6ad,se2s9c5j,-0.018007921,COVID-19 und seine Umwelt: Von einer Geschichte der Humanmedizin zu einer ökologischen Medizingeschichte?,Acknowledgement to Referees
71pgf6ad,2un48l2e,-0.018007921,COVID-19 und seine Umwelt: Von einer Geschichte der Humanmedizin zu einer ökologischen Medizingeschichte?,Acknowledgement to Referees
71pgf6ad,s4bobqls,-0.018007921,COVID-19 und seine Umwelt: Von einer Geschichte der Humanmedizin zu einer ökologischen Medizingeschichte?,Acknowledgement to referees
71pgf6ad,dbo18qfk,-0.018007921,COVID-19 und seine Umwelt: Von einer Geschichte der Humanmedizin zu einer ökologischen Medizingeschichte?,Acknowledgement to Referees
71pgf6ad,rh9bx841,-0.018007921,COVID-19 und seine Umwelt: Von einer Geschichte der Humanmedizin zu einer ökologischen Medizingeschichte?,Acknowledgement to Referees
4fvobtxz,7ljhd62b,-0.01791443,Factors explaining the fear of being infected with COVID‐19,COVID-19 – Eine neue Herausforderung
fouh4jhs,zku020ww,-0.01790405,Konjunkturpaket notwendig — Rückkehr zur Schuldenbremse nicht forcieren,"Educating heads, hands, and hearts in the COVID-19 Classroom"
17trii16,hq6y67rz,-0.017860351,Endlich mehr Honorar für COVID-19-lmpfungen,Courses and Conferences
tmi60ugl,46pn6jmc,-0.017831799,Fears and Hopes,Warum Austausch gerade jetzt wichtig ist
okbarss7,zgtghspt,-0.017755646,Today and tomorrow.,An EUA for Bamlanivimab-A Monoclonal Antibody for COVID-19.
fx92xnzt,vqley4rn,-0.017752927,Welche Phytos gegen Husten?,Principal professionalism in the time of COVID-19
xqhxra2p,mrdg743n,-0.01774848,Akutrehabilitation nach COVID‑19‑Infektion: Eine ausgewählte Fallserie,Recruiting Residents During COVID-19
v8fm3r9u,0vlkahyu,-0.017491309,The political economy of COVID-19,Wirksamkeit von Pflanzenprodukten gegen Herpesinfektionen
nxmauvpu,xqhxra2p,-0.017431073,Reasons for HOPE.,Akutrehabilitation nach COVID‑19‑Infektion: Eine ausgewählte Fallserie
fouh4jhs,8ezcu225,-0.017378643,Konjunkturpaket notwendig — Rückkehr zur Schuldenbremse nicht forcieren,Enquiring minds.
lm55pt80,fx92xnzt,-0.017297914,Key pathways as therapeutic targets,Welche Phytos gegen Husten?
y7gy2788,d6su39tw,-0.017115014,Hopefulness of 'Hope'.,Erfolgreiche Behandlung eines drittgradigen Pleuraempyems infolge einer COVID-19-Infektion
8vkaasas,7ljhd62b,-0.01705999,The accumulating consequences of COVID-19 in children,COVID-19 – Eine neue Herausforderung
mdd60ic7,0smv2ae5,-0.0170175,Acknowledgement to Referees,Wichtige Impfungen zum Schulstart
se2s9c5j,0smv2ae5,-0.0170175,Acknowledgement to Referees,Wichtige Impfungen zum Schulstart
0ngl3naa,0smv2ae5,-0.0170175,Acknowledgement to Referees,Wichtige Impfungen zum Schulstart
eej8qb9t,0smv2ae5,-0.0170175,Acknowledgement to Referees.,Wichtige Impfungen zum Schulstart
s4bobqls,0smv2ae5,-0.0170175,Acknowledgement to referees,Wichtige Impfungen zum Schulstart
2un48l2e,0smv2ae5,-0.0170175,Acknowledgement to Referees,Wichtige Impfungen zum Schulstart
dbo18qfk,0smv2ae5,-0.0170175,Acknowledgement to Referees,Wichtige Impfungen zum Schulstart
rh9bx841,0smv2ae5,-0.0170175,Acknowledgement to Referees,Wichtige Impfungen zum Schulstart
tmi60ugl,tu4v0j1e,-0.016907383,Fears and Hopes,Seite eins
fouh4jhs,zsadls45,-0.016850913,Konjunkturpaket notwendig — Rückkehr zur Schuldenbremse nicht forcieren,"COVID‐19, children and schools: overlooked and at risk"
30097lan,xnmpl4uw,-0.016755218,Hematological Aspects of COVID-19,Hydroxychloroquin‐induzierte akute generalisierte exanthematische Pustulose: eine während der COVID‐19‐Pandemie zu beachtende Nebenwirkung
2w9zsz4m,2ootfjhk,-0.016704831,Aktuelles zur Brustkrebstherapie,Risk factors for disease progression in COVID-19 patients
2w9zsz4m,88n6hwyo,-0.016704831,Aktuelles zur Brustkrebstherapie,Risk factors for disease progression in COVID-19 patients
rbwonzcm,mdd60ic7,-0.01667842,Ein Meilenstein – die neue „Spezialisierung in Allergologie“,Acknowledgement to Referees
rbwonzcm,0ngl3naa,-0.01667842,Ein Meilenstein – die neue „Spezialisierung in Allergologie“,Acknowledgement to Referees
rbwonzcm,se2s9c5j,-0.01667842,Ein Meilenstein – die neue „Spezialisierung in Allergologie“,Acknowledgement to Referees
rbwonzcm,eej8qb9t,-0.01667842,Ein Meilenstein – die neue „Spezialisierung in Allergologie“,Acknowledgement to Referees.
rbwonzcm,s4bobqls,-0.01667842,Ein Meilenstein – die neue „Spezialisierung in Allergologie“,Acknowledgement to referees
rbwonzcm,2un48l2e,-0.01667842,Ein Meilenstein – die neue „Spezialisierung in Allergologie“,Acknowledgement to Referees
rbwonzcm,dbo18qfk,-0.01667842,Ein Meilenstein – die neue „Spezialisierung in Allergologie“,Acknowledgement to Referees
rbwonzcm,rh9bx841,-0.01667842,Ein Meilenstein – die neue „Spezialisierung in Allergologie“,Acknowledgement to Referees
rqb19icj,46z4663u,-0.016676078,Experiences of family caregivers of patients with COVID-19,Endlich Farbe bekennen
d6su39tw,hq6y67rz,-0.016659686,Erfolgreiche Behandlung eines drittgradigen Pleuraempyems infolge einer COVID-19-Infektion,Courses and Conferences
d1q2a446,fx92xnzt,-0.016531589,Issues and Events,Welche Phytos gegen Husten?
fx92xnzt,n0gyhuve,-0.016531589,Welche Phytos gegen Husten?,Issues and Events
17trii16,a5hc3hef,-0.01652448,Endlich mehr Honorar für COVID-19-lmpfungen,Guideposts for Assessment During COVID-19
y3hpzj0u,kcl0uzdg,-0.01647574,"Acknowledgment of Referees, 2020",Budesonid verhindert bei COVID-19 Übergang zu schwerem Verlauf
lq92mlhs,92ivie3y,-0.016472101,Nachhaltiges Wirtschaften setzt eine nachhaltige Arbeitswelt voraus,Our Responsibility to All of Our Patients and Families
xnmpl4uw,d4l85xzw,-0.016437145,Hydroxychloroquin‐induzierte akute generalisierte exanthematische Pustulose: eine während der COVID‐19‐Pandemie zu beachtende Nebenwirkung,Meetings and Courses
wq612zzs,m62f2ju5,-0.016392106,Coronaimpfung: Ärztliche Beratung kann Impfbereitschaft steigern,Events of Interest
30097lan,lq92mlhs,-0.016379368,Hematological Aspects of COVID-19,Nachhaltiges Wirtschaften setzt eine nachhaltige Arbeitswelt voraus
a9jyx7wb,0smv2ae5,-0.016345209,Risk Factors of COVID-19 Patients,Wichtige Impfungen zum Schulstart
o5x72g1a,sfarwvit,-0.01610452,Research Focus: Protas,So machen Vermittler ihren Betrieb zukunftsfest
2w9zsz4m,vsdsp7jc,-0.01610298,Aktuelles zur Brustkrebstherapie,Spotlight on Female Voices
2w9zsz4m,e6a03b5e,-0.01603191,Aktuelles zur Brustkrebstherapie,Government agencies.
2w9zsz4m,dp1gpjvf,-0.01602687,Aktuelles zur Brustkrebstherapie,eMJA: In other journals ‐ 5 May 2003
0sl4xp50,sfarwvit,-0.016012557,Neuropathological Features of COVID-19,So machen Vermittler ihren Betrieb zukunftsfest
eyerwtk9,hrbxg1yg,-0.015887132,Clinical news,Es gibt Hoffnung
3dqljzjm,0olw46sz,-0.015822673,An EUA for tocilizumab (Actemra) for COVID-19,A timely reminder.
7knn1voy,sfarwvit,-0.015713297,Denominator matters in estimating COVID-19 mortality rates,So machen Vermittler ihren Betrieb zukunftsfest
lq92mlhs,6603ephy,-0.015694823,Nachhaltiges Wirtschaften setzt eine nachhaltige Arbeitswelt voraus,Covid-19 vaccines for kids
lq92mlhs,qga9663z,-0.015694823,Nachhaltiges Wirtschaften setzt eine nachhaltige Arbeitswelt voraus,Coronapod: Kids and COVID vaccines.
mdd60ic7,zhg0x6oy,-0.01557835,Acknowledgement to Referees,Ein weiteres Opfer der Pandemie
zhg0x6oy,se2s9c5j,-0.01557835,Ein weiteres Opfer der Pandemie,Acknowledgement to Referees
zhg0x6oy,0ngl3naa,-0.01557835,Ein weiteres Opfer der Pandemie,Acknowledgement to Referees
zhg0x6oy,eej8qb9t,-0.01557835,Ein weiteres Opfer der Pandemie,Acknowledgement to Referees.
zhg0x6oy,s4bobqls,-0.01557835,Ein weiteres Opfer der Pandemie,Acknowledgement to referees
zhg0x6oy,2un48l2e,-0.01557835,Ein weiteres Opfer der Pandemie,Acknowledgement to Referees
zhg0x6oy,dbo18qfk,-0.01557835,Ein weiteres Opfer der Pandemie,Acknowledgement to Referees
zhg0x6oy,rh9bx841,-0.01557835,Ein weiteres Opfer der Pandemie,Acknowledgement to Referees
qkc0v9xq,0smv2ae5,-0.015562869,MLFW: A Database for Face Recognition on Masked Faces,Wichtige Impfungen zum Schulstart
fd9vwx42,6ho4ox2e,-0.015558988,Focused and Other,Pädiatrie aktuell – Forschung kurz notiert
dp1gpjvf,7ljhd62b,-0.015558053,eMJA: In other journals ‐ 5 May 2003,COVID-19 – Eine neue Herausforderung
3dqljzjm,6yahk84e,-0.015410752,An EUA for tocilizumab (Actemra) for COVID-19,"I Think It's Enough, Isn't It?"
sfarwvit,ferl5tyb,-0.015376978,So machen Vermittler ihren Betrieb zukunftsfest,News Focus
sfarwvit,q0mcbnkw,-0.015376978,So machen Vermittler ihren Betrieb zukunftsfest,News Focus
2w9zsz4m,h7xatctx,-0.01527194,Aktuelles zur Brustkrebstherapie,Prevalence and Risk Factors of COVID-19 Symptoms among U.S. Adults with Allergies
kux9vzn8,ew3ftumt,-0.015244299,Bauchlage senkt Intubationsrate bei wachen COVID-19-Patienten auf Intensivstation,Answering Key Questions About COVID-19 Vaccines.
kmsz4jdk,hrbxg1yg,-0.015220182,Hyperlipasemia in Hospitalized COVID-19 Patients,Es gibt Hoffnung
bkskp6my,6ho4ox2e,-0.0151345385,Inscrutable to myself,Pädiatrie aktuell – Forschung kurz notiert
hl1apuv9,sfarwvit,-0.015075513,Meeting Announcements,So machen Vermittler ihren Betrieb zukunftsfest
p81l6zvz,y3hpzj0u,-0.015048515,Systemische Immunsuppression in Zeiten von COVID‐19: Müssen wir umdenken?,"Acknowledgment of Referees, 2020"
ffbchp74,qudx49ol,-0.0149872145,Rechtsprechung kurz berichtet,Identification of Unmasked Faces: Protection in Public Places from COVID-19 and Other Infections
eb8dhgh3,fx92xnzt,-0.014959444,Family businesses under COVID-19: Inspiring models – Sometimes,Welche Phytos gegen Husten?
7ljhd62b,97cb3ffc,-0.014923061,COVID-19 – Eine neue Herausforderung,Who cares for women with children? Crossing the bridge between disciplines.
g0quxgv5,fx92xnzt,-0.014895634,Highlights From the Circulation Family of Journals.,Welche Phytos gegen Husten?
mdd60ic7,w4k5v3gz,-0.0148693975,Acknowledgement to Referees,Nach COVID-19-Infektion treten vermehrt Herzprobleme auf
w4k5v3gz,0ngl3naa,-0.0148693975,Nach COVID-19-Infektion treten vermehrt Herzprobleme auf,Acknowledgement to Referees
w4k5v3gz,se2s9c5j,-0.0148693975,Nach COVID-19-Infektion treten vermehrt Herzprobleme auf,Acknowledgement to Referees
w4k5v3gz,s4bobqls,-0.0148693975,Nach COVID-19-Infektion treten vermehrt Herzprobleme auf,Acknowledgement to referees
w4k5v3gz,2un48l2e,-0.0148693975,Nach COVID-19-Infektion treten vermehrt Herzprobleme auf,Acknowledgement to Referees
w4k5v3gz,dbo18qfk,-0.0148693975,Nach COVID-19-Infektion treten vermehrt Herzprobleme auf,Acknowledgement to Referees
w4k5v3gz,rh9bx841,-0.0148693975,Nach COVID-19-Infektion treten vermehrt Herzprobleme auf,Acknowledgement to Referees
w4k5v3gz,eej8qb9t,-0.014869391,Nach COVID-19-Infektion treten vermehrt Herzprobleme auf,Acknowledgement to Referees.
fa0hlwj1,7ljhd62b,-0.014756768,"Victors, Victims, and Vectors",COVID-19 – Eine neue Herausforderung
vskya7f0,a9jyx7wb,-0.01475328,So viele Praxen haben Kurzarbeit angemeldet,Risk Factors of COVID-19 Patients
2w9zsz4m,5hepuqon,-0.014688443,Aktuelles zur Brustkrebstherapie,COVID-19 infections in pets such as cats and dogs
zey0gft2,m5wlk26r,-0.01464855,COVID vaccines and blood clots: five key questions,COVID-19 trifft auf angeborene Herzfehler
xnmpl4uw,8ezcu225,-0.0146373715,Hydroxychloroquin‐induzierte akute generalisierte exanthematische Pustulose: eine während der COVID‐19‐Pandemie zu beachtende Nebenwirkung,Enquiring minds.
fx1zik3w,fx92xnzt,-0.014635647,Special considerations in the management of COVID-19 in rural and remote areas,Welche Phytos gegen Husten?
8p3fobrk,6ho4ox2e,-0.014604698,No Visitors Allowed,Pädiatrie aktuell – Forschung kurz notiert
ffbchp74,nm89ue1r,-0.014560589,Rechtsprechung kurz berichtet,Finding purpose
fchosrr7,fx92xnzt,-0.014495729,Time and distance,Welche Phytos gegen Husten?
xqhxra2p,v5o2vz2d,-0.014459524,Akutrehabilitation nach COVID‑19‑Infektion: Eine ausgewählte Fallserie,All Eyes on Me
h22uykqx,17trii16,-0.014401532,Keeping the research spotlight on COVID-19.,Endlich mehr Honorar für COVID-19-lmpfungen
2w9zsz4m,6gwj6d9i,-0.014343995,Aktuelles zur Brustkrebstherapie,Thieves' Market
tgk61fds,5r2leevd,-0.014274315,COVID-19 Vaccines in Children and Adolescents,Kündigung – Maskenpflicht – Anforderungen an ein Attest zur Befreiung : KSchG 1;BGB 242
m5wlk26r,aw1pbmz4,-0.014196921,COVID-19 trifft auf angeborene Herzfehler,Risk factors analysisi for COVID‑19 in the elderly
0vlkahyu,m62f2ju5,-0.014180483,Wirksamkeit von Pflanzenprodukten gegen Herpesinfektionen,Events of Interest
kux9vzn8,g8b0adbv,-0.014176247,Bauchlage senkt Intubationsrate bei wachen COVID-19-Patienten auf Intensivstation,COVID-19: Prospective Challenges and Potential Vaccines
khe8a0s0,sfarwvit,-0.014172296,Biocontrol risks,So machen Vermittler ihren Betrieb zukunftsfest
cl81y08y,8ezcu225,-0.014101206,Auf dem Weg zu einer nachhaltigen Mobilität,Enquiring minds.
lq92mlhs,kmsz4jdk,-0.013988053,Nachhaltiges Wirtschaften setzt eine nachhaltige Arbeitswelt voraus,Hyperlipasemia in Hospitalized COVID-19 Patients
7htbxid6,d6su39tw,-0.013955291,COVID-19 and the acknowledgement of children as stakeholders of the tourism industry,Erfolgreiche Behandlung eines drittgradigen Pleuraempyems infolge einer COVID-19-Infektion
zykiqask,0vlkahyu,-0.013801815,Regional entrepreneurial ecosystems: learning from forest ecosystems,Wirksamkeit von Pflanzenprodukten gegen Herpesinfektionen
xqhxra2p,ptxwnbhf,-0.01367535,Akutrehabilitation nach COVID‑19‑Infektion: Eine ausgewählte Fallserie,Investigating people's anxieties and concerns about COVID-19
0575yava,2w9zsz4m,-0.013627641,Challenges for indigenous children and youth,Aktuelles zur Brustkrebstherapie
kux9vzn8,q5tpjn27,-0.01359096,Bauchlage senkt Intubationsrate bei wachen COVID-19-Patienten auf Intensivstation,Special Focus: Microbial human pathogens.
ptxwnbhf,tu4v0j1e,-0.013511864,Investigating people's anxieties and concerns about COVID-19,Seite eins
v5o2vz2d,0smv2ae5,-0.013487308,All Eyes on Me,Wichtige Impfungen zum Schulstart
iw6ooopp,y3hpzj0u,-0.013486339,COVID-19-Pandemie: Was wissen wir – was können wir empfehlen?: Ein Kommentar der Herausgeber,"Acknowledgment of Referees, 2020"
nxmauvpu,6ho4ox2e,-0.013467743,Reasons for HOPE.,Pädiatrie aktuell – Forschung kurz notiert
w2vxnrwc,zpo4us36,-0.013434715,From Newsroom to Classroom,Versorgung von Krebspatienten leidet
vskya7f0,kxdcrchq,-0.013429302,So viele Praxen haben Kurzarbeit angemeldet,"Remdesivir, on the road to DisCoVeRy"
v5o2vz2d,fx92xnzt,-0.013395297,All Eyes on Me,Welche Phytos gegen Husten?
rqb19icj,5r2leevd,-0.013378429,Experiences of family caregivers of patients with COVID-19,Kündigung – Maskenpflicht – Anforderungen an ein Attest zur Befreiung : KSchG 1;BGB 242
hl1apuv9,17trii16,-0.013329498,Meeting Announcements,Endlich mehr Honorar für COVID-19-lmpfungen
xamgedfq,2w9zsz4m,-0.013314331,Variability Matters,Aktuelles zur Brustkrebstherapie
lj0u6ro4,2w9zsz4m,-0.01325122,Known unknowns and unknown unknowns,Aktuelles zur Brustkrebstherapie
s0haou0p,17trii16,-0.0132447295,Journal Club,Endlich mehr Honorar für COVID-19-lmpfungen
80ttwb9d,17trii16,-0.0132447295,Journal Club,Endlich mehr Honorar für COVID-19-lmpfungen
30097lan,p81l6zvz,-0.013220772,Hematological Aspects of COVID-19,Systemische Immunsuppression in Zeiten von COVID‐19: Müssen wir umdenken?
nujoah0y,m5wlk26r,-0.013202056,Work a key determinant in COVID-19 risk,COVID-19 trifft auf angeborene Herzfehler
8uff2f6d,0vlkahyu,-0.013179291,Financial Markets and COVID-19,Wirksamkeit von Pflanzenprodukten gegen Herpesinfektionen
mdd60ic7,4tufh3qa,-0.012988363,Acknowledgement to Referees,Sind wir gefährdet?: Krisenkommunikation für ein Bundesinstitut auf dem Gebiet des Gesundheitsschutzes
4tufh3qa,se2s9c5j,-0.012988363,Sind wir gefährdet?: Krisenkommunikation für ein Bundesinstitut auf dem Gebiet des Gesundheitsschutzes,Acknowledgement to Referees
4tufh3qa,0ngl3naa,-0.012988363,Sind wir gefährdet?: Krisenkommunikation für ein Bundesinstitut auf dem Gebiet des Gesundheitsschutzes,Acknowledgement to Referees
4tufh3qa,eej8qb9t,-0.012988363,Sind wir gefährdet?: Krisenkommunikation für ein Bundesinstitut auf dem Gebiet des Gesundheitsschutzes,Acknowledgement to Referees.
4tufh3qa,s4bobqls,-0.012988363,Sind wir gefährdet?: Krisenkommunikation für ein Bundesinstitut auf dem Gebiet des Gesundheitsschutzes,Acknowledgement to referees
4tufh3qa,2un48l2e,-0.012988363,Sind wir gefährdet?: Krisenkommunikation für ein Bundesinstitut auf dem Gebiet des Gesundheitsschutzes,Acknowledgement to Referees
4tufh3qa,dbo18qfk,-0.012988363,Sind wir gefährdet?: Krisenkommunikation für ein Bundesinstitut auf dem Gebiet des Gesundheitsschutzes,Acknowledgement to Referees
4tufh3qa,rh9bx841,-0.012988363,Sind wir gefährdet?: Krisenkommunikation für ein Bundesinstitut auf dem Gebiet des Gesundheitsschutzes,Acknowledgement to Referees
rcpdrpo7,fouh4jhs,-0.012975696,Entrepreneurial homeworkers,Konjunkturpaket notwendig — Rückkehr zur Schuldenbremse nicht forcieren
fx92xnzt,gqsgldzr,-0.012966788,Welche Phytos gegen Husten?,Characteristics of COVID-2019 in areas epidemic from imported cases
30097lan,k0xqoyx8,-0.012954161,Hematological Aspects of COVID-19,Stille Hypoxie bei COVID-19: Eine Fallserie
w72ielhf,fx92xnzt,-0.012945794,Editors’ Note,Welche Phytos gegen Husten?
wtejmdop,6ho4ox2e,-0.012855357,COVID-19 exposes enduring inequalities for children & families,Pädiatrie aktuell – Forschung kurz notiert
d6su39tw,rqb19icj,-0.01282845,Erfolgreiche Behandlung eines drittgradigen Pleuraempyems infolge einer COVID-19-Infektion,Experiences of family caregivers of patients with COVID-19
7htbxid6,7ljhd62b,-0.012734449,COVID-19 and the acknowledgement of children as stakeholders of the tourism industry,COVID-19 – Eine neue Herausforderung
u91j571e,fx92xnzt,-0.012655008,Academic Skills: Publications,Welche Phytos gegen Husten?
3ekxc20y,4eu27jsj,-0.012645542,dvs Informationen,Looking Ahead…
7ljhd62b,dyx1gv62,-0.012501898,COVID-19 – Eine neue Herausforderung,Rehabilitation of patients with COVID-19.
1g0pthfr,zpo4us36,-0.012489035,Epidemiological and Clinical Predictors of COVID-19,Versorgung von Krebspatienten leidet
wppqz2ol,fx92xnzt,-0.01248443,"Covid-19, societalization, and the future of business in society",Welche Phytos gegen Husten?
xamgedfq,sfarwvit,-0.0124542825,Variability Matters,So machen Vermittler ihren Betrieb zukunftsfest
17trii16,kmsz4jdk,-0.012424396,Endlich mehr Honorar für COVID-19-lmpfungen,Hyperlipasemia in Hospitalized COVID-19 Patients
mdd60ic7,0y0pi54f,-0.01238263,Acknowledgement to Referees,Bereit: Von der Normalstation zur Covid-19-Überwachungsstation
0y0pi54f,0ngl3naa,-0.01238263,Bereit: Von der Normalstation zur Covid-19-Überwachungsstation,Acknowledgement to Referees
0y0pi54f,se2s9c5j,-0.01238263,Bereit: Von der Normalstation zur Covid-19-Überwachungsstation,Acknowledgement to Referees
0y0pi54f,s4bobqls,-0.01238263,Bereit: Von der Normalstation zur Covid-19-Überwachungsstation,Acknowledgement to referees
0y0pi54f,2un48l2e,-0.01238263,Bereit: Von der Normalstation zur Covid-19-Überwachungsstation,Acknowledgement to Referees
0y0pi54f,dbo18qfk,-0.01238263,Bereit: Von der Normalstation zur Covid-19-Überwachungsstation,Acknowledgement to Referees
0y0pi54f,rh9bx841,-0.01238263,Bereit: Von der Normalstation zur Covid-19-Überwachungsstation,Acknowledgement to Referees
0y0pi54f,eej8qb9t,-0.01238262,Bereit: Von der Normalstation zur Covid-19-Überwachungsstation,Acknowledgement to Referees.
fouh4jhs,58kgbi9l,-0.012348507,Konjunkturpaket notwendig — Rückkehr zur Schuldenbremse nicht forcieren,Feral cats.
cvlk80fl,sfarwvit,-0.012306448,News and Announcements,So machen Vermittler ihren Betrieb zukunftsfest
sfarwvit,85atx0zp,-0.012306448,So machen Vermittler ihren Betrieb zukunftsfest,News and Announcements
2w9zsz4m,s27s4umt,-0.01221756,Aktuelles zur Brustkrebstherapie,Profiles of US Hispanics Unvaccinated for COVID-19
8ezcu225,0vlkahyu,-0.012190897,Enquiring minds.,Wirksamkeit von Pflanzenprodukten gegen Herpesinfektionen
bh8jhqyn,y3hpzj0u,-0.01216836,Ein lange bekanntes Syndrom bei einer neuen Krankheit,"Acknowledgment of Referees, 2020"
kux9vzn8,07xwlau9,-0.012166366,Bauchlage senkt Intubationsrate bei wachen COVID-19-Patienten auf Intensivstation,Respiratory Diseases of Rodents
zngq1xpc,fx92xnzt,-0.012151462,Influence of Meteorological Factors on the COVID-19 Transmission with Season and Geographic Location,Welche Phytos gegen Husten?
r67ga1fs,xqf1vaoi,-0.012135364,How COVID-19 Is Contaminating The Economy?,"Correction, vol. 10, no. 9"
5dif5di3,r67ga1fs,-0.012135354,"Correction for vol. 373, p",How COVID-19 Is Contaminating The Economy?
lj0u6ro4,sfarwvit,-0.012086645,Known unknowns and unknown unknowns,So machen Vermittler ihren Betrieb zukunftsfest
xglqxc3o,fx92xnzt,-0.012054375,COVID-19 Across Settings.,Welche Phytos gegen Husten?
mdd60ic7,tu4v0j1e,-0.012019925,Acknowledgement to Referees,Seite eins
0ngl3naa,tu4v0j1e,-0.012019925,Acknowledgement to Referees,Seite eins
se2s9c5j,tu4v0j1e,-0.012019925,Acknowledgement to Referees,Seite eins
eej8qb9t,tu4v0j1e,-0.012019925,Acknowledgement to Referees.,Seite eins
2un48l2e,tu4v0j1e,-0.012019925,Acknowledgement to Referees,Seite eins
s4bobqls,tu4v0j1e,-0.012019925,Acknowledgement to referees,Seite eins
tu4v0j1e,dbo18qfk,-0.012019925,Seite eins,Acknowledgement to Referees
tu4v0j1e,rh9bx841,-0.012019925,Seite eins,Acknowledgement to Referees
99btzh9a,d6su39tw,-0.012019833,News & Notes,Erfolgreiche Behandlung eines drittgradigen Pleuraempyems infolge einer COVID-19-Infektion
lq92mlhs,jcwjmpz5,-0.011978089,Nachhaltiges Wirtschaften setzt eine nachhaltige Arbeitswelt voraus,Books Reviews
mpje1c1p,fx92xnzt,-0.01196221,Careers and Employment,Welche Phytos gegen Husten?
iqk4phcl,17trii16,-0.011907962,Livestock plants and COVID-19 transmission,Endlich mehr Honorar für COVID-19-lmpfungen
tdm5ymr9,mdd60ic7,-0.011884928,"Bereitschaft zur Impfung mit einem COVID‑19-Vakzin – Risikoeinschätzung, Impferfahrungen und Einstellung zu Behandlungsverfahren",Acknowledgement to Referees
tdm5ymr9,0ngl3naa,-0.011884928,"Bereitschaft zur Impfung mit einem COVID‑19-Vakzin – Risikoeinschätzung, Impferfahrungen und Einstellung zu Behandlungsverfahren",Acknowledgement to Referees
tdm5ymr9,se2s9c5j,-0.011884928,"Bereitschaft zur Impfung mit einem COVID‑19-Vakzin – Risikoeinschätzung, Impferfahrungen und Einstellung zu Behandlungsverfahren",Acknowledgement to Referees
tdm5ymr9,eej8qb9t,-0.011884928,"Bereitschaft zur Impfung mit einem COVID‑19-Vakzin – Risikoeinschätzung, Impferfahrungen und Einstellung zu Behandlungsverfahren",Acknowledgement to Referees.
tdm5ymr9,2un48l2e,-0.011884928,"Bereitschaft zur Impfung mit einem COVID‑19-Vakzin – Risikoeinschätzung, Impferfahrungen und Einstellung zu Behandlungsverfahren",Acknowledgement to Referees
tdm5ymr9,s4bobqls,-0.011884928,"Bereitschaft zur Impfung mit einem COVID‑19-Vakzin – Risikoeinschätzung, Impferfahrungen und Einstellung zu Behandlungsverfahren",Acknowledgement to referees
tdm5ymr9,dbo18qfk,-0.011884928,"Bereitschaft zur Impfung mit einem COVID‑19-Vakzin – Risikoeinschätzung, Impferfahrungen und Einstellung zu Behandlungsverfahren",Acknowledgement to Referees
tdm5ymr9,rh9bx841,-0.011884928,"Bereitschaft zur Impfung mit einem COVID‑19-Vakzin – Risikoeinschätzung, Impferfahrungen und Einstellung zu Behandlungsverfahren",Acknowledgement to Referees
jlkrg2nn,fx92xnzt,-0.011874132,COVID-19: The therapeutic landscape,Welche Phytos gegen Husten?
lzwl577x,sfarwvit,-0.011862122,Monocytes and Macrophages in COVID-19,So machen Vermittler ihren Betrieb zukunftsfest
mdd60ic7,ikfd5xfl,-0.011852062,Acknowledgement to Referees,Folgen von COVID-19 - das sieht der Kliniker
se2s9c5j,ikfd5xfl,-0.011852062,Acknowledgement to Referees,Folgen von COVID-19 - das sieht der Kliniker
0ngl3naa,ikfd5xfl,-0.011852062,Acknowledgement to Referees,Folgen von COVID-19 - das sieht der Kliniker
eej8qb9t,ikfd5xfl,-0.011852062,Acknowledgement to Referees.,Folgen von COVID-19 - das sieht der Kliniker
s4bobqls,ikfd5xfl,-0.011852062,Acknowledgement to referees,Folgen von COVID-19 - das sieht der Kliniker
2un48l2e,ikfd5xfl,-0.011852062,Acknowledgement to Referees,Folgen von COVID-19 - das sieht der Kliniker
dbo18qfk,ikfd5xfl,-0.011852062,Acknowledgement to Referees,Folgen von COVID-19 - das sieht der Kliniker
rh9bx841,ikfd5xfl,-0.011852062,Acknowledgement to Referees,Folgen von COVID-19 - das sieht der Kliniker
0vlkahyu,y3hpzj0u,-0.011850967,Wirksamkeit von Pflanzenprodukten gegen Herpesinfektionen,"Acknowledgment of Referees, 2020"
a9jyx7wb,tu4v0j1e,-0.011848427,Risk Factors of COVID-19 Patients,Seite eins
xqhxra2p,hq6y67rz,-0.011827578,Akutrehabilitation nach COVID‑19‑Infektion: Eine ausgewählte Fallserie,Courses and Conferences
17trii16,bl3dnzqd,-0.011817545,Endlich mehr Honorar für COVID-19-lmpfungen,Bacteriophages as Solid Tumor Theragnostic Agents
clwl2w91,fouh4jhs,-0.011784019,Focus on immunocompromised patients.,Konjunkturpaket notwendig — Rückkehr zur Schuldenbremse nicht forcieren
p81l6zvz,whl6yq4p,-0.011760805,Systemische Immunsuppression in Zeiten von COVID‐19: Müssen wir umdenken?,Cardiovascular aspects of COVID-19
quj1mxlb,eej8qb9t,-0.011664035,Unternehmen setzen verstärkt auf Crowdworking,Acknowledgement to Referees.
mdd60ic7,quj1mxlb,-0.0116640255,Acknowledgement to Referees,Unternehmen setzen verstärkt auf Crowdworking
quj1mxlb,se2s9c5j,-0.0116640255,Unternehmen setzen verstärkt auf Crowdworking,Acknowledgement to Referees
quj1mxlb,0ngl3naa,-0.0116640255,Unternehmen setzen verstärkt auf Crowdworking,Acknowledgement to Referees
quj1mxlb,s4bobqls,-0.0116640255,Unternehmen setzen verstärkt auf Crowdworking,Acknowledgement to referees
quj1mxlb,2un48l2e,-0.0116640255,Unternehmen setzen verstärkt auf Crowdworking,Acknowledgement to Referees
quj1mxlb,dbo18qfk,-0.0116640255,Unternehmen setzen verstärkt auf Crowdworking,Acknowledgement to Referees
quj1mxlb,rh9bx841,-0.0116640255,Unternehmen setzen verstärkt auf Crowdworking,Acknowledgement to Referees
2w9zsz4m,i7fs68g5,-0.011655973,Aktuelles zur Brustkrebstherapie,Infectious Diseases of Children
dp1gpjvf,6ho4ox2e,-0.011578263,eMJA: In other journals ‐ 5 May 2003,Pädiatrie aktuell – Forschung kurz notiert
7ljhd62b,xyg5hjv1,-0.011573147,COVID-19 – Eine neue Herausforderung,From schoolification of children to schoolification of parents? – educational policies in COVID times
xslady0w,0vlkahyu,-0.01152534,Job Hunting,Wirksamkeit von Pflanzenprodukten gegen Herpesinfektionen
fd9vwx42,m5wlk26r,-0.011492748,Focused and Other,COVID-19 trifft auf angeborene Herzfehler
2w9zsz4m,u8kz7i99,-0.011462398,Aktuelles zur Brustkrebstherapie,"Viruses of birds, mice, and men."
7ljhd62b,g8a930tu,-0.011373837,COVID-19 – Eine neue Herausforderung,Skin of Infants and Children: Dermatological Manifestations of COVID-19 in Children.
3dqljzjm,cfp2f5wb,-0.0113498885,An EUA for tocilizumab (Actemra) for COVID-19,Thoughts in the Time of COVID-19
fx92xnzt,9cvides2,-0.011348642,Welche Phytos gegen Husten?,Academic collaborations with industry: lessons for the future.
6ho4ox2e,8d3z6dfw,-0.011330767,Pädiatrie aktuell – Forschung kurz notiert,COVID-19: biological factors in men's vulnerability
swyofg2x,mdd60ic7,-0.011300541,Gastrointestinale Symptome bei COVID-19-Patienten untersucht,Acknowledgement to Referees
swyofg2x,0ngl3naa,-0.011300541,Gastrointestinale Symptome bei COVID-19-Patienten untersucht,Acknowledgement to Referees
swyofg2x,se2s9c5j,-0.011300541,Gastrointestinale Symptome bei COVID-19-Patienten untersucht,Acknowledgement to Referees
swyofg2x,eej8qb9t,-0.011300541,Gastrointestinale Symptome bei COVID-19-Patienten untersucht,Acknowledgement to Referees.
swyofg2x,2un48l2e,-0.011300541,Gastrointestinale Symptome bei COVID-19-Patienten untersucht,Acknowledgement to Referees
swyofg2x,s4bobqls,-0.011300541,Gastrointestinale Symptome bei COVID-19-Patienten untersucht,Acknowledgement to referees
swyofg2x,dbo18qfk,-0.011300541,Gastrointestinale Symptome bei COVID-19-Patienten untersucht,Acknowledgement to Referees
swyofg2x,rh9bx841,-0.011300541,Gastrointestinale Symptome bei COVID-19-Patienten untersucht,Acknowledgement to Referees
mdd60ic7,niq8hoqs,-0.011228955,Acknowledgement to Referees,Neue Herausforderungen in der Königsdisziplin
niq8hoqs,0ngl3naa,-0.011228955,Neue Herausforderungen in der Königsdisziplin,Acknowledgement to Referees
niq8hoqs,se2s9c5j,-0.011228955,Neue Herausforderungen in der Königsdisziplin,Acknowledgement to Referees
niq8hoqs,eej8qb9t,-0.011228955,Neue Herausforderungen in der Königsdisziplin,Acknowledgement to Referees.
niq8hoqs,2un48l2e,-0.011228955,Neue Herausforderungen in der Königsdisziplin,Acknowledgement to Referees
niq8hoqs,s4bobqls,-0.011228955,Neue Herausforderungen in der Königsdisziplin,Acknowledgement to referees
niq8hoqs,dbo18qfk,-0.011228955,Neue Herausforderungen in der Königsdisziplin,Acknowledgement to Referees
niq8hoqs,rh9bx841,-0.011228955,Neue Herausforderungen in der Königsdisziplin,Acknowledgement to Referees
d6su39tw,ferl5tyb,-0.01121377,Erfolgreiche Behandlung eines drittgradigen Pleuraempyems infolge einer COVID-19-Infektion,News Focus
d6su39tw,q0mcbnkw,-0.01121377,Erfolgreiche Behandlung eines drittgradigen Pleuraempyems infolge einer COVID-19-Infektion,News Focus
b9unndox,hrbxg1yg,-0.011176289,"COVID-19, biosecurity and anthropology",Es gibt Hoffnung
1g0pthfr,0vlkahyu,-0.011014942,Epidemiological and Clinical Predictors of COVID-19,Wirksamkeit von Pflanzenprodukten gegen Herpesinfektionen
7htbxid6,0vlkahyu,-0.011005846,COVID-19 and the acknowledgement of children as stakeholders of the tourism industry,Wirksamkeit von Pflanzenprodukten gegen Herpesinfektionen
3dqljzjm,6is0u8a9,-0.01093825,An EUA for tocilizumab (Actemra) for COVID-19,Hopeful Visuals for Challenging Times.
8xnfwho6,7ljhd62b,-0.01086105,Capturing Our COVID-19 Efforts,COVID-19 – Eine neue Herausforderung
x58a1rxn,m5wlk26r,-0.010798514,Quantitative clarification of key questions about COVID-19 epidemiology,COVID-19 trifft auf angeborene Herzfehler
0y0pi54f,a9jyx7wb,-0.010717526,Bereit: Von der Normalstation zur Covid-19-Überwachungsstation,Risk Factors of COVID-19 Patients
t08jvyv1,fx92xnzt,-0.010706246,Understanding the Experiences of Remote Workers: Opportunities for Ambient Workspaces at Home,Welche Phytos gegen Husten?
sfarwvit,d1q2a446,-0.010672069,So machen Vermittler ihren Betrieb zukunftsfest,Issues and Events
sfarwvit,n0gyhuve,-0.010672069,So machen Vermittler ihren Betrieb zukunftsfest,Issues and Events
7kj3ttsm,sfarwvit,-0.010656985,The molecular footprints of COVID-19,So machen Vermittler ihren Betrieb zukunftsfest
d6su39tw,8ezcu225,-0.010650247,Erfolgreiche Behandlung eines drittgradigen Pleuraempyems infolge einer COVID-19-Infektion,Enquiring minds.
q5yb36ll,hpup5skd,-0.010591736,The Grassroots Intellectuals,Erratum zu: Pneumokokkenimpfstoffe
8d3z6dfw,m5wlk26r,-0.010562182,COVID-19: biological factors in men's vulnerability,COVID-19 trifft auf angeborene Herzfehler
ommt36yo,8xtexo2z,-0.010509515,Impacts of Covid-19 on Organizations,Marktführer gesucht
mrdg743n,m5wlk26r,-0.010415197,Recruiting Residents During COVID-19,COVID-19 trifft auf angeborene Herzfehler
iw6ooopp,dp1gpjvf,-0.010403892,COVID-19-Pandemie: Was wissen wir – was können wir empfehlen?: Ein Kommentar der Herausgeber,eMJA: In other journals ‐ 5 May 2003
sfarwvit,8ezcu225,-0.010381835,So machen Vermittler ihren Betrieb zukunftsfest,Enquiring minds.
tucs5o3u,7ljhd62b,-0.0103768725,Interim Guidance for Businesses and Employers,COVID-19 – Eine neue Herausforderung
7ljhd62b,d1q2a446,-0.010376173,COVID-19 – Eine neue Herausforderung,Issues and Events
7ljhd62b,n0gyhuve,-0.010376173,COVID-19 – Eine neue Herausforderung,Issues and Events
jzoj084m,m5wlk26r,-0.01035685,COVID-19: Risk factors for critical illness,COVID-19 trifft auf angeborene Herzfehler
tucs5o3u,fx92xnzt,-0.010313404,Interim Guidance for Businesses and Employers,Welche Phytos gegen Husten?
dp1gpjvf,m5wlk26r,-0.010310936,eMJA: In other journals ‐ 5 May 2003,COVID-19 trifft auf angeborene Herzfehler
4coluqp2,f608irm6,-0.010302611,Structures of the Mononegavirales Polymerases,Kardiale Folgen von COVID-19
xnmpl4uw,y3hpzj0u,-0.010285924,Hydroxychloroquin‐induzierte akute generalisierte exanthematische Pustulose: eine während der COVID‐19‐Pandemie zu beachtende Nebenwirkung,"Acknowledgment of Referees, 2020"
0wl6zgm3,0vlkahyu,-0.010283165,Teaching Architecture for Tertiary Students during Covid-19: Issues & Reflections,Wirksamkeit von Pflanzenprodukten gegen Herpesinfektionen
y1wpc0dk,17trii16,-0.0102800215,People + Companies,Endlich mehr Honorar für COVID-19-lmpfungen
9bdiz5pz,17trii16,-0.0102800215,People + Companies,Endlich mehr Honorar für COVID-19-lmpfungen
l720mqb6,mdd60ic7,-0.01026453,Aus der Not eine Tugend gemacht,Acknowledgement to Referees
l720mqb6,se2s9c5j,-0.01026453,Aus der Not eine Tugend gemacht,Acknowledgement to Referees
l720mqb6,0ngl3naa,-0.01026453,Aus der Not eine Tugend gemacht,Acknowledgement to Referees
l720mqb6,eej8qb9t,-0.01026453,Aus der Not eine Tugend gemacht,Acknowledgement to Referees.
l720mqb6,s4bobqls,-0.01026453,Aus der Not eine Tugend gemacht,Acknowledgement to referees
l720mqb6,2un48l2e,-0.01026453,Aus der Not eine Tugend gemacht,Acknowledgement to Referees
l720mqb6,dbo18qfk,-0.01026453,Aus der Not eine Tugend gemacht,Acknowledgement to Referees
l720mqb6,rh9bx841,-0.01026453,Aus der Not eine Tugend gemacht,Acknowledgement to Referees
46pn6jmc,kmsz4jdk,-0.010239747,Warum Austausch gerade jetzt wichtig ist,Hyperlipasemia in Hospitalized COVID-19 Patients
fx92xnzt,137ju4ov,-0.010195915,Welche Phytos gegen Husten?,Cultural heritage and social experiences in the times of COVID 19
6603ephy,d6su39tw,-0.010171639,Covid-19 vaccines for kids,Erfolgreiche Behandlung eines drittgradigen Pleuraempyems infolge einer COVID-19-Infektion
d6su39tw,qga9663z,-0.010171608,Erfolgreiche Behandlung eines drittgradigen Pleuraempyems infolge einer COVID-19-Infektion,Coronapod: Kids and COVID vaccines.
2w9zsz4m,qkc0v9xq,-0.010102972,Aktuelles zur Brustkrebstherapie,MLFW: A Database for Face Recognition on Masked Faces
zsadls45,sfarwvit,-0.010093879,"COVID‐19, children and schools: overlooked and at risk",So machen Vermittler ihren Betrieb zukunftsfest
fx92xnzt,i2n04v89,-0.010088589,Welche Phytos gegen Husten?,Children's Designs for the Future of Telehealth
2w9zsz4m,x0ck5v02,-0.009962926,Aktuelles zur Brustkrebstherapie,"COVID-19 in Clinicians-More Cases in Women, More Deaths in Men"
lq92mlhs,hq6y67rz,-0.0099436315,Nachhaltiges Wirtschaften setzt eine nachhaltige Arbeitswelt voraus,Courses and Conferences
v206h6ve,fx92xnzt,-0.00993213,Natural disasters and the economy,Welche Phytos gegen Husten?
lq92mlhs,p3siskod,-0.009833929,Nachhaltiges Wirtschaften setzt eine nachhaltige Arbeitswelt voraus,Contents 2 pages
lq92mlhs,tgk61fds,-0.00976273,Nachhaltiges Wirtschaften setzt eine nachhaltige Arbeitswelt voraus,COVID-19 Vaccines in Children and Adolescents
fouh4jhs,92ivie3y,-0.009728807,Konjunkturpaket notwendig — Rückkehr zur Schuldenbremse nicht forcieren,Our Responsibility to All of Our Patients and Families
hl1apuv9,bosj5jgi,-0.009708548,Meeting Announcements,Internetabhängige Jugendliche schlafen schlechter
6603ephy,17trii16,-0.009704783,Covid-19 vaccines for kids,Endlich mehr Honorar für COVID-19-lmpfungen
17trii16,qga9663z,-0.009704783,Endlich mehr Honorar für COVID-19-lmpfungen,Coronapod: Kids and COVID vaccines.
3dqljzjm,okbarss7,-0.009701807,An EUA for tocilizumab (Actemra) for COVID-19,Today and tomorrow.
ekgdlyfg,fx92xnzt,-0.009701214,Private Struggles in Public Spaces: Documenting COVID-19 Material Culture and Landscapes,Welche Phytos gegen Husten?
m5wlk26r,m62f2ju5,-0.009699766,COVID-19 trifft auf angeborene Herzfehler,Events of Interest
d1q2a446,m5wlk26r,-0.009602566,Issues and Events,COVID-19 trifft auf angeborene Herzfehler
m5wlk26r,n0gyhuve,-0.009602566,COVID-19 trifft auf angeborene Herzfehler,Issues and Events
zsadls45,fx92xnzt,-0.009563062,"COVID‐19, children and schools: overlooked and at risk",Welche Phytos gegen Husten?
7ljhd62b,agkofch5,-0.009556163,COVID-19 – Eine neue Herausforderung,Men and COVID-19: the aftermath
c7ddygfr,fx92xnzt,-0.009524671,"""Cronache Lucane"": Adaptability of the Basilicata in the times of Covid-19",Welche Phytos gegen Husten?
3dqljzjm,d73wl30t,-0.009505939,An EUA for tocilizumab (Actemra) for COVID-19,UOG now and beyond!
6ho4ox2e,qudx49ol,-0.00947599,Pädiatrie aktuell – Forschung kurz notiert,Identification of Unmasked Faces: Protection in Public Places from COVID-19 and Other Infections
sfarwvit,bzu0vp9q,-0.009460114,So machen Vermittler ihren Betrieb zukunftsfest,Risk factors and electrocardiogram characteristics for mortality of critical inpatients with COVID-19
fx92xnzt,0wl6zgm3,-0.00943555,Welche Phytos gegen Husten?,Teaching Architecture for Tertiary Students during Covid-19: Issues & Reflections
fouh4jhs,e6a03b5e,-0.009408567,Konjunkturpaket notwendig — Rückkehr zur Schuldenbremse nicht forcieren,Government agencies.
d6su39tw,m62f2ju5,-0.009398428,Erfolgreiche Behandlung eines drittgradigen Pleuraempyems infolge einer COVID-19-Infektion,Events of Interest
7rjbqaqu,8xtexo2z,-0.009397429,The paths towards institutionalization,Marktführer gesucht
kylka2rh,y3hpzj0u,-0.009382819,Zur gesellschaftlichen Akzeptanz von einmaligen Vermögensabgaben,"Acknowledgment of Referees, 2020"
lq92mlhs,s27s4umt,-0.00931658,Nachhaltiges Wirtschaften setzt eine nachhaltige Arbeitswelt voraus,Profiles of US Hispanics Unvaccinated for COVID-19
whl6yq4p,0vlkahyu,-0.009316407,Cardiovascular aspects of COVID-19,Wirksamkeit von Pflanzenprodukten gegen Herpesinfektionen
ptxwnbhf,sfarwvit,-0.009125319,Investigating people's anxieties and concerns about COVID-19,So machen Vermittler ihren Betrieb zukunftsfest
qj0nwynn,fx92xnzt,-0.009116608,Innovating past barriers,Welche Phytos gegen Husten?
6603ephy,5r2leevd,-0.009115728,Covid-19 vaccines for kids,Kündigung – Maskenpflicht – Anforderungen an ein Attest zur Befreiung : KSchG 1;BGB 242
5r2leevd,qga9663z,-0.009115728,Kündigung – Maskenpflicht – Anforderungen an ein Attest zur Befreiung : KSchG 1;BGB 242,Coronapod: Kids and COVID vaccines.
mrmn5meg,fx92xnzt,-0.009104448,Lessons from the field on COVID-19: A public health point of view,Welche Phytos gegen Husten?
h22uykqx,fx92xnzt,-0.009084666,Keeping the research spotlight on COVID-19.,Welche Phytos gegen Husten?
lq92mlhs,m62f2ju5,-0.0090712365,Nachhaltiges Wirtschaften setzt eine nachhaltige Arbeitswelt voraus,Events of Interest
2w9zsz4m,9co14g9f,-0.0090665305,Aktuelles zur Brustkrebstherapie,"CoViD-19, containment and accidents in children's domestic life"
0vlkahyu,693r9rey,-0.008988255,Wirksamkeit von Pflanzenprodukten gegen Herpesinfektionen,Medical emergencies on commercial airline flights.
9bl1hs75,m5wlk26r,-0.008987975,Issue Highlights.,COVID-19 trifft auf angeborene Herzfehler
cmiudlxe,m5wlk26r,-0.008987975,"Highlights of the issue 6, 2020",COVID-19 trifft auf angeborene Herzfehler
28hlwjw7,m5wlk26r,-0.008987975,Highlights of the May issue.,COVID-19 trifft auf angeborene Herzfehler
m5wlk26r,n3x6iehh,-0.008987975,COVID-19 trifft auf angeborene Herzfehler,Issue Highlights.
7ljhd62b,lzwl577x,-0.008968144,COVID-19 – Eine neue Herausforderung,Monocytes and Macrophages in COVID-19
qkc0v9xq,m5wlk26r,-0.00893082,MLFW: A Database for Face Recognition on Masked Faces,COVID-19 trifft auf angeborene Herzfehler
30097lan,17trii16,-0.008888706,Hematological Aspects of COVID-19,Endlich mehr Honorar für COVID-19-lmpfungen
9cu0s9dl,m5wlk26r,-0.008879259,Motivational factors to participate in conferences and gender differences,COVID-19 trifft auf angeborene Herzfehler
c7ti48jn,fx92xnzt,-0.008875963,Selected phlebological abstracts,Welche Phytos gegen Husten?
fx92xnzt,1tnx3fdr,-0.008875963,Welche Phytos gegen Husten?,Selected phlebological abstracts.
fx92xnzt,23sl5imw,-0.008875963,Welche Phytos gegen Husten?,Selected phlebological abstracts.
kux9vzn8,bhimxnxq,-0.008816072,Bauchlage senkt Intubationsrate bei wachen COVID-19-Patienten auf Intensivstation,Serological characteristics of COVID-19 patients.
f60k7elw,0vlkahyu,-0.008811744,Socioeconomic aspects of covid-19 on the example of rostov region,Wirksamkeit von Pflanzenprodukten gegen Herpesinfektionen
s3s2av7b,fx92xnzt,-0.008796645,[Looking into international journals].,Welche Phytos gegen Husten?
u0cfvh6f,sfarwvit,-0.008781651,Understanding clinical trials.,So machen Vermittler ihren Betrieb zukunftsfest
d1q2a446,0vlkahyu,-0.008756602,Issues and Events,Wirksamkeit von Pflanzenprodukten gegen Herpesinfektionen
0vlkahyu,n0gyhuve,-0.008756602,Wirksamkeit von Pflanzenprodukten gegen Herpesinfektionen,Issues and Events
jw72fi4l,z3irrfu4,-0.008671989,Comment AGREEING ON COVID‐19,"Räumlich getrennt, virtuell vereint"
xamgedfq,pdiugu3w,-0.0086268345,Variability Matters,Schlange stehen für einen Piks
7ljhd62b,u0y6ggoz,-0.008602918,COVID-19 – Eine neue Herausforderung,COVID-19 related callback in blood donors; Outcomes in blood donors and patients
aorrfl8y,7ljhd62b,-0.0085230395,Nurses' House-for Nurses.,COVID-19 – Eine neue Herausforderung
07bho4nv,fx92xnzt,-0.008521567,KRCP’s past and future path,Welche Phytos gegen Husten?
5jky7m12,fx92xnzt,-0.008481498,Articles of Public Interest.,Welche Phytos gegen Husten?
j7wcqqbx,fx92xnzt,-0.008481498,Articles of Public Interest.,Welche Phytos gegen Husten?
3flfngu0,rqb19icj,-0.008425715,Was bitte ist denn »Molekularbiologie«?,Experiences of family caregivers of patients with COVID-19
kux9vzn8,3vov7mxw,-0.0084204655,Bauchlage senkt Intubationsrate bei wachen COVID-19-Patienten auf Intensivstation,Racial and Ethnic Disparities in COVID-19 Vaccination Coverage: The Contribution of Socioeconomic and Demographic Factors
lq92mlhs,v5o2vz2d,-0.008405412,Nachhaltiges Wirtschaften setzt eine nachhaltige Arbeitswelt voraus,All Eyes on Me
sfarwvit,m62f2ju5,-0.0083998,So machen Vermittler ihren Betrieb zukunftsfest,Events of Interest
hpup5skd,mrdg743n,-0.0083905,Erratum zu: Pneumokokkenimpfstoffe,Recruiting Residents During COVID-19
3dqljzjm,3ti4jjtt,-0.00836917,An EUA for tocilizumab (Actemra) for COVID-19,Beyond Shared Decision Making.
iah4gwpt,fx92xnzt,-0.008357876,COVID-19: Perspectives From Nurses Across the Country,Welche Phytos gegen Husten?
8xtexo2z,ip16lh2a,-0.008352629,Marktführer gesucht,COVID-19: A Risk Assessment Perspective
17trii16,s5my1z2h,-0.008319862,Endlich mehr Honorar für COVID-19-lmpfungen,Home for the holidays
y3hpzj0u,g3ypisig,-0.008319294,"Acknowledgment of Referees, 2020",Riechstörungen bei COVID-19 – aktueller Wissensstand
mdd60ic7,mf48svph,-0.0083149,Acknowledgement to Referees,Psychisch krank in Krisenzeiten: Subjektive Belastungen durch COVID-19
se2s9c5j,mf48svph,-0.0083149,Acknowledgement to Referees,Psychisch krank in Krisenzeiten: Subjektive Belastungen durch COVID-19
0ngl3naa,mf48svph,-0.0083149,Acknowledgement to Referees,Psychisch krank in Krisenzeiten: Subjektive Belastungen durch COVID-19
mf48svph,2un48l2e,-0.0083149,Psychisch krank in Krisenzeiten: Subjektive Belastungen durch COVID-19,Acknowledgement to Referees
mf48svph,s4bobqls,-0.0083149,Psychisch krank in Krisenzeiten: Subjektive Belastungen durch COVID-19,Acknowledgement to referees
mf48svph,dbo18qfk,-0.0083149,Psychisch krank in Krisenzeiten: Subjektive Belastungen durch COVID-19,Acknowledgement to Referees
mf48svph,rh9bx841,-0.0083149,Psychisch krank in Krisenzeiten: Subjektive Belastungen durch COVID-19,Acknowledgement to Referees
mf48svph,eej8qb9t,-0.008314893,Psychisch krank in Krisenzeiten: Subjektive Belastungen durch COVID-19,Acknowledgement to Referees.
7ljhd62b,wlt52d6n,-0.00828393,COVID-19 – Eine neue Herausforderung,Misrepresentation about vaccines that are scaring women
xsem58kn,0vlkahyu,-0.008278144,Logistics as a Competitive Advantage in Retail Organizations,Wirksamkeit von Pflanzenprodukten gegen Herpesinfektionen
fx92xnzt,az2pgmkj,-0.008276935,Welche Phytos gegen Husten?,Features of α-HBDH in COVID-19 patients: A cohort study
d6su39tw,vsdsp7jc,-0.008274906,Erfolgreiche Behandlung eines drittgradigen Pleuraempyems infolge einer COVID-19-Infektion,Spotlight on Female Voices
fx92xnzt,pqjh0kd4,-0.008187934,Welche Phytos gegen Husten?,Waymo Public Road Safety Performance Data
69uxqf09,0vlkahyu,-0.008110273,The Essential Business Conundrum in COVID-19 Hotspots,Wirksamkeit von Pflanzenprodukten gegen Herpesinfektionen
xvfvjas9,0vlkahyu,-0.008066852,Room to Grieve,Wirksamkeit von Pflanzenprodukten gegen Herpesinfektionen
0sl4xp50,kcl0uzdg,-0.008028011,Neuropathological Features of COVID-19,Budesonid verhindert bei COVID-19 Übergang zu schwerem Verlauf
g0quxgv5,17trii16,-0.007968488,Highlights From the Circulation Family of Journals.,Endlich mehr Honorar für COVID-19-lmpfungen
7ljhd62b,sjc2szb1,-0.007943955,COVID-19 – Eine neue Herausforderung,Mobilizing Hospitals to Mobilize Patients.
7ljhd62b,amm625ic,-0.007919784,COVID-19 – Eine neue Herausforderung,"Weighing the Costs of Disaster: Consequences, Risks, and Resilience in Individuals, Families, and Communities."
1wkacq9g,fx92xnzt,-0.007819992,Is a networked world economy sustainable?,Welche Phytos gegen Husten?
y1wpc0dk,5r2leevd,-0.0078116884,People + Companies,Kündigung – Maskenpflicht – Anforderungen an ein Attest zur Befreiung : KSchG 1;BGB 242
9bdiz5pz,5r2leevd,-0.0078116884,People + Companies,Kündigung – Maskenpflicht – Anforderungen an ein Attest zur Befreiung : KSchG 1;BGB 242
qh0yhncm,ffbchp74,-0.0077845436,Underlying conditions in adults with covid-19,Rechtsprechung kurz berichtet
tucs5o3u,0vlkahyu,-0.007759362,Interim Guidance for Businesses and Employers,Wirksamkeit von Pflanzenprodukten gegen Herpesinfektionen
9cvides2,0vlkahyu,-0.007718537,Academic collaborations with industry: lessons for the future.,Wirksamkeit von Pflanzenprodukten gegen Herpesinfektionen
8ezcu225,17trii16,-0.007620014,Enquiring minds.,Endlich mehr Honorar für COVID-19-lmpfungen
pbflhjz0,fouh4jhs,-0.0076164342,Clinical characteristics and outcomes of COVID-19 patients with prediabetes,Konjunkturpaket notwendig — Rückkehr zur Schuldenbremse nicht forcieren
1g0pthfr,p81l6zvz,-0.0075763264,Epidemiological and Clinical Predictors of COVID-19,Systemische Immunsuppression in Zeiten von COVID‐19: Müssen wir umdenken?
wznchula,sfarwvit,-0.007562097,Doses of reality,So machen Vermittler ihren Betrieb zukunftsfest
d6su39tw,a9jyx7wb,-0.0075386195,Erfolgreiche Behandlung eines drittgradigen Pleuraempyems infolge einer COVID-19-Infektion,Risk Factors of COVID-19 Patients
kux9vzn8,l4fzuabq,-0.0074539995,Bauchlage senkt Intubationsrate bei wachen COVID-19-Patienten auf Intensivstation,Zoonotic Potential of Simian Arteriviruses.
2w9zsz4m,8ynum9m5,-0.0074148807,Aktuelles zur Brustkrebstherapie,The reason for this number
7kj3ttsm,6ho4ox2e,-0.007412038,The molecular footprints of COVID-19,Pädiatrie aktuell – Forschung kurz notiert
mdd60ic7,rnmgx6vo,-0.007403536,Acknowledgement to Referees,Droht bei Krebs durch COVID-19 schlechtere Versorgung in Deutschland?
0ngl3naa,rnmgx6vo,-0.007403536,Acknowledgement to Referees,Droht bei Krebs durch COVID-19 schlechtere Versorgung in Deutschland?
se2s9c5j,rnmgx6vo,-0.007403536,Acknowledgement to Referees,Droht bei Krebs durch COVID-19 schlechtere Versorgung in Deutschland?
rnmgx6vo,2un48l2e,-0.007403536,Droht bei Krebs durch COVID-19 schlechtere Versorgung in Deutschland?,Acknowledgement to Referees
rnmgx6vo,s4bobqls,-0.007403536,Droht bei Krebs durch COVID-19 schlechtere Versorgung in Deutschland?,Acknowledgement to referees
rnmgx6vo,dbo18qfk,-0.007403536,Droht bei Krebs durch COVID-19 schlechtere Versorgung in Deutschland?,Acknowledgement to Referees
rnmgx6vo,rh9bx841,-0.007403536,Droht bei Krebs durch COVID-19 schlechtere Versorgung in Deutschland?,Acknowledgement to Referees
rnmgx6vo,eej8qb9t,-0.0074035292,Droht bei Krebs durch COVID-19 schlechtere Versorgung in Deutschland?,Acknowledgement to Referees.
bpz6skgv,hrbxg1yg,-0.0073816343,Critical care,Es gibt Hoffnung
7ljhd62b,4n6por3h,-0.0073238267,COVID-19 – Eine neue Herausforderung,Elderly people and responses to COVID-19 in 27 Countries
eytapevk,0smv2ae5,-0.007315663,Face masks,Wichtige Impfungen zum Schulstart
6is0u8a9,ffbchp74,-0.007288874,Hopeful Visuals for Challenging Times.,Rechtsprechung kurz berichtet
xnmpl4uw,hq6y67rz,-0.007281245,Hydroxychloroquin‐induzierte akute generalisierte exanthematische Pustulose: eine während der COVID‐19‐Pandemie zu beachtende Nebenwirkung,Courses and Conferences
dp1gpjvf,kcl0uzdg,-0.007258529,eMJA: In other journals ‐ 5 May 2003,Budesonid verhindert bei COVID-19 Übergang zu schwerem Verlauf
ffbchp74,8d3z6dfw,-0.007223796,Rechtsprechung kurz berichtet,COVID-19: biological factors in men's vulnerability
mdd60ic7,o9sng03j,-0.00721687,Acknowledgement to Referees,Respiratorische Unterstützung bei COVID-19: alles zu seiner Zeit!
o9sng03j,0ngl3naa,-0.00721687,Respiratorische Unterstützung bei COVID-19: alles zu seiner Zeit!,Acknowledgement to Referees
o9sng03j,se2s9c5j,-0.00721687,Respiratorische Unterstützung bei COVID-19: alles zu seiner Zeit!,Acknowledgement to Referees
o9sng03j,eej8qb9t,-0.00721687,Respiratorische Unterstützung bei COVID-19: alles zu seiner Zeit!,Acknowledgement to Referees.
o9sng03j,2un48l2e,-0.00721687,Respiratorische Unterstützung bei COVID-19: alles zu seiner Zeit!,Acknowledgement to Referees
o9sng03j,s4bobqls,-0.00721687,Respiratorische Unterstützung bei COVID-19: alles zu seiner Zeit!,Acknowledgement to referees
o9sng03j,dbo18qfk,-0.00721687,Respiratorische Unterstützung bei COVID-19: alles zu seiner Zeit!,Acknowledgement to Referees
o9sng03j,rh9bx841,-0.00721687,Respiratorische Unterstützung bei COVID-19: alles zu seiner Zeit!,Acknowledgement to Referees
7ga5xdcy,m5wlk26r,-0.0071752965,Covid-19 Causal Factors Perception Questionnaire (covid-19-cfpq),COVID-19 trifft auf angeborene Herzfehler
v3l1ziqv,m5wlk26r,-0.0071750064,Logistic equation and COVID-19,COVID-19 trifft auf angeborene Herzfehler
m5wlk26r,d9k45hvy,-0.0071750064,COVID-19 trifft auf angeborene Herzfehler,Logistic equation and COVID-19
lj0u6ro4,iumm8w20,-0.007174281,Known unknowns and unknown unknowns,Räumliche Flexibilisierung durch zunehmende Homeoffice-Nutzung
3flfngu0,mpje1c1p,-0.0071347603,Was bitte ist denn »Molekularbiologie«?,Careers and Employment
jr5ajbfo,eej8qb9t,-0.0071174093,Handekzeme auf dem Vormarsch: BVDD-Mitgliederbefragung zeigt Folgen der COVID-19-Pandemie,Acknowledgement to Referees.
mdd60ic7,jr5ajbfo,-0.0071173944,Acknowledgement to Referees,Handekzeme auf dem Vormarsch: BVDD-Mitgliederbefragung zeigt Folgen der COVID-19-Pandemie
jr5ajbfo,0ngl3naa,-0.0071173944,Handekzeme auf dem Vormarsch: BVDD-Mitgliederbefragung zeigt Folgen der COVID-19-Pandemie,Acknowledgement to Referees
jr5ajbfo,se2s9c5j,-0.0071173944,Handekzeme auf dem Vormarsch: BVDD-Mitgliederbefragung zeigt Folgen der COVID-19-Pandemie,Acknowledgement to Referees
jr5ajbfo,2un48l2e,-0.0071173944,Handekzeme auf dem Vormarsch: BVDD-Mitgliederbefragung zeigt Folgen der COVID-19-Pandemie,Acknowledgement to Referees
jr5ajbfo,s4bobqls,-0.0071173944,Handekzeme auf dem Vormarsch: BVDD-Mitgliederbefragung zeigt Folgen der COVID-19-Pandemie,Acknowledgement to referees
jr5ajbfo,dbo18qfk,-0.0071173944,Handekzeme auf dem Vormarsch: BVDD-Mitgliederbefragung zeigt Folgen der COVID-19-Pandemie,Acknowledgement to Referees
jr5ajbfo,rh9bx841,-0.0071173944,Handekzeme auf dem Vormarsch: BVDD-Mitgliederbefragung zeigt Folgen der COVID-19-Pandemie,Acknowledgement to Referees
k7qibllm,d6su39tw,-0.007045633,Are children and schools a COVID-19 threat?,Erfolgreiche Behandlung eines drittgradigen Pleuraempyems infolge einer COVID-19-Infektion
rqb19icj,hrbxg1yg,-0.007033829,Experiences of family caregivers of patients with COVID-19,Es gibt Hoffnung
y1wpc0dk,46pq80st,-0.0070291813,People + Companies,A humanidade encontra sua irrelevância
9bdiz5pz,46pq80st,-0.0070291813,People + Companies,A humanidade encontra sua irrelevância
7ljhd62b,rxgzr5u2,-0.007024043,COVID-19 – Eine neue Herausforderung,Overcoming barriers to COVID-19 vaccination of pregnant women
conrsgtu,0vlkahyu,-0.007021287,E-learners' satisfaction as predictors of online classroom community,Wirksamkeit von Pflanzenprodukten gegen Herpesinfektionen
7ljhd62b,etrtg1hj,-0.0070204027,COVID-19 – Eine neue Herausforderung,"Complicated Grief: Risk Factors, Protective Factors, and Interventions."
sy9p8a8k,fx92xnzt,-0.0069684093,Initial Observations of COVID-19 in US Children,Welche Phytos gegen Husten?
8p3fobrk,mraycufh,-0.0069655725,No Visitors Allowed,"(±)-2-(2-Fluoro-[1,1′-biphenyl]-4-yl)-N-(1-phenylpropan-2-yl)propanamide"
0sl4xp50,iw6ooopp,-0.006964145,Neuropathological Features of COVID-19,COVID-19-Pandemie: Was wissen wir – was können wir empfehlen?: Ein Kommentar der Herausgeber
kmsz4jdk,0smv2ae5,-0.006944616,Hyperlipasemia in Hospitalized COVID-19 Patients,Wichtige Impfungen zum Schulstart
zpo4us36,hq6y67rz,-0.0069417297,Versorgung von Krebspatienten leidet,Courses and Conferences
17trii16,wt11x3yw,-0.0069021657,Endlich mehr Honorar für COVID-19-lmpfungen,Application and evaluation of entomopathogens for control of livestock and poultry pests
7ljhd62b,tpkpspl5,-0.0068807164,COVID-19 – Eine neue Herausforderung,[Supraglottic airways in infants and children].
8ynum9m5,6ho4ox2e,-0.006810846,The reason for this number,Pädiatrie aktuell – Forschung kurz notiert
mnxaffci,2w9zsz4m,-0.0067960676,Recycle: Do It for the Kids,Aktuelles zur Brustkrebstherapie
2w9zsz4m,bn76yto1,-0.0067960676,Aktuelles zur Brustkrebstherapie,Recycle: Do it For the Kids
ld0f14a4,fx92xnzt,-0.006771124,"Human Factors and Ergonomics by Distance Learning: Successes, Challenges and Opportunities",Welche Phytos gegen Husten?
negmc6kz,z92vwovw,-0.006703701,Johnson & Johnson,Are Megacities Sustainable?
2w9zsz4m,e2nr5laz,-0.006660216,Aktuelles zur Brustkrebstherapie,"COVID-19 Bereavement: Considerations for Families, Psychologists, and Student Trainees"
revynpi9,17trii16,-0.006657021,Vaccines in public health.,Endlich mehr Honorar für COVID-19-lmpfungen
q5yb36ll,kdol990p,-0.0066561247,The Grassroots Intellectuals,Jeden Verdacht melden!
ig8h7ym4,6ho4ox2e,-0.006642348,COVID-19: Protecting yourself and others,Pädiatrie aktuell – Forschung kurz notiert
kux9vzn8,857qqfxr,-0.006637543,Bauchlage senkt Intubationsrate bei wachen COVID-19-Patienten auf Intensivstation,Bats are a major natural reservoir for hepaciviruses and pegiviruses.
fx92xnzt,xyg5hjv1,-0.006597857,Welche Phytos gegen Husten?,From schoolification of children to schoolification of parents? – educational policies in COVID times
0fy6ls5r,fx92xnzt,-0.0065902863,Living in Interesting Times,Welche Phytos gegen Husten?
kylka2rh,a9jyx7wb,-0.0065635704,Zur gesellschaftlichen Akzeptanz von einmaligen Vermögensabgaben,Risk Factors of COVID-19 Patients
7ljhd62b,ci0hf70x,-0.00649126,COVID-19 – Eine neue Herausforderung,Do doctors have to have the covid-19 vaccine?
8xnfwho6,fx92xnzt,-0.0064816736,Capturing Our COVID-19 Efforts,Welche Phytos gegen Husten?
30097lan,w4k5v3gz,-0.006432949,Hematological Aspects of COVID-19,Nach COVID-19-Infektion treten vermehrt Herzprobleme auf
17trii16,a9jyx7wb,-0.0063888966,Endlich mehr Honorar für COVID-19-lmpfungen,Risk Factors of COVID-19 Patients
sfarwvit,2ovrk61d,-0.006380694,So machen Vermittler ihren Betrieb zukunftsfest,Surface interactions and viability of coronaviruses
bhimxnxq,sfarwvit,-0.006355887,Serological characteristics of COVID-19 patients.,So machen Vermittler ihren Betrieb zukunftsfest
xppum4qg,0vlkahyu,-0.0063310442,Boards in Information Governance,Wirksamkeit von Pflanzenprodukten gegen Herpesinfektionen
xqhxra2p,dp1gpjvf,-0.0063199066,Akutrehabilitation nach COVID‑19‑Infektion: Eine ausgewählte Fallserie,eMJA: In other journals ‐ 5 May 2003
lq92mlhs,0l41f0xj,-0.006265,Nachhaltiges Wirtschaften setzt eine nachhaltige Arbeitswelt voraus,COVID-19 and pregnancy: are they friends or enemies?
7knn1voy,fx92xnzt,-0.00622341,Denominator matters in estimating COVID-19 mortality rates,Welche Phytos gegen Husten?
1g0pthfr,fx92xnzt,-0.0062042708,Epidemiological and Clinical Predictors of COVID-19,Welche Phytos gegen Husten?
2w9zsz4m,bnto2xy7,-0.006182246,Aktuelles zur Brustkrebstherapie,COVID‐19 vaccination in children and university students
fx92xnzt,693r9rey,-0.0061227614,Welche Phytos gegen Husten?,Medical emergencies on commercial airline flights.
2w9zsz4m,y3hpzj0u,-0.006119965,Aktuelles zur Brustkrebstherapie,"Acknowledgment of Referees, 2020"
a5hc3hef,46z4663u,-0.006043738,Guideposts for Assessment During COVID-19,Endlich Farbe bekennen
owec8o76,fx92xnzt,-0.0060353084,Benchmarking the performance of US Municipalities,Welche Phytos gegen Husten?
8ynum9m5,ffbchp74,-0.0059978273,The reason for this number,Rechtsprechung kurz berichtet
sptj9tuy,5dif5di3,-0.0059369314,Thinking about “Thinking about COVID-19”,"Correction for vol. 373, p"
sptj9tuy,xqf1vaoi,-0.0059369314,Thinking about “Thinking about COVID-19”,"Correction, vol. 10, no. 9"
2w9zsz4m,sv73oe5x,-0.0059349514,Aktuelles zur Brustkrebstherapie,Medicines for millions of patients
0vlkahyu,wa0emv04,-0.005927783,Wirksamkeit von Pflanzenprodukten gegen Herpesinfektionen,[COVID-19: Special Challenges for Theoretical and Practical Public Health].
fx1zik3w,0vlkahyu,-0.0058773584,Special considerations in the management of COVID-19 in rural and remote areas,Wirksamkeit von Pflanzenprodukten gegen Herpesinfektionen
d6su39tw,h22uykqx,-0.005849762,Erfolgreiche Behandlung eines drittgradigen Pleuraempyems infolge einer COVID-19-Infektion,Keeping the research spotlight on COVID-19.
sfarwvit,vsdsp7jc,-0.0058400137,So machen Vermittler ihren Betrieb zukunftsfest,Spotlight on Female Voices
2m9h9gu8,7ljhd62b,-0.005814062,Outcomes of Patients Presenting with Headaches Hospitalized with COVID-19,COVID-19 – Eine neue Herausforderung
p0e9lolf,fx92xnzt,-0.005813172,Nursing Home Staff Networks and COVID-19,Welche Phytos gegen Husten?
hrbxg1yg,c1qdw17z,-0.005784647,Es gibt Hoffnung,Radiological Findings in Patients with COVID-19
zsadls45,17trii16,-0.0057707517,"COVID‐19, children and schools: overlooked and at risk",Endlich mehr Honorar für COVID-19-lmpfungen
kux9vzn8,w6n32mfk,-0.0057299393,Bauchlage senkt Intubationsrate bei wachen COVID-19-Patienten auf Intensivstation,Flavivirus Persistence in Wildlife Populations
mrdg743n,hrbxg1yg,-0.0057216864,Recruiting Residents During COVID-19,Es gibt Hoffnung
wa6isubi,y3hpzj0u,-0.0056977975,Hochkontagiöse Erkrankungen. Sind wir vorbereitet?,"Acknowledgment of Referees, 2020"
lq92mlhs,xamgedfq,-0.005667279,Nachhaltiges Wirtschaften setzt eine nachhaltige Arbeitswelt voraus,Variability Matters
abpts2dj,ffbchp74,-0.0056645283,Interrelations between COVID-19 and other disorders,Rechtsprechung kurz berichtet
7ljhd62b,m6f85z27,-0.005655119,COVID-19 – Eine neue Herausforderung,Care for Incarcerated Patients Hospitalized with COVID-19
7ljhd62b,367c1yt3,-0.0056511452,COVID-19 – Eine neue Herausforderung,"COVID-19, indications for professional football teams and referees training resumption."
sfarwvit,sptrosfa,-0.0056386795,So machen Vermittler ihren Betrieb zukunftsfest,Individual Risk and Collective Fears:
kux9vzn8,v5h0pg1p,-0.0055914973,Bauchlage senkt Intubationsrate bei wachen COVID-19-Patienten auf Intensivstation,Human Coronaviruses
7ljhd62b,lq0sad2n,-0.0055581024,COVID-19 – Eine neue Herausforderung,Enrolling Minors in COVID-19 Vaccine Trials
sfarwvit,labj5l5i,-0.0055414042,So machen Vermittler ihren Betrieb zukunftsfest,Point: Uncertainty about estimating the risks of COVID‐19 during pregnancy
wznchula,fouh4jhs,-0.005533013,Doses of reality,Konjunkturpaket notwendig — Rückkehr zur Schuldenbremse nicht forcieren
8ynum9m5,d6su39tw,-0.0054842196,The reason for this number,Erfolgreiche Behandlung eines drittgradigen Pleuraempyems infolge einer COVID-19-Infektion
xnmpl4uw,d1q2a446,-0.005463502,Hydroxychloroquin‐induzierte akute generalisierte exanthematische Pustulose: eine während der COVID‐19‐Pandemie zu beachtende Nebenwirkung,Issues and Events
xnmpl4uw,n0gyhuve,-0.005463502,Hydroxychloroquin‐induzierte akute generalisierte exanthematische Pustulose: eine während der COVID‐19‐Pandemie zu beachtende Nebenwirkung,Issues and Events
a9jyx7wb,fx92xnzt,-0.005457636,Risk Factors of COVID-19 Patients,Welche Phytos gegen Husten?
jzoj084m,sfarwvit,-0.005452803,COVID-19: Risk factors for critical illness,So machen Vermittler ihren Betrieb zukunftsfest
mln07ka4,2w9zsz4m,-0.0054228967,COVID-19 mortality risk for older men and women,Aktuelles zur Brustkrebstherapie
69uxqf09,fx92xnzt,-0.0054097255,The Essential Business Conundrum in COVID-19 Hotspots,Welche Phytos gegen Husten?
0vlkahyu,m5tmj6jb,-0.0053131687,Wirksamkeit von Pflanzenprodukten gegen Herpesinfektionen,Career Confidential: Distance learning frustrations
hrbxg1yg,2mtfe7p1,-0.005291996,Es gibt Hoffnung,Industry News
tmi60ugl,kylka2rh,-0.0052830153,Fears and Hopes,Zur gesellschaftlichen Akzeptanz von einmaligen Vermögensabgaben
a9jyx7wb,f608irm6,-0.005274385,Risk Factors of COVID-19 Patients,Kardiale Folgen von COVID-19
fouh4jhs,8d3z6dfw,-0.0052230656,Konjunkturpaket notwendig — Rückkehr zur Schuldenbremse nicht forcieren,COVID-19: biological factors in men's vulnerability
8p3fobrk,ffbchp74,-0.0051418394,No Visitors Allowed,Rechtsprechung kurz berichtet
prudlp0t,fx92xnzt,-0.0051387595,"Career pathways, part 1.",Welche Phytos gegen Husten?
qhn8o8qw,fx92xnzt,-0.0051387595,"Career pathways, part 1",Welche Phytos gegen Husten?
8ynum9m5,sfarwvit,-0.0051223026,The reason for this number,So machen Vermittler ihren Betrieb zukunftsfest
3dqljzjm,b2wgo20y,-0.0051221726,An EUA for tocilizumab (Actemra) for COVID-19,Recovering from COVID-19: the key issues
kux9vzn8,b2wgo20y,-0.0050777183,Bauchlage senkt Intubationsrate bei wachen COVID-19-Patienten auf Intensivstation,Recovering from COVID-19: the key issues
880aago1,fx92xnzt,-0.0050701797,Navigating Client Relationships During COVID-19,Welche Phytos gegen Husten?
d6su39tw,d1q2a446,-0.0050172047,Erfolgreiche Behandlung eines drittgradigen Pleuraempyems infolge einer COVID-19-Infektion,Issues and Events
d6su39tw,n0gyhuve,-0.0050172047,Erfolgreiche Behandlung eines drittgradigen Pleuraempyems infolge einer COVID-19-Infektion,Issues and Events
8ezcu225,hrbxg1yg,-0.0049415464,Enquiring minds.,Es gibt Hoffnung
2w9zsz4m,9yknh486,-0.0049397503,Aktuelles zur Brustkrebstherapie,Coinfections with Other Respiratory Pathogens among Patients with COVID-19
xamgedfq,0vlkahyu,-0.0049376106,Variability Matters,Wirksamkeit von Pflanzenprodukten gegen Herpesinfektionen
4tmqfzeb,sfarwvit,-0.004917979,Concerns About Research Ethics in COVID-19 Publications,So machen Vermittler ihren Betrieb zukunftsfest
nxmauvpu,3dqljzjm,-0.0049146772,Reasons for HOPE.,An EUA for tocilizumab (Actemra) for COVID-19
fouh4jhs,5hepuqon,-0.004899071,Konjunkturpaket notwendig — Rückkehr zur Schuldenbremse nicht forcieren,COVID-19 infections in pets such as cats and dogs
kux9vzn8,lzwl577x,-0.0048959935,Bauchlage senkt Intubationsrate bei wachen COVID-19-Patienten auf Intensivstation,Monocytes and Macrophages in COVID-19
46pn6jmc,d4l85xzw,-0.0048741135,Warum Austausch gerade jetzt wichtig ist,Meetings and Courses
7g8i0zzt,8xtexo2z,-0.004860572,Balancing risk and benefit during coronavirus,Marktführer gesucht
ytuhhiwf,xqhxra2p,-0.00484364,Perspectives: Research for all.,Akutrehabilitation nach COVID‑19‑Infektion: Eine ausgewählte Fallserie
3dqljzjm,wzln5by7,-0.004837163,An EUA for tocilizumab (Actemra) for COVID-19,Thanks and Appreciations 2020
o5x72g1a,m5wlk26r,-0.0047979616,Research Focus: Protas,COVID-19 trifft auf angeborene Herzfehler
0dhzv75e,mdd60ic7,-0.004777712,Das neue Verständnis pulmonaler Infektionen,Acknowledgement to Referees
0dhzv75e,se2s9c5j,-0.004777712,Das neue Verständnis pulmonaler Infektionen,Acknowledgement to Referees
0dhzv75e,0ngl3naa,-0.004777712,Das neue Verständnis pulmonaler Infektionen,Acknowledgement to Referees
0dhzv75e,s4bobqls,-0.004777712,Das neue Verständnis pulmonaler Infektionen,Acknowledgement to referees
0dhzv75e,2un48l2e,-0.004777712,Das neue Verständnis pulmonaler Infektionen,Acknowledgement to Referees
0dhzv75e,dbo18qfk,-0.004777712,Das neue Verständnis pulmonaler Infektionen,Acknowledgement to Referees
0dhzv75e,rh9bx841,-0.004777712,Das neue Verständnis pulmonaler Infektionen,Acknowledgement to Referees
0dhzv75e,eej8qb9t,-0.004777701,Das neue Verständnis pulmonaler Infektionen,Acknowledgement to Referees.
0vlkahyu,pqjh0kd4,-0.004762552,Wirksamkeit von Pflanzenprodukten gegen Herpesinfektionen,Waymo Public Road Safety Performance Data
obxdou4u,sfarwvit,-0.0047465856,A note of gratitude,So machen Vermittler ihren Betrieb zukunftsfest
tmi60ugl,wq612zzs,-0.0046757692,Fears and Hopes,Coronaimpfung: Ärztliche Beratung kann Impfbereitschaft steigern
lzwl577x,0smv2ae5,-0.00466274,Monocytes and Macrophages in COVID-19,Wichtige Impfungen zum Schulstart
xnmpl4uw,a9jyx7wb,-0.0046262504,Hydroxychloroquin‐induzierte akute generalisierte exanthematische Pustulose: eine während der COVID‐19‐Pandemie zu beachtende Nebenwirkung,Risk Factors of COVID-19 Patients
y7gy2788,ffbchp74,-0.0046063974,Hopefulness of 'Hope'.,Rechtsprechung kurz berichtet
sfarwvit,pkklt77i,-0.004604595,So machen Vermittler ihren Betrieb zukunftsfest,Remdesivir investigational trials in COVID-19: a critical reappraisal
yv6ia4ma,0vlkahyu,-0.0045309835,E-Learning in Industrial Electronics during Covid-19,Wirksamkeit von Pflanzenprodukten gegen Herpesinfektionen
wtejmdop,7ljhd62b,-0.0044600465,COVID-19 exposes enduring inequalities for children & families,COVID-19 – Eine neue Herausforderung
kylka2rh,rqb19icj,-0.0044419267,Zur gesellschaftlichen Akzeptanz von einmaligen Vermögensabgaben,Experiences of family caregivers of patients with COVID-19
okae43c7,fx92xnzt,-0.0044346866,Analyzing Restaurant Customers’ Evolution of Dining Patterns and Satisfaction during COVID-19 for Sustainable Business Insights,Welche Phytos gegen Husten?
7ljhd62b,m62f2ju5,-0.004433304,COVID-19 – Eine neue Herausforderung,Events of Interest
ryq1asf3,m5wlk26r,-0.004404892,Geographical Readings of COVID-19,COVID-19 trifft auf angeborene Herzfehler
7htbxid6,46z4663u,-0.004346995,COVID-19 and the acknowledgement of children as stakeholders of the tourism industry,Endlich Farbe bekennen
pcj8a0n6,17trii16,-0.004287892,Internationalizing Service Businesses,Endlich mehr Honorar für COVID-19-lmpfungen
qkc0v9xq,ffbchp74,-0.0042661205,MLFW: A Database for Face Recognition on Masked Faces,Rechtsprechung kurz berichtet
xqhxra2p,d4l85xzw,-0.0042544105,Akutrehabilitation nach COVID‑19‑Infektion: Eine ausgewählte Fallserie,Meetings and Courses
9co14g9f,fx92xnzt,-0.00423962,"CoViD-19, containment and accidents in children's domestic life",Welche Phytos gegen Husten?
fd9vwx42,2w9zsz4m,-0.0042120023,Focused and Other,Aktuelles zur Brustkrebstherapie
49xllcu2,0vlkahyu,-0.004141914,State of the climate in 2020,Wirksamkeit von Pflanzenprodukten gegen Herpesinfektionen
jh75tsku,d6su39tw,-0.0041053444,#Plugging Into Hope,Erfolgreiche Behandlung eines drittgradigen Pleuraempyems infolge einer COVID-19-Infektion
4nm46wrp,d6su39tw,-0.0041053365,#Plugging Into Hope,Erfolgreiche Behandlung eines drittgradigen Pleuraempyems infolge einer COVID-19-Infektion
17trii16,3ue8ze3s,-0.0040802835,Endlich mehr Honorar für COVID-19-lmpfungen,Virucidal activity
f60k7elw,6ho4ox2e,-0.004045949,Socioeconomic aspects of covid-19 on the example of rostov region,Pädiatrie aktuell – Forschung kurz notiert
iby0fo3z,fx92xnzt,-0.004023194,Scientists in a time of COVID-19.,Welche Phytos gegen Husten?
fx92xnzt,066n79kk,-0.004023194,Welche Phytos gegen Husten?,Scientists in a time of COVID-19
mrdg743n,17trii16,-0.0040075327,Recruiting Residents During COVID-19,Endlich mehr Honorar für COVID-19-lmpfungen
8xnfwho6,17trii16,-0.0039903447,Capturing Our COVID-19 Efforts,Endlich mehr Honorar für COVID-19-lmpfungen
kux9vzn8,9bl1hs75,-0.0039900998,Bauchlage senkt Intubationsrate bei wachen COVID-19-Patienten auf Intensivstation,Issue Highlights.
kux9vzn8,cmiudlxe,-0.0039900998,Bauchlage senkt Intubationsrate bei wachen COVID-19-Patienten auf Intensivstation,"Highlights of the issue 6, 2020"
kux9vzn8,28hlwjw7,-0.0039900998,Bauchlage senkt Intubationsrate bei wachen COVID-19-Patienten auf Intensivstation,Highlights of the May issue.
kux9vzn8,n3x6iehh,-0.0039900998,Bauchlage senkt Intubationsrate bei wachen COVID-19-Patienten auf Intensivstation,Issue Highlights.
aorrfl8y,fx92xnzt,-0.003989938,Nurses' House-for Nurses.,Welche Phytos gegen Husten?
mdd60ic7,g4g02t1w,-0.0038989354,Acknowledgement to Referees,KnorpelRegister - Bilanz nach sieben Jahren
g4g02t1w,0ngl3naa,-0.0038989354,KnorpelRegister - Bilanz nach sieben Jahren,Acknowledgement to Referees
g4g02t1w,se2s9c5j,-0.0038989354,KnorpelRegister - Bilanz nach sieben Jahren,Acknowledgement to Referees
g4g02t1w,eej8qb9t,-0.0038989354,KnorpelRegister - Bilanz nach sieben Jahren,Acknowledgement to Referees.
g4g02t1w,2un48l2e,-0.0038989354,KnorpelRegister - Bilanz nach sieben Jahren,Acknowledgement to Referees
g4g02t1w,s4bobqls,-0.0038989354,KnorpelRegister - Bilanz nach sieben Jahren,Acknowledgement to referees
g4g02t1w,dbo18qfk,-0.0038989354,KnorpelRegister - Bilanz nach sieben Jahren,Acknowledgement to Referees
g4g02t1w,rh9bx841,-0.0038989354,KnorpelRegister - Bilanz nach sieben Jahren,Acknowledgement to Referees
30097lan,0vlkahyu,-0.0038886736,Hematological Aspects of COVID-19,Wirksamkeit von Pflanzenprodukten gegen Herpesinfektionen
46pn6jmc,y3hpzj0u,-0.0038309898,Warum Austausch gerade jetzt wichtig ist,"Acknowledgment of Referees, 2020"
xqhxra2p,vsdsp7jc,-0.0038162603,Akutrehabilitation nach COVID‑19‑Infektion: Eine ausgewählte Fallserie,Spotlight on Female Voices
db28aepb,0vlkahyu,-0.0038145732,COVID-19 international neurological registries,Wirksamkeit von Pflanzenprodukten gegen Herpesinfektionen
ak263h99,fx92xnzt,-0.0037924333,Science Matters,Welche Phytos gegen Husten?
2mn5n7p9,ffbchp74,-0.0037621816,[Important and Unresolved Aspects of Neuropathologic Analyses of COVID-19 Individuals].,Rechtsprechung kurz berichtet
a9jyx7wb,46z4663u,-0.0037533892,Risk Factors of COVID-19 Patients,Endlich Farbe bekennen
4n1ff3bv,0vlkahyu,-0.0037355737,Quality Issues with Public Domain Chemogenomics Data.,Wirksamkeit von Pflanzenprodukten gegen Herpesinfektionen
1olhvm5k,0vlkahyu,-0.0037264219,Workforce Issues in Urology.,Wirksamkeit von Pflanzenprodukten gegen Herpesinfektionen
0vlkahyu,9ixzup9g,-0.0037264219,Wirksamkeit von Pflanzenprodukten gegen Herpesinfektionen,Workforce Issues in Urology
d1q2a446,zpo4us36,-0.0037123288,Issues and Events,Versorgung von Krebspatienten leidet
zpo4us36,n0gyhuve,-0.0037123288,Versorgung von Krebspatienten leidet,Issues and Events
fouh4jhs,aw1pbmz4,-0.003690102,Konjunkturpaket notwendig — Rückkehr zur Schuldenbremse nicht forcieren,Risk factors analysisi for COVID‑19 in the elderly
8xtexo2z,a9jyx7wb,-0.003656444,Marktführer gesucht,Risk Factors of COVID-19 Patients
dc2un4p7,0vlkahyu,-0.0036352265,Health risks at the Hajj.,Wirksamkeit von Pflanzenprodukten gegen Herpesinfektionen
wwuebui7,0vlkahyu,-0.0036045718,Events calendar,Wirksamkeit von Pflanzenprodukten gegen Herpesinfektionen
an3twhzi,0vlkahyu,-0.0036045718,Events calendar,Wirksamkeit von Pflanzenprodukten gegen Herpesinfektionen
uk6m7ry1,0vlkahyu,-0.0036045718,Events calendar,Wirksamkeit von Pflanzenprodukten gegen Herpesinfektionen
2w9zsz4m,jf6lnsfj,-0.003581879,Aktuelles zur Brustkrebstherapie,Impact of COVID-19 on children and pediatricians
u69zztw4,fx92xnzt,-0.0035799525,'I am loving all aspects of the job',Welche Phytos gegen Husten?
yrhf7qci,sfarwvit,-0.0035361852,News-Screen Rheumatologie,So machen Vermittler ihren Betrieb zukunftsfest
cixnefb2,sfarwvit,-0.0035361852,News-Screen Rheumatologie,So machen Vermittler ihren Betrieb zukunftsfest
xqhxra2p,0l41f0xj,-0.0035330374,Akutrehabilitation nach COVID‑19‑Infektion: Eine ausgewählte Fallserie,COVID-19 and pregnancy: are they friends or enemies?
6ho4ox2e,nm89ue1r,-0.0035190603,Pädiatrie aktuell – Forschung kurz notiert,Finding purpose
fg8pclua,7ljhd62b,-0.0035049366,COVID‐19 anticoagulation recommendations in children,COVID-19 – Eine neue Herausforderung
30097lan,quj1mxlb,-0.00348793,Hematological Aspects of COVID-19,Unternehmen setzen verstärkt auf Crowdworking
vskya7f0,y3hpzj0u,-0.0034768211,So viele Praxen haben Kurzarbeit angemeldet,"Acknowledgment of Referees, 2020"
ekkf4hc2,fouh4jhs,-0.0034457354,Physicians Abstracts,Konjunkturpaket notwendig — Rückkehr zur Schuldenbremse nicht forcieren
z2fvbwp9,eej8qb9t,-0.0034118593,Sicherheit bei der Einnahme von immunsupprimierenden Medikamenten,Acknowledgement to Referees.
mdd60ic7,z2fvbwp9,-0.0034118402,Acknowledgement to Referees,Sicherheit bei der Einnahme von immunsupprimierenden Medikamenten
z2fvbwp9,se2s9c5j,-0.0034118402,Sicherheit bei der Einnahme von immunsupprimierenden Medikamenten,Acknowledgement to Referees
z2fvbwp9,0ngl3naa,-0.0034118402,Sicherheit bei der Einnahme von immunsupprimierenden Medikamenten,Acknowledgement to Referees
z2fvbwp9,s4bobqls,-0.0034118402,Sicherheit bei der Einnahme von immunsupprimierenden Medikamenten,Acknowledgement to referees
z2fvbwp9,2un48l2e,-0.0034118402,Sicherheit bei der Einnahme von immunsupprimierenden Medikamenten,Acknowledgement to Referees
z2fvbwp9,dbo18qfk,-0.0034118402,Sicherheit bei der Einnahme von immunsupprimierenden Medikamenten,Acknowledgement to Referees
z2fvbwp9,rh9bx841,-0.0034118402,Sicherheit bei der Einnahme von immunsupprimierenden Medikamenten,Acknowledgement to Referees
1xdw3mg7,fx92xnzt,-0.0034015635,Reflections on ethnographic fieldwork across a lifetime,Welche Phytos gegen Husten?
pzumy9nk,2w9zsz4m,-0.0033986287,Risk stratification in hospitalized COVID-19 patients,Aktuelles zur Brustkrebstherapie
sfarwvit,kxdcrchq,-0.0033963618,So machen Vermittler ihren Betrieb zukunftsfest,"Remdesivir, on the road to DisCoVeRy"
sfarwvit,v2mh5gwe,-0.0033859704,So machen Vermittler ihren Betrieb zukunftsfest,Xanthogranulomatous pyelonephritis: a focus on microbiological and antibiotic resistance profiles
0vlkahyu,137ju4ov,-0.0033614698,Wirksamkeit von Pflanzenprodukten gegen Herpesinfektionen,Cultural heritage and social experiences in the times of COVID 19
3dqljzjm,kgkmjb1b,-0.0033479254,An EUA for tocilizumab (Actemra) for COVID-19,Expect the Unexpected!
4yx27fa9,y3hpzj0u,-0.0033245017,COVID-19-Pandemie als Weckruf für einen Strategiewechsel,"Acknowledgment of Referees, 2020"
kux9vzn8,v8fm3r9u,-0.0033220793,Bauchlage senkt Intubationsrate bei wachen COVID-19-Patienten auf Intensivstation,The political economy of COVID-19
lq92mlhs,y76h5hht,-0.0033165184,Nachhaltiges Wirtschaften setzt eine nachhaltige Arbeitswelt voraus,Ivermectin buyers clubs
dp1gpjvf,xnmpl4uw,-0.003294548,eMJA: In other journals ‐ 5 May 2003,Hydroxychloroquin‐induzierte akute generalisierte exanthematische Pustulose: eine während der COVID‐19‐Pandemie zu beachtende Nebenwirkung
q1gecucn,f608irm6,-0.0032527074,Tackling debt,Kardiale Folgen von COVID-19
wppqz2ol,0vlkahyu,-0.0032334111,"Covid-19, societalization, and the future of business in society",Wirksamkeit von Pflanzenprodukten gegen Herpesinfektionen
s27s4umt,0smv2ae5,-0.0032232087,Profiles of US Hispanics Unvaccinated for COVID-19,Wichtige Impfungen zum Schulstart
z57raijg,fx92xnzt,-0.00320834,"PCORnet® 2020: Current State, Accomplishments, and Future Directions",Welche Phytos gegen Husten?
17trii16,9mvk86q6,-0.0031866033,Endlich mehr Honorar für COVID-19-lmpfungen,Humanity tested
2w9zsz4m,92vlvtus,-0.0031825833,Aktuelles zur Brustkrebstherapie,Counting Numbers
rbez38t1,0vlkahyu,-0.0031463027,Academic Coaching of Medical Students During COVID-19.,Wirksamkeit von Pflanzenprodukten gegen Herpesinfektionen
y1wpc0dk,fx92xnzt,-0.0031395573,People + Companies,Welche Phytos gegen Husten?
9bdiz5pz,fx92xnzt,-0.0031395573,People + Companies,Welche Phytos gegen Husten?
1lv85pgb,17trii16,-0.0031080132,Safety of COVID‐19 vaccines,Endlich mehr Honorar für COVID-19-lmpfungen
ere0dv1b,8ezcu225,-0.003102902,La necesidad de cambiar la estrategia en la gestión de la enfermedad COVID-19,Enquiring minds.
2w9zsz4m,x7o8v1rl,-0.003074644,Aktuelles zur Brustkrebstherapie,Elastomeric Respirators for All Healthcare Workers
xsem58kn,fx92xnzt,-0.0030308228,Logistics as a Competitive Advantage in Retail Organizations,Welche Phytos gegen Husten?
zsadls45,0vlkahyu,-0.003021737,"COVID‐19, children and schools: overlooked and at risk",Wirksamkeit von Pflanzenprodukten gegen Herpesinfektionen
k0roq5gl,2w9zsz4m,-0.0029971222,"Risk factors for bronchiolitis and asthma, and COVID‐19 symptoms in young children",Aktuelles zur Brustkrebstherapie
fx92xnzt,4pv7iq1m,-0.0029918985,Welche Phytos gegen Husten?,Policy priorities for 2020/21
3dqljzjm,mxciqmre,-0.0029912374,An EUA for tocilizumab (Actemra) for COVID-19,Much More Has Been Done Right Than Wrong.
7ljhd62b,2ootfjhk,-0.002989662,COVID-19 – Eine neue Herausforderung,Risk factors for disease progression in COVID-19 patients
7ljhd62b,88n6hwyo,-0.002989662,COVID-19 – Eine neue Herausforderung,Risk factors for disease progression in COVID-19 patients
whl6yq4p,fx92xnzt,-0.002943409,Cardiovascular aspects of COVID-19,Welche Phytos gegen Husten?
l2swok5b,fx92xnzt,-0.0029232807,Home visits: A practical approach,Welche Phytos gegen Husten?
0sl4xp50,cl81y08y,-0.002899414,Neuropathological Features of COVID-19,Auf dem Weg zu einer nachhaltigen Mobilität
zsadls45,8xtexo2z,-0.0028699723,"COVID‐19, children and schools: overlooked and at risk",Marktführer gesucht
sfarwvit,wt11x3yw,-0.0028084477,So machen Vermittler ihren Betrieb zukunftsfest,Application and evaluation of entomopathogens for control of livestock and poultry pests
iddwqw3z,2w9zsz4m,-0.0028018847,Contagious Protests,Aktuelles zur Brustkrebstherapie
d50ywzz1,ffbchp74,-0.0027909973,When Society Ages,Rechtsprechung kurz berichtet
8xtexo2z,5q7qqkno,-0.0027833534,Marktführer gesucht,Caught by NETs
8xtexo2z,4eni261d,-0.002782718,Marktführer gesucht,The beneficiaries of rehabilitation
eytapevk,2w9zsz4m,-0.0027774079,Face masks,Aktuelles zur Brustkrebstherapie
1x33r4dw,zpo4us36,-0.00277128,Sports: The Infectious Hazards.,Versorgung von Krebspatienten leidet
tmi60ugl,fouh4jhs,-0.0027675752,Fears and Hopes,Konjunkturpaket notwendig — Rückkehr zur Schuldenbremse nicht forcieren
ig8h7ym4,ffbchp74,-0.0027621803,COVID-19: Protecting yourself and others,Rechtsprechung kurz berichtet
wzln5by7,sfarwvit,-0.0027373722,Thanks and Appreciations 2020,So machen Vermittler ihren Betrieb zukunftsfest
jzoj084m,7ljhd62b,-0.0027324,COVID-19: Risk factors for critical illness,COVID-19 – Eine neue Herausforderung
kux9vzn8,eq2iyosr,-0.0027299987,Bauchlage senkt Intubationsrate bei wachen COVID-19-Patienten auf Intensivstation,12 Biodefense and Special Pathogen Vaccines
7kj3ttsm,0vlkahyu,-0.0027274184,The molecular footprints of COVID-19,Wirksamkeit von Pflanzenprodukten gegen Herpesinfektionen
2w9zsz4m,1ts6951f,-0.0027248603,Aktuelles zur Brustkrebstherapie,Coinfection and Other Clinical Characteristics of COVID-19 in Children
d4l85xzw,m5wlk26r,-0.0027184025,Meetings and Courses,COVID-19 trifft auf angeborene Herzfehler
8ezcu225,4yx27fa9,-0.0027084074,Enquiring minds.,COVID-19-Pandemie als Weckruf für einen Strategiewechsel
fx92xnzt,b2wgo20y,-0.0026902198,Welche Phytos gegen Husten?,Recovering from COVID-19: the key issues
0zt5ykhn,0vlkahyu,-0.0026701528,"The Human, Economic, Social, and Political Costs of COVID-19",Wirksamkeit von Pflanzenprodukten gegen Herpesinfektionen
whl6yq4p,kcl0uzdg,-0.0025816492,Cardiovascular aspects of COVID-19,Budesonid verhindert bei COVID-19 Übergang zu schwerem Verlauf
0575yava,fouh4jhs,-0.0025732517,Challenges for indigenous children and youth,Konjunkturpaket notwendig — Rückkehr zur Schuldenbremse nicht forcieren
zpo4us36,fcivj1x2,-0.0025615466,Versorgung von Krebspatienten leidet,Insurer Curbs Opioid Prescriptions.
wtejmdop,2w9zsz4m,-0.0025523533,COVID-19 exposes enduring inequalities for children & families,Aktuelles zur Brustkrebstherapie
8xtexo2z,0xm29wmq,-0.0025479095,Marktführer gesucht,The potential impacts of obesity on COVID-19.
rqb19icj,8ckdabhf,-0.0025368708,Experiences of family caregivers of patients with COVID-19,Gibt es eine Rationale für eine bestimmte Blütentherapie?
lq92mlhs,u8kz7i99,-0.002457041,Nachhaltiges Wirtschaften setzt eine nachhaltige Arbeitswelt voraus,"Viruses of birds, mice, and men."
w4k5v3gz,whl6yq4p,-0.0023991466,Nach COVID-19-Infektion treten vermehrt Herzprobleme auf,Cardiovascular aspects of COVID-19
wxjssuru,m5wlk26r,-0.0023987282,Clinical features and potential risk factors for discerning the critical cases and predicting the outcome of patients with COVID-19,COVID-19 trifft auf angeborene Herzfehler
lq92mlhs,zsadls45,-0.00236029,Nachhaltiges Wirtschaften setzt eine nachhaltige Arbeitswelt voraus,"COVID‐19, children and schools: overlooked and at risk"
yg2yskta,hrbxg1yg,-0.0023557926,Cardiovascular News,Es gibt Hoffnung
lq92mlhs,k7qibllm,-0.0023452952,Nachhaltiges Wirtschaften setzt eine nachhaltige Arbeitswelt voraus,Are children and schools a COVID-19 threat?
bjj8jhbb,0vlkahyu,-0.002331974,Training Networks of Local Health Departments: A Regional Assessment.,Wirksamkeit von Pflanzenprodukten gegen Herpesinfektionen
fx2tuak5,46z4663u,-0.0022828295,Insight into COVID‐2019 for pediatricians,Endlich Farbe bekennen
4coluqp2,fx92xnzt,-0.002243747,Structures of the Mononegavirales Polymerases,Welche Phytos gegen Husten?
7rjbqaqu,fx92xnzt,-0.0022105067,The paths towards institutionalization,Welche Phytos gegen Husten?
uzs39gx1,hrbxg1yg,-0.0021341497,Care for caregivers- a mission for primary care,Es gibt Hoffnung
d1cjcd7g,8xtexo2z,-0.0021319757,Overlapping risks.,Marktführer gesucht
nujoah0y,0vlkahyu,-0.0020988332,Work a key determinant in COVID-19 risk,Wirksamkeit von Pflanzenprodukten gegen Herpesinfektionen
46z4663u,d4l85xzw,-0.0020300054,Endlich Farbe bekennen,Meetings and Courses
p81l6zvz,d4l85xzw,-0.0020263537,Systemische Immunsuppression in Zeiten von COVID‐19: Müssen wir umdenken?,Meetings and Courses
1g0pthfr,cl81y08y,-0.0020074286,Epidemiological and Clinical Predictors of COVID-19,Auf dem Weg zu einer nachhaltigen Mobilität
fouh4jhs,dyx1gv62,-0.0019752113,Konjunkturpaket notwendig — Rückkehr zur Schuldenbremse nicht forcieren,Rehabilitation of patients with COVID-19.
zqt6f6m5,kux9vzn8,-0.0019718339,COVID and Climate: Similarities and differences,Bauchlage senkt Intubationsrate bei wachen COVID-19-Patienten auf Intensivstation
8p3fobrk,yzbi7r6h,-0.0019563804,No Visitors Allowed,N-(2-(1h-indol-3-yl)ethyl)-2-(6-methoxynaphthalen-2-yl)propanamide
v5xifx53,sfarwvit,-0.0019501324,The costs of COVID-19 and the cost-effectiveness of testing,So machen Vermittler ihren Betrieb zukunftsfest
k7qibllm,f608irm6,-0.0019300595,Are children and schools a COVID-19 threat?,Kardiale Folgen von COVID-19
3vov7mxw,m5wlk26r,-0.0019283823,Racial and Ethnic Disparities in COVID-19 Vaccination Coverage: The Contribution of Socioeconomic and Demographic Factors,COVID-19 trifft auf angeborene Herzfehler
yug67euu,fx92xnzt,-0.0019136124,Undergraduate researchers’ graduate school intentions during COVID‐19,Welche Phytos gegen Husten?
7htbxid6,f608irm6,-0.0018991426,COVID-19 and the acknowledgement of children as stakeholders of the tourism industry,Kardiale Folgen von COVID-19
c9xmzst6,sfarwvit,-0.0018882756,The challenges of international comparisons of COVID-19,So machen Vermittler ihren Betrieb zukunftsfest
5jky7m12,lq92mlhs,-0.0018575641,Articles of Public Interest.,Nachhaltiges Wirtschaften setzt eine nachhaltige Arbeitswelt voraus
lq92mlhs,j7wcqqbx,-0.0018575641,Nachhaltiges Wirtschaften setzt eine nachhaltige Arbeitswelt voraus,Articles of Public Interest.
clwl2w91,sfarwvit,-0.0018439919,Focus on immunocompromised patients.,So machen Vermittler ihren Betrieb zukunftsfest
n54036de,m5wlk26r,-0.0018377118,COVID-19 in children: reasons for uneventful clinical course,COVID-19 trifft auf angeborene Herzfehler
lq92mlhs,w72ielhf,-0.0017851341,Nachhaltiges Wirtschaften setzt eine nachhaltige Arbeitswelt voraus,Editors’ Note
ptxwnbhf,fouh4jhs,-0.0017475395,Investigating people's anxieties and concerns about COVID-19,Konjunkturpaket notwendig — Rückkehr zur Schuldenbremse nicht forcieren
ffbchp74,tke3pkpk,-0.0017323584,Rechtsprechung kurz berichtet,Two Weeks
1jjks4za,fx92xnzt,-0.0017250277,COVID-19 and Quality of Life: Twelve Reflections,Welche Phytos gegen Husten?
3dqljzjm,r9vbrf14,-0.0017066506,An EUA for tocilizumab (Actemra) for COVID-19,Special Issue “COVID-19 & Beyond”
fouh4jhs,2ootfjhk,-0.0017002226,Konjunkturpaket notwendig — Rückkehr zur Schuldenbremse nicht forcieren,Risk factors for disease progression in COVID-19 patients
fouh4jhs,88n6hwyo,-0.0017002226,Konjunkturpaket notwendig — Rückkehr zur Schuldenbremse nicht forcieren,Risk factors for disease progression in COVID-19 patients
dp1gpjvf,fouh4jhs,-0.0016871733,eMJA: In other journals ‐ 5 May 2003,Konjunkturpaket notwendig — Rückkehr zur Schuldenbremse nicht forcieren
jlkrg2nn,0vlkahyu,-0.0016586517,COVID-19: The therapeutic landscape,Wirksamkeit von Pflanzenprodukten gegen Herpesinfektionen
618wbpa4,8xtexo2z,-0.0016467522,Superhydrophobicity prevents surface contamination of COVID-19,Marktführer gesucht
ffbchp74,gaws31nj,-0.0016377231,Rechtsprechung kurz berichtet,2019-nCoV: a worldwide concern and facts
xilb0djj,fx92xnzt,-0.0015978726,No Room for Assumptions: Covid-19 Preparedness Project,Welche Phytos gegen Husten?
sfarwvit,db28aepb,-0.0015711308,So machen Vermittler ihren Betrieb zukunftsfest,COVID-19 international neurological registries
kux9vzn8,m62f2ju5,-0.001537512,Bauchlage senkt Intubationsrate bei wachen COVID-19-Patienten auf Intensivstation,Events of Interest
mrdg743n,0vlkahyu,-0.0015288533,Recruiting Residents During COVID-19,Wirksamkeit von Pflanzenprodukten gegen Herpesinfektionen
17trii16,056mkhs6,-0.0015247447,Endlich mehr Honorar für COVID-19-lmpfungen,Readability of general practice websites and the BJGP
fouh4jhs,3nawa644,-0.0014853143,Konjunkturpaket notwendig — Rückkehr zur Schuldenbremse nicht forcieren,COVID-19 vaccination for people with comorbidities
kux9vzn8,3weguuf7,-0.0014687151,Bauchlage senkt Intubationsrate bei wachen COVID-19-Patienten auf Intensivstation,"Coronavirus infections: Epidemiological, clinical and immunological features and hypotheses"
3dqljzjm,6zrlagkp,-0.0014580027,An EUA for tocilizumab (Actemra) for COVID-19,The powerful hold of COVID-19
sfarwvit,7y8ixx74,-0.0014500389,So machen Vermittler ihren Betrieb zukunftsfest,Interactions and oligomerization of hantavirus glycoproteins.
vgsem8f6,17trii16,-0.0014471468,Department of Health.,Endlich mehr Honorar für COVID-19-lmpfungen
d4l85xzw,8ckdabhf,-0.0013777461,Meetings and Courses,Gibt es eine Rationale für eine bestimmte Blütentherapie?
vm2jblej,mdd60ic7,-0.0013726087,Zur antimikrobiellen und viruziden Wirksamkeit von Octenidin-Lutschtabletten,Acknowledgement to Referees
vm2jblej,se2s9c5j,-0.0013726087,Zur antimikrobiellen und viruziden Wirksamkeit von Octenidin-Lutschtabletten,Acknowledgement to Referees
vm2jblej,0ngl3naa,-0.0013726087,Zur antimikrobiellen und viruziden Wirksamkeit von Octenidin-Lutschtabletten,Acknowledgement to Referees
vm2jblej,s4bobqls,-0.0013726087,Zur antimikrobiellen und viruziden Wirksamkeit von Octenidin-Lutschtabletten,Acknowledgement to referees
vm2jblej,2un48l2e,-0.0013726087,Zur antimikrobiellen und viruziden Wirksamkeit von Octenidin-Lutschtabletten,Acknowledgement to Referees
vm2jblej,dbo18qfk,-0.0013726087,Zur antimikrobiellen und viruziden Wirksamkeit von Octenidin-Lutschtabletten,Acknowledgement to Referees
vm2jblej,rh9bx841,-0.0013726087,Zur antimikrobiellen und viruziden Wirksamkeit von Octenidin-Lutschtabletten,Acknowledgement to Referees
vm2jblej,eej8qb9t,-0.0013726,Zur antimikrobiellen und viruziden Wirksamkeit von Octenidin-Lutschtabletten,Acknowledgement to Referees.
2w9zsz4m,havdj4c5,-0.0013449398,Aktuelles zur Brustkrebstherapie,Impacts of COVID-19 on International Students in the U.S
fx92xnzt,vsdsp7jc,-0.0013282426,Welche Phytos gegen Husten?,Spotlight on Female Voices
zku020ww,17trii16,-0.001323508,"Educating heads, hands, and hearts in the COVID-19 Classroom",Endlich mehr Honorar für COVID-19-lmpfungen
2w9zsz4m,h7tn0grl,-0.0013066501,Aktuelles zur Brustkrebstherapie,COVID-19 in Children-Not Just Little Adults.
sfarwvit,wca81nyz,-0.0013038452,So machen Vermittler ihren Betrieb zukunftsfest,Shielding from covid-19 should be stratified by risk.
1x33r4dw,0vlkahyu,-0.0012657611,Sports: The Infectious Hazards.,Wirksamkeit von Pflanzenprodukten gegen Herpesinfektionen
7ljhd62b,ys9z143t,-0.0012425818,COVID-19 – Eine neue Herausforderung,Precautions for Intubating Patients with COVID-19
fouh4jhs,bnto2xy7,-0.0012174707,Konjunkturpaket notwendig — Rückkehr zur Schuldenbremse nicht forcieren,COVID‐19 vaccination in children and university students
fx92xnzt,bcrb72yv,-0.0011911638,Welche Phytos gegen Husten?,The Value of Real‐Time Pricing for Utilities and Customers
ru8ofk3p,kux9vzn8,-0.0011545033,Pharmacological Activities and Phytochemical Constituents,Bauchlage senkt Intubationsrate bei wachen COVID-19-Patienten auf Intensivstation
cjwwxrud,0vlkahyu,-0.0011423817,Financial Calendar,Wirksamkeit von Pflanzenprodukten gegen Herpesinfektionen
zsadls45,d6su39tw,-0.0010940358,"COVID‐19, children and schools: overlooked and at risk",Erfolgreiche Behandlung eines drittgradigen Pleuraempyems infolge einer COVID-19-Infektion
2w9zsz4m,4zeaybg9,-0.0010855851,Aktuelles zur Brustkrebstherapie,AECNet: Attentive EfficientNet for Crowd Counting
bpz6skgv,ffbchp74,-0.0010020765,Critical care,Rechtsprechung kurz berichtet
hb1kxos3,fx92xnzt,-0.00095633924,Quality indicators for ERCP.,Welche Phytos gegen Husten?
fx92xnzt,e6pxogg9,-0.0009397021,Welche Phytos gegen Husten?,Monitoring Remote Employees at FinPro
7ljhd62b,jf6lnsfj,-0.0009299294,COVID-19 – Eine neue Herausforderung,Impact of COVID-19 on children and pediatricians
0l41f0xj,17trii16,-0.00091076083,COVID-19 and pregnancy: are they friends or enemies?,Endlich mehr Honorar für COVID-19-lmpfungen
zpo4us36,d4l85xzw,-0.0009074482,Versorgung von Krebspatienten leidet,Meetings and Courses
96vdr49l,8ezcu225,-0.00089379406,LA ATENCIÓN PRIMARIA Y COMUNITARIA (APyC) Y LA ESTRATEGIA DE ABORDAJE DE LA PANDEMIA COVID19,Enquiring minds.
y1wpc0dk,46pn6jmc,-0.0008753573,People + Companies,Warum Austausch gerade jetzt wichtig ist
9bdiz5pz,46pn6jmc,-0.0008753573,People + Companies,Warum Austausch gerade jetzt wichtig ist
mrdg743n,cl81y08y,-0.0008710008,Recruiting Residents During COVID-19,Auf dem Weg zu einer nachhaltigen Mobilität
2w9zsz4m,0l2oth75,-0.0008623483,Aktuelles zur Brustkrebstherapie,Risk of COVID-19 for patients with cancer
bkskp6my,2w9zsz4m,-0.0008621045,Inscrutable to myself,Aktuelles zur Brustkrebstherapie
ppi4ng02,fx92xnzt,-0.0008617803,A Message from the Guest Editor,Welche Phytos gegen Husten?
tbm75ee3,sfarwvit,-0.00084350054,Predicting Mortality from Credit Reports,So machen Vermittler ihren Betrieb zukunftsfest
mdd60ic7,bcxn49y8,-0.0008382639,Acknowledgement to Referees,"""Praxen können effizienter organisiert werden"": Dermatologie bleibt Vorreiter bei der Telemedizin"
bcxn49y8,se2s9c5j,-0.00083825964,"""Praxen können effizienter organisiert werden"": Dermatologie bleibt Vorreiter bei der Telemedizin",Acknowledgement to Referees
bcxn49y8,0ngl3naa,-0.00083825964,"""Praxen können effizienter organisiert werden"": Dermatologie bleibt Vorreiter bei der Telemedizin",Acknowledgement to Referees
bcxn49y8,eej8qb9t,-0.00083825964,"""Praxen können effizienter organisiert werden"": Dermatologie bleibt Vorreiter bei der Telemedizin",Acknowledgement to Referees.
bcxn49y8,2un48l2e,-0.00083825964,"""Praxen können effizienter organisiert werden"": Dermatologie bleibt Vorreiter bei der Telemedizin",Acknowledgement to Referees
bcxn49y8,s4bobqls,-0.00083825964,"""Praxen können effizienter organisiert werden"": Dermatologie bleibt Vorreiter bei der Telemedizin",Acknowledgement to referees
bcxn49y8,dbo18qfk,-0.00083825964,"""Praxen können effizienter organisiert werden"": Dermatologie bleibt Vorreiter bei der Telemedizin",Acknowledgement to Referees
bcxn49y8,rh9bx841,-0.00083825964,"""Praxen können effizienter organisiert werden"": Dermatologie bleibt Vorreiter bei der Telemedizin",Acknowledgement to Referees
wzln5by7,7pwre0xc,-0.0008015841,Thanks and Appreciations 2020,"Nieuw jaar, Nieuwe kansen"
fx92xnzt,epsi5qq7,-0.0007908658,Welche Phytos gegen Husten?,Clinical Features of COVID-19 Patients in Xiaogan City
8xnfwho6,2w9zsz4m,-0.00077192736,Capturing Our COVID-19 Efforts,Aktuelles zur Brustkrebstherapie
3vov7mxw,0vlkahyu,-0.00071538164,Racial and Ethnic Disparities in COVID-19 Vaccination Coverage: The Contribution of Socioeconomic and Demographic Factors,Wirksamkeit von Pflanzenprodukten gegen Herpesinfektionen
7ljhd62b,yiwrfvfs,-0.0007082442,COVID-19 – Eine neue Herausforderung,Factors associated with parents' willingness to enroll their children in trials for COVID-19 vaccination.
7ljhd62b,2zk9t7ij,-0.000682406,COVID-19 – Eine neue Herausforderung,Parasites and Diseases
jz4qhl5u,sfarwvit,-0.0006774005,Notes and Trends,So machen Vermittler ihren Betrieb zukunftsfest
g8b0adbv,sfarwvit,-0.00065120903,COVID-19: Prospective Challenges and Potential Vaccines,So machen Vermittler ihren Betrieb zukunftsfest
2w9zsz4m,kwflmr96,-0.00064746995,Aktuelles zur Brustkrebstherapie,Number of deaths from untreated addiction may rival those from COVID‐19
d6su39tw,21516xjz,-0.00062827417,Erfolgreiche Behandlung eines drittgradigen Pleuraempyems infolge einer COVID-19-Infektion,From the editors COVID-19: Learning to hope and hoping to learn
ffbchp74,xyg5hjv1,-0.0006128132,Rechtsprechung kurz berichtet,From schoolification of children to schoolification of parents? – educational policies in COVID times
2w9zsz4m,amm625ic,-0.0006072982,Aktuelles zur Brustkrebstherapie,"Weighing the Costs of Disaster: Consequences, Risks, and Resilience in Individuals, Families, and Communities."
zykiqask,fx92xnzt,-0.0005825516,Regional entrepreneurial ecosystems: learning from forest ecosystems,Welche Phytos gegen Husten?
rbez38t1,fouh4jhs,-0.00057244167,Academic Coaching of Medical Students During COVID-19.,Konjunkturpaket notwendig — Rückkehr zur Schuldenbremse nicht forcieren
mdd60ic7,f66ybir0,-0.0005451637,Acknowledgement to Referees,Psychische Versorgung von Kindern und Jugendlichen in Österreich neu aufstellen: Dringender Handlungsbedarf besteht JETZT!
f66ybir0,0ngl3naa,-0.0005451637,Psychische Versorgung von Kindern und Jugendlichen in Österreich neu aufstellen: Dringender Handlungsbedarf besteht JETZT!,Acknowledgement to Referees
f66ybir0,se2s9c5j,-0.0005451637,Psychische Versorgung von Kindern und Jugendlichen in Österreich neu aufstellen: Dringender Handlungsbedarf besteht JETZT!,Acknowledgement to Referees
f66ybir0,s4bobqls,-0.0005451637,Psychische Versorgung von Kindern und Jugendlichen in Österreich neu aufstellen: Dringender Handlungsbedarf besteht JETZT!,Acknowledgement to referees
f66ybir0,2un48l2e,-0.0005451637,Psychische Versorgung von Kindern und Jugendlichen in Österreich neu aufstellen: Dringender Handlungsbedarf besteht JETZT!,Acknowledgement to Referees
f66ybir0,dbo18qfk,-0.0005451637,Psychische Versorgung von Kindern und Jugendlichen in Österreich neu aufstellen: Dringender Handlungsbedarf besteht JETZT!,Acknowledgement to Referees
f66ybir0,rh9bx841,-0.0005451637,Psychische Versorgung von Kindern und Jugendlichen in Österreich neu aufstellen: Dringender Handlungsbedarf besteht JETZT!,Acknowledgement to Referees
f66ybir0,eej8qb9t,-0.00054514594,Psychische Versorgung von Kindern und Jugendlichen in Österreich neu aufstellen: Dringender Handlungsbedarf besteht JETZT!,Acknowledgement to Referees.
znsjqn3m,17trii16,-0.0004870495,Class - the ignored determinant of the nation's health.,Endlich mehr Honorar für COVID-19-lmpfungen
kux9vzn8,64iq25ct,-0.00046230186,Bauchlage senkt Intubationsrate bei wachen COVID-19-Patienten auf Intensivstation,The big in the small
7knn1voy,m5wlk26r,-0.00043987445,Denominator matters in estimating COVID-19 mortality rates,COVID-19 trifft auf angeborene Herzfehler
0oxhhz67,fx92xnzt,-0.00041056963,News and views.,Welche Phytos gegen Husten?
xypv6anx,fx92xnzt,-0.00041056963,News and Views,Welche Phytos gegen Husten?
fx92xnzt,keq5idua,-0.00041056963,Welche Phytos gegen Husten?,News and views.
t08jvyv1,0vlkahyu,-0.0004008989,Understanding the Experiences of Remote Workers: Opportunities for Ambient Workspaces at Home,Wirksamkeit von Pflanzenprodukten gegen Herpesinfektionen
2mn5n7p9,m5wlk26r,-0.00038806102,[Important and Unresolved Aspects of Neuropathologic Analyses of COVID-19 Individuals].,COVID-19 trifft auf angeborene Herzfehler
xs0pxnd4,ffbchp74,-0.00038450302,COVID-19: Knowing the Data,Rechtsprechung kurz berichtet
fx92xnzt,hazc1j9o,-0.00038361267,Welche Phytos gegen Husten?,COVID-19: A Distance Learning Experience And Reflection At Ntnu
ocurlqcu,yzbi7r6h,-0.00034695052,Waiting during the time of COVID‐19,N-(2-(1h-indol-3-yl)ethyl)-2-(6-methoxynaphthalen-2-yl)propanamide
7ljhd62b,2t2cah3g,-0.0003459821,COVID-19 – Eine neue Herausforderung,"COVID-19 and the Kidneys, Implications and Outcomes"
1jrrvjba,ffbchp74,-0.00033984886,Pastoral and spiritual care for quarantined individuals and their families,Rechtsprechung kurz berichtet
n54036de,7ljhd62b,-0.0003166804,COVID-19 in children: reasons for uneventful clinical course,COVID-19 – Eine neue Herausforderung
mdd60ic7,pdiugu3w,-0.0002848214,Acknowledgement to Referees,Schlange stehen für einen Piks
pdiugu3w,0ngl3naa,-0.0002848214,Schlange stehen für einen Piks,Acknowledgement to Referees
pdiugu3w,se2s9c5j,-0.0002848214,Schlange stehen für einen Piks,Acknowledgement to Referees
pdiugu3w,eej8qb9t,-0.0002848214,Schlange stehen für einen Piks,Acknowledgement to Referees.
pdiugu3w,s4bobqls,-0.0002848214,Schlange stehen für einen Piks,Acknowledgement to referees
pdiugu3w,2un48l2e,-0.0002848214,Schlange stehen für einen Piks,Acknowledgement to Referees
pdiugu3w,dbo18qfk,-0.0002848214,Schlange stehen für einen Piks,Acknowledgement to Referees
pdiugu3w,rh9bx841,-0.0002848214,Schlange stehen für einen Piks,Acknowledgement to Referees
4gyoxd6j,fouh4jhs,-0.00027571313,"Characteristics and outcomes of an international cohort of 400,000 hospitalised patients with Covid-19",Konjunkturpaket notwendig — Rückkehr zur Schuldenbremse nicht forcieren
i9nwsk3c,2w9zsz4m,-0.00026733612,Risk Factors of Fatal Outcome in Patients With COVID-19 Pneumonia,Aktuelles zur Brustkrebstherapie
bbfyro3e,2w9zsz4m,-0.00026733612,Risk Factors of Fatal Outcome in Patients With COVID-19 Pneumonia,Aktuelles zur Brustkrebstherapie
lw7bnxy6,m5wlk26r,-0.00025500517,Keep mental health in mind,COVID-19 trifft auf angeborene Herzfehler
agbaiplw,m5wlk26r,-0.00025500517,Keep mental health in mind.,COVID-19 trifft auf angeborene Herzfehler
xppum4qg,fx92xnzt,-0.0002525234,Boards in Information Governance,Welche Phytos gegen Husten?
30097lan,zpo4us36,-0.00022196588,Hematological Aspects of COVID-19,Versorgung von Krebspatienten leidet
2w9zsz4m,5iqu5iiz,-0.00022191774,Aktuelles zur Brustkrebstherapie,Secondary bacterial infections in patients with covid-19
mdd60ic7,hn6972s3,-0.00020446334,Acknowledgement to Referees,Vernebelung von Notfallmedikamenten im süddeutschen Rettungsdienst
se2s9c5j,hn6972s3,-0.00020446334,Acknowledgement to Referees,Vernebelung von Notfallmedikamenten im süddeutschen Rettungsdienst
0ngl3naa,hn6972s3,-0.00020446334,Acknowledgement to Referees,Vernebelung von Notfallmedikamenten im süddeutschen Rettungsdienst
eej8qb9t,hn6972s3,-0.00020446334,Acknowledgement to Referees.,Vernebelung von Notfallmedikamenten im süddeutschen Rettungsdienst
s4bobqls,hn6972s3,-0.00020446334,Acknowledgement to referees,Vernebelung von Notfallmedikamenten im süddeutschen Rettungsdienst
2un48l2e,hn6972s3,-0.00020446334,Acknowledgement to Referees,Vernebelung von Notfallmedikamenten im süddeutschen Rettungsdienst
dbo18qfk,hn6972s3,-0.00020446334,Acknowledgement to Referees,Vernebelung von Notfallmedikamenten im süddeutschen Rettungsdienst
hn6972s3,rh9bx841,-0.00020446334,Vernebelung von Notfallmedikamenten im süddeutschen Rettungsdienst,Acknowledgement to Referees
8xtexo2z,10jkk9mf,-0.0001769859,Marktführer gesucht,Celebrating our wins.
3lxdx8aj,fx92xnzt,-0.00015292909,Key steps in our journey to a COVID-19 vaccine program,Welche Phytos gegen Husten?
lq92mlhs,99btzh9a,-0.00011792913,Nachhaltiges Wirtschaften setzt eine nachhaltige Arbeitswelt voraus,News & Notes
yctuuh7w,hrbxg1yg,-0.000116562376,Paediatrics in the Tropics,Es gibt Hoffnung
xslady0w,fx92xnzt,-0.000104672865,Job Hunting,Welche Phytos gegen Husten?
fx92xnzt,6sypjujl,-9.868199e-05,Welche Phytos gegen Husten?,Creative industries beyond COVID-19
hpup5skd,y1wpc0dk,-8.615563e-05,Erratum zu: Pneumokokkenimpfstoffe,People + Companies
hpup5skd,9bdiz5pz,-8.615563e-05,Erratum zu: Pneumokokkenimpfstoffe,People + Companies
p81l6zvz,ol3sih3x,-6.070839e-05,Systemische Immunsuppression in Zeiten von COVID‐19: Müssen wir umdenken?,Kaggle Competitions in the Classroom: Retrospectives and Recommendations
7ljhd62b,fgj2lvbg,-5.692109e-05,COVID-19 – Eine neue Herausforderung,Over- and under-estimation of COVID-19 deaths
g8b0adbv,m5wlk26r,-5.3490894e-05,COVID-19: Prospective Challenges and Potential Vaccines,COVID-19 trifft auf angeborene Herzfehler
2w9zsz4m,iqdr5zi7,-3.728907e-05,Aktuelles zur Brustkrebstherapie,Oligosymptomatic Kidney Transplant Patients With COVID-19: Do They Pose a Risk to Other Recipients?
08e9p12l,ffbchp74,-3.5231667e-05,Family planning in COVID-19 times: access for all,Rechtsprechung kurz berichtet
fxljmm17,0vlkahyu,-3.0647185e-05,The Geography of Remote Work,Wirksamkeit von Pflanzenprodukten gegen Herpesinfektionen
7htbxid6,fouh4jhs,-2.8087903e-05,COVID-19 and the acknowledgement of children as stakeholders of the tourism industry,Konjunkturpaket notwendig — Rückkehr zur Schuldenbremse nicht forcieren
dp1gpjvf,0vlkahyu,-1.7896327e-05,eMJA: In other journals ‐ 5 May 2003,Wirksamkeit von Pflanzenprodukten gegen Herpesinfektionen
kux9vzn8,dd9hbdrz,1.0653703e-06,Bauchlage senkt Intubationsrate bei wachen COVID-19-Patienten auf Intensivstation,"Editorial: Grief Disorders: Clinical, Cultural, and Epidemiological Aspects"
k7qibllm,zpo4us36,4.1592657e-06,Are children and schools a COVID-19 threat?,Versorgung von Krebspatienten leidet
yrhf7qci,d6su39tw,1.2434057e-05,News-Screen Rheumatologie,Erfolgreiche Behandlung eines drittgradigen Pleuraempyems infolge einer COVID-19-Infektion
cixnefb2,d6su39tw,1.244247e-05,News-Screen Rheumatologie,Erfolgreiche Behandlung eines drittgradigen Pleuraempyems infolge einer COVID-19-Infektion
fd9vwx42,xqhxra2p,3.288312e-05,Focused and Other,Akutrehabilitation nach COVID‑19‑Infektion: Eine ausgewählte Fallserie
xamgedfq,xqhxra2p,3.5474077e-05,Variability Matters,Akutrehabilitation nach COVID‑19‑Infektion: Eine ausgewählte Fallserie
mqv2dz0e,sfarwvit,4.2766107e-05,Meeting Report,So machen Vermittler ihren Betrieb zukunftsfest
c34c2kqs,kux9vzn8,4.3408098e-05,Neurological manifestations of COVID-19,Bauchlage senkt Intubationsrate bei wachen COVID-19-Patienten auf Intensivstation
kux9vzn8,72zm2yrz,4.3408098e-05,Bauchlage senkt Intubationsrate bei wachen COVID-19-Patienten auf Intensivstation,[Neurological Manifestations and COVID-19]
kux9vzn8,jnjrs1tn,4.3408098e-05,Bauchlage senkt Intubationsrate bei wachen COVID-19-Patienten auf Intensivstation,Neurological Manifestations in COVID-19
1x33r4dw,2w9zsz4m,4.7675767e-05,Sports: The Infectious Hazards.,Aktuelles zur Brustkrebstherapie
fx92xnzt,cfp2f5wb,5.073835e-05,Welche Phytos gegen Husten?,Thoughts in the Time of COVID-19
obxdou4u,d6su39tw,5.3170774e-05,A note of gratitude,Erfolgreiche Behandlung eines drittgradigen Pleuraempyems infolge einer COVID-19-Infektion
17trii16,kxdcrchq,6.38917e-05,Endlich mehr Honorar für COVID-19-lmpfungen,"Remdesivir, on the road to DisCoVeRy"
f60k7elw,m5wlk26r,7.6851014e-05,Socioeconomic aspects of covid-19 on the example of rostov region,COVID-19 trifft auf angeborene Herzfehler
iw6ooopp,rqb19icj,0.00011506631,COVID-19-Pandemie: Was wissen wir – was können wir empfehlen?: Ein Kommentar der Herausgeber,Experiences of family caregivers of patients with COVID-19
p825gprf,0vlkahyu,0.00013919585,Lessons from the past,Wirksamkeit von Pflanzenprodukten gegen Herpesinfektionen
ekkf4hc2,fx92xnzt,0.00014548768,Physicians Abstracts,Welche Phytos gegen Husten?
sfarwvit,qkc0v9xq,0.00016207524,So machen Vermittler ihren Betrieb zukunftsfest,MLFW: A Database for Face Recognition on Masked Faces
oadlrq4a,6ho4ox2e,0.00016436224,Covid-19 in Unequal Societies(),Pädiatrie aktuell – Forschung kurz notiert
o5x72g1a,kux9vzn8,0.00016843092,Research Focus: Protas,Bauchlage senkt Intubationsrate bei wachen COVID-19-Patienten auf Intensivstation
9bl1hs75,d6su39tw,0.00020383298,Issue Highlights.,Erfolgreiche Behandlung eines drittgradigen Pleuraempyems infolge einer COVID-19-Infektion
d6su39tw,cmiudlxe,0.00020384781,Erfolgreiche Behandlung eines drittgradigen Pleuraempyems infolge einer COVID-19-Infektion,"Highlights of the issue 6, 2020"
d6su39tw,28hlwjw7,0.00020384781,Erfolgreiche Behandlung eines drittgradigen Pleuraempyems infolge einer COVID-19-Infektion,Highlights of the May issue.
d6su39tw,n3x6iehh,0.00020384781,Erfolgreiche Behandlung eines drittgradigen Pleuraempyems infolge einer COVID-19-Infektion,Issue Highlights.
iw6ooopp,a9jyx7wb,0.00022330185,COVID-19-Pandemie: Was wissen wir – was können wir empfehlen?: Ein Kommentar der Herausgeber,Risk Factors of COVID-19 Patients
v5o2vz2d,m5wlk26r,0.00022866185,All Eyes on Me,COVID-19 trifft auf angeborene Herzfehler
2w9zsz4m,wznchula,0.00023041878,Aktuelles zur Brustkrebstherapie,Doses of reality
mqv2dz0e,17trii16,0.00023320205,Meeting Report,Endlich mehr Honorar für COVID-19-lmpfungen
f608irm6,qga9663z,0.0002559529,Kardiale Folgen von COVID-19,Coronapod: Kids and COVID vaccines.
6603ephy,f608irm6,0.00025599822,Covid-19 vaccines for kids,Kardiale Folgen von COVID-19
1gbfvuod,m5wlk26r,0.000278409,COVID-19 and Conflict: Major Risks and Policy Responses,COVID-19 trifft auf angeborene Herzfehler
l720mqb6,d4l85xzw,0.0002789121,Aus der Not eine Tugend gemacht,Meetings and Courses
8xnfwho6,xqhxra2p,0.00029226573,Capturing Our COVID-19 Efforts,Akutrehabilitation nach COVID‑19‑Infektion: Eine ausgewählte Fallserie
wvcabi5j,fx92xnzt,0.0003124021,Parasitology in the times of COVID-19,Welche Phytos gegen Husten?
icvf9r8t,0vlkahyu,0.00031276318,Trustworthy or not? Research data on COVID-19 in data repositories,Wirksamkeit von Pflanzenprodukten gegen Herpesinfektionen
2w9zsz4m,rcpdrpo7,0.0003157266,Aktuelles zur Brustkrebstherapie,Entrepreneurial homeworkers
xqhxra2p,whl6yq4p,0.00033050776,Akutrehabilitation nach COVID‑19‑Infektion: Eine ausgewählte Fallserie,Cardiovascular aspects of COVID-19
1x33r4dw,fouh4jhs,0.00035144444,Sports: The Infectious Hazards.,Konjunkturpaket notwendig — Rückkehr zur Schuldenbremse nicht forcieren
q1gecucn,sfarwvit,0.00035877826,Tackling debt,So machen Vermittler ihren Betrieb zukunftsfest
2w9zsz4m,5n7v6ivs,0.00035912503,Aktuelles zur Brustkrebstherapie,The coronavirus' two bodies
7ljhd62b,ig8h7ym4,0.0003657647,COVID-19 – Eine neue Herausforderung,COVID-19: Protecting yourself and others
cl81y08y,whl6yq4p,0.00037460215,Auf dem Weg zu einer nachhaltigen Mobilität,Cardiovascular aspects of COVID-19
d6su39tw,qkc0v9xq,0.00038419574,Erfolgreiche Behandlung eines drittgradigen Pleuraempyems infolge einer COVID-19-Infektion,MLFW: A Database for Face Recognition on Masked Faces
jm412em4,fx92xnzt,0.00045505745,Not COVID Toes: Pool Palms and Feet in Pediatric Patients.,Welche Phytos gegen Husten?
1g0pthfr,sfarwvit,0.00047487844,Epidemiological and Clinical Predictors of COVID-19,So machen Vermittler ihren Betrieb zukunftsfest
pbflhjz0,7ljhd62b,0.00048292335,Clinical characteristics and outcomes of COVID-19 patients with prediabetes,COVID-19 – Eine neue Herausforderung
sfarwvit,ven4354u,0.0004935572,So machen Vermittler ihren Betrieb zukunftsfest,COVID-19 and obesity: links and risks
sfarwvit,avzgq06l,0.0004935572,So machen Vermittler ihren Betrieb zukunftsfest,COVID-19 and obesity: links and risks.
2w9zsz4m,5curxbub,0.00049902283,Aktuelles zur Brustkrebstherapie,Contributing factors of cyberbullying behavior among youths during COVID-19
d6su39tw,kxdcrchq,0.0005008969,Erfolgreiche Behandlung eines drittgradigen Pleuraempyems infolge einer COVID-19-Infektion,"Remdesivir, on the road to DisCoVeRy"
7ljhd62b,65tixsmv,0.00051303976,COVID-19 – Eine neue Herausforderung,Vaccine for Covid-19 and Pregnant Women.
7ljhd62b,3nawa644,0.00051992165,COVID-19 – Eine neue Herausforderung,COVID-19 vaccination for people with comorbidities
8xnfwho6,fouh4jhs,0.00054662593,Capturing Our COVID-19 Efforts,Konjunkturpaket notwendig — Rückkehr zur Schuldenbremse nicht forcieren
fx2tuak5,6ho4ox2e,0.0005574665,Insight into COVID‐2019 for pediatricians,Pädiatrie aktuell – Forschung kurz notiert
kux9vzn8,it11hran,0.0005699381,Bauchlage senkt Intubationsrate bei wachen COVID-19-Patienten auf Intensivstation,Gerrymandering and Political Determinants of Health
mje2exwt,0vlkahyu,0.00057770906,Correction Details,Wirksamkeit von Pflanzenprodukten gegen Herpesinfektionen
c7ti48jn,sfarwvit,0.0005785266,Selected phlebological abstracts,So machen Vermittler ihren Betrieb zukunftsfest
sfarwvit,1tnx3fdr,0.0005785266,So machen Vermittler ihren Betrieb zukunftsfest,Selected phlebological abstracts.
sfarwvit,23sl5imw,0.0005785266,So machen Vermittler ihren Betrieb zukunftsfest,Selected phlebological abstracts.
h22uykqx,ffbchp74,0.00059110334,Keeping the research spotlight on COVID-19.,Rechtsprechung kurz berichtet
vjzbpukd,2w9zsz4m,0.000597174,The impact of macroeconomic and structural factors on the unemployment of young women and men,Aktuelles zur Brustkrebstherapie
mrdg743n,f608irm6,0.0005981568,Recruiting Residents During COVID-19,Kardiale Folgen von COVID-19
2w9zsz4m,obvk2d8e,0.0006425756,Aktuelles zur Brustkrebstherapie,The Welfare Of Feral Cats
2482owa0,y1wpc0dk,0.00066463894,"Erratum: Vol. 70, No. 37",People + Companies
2482owa0,9bdiz5pz,0.00066463894,"Erratum: Vol. 70, No. 37",People + Companies
vqc3qi02,y1wpc0dk,0.00066463894,"Erratum: Vol. 70, No. 6",People + Companies
vqc3qi02,9bdiz5pz,0.00066463894,"Erratum: Vol. 70, No. 6",People + Companies
y1wpc0dk,notil1e2,0.00066463894,People + Companies,"Erratum: Vol. 69, No. 5"
y1wpc0dk,oyhvf69e,0.00066463894,People + Companies,"Erratum: Vol. 70, No. 12."
y1wpc0dk,pob50yte,0.00066463894,People + Companies,"Erratum: Vol. 71, No. 3"
y1wpc0dk,5edsv3nu,0.00066463894,People + Companies,"Erratum: Vol. 70, No. 12"
y1wpc0dk,iymp3fsq,0.00066463894,People + Companies,"Erratum: Vol. 69, No. 49"
9bdiz5pz,notil1e2,0.00066463894,People + Companies,"Erratum: Vol. 69, No. 5"
9bdiz5pz,oyhvf69e,0.00066463894,People + Companies,"Erratum: Vol. 70, No. 12."
9bdiz5pz,pob50yte,0.00066463894,People + Companies,"Erratum: Vol. 71, No. 3"
9bdiz5pz,5edsv3nu,0.00066463894,People + Companies,"Erratum: Vol. 70, No. 12"
9bdiz5pz,iymp3fsq,0.00066463894,People + Companies,"Erratum: Vol. 69, No. 49"
m5wlk26r,1b7hkxrq,0.00066956243,COVID-19 trifft auf angeborene Herzfehler,Presidential address 2020.
3dqljzjm,ujayy25s,0.00067378284,An EUA for tocilizumab (Actemra) for COVID-19,What you need to know
qj0nwynn,zpo4us36,0.00071080134,Innovating past barriers,Versorgung von Krebspatienten leidet
dp1gpjvf,46pn6jmc,0.00071974687,eMJA: In other journals ‐ 5 May 2003,Warum Austausch gerade jetzt wichtig ist
mrdg743n,46z4663u,0.0007323521,Recruiting Residents During COVID-19,Endlich Farbe bekennen
f608irm6,s5my1z2h,0.0007480355,Kardiale Folgen von COVID-19,Home for the holidays
s26ui4kz,6ho4ox2e,0.00076922216,Where Are the Masks?,Pädiatrie aktuell – Forschung kurz notiert
07xwlau9,17trii16,0.00077710964,Respiratory Diseases of Rodents,Endlich mehr Honorar für COVID-19-lmpfungen
q5yb36ll,kux9vzn8,0.00078251713,The Grassroots Intellectuals,Bauchlage senkt Intubationsrate bei wachen COVID-19-Patienten auf Intensivstation
2w9zsz4m,857qqfxr,0.00080439163,Aktuelles zur Brustkrebstherapie,Bats are a major natural reservoir for hepaciviruses and pegiviruses.
46z4663u,az2pgmkj,0.000833711,Endlich Farbe bekennen,Features of α-HBDH in COVID-19 patients: A cohort study
db28aepb,fx92xnzt,0.0008397344,COVID-19 international neurological registries,Welche Phytos gegen Husten?
kkzvzb8r,y1wpc0dk,0.00084814883,RCT zur Radiatio gegen COVID-19,People + Companies
kkzvzb8r,9bdiz5pz,0.00084814883,RCT zur Radiatio gegen COVID-19,People + Companies
0oxhhz67,sfarwvit,0.00085836,News and views.,So machen Vermittler ihren Betrieb zukunftsfest
xypv6anx,sfarwvit,0.00085836,News and Views,So machen Vermittler ihren Betrieb zukunftsfest
sfarwvit,keq5idua,0.00085836,So machen Vermittler ihren Betrieb zukunftsfest,News and views.
tfdg8ml6,3dqljzjm,0.0008648503,"“Where there is a will, there is a way”",An EUA for tocilizumab (Actemra) for COVID-19
0vlkahyu,47yezn8m,0.0008690814,Wirksamkeit von Pflanzenprodukten gegen Herpesinfektionen,The Home as Workplace: A Challenge for Housing Research
0nq2t9tm,fx92xnzt,0.0008726049,Interpersonalizing Intimate Museum Experiences,Welche Phytos gegen Husten?
upjmw2h9,fx92xnzt,0.0008807088,Residents' perceptions of the environmental and social impact of tourism in rural areas,Welche Phytos gegen Husten?
jpjyoxxi,2w9zsz4m,0.0009027598,Mental health interest groups: a strategy by students for students in times of COVID-19,Aktuelles zur Brustkrebstherapie
k0xqoyx8,d4l85xzw,0.0009035433,Stille Hypoxie bei COVID-19: Eine Fallserie,Meetings and Courses
7ljhd62b,46fw8t45,0.00090632227,COVID-19 – Eine neue Herausforderung,[COVID-19 vaccines: the facts]
wxjssuru,2w9zsz4m,0.00091901934,Clinical features and potential risk factors for discerning the critical cases and predicting the outcome of patients with COVID-19,Aktuelles zur Brustkrebstherapie
kux9vzn8,zey0gft2,0.00097606686,Bauchlage senkt Intubationsrate bei wachen COVID-19-Patienten auf Intensivstation,COVID vaccines and blood clots: five key questions
o3lqfmw2,sfarwvit,0.0009859083,COVID-19 and features of cardiovascular involvement,So machen Vermittler ihren Betrieb zukunftsfest
mln07ka4,7ljhd62b,0.0009904524,COVID-19 mortality risk for older men and women,COVID-19 – Eine neue Herausforderung
elyurab2,2w9zsz4m,0.0010332838,"Adolescents, COVID19, and Black Lives Matter",Aktuelles zur Brustkrebstherapie
7htbxid6,2w9zsz4m,0.0010359761,COVID-19 and the acknowledgement of children as stakeholders of the tourism industry,Aktuelles zur Brustkrebstherapie
2w9zsz4m,0xomyb9n,0.0010396126,Aktuelles zur Brustkrebstherapie,Patients hospitalized with COVID-19 have low levels of 25-hydroxyvitamin D
7ljhd62b,92vlvtus,0.0010517101,COVID-19 – Eine neue Herausforderung,Counting Numbers
zi11812s,fx92xnzt,0.0010670018,School Staffing: Teachers’ Perceptions,Welche Phytos gegen Husten?
508uuto6,j4q4imbl,0.0010714697,COVID-19 and Educational Engagement,重症COVID-19肺炎患者の集約化とVV-ECMOによる治療経験
2w9zsz4m,xyg5hjv1,0.001076601,Aktuelles zur Brustkrebstherapie,From schoolification of children to schoolification of parents? – educational policies in COVID times
sfarwvit,s27s4umt,0.0011088502,So machen Vermittler ihren Betrieb zukunftsfest,Profiles of US Hispanics Unvaccinated for COVID-19
rbez38t1,fx92xnzt,0.0011358848,Academic Coaching of Medical Students During COVID-19.,Welche Phytos gegen Husten?
l8cqvc8i,fx92xnzt,0.001152681,Teaching during COVID-19 Times: A Community College Perspective,Welche Phytos gegen Husten?
bhimxnxq,m5wlk26r,0.0011906092,Serological characteristics of COVID-19 patients.,COVID-19 trifft auf angeborene Herzfehler
iw6ooopp,hq6y67rz,0.0011976701,COVID-19-Pandemie: Was wissen wir – was können wir empfehlen?: Ein Kommentar der Herausgeber,Courses and Conferences
fx92xnzt,tcppaedj,0.0012026712,Welche Phytos gegen Husten?,Business in times of crisis
tdm5ymr9,a9jyx7wb,0.0012083544,"Bereitschaft zur Impfung mit einem COVID‑19-Vakzin – Risikoeinschätzung, Impferfahrungen und Einstellung zu Behandlungsverfahren",Risk Factors of COVID-19 Patients
2w9zsz4m,70zm988b,0.0012319236,Aktuelles zur Brustkrebstherapie,Children's immunity at risk
sfarwvit,eyerwtk9,0.0012384688,So machen Vermittler ihren Betrieb zukunftsfest,Clinical news
zsadls45,f608irm6,0.0012622625,"COVID‐19, children and schools: overlooked and at risk",Kardiale Folgen von COVID-19
3dqljzjm,r43h5i23,0.001264208,An EUA for tocilizumab (Actemra) for COVID-19,Unclear Issues Regarding COVID-19.
3dqljzjm,a3a5mute,0.001264208,An EUA for tocilizumab (Actemra) for COVID-19,Unclear issues regarding COVID-19
sfarwvit,az2pgmkj,0.0012913436,So machen Vermittler ihren Betrieb zukunftsfest,Features of α-HBDH in COVID-19 patients: A cohort study
obvk2d8e,fouh4jhs,0.0013010695,The Welfare Of Feral Cats,Konjunkturpaket notwendig — Rückkehr zur Schuldenbremse nicht forcieren
17trii16,m62f2ju5,0.0013196196,Endlich mehr Honorar für COVID-19-lmpfungen,Events of Interest
8xnfwho6,m5wlk26r,0.0013217892,Capturing Our COVID-19 Efforts,COVID-19 trifft auf angeborene Herzfehler
zi11812s,0vlkahyu,0.0013230509,School Staffing: Teachers’ Perceptions,Wirksamkeit von Pflanzenprodukten gegen Herpesinfektionen
g4g02t1w,8ezcu225,0.0013491156,KnorpelRegister - Bilanz nach sieben Jahren,Enquiring minds.
47imh7rj,fx92xnzt,0.0013524488,Scientific Abstracts,Welche Phytos gegen Husten?
6jjeoa3q,0vlkahyu,0.0013539635,Contemporary Issues in Mediation,Wirksamkeit von Pflanzenprodukten gegen Herpesinfektionen
kux9vzn8,dzzxxztl,0.0013559986,Bauchlage senkt Intubationsrate bei wachen COVID-19-Patienten auf Intensivstation,Clinical characteristics of nutritional indicators in patients with Covid-19
17trii16,7pc2wwbw,0.0013571095,Endlich mehr Honorar für COVID-19-lmpfungen,Chapter 9 Presentations
sfarwvit,amm625ic,0.0013947808,So machen Vermittler ihren Betrieb zukunftsfest,"Weighing the Costs of Disaster: Consequences, Risks, and Resilience in Individuals, Families, and Communities."
kux9vzn8,c0xknhnr,0.0014072487,Bauchlage senkt Intubationsrate bei wachen COVID-19-Patienten auf Intensivstation,Point of Care Sensors for Infectious Pathogens
kux9vzn8,yokg38li,0.0014072487,Bauchlage senkt Intubationsrate bei wachen COVID-19-Patienten auf Intensivstation,Point of Care Sensors for Infectious Pathogens.
7ljhd62b,ruw6spq4,0.0014529849,COVID-19 – Eine neue Herausforderung,Audiovestibular symptoms and sequelae in COVID-19 patients
07xwlau9,kcl0uzdg,0.001462413,Respiratory Diseases of Rodents,Budesonid verhindert bei COVID-19 Übergang zu schwerem Verlauf
sfarwvit,ytek7kj0,0.0014669511,So machen Vermittler ihren Betrieb zukunftsfest,The Fragility of Statistically Significant Results in Randomized Clinical Trials for COVID-19
xamgedfq,d6su39tw,0.0014709696,Variability Matters,Erfolgreiche Behandlung eines drittgradigen Pleuraempyems infolge einer COVID-19-Infektion
bhimxnxq,fouh4jhs,0.0015041166,Serological characteristics of COVID-19 patients.,Konjunkturpaket notwendig — Rückkehr zur Schuldenbremse nicht forcieren
sfarwvit,chph9vvh,0.0015088205,So machen Vermittler ihren Betrieb zukunftsfest,Barriers to Participation in Clinical Trials: The Problem of Information.
30097lan,xqhxra2p,0.0015156902,Hematological Aspects of COVID-19,Akutrehabilitation nach COVID‑19‑Infektion: Eine ausgewählte Fallserie
tmi60ugl,xnmpl4uw,0.0015226562,Fears and Hopes,Hydroxychloroquin‐induzierte akute generalisierte exanthematische Pustulose: eine während der COVID‐19‐Pandemie zu beachtende Nebenwirkung
n54036de,d6su39tw,0.0015435925,COVID-19 in children: reasons for uneventful clinical course,Erfolgreiche Behandlung eines drittgradigen Pleuraempyems infolge einer COVID-19-Infektion
iby0fo3z,hrbxg1yg,0.0015464537,Scientists in a time of COVID-19.,Es gibt Hoffnung
066n79kk,hrbxg1yg,0.0015464537,Scientists in a time of COVID-19,Es gibt Hoffnung
zhg0x6oy,rqb19icj,0.0015870639,Ein weiteres Opfer der Pandemie,Experiences of family caregivers of patients with COVID-19
7ljhd62b,h4vwb5d9,0.0015879232,COVID-19 – Eine neue Herausforderung,Characteristics and outcomes of hospitalized patients with cardiovascular complications of covid-19
2w9zsz4m,3nawa644,0.0015954394,Aktuelles zur Brustkrebstherapie,COVID-19 vaccination for people with comorbidities
o5x72g1a,0vlkahyu,0.001606925,Research Focus: Protas,Wirksamkeit von Pflanzenprodukten gegen Herpesinfektionen
5kfxuecg,m5wlk26r,0.0016090197,Facial Biometric Identification in The Masked Face,COVID-19 trifft auf angeborene Herzfehler
8xtexo2z,m62f2ju5,0.0016233382,Marktführer gesucht,Events of Interest
zpo4us36,m62f2ju5,0.001647539,Versorgung von Krebspatienten leidet,Events of Interest
6is0u8a9,hrbxg1yg,0.0016680962,Hopeful Visuals for Challenging Times.,Es gibt Hoffnung
mdd60ic7,p2d849xj,0.0016840538,Acknowledgement to Referees,mRNA: Neue Technologie - neue Impfmöglichkeiten
se2s9c5j,p2d849xj,0.0016840538,Acknowledgement to Referees,mRNA: Neue Technologie - neue Impfmöglichkeiten
0ngl3naa,p2d849xj,0.0016840538,Acknowledgement to Referees,mRNA: Neue Technologie - neue Impfmöglichkeiten
eej8qb9t,p2d849xj,0.0016840538,Acknowledgement to Referees.,mRNA: Neue Technologie - neue Impfmöglichkeiten
2un48l2e,p2d849xj,0.0016840538,Acknowledgement to Referees,mRNA: Neue Technologie - neue Impfmöglichkeiten
s4bobqls,p2d849xj,0.0016840538,Acknowledgement to referees,mRNA: Neue Technologie - neue Impfmöglichkeiten
p2d849xj,dbo18qfk,0.0016840538,mRNA: Neue Technologie - neue Impfmöglichkeiten,Acknowledgement to Referees
p2d849xj,rh9bx841,0.0016840538,mRNA: Neue Technologie - neue Impfmöglichkeiten,Acknowledgement to Referees
mrmn5meg,17trii16,0.0016854993,Lessons from the field on COVID-19: A public health point of view,Endlich mehr Honorar für COVID-19-lmpfungen
8xtexo2z,pdydvgth,0.0016860248,Marktführer gesucht,Costs of inequity.
gaws31nj,m5wlk26r,0.0018128373,2019-nCoV: a worldwide concern and facts,COVID-19 trifft auf angeborene Herzfehler
tmi60ugl,7pwre0xc,0.0018155151,Fears and Hopes,"Nieuw jaar, Nieuwe kansen"
xamgedfq,cl81y08y,0.0018266009,Variability Matters,Auf dem Weg zu einer nachhaltigen Mobilität
p3siskod,fx92xnzt,0.0018445051,Contents 2 pages,Welche Phytos gegen Husten?
fa0hlwj1,fouh4jhs,0.0018819054,"Victors, Victims, and Vectors",Konjunkturpaket notwendig — Rückkehr zur Schuldenbremse nicht forcieren
bhimxnxq,7ljhd62b,0.0018831984,Serological characteristics of COVID-19 patients.,COVID-19 – Eine neue Herausforderung
4fvobtxz,2w9zsz4m,0.0018898101,Factors explaining the fear of being infected with COVID‐19,Aktuelles zur Brustkrebstherapie
clwl2w91,7ljhd62b,0.0018917555,Focus on immunocompromised patients.,COVID-19 – Eine neue Herausforderung
lq92mlhs,tpkpspl5,0.0019001935,Nachhaltiges Wirtschaften setzt eine nachhaltige Arbeitswelt voraus,[Supraglottic airways in infants and children].
97ceefdg,8xtexo2z,0.0019083741,Effects of COVID-19 on the Sustainable Development Goals (SDGs),Marktführer gesucht
pzumy9nk,7ljhd62b,0.0019203321,Risk stratification in hospitalized COVID-19 patients,COVID-19 – Eine neue Herausforderung
6ho4ox2e,4zeaybg9,0.0019217401,Pädiatrie aktuell – Forschung kurz notiert,AECNet: Attentive EfficientNet for Crowd Counting
sfarwvit,4e9rqj21,0.0019472304,So machen Vermittler ihren Betrieb zukunftsfest,Immunophenotyping for Risk Stratification of Patients with COVID-19
rqb19icj,tu4v0j1e,0.001957096,Experiences of family caregivers of patients with COVID-19,Seite eins
m5wlk26r,ixnscpqv,0.0019648538,COVID-19 trifft auf angeborene Herzfehler,Major advances in neuroinfectious diseases in the past two decades
pcj8a0n6,fx92xnzt,0.0019689228,Internationalizing Service Businesses,Welche Phytos gegen Husten?
17trii16,d1q2a446,0.0019708045,Endlich mehr Honorar für COVID-19-lmpfungen,Issues and Events
17trii16,n0gyhuve,0.0019708045,Endlich mehr Honorar für COVID-19-lmpfungen,Issues and Events
javx1luo,7ljhd62b,0.0019871497,Commentary: COVID-19 in patients with diabetes,COVID-19 – Eine neue Herausforderung
kux9vzn8,pwcmeyzx,0.0019873998,Bauchlage senkt Intubationsrate bei wachen COVID-19-Patienten auf Intensivstation,Pharmaceutical Aspects and Clinical Evaluation of COVID-19 Vaccines
f608irm6,wt11x3yw,0.0019874668,Kardiale Folgen von COVID-19,Application and evaluation of entomopathogens for control of livestock and poultry pests
29xi5zs5,quj1mxlb,0.0020016422,Hematologic Complications,Unternehmen setzen verstärkt auf Crowdworking
ytuhhiwf,fx92xnzt,0.0020250971,Perspectives: Research for all.,Welche Phytos gegen Husten?
0vlkahyu,f46p2b9i,0.002046802,Wirksamkeit von Pflanzenprodukten gegen Herpesinfektionen,Coding telehealth services during COVID-19
zku020ww,fx92xnzt,0.002088809,"Educating heads, hands, and hearts in the COVID-19 Classroom",Welche Phytos gegen Husten?
2w9zsz4m,hzip08oy,0.002101232,Aktuelles zur Brustkrebstherapie,Benzothiazoles as potential antiviral agents
2mcyaiqu,0vlkahyu,0.0021437358,Mortgage delinquency during COVID-19: do financial literacy and personality traits matter?,Wirksamkeit von Pflanzenprodukten gegen Herpesinfektionen
u69zztw4,ffbchp74,0.0021496513,'I am loving all aspects of the job',Rechtsprechung kurz berichtet
mje2exwt,m5wlk26r,0.0021684878,Correction Details,COVID-19 trifft auf angeborene Herzfehler
ld0f14a4,0vlkahyu,0.0021799218,"Human Factors and Ergonomics by Distance Learning: Successes, Challenges and Opportunities",Wirksamkeit von Pflanzenprodukten gegen Herpesinfektionen
7ljhd62b,gz6n5j1v,0.002183563,COVID-19 – Eine neue Herausforderung,Rotavirus gastroenteritis in infants and young children
p3siskod,7ljhd62b,0.0021977199,Contents 2 pages,COVID-19 – Eine neue Herausforderung
0ia8ld9o,b6cmp02s,0.002209883,Rajendra Kapila,Homebirth and homecare during COVID-19
fz2w2w1j,sfarwvit,0.0022112615,Focus on infection,So machen Vermittler ihren Betrieb zukunftsfest
jz4qhl5u,lqcmivkm,0.002220044,Notes and Trends,Ryzyko przeniesienia czynników zakaźnych przez transfuzje w Polsce
vnf177qo,hrbxg1yg,0.0022575343,Editorial: The Matters that Haunt Us,Es gibt Hoffnung
mdd60ic7,ib6zxkyw,0.0022606552,Acknowledgement to Referees,Aktuelles zu COVID-19 und Allergien
se2s9c5j,ib6zxkyw,0.0022606552,Acknowledgement to Referees,Aktuelles zu COVID-19 und Allergien
0ngl3naa,ib6zxkyw,0.0022606552,Acknowledgement to Referees,Aktuelles zu COVID-19 und Allergien
eej8qb9t,ib6zxkyw,0.0022606552,Acknowledgement to Referees.,Aktuelles zu COVID-19 und Allergien
2un48l2e,ib6zxkyw,0.0022606552,Acknowledgement to Referees,Aktuelles zu COVID-19 und Allergien
s4bobqls,ib6zxkyw,0.0022606552,Acknowledgement to referees,Aktuelles zu COVID-19 und Allergien
dbo18qfk,ib6zxkyw,0.0022606552,Acknowledgement to Referees,Aktuelles zu COVID-19 und Allergien
ib6zxkyw,rh9bx841,0.0022606552,Aktuelles zu COVID-19 und Allergien,Acknowledgement to Referees
kux9vzn8,47imh7rj,0.0022819953,Bauchlage senkt Intubationsrate bei wachen COVID-19-Patienten auf Intensivstation,Scientific Abstracts
sfarwvit,ip16lh2a,0.0022961274,So machen Vermittler ihren Betrieb zukunftsfest,COVID-19: A Risk Assessment Perspective
2w9zsz4m,bzu0vp9q,0.002328155,Aktuelles zur Brustkrebstherapie,Risk factors and electrocardiogram characteristics for mortality of critical inpatients with COVID-19
gdzygaxx,fx92xnzt,0.002347349,Restructuring intimacies during COVID-19: Women in Community Networks,Welche Phytos gegen Husten?
5zu7okqd,17trii16,0.0023521043,Travel and public health,Endlich mehr Honorar für COVID-19-lmpfungen
sfarwvit,whl6yq4p,0.0023632217,So machen Vermittler ihren Betrieb zukunftsfest,Cardiovascular aspects of COVID-19
jf37vokb,5dif5di3,0.0023675172,Apocalypse how?,"Correction for vol. 373, p"
jf37vokb,xqf1vaoi,0.0023675172,Apocalypse how?,"Correction, vol. 10, no. 9"
19a7vgdg,sfarwvit,0.0023696022,Research progress on hazards of aerosols to laboratory safety and key points for protection,So machen Vermittler ihren Betrieb zukunftsfest
q968k89k,m5wlk26r,0.0023910354,"HEXACO Traits, Big Five Traits, and COVID-19",COVID-19 trifft auf angeborene Herzfehler
hrbxg1yg,pkklt77i,0.002421578,Es gibt Hoffnung,Remdesivir investigational trials in COVID-19: a critical reappraisal
nggz2d9j,ffbchp74,0.0024336183,"The Effects of COVID-19 on U.S. Small Businesses: Evidence from Owners, Managers, and Employees",Rechtsprechung kurz berichtet
dxx0bfis,m5wlk26r,0.0024339908,Disease X and other unknowns,COVID-19 trifft auf angeborene Herzfehler
wtejmdop,ffbchp74,0.0024566615,COVID-19 exposes enduring inequalities for children & families,Rechtsprechung kurz berichtet
xqhxra2p,6603ephy,0.002467009,Akutrehabilitation nach COVID‑19‑Infektion: Eine ausgewählte Fallserie,Covid-19 vaccines for kids
xqhxra2p,qga9663z,0.002467009,Akutrehabilitation nach COVID‑19‑Infektion: Eine ausgewählte Fallserie,Coronapod: Kids and COVID vaccines.
eytapevk,ffbchp74,0.00250498,Face masks,Rechtsprechung kurz berichtet
7ljhd62b,7q0v688a,0.0025228434,COVID-19 – Eine neue Herausforderung,A Message from the Editors.
8xtexo2z,bzu0vp9q,0.0025338822,Marktführer gesucht,Risk factors and electrocardiogram characteristics for mortality of critical inpatients with COVID-19
lvtmd3e8,dyx1gv62,0.002548798,Urologie 2020 – es ist Zeit,Rehabilitation of patients with COVID-19.
lq92mlhs,fd9vwx42,0.0025507568,Nachhaltiges Wirtschaften setzt eine nachhaltige Arbeitswelt voraus,Focused and Other
kux9vzn8,29xi5zs5,0.002576193,Bauchlage senkt Intubationsrate bei wachen COVID-19-Patienten auf Intensivstation,Hematologic Complications
lq92mlhs,14mm6pg1,0.002577723,Nachhaltiges Wirtschaften setzt eine nachhaltige Arbeitswelt voraus,Nowadays COVID underestimates the other suspects
h7xatctx,7ljhd62b,0.00258338,Prevalence and Risk Factors of COVID-19 Symptoms among U.S. Adults with Allergies,COVID-19 – Eine neue Herausforderung
9bdiz5pz,d6su39tw,0.0025891552,People + Companies,Erfolgreiche Behandlung eines drittgradigen Pleuraempyems infolge einer COVID-19-Infektion
y1wpc0dk,d6su39tw,0.0025891764,People + Companies,Erfolgreiche Behandlung eines drittgradigen Pleuraempyems infolge einer COVID-19-Infektion
2w9zsz4m,zi11812s,0.002648694,Aktuelles zur Brustkrebstherapie,School Staffing: Teachers’ Perceptions
30097lan,fx92xnzt,0.0026598857,Hematological Aspects of COVID-19,Welche Phytos gegen Husten?
xs0pxnd4,0vlkahyu,0.0026690497,COVID-19: Knowing the Data,Wirksamkeit von Pflanzenprodukten gegen Herpesinfektionen
kux9vzn8,d1q2a446,0.0026715235,Bauchlage senkt Intubationsrate bei wachen COVID-19-Patienten auf Intensivstation,Issues and Events
kux9vzn8,n0gyhuve,0.0026715235,Bauchlage senkt Intubationsrate bei wachen COVID-19-Patienten auf Intensivstation,Issues and Events
0sl4xp50,fx92xnzt,0.0027024169,Neuropathological Features of COVID-19,Welche Phytos gegen Husten?
8mjkpub2,3ekxc20y,0.002704001,The way forward,dvs Informationen
rafvxgx1,kux9vzn8,0.002714239,Clinical Aspects of Feline Retroviruses: A Review,Bauchlage senkt Intubationsrate bei wachen COVID-19-Patienten auf Intensivstation
2w9zsz4m,vi8hcnnk,0.002736676,Aktuelles zur Brustkrebstherapie,Talking Spaces: Architects and Educators
lm55pt80,0vlkahyu,0.0027387012,Key pathways as therapeutic targets,Wirksamkeit von Pflanzenprodukten gegen Herpesinfektionen
fd9vwx42,kux9vzn8,0.0027577924,Focused and Other,Bauchlage senkt Intubationsrate bei wachen COVID-19-Patienten auf Intensivstation
tucs5o3u,46z4663u,0.0027789257,Interim Guidance for Businesses and Employers,Endlich Farbe bekennen
857qqfxr,0vlkahyu,0.0027944872,Bats are a major natural reservoir for hepaciviruses and pegiviruses.,Wirksamkeit von Pflanzenprodukten gegen Herpesinfektionen
lzwl577x,17trii16,0.002836641,Monocytes and Macrophages in COVID-19,Endlich mehr Honorar für COVID-19-lmpfungen
ggg31biw,7ljhd62b,0.0028533763,Underreporting of COVID-19 deaths,COVID-19 – Eine neue Herausforderung
3vs40u11,fx92xnzt,0.0028718312,"Reflecting on the crisis: World Heritage places, museums and heritage interpretation",Welche Phytos gegen Husten?
kux9vzn8,c0izvm7l,0.0028803633,Bauchlage senkt Intubationsrate bei wachen COVID-19-Patienten auf Intensivstation,O.7.5 Human bocavirus infections have seasonal transmission dynamics
mrdg743n,kylka2rh,0.0028947499,Recruiting Residents During COVID-19,Zur gesellschaftlichen Akzeptanz von einmaligen Vermögensabgaben
le6spvg5,fx92xnzt,0.0029115446,Difficulties of delivering urological care to remote areas.,Welche Phytos gegen Husten?
8ezcu225,rj3n6s70,0.0029165852,Enquiring minds.,"Opciones terapéuticas y COVID-19: orientación evolutiva, 17 de diciembre de 2020"
kdol990p,8ezcu225,0.0029217785,Jeden Verdacht melden!,Enquiring minds.
a9jyx7wb,0vlkahyu,0.0029271706,Risk Factors of COVID-19 Patients,Wirksamkeit von Pflanzenprodukten gegen Herpesinfektionen
fx92xnzt,36vigmwo,0.0029277136,Welche Phytos gegen Husten?,For the opening of COVID-19 hotels
8ezcu225,f608irm6,0.0029284325,Enquiring minds.,Kardiale Folgen von COVID-19
d6k1otz2,sfarwvit,0.0029301746,The Different Facets of Triclocarban: A Review,So machen Vermittler ihren Betrieb zukunftsfest
sptj9tuy,rj3n6s70,0.002967613,Thinking about “Thinking about COVID-19”,"Opciones terapéuticas y COVID-19: orientación evolutiva, 17 de diciembre de 2020"
q1gecucn,8xtexo2z,0.0029826444,Tackling debt,Marktführer gesucht
ef1mg9sp,0vlkahyu,0.0030210759,National economic and environmental benefit of reusable textiles in cleanroom industry.,Wirksamkeit von Pflanzenprodukten gegen Herpesinfektionen
ajj8ph23,fx92xnzt,0.003022306,Talent Management: Needs and Prospects for Business Development in the Digital Economy,Welche Phytos gegen Husten?
viy1y39u,17trii16,0.0030393188,Table of contents-4C,Endlich mehr Honorar für COVID-19-lmpfungen
ibk3oebo,17trii16,0.003047682,Courses bring field sites and labs to the small screen.,Endlich mehr Honorar für COVID-19-lmpfungen
2grislmf,y3hpzj0u,0.0030502602,Wir wollen und wir können das!,"Acknowledgment of Referees, 2020"
kux9vzn8,jjpjayn4,0.003057668,Bauchlage senkt Intubationsrate bei wachen COVID-19-Patienten auf Intensivstation,"Industrial, organizational, political?"
2w9zsz4m,sptrosfa,0.003068504,Aktuelles zur Brustkrebstherapie,Individual Risk and Collective Fears:
d5dtu8qe,fx92xnzt,0.0030802863,This Scientific Life,Welche Phytos gegen Husten?
kux9vzn8,bpz6skgv,0.003106529,Bauchlage senkt Intubationsrate bei wachen COVID-19-Patienten auf Intensivstation,Critical care
oaei1qf7,sfarwvit,0.003112741,Teledermatology During COVID-19: An Updated Review,So machen Vermittler ihren Betrieb zukunftsfest
fouh4jhs,mpje1c1p,0.003129597,Konjunkturpaket notwendig — Rückkehr zur Schuldenbremse nicht forcieren,Careers and Employment
lq92mlhs,8d3z6dfw,0.0031310613,Nachhaltiges Wirtschaften setzt eine nachhaltige Arbeitswelt voraus,COVID-19: biological factors in men's vulnerability
mdd60ic7,bosj5jgi,0.0031361666,Acknowledgement to Referees,Internetabhängige Jugendliche schlafen schlechter
bosj5jgi,0ngl3naa,0.0031361666,Internetabhängige Jugendliche schlafen schlechter,Acknowledgement to Referees
bosj5jgi,se2s9c5j,0.0031361666,Internetabhängige Jugendliche schlafen schlechter,Acknowledgement to Referees
bosj5jgi,eej8qb9t,0.0031361666,Internetabhängige Jugendliche schlafen schlechter,Acknowledgement to Referees.
bosj5jgi,2un48l2e,0.0031361666,Internetabhängige Jugendliche schlafen schlechter,Acknowledgement to Referees
bosj5jgi,s4bobqls,0.0031361666,Internetabhängige Jugendliche schlafen schlechter,Acknowledgement to referees
bosj5jgi,dbo18qfk,0.0031361666,Internetabhängige Jugendliche schlafen schlechter,Acknowledgement to Referees
bosj5jgi,rh9bx841,0.0031361666,Internetabhängige Jugendliche schlafen schlechter,Acknowledgement to Referees
i7fs68g5,fouh4jhs,0.0031550466,Infectious Diseases of Children,Konjunkturpaket notwendig — Rückkehr zur Schuldenbremse nicht forcieren
d2j3ivs3,zpo4us36,0.003158292,Cybersecurity Predictions 2021,Versorgung von Krebspatienten leidet
vttwtrbc,sfarwvit,0.0031593968,Error in Dates in Figures,So machen Vermittler ihren Betrieb zukunftsfest
kux9vzn8,dp1gpjvf,0.0031604024,Bauchlage senkt Intubationsrate bei wachen COVID-19-Patienten auf Intensivstation,eMJA: In other journals ‐ 5 May 2003
eytapevk,m5wlk26r,0.0032131586,Face masks,COVID-19 trifft auf angeborene Herzfehler
7ljhd62b,i2rlb76e,0.0032212185,COVID-19 – Eine neue Herausforderung,Diarrhea in Foals
q1gecucn,17trii16,0.0032272122,Tackling debt,Endlich mehr Honorar für COVID-19-lmpfungen
gwb50gcr,sfarwvit,0.0032489952,The Interaction Between Credit Constraints and Uncertainty Shocks,So machen Vermittler ihren Betrieb zukunftsfest
3b8v5wju,17trii16,0.0032666672,Retinal findings in patients with COVID-19,Endlich mehr Honorar für COVID-19-lmpfungen
7ljhd62b,7unoulkx,0.003270618,COVID-19 – Eine neue Herausforderung,"Fertility treatment delays during COVID-19: Profiles, feelings and concerns of impacted patients"
lq92mlhs,2zk9t7ij,0.0032804413,Nachhaltiges Wirtschaften setzt eine nachhaltige Arbeitswelt voraus,Parasites and Diseases
ffbchp74,qz1q3wf1,0.0032958963,Rechtsprechung kurz berichtet,Research challenges in uncertain times.
7knn1voy,2w9zsz4m,0.003303369,Denominator matters in estimating COVID-19 mortality rates,Aktuelles zur Brustkrebstherapie
q5yb36ll,7ljhd62b,0.0033080578,The Grassroots Intellectuals,COVID-19 – Eine neue Herausforderung
hl1apuv9,fx92xnzt,0.0033236067,Meeting Announcements,Welche Phytos gegen Husten?
clwl2w91,0smv2ae5,0.003325817,Focus on immunocompromised patients.,Wichtige Impfungen zum Schulstart
8p3fobrk,7ljhd62b,0.0033516798,No Visitors Allowed,COVID-19 – Eine neue Herausforderung
ffbchp74,ylly7loe,0.0033548246,Rechtsprechung kurz berichtet,Probability of Current COVID-19 Outbreaks in All US Counties
wxjssuru,sfarwvit,0.003355574,Clinical features and potential risk factors for discerning the critical cases and predicting the outcome of patients with COVID-19,So machen Vermittler ihren Betrieb zukunftsfest
jzoj084m,ffbchp74,0.0033684468,COVID-19: Risk factors for critical illness,Rechtsprechung kurz berichtet
csgvv9nv,sfarwvit,0.0033930275,Article Highlights,So machen Vermittler ihren Betrieb zukunftsfest
6ycqjrc7,sfarwvit,0.0034031773,Data as evidence,So machen Vermittler ihren Betrieb zukunftsfest
jpjyoxxi,7ljhd62b,0.0034068248,Mental health interest groups: a strategy by students for students in times of COVID-19,COVID-19 – Eine neue Herausforderung
vdoigyvk,0vlkahyu,0.003408893,[Special Program].,Wirksamkeit von Pflanzenprodukten gegen Herpesinfektionen
w72ielhf,vskya7f0,0.003419286,Editors’ Note,So viele Praxen haben Kurzarbeit angemeldet
wzln5by7,1xeultuu,0.0034284564,Thanks and Appreciations 2020,COVID-19-vaccin en productaansprakelijkheid
pcj8a0n6,0vlkahyu,0.0034384178,Internationalizing Service Businesses,Wirksamkeit von Pflanzenprodukten gegen Herpesinfektionen
lq92mlhs,ekkf4hc2,0.0034602531,Nachhaltiges Wirtschaften setzt eine nachhaltige Arbeitswelt voraus,Physicians Abstracts
30097lan,sfarwvit,0.0034701983,Hematological Aspects of COVID-19,So machen Vermittler ihren Betrieb zukunftsfest
3flfngu0,whl6yq4p,0.0034919863,Was bitte ist denn »Molekularbiologie«?,Cardiovascular aspects of COVID-19
kux9vzn8,58kgbi9l,0.0035034283,Bauchlage senkt Intubationsrate bei wachen COVID-19-Patienten auf Intensivstation,Feral cats.
dxt29ayi,vskya7f0,0.0035049869,Seminar- Highlights 1. Halbjahr 2021,So viele Praxen haben Kurzarbeit angemeldet
mrdg743n,0y0pi54f,0.0035086055,Recruiting Residents During COVID-19,Bereit: Von der Normalstation zur Covid-19-Überwachungsstation
fx92xnzt,plyukcwo,0.0035256539,Welche Phytos gegen Husten?,"Keeping ""In Touch"": Demographic Patterns of Interpersonal Touch in Later Life."
q5tpjn27,m5wlk26r,0.0035302811,Special Focus: Microbial human pathogens.,COVID-19 trifft auf angeborene Herzfehler
ph577fya,sptj9tuy,0.0035382565,Etiopatogenia De Neumoperitoneo En Pacientes Covid-19,Thinking about “Thinking about COVID-19”
sfarwvit,ie1oz85q,0.0035556227,So machen Vermittler ihren Betrieb zukunftsfest,Clinical characteristics of COVID-19: an analysis of 11 cases
fouh4jhs,jf6lnsfj,0.003569732,Konjunkturpaket notwendig — Rückkehr zur Schuldenbremse nicht forcieren,Impact of COVID-19 on children and pediatricians
2w9zsz4m,64lbzaj1,0.0035798608,Aktuelles zur Brustkrebstherapie,Male preponderance of COVID-19 risk
fouh4jhs,c1qdw17z,0.003636963,Konjunkturpaket notwendig — Rückkehr zur Schuldenbremse nicht forcieren,Radiological Findings in Patients with COVID-19
2w9zsz4m,1iln0e89,0.003677593,Aktuelles zur Brustkrebstherapie,Resilient Aspirants: Women's Candidacies and Election in Times of COVID-19
kux9vzn8,xcsdrq7i,0.003679777,Bauchlage senkt Intubationsrate bei wachen COVID-19-Patienten auf Intensivstation,"Clinical Characteristics, Serological and Radiological Longitudinal Changes of Patients with COVID-19."
viy1y39u,fx92xnzt,0.003679806,Table of contents-4C,Welche Phytos gegen Husten?
k0xqoyx8,mrdg743n,0.0036930346,Stille Hypoxie bei COVID-19: Eine Fallserie,Recruiting Residents During COVID-19
dzzxxztl,sfarwvit,0.0037006864,Clinical characteristics of nutritional indicators in patients with Covid-19,So machen Vermittler ihren Betrieb zukunftsfest
2w9zsz4m,4e9rqj21,0.003700708,Aktuelles zur Brustkrebstherapie,Immunophenotyping for Risk Stratification of Patients with COVID-19
hpup5skd,8ezcu225,0.003746297,Erratum zu: Pneumokokkenimpfstoffe,Enquiring minds.
q5yb36ll,kcl0uzdg,0.0037690913,The Grassroots Intellectuals,Budesonid verhindert bei COVID-19 Übergang zu schwerem Verlauf
0vlkahyu,lo5n3p63,0.0037812765,Wirksamkeit von Pflanzenprodukten gegen Herpesinfektionen,COVID-19 Public Health Guidance Database
lyu3lkww,7ljhd62b,0.003833405,COVID-19: Perspectives from people with diabetes,COVID-19 – Eine neue Herausforderung
lqcmivkm,d1q2a446,0.003873286,Ryzyko przeniesienia czynników zakaźnych przez transfuzje w Polsce,Issues and Events
lqcmivkm,n0gyhuve,0.003873286,Ryzyko przeniesienia czynników zakaźnych przez transfuzje w Polsce,Issues and Events
46pn6jmc,c1qdw17z,0.0039228266,Warum Austausch gerade jetzt wichtig ist,Radiological Findings in Patients with COVID-19
2w9zsz4m,tkeusl6v,0.003935874,Aktuelles zur Brustkrebstherapie,Cosmopolitan tourists: the most resilient travellers in the face of COVID-19
kux9vzn8,q968k89k,0.003953548,Bauchlage senkt Intubationsrate bei wachen COVID-19-Patienten auf Intensivstation,"HEXACO Traits, Big Five Traits, and COVID-19"
fouh4jhs,m62f2ju5,0.0039574415,Konjunkturpaket notwendig — Rückkehr zur Schuldenbremse nicht forcieren,Events of Interest
fd9vwx42,fouh4jhs,0.00398812,Focused and Other,Konjunkturpaket notwendig — Rückkehr zur Schuldenbremse nicht forcieren
30097lan,7ljhd62b,0.003997609,Hematological Aspects of COVID-19,COVID-19 – Eine neue Herausforderung
d6su39tw,j4kakh1k,0.0040126177,Erfolgreiche Behandlung eines drittgradigen Pleuraempyems infolge einer COVID-19-Infektion,News Items.
q1gecucn,7ljhd62b,0.004026467,Tackling debt,COVID-19 – Eine neue Herausforderung
d6su39tw,8v890mia,0.0040363474,Erfolgreiche Behandlung eines drittgradigen Pleuraempyems infolge einer COVID-19-Infektion,Covid-19: Learning to Hope and Hoping to Learn
tbes7uke,fouh4jhs,0.0040448704,Infections in Travelers and Adoptees from Abroad,Konjunkturpaket notwendig — Rückkehr zur Schuldenbremse nicht forcieren
p81l6zvz,hq6y67rz,0.0040532695,Systemische Immunsuppression in Zeiten von COVID‐19: Müssen wir umdenken?,Courses and Conferences
fx92xnzt,08346r0h,0.004057706,Welche Phytos gegen Husten?,Pigovian Subsidies for home delivery in times of COVID-19
7ljhd62b,mxtlpl9r,0.0040908447,COVID-19 – Eine neue Herausforderung,"Signs, beaches and bodies in pandemic times"
havdj4c5,fouh4jhs,0.004091697,Impacts of COVID-19 on International Students in the U.S,Konjunkturpaket notwendig — Rückkehr zur Schuldenbremse nicht forcieren
y1wpc0dk,xnmpl4uw,0.0041050976,People + Companies,Hydroxychloroquin‐induzierte akute generalisierte exanthematische Pustulose: eine während der COVID‐19‐Pandemie zu beachtende Nebenwirkung
9bdiz5pz,xnmpl4uw,0.0041050976,People + Companies,Hydroxychloroquin‐induzierte akute generalisierte exanthematische Pustulose: eine während der COVID‐19‐Pandemie zu beachtende Nebenwirkung
nxmauvpu,2w9zsz4m,0.004117613,Reasons for HOPE.,Aktuelles zur Brustkrebstherapie
wl1uihn3,5dif5di3,0.0041405163,"COVID-19 and diabetes: The why, the what and the how","Correction for vol. 373, p"
wl1uihn3,xqf1vaoi,0.0041405163,"COVID-19 and diabetes: The why, the what and the how","Correction, vol. 10, no. 9"
y1wpc0dk,hrbxg1yg,0.004143983,People + Companies,Es gibt Hoffnung
9bdiz5pz,hrbxg1yg,0.004143983,People + Companies,Es gibt Hoffnung
0sl4xp50,0vlkahyu,0.0041548577,Neuropathological Features of COVID-19,Wirksamkeit von Pflanzenprodukten gegen Herpesinfektionen
xqhxra2p,clwl2w91,0.0041590882,Akutrehabilitation nach COVID‑19‑Infektion: Eine ausgewählte Fallserie,Focus on immunocompromised patients.
2482owa0,sptj9tuy,0.004167168,"Erratum: Vol. 70, No. 37",Thinking about “Thinking about COVID-19”
vqc3qi02,sptj9tuy,0.004167168,"Erratum: Vol. 70, No. 6",Thinking about “Thinking about COVID-19”
notil1e2,sptj9tuy,0.004167168,"Erratum: Vol. 69, No. 5",Thinking about “Thinking about COVID-19”
sptj9tuy,oyhvf69e,0.004167168,Thinking about “Thinking about COVID-19”,"Erratum: Vol. 70, No. 12."
sptj9tuy,pob50yte,0.004167168,Thinking about “Thinking about COVID-19”,"Erratum: Vol. 71, No. 3"
sptj9tuy,5edsv3nu,0.004167168,Thinking about “Thinking about COVID-19”,"Erratum: Vol. 70, No. 12"
sptj9tuy,iymp3fsq,0.004167168,Thinking about “Thinking about COVID-19”,"Erratum: Vol. 69, No. 49"
lq92mlhs,zku020ww,0.004168088,Nachhaltiges Wirtschaften setzt eine nachhaltige Arbeitswelt voraus,"Educating heads, hands, and hearts in the COVID-19 Classroom"
mrdg743n,8ckdabhf,0.0041683023,Recruiting Residents During COVID-19,Gibt es eine Rationale für eine bestimmte Blütentherapie?
7ljhd62b,5w7iqoj0,0.004171104,COVID-19 – Eine neue Herausforderung,COVID vaccines and kids: five questions as trials begin
8xtexo2z,fbj6bolc,0.00417562,Marktführer gesucht,The changing demographics of COVID-19
sfarwvit,7pc2wwbw,0.0041768667,So machen Vermittler ihren Betrieb zukunftsfest,Chapter 9 Presentations
kux9vzn8,fxd01ua2,0.004208278,Bauchlage senkt Intubationsrate bei wachen COVID-19-Patienten auf Intensivstation,Demographic and Epidemiological Perspectives of Human Movement
5r2leevd,dyx1gv62,0.004210685,Kündigung – Maskenpflicht – Anforderungen an ein Attest zur Befreiung : KSchG 1;BGB 242,Rehabilitation of patients with COVID-19.
17trii16,az2pgmkj,0.0042287307,Endlich mehr Honorar für COVID-19-lmpfungen,Features of α-HBDH in COVID-19 patients: A cohort study
7htbxid6,zpo4us36,0.0042425278,COVID-19 and the acknowledgement of children as stakeholders of the tourism industry,Versorgung von Krebspatienten leidet
ekgdlyfg,0vlkahyu,0.004246139,Private Struggles in Public Spaces: Documenting COVID-19 Material Culture and Landscapes,Wirksamkeit von Pflanzenprodukten gegen Herpesinfektionen
d6su39tw,m1tx74tc,0.0042568604,Erfolgreiche Behandlung eines drittgradigen Pleuraempyems infolge einer COVID-19-Infektion,Guest editorial
2w9zsz4m,blhh7ws2,0.004259936,Aktuelles zur Brustkrebstherapie,Perspectives of US Youth During COVID-19.
sfarwvit,96l33a31,0.0042653917,So machen Vermittler ihren Betrieb zukunftsfest,Clinical trials during COVID-19 pandemic
vttwtrbc,fx92xnzt,0.004269142,Error in Dates in Figures,Welche Phytos gegen Husten?
mdd60ic7,90w8sgp8,0.004289157,Acknowledgement to Referees,Welche Schutzmaske schützt vor COVID-19? Was ist evidenzbasiert?
0ngl3naa,90w8sgp8,0.004289157,Acknowledgement to Referees,Welche Schutzmaske schützt vor COVID-19? Was ist evidenzbasiert?
se2s9c5j,90w8sgp8,0.004289157,Acknowledgement to Referees,Welche Schutzmaske schützt vor COVID-19? Was ist evidenzbasiert?
90w8sgp8,eej8qb9t,0.004289157,Welche Schutzmaske schützt vor COVID-19? Was ist evidenzbasiert?,Acknowledgement to Referees.
90w8sgp8,s4bobqls,0.004289157,Welche Schutzmaske schützt vor COVID-19? Was ist evidenzbasiert?,Acknowledgement to referees
90w8sgp8,2un48l2e,0.004289157,Welche Schutzmaske schützt vor COVID-19? Was ist evidenzbasiert?,Acknowledgement to Referees
90w8sgp8,dbo18qfk,0.004289157,Welche Schutzmaske schützt vor COVID-19? Was ist evidenzbasiert?,Acknowledgement to Referees
90w8sgp8,rh9bx841,0.004289157,Welche Schutzmaske schützt vor COVID-19? Was ist evidenzbasiert?,Acknowledgement to Referees
cl81y08y,d4l85xzw,0.0043146783,Auf dem Weg zu einer nachhaltigen Mobilität,Meetings and Courses
jjpjayn4,0vlkahyu,0.0043210816,"Industrial, organizational, political?",Wirksamkeit von Pflanzenprodukten gegen Herpesinfektionen
pdiugu3w,whl6yq4p,0.0043247663,Schlange stehen für einen Piks,Cardiovascular aspects of COVID-19
bhimxnxq,fx92xnzt,0.0043444852,Serological characteristics of COVID-19 patients.,Welche Phytos gegen Husten?
ekkf4hc2,0smv2ae5,0.004386967,Physicians Abstracts,Wichtige Impfungen zum Schulstart
rcpdrpo7,fx92xnzt,0.0043913415,Entrepreneurial homeworkers,Welche Phytos gegen Husten?
zsadls45,m5wlk26r,0.0044140113,"COVID‐19, children and schools: overlooked and at risk",COVID-19 trifft auf angeborene Herzfehler
whl6yq4p,ffbchp74,0.004436596,Cardiovascular aspects of COVID-19,Rechtsprechung kurz berichtet
kux9vzn8,g8mw0kj2,0.0044476716,Bauchlage senkt Intubationsrate bei wachen COVID-19-Patienten auf Intensivstation,Mental health matters
2w9zsz4m,pbflhjz0,0.004459113,Aktuelles zur Brustkrebstherapie,Clinical characteristics and outcomes of COVID-19 patients with prediabetes
gw3o3u80,sfarwvit,0.0044628945,Cardiovascular risk in COVID-19 infection.,So machen Vermittler ihren Betrieb zukunftsfest
mpje1c1p,46z4663u,0.0044676512,Careers and Employment,Endlich Farbe bekennen
zdvhqyha,fx92xnzt,0.0044679674,Circular Economy Business Models: a Repertoire of Theoretical Relationships and a Research Agenda,Welche Phytos gegen Husten?
4s79rdx3,fx92xnzt,0.004471773,From Formulas to Functions through Geometry: A Path to Understanding Algebraic Computations,Welche Phytos gegen Husten?
kux9vzn8,gtipnn8b,0.0045021283,Bauchlage senkt Intubationsrate bei wachen COVID-19-Patienten auf Intensivstation,A retrospective study: meteorological factors and COVID-19
2w9zsz4m,dwrk0apt,0.004539885,Aktuelles zur Brustkrebstherapie,The Many Faces of COVID-19: Spectrum of Imaging Manifestations
kux9vzn8,n54036de,0.0045515564,Bauchlage senkt Intubationsrate bei wachen COVID-19-Patienten auf Intensivstation,COVID-19 in children: reasons for uneventful clinical course
8q3pvv3h,sfarwvit,0.004552665,Concerning Trials Registration.,So machen Vermittler ihren Betrieb zukunftsfest
sfarwvit,88n6hwyo,0.004566755,So machen Vermittler ihren Betrieb zukunftsfest,Risk factors for disease progression in COVID-19 patients
sfarwvit,2ootfjhk,0.004566755,So machen Vermittler ihren Betrieb zukunftsfest,Risk factors for disease progression in COVID-19 patients
wdw2pj9g,17trii16,0.004575814,CEACAM1 recognition by bacterial pathogens is species-specific,Endlich mehr Honorar für COVID-19-lmpfungen
y6vsidmo,zpo4us36,0.004591248,Prevention of COVID-19 in the workplace.,Versorgung von Krebspatienten leidet
46pn6jmc,m62f2ju5,0.0046039703,Warum Austausch gerade jetzt wichtig ist,Events of Interest
sfarwvit,etrtg1hj,0.004622669,So machen Vermittler ihren Betrieb zukunftsfest,"Complicated Grief: Risk Factors, Protective Factors, and Interventions."
vskya7f0,7pc2wwbw,0.004625036,So viele Praxen haben Kurzarbeit angemeldet,Chapter 9 Presentations
097e3t5r,fx92xnzt,0.004629952,High-performance Studio Rooms for Simple Domestic Construction,Welche Phytos gegen Husten?
z858o8r5,3dqljzjm,0.0046392097,Time dynamics of COVID-19,An EUA for tocilizumab (Actemra) for COVID-19
fouh4jhs,etrtg1hj,0.0046502943,Konjunkturpaket notwendig — Rückkehr zur Schuldenbremse nicht forcieren,"Complicated Grief: Risk Factors, Protective Factors, and Interventions."
fouh4jhs,gn8h9bi9,0.004664003,Konjunkturpaket notwendig — Rückkehr zur Schuldenbremse nicht forcieren,"NSAIDs in patients with viral infections, including Covid-19: Victims or perpetrators?"
ecen7ke8,fx92xnzt,0.0046646725,[Epidemiological characteristics of COVID-19 in Gansu province],Welche Phytos gegen Husten?
9vd82r6l,ffbchp74,0.0046791495,A glimmer of hope for the most vulnerable,Rechtsprechung kurz berichtet
49xllcu2,fx92xnzt,0.004700805,State of the climate in 2020,Welche Phytos gegen Husten?
fd9vwx42,46pn6jmc,0.004704543,Focused and Other,Warum Austausch gerade jetzt wichtig ist
pnpp5kgx,3dqljzjm,0.0047068535,"We were warned, so why couldn't we prevent it?",An EUA for tocilizumab (Actemra) for COVID-19
7ljhd62b,kxdcrchq,0.0047611324,COVID-19 – Eine neue Herausforderung,"Remdesivir, on the road to DisCoVeRy"
yctuuh7w,fx92xnzt,0.004761318,Paediatrics in the Tropics,Welche Phytos gegen Husten?
sfarwvit,hq6y67rz,0.004778393,So machen Vermittler ihren Betrieb zukunftsfest,Courses and Conferences
p3siskod,17trii16,0.0047809137,Contents 2 pages,Endlich mehr Honorar für COVID-19-lmpfungen
2w9zsz4m,tv9xsned,0.0047852923,Aktuelles zur Brustkrebstherapie,Potential Factors for Prediction of Disease Severity of COVID-19 Patients
07xwlau9,7ljhd62b,0.0047949203,Respiratory Diseases of Rodents,COVID-19 – Eine neue Herausforderung
fx92xnzt,wrn7fkku,0.0048026675,Welche Phytos gegen Husten?,Remote laboratory classes in a COVID pandemic situation. Example of subjects: Microcontroller programming and electronic circuits
j0vrtnc5,7ljhd62b,0.004804264,COVID-19 in Brazilian children and adolescents: findings from 21 hospitals,COVID-19 – Eine neue Herausforderung
tmi60ugl,lqcmivkm,0.0048096944,Fears and Hopes,Ryzyko przeniesienia czynników zakaźnych przez transfuzje w Polsce
d6su39tw,e6a03b5e,0.0048265443,Erfolgreiche Behandlung eines drittgradigen Pleuraempyems infolge einer COVID-19-Infektion,Government agencies.
mdd60ic7,9yzbgu1d,0.0048538973,Acknowledgement to Referees,Einführung zur Qualität von Medizinjournalismus und erste Einschätzungen zur COVID-19-Berichterstattung
9yzbgu1d,se2s9c5j,0.0048538973,Einführung zur Qualität von Medizinjournalismus und erste Einschätzungen zur COVID-19-Berichterstattung,Acknowledgement to Referees
9yzbgu1d,0ngl3naa,0.0048538973,Einführung zur Qualität von Medizinjournalismus und erste Einschätzungen zur COVID-19-Berichterstattung,Acknowledgement to Referees
9yzbgu1d,eej8qb9t,0.0048538973,Einführung zur Qualität von Medizinjournalismus und erste Einschätzungen zur COVID-19-Berichterstattung,Acknowledgement to Referees.
9yzbgu1d,s4bobqls,0.0048538973,Einführung zur Qualität von Medizinjournalismus und erste Einschätzungen zur COVID-19-Berichterstattung,Acknowledgement to referees
9yzbgu1d,2un48l2e,0.0048538973,Einführung zur Qualität von Medizinjournalismus und erste Einschätzungen zur COVID-19-Berichterstattung,Acknowledgement to Referees
9yzbgu1d,dbo18qfk,0.0048538973,Einführung zur Qualität von Medizinjournalismus und erste Einschätzungen zur COVID-19-Berichterstattung,Acknowledgement to Referees
9yzbgu1d,rh9bx841,0.0048538973,Einführung zur Qualität von Medizinjournalismus und erste Einschätzungen zur COVID-19-Berichterstattung,Acknowledgement to Referees
v206h6ve,0vlkahyu,0.004868248,Natural disasters and the economy,Wirksamkeit von Pflanzenprodukten gegen Herpesinfektionen
7htbxid6,hrbxg1yg,0.0049076825,COVID-19 and the acknowledgement of children as stakeholders of the tourism industry,Es gibt Hoffnung
xtvj6yyj,fx92xnzt,0.0049318215,Legaltech in Public Administration: Prospects and Challenges,Welche Phytos gegen Husten?
5jky7m12,0vlkahyu,0.004945497,Articles of Public Interest.,Wirksamkeit von Pflanzenprodukten gegen Herpesinfektionen
j7wcqqbx,0vlkahyu,0.004945497,Articles of Public Interest.,Wirksamkeit von Pflanzenprodukten gegen Herpesinfektionen
lq92mlhs,n54036de,0.0049540787,Nachhaltiges Wirtschaften setzt eine nachhaltige Arbeitswelt voraus,COVID-19 in children: reasons for uneventful clinical course
a5hc3hef,fx92xnzt,0.005009572,Guideposts for Assessment During COVID-19,Welche Phytos gegen Husten?
w72ielhf,bosj5jgi,0.0050243726,Editors’ Note,Internetabhängige Jugendliche schlafen schlechter
fykuxrm5,0vlkahyu,0.005025533,Problems and suggestions of online learning for Chemical Engineering Majors in colleges and universities,Wirksamkeit von Pflanzenprodukten gegen Herpesinfektionen
1q2moaf3,hrbxg1yg,0.0050257263,News from the Society,Es gibt Hoffnung
rsne0d3f,fx92xnzt,0.005030238,The effect of one-way aisles on retail layout,Welche Phytos gegen Husten?
z3irrfu4,v4s11m2i,0.0050307713,"Räumlich getrennt, virtuell vereint",The authors respond.
0vlkahyu,b2wgo20y,0.0050450736,Wirksamkeit von Pflanzenprodukten gegen Herpesinfektionen,Recovering from COVID-19: the key issues
w6n32mfk,kcl0uzdg,0.005046696,Flavivirus Persistence in Wildlife Populations,Budesonid verhindert bei COVID-19 Übergang zu schwerem Verlauf
kux9vzn8,46fw8t45,0.005073394,Bauchlage senkt Intubationsrate bei wachen COVID-19-Patienten auf Intensivstation,[COVID-19 vaccines: the facts]
a5hc3hef,0vlkahyu,0.005077355,Guideposts for Assessment During COVID-19,Wirksamkeit von Pflanzenprodukten gegen Herpesinfektionen
y3hpzj0u,0smv2ae5,0.0050851633,"Acknowledgment of Referees, 2020",Wichtige Impfungen zum Schulstart
y1wpc0dk,0smv2ae5,0.0050984384,People + Companies,Wichtige Impfungen zum Schulstart
9bdiz5pz,0smv2ae5,0.0050984384,People + Companies,Wichtige Impfungen zum Schulstart
dp1gpjvf,17trii16,0.0051300884,eMJA: In other journals ‐ 5 May 2003,Endlich mehr Honorar für COVID-19-lmpfungen
xqhxra2p,wfmsjnup,0.0051323255,Akutrehabilitation nach COVID‑19‑Infektion: Eine ausgewählte Fallserie,COVID-19 resources through Friends of Millbank website.
2w9zsz4m,fqjmqdqg,0.0051323306,Aktuelles zur Brustkrebstherapie,COVID-19: fighting the foe with Virchow
wdw2pj9g,sfarwvit,0.005146191,CEACAM1 recognition by bacterial pathogens is species-specific,So machen Vermittler ihren Betrieb zukunftsfest
d9as1k4f,fx92xnzt,0.005155299,News in Astronomy &Geophysics – Auguest 2020,Welche Phytos gegen Husten?
6jjeoa3q,zpo4us36,0.005161059,Contemporary Issues in Mediation,Versorgung von Krebspatienten leidet
sv73oe5x,6ho4ox2e,0.0051984363,Medicines for millions of patients,Pädiatrie aktuell – Forschung kurz notiert
vpvg3f3g,2w9zsz4m,0.0052209427,Therapeutic targets and potential agents for the treatment of COVID-19,Aktuelles zur Brustkrebstherapie
17trii16,bnto2xy7,0.0052233813,Endlich mehr Honorar für COVID-19-lmpfungen,COVID‐19 vaccination in children and university students
z92vwovw,j4q4imbl,0.005237145,Are Megacities Sustainable?,重症COVID-19肺炎患者の集約化とVV-ECMOによる治療経験
2w9zsz4m,o5w913it,0.005242508,Aktuelles zur Brustkrebstherapie,PreScription: COVID-19 and Compounding Pharmacists
kux9vzn8,9dhy4ugu,0.0052502234,Bauchlage senkt Intubationsrate bei wachen COVID-19-Patienten auf Intensivstation,Human Metapneumovirus
d6su39tw,14mm6pg1,0.0052955095,Erfolgreiche Behandlung eines drittgradigen Pleuraempyems infolge einer COVID-19-Infektion,Nowadays COVID underestimates the other suspects
k0xqoyx8,a5hc3hef,0.005303352,Stille Hypoxie bei COVID-19: Eine Fallserie,Guideposts for Assessment During COVID-19
2w9zsz4m,gqsgldzr,0.005323349,Aktuelles zur Brustkrebstherapie,Characteristics of COVID-2019 in areas epidemic from imported cases
wo6yfjez,0vlkahyu,0.0053892117,"Space Design Between Research, Project and Education",Wirksamkeit von Pflanzenprodukten gegen Herpesinfektionen
ph577fya,8ezcu225,0.005389629,Etiopatogenia De Neumoperitoneo En Pacientes Covid-19,Enquiring minds.
v8xo2get,ffbchp74,0.0053931703,Covid-19 discloses unequal geographies,Rechtsprechung kurz berichtet
wwuebui7,d6su39tw,0.0053972574,Events calendar,Erfolgreiche Behandlung eines drittgradigen Pleuraempyems infolge einer COVID-19-Infektion
an3twhzi,d6su39tw,0.005397276,Events calendar,Erfolgreiche Behandlung eines drittgradigen Pleuraempyems infolge einer COVID-19-Infektion
d6su39tw,uk6m7ry1,0.005397276,Erfolgreiche Behandlung eines drittgradigen Pleuraempyems infolge einer COVID-19-Infektion,Events calendar
lq92mlhs,xyg5hjv1,0.005410427,Nachhaltiges Wirtschaften setzt eine nachhaltige Arbeitswelt voraus,From schoolification of children to schoolification of parents? – educational policies in COVID times
6603ephy,fx92xnzt,0.005413899,Covid-19 vaccines for kids,Welche Phytos gegen Husten?
fx92xnzt,qga9663z,0.005413899,Welche Phytos gegen Husten?,Coronapod: Kids and COVID vaccines.
lq92mlhs,tbes7uke,0.0054161535,Nachhaltiges Wirtschaften setzt eine nachhaltige Arbeitswelt voraus,Infections in Travelers and Adoptees from Abroad
q00h4kqb,m5wlk26r,0.0054289717,Key questions for after the pandemic,COVID-19 trifft auf angeborene Herzfehler
1gbfvuod,sfarwvit,0.005440621,COVID-19 and Conflict: Major Risks and Policy Responses,So machen Vermittler ihren Betrieb zukunftsfest
m5wlk26r,dqhwz43f,0.005450778,COVID-19 trifft auf angeborene Herzfehler,Primary care: challenges faced during COVID-19
7ljhd62b,c1qdw17z,0.0054515046,COVID-19 – Eine neue Herausforderung,Radiological Findings in Patients with COVID-19
bh20kqwf,fx92xnzt,0.0054549626,Covid-19: Lessons learned,Welche Phytos gegen Husten?
wvcabi5j,hrbxg1yg,0.005486645,Parasitology in the times of COVID-19,Es gibt Hoffnung
fx92xnzt,j4kakh1k,0.0055110855,Welche Phytos gegen Husten?,News Items.
3dqljzjm,iixi36a5,0.0055147605,An EUA for tocilizumab (Actemra) for COVID-19,COVID-19: Level of Concern Explained
0vlkahyu,2rjtmpi3,0.005528554,Wirksamkeit von Pflanzenprodukten gegen Herpesinfektionen,FinTech credit firms: Prospects and uncertainties
mdd60ic7,3x9txfk0,0.0055441107,Acknowledgement to Referees,Delir bei kritisch kranken COVID-19-Patienten
0ngl3naa,3x9txfk0,0.0055441107,Acknowledgement to Referees,Delir bei kritisch kranken COVID-19-Patienten
se2s9c5j,3x9txfk0,0.0055441107,Acknowledgement to Referees,Delir bei kritisch kranken COVID-19-Patienten
eej8qb9t,3x9txfk0,0.0055441107,Acknowledgement to Referees.,Delir bei kritisch kranken COVID-19-Patienten
2un48l2e,3x9txfk0,0.0055441107,Acknowledgement to Referees,Delir bei kritisch kranken COVID-19-Patienten
s4bobqls,3x9txfk0,0.0055441107,Acknowledgement to referees,Delir bei kritisch kranken COVID-19-Patienten
dbo18qfk,3x9txfk0,0.0055441107,Acknowledgement to Referees,Delir bei kritisch kranken COVID-19-Patienten
3x9txfk0,rh9bx841,0.0055441107,Delir bei kritisch kranken COVID-19-Patienten,Acknowledgement to Referees
hesoiyvt,sfarwvit,0.005556817,"SoSyM reflections: the 2020 ""State of the Journal"" report",So machen Vermittler ihren Betrieb zukunftsfest
5wypqm4y,fx92xnzt,0.0055598174,Contents of Volume 151,Welche Phytos gegen Husten?
lm64qw58,fx92xnzt,0.0055598174,Contents of volume 9,Welche Phytos gegen Husten?
m50faqet,fx92xnzt,0.0055598174,Contents of volume 12,Welche Phytos gegen Husten?
fx92xnzt,5ceovsdz,0.0055598174,Welche Phytos gegen Husten?,Contents of volume 14
kux9vzn8,8uff2f6d,0.0055683237,Bauchlage senkt Intubationsrate bei wachen COVID-19-Patienten auf Intensivstation,Financial Markets and COVID-19
2w9zsz4m,eb8dhgh3,0.0055727838,Aktuelles zur Brustkrebstherapie,Family businesses under COVID-19: Inspiring models – Sometimes
y1wpc0dk,8ckdabhf,0.0055733523,People + Companies,Gibt es eine Rationale für eine bestimmte Blütentherapie?
9bdiz5pz,8ckdabhf,0.0055733523,People + Companies,Gibt es eine Rationale für eine bestimmte Blütentherapie?
lq92mlhs,lzwl577x,0.0055836462,Nachhaltiges Wirtschaften setzt eine nachhaltige Arbeitswelt voraus,Monocytes and Macrophages in COVID-19
p81l6zvz,f60k7elw,0.005583848,Systemische Immunsuppression in Zeiten von COVID‐19: Müssen wir umdenken?,Socioeconomic aspects of covid-19 on the example of rostov region
w6n32mfk,0vlkahyu,0.005633777,Flavivirus Persistence in Wildlife Populations,Wirksamkeit von Pflanzenprodukten gegen Herpesinfektionen
ffbchp74,etrtg1hj,0.005644433,Rechtsprechung kurz berichtet,"Complicated Grief: Risk Factors, Protective Factors, and Interventions."
lq92mlhs,2jrlng12,0.005653149,Nachhaltiges Wirtschaften setzt eine nachhaltige Arbeitswelt voraus,Selected highlights from other veterinary journals.
f608irm6,d4l85xzw,0.0056562815,Kardiale Folgen von COVID-19,Meetings and Courses
z3irrfu4,8ezcu225,0.005663144,"Räumlich getrennt, virtuell vereint",Enquiring minds.
d6su39tw,2mtfe7p1,0.0056755096,Erfolgreiche Behandlung eines drittgradigen Pleuraempyems infolge einer COVID-19-Infektion,Industry News
fbj6bolc,0vlkahyu,0.0057243896,The changing demographics of COVID-19,Wirksamkeit von Pflanzenprodukten gegen Herpesinfektionen
d6su39tw,xyg5hjv1,0.005735612,Erfolgreiche Behandlung eines drittgradigen Pleuraempyems infolge einer COVID-19-Infektion,From schoolification of children to schoolification of parents? – educational policies in COVID times
9bdvjjko,0vlkahyu,0.005736131,Unique immunological profile in patients with COVID-19,Wirksamkeit von Pflanzenprodukten gegen Herpesinfektionen
h49yc42z,fx92xnzt,0.0057652793,Barriers and drivers of environmental sustainability: Australian hotels,Welche Phytos gegen Husten?
sfarwvit,rqb19icj,0.0057834354,So machen Vermittler ihren Betrieb zukunftsfest,Experiences of family caregivers of patients with COVID-19
llttu9nq,fx92xnzt,0.005818287,The Clinical Course of COVID in Pregnancy,Welche Phytos gegen Husten?
vskya7f0,49xllcu2,0.005820113,So viele Praxen haben Kurzarbeit angemeldet,State of the climate in 2020
x72vmp8d,8ezcu225,0.0058202143,Interpretación de patrones radiológicos sugerentes de COVID-19 en pediatría,Enquiring minds.
8p3fobrk,3dqljzjm,0.0058254143,No Visitors Allowed,An EUA for tocilizumab (Actemra) for COVID-19
kux9vzn8,a9jyx7wb,0.005852689,Bauchlage senkt Intubationsrate bei wachen COVID-19-Patienten auf Intensivstation,Risk Factors of COVID-19 Patients
i7fs68g5,7ljhd62b,0.0058719004,Infectious Diseases of Children,COVID-19 – Eine neue Herausforderung
cmi5pizh,sfarwvit,0.005881756,Clinical Perspectives on the Notion of Presence.,So machen Vermittler ihren Betrieb zukunftsfest
8ezcu225,kcl0uzdg,0.005888659,Enquiring minds.,Budesonid verhindert bei COVID-19 Übergang zu schwerem Verlauf
o6lybdne,ffbchp74,0.005888706,The COVID years: Predictable unpredictability,Rechtsprechung kurz berichtet
5n7v6ivs,m5wlk26r,0.0058925794,The coronavirus' two bodies,COVID-19 trifft auf angeborene Herzfehler
tmi60ugl,oxi3hi2h,0.0059065293,Fears and Hopes,Validitas Jobsheet Pekerjaan Dasar Elektromekanik Kelas X Sekolah Menengah Kejuruan
iddwqw3z,fouh4jhs,0.0059269224,Contagious Protests,Konjunkturpaket notwendig — Rückkehr zur Schuldenbremse nicht forcieren
9co14g9f,0vlkahyu,0.005929216,"CoViD-19, containment and accidents in children's domestic life",Wirksamkeit von Pflanzenprodukten gegen Herpesinfektionen
whl6yq4p,zpo4us36,0.0059297,Cardiovascular aspects of COVID-19,Versorgung von Krebspatienten leidet
rz4cr3im,2w9zsz4m,0.0059623676,Connections between trades and trafficking in wildlife and drugs,Aktuelles zur Brustkrebstherapie
mim30aib,2w9zsz4m,0.0059741326,Risks posed by COVID-19 to healthcare workers,Aktuelles zur Brustkrebstherapie
sfarwvit,693r9rey,0.0059743817,So machen Vermittler ihren Betrieb zukunftsfest,Medical emergencies on commercial airline flights.
d6su39tw,8d3z6dfw,0.005992062,Erfolgreiche Behandlung eines drittgradigen Pleuraempyems infolge einer COVID-19-Infektion,COVID-19: biological factors in men's vulnerability
iixi36a5,m5wlk26r,0.0060043437,COVID-19: Level of Concern Explained,COVID-19 trifft auf angeborene Herzfehler
e0b0hdw3,fx92xnzt,0.0060047354,A Story by Academic Teachers About Distance Education in the Time of Lockdown,Welche Phytos gegen Husten?
p81l6zvz,xtvj6yyj,0.0060287383,Systemische Immunsuppression in Zeiten von COVID‐19: Müssen wir umdenken?,Legaltech in Public Administration: Prospects and Challenges
0y0pi54f,s27s4umt,0.006030542,Bereit: Von der Normalstation zur Covid-19-Überwachungsstation,Profiles of US Hispanics Unvaccinated for COVID-19
y2upr6ps,ffbchp74,0.0060337572,"Different location, same results?",Rechtsprechung kurz berichtet
zbq8mvki,17trii16,0.006049377,Endpoints for randomized controlled clinical trials for COVID-19 treatments,Endlich mehr Honorar für COVID-19-lmpfungen
clwl2w91,2w9zsz4m,0.0060598245,Focus on immunocompromised patients.,Aktuelles zur Brustkrebstherapie
0575yava,7ljhd62b,0.006061757,Challenges for indigenous children and youth,COVID-19 – Eine neue Herausforderung
y4lygtig,ffbchp74,0.0060659014,Ways to look after yourself and others in 2021.,Rechtsprechung kurz berichtet
e4esq2e1,fx92xnzt,0.006066193,Articles of Significant Interest Selected from This Issue by the Editors.,Welche Phytos gegen Husten?
7ljhd62b,g1numkxy,0.0060981046,COVID-19 – Eine neue Herausforderung,"Phenotypes of Liver Diseases in Infants, Children, and Adolescents"
7htbxid6,17trii16,0.006111884,COVID-19 and the acknowledgement of children as stakeholders of the tourism industry,Endlich mehr Honorar für COVID-19-lmpfungen
kux9vzn8,2mcyaiqu,0.006113518,Bauchlage senkt Intubationsrate bei wachen COVID-19-Patienten auf Intensivstation,Mortgage delinquency during COVID-19: do financial literacy and personality traits matter?
gcymf2rs,sfarwvit,0.0061159194,Recurring Themes,So machen Vermittler ihren Betrieb zukunftsfest
yrhf7qci,fx92xnzt,0.0061186575,News-Screen Rheumatologie,Welche Phytos gegen Husten?
cixnefb2,fx92xnzt,0.0061186575,News-Screen Rheumatologie,Welche Phytos gegen Husten?
no41vkcd,sfarwvit,0.0061406936,IMPACT Highlights.,So machen Vermittler ihren Betrieb zukunftsfest
vnf177qo,fx92xnzt,0.0061564115,Editorial: The Matters that Haunt Us,Welche Phytos gegen Husten?
2w9zsz4m,hqhm83y2,0.0061581726,Aktuelles zur Brustkrebstherapie,COVID-19 Coagulopathy and Inflammation: The Knowns and Unknowns.
2w9zsz4m,t2dupqlo,0.006163638,Aktuelles zur Brustkrebstherapie,Risks to children and young people during covid-19 pandemic
7htbxid6,sfarwvit,0.0061725765,COVID-19 and the acknowledgement of children as stakeholders of the tourism industry,So machen Vermittler ihren Betrieb zukunftsfest
tw725jyz,hrbxg1yg,0.006173522,Neurology at the crossroads.,Es gibt Hoffnung
4gyoxd6j,7ljhd62b,0.0061914762,"Characteristics and outcomes of an international cohort of 400,000 hospitalised patients with Covid-19",COVID-19 – Eine neue Herausforderung
7ljhd62b,8ynum9m5,0.006220697,COVID-19 – Eine neue Herausforderung,The reason for this number
cvlk80fl,lq92mlhs,0.006241243,News and Announcements,Nachhaltiges Wirtschaften setzt eine nachhaltige Arbeitswelt voraus
lq92mlhs,85atx0zp,0.006241243,Nachhaltiges Wirtschaften setzt eine nachhaltige Arbeitswelt voraus,News and Announcements
7ljhd62b,758irfoj,0.006247969,COVID-19 – Eine neue Herausforderung,Drugs being investigated for children with COVID-19
3b8v5wju,sfarwvit,0.0062710545,Retinal findings in patients with COVID-19,So machen Vermittler ihren Betrieb zukunftsfest
ytuhhiwf,6ho4ox2e,0.006278605,Perspectives: Research for all.,Pädiatrie aktuell – Forschung kurz notiert
fa0hlwj1,2w9zsz4m,0.006313542,"Victors, Victims, and Vectors",Aktuelles zur Brustkrebstherapie
7ljhd62b,63e3b65s,0.006314655,COVID-19 – Eine neue Herausforderung,Data saves lives
508uuto6,0vlkahyu,0.0063384837,COVID-19 and Educational Engagement,Wirksamkeit von Pflanzenprodukten gegen Herpesinfektionen
qefx8fp5,sfarwvit,0.0063484497,Deficiencies in the Designs and Interventions of COVID-19 Clinical Trials,So machen Vermittler ihren Betrieb zukunftsfest
5er7xwgh,j4q4imbl,0.006381268,Sustainability Policies,重症COVID-19肺炎患者の集約化とVV-ECMOによる治療経験
b6cmp02s,hrbxg1yg,0.006388276,Homebirth and homecare during COVID-19,Es gibt Hoffnung
p825gprf,hrbxg1yg,0.0064106,Lessons from the past,Es gibt Hoffnung
pj9jl67a,17trii16,0.0064207083,Detection and Estimation of Local Signals,Endlich mehr Honorar für COVID-19-lmpfungen
17trii16,5w7ztjku,0.0064207083,Endlich mehr Honorar für COVID-19-lmpfungen,Detection and Estimation of Local Signals
0l2oth75,7ljhd62b,0.00642091,Risk of COVID-19 for patients with cancer,COVID-19 – Eine neue Herausforderung
xf05lfy7,kux9vzn8,0.0064228536,A monthly roundup of key articles in other journals.,Bauchlage senkt Intubationsrate bei wachen COVID-19-Patienten auf Intensivstation
kux9vzn8,3h2oqsey,0.0064228536,Bauchlage senkt Intubationsrate bei wachen COVID-19-Patienten auf Intensivstation,A monthly roundup of key articles in other journals
kux9vzn8,g9is9gtx,0.0064228536,Bauchlage senkt Intubationsrate bei wachen COVID-19-Patienten auf Intensivstation,A monthly roundup of key articles in other journals.
2w9zsz4m,4abqipqx,0.006423538,Aktuelles zur Brustkrebstherapie,Baricitinib: Two Birds with One Stone
7ljhd62b,vsdsp7jc,0.0064293034,COVID-19 – Eine neue Herausforderung,Spotlight on Female Voices
gcymf2rs,ffbchp74,0.0064426786,Recurring Themes,Rechtsprechung kurz berichtet
1fjmgzgf,whl6yq4p,0.006442707,Schon gehört?,Cardiovascular aspects of COVID-19
gv303ny2,fx92xnzt,0.006449424,Education for all in times of crisis: Lessons from covid-19,Welche Phytos gegen Husten?
1x33r4dw,kylka2rh,0.0064637456,Sports: The Infectious Hazards.,Zur gesellschaftlichen Akzeptanz von einmaligen Vermögensabgaben
785to5im,ffbchp74,0.006471906,Covid-19: Keeping schools as safe as possible.,Rechtsprechung kurz berichtet
cvlk80fl,hrbxg1yg,0.00647875,News and Announcements,Es gibt Hoffnung
hrbxg1yg,85atx0zp,0.00647875,Es gibt Hoffnung,News and Announcements
k7qibllm,17trii16,0.0064904615,Are children and schools a COVID-19 threat?,Endlich mehr Honorar für COVID-19-lmpfungen
6is0u8a9,fx92xnzt,0.006529185,Hopeful Visuals for Challenging Times.,Welche Phytos gegen Husten?
7ljhd62b,4zeaybg9,0.0065321173,COVID-19 – Eine neue Herausforderung,AECNet: Attentive EfficientNet for Crowd Counting
0l2oth75,fouh4jhs,0.0065482715,Risk of COVID-19 for patients with cancer,Konjunkturpaket notwendig — Rückkehr zur Schuldenbremse nicht forcieren
4ztld95f,7ljhd62b,0.006550423,COVID-19 and pregnancy care for incarcerated women,COVID-19 – Eine neue Herausforderung
sfarwvit,47ol5hek,0.0065651275,So machen Vermittler ihren Betrieb zukunftsfest,Association between Variability of Metabolic Risk Factors and Cardiometabolic Outcomes
3ekxc20y,pbwubq94,0.00656979,dvs Informationen,A Defiant Hope
29xi5zs5,7ljhd62b,0.006572889,Hematologic Complications,COVID-19 – Eine neue Herausforderung
2w9zsz4m,3p9f2dv4,0.006581051,Aktuelles zur Brustkrebstherapie,Migrant Workers and Covid-19
iqk4phcl,7ljhd62b,0.006584463,Livestock plants and COVID-19 transmission,COVID-19 – Eine neue Herausforderung
fx92xnzt,e2nr5laz,0.006609311,Welche Phytos gegen Husten?,"COVID-19 Bereavement: Considerations for Families, Psychologists, and Student Trainees"
8ezcu225,lqcmivkm,0.006609739,Enquiring minds.,Ryzyko przeniesienia czynników zakaźnych przez transfuzje w Polsce
mrdg743n,xnmpl4uw,0.0066523175,Recruiting Residents During COVID-19,Hydroxychloroquin‐induzierte akute generalisierte exanthematische Pustulose: eine während der COVID‐19‐Pandemie zu beachtende Nebenwirkung
slp64xqk,7ljhd62b,0.0066560437,The Perceptions of Nurses and Nursing Students Regarding Family Involvement in the Care of Hospitalized Adult Patients,COVID-19 – Eine neue Herausforderung
8d832rr6,fx92xnzt,0.006663032,[Connection in times of COVID-19].,Welche Phytos gegen Husten?
30097lan,3flfngu0,0.0066969567,Hematological Aspects of COVID-19,Was bitte ist denn »Molekularbiologie«?
19a7vgdg,m5wlk26r,0.00671301,Research progress on hazards of aerosols to laboratory safety and key points for protection,COVID-19 trifft auf angeborene Herzfehler
0fy6ls5r,ffbchp74,0.0067312187,Living in Interesting Times,Rechtsprechung kurz berichtet
hn0qqak1,fx92xnzt,0.0067366906,Lessons learned from COVID-19: the radiologist's point of view,Welche Phytos gegen Husten?
46pn6jmc,hq6y67rz,0.0067366934,Warum Austausch gerade jetzt wichtig ist,Courses and Conferences
decnhjzw,7ljhd62b,0.0067488775,COVID-19 Infection in Newborn Infants,COVID-19 – Eine neue Herausforderung
7ljhd62b,m6fdhwyw,0.0067488775,COVID-19 – Eine neue Herausforderung,COVID-19 Infection in Newborn Infants
nt8oq8kp,0vlkahyu,0.006751073,The political reality and democracy of regional business in covid-19 situation,Wirksamkeit von Pflanzenprodukten gegen Herpesinfektionen
p81l6zvz,8uff2f6d,0.006753113,Systemische Immunsuppression in Zeiten von COVID‐19: Müssen wir umdenken?,Financial Markets and COVID-19
v8fm3r9u,kcl0uzdg,0.0067661367,The political economy of COVID-19,Budesonid verhindert bei COVID-19 Übergang zu schwerem Verlauf
lj0u6ro4,6ho4ox2e,0.0067851986,Known unknowns and unknown unknowns,Pädiatrie aktuell – Forschung kurz notiert
k09tw7gf,3dqljzjm,0.006785862,"What matters, most-especially now?",An EUA for tocilizumab (Actemra) for COVID-19
3dqljzjm,ywlz131j,0.006785862,An EUA for tocilizumab (Actemra) for COVID-19,"What matters, most-especially now?"
x8f6svel,17trii16,0.0068227393,Investigations on the Respiratory Function in COVID-19 Patients: A Prospective Cohort Study,Endlich mehr Honorar für COVID-19-lmpfungen
7w1fg5us,sfarwvit,0.0068269824,Voices of biotech research.,So machen Vermittler ihren Betrieb zukunftsfest
5bt4q5zu,fx92xnzt,0.006829346,"Postdigital Research: Genealogies, Challenges, and Future Perspectives",Welche Phytos gegen Husten?
j5qc48x7,2w9zsz4m,0.0068305978,Opioid Prescribing to US Children and Young Adults in 2019,Aktuelles zur Brustkrebstherapie
e0h222js,hrbxg1yg,0.006836125,Research news in clinical context.,Es gibt Hoffnung
tmi60ugl,zpo4us36,0.006841966,Fears and Hopes,Versorgung von Krebspatienten leidet
lq92mlhs,8ynum9m5,0.006846345,Nachhaltiges Wirtschaften setzt eine nachhaltige Arbeitswelt voraus,The reason for this number
7ljhd62b,1iln0e89,0.0068766377,COVID-19 – Eine neue Herausforderung,Resilient Aspirants: Women's Candidacies and Election in Times of COVID-19
ann18cn9,8xtexo2z,0.006886778,COVID-19 and its socioeconomic impact,Marktführer gesucht
ffbchp74,1ts6951f,0.0068979515,Rechtsprechung kurz berichtet,Coinfection and Other Clinical Characteristics of COVID-19 in Children
kux9vzn8,u91j571e,0.0069103274,Bauchlage senkt Intubationsrate bei wachen COVID-19-Patienten auf Intensivstation,Academic Skills: Publications
nxmauvpu,fx92xnzt,0.0069128023,Reasons for HOPE.,Welche Phytos gegen Husten?
3dqljzjm,3eovj63c,0.0069133006,An EUA for tocilizumab (Actemra) for COVID-19,The Challenges and Opportunities for Shared Decision Making Highlighted by COVID-19
lq92mlhs,i7fs68g5,0.006915278,Nachhaltiges Wirtschaften setzt eine nachhaltige Arbeitswelt voraus,Infectious Diseases of Children
1fjmgzgf,4bunno0p,0.0069222287,Schon gehört?,The Challenges and Rewards of Teledentistry
pdiugu3w,a9jyx7wb,0.006927642,Schlange stehen für einen Piks,Risk Factors of COVID-19 Patients
srptphrz,m5wlk26r,0.006929958,[Analysis on the epidemic factors for COVID-19],COVID-19 trifft auf angeborene Herzfehler
lyu3lkww,fouh4jhs,0.006944482,COVID-19: Perspectives from people with diabetes,Konjunkturpaket notwendig — Rückkehr zur Schuldenbremse nicht forcieren
conrsgtu,zpo4us36,0.0070012338,E-learners' satisfaction as predictors of online classroom community,Versorgung von Krebspatienten leidet
k7qibllm,5r2leevd,0.00702518,Are children and schools a COVID-19 threat?,Kündigung – Maskenpflicht – Anforderungen an ein Attest zur Befreiung : KSchG 1;BGB 242
fx92xnzt,nc7fxo5p,0.0070409076,Welche Phytos gegen Husten?,"The Relations between State, Regions and Local Authorities in the Health Crisis"
u69zztw4,0vlkahyu,0.007049089,'I am loving all aspects of the job',Wirksamkeit von Pflanzenprodukten gegen Herpesinfektionen
r8fi0o7k,hrbxg1yg,0.0070526046,Autopsy Biosafety,Es gibt Hoffnung
m5wlk26r,li71b9e0,0.007055886,COVID-19 trifft auf angeborene Herzfehler,Covid-19 Epidemiological Factor Analysis: Identifying Principal Factors with Machine Learning
mp287198,quj1mxlb,0.007064524,"Secondary hemophagocytic lymphohistiocytosis, HScore and COVID-19",Unternehmen setzen verstärkt auf Crowdworking
lfltlwj1,kux9vzn8,0.007064619,A review of COVID-19 vaccines and major considerations for diabetic patients,Bauchlage senkt Intubationsrate bei wachen COVID-19-Patienten auf Intensivstation
kux9vzn8,3nislr13,0.007064619,Bauchlage senkt Intubationsrate bei wachen COVID-19-Patienten auf Intensivstation,A review of COVID-19 vaccines and major considerations for diabetic patients.
k0xqoyx8,6603ephy,0.0070799054,Stille Hypoxie bei COVID-19: Eine Fallserie,Covid-19 vaccines for kids
k0xqoyx8,qga9663z,0.0070799054,Stille Hypoxie bei COVID-19: Eine Fallserie,Coronapod: Kids and COVID vaccines.
0sl4xp50,xnmpl4uw,0.007084553,Neuropathological Features of COVID-19,Hydroxychloroquin‐induzierte akute generalisierte exanthematische Pustulose: eine während der COVID‐19‐Pandemie zu beachtende Nebenwirkung
zqt6f6m5,kcl0uzdg,0.0070890025,COVID and Climate: Similarities and differences,Budesonid verhindert bei COVID-19 Übergang zu schwerem Verlauf
tmi60ugl,m5wlk26r,0.007094504,Fears and Hopes,COVID-19 trifft auf angeborene Herzfehler
q5yb36ll,lq92mlhs,0.007095686,The Grassroots Intellectuals,Nachhaltiges Wirtschaften setzt eine nachhaltige Arbeitswelt voraus
dxx0bfis,6ho4ox2e,0.007118791,Disease X and other unknowns,Pädiatrie aktuell – Forschung kurz notiert
xz8qj7tl,m5wlk26r,0.0071245525,Exploring the Key Factors for Preventing Public Health Crises Under Incomplete Information,COVID-19 trifft auf angeborene Herzfehler
k7qibllm,kylka2rh,0.0071280915,Are children and schools a COVID-19 threat?,Zur gesellschaftlichen Akzeptanz von einmaligen Vermögensabgaben
kux9vzn8,rbez38t1,0.0071438793,Bauchlage senkt Intubationsrate bei wachen COVID-19-Patienten auf Intensivstation,Academic Coaching of Medical Students During COVID-19.
fx92xnzt,63e3b65s,0.007163004,Welche Phytos gegen Husten?,Data saves lives
utc991jw,hrbxg1yg,0.007173654,"Postdigital Research, Networked Learning, and Covid-19",Es gibt Hoffnung
kc5owunn,0vlkahyu,0.0071756276,Public Health and Disasters,Wirksamkeit von Pflanzenprodukten gegen Herpesinfektionen
fouh4jhs,0lbct95y,0.0071805962,Konjunkturpaket notwendig — Rückkehr zur Schuldenbremse nicht forcieren,Clinical Characteristics of COVID-19 Patients' Postvaccination
dd9hbdrz,0vlkahyu,0.00718517,"Editorial: Grief Disorders: Clinical, Cultural, and Epidemiological Aspects",Wirksamkeit von Pflanzenprodukten gegen Herpesinfektionen
xqhxra2p,iybj9o93,0.0071859565,Akutrehabilitation nach COVID‑19‑Infektion: Eine ausgewählte Fallserie,Remdesivir for COVID-19: challenges of underpowered studies
jzoj084m,vskya7f0,0.0071909213,COVID-19: Risk factors for critical illness,So viele Praxen haben Kurzarbeit angemeldet
kux9vzn8,5kfxuecg,0.0072011296,Bauchlage senkt Intubationsrate bei wachen COVID-19-Patienten auf Intensivstation,Facial Biometric Identification in The Masked Face
gyl4rjez,2w9zsz4m,0.007208583,Stroke in Children.,Aktuelles zur Brustkrebstherapie
mraycufh,cfp2f5wb,0.0072190277,"(±)-2-(2-Fluoro-[1,1′-biphenyl]-4-yl)-N-(1-phenylpropan-2-yl)propanamide",Thoughts in the Time of COVID-19
7pc2wwbw,fx92xnzt,0.0072235838,Chapter 9 Presentations,Welche Phytos gegen Husten?
30097lan,iw6ooopp,0.007234899,Hematological Aspects of COVID-19,COVID-19-Pandemie: Was wissen wir – was können wir empfehlen?: Ein Kommentar der Herausgeber
1g0pthfr,hrbxg1yg,0.007239296,Epidemiological and Clinical Predictors of COVID-19,Es gibt Hoffnung
7ljhd62b,58kgbi9l,0.0072666313,COVID-19 – Eine neue Herausforderung,Feral cats.
2jrlng12,fx92xnzt,0.0072819204,Selected highlights from other veterinary journals.,Welche Phytos gegen Husten?
08e9p12l,6ho4ox2e,0.0072875167,Family planning in COVID-19 times: access for all,Pädiatrie aktuell – Forschung kurz notiert
sfarwvit,4coluqp2,0.0072987354,So machen Vermittler ihren Betrieb zukunftsfest,Structures of the Mononegavirales Polymerases
sgb0x9b5,0vlkahyu,0.0073174597,Stress in the workplace for healthcare professionals,Wirksamkeit von Pflanzenprodukten gegen Herpesinfektionen
q1gecucn,0vlkahyu,0.007332293,Tackling debt,Wirksamkeit von Pflanzenprodukten gegen Herpesinfektionen
sfarwvit,kmsz4jdk,0.007333438,So machen Vermittler ihren Betrieb zukunftsfest,Hyperlipasemia in Hospitalized COVID-19 Patients
lj0u6ro4,ffbchp74,0.007337092,Known unknowns and unknown unknowns,Rechtsprechung kurz berichtet
3nsluouj,y3hpzj0u,0.0073458822,Einfluss der Coronapandemie auf Schmerzpatienten: Welche Auswirkungen der Pandemie auf ihre Versorgung nehmen Patienten mit chronischen Schmerzen wahr?,"Acknowledgment of Referees, 2020"
gdzygaxx,ffbchp74,0.0073466673,Restructuring intimacies during COVID-19: Women in Community Networks,Rechtsprechung kurz berichtet
ru8ofk3p,m5wlk26r,0.007351482,Pharmacological Activities and Phytochemical Constituents,COVID-19 trifft auf angeborene Herzfehler
kux9vzn8,8xnfwho6,0.007362901,Bauchlage senkt Intubationsrate bei wachen COVID-19-Patienten auf Intensivstation,Capturing Our COVID-19 Efforts
xqhxra2p,jqqz63kt,0.007380119,Akutrehabilitation nach COVID‑19‑Infektion: Eine ausgewählte Fallserie,COVID-19: Challenges and Opportunities for Educators and Generation Z Learners
7ljhd62b,havdj4c5,0.0073846225,COVID-19 – Eine neue Herausforderung,Impacts of COVID-19 on International Students in the U.S
nujoah0y,fx92xnzt,0.0073850523,Work a key determinant in COVID-19 risk,Welche Phytos gegen Husten?
86zbdcho,ffbchp74,0.007385457,Covid-19: Is reinfection possible?,Rechtsprechung kurz berichtet
it11hran,0vlkahyu,0.0074484525,Gerrymandering and Political Determinants of Health,Wirksamkeit von Pflanzenprodukten gegen Herpesinfektionen
p81l6zvz,g8b0adbv,0.007477323,Systemische Immunsuppression in Zeiten von COVID‐19: Müssen wir umdenken?,COVID-19: Prospective Challenges and Potential Vaccines
xqhxra2p,az2pgmkj,0.0074844277,Akutrehabilitation nach COVID‑19‑Infektion: Eine ausgewählte Fallserie,Features of α-HBDH in COVID-19 patients: A cohort study
xnmpl4uw,rqb19icj,0.0074898265,Hydroxychloroquin‐induzierte akute generalisierte exanthematische Pustulose: eine während der COVID‐19‐Pandemie zu beachtende Nebenwirkung,Experiences of family caregivers of patients with COVID-19
kux9vzn8,q0222g6g,0.0074912235,Bauchlage senkt Intubationsrate bei wachen COVID-19-Patienten auf Intensivstation,Clinical aspects of immunosuppression in poultry.
bhimxnxq,17trii16,0.0074952254,Serological characteristics of COVID-19 patients.,Endlich mehr Honorar für COVID-19-lmpfungen
vz9uzwno,7ljhd62b,0.00749656,Shots of hope.,COVID-19 – Eine neue Herausforderung
bkskp6my,ffbchp74,0.0075036604,Inscrutable to myself,Rechtsprechung kurz berichtet
k0xqoyx8,0sl4xp50,0.0075264364,Stille Hypoxie bei COVID-19: Eine Fallserie,Neuropathological Features of COVID-19
kux9vzn8,qkc0v9xq,0.007528432,Bauchlage senkt Intubationsrate bei wachen COVID-19-Patienten auf Intensivstation,MLFW: A Database for Face Recognition on Masked Faces
5r2leevd,sv73oe5x,0.0075299274,Kündigung – Maskenpflicht – Anforderungen an ein Attest zur Befreiung : KSchG 1;BGB 242,Medicines for millions of patients
m7aufw3q,fx92xnzt,0.0075371563,"Commentary: Race, COVID-19 and Nursing Homes",Welche Phytos gegen Husten?
sfarwvit,sbppbu8u,0.00755368,So machen Vermittler ihren Betrieb zukunftsfest,Our data may be misleading and underestimating COVID-19 mortality figures
kux9vzn8,2d21u1j1,0.007561963,Bauchlage senkt Intubationsrate bei wachen COVID-19-Patienten auf Intensivstation,Seasonal weight changes in laboratory ferrets
nqzsbtp8,d4l85xzw,0.0075642616,In diesen Fällen kann nun telefonisch eine AU ausgestellt werden,Meetings and Courses
kux9vzn8,x58a1rxn,0.00758177,Bauchlage senkt Intubationsrate bei wachen COVID-19-Patienten auf Intensivstation,Quantitative clarification of key questions about COVID-19 epidemiology
3zo5broo,fouh4jhs,0.0075832214,Reactive lymphocytes in patients with COVID-19,Konjunkturpaket notwendig — Rückkehr zur Schuldenbremse nicht forcieren
nsghz35m,ffbchp74,0.007592648,Clinical Characteristics and Outcomes among Patients with Covid-19 in Different Regions of the World.,Rechtsprechung kurz berichtet
detduy64,ffbchp74,0.007592648,Clinical Characteristics and Outcomes among Patients with Covid-19 in Different Regions of the World.,Rechtsprechung kurz berichtet
jiq6uxbw,17trii16,0.007594256,Work-life balance.,Endlich mehr Honorar für COVID-19-lmpfungen
s25ay7gy,0vlkahyu,0.007615623,Accessible educational resources for teaching and learning robotics,Wirksamkeit von Pflanzenprodukten gegen Herpesinfektionen
5iqu5iiz,7ljhd62b,0.007625227,Secondary bacterial infections in patients with covid-19,COVID-19 – Eine neue Herausforderung
1j2x6xt5,fx92xnzt,0.0076265633,Private and Public Investments in Biomedical Research.,Welche Phytos gegen Husten?
5jky7m12,17trii16,0.007648091,Articles of Public Interest.,Endlich mehr Honorar für COVID-19-lmpfungen
j7wcqqbx,17trii16,0.007648091,Articles of Public Interest.,Endlich mehr Honorar für COVID-19-lmpfungen
8ezcu225,zidit7na,0.007656484,Enquiring minds.,Retos en el estudiante de posgrado de medicina durante la COVID-19
ffbchp74,ixnscpqv,0.007671921,Rechtsprechung kurz berichtet,Major advances in neuroinfectious diseases in the past two decades
quj1mxlb,y3hpzj0u,0.007673747,Unternehmen setzen verstärkt auf Crowdworking,"Acknowledgment of Referees, 2020"
7ljhd62b,hqo2p060,0.0076746494,COVID-19 – Eine neue Herausforderung,Animals as Reservoir for Human Norovirus
7ljhd62b,gfoe9x2c,0.007693052,COVID-19 – Eine neue Herausforderung,Predictors of morbidity and mortality in COVID-19
fx92xnzt,dany6t3r,0.007713168,Welche Phytos gegen Husten?,Exploring Similarities Across the Space and Theater Industries
v8fm3r9u,zpo4us36,0.0077190306,The political economy of COVID-19,Versorgung von Krebspatienten leidet
ew3ftumt,d6su39tw,0.0077195764,Answering Key Questions About COVID-19 Vaccines.,Erfolgreiche Behandlung eines drittgradigen Pleuraempyems infolge einer COVID-19-Infektion
mnxaffci,d6su39tw,0.007720265,Recycle: Do It for the Kids,Erfolgreiche Behandlung eines drittgradigen Pleuraempyems infolge einer COVID-19-Infektion
bn76yto1,d6su39tw,0.0077202683,Recycle: Do it For the Kids,Erfolgreiche Behandlung eines drittgradigen Pleuraempyems infolge einer COVID-19-Infektion
muyc4vt8,7ljhd62b,0.007724767,Biology and Diseases of Mice,COVID-19 – Eine neue Herausforderung
9co14g9f,17trii16,0.0077264593,"CoViD-19, containment and accidents in children's domestic life",Endlich mehr Honorar für COVID-19-lmpfungen
phhoqm07,ffbchp74,0.0077502113,The importance of asking questions and doing things for a reason,Rechtsprechung kurz berichtet
t94do6hs,ffbchp74,0.007766803,Two Things about COVID-19 Might Need Attention,Rechtsprechung kurz berichtet
fx92xnzt,2mtfe7p1,0.00776724,Welche Phytos gegen Husten?,Industry News
fouh4jhs,jqqz63kt,0.007782195,Konjunkturpaket notwendig — Rückkehr zur Schuldenbremse nicht forcieren,COVID-19: Challenges and Opportunities for Educators and Generation Z Learners
4rq7lbaa,fx92xnzt,0.007840705,Does Personality Shape COVID-19 Responses in Older Adults?,Welche Phytos gegen Husten?
7ljhd62b,labj5l5i,0.007846589,COVID-19 – Eine neue Herausforderung,Point: Uncertainty about estimating the risks of COVID‐19 during pregnancy
58kgbi9l,17trii16,0.007856399,Feral cats.,Endlich mehr Honorar für COVID-19-lmpfungen
xtvj6yyj,xqhxra2p,0.007885636,Legaltech in Public Administration: Prospects and Challenges,Akutrehabilitation nach COVID‑19‑Infektion: Eine ausgewählte Fallserie
negmc6kz,cx0f2qs8,0.00789522,Johnson & Johnson,"Antigenicity, Immunogenicity, Allergenicity"
29xi5zs5,m5wlk26r,0.007899474,Hematologic Complications,COVID-19 trifft auf angeborene Herzfehler
3dqljzjm,4eu27jsj,0.007913984,An EUA for tocilizumab (Actemra) for COVID-19,Looking Ahead…
2w9zsz4m,47ol5hek,0.007919702,Aktuelles zur Brustkrebstherapie,Association between Variability of Metabolic Risk Factors and Cardiometabolic Outcomes
q1u869nq,fx92xnzt,0.007922884,Medical Geology,Welche Phytos gegen Husten?
uhlazbk5,fx92xnzt,0.007922884,Medical Geology,Welche Phytos gegen Husten?
3dqljzjm,63yygm5a,0.00793097,An EUA for tocilizumab (Actemra) for COVID-19,Symposium Takes a Leap from the EDGE to the Future
mrdg743n,z3irrfu4,0.007973361,Recruiting Residents During COVID-19,"Räumlich getrennt, virtuell vereint"
2w9zsz4m,u8ysd4wr,0.007978097,Aktuelles zur Brustkrebstherapie,Household infection: The predominant risk factor for close contacts of patients with COVID-19
2w9zsz4m,p7af60gi,0.007978097,Aktuelles zur Brustkrebstherapie,Household infection: The predominant risk factor for close contacts of patients with COVID-19
1j2x6xt5,0vlkahyu,0.00798132,Private and Public Investments in Biomedical Research.,Wirksamkeit von Pflanzenprodukten gegen Herpesinfektionen
7ljhd62b,ff1xk6hh,0.00798265,COVID-19 – Eine neue Herausforderung,Doctors as soldiers in times of pandemic
zpo4us36,wa0emv04,0.007988734,Versorgung von Krebspatienten leidet,[COVID-19: Special Challenges for Theoretical and Practical Public Health].
7knn1voy,8xtexo2z,0.007989206,Denominator matters in estimating COVID-19 mortality rates,Marktführer gesucht
99btzh9a,7ljhd62b,0.007991787,News & Notes,COVID-19 – Eine neue Herausforderung
kux9vzn8,2zk9t7ij,0.00800427,Bauchlage senkt Intubationsrate bei wachen COVID-19-Patienten auf Intensivstation,Parasites and Diseases
gtipnn8b,fx92xnzt,0.00802358,A retrospective study: meteorological factors and COVID-19,Welche Phytos gegen Husten?
i6x2enlw,8xtexo2z,0.008024203,Anaphylaxis on COVID-19 Vaccines,Marktführer gesucht
p81l6zvz,tucs5o3u,0.008032706,Systemische Immunsuppression in Zeiten von COVID‐19: Müssen wir umdenken?,Interim Guidance for Businesses and Employers
vnr7mp5s,hrbxg1yg,0.008046369,Research Letters,Es gibt Hoffnung
pci9c20a,6ho4ox2e,0.008049003,Surface swabbing could predict COVID-19 cases,Pädiatrie aktuell – Forschung kurz notiert
qxhpkkhn,fx92xnzt,0.00805799,Cardiovascular Biomarkers: Lessons of the Past and Prospects for the Future,Welche Phytos gegen Husten?
sfarwvit,0lbct95y,0.00806323,So machen Vermittler ihren Betrieb zukunftsfest,Clinical Characteristics of COVID-19 Patients' Postvaccination
v8fm3r9u,f608irm6,0.008064924,The political economy of COVID-19,Kardiale Folgen von COVID-19
y98clqzz,m5wlk26r,0.008081112,A Solution to the Kermack and McKendrick Integro-Differential Equations,COVID-19 trifft auf angeborene Herzfehler
z3irrfu4,kxdcrchq,0.008102354,"Räumlich getrennt, virtuell vereint","Remdesivir, on the road to DisCoVeRy"
emrir7d0,fx92xnzt,0.008105692,Cross-regional drivers for CCUS deployment,Welche Phytos gegen Husten?
x9qaablo,8xtexo2z,0.008113558,COVID-19 impact on commodity futures volatilities,Marktführer gesucht
fouh4jhs,blhh7ws2,0.008120495,Konjunkturpaket notwendig — Rückkehr zur Schuldenbremse nicht forcieren,Perspectives of US Youth During COVID-19.
agpdokb2,sfarwvit,0.008137589,Ranking Significant Discrepancies in Clinical Reports,So machen Vermittler ihren Betrieb zukunftsfest
kux9vzn8,etrtg1hj,0.008143524,Bauchlage senkt Intubationsrate bei wachen COVID-19-Patienten auf Intensivstation,"Complicated Grief: Risk Factors, Protective Factors, and Interventions."
g8b0adbv,fouh4jhs,0.008166213,COVID-19: Prospective Challenges and Potential Vaccines,Konjunkturpaket notwendig — Rückkehr zur Schuldenbremse nicht forcieren
jsrm2w7z,fx92xnzt,0.008173925,2020 Crisis Preparedness Exercise with EFSA Focal Points &Observers,Welche Phytos gegen Husten?
2w9zsz4m,lzwl577x,0.008182654,Aktuelles zur Brustkrebstherapie,Monocytes and Macrophages in COVID-19
fouh4jhs,vherpolo,0.008199876,Konjunkturpaket notwendig — Rückkehr zur Schuldenbremse nicht forcieren,COVID-19 and Cancer Patients.
o50rjj1k,ffbchp74,0.008217875,[Vulnerable groups for COVID-19 control measures],Rechtsprechung kurz berichtet
7pwre0xc,y6055evb,0.008225449,"Nieuw jaar, Nieuwe kansen",Inequalities: Peripheries
2w9zsz4m,mdn20rs2,0.008231922,Aktuelles zur Brustkrebstherapie,The many faces of coronavirus disease 2019: COVID-19 and the liver
ptxwnbhf,d6su39tw,0.00825497,Investigating people's anxieties and concerns about COVID-19,Erfolgreiche Behandlung eines drittgradigen Pleuraempyems infolge einer COVID-19-Infektion
5jky7m12,m5wlk26r,0.008273425,Articles of Public Interest.,COVID-19 trifft auf angeborene Herzfehler
j7wcqqbx,m5wlk26r,0.008273425,Articles of Public Interest.,COVID-19 trifft auf angeborene Herzfehler
2w9zsz4m,g8a930tu,0.008273681,Aktuelles zur Brustkrebstherapie,Skin of Infants and Children: Dermatological Manifestations of COVID-19 in Children.
p81l6zvz,a9jyx7wb,0.008276175,Systemische Immunsuppression in Zeiten von COVID‐19: Müssen wir umdenken?,Risk Factors of COVID-19 Patients
rs22vmgr,m5wlk26r,0.008277922,Silent transmission of “covid-19”: A major concern,COVID-19 trifft auf angeborene Herzfehler
oyagj7cl,fx92xnzt,0.008278762,Conceptualizing interactions between sdgs and urban sustainability transformations in covid-19 times,Welche Phytos gegen Husten?
29xi5zs5,2w9zsz4m,0.008282679,Hematologic Complications,Aktuelles zur Brustkrebstherapie
lzwl577x,3flfngu0,0.008284374,Monocytes and Macrophages in COVID-19,Was bitte ist denn »Molekularbiologie«?
fx92xnzt,m5tmj6jb,0.00829153,Welche Phytos gegen Husten?,Career Confidential: Distance learning frustrations
8xtexo2z,slrbyjoh,0.008291873,Marktführer gesucht,Hindsight Beyond 2020
3nsluouj,8ezcu225,0.008292978,Einfluss der Coronapandemie auf Schmerzpatienten: Welche Auswirkungen der Pandemie auf ihre Versorgung nehmen Patienten mit chronischen Schmerzen wahr?,Enquiring minds.
dwrk0apt,6ho4ox2e,0.00830746,The Many Faces of COVID-19: Spectrum of Imaging Manifestations,Pädiatrie aktuell – Forschung kurz notiert
7ljhd62b,v4s11m2i,0.008308838,COVID-19 – Eine neue Herausforderung,The authors respond.
qck89un2,mdd60ic7,0.008313622,Versorgungssituation von Insektengiftallergikern während der COVID-19-Pandemie,Acknowledgement to Referees
qck89un2,se2s9c5j,0.008313622,Versorgungssituation von Insektengiftallergikern während der COVID-19-Pandemie,Acknowledgement to Referees
qck89un2,0ngl3naa,0.008313622,Versorgungssituation von Insektengiftallergikern während der COVID-19-Pandemie,Acknowledgement to Referees
qck89un2,eej8qb9t,0.008313622,Versorgungssituation von Insektengiftallergikern während der COVID-19-Pandemie,Acknowledgement to Referees.
qck89un2,2un48l2e,0.008313622,Versorgungssituation von Insektengiftallergikern während der COVID-19-Pandemie,Acknowledgement to Referees
qck89un2,s4bobqls,0.008313622,Versorgungssituation von Insektengiftallergikern während der COVID-19-Pandemie,Acknowledgement to referees
qck89un2,dbo18qfk,0.008313622,Versorgungssituation von Insektengiftallergikern während der COVID-19-Pandemie,Acknowledgement to Referees
qck89un2,rh9bx841,0.008313622,Versorgungssituation von Insektengiftallergikern während der COVID-19-Pandemie,Acknowledgement to Referees
mdd60ic7,rg3imso8,0.008313622,Acknowledgement to Referees,Versorgungssituation von Insektengiftallergikern während der COVID-19-Pandemie
mdd60ic7,3pojopq0,0.008313622,Acknowledgement to Referees,Grundlagen der Pharmakologie von Cannabinoiden
rg3imso8,0ngl3naa,0.008313622,Versorgungssituation von Insektengiftallergikern während der COVID-19-Pandemie,Acknowledgement to Referees
rg3imso8,se2s9c5j,0.008313622,Versorgungssituation von Insektengiftallergikern während der COVID-19-Pandemie,Acknowledgement to Referees
rg3imso8,eej8qb9t,0.008313622,Versorgungssituation von Insektengiftallergikern während der COVID-19-Pandemie,Acknowledgement to Referees.
rg3imso8,s4bobqls,0.008313622,Versorgungssituation von Insektengiftallergikern während der COVID-19-Pandemie,Acknowledgement to referees
rg3imso8,2un48l2e,0.008313622,Versorgungssituation von Insektengiftallergikern während der COVID-19-Pandemie,Acknowledgement to Referees
rg3imso8,dbo18qfk,0.008313622,Versorgungssituation von Insektengiftallergikern während der COVID-19-Pandemie,Acknowledgement to Referees
rg3imso8,rh9bx841,0.008313622,Versorgungssituation von Insektengiftallergikern während der COVID-19-Pandemie,Acknowledgement to Referees
3pojopq0,se2s9c5j,0.008313622,Grundlagen der Pharmakologie von Cannabinoiden,Acknowledgement to Referees
3pojopq0,0ngl3naa,0.008313622,Grundlagen der Pharmakologie von Cannabinoiden,Acknowledgement to Referees
3pojopq0,eej8qb9t,0.008313622,Grundlagen der Pharmakologie von Cannabinoiden,Acknowledgement to Referees.
3pojopq0,s4bobqls,0.008313622,Grundlagen der Pharmakologie von Cannabinoiden,Acknowledgement to referees
3pojopq0,2un48l2e,0.008313622,Grundlagen der Pharmakologie von Cannabinoiden,Acknowledgement to Referees
3pojopq0,dbo18qfk,0.008313622,Grundlagen der Pharmakologie von Cannabinoiden,Acknowledgement to Referees
3pojopq0,rh9bx841,0.008313622,Grundlagen der Pharmakologie von Cannabinoiden,Acknowledgement to Referees
3dqljzjm,nm89ue1r,0.008331122,An EUA for tocilizumab (Actemra) for COVID-19,Finding purpose
8xtexo2z,w9uyueuo,0.008334228,Marktführer gesucht,Comorbidity Impact on COVID-19
kirayybr,fx92xnzt,0.008358538,"Drivers of COVID-19 Stay at Home Orders: Epidemiologic, Economic, or Political Concerns?",Welche Phytos gegen Husten?
7ljhd62b,x0da3bw0,0.008380277,COVID-19 – Eine neue Herausforderung,Staffing Levels and COVID-19 Cases and Outbreaks in U.S. Nursing Homes
17trii16,1t2g1nhg,0.008383272,Endlich mehr Honorar für COVID-19-lmpfungen,Games about the Game: A History of Tabletop Baseball
kux9vzn8,mje2exwt,0.008383365,Bauchlage senkt Intubationsrate bei wachen COVID-19-Patienten auf Intensivstation,Correction Details
lq92mlhs,29xi5zs5,0.008402851,Nachhaltiges Wirtschaften setzt eine nachhaltige Arbeitswelt voraus,Hematologic Complications
vpvg3f3g,fouh4jhs,0.008408363,Therapeutic targets and potential agents for the treatment of COVID-19,Konjunkturpaket notwendig — Rückkehr zur Schuldenbremse nicht forcieren
76y24si3,m5wlk26r,0.008408883,Gender Differences on Psychosocial Factors Affecting COVID-19 Preventive Behaviors,COVID-19 trifft auf angeborene Herzfehler
zlzlu8d4,0vlkahyu,0.008441979,Safety assessment of traditional Plaisentif cheese.,Wirksamkeit von Pflanzenprodukten gegen Herpesinfektionen
sfarwvit,nt3oulua,0.008445319,So machen Vermittler ihren Betrieb zukunftsfest,Cannabidiol interactions with voltage-gated sodium channels
kux9vzn8,c1qdw17z,0.0084556285,Bauchlage senkt Intubationsrate bei wachen COVID-19-Patienten auf Intensivstation,Radiological Findings in Patients with COVID-19
tucs5o3u,fouh4jhs,0.008463483,Interim Guidance for Businesses and Employers,Konjunkturpaket notwendig — Rückkehr zur Schuldenbremse nicht forcieren
aorrfl8y,2w9zsz4m,0.008464979,Nurses' House-for Nurses.,Aktuelles zur Brustkrebstherapie
7ljhd62b,5n7v6ivs,0.0084863035,COVID-19 – Eine neue Herausforderung,The coronavirus' two bodies
2w9zsz4m,nbnoo02p,0.008499326,Aktuelles zur Brustkrebstherapie,Is prediabetes a risk factor for severe COVID‐19?
owec8o76,sfarwvit,0.008501657,Benchmarking the performance of US Municipalities,So machen Vermittler ihren Betrieb zukunftsfest
ox96k77e,7ljhd62b,0.008515477,Factors affecting mortality in geriatric patients hospitalized with COVID-19,COVID-19 – Eine neue Herausforderung
64iq25ct,m5wlk26r,0.008525021,The big in the small,COVID-19 trifft auf angeborene Herzfehler
jbrr6fx9,mdd60ic7,0.008527563,"""Viele Dinge bleiben zu bedenken""",Acknowledgement to Referees
jbrr6fx9,se2s9c5j,0.008527563,"""Viele Dinge bleiben zu bedenken""",Acknowledgement to Referees
jbrr6fx9,0ngl3naa,0.008527563,"""Viele Dinge bleiben zu bedenken""",Acknowledgement to Referees
jbrr6fx9,eej8qb9t,0.008527563,"""Viele Dinge bleiben zu bedenken""",Acknowledgement to Referees.
jbrr6fx9,2un48l2e,0.008527563,"""Viele Dinge bleiben zu bedenken""",Acknowledgement to Referees
jbrr6fx9,s4bobqls,0.008527563,"""Viele Dinge bleiben zu bedenken""",Acknowledgement to referees
jbrr6fx9,dbo18qfk,0.008527563,"""Viele Dinge bleiben zu bedenken""",Acknowledgement to Referees
jbrr6fx9,rh9bx841,0.008527563,"""Viele Dinge bleiben zu bedenken""",Acknowledgement to Referees
kux9vzn8,uzs39gx1,0.008528949,Bauchlage senkt Intubationsrate bei wachen COVID-19-Patienten auf Intensivstation,Care for caregivers- a mission for primary care
g8mw0kj2,m5wlk26r,0.008535766,Mental health matters,COVID-19 trifft auf angeborene Herzfehler
yrhf7qci,hrbxg1yg,0.008540447,News-Screen Rheumatologie,Es gibt Hoffnung
cixnefb2,hrbxg1yg,0.008540447,News-Screen Rheumatologie,Es gibt Hoffnung
x72vmp8d,sptj9tuy,0.0085593015,Interpretación de patrones radiológicos sugerentes de COVID-19 en pediatría,Thinking about “Thinking about COVID-19”
hrbxg1yg,qz1q3wf1,0.008559956,Es gibt Hoffnung,Research challenges in uncertain times.
k0xqoyx8,99btzh9a,0.008564139,Stille Hypoxie bei COVID-19: Eine Fallserie,News & Notes
7ljhd62b,zw1j85pz,0.008569956,COVID-19 – Eine neue Herausforderung,Primary Care Clinicians as COVID-19 Vaccine Ambassadors
xf05lfy7,fx92xnzt,0.008571081,A monthly roundup of key articles in other journals.,Welche Phytos gegen Husten?
3h2oqsey,fx92xnzt,0.008571081,A monthly roundup of key articles in other journals,Welche Phytos gegen Husten?
g9is9gtx,fx92xnzt,0.008571081,A monthly roundup of key articles in other journals.,Welche Phytos gegen Husten?
741eleaf,fx92xnzt,0.008571742,Challenges in the time of COVID-19,Welche Phytos gegen Husten?
xtvj6yyj,0vlkahyu,0.0085772015,Legaltech in Public Administration: Prospects and Challenges,Wirksamkeit von Pflanzenprodukten gegen Herpesinfektionen
kux9vzn8,x1zun8qe,0.008586894,Bauchlage senkt Intubationsrate bei wachen COVID-19-Patienten auf Intensivstation,Therapeutic Potential of B-1a Cells in COVID-19
zku020ww,m5wlk26r,0.00859024,"Educating heads, hands, and hearts in the COVID-19 Classroom",COVID-19 trifft auf angeborene Herzfehler
tmi60ugl,kdol990p,0.00859056,Fears and Hopes,Jeden Verdacht melden!
xs0pxnd4,sfarwvit,0.008592105,COVID-19: Knowing the Data,So machen Vermittler ihren Betrieb zukunftsfest
3flfngu0,a9jyx7wb,0.008601272,Was bitte ist denn »Molekularbiologie«?,Risk Factors of COVID-19 Patients
lvbep9hm,17trii16,0.008602935,The spread of pathogens through trade in wildlife.,Endlich mehr Honorar für COVID-19-lmpfungen
h22uykqx,0vlkahyu,0.008609092,Keeping the research spotlight on COVID-19.,Wirksamkeit von Pflanzenprodukten gegen Herpesinfektionen
kux9vzn8,pbflhjz0,0.00861213,Bauchlage senkt Intubationsrate bei wachen COVID-19-Patienten auf Intensivstation,Clinical characteristics and outcomes of COVID-19 patients with prediabetes
0zt5ykhn,kux9vzn8,0.008615369,"The Human, Economic, Social, and Political Costs of COVID-19",Bauchlage senkt Intubationsrate bei wachen COVID-19-Patienten auf Intensivstation
fouh4jhs,d4l85xzw,0.008616296,Konjunkturpaket notwendig — Rückkehr zur Schuldenbremse nicht forcieren,Meetings and Courses
2w9zsz4m,07xwlau9,0.008619714,Aktuelles zur Brustkrebstherapie,Respiratory Diseases of Rodents
lq92mlhs,dxx0bfis,0.008629542,Nachhaltiges Wirtschaften setzt eine nachhaltige Arbeitswelt voraus,Disease X and other unknowns
p81l6zvz,u91j571e,0.008632907,Systemische Immunsuppression in Zeiten von COVID‐19: Müssen wir umdenken?,Academic Skills: Publications
1g0pthfr,w4k5v3gz,0.008640873,Epidemiological and Clinical Predictors of COVID-19,Nach COVID-19-Infektion treten vermehrt Herzprobleme auf
kux9vzn8,2mn5n7p9,0.008641842,Bauchlage senkt Intubationsrate bei wachen COVID-19-Patienten auf Intensivstation,[Important and Unresolved Aspects of Neuropathologic Analyses of COVID-19 Individuals].
znsjqn3m,fx92xnzt,0.008649226,Class - the ignored determinant of the nation's health.,Welche Phytos gegen Husten?
g8mw0kj2,0vlkahyu,0.0086582005,Mental health matters,Wirksamkeit von Pflanzenprodukten gegen Herpesinfektionen
w72ielhf,bh8jhqyn,0.008697997,Editors’ Note,Ein lange bekanntes Syndrom bei einer neuen Krankheit
2w9zsz4m,3dx56fet,0.008702686,Aktuelles zur Brustkrebstherapie,"COVID-19, Your Pet and Other Animals: Are You at Risk?"
o5x72g1a,fx92xnzt,0.008703436,Research Focus: Protas,Welche Phytos gegen Husten?
7q8hjzfc,0vlkahyu,0.008714992,Ecological determinants of health: food and environment on human health,Wirksamkeit von Pflanzenprodukten gegen Herpesinfektionen
zhg0x6oy,d4l85xzw,0.008715135,Ein weiteres Opfer der Pandemie,Meetings and Courses
dzzxxztl,m5wlk26r,0.00874291,Clinical characteristics of nutritional indicators in patients with Covid-19,COVID-19 trifft auf angeborene Herzfehler
46z4663u,bnto2xy7,0.0087457,Endlich Farbe bekennen,COVID‐19 vaccination in children and university students
ln74h5jn,zpo4us36,0.008756132,Cybersecurity educational games: a theoretical framework,Versorgung von Krebspatienten leidet
db266vyl,fx92xnzt,0.008758141,CrowdXR - Pitfalls and Potentials of Experiments with Remote Participants,Welche Phytos gegen Husten?
lq92mlhs,tke3pkpk,0.008767984,Nachhaltiges Wirtschaften setzt eine nachhaltige Arbeitswelt voraus,Two Weeks
sfarwvit,x1zun8qe,0.008770871,So machen Vermittler ihren Betrieb zukunftsfest,Therapeutic Potential of B-1a Cells in COVID-19
fouh4jhs,qkc0v9xq,0.0087920185,Konjunkturpaket notwendig — Rückkehr zur Schuldenbremse nicht forcieren,MLFW: A Database for Face Recognition on Masked Faces
d6su39tw,bnto2xy7,0.0088016065,Erfolgreiche Behandlung eines drittgradigen Pleuraempyems infolge einer COVID-19-Infektion,COVID‐19 vaccination in children and university students
kmsz4jdk,6ho4ox2e,0.008809267,Hyperlipasemia in Hospitalized COVID-19 Patients,Pädiatrie aktuell – Forschung kurz notiert
3dqljzjm,e3pd25mi,0.00882233,An EUA for tocilizumab (Actemra) for COVID-19,The WSES: what do we see in the future?
y4lygtig,6ho4ox2e,0.008828942,Ways to look after yourself and others in 2021.,Pädiatrie aktuell – Forschung kurz notiert
jzoj084m,8xtexo2z,0.008836735,COVID-19: Risk factors for critical illness,Marktführer gesucht
iddwqw3z,17trii16,0.008837208,Contagious Protests,Endlich mehr Honorar für COVID-19-lmpfungen
k7qibllm,fx92xnzt,0.008838191,Are children and schools a COVID-19 threat?,Welche Phytos gegen Husten?
049uxyjf,3dqljzjm,0.008839577,How can I make the most of my time shielding?,An EUA for tocilizumab (Actemra) for COVID-19
3dqljzjm,h78hbt2b,0.008839577,An EUA for tocilizumab (Actemra) for COVID-19,How can I make the most of my time shielding?
5r2leevd,5hepuqon,0.0088594165,Kündigung – Maskenpflicht – Anforderungen an ein Attest zur Befreiung : KSchG 1;BGB 242,COVID-19 infections in pets such as cats and dogs
kux9vzn8,7kj3ttsm,0.00886186,Bauchlage senkt Intubationsrate bei wachen COVID-19-Patienten auf Intensivstation,The molecular footprints of COVID-19
7alnaipp,0vlkahyu,0.008867632,Coping with COVID-19 in an international border region: Health and economy,Wirksamkeit von Pflanzenprodukten gegen Herpesinfektionen
3dqljzjm,phhoqm07,0.008889492,An EUA for tocilizumab (Actemra) for COVID-19,The importance of asking questions and doing things for a reason
l8cqvc8i,17trii16,0.008890256,Teaching during COVID-19 Times: A Community College Perspective,Endlich mehr Honorar für COVID-19-lmpfungen
98mktb8e,m5wlk26r,0.008893499,Reflections on key methodological decisions in national burden of disease assessments,COVID-19 trifft auf angeborene Herzfehler
wxjssuru,7ljhd62b,0.008902319,Clinical features and potential risk factors for discerning the critical cases and predicting the outcome of patients with COVID-19,COVID-19 – Eine neue Herausforderung
2w9zsz4m,nggz2d9j,0.008915099,Aktuelles zur Brustkrebstherapie,"The Effects of COVID-19 on U.S. Small Businesses: Evidence from Owners, Managers, and Employees"
sfarwvit,y3yku6n7,0.008962864,So machen Vermittler ihren Betrieb zukunftsfest,Obesity as a risk factor for COVID-19: an overview.
kux9vzn8,mrdg743n,0.008963272,Bauchlage senkt Intubationsrate bei wachen COVID-19-Patienten auf Intensivstation,Recruiting Residents During COVID-19
bhimxnxq,kcl0uzdg,0.00896815,Serological characteristics of COVID-19 patients.,Budesonid verhindert bei COVID-19 Übergang zu schwerem Verlauf
8xtexo2z,3ue8ze3s,0.008979576,Marktführer gesucht,Virucidal activity
ryq1asf3,sfarwvit,0.008998103,Geographical Readings of COVID-19,So machen Vermittler ihren Betrieb zukunftsfest
7ljhd62b,reg2jz1a,0.009004124,COVID-19 – Eine neue Herausforderung,Trends in Covid-19 hospital mortality in women and men
2qxv4okg,fx92xnzt,0.009008284,Impact of Covid-19 on field and office workforce in construction industry,Welche Phytos gegen Husten?
p81l6zvz,a5hc3hef,0.009033395,Systemische Immunsuppression in Zeiten von COVID‐19: Müssen wir umdenken?,Guideposts for Assessment During COVID-19
17trii16,epsi5qq7,0.009046563,Endlich mehr Honorar für COVID-19-lmpfungen,Clinical Features of COVID-19 Patients in Xiaogan City
gqg1q3ii,8xtexo2z,0.009053274,Vaccines and adjuvants,Marktführer gesucht
2w9zsz4m,ox96k77e,0.009056704,Aktuelles zur Brustkrebstherapie,Factors affecting mortality in geriatric patients hospitalized with COVID-19
xf05lfy7,m5wlk26r,0.009060099,A monthly roundup of key articles in other journals.,COVID-19 trifft auf angeborene Herzfehler
3h2oqsey,m5wlk26r,0.009060099,A monthly roundup of key articles in other journals,COVID-19 trifft auf angeborene Herzfehler
g9is9gtx,m5wlk26r,0.009060099,A monthly roundup of key articles in other journals.,COVID-19 trifft auf angeborene Herzfehler
2w9zsz4m,g1numkxy,0.009061939,Aktuelles zur Brustkrebstherapie,"Phenotypes of Liver Diseases in Infants, Children, and Adolescents"
sfarwvit,zudabpei,0.009066352,So machen Vermittler ihren Betrieb zukunftsfest,COVID-19 Deaths: Reasons and Rationale
xamgedfq,iw6ooopp,0.009074284,Variability Matters,COVID-19-Pandemie: Was wissen wir – was können wir empfehlen?: Ein Kommentar der Herausgeber
fbj6bolc,m5wlk26r,0.009074642,The changing demographics of COVID-19,COVID-19 trifft auf angeborene Herzfehler
c2o6j7h8,17trii16,0.009108361,Family Medicine Telehealth Clinic With Medical Students,Endlich mehr Honorar für COVID-19-lmpfungen
nxmauvpu,bosj5jgi,0.009112107,Reasons for HOPE.,Internetabhängige Jugendliche schlafen schlechter
ztjikyxk,fx92xnzt,0.009112671,"Understanding Sustainability of Construction Products: Answers from Investors, Contractors, and Sellers of Building Materials",Welche Phytos gegen Husten?
lq92mlhs,vsdsp7jc,0.009142865,Nachhaltiges Wirtschaften setzt eine nachhaltige Arbeitswelt voraus,Spotlight on Female Voices
znsjqn3m,0vlkahyu,0.009144959,Class - the ignored determinant of the nation's health.,Wirksamkeit von Pflanzenprodukten gegen Herpesinfektionen
6vz9lvch,m5wlk26r,0.009146119,The functions and roles of sestrins in regulating human diseases,COVID-19 trifft auf angeborene Herzfehler
e8yt0yuq,sfarwvit,0.0091469325,Vaccine Clinical Trials and Data Infrastructure,So machen Vermittler ihren Betrieb zukunftsfest
whl6yq4p,hrbxg1yg,0.009147008,Cardiovascular aspects of COVID-19,Es gibt Hoffnung
mkyhlb8w,d6su39tw,0.009153311,World News.,Erfolgreiche Behandlung eines drittgradigen Pleuraempyems infolge einer COVID-19-Infektion
2w9zsz4m,gn8h9bi9,0.00915536,Aktuelles zur Brustkrebstherapie,"NSAIDs in patients with viral infections, including Covid-19: Victims or perpetrators?"
3dqljzjm,o6lybdne,0.009173804,An EUA for tocilizumab (Actemra) for COVID-19,The COVID years: Predictable unpredictability
lq92mlhs,5hepuqon,0.009178947,Nachhaltiges Wirtschaften setzt eine nachhaltige Arbeitswelt voraus,COVID-19 infections in pets such as cats and dogs
szxqsdbl,sfarwvit,0.0091791265,Cardiovascular risk and complications associated with COVID-19.,So machen Vermittler ihren Betrieb zukunftsfest
2w9zsz4m,ggg31biw,0.009184921,Aktuelles zur Brustkrebstherapie,Underreporting of COVID-19 deaths
v8xo2get,6ho4ox2e,0.009212185,Covid-19 discloses unequal geographies,Pädiatrie aktuell – Forschung kurz notiert
rqb19icj,f608irm6,0.009212563,Experiences of family caregivers of patients with COVID-19,Kardiale Folgen von COVID-19
pyeyl58n,m5wlk26r,0.009224889,Transdiagnostic vulnerability factors for behavioral health problems during COVID-19,COVID-19 trifft auf angeborene Herzfehler
wo6yfjez,fx92xnzt,0.009237828,"Space Design Between Research, Project and Education",Welche Phytos gegen Husten?
cl81y08y,etrtg1hj,0.009249897,Auf dem Weg zu einer nachhaltigen Mobilität,"Complicated Grief: Risk Factors, Protective Factors, and Interventions."
ffbchp74,b2wgo20y,0.009254273,Rechtsprechung kurz berichtet,Recovering from COVID-19: the key issues
17trii16,q0222g6g,0.009257881,Endlich mehr Honorar für COVID-19-lmpfungen,Clinical aspects of immunosuppression in poultry.
8p3fobrk,d6su39tw,0.009264661,No Visitors Allowed,Erfolgreiche Behandlung eines drittgradigen Pleuraempyems infolge einer COVID-19-Infektion
ffikoig3,0vlkahyu,0.009266282,Online Learning of Students with Special Needs: Teachers' Perspectives,Wirksamkeit von Pflanzenprodukten gegen Herpesinfektionen
fouh4jhs,4e9rqj21,0.009277087,Konjunkturpaket notwendig — Rückkehr zur Schuldenbremse nicht forcieren,Immunophenotyping for Risk Stratification of Patients with COVID-19
pzumy9nk,sfarwvit,0.009297035,Risk stratification in hospitalized COVID-19 patients,So machen Vermittler ihren Betrieb zukunftsfest
6gwj6d9i,ffbchp74,0.009305659,Thieves' Market,Rechtsprechung kurz berichtet
46pn6jmc,whl6yq4p,0.009307649,Warum Austausch gerade jetzt wichtig ist,Cardiovascular aspects of COVID-19
4fvobtxz,m5wlk26r,0.009310883,Factors explaining the fear of being infected with COVID‐19,COVID-19 trifft auf angeborene Herzfehler
1g0pthfr,f608irm6,0.009335693,Epidemiological and Clinical Predictors of COVID-19,Kardiale Folgen von COVID-19
kux9vzn8,4pv7iq1m,0.009340936,Bauchlage senkt Intubationsrate bei wachen COVID-19-Patienten auf Intensivstation,Policy priorities for 2020/21
30097lan,g3ypisig,0.0093457205,Hematological Aspects of COVID-19,Riechstörungen bei COVID-19 – aktueller Wissensstand
17trii16,mpje1c1p,0.009346472,Endlich mehr Honorar für COVID-19-lmpfungen,Careers and Employment
09dtsrg8,7ljhd62b,0.009360444,Predictors of illness severity in COVID-19 cases,COVID-19 – Eine neue Herausforderung
4coluqp2,hn6972s3,0.009361474,Structures of the Mononegavirales Polymerases,Vernebelung von Notfallmedikamenten im süddeutschen Rettungsdienst
cvlk80fl,fx92xnzt,0.009372324,News and Announcements,Welche Phytos gegen Husten?
fx92xnzt,85atx0zp,0.009372324,Welche Phytos gegen Husten?,News and Announcements
mdd60ic7,hf2snfdv,0.0093725175,Acknowledgement to Referees,Kutane Infektionen durch Staphylokokken und Streptokokken
0ngl3naa,hf2snfdv,0.0093725175,Acknowledgement to Referees,Kutane Infektionen durch Staphylokokken und Streptokokken
se2s9c5j,hf2snfdv,0.0093725175,Acknowledgement to Referees,Kutane Infektionen durch Staphylokokken und Streptokokken
eej8qb9t,hf2snfdv,0.0093725175,Acknowledgement to Referees.,Kutane Infektionen durch Staphylokokken und Streptokokken
s4bobqls,hf2snfdv,0.0093725175,Acknowledgement to referees,Kutane Infektionen durch Staphylokokken und Streptokokken
2un48l2e,hf2snfdv,0.0093725175,Acknowledgement to Referees,Kutane Infektionen durch Staphylokokken und Streptokokken
dbo18qfk,hf2snfdv,0.0093725175,Acknowledgement to Referees,Kutane Infektionen durch Staphylokokken und Streptokokken
rh9bx841,hf2snfdv,0.0093725175,Acknowledgement to Referees,Kutane Infektionen durch Staphylokokken und Streptokokken
2w9zsz4m,o8b1dx3b,0.0093788,Aktuelles zur Brustkrebstherapie,COVID-19 in persons with haematological cancers
0vlkahyu,e6pxogg9,0.009391659,Wirksamkeit von Pflanzenprodukten gegen Herpesinfektionen,Monitoring Remote Employees at FinPro
7ljhd62b,h10d9flx,0.009398937,COVID-19 – Eine neue Herausforderung,Evaluation of Hyponatremia and Predictors of Hyponatremia in Patients Hospitalized with the COVID-19
obxdou4u,z3irrfu4,0.009442276,A note of gratitude,"Räumlich getrennt, virtuell vereint"
lq92mlhs,wvcabi5j,0.009451862,Nachhaltiges Wirtschaften setzt eine nachhaltige Arbeitswelt voraus,Parasitology in the times of COVID-19
ajj8ph23,0vlkahyu,0.009475146,Talent Management: Needs and Prospects for Business Development in the Digital Economy,Wirksamkeit von Pflanzenprodukten gegen Herpesinfektionen
7ljhd62b,lxq48xxw,0.009481064,COVID-19 – Eine neue Herausforderung,Protecting children from maltreatment during COVID-19: Struggling to see children and their families through the lockdowns
fd9vwx42,d6su39tw,0.009491199,Focused and Other,Erfolgreiche Behandlung eines drittgradigen Pleuraempyems infolge einer COVID-19-Infektion
lfltlwj1,m5wlk26r,0.009510834,A review of COVID-19 vaccines and major considerations for diabetic patients,COVID-19 trifft auf angeborene Herzfehler
3nislr13,m5wlk26r,0.009510834,A review of COVID-19 vaccines and major considerations for diabetic patients.,COVID-19 trifft auf angeborene Herzfehler
bpz6skgv,6ho4ox2e,0.009511545,Critical care,Pädiatrie aktuell – Forschung kurz notiert
lm1tiprk,kux9vzn8,0.009513441,Epidemiological and Clinical Aspects of COVID-19; a Narrative Review.,Bauchlage senkt Intubationsrate bei wachen COVID-19-Patienten auf Intensivstation
tmi60ugl,g4g02t1w,0.009514514,Fears and Hopes,KnorpelRegister - Bilanz nach sieben Jahren
76xvzvdg,0vlkahyu,0.009516313,National scientific medical meeting 1996 abstracts,Wirksamkeit von Pflanzenprodukten gegen Herpesinfektionen
0vlkahyu,cm91em81,0.009516313,Wirksamkeit von Pflanzenprodukten gegen Herpesinfektionen,National scientific medical meeting 1997 abstracts
3dqljzjm,ea09nbkh,0.009519327,An EUA for tocilizumab (Actemra) for COVID-19,Conclusion and Further Thoughts
99btzh9a,z3irrfu4,0.009528167,News & Notes,"Räumlich getrennt, virtuell vereint"
ac3uumfq,fx92xnzt,0.009540297,COVID 19: challenges for virologists in the food industry,Welche Phytos gegen Husten?
lq92mlhs,j4kakh1k,0.009541508,Nachhaltiges Wirtschaften setzt eine nachhaltige Arbeitswelt voraus,News Items.
7kj3ttsm,g3ypisig,0.009547013,The molecular footprints of COVID-19,Riechstörungen bei COVID-19 – aktueller Wissensstand
zpo4us36,693r9rey,0.009548114,Versorgung von Krebspatienten leidet,Medical emergencies on commercial airline flights.
q1gecucn,2w9zsz4m,0.009548925,Tackling debt,Aktuelles zur Brustkrebstherapie
kux9vzn8,wdw2pj9g,0.009556444,Bauchlage senkt Intubationsrate bei wachen COVID-19-Patienten auf Intensivstation,CEACAM1 recognition by bacterial pathogens is species-specific
ewzts2hc,m5wlk26r,0.009558495,Anthropologists Answer Four Questions about the Pandemic,COVID-19 trifft auf angeborene Herzfehler
p9d78t6v,sfarwvit,0.009562003,NeoCORE Conference Abstracts,So machen Vermittler ihren Betrieb zukunftsfest
fouh4jhs,nggz2d9j,0.009575482,Konjunkturpaket notwendig — Rückkehr zur Schuldenbremse nicht forcieren,"The Effects of COVID-19 on U.S. Small Businesses: Evidence from Owners, Managers, and Employees"
rbez38t1,2w9zsz4m,0.009587698,Academic Coaching of Medical Students During COVID-19.,Aktuelles zur Brustkrebstherapie
sfarwvit,4segjkeh,0.009593309,So machen Vermittler ihren Betrieb zukunftsfest,Risk of COVID-19 breakthrough infection and hospitalization in individuals with comorbidities
fouh4jhs,hzip08oy,0.009607861,Konjunkturpaket notwendig — Rückkehr zur Schuldenbremse nicht forcieren,Benzothiazoles as potential antiviral agents
kux9vzn8,cp64j9k2,0.0096140755,Bauchlage senkt Intubationsrate bei wachen COVID-19-Patienten auf Intensivstation,Critical care journals during the COVID-19 pandemic: challenges and responsibilities
lq92mlhs,kdfg0glv,0.009618599,Nachhaltiges Wirtschaften setzt eine nachhaltige Arbeitswelt voraus,Books reviewed
07xwlau9,fouh4jhs,0.009628581,Respiratory Diseases of Rodents,Konjunkturpaket notwendig — Rückkehr zur Schuldenbremse nicht forcieren
k7qibllm,46z4663u,0.009632204,Are children and schools a COVID-19 threat?,Endlich Farbe bekennen
mdd60ic7,di9abfaz,0.009638291,Acknowledgement to Referees,Gründen in Berlin
di9abfaz,se2s9c5j,0.009638291,Gründen in Berlin,Acknowledgement to Referees
di9abfaz,0ngl3naa,0.009638291,Gründen in Berlin,Acknowledgement to Referees
di9abfaz,2un48l2e,0.009638291,Gründen in Berlin,Acknowledgement to Referees
di9abfaz,s4bobqls,0.009638291,Gründen in Berlin,Acknowledgement to referees
di9abfaz,dbo18qfk,0.009638291,Gründen in Berlin,Acknowledgement to Referees
di9abfaz,rh9bx841,0.009638291,Gründen in Berlin,Acknowledgement to Referees
di9abfaz,eej8qb9t,0.009638302,Gründen in Berlin,Acknowledgement to Referees.
tmi60ugl,vskya7f0,0.009640536,Fears and Hopes,So viele Praxen haben Kurzarbeit angemeldet
3vov7mxw,kcl0uzdg,0.009643289,Racial and Ethnic Disparities in COVID-19 Vaccination Coverage: The Contribution of Socioeconomic and Demographic Factors,Budesonid verhindert bei COVID-19 Übergang zu schwerem Verlauf
47ol5hek,m5wlk26r,0.009676873,Association between Variability of Metabolic Risk Factors and Cardiometabolic Outcomes,COVID-19 trifft auf angeborene Herzfehler
fd9vwx42,fx92xnzt,0.009689164,Focused and Other,Welche Phytos gegen Husten?
2w9zsz4m,w6n32mfk,0.009693851,Aktuelles zur Brustkrebstherapie,Flavivirus Persistence in Wildlife Populations
7q0v688a,sfarwvit,0.009695641,A Message from the Editors.,So machen Vermittler ihren Betrieb zukunftsfest
2w9zsz4m,j29mia9l,0.009720441,Aktuelles zur Brustkrebstherapie,COVID-19 as a risk factor for obstetric violence
hqfgmhcm,fx92xnzt,0.009723634,Urban Park Landscape Design from the Perspective of Public Health,Welche Phytos gegen Husten?
3dqljzjm,6reo999j,0.009745529,An EUA for tocilizumab (Actemra) for COVID-19,The WHO we want
z5hz0twq,fx92xnzt,0.00974657,Locational Choices: Modeling Consumer Preferences for Proximity to Others in Reserved Seating Venues,Welche Phytos gegen Husten?
ferl5tyb,fx92xnzt,0.009748721,News Focus,Welche Phytos gegen Husten?
fx92xnzt,q0mcbnkw,0.009748721,Welche Phytos gegen Husten?,News Focus
ovwdafof,0vlkahyu,0.009750413,Opportunities: The National Institutes of Health,Wirksamkeit von Pflanzenprodukten gegen Herpesinfektionen
ekkf4hc2,46pn6jmc,0.009760095,Physicians Abstracts,Warum Austausch gerade jetzt wichtig ist
fd9vwx42,0vlkahyu,0.009763198,Focused and Other,Wirksamkeit von Pflanzenprodukten gegen Herpesinfektionen
rqb19icj,0vlkahyu,0.009773556,Experiences of family caregivers of patients with COVID-19,Wirksamkeit von Pflanzenprodukten gegen Herpesinfektionen
kux9vzn8,dnla56uh,0.009782959,Bauchlage senkt Intubationsrate bei wachen COVID-19-Patienten auf Intensivstation,Zoonotic origins of human coronaviruses
fd9vwx42,46z4663u,0.009810434,Focused and Other,Endlich Farbe bekennen
g0quxgv5,7ljhd62b,0.009834556,Highlights From the Circulation Family of Journals.,COVID-19 – Eine neue Herausforderung
tmi60ugl,5r2leevd,0.009836009,Fears and Hopes,Kündigung – Maskenpflicht – Anforderungen an ein Attest zur Befreiung : KSchG 1;BGB 242
kux9vzn8,jkwx10s5,0.009848143,Bauchlage senkt Intubationsrate bei wachen COVID-19-Patienten auf Intensivstation,Psychosocial and demographic predictors of mental health and distress
kux9vzn8,ryq1asf3,0.009854144,Bauchlage senkt Intubationsrate bei wachen COVID-19-Patienten auf Intensivstation,Geographical Readings of COVID-19
d2j3ivs3,0vlkahyu,0.009864471,Cybersecurity Predictions 2021,Wirksamkeit von Pflanzenprodukten gegen Herpesinfektionen
sfarwvit,gqsgldzr,0.0098688025,So machen Vermittler ihren Betrieb zukunftsfest,Characteristics of COVID-2019 in areas epidemic from imported cases
7ljhd62b,i9skulqm,0.009873929,COVID-19 – Eine neue Herausforderung,Investigation of perceived fear of COVID-19 and vaccine hesitancy in nursing students.
19a7vgdg,fx92xnzt,0.0098770065,Research progress on hazards of aerosols to laboratory safety and key points for protection,Welche Phytos gegen Husten?
sy9p8a8k,7ljhd62b,0.009881139,Initial Observations of COVID-19 in US Children,COVID-19 – Eine neue Herausforderung
8uff2f6d,zpo4us36,0.009885292,Financial Markets and COVID-19,Versorgung von Krebspatienten leidet
3dqljzjm,tmzvwhqf,0.009888492,An EUA for tocilizumab (Actemra) for COVID-19,A deep dive into Avivore
lq92mlhs,1ts6951f,0.00989678,Nachhaltiges Wirtschaften setzt eine nachhaltige Arbeitswelt voraus,Coinfection and Other Clinical Characteristics of COVID-19 in Children
7ljhd62b,xknu8mi0,0.009902955,COVID-19 – Eine neue Herausforderung,Antibody Immunological Imprinting on COVID-19 Patients
d6su39tw,9gxmaiwc,0.009912003,Erfolgreiche Behandlung eines drittgradigen Pleuraempyems infolge einer COVID-19-Infektion,Debate: #Together despite the distance
yrhf7qci,0vlkahyu,0.009926287,News-Screen Rheumatologie,Wirksamkeit von Pflanzenprodukten gegen Herpesinfektionen
cixnefb2,0vlkahyu,0.009926287,News-Screen Rheumatologie,Wirksamkeit von Pflanzenprodukten gegen Herpesinfektionen
iddwqw3z,7ljhd62b,0.009933948,Contagious Protests,COVID-19 – Eine neue Herausforderung
wxjssuru,ffbchp74,0.009943142,Clinical features and potential risk factors for discerning the critical cases and predicting the outcome of patients with COVID-19,Rechtsprechung kurz berichtet
17trii16,dyx1gv62,0.0099438755,Endlich mehr Honorar für COVID-19-lmpfungen,Rehabilitation of patients with COVID-19.
fd9vwx42,bosj5jgi,0.009975927,Focused and Other,Internetabhängige Jugendliche schlafen schlechter
46pn6jmc,dyx1gv62,0.009993141,Warum Austausch gerade jetzt wichtig ist,Rehabilitation of patients with COVID-19.
rcpdrpo7,0vlkahyu,0.009993886,Entrepreneurial homeworkers,Wirksamkeit von Pflanzenprodukten gegen Herpesinfektionen
sfarwvit,gaws31nj,0.009995978,So machen Vermittler ihren Betrieb zukunftsfest,2019-nCoV: a worldwide concern and facts
om8ztm54,0vlkahyu,0.010000013,Public health significance of neuroticism.,Wirksamkeit von Pflanzenprodukten gegen Herpesinfektionen
08e9p12l,fx92xnzt,0.0100078955,Family planning in COVID-19 times: access for all,Welche Phytos gegen Husten?
owec8o76,0vlkahyu,0.0100087775,Benchmarking the performance of US Municipalities,Wirksamkeit von Pflanzenprodukten gegen Herpesinfektionen
8bzls8kw,m5wlk26r,0.010008856,Addressing multiple gastroenterological aspects of COVID-19.,COVID-19 trifft auf angeborene Herzfehler
9011dezp,0vlkahyu,0.010013551,The importance of urban natural areas and urban ecosystem services during the COVID-19 pandemic,Wirksamkeit von Pflanzenprodukten gegen Herpesinfektionen
97padhkl,hrbxg1yg,0.010018953,Toxicogenomic Analysis,Es gibt Hoffnung
zqt6f6m5,lqcmivkm,0.010023281,COVID and Climate: Similarities and differences,Ryzyko przeniesienia czynników zakaźnych przez transfuzje w Polsce
yug67euu,7ljhd62b,0.010028126,Undergraduate researchers’ graduate school intentions during COVID‐19,COVID-19 – Eine neue Herausforderung
z57raijg,ffbchp74,0.010033606,"PCORnet® 2020: Current State, Accomplishments, and Future Directions",Rechtsprechung kurz berichtet
2w9zsz4m,zw1j85pz,0.010058655,Aktuelles zur Brustkrebstherapie,Primary Care Clinicians as COVID-19 Vaccine Ambassadors
fouh4jhs,e2nr5laz,0.010060075,Konjunkturpaket notwendig — Rückkehr zur Schuldenbremse nicht forcieren,"COVID-19 Bereavement: Considerations for Families, Psychologists, and Student Trainees"
0575yava,kylka2rh,0.010074523,Challenges for indigenous children and youth,Zur gesellschaftlichen Akzeptanz von einmaligen Vermögensabgaben
6eewbhh3,7ljhd62b,0.010075988,Interpreting Transmissibility of COVID-19 in Children,COVID-19 – Eine neue Herausforderung
e56trya1,fx92xnzt,0.010076824,"School Leaders’ Emotional Experiences and Capabilities: Perspectives, Challenges, and Prospects",Welche Phytos gegen Husten?
p9d78t6v,fx92xnzt,0.010093591,NeoCORE Conference Abstracts,Welche Phytos gegen Husten?
5p6bp284,fx92xnzt,0.010100813,The state of One Health research across disciplines and sectors – a bibliometric analysis,Welche Phytos gegen Husten?
03eewf0w,fx92xnzt,0.0101024,Exploring Changes in Home Visitors’ Perspectives in the Context of a Professional Development Activity,Welche Phytos gegen Husten?
cbrpdre0,fx92xnzt,0.010103415,Future Perspectives of Nurses With COVID 19,Welche Phytos gegen Husten?
qj0nwynn,0vlkahyu,0.010104297,Innovating past barriers,Wirksamkeit von Pflanzenprodukten gegen Herpesinfektionen
mnxaffci,7ljhd62b,0.010112265,Recycle: Do It for the Kids,COVID-19 – Eine neue Herausforderung
7ljhd62b,bn76yto1,0.010112265,COVID-19 – Eine neue Herausforderung,Recycle: Do it For the Kids
y6vsidmo,f608irm6,0.010113597,Prevention of COVID-19 in the workplace.,Kardiale Folgen von COVID-19
d6su39tw,iixi36a5,0.010117276,Erfolgreiche Behandlung eines drittgradigen Pleuraempyems infolge einer COVID-19-Infektion,COVID-19: Level of Concern Explained
9m6ud2fx,fx92xnzt,0.01013442,9-3 Distance Mentorship for Retaining Medical Students,Welche Phytos gegen Husten?
2w9zsz4m,4n6por3h,0.010140559,Aktuelles zur Brustkrebstherapie,Elderly people and responses to COVID-19 in 27 Countries
evz9tfbk,0vlkahyu,0.010155858,Data Errors in Table,Wirksamkeit von Pflanzenprodukten gegen Herpesinfektionen
u91j571e,zpo4us36,0.010159387,Academic Skills: Publications,Versorgung von Krebspatienten leidet
aiaaav0i,y3hpzj0u,0.010185445,Eine Folge des undifferenzierten Antibiotikaeinsatzes: Nosokomiale Erreger bei COVID 19-Patienten auf der Intensivstation,"Acknowledgment of Referees, 2020"
esmc52bp,17trii16,0.01019184,Teaching Prelicensure Nursing Research Through Journal Clubs,Endlich mehr Honorar für COVID-19-lmpfungen
2w9zsz4m,3027mf3b,0.010192154,Aktuelles zur Brustkrebstherapie,COVID-19 Human Endangerment As A Domestic Crime or an International Crime Against Humanity
5iqu5iiz,fouh4jhs,0.010194202,Secondary bacterial infections in patients with covid-19,Konjunkturpaket notwendig — Rückkehr zur Schuldenbremse nicht forcieren
ffbchp74,aw1pbmz4,0.010209452,Rechtsprechung kurz berichtet,Risk factors analysisi for COVID‑19 in the elderly
sfarwvit,7j92yzcn,0.010224515,So machen Vermittler ihren Betrieb zukunftsfest,COVID-19: Clinical Trials and Potential Therapeutic Agents - A Narrative Review
0sl4xp50,o9sng03j,0.010229629,Neuropathological Features of COVID-19,Respiratorische Unterstützung bei COVID-19: alles zu seiner Zeit!
ulv8c2pg,hrbxg1yg,0.010267177,Management of critical care in covid-19 patients,Es gibt Hoffnung
qqzegfjx,17trii16,0.010272264,COVID-19 vaccination in pregnancy.,Endlich mehr Honorar für COVID-19-lmpfungen
7ljhd62b,bzu0vp9q,0.010279823,COVID-19 – Eine neue Herausforderung,Risk factors and electrocardiogram characteristics for mortality of critical inpatients with COVID-19
0ia8ld9o,u4y121hs,0.010285544,Rajendra Kapila,COVID-19 Vaccines Complicate Mammograms
xsem58kn,f608irm6,0.010285741,Logistics as a Competitive Advantage in Retail Organizations,Kardiale Folgen von COVID-19
hrbxg1yg,m62f2ju5,0.010290139,Es gibt Hoffnung,Events of Interest
7ljhd62b,1dw03g0z,0.010295385,COVID-19 – Eine neue Herausforderung,Avifavir in Treating Patients with Moderate Covid 19
gw3o3u80,8xtexo2z,0.010295652,Cardiovascular risk in COVID-19 infection.,Marktführer gesucht
mdd60ic7,zsbtt240,0.010298308,Acknowledgement to Referees,Warum sind Infektionen bei Senioren so gefährlich?
zsbtt240,0ngl3naa,0.010298308,Warum sind Infektionen bei Senioren so gefährlich?,Acknowledgement to Referees
zsbtt240,se2s9c5j,0.010298308,Warum sind Infektionen bei Senioren so gefährlich?,Acknowledgement to Referees
zsbtt240,eej8qb9t,0.010298308,Warum sind Infektionen bei Senioren so gefährlich?,Acknowledgement to Referees.
zsbtt240,2un48l2e,0.010298308,Warum sind Infektionen bei Senioren so gefährlich?,Acknowledgement to Referees
zsbtt240,s4bobqls,0.010298308,Warum sind Infektionen bei Senioren so gefährlich?,Acknowledgement to referees
zsbtt240,dbo18qfk,0.010298308,Warum sind Infektionen bei Senioren so gefährlich?,Acknowledgement to Referees
zsbtt240,rh9bx841,0.010298308,Warum sind Infektionen bei Senioren so gefährlich?,Acknowledgement to Referees
4fvobtxz,ffbchp74,0.010304009,Factors explaining the fear of being infected with COVID‐19,Rechtsprechung kurz berichtet
xqhxra2p,14mm6pg1,0.010304226,Akutrehabilitation nach COVID‑19‑Infektion: Eine ausgewählte Fallserie,Nowadays COVID underestimates the other suspects
ysqsfkcn,fouh4jhs,0.010304276,Contemporary Issues in Women's Health.,Konjunkturpaket notwendig — Rückkehr zur Schuldenbremse nicht forcieren
fouh4jhs,gd37nhjf,0.010304276,Konjunkturpaket notwendig — Rückkehr zur Schuldenbremse nicht forcieren,Contemporary Issues in Women's Health.
f608irm6,fcivj1x2,0.010309908,Kardiale Folgen von COVID-19,Insurer Curbs Opioid Prescriptions.
9bdvjjko,fx92xnzt,0.010316057,Unique immunological profile in patients with COVID-19,Welche Phytos gegen Husten?
sfarwvit,hqhm83y2,0.010317495,So machen Vermittler ihren Betrieb zukunftsfest,COVID-19 Coagulopathy and Inflammation: The Knowns and Unknowns.
xnmpl4uw,m62f2ju5,0.010328085,Hydroxychloroquin‐induzierte akute generalisierte exanthematische Pustulose: eine während der COVID‐19‐Pandemie zu beachtende Nebenwirkung,Events of Interest
nxmauvpu,m5wlk26r,0.010340079,Reasons for HOPE.,COVID-19 trifft auf angeborene Herzfehler
3ekxc20y,k0yhj0q3,0.010358833,dvs Informationen,Travel Broadens the Mind.
upjmw2h9,0vlkahyu,0.010364647,Residents' perceptions of the environmental and social impact of tourism in rural areas,Wirksamkeit von Pflanzenprodukten gegen Herpesinfektionen
7ljhd62b,9ckbw4nq,0.010368752,COVID-19 – Eine neue Herausforderung,Outcomes of Hospitalized COVID-19 Patients by Risk Factors: Results from a United States Hospital Claims Database
3wgkuv1y,0vlkahyu,0.010382345,Understanding the Applications of Natural Language Processing on COVID-19 Data,Wirksamkeit von Pflanzenprodukten gegen Herpesinfektionen
14mr3zgg,7ljhd62b,0.01038339,Anticoagulation and bleeding risk in patients with COVID-19,COVID-19 – Eine neue Herausforderung
mp287198,hrbxg1yg,0.010401418,"Secondary hemophagocytic lymphohistiocytosis, HScore and COVID-19",Es gibt Hoffnung
e6a03b5e,fx92xnzt,0.010412535,Government agencies.,Welche Phytos gegen Husten?
kux9vzn8,6603ephy,0.010424927,Bauchlage senkt Intubationsrate bei wachen COVID-19-Patienten auf Intensivstation,Covid-19 vaccines for kids
kux9vzn8,qga9663z,0.010424927,Bauchlage senkt Intubationsrate bei wachen COVID-19-Patienten auf Intensivstation,Coronapod: Kids and COVID vaccines.
06sge4vd,6ho4ox2e,0.010447518,Incarcerated workers: overlooked as essential workers,Pädiatrie aktuell – Forschung kurz notiert
lq92mlhs,mrdg743n,0.010462978,Nachhaltiges Wirtschaften setzt eine nachhaltige Arbeitswelt voraus,Recruiting Residents During COVID-19
fouh4jhs,h4vwb5d9,0.010467354,Konjunkturpaket notwendig — Rückkehr zur Schuldenbremse nicht forcieren,Characteristics and outcomes of hospitalized patients with cardiovascular complications of covid-19
rcpdrpo7,negmc6kz,0.010485147,Entrepreneurial homeworkers,Johnson & Johnson
v81vl0ue,ffbchp74,0.010485701,Covid-19: equal response and unequal interests,Rechtsprechung kurz berichtet
onk6s3jh,8xtexo2z,0.010491375,Origins and Ownership of Remdesivir: Implications for Pricing,Marktführer gesucht
958fzml8,7ljhd62b,0.010492466,COVID-19 in Children and Adolescents with Endocrine Conditions.,COVID-19 – Eine neue Herausforderung
19a7vgdg,0vlkahyu,0.010506568,Research progress on hazards of aerosols to laboratory safety and key points for protection,Wirksamkeit von Pflanzenprodukten gegen Herpesinfektionen
xtvj6yyj,17trii16,0.010513855,Legaltech in Public Administration: Prospects and Challenges,Endlich mehr Honorar für COVID-19-lmpfungen
m6f85z27,hrbxg1yg,0.010523322,Care for Incarcerated Patients Hospitalized with COVID-19,Es gibt Hoffnung
fouh4jhs,dxx0bfis,0.010535663,Konjunkturpaket notwendig — Rückkehr zur Schuldenbremse nicht forcieren,Disease X and other unknowns
kux9vzn8,d4l85xzw,0.010539545,Bauchlage senkt Intubationsrate bei wachen COVID-19-Patienten auf Intensivstation,Meetings and Courses
fx92xnzt,rjhyptko,0.0105607575,Welche Phytos gegen Husten?,Neurological complications of COVID-19: from bridesmaid to bride.
kux9vzn8,f60k7elw,0.010564463,Bauchlage senkt Intubationsrate bei wachen COVID-19-Patienten auf Intensivstation,Socioeconomic aspects of covid-19 on the example of rostov region
5dif5di3,8ezcu225,0.010567277,"Correction for vol. 373, p",Enquiring minds.
8ezcu225,xqf1vaoi,0.010567277,Enquiring minds.,"Correction, vol. 10, no. 9"
f608irm6,693r9rey,0.010572368,Kardiale Folgen von COVID-19,Medical emergencies on commercial airline flights.
lzwl577x,90w8sgp8,0.010586235,Monocytes and Macrophages in COVID-19,Welche Schutzmaske schützt vor COVID-19? Was ist evidenzbasiert?
nyg4kmev,8xtexo2z,0.010600975,Obesity and its Implications for COVID-19 Mortality,Marktführer gesucht
47imh7rj,0vlkahyu,0.010604956,Scientific Abstracts,Wirksamkeit von Pflanzenprodukten gegen Herpesinfektionen
9yaoddt6,fx92xnzt,0.010608857,Developers Task Satisfaction and Performance during the COVID-19 Pandemic,Welche Phytos gegen Husten?
7rjbqaqu,6ho4ox2e,0.010609016,The paths towards institutionalization,Pädiatrie aktuell – Forschung kurz notiert
741eleaf,3ekxc20y,0.010620418,Challenges in the time of COVID-19,dvs Informationen
2w9zsz4m,wlt52d6n,0.0106204795,Aktuelles zur Brustkrebstherapie,Misrepresentation about vaccines that are scaring women
mzwpu6iw,ffbchp74,0.010623227,Trajectories of vital signs in patients with Covid-19,Rechtsprechung kurz berichtet
jgv1gm77,ffbchp74,0.010634292,Nurses are everywhere around the globe,Rechtsprechung kurz berichtet
swyofg2x,y3hpzj0u,0.010636803,Gastrointestinale Symptome bei COVID-19-Patienten untersucht,"Acknowledgment of Referees, 2020"
f60k7elw,zpo4us36,0.010647034,Socioeconomic aspects of covid-19 on the example of rostov region,Versorgung von Krebspatienten leidet
r68za4cr,8xtexo2z,0.010647765,The safeguarding implications of COVID-19,Marktführer gesucht
6rhyy4pw,8xtexo2z,0.010651637,Exercise and infection risk,Marktführer gesucht
7ljhd62b,jhrnflce,0.0106639555,COVID-19 – Eine neue Herausforderung,Staff-Care by Chaplains during COVID-19
c0xknhnr,7ljhd62b,0.010677738,Point of Care Sensors for Infectious Pathogens,COVID-19 – Eine neue Herausforderung
7ljhd62b,yokg38li,0.010677738,COVID-19 – Eine neue Herausforderung,Point of Care Sensors for Infectious Pathogens.
06mzvg5n,8ezcu225,0.01068943,El cuidado de sí y la espiritualidad en tiempos de contingencia por Covid-19,Enquiring minds.
3dqljzjm,yzjoocoa,0.01069751,An EUA for tocilizumab (Actemra) for COVID-19,Now we are 30: 10 more years of MASCC
4fvobtxz,sfarwvit,0.010700783,Factors explaining the fear of being infected with COVID‐19,So machen Vermittler ihren Betrieb zukunftsfest
17trii16,nm89ue1r,0.010706215,Endlich mehr Honorar für COVID-19-lmpfungen,Finding purpose
z3irrfu4,tke3pkpk,0.010710934,"Räumlich getrennt, virtuell vereint",Two Weeks
tmi60ugl,w4k5v3gz,0.0107126525,Fears and Hopes,Nach COVID-19-Infektion treten vermehrt Herzprobleme auf
o3lqfmw2,8xtexo2z,0.010719159,COVID-19 and features of cardiovascular involvement,Marktführer gesucht
f60k7elw,sfarwvit,0.010719682,Socioeconomic aspects of covid-19 on the example of rostov region,So machen Vermittler ihren Betrieb zukunftsfest
aorrfl8y,17trii16,0.010736246,Nurses' House-for Nurses.,Endlich mehr Honorar für COVID-19-lmpfungen
tmi60ugl,pdiugu3w,0.010737802,Fears and Hopes,Schlange stehen für einen Piks
q5yb36ll,wq612zzs,0.010740035,The Grassroots Intellectuals,Coronaimpfung: Ärztliche Beratung kann Impfbereitschaft steigern
7q0v688a,17trii16,0.010741576,A Message from the Editors.,Endlich mehr Honorar für COVID-19-lmpfungen
7ljhd62b,8vodfmda,0.010742465,COVID-19 – Eine neue Herausforderung,Vaccinating Children against Covid-19 - The Lessons of Measles
tgk61fds,kylka2rh,0.010748105,COVID-19 Vaccines in Children and Adolescents,Zur gesellschaftlichen Akzeptanz von einmaligen Vermögensabgaben
4fvobtxz,6ho4ox2e,0.010748311,Factors explaining the fear of being infected with COVID‐19,Pädiatrie aktuell – Forschung kurz notiert
ffbchp74,kgkmjb1b,0.010754541,Rechtsprechung kurz berichtet,Expect the Unexpected!
zku020ww,0smv2ae5,0.010758626,"Educating heads, hands, and hearts in the COVID-19 Classroom",Wichtige Impfungen zum Schulstart
1x33r4dw,kcl0uzdg,0.010765459,Sports: The Infectious Hazards.,Budesonid verhindert bei COVID-19 Übergang zu schwerem Verlauf
kux9vzn8,49xllcu2,0.010773997,Bauchlage senkt Intubationsrate bei wachen COVID-19-Patienten auf Intensivstation,State of the climate in 2020
70gkvjwd,0vlkahyu,0.0107747,Circahoralian Rhythms of Body Temperature in Mammals and Birds with Different Metabolism Levels,Wirksamkeit von Pflanzenprodukten gegen Herpesinfektionen
0ia8ld9o,gqg1q3ii,0.010778112,Rajendra Kapila,Vaccines and adjuvants
8xtexo2z,etrtg1hj,0.010786597,Marktführer gesucht,"Complicated Grief: Risk Factors, Protective Factors, and Interventions."
o5x72g1a,xqhxra2p,0.010787724,Research Focus: Protas,Akutrehabilitation nach COVID‑19‑Infektion: Eine ausgewählte Fallserie
2w9zsz4m,06sge4vd,0.010807765,Aktuelles zur Brustkrebstherapie,Incarcerated workers: overlooked as essential workers
wiokq63o,0vlkahyu,0.010828195,Lessons of COVID-19: Virtual conferences,Wirksamkeit von Pflanzenprodukten gegen Herpesinfektionen
33nezniw,17trii16,0.010851101,Reproducibility of step tests in patients with bronchiectasis.,Endlich mehr Honorar für COVID-19-lmpfungen
tucs5o3u,m5wlk26r,0.010852004,Interim Guidance for Businesses and Employers,COVID-19 trifft auf angeborene Herzfehler
lq92mlhs,z9rc0ubj,0.010859866,Nachhaltiges Wirtschaften setzt eine nachhaltige Arbeitswelt voraus,Disorders of Foals
46pn6jmc,d1q2a446,0.010867286,Warum Austausch gerade jetzt wichtig ist,Issues and Events
46pn6jmc,n0gyhuve,0.010867286,Warum Austausch gerade jetzt wichtig ist,Issues and Events
kux9vzn8,19a7vgdg,0.010868795,Bauchlage senkt Intubationsrate bei wachen COVID-19-Patienten auf Intensivstation,Research progress on hazards of aerosols to laboratory safety and key points for protection
mrdg743n,tu4v0j1e,0.010874389,Recruiting Residents During COVID-19,Seite eins
3dqljzjm,s2r8zrbh,0.01090897,An EUA for tocilizumab (Actemra) for COVID-19,A COVID-19 lesson not to be missed.
f608irm6,hq6y67rz,0.010908995,Kardiale Folgen von COVID-19,Courses and Conferences
3p6okdc7,fx92xnzt,0.010912713,Factor Uniqueness of the Structural Parafac Model.,Welche Phytos gegen Husten?
tmi60ugl,bosj5jgi,0.010920421,Fears and Hopes,Internetabhängige Jugendliche schlafen schlechter
mdd60ic7,vb11vs8w,0.010920991,Acknowledgement to Referees,Veränderungen der rettungsdienstlichen Einsatzzahlen in einer Metropolregion während der ersten COVID-19-Pandemie-bedingten Kontaktbeschränkungsphase
se2s9c5j,vb11vs8w,0.010920991,Acknowledgement to Referees,Veränderungen der rettungsdienstlichen Einsatzzahlen in einer Metropolregion während der ersten COVID-19-Pandemie-bedingten Kontaktbeschränkungsphase
0ngl3naa,vb11vs8w,0.010920991,Acknowledgement to Referees,Veränderungen der rettungsdienstlichen Einsatzzahlen in einer Metropolregion während der ersten COVID-19-Pandemie-bedingten Kontaktbeschränkungsphase
eej8qb9t,vb11vs8w,0.010920991,Acknowledgement to Referees.,Veränderungen der rettungsdienstlichen Einsatzzahlen in einer Metropolregion während der ersten COVID-19-Pandemie-bedingten Kontaktbeschränkungsphase
s4bobqls,vb11vs8w,0.010920991,Acknowledgement to referees,Veränderungen der rettungsdienstlichen Einsatzzahlen in einer Metropolregion während der ersten COVID-19-Pandemie-bedingten Kontaktbeschränkungsphase
2un48l2e,vb11vs8w,0.010920991,Acknowledgement to Referees,Veränderungen der rettungsdienstlichen Einsatzzahlen in einer Metropolregion während der ersten COVID-19-Pandemie-bedingten Kontaktbeschränkungsphase
dbo18qfk,vb11vs8w,0.010920991,Acknowledgement to Referees,Veränderungen der rettungsdienstlichen Einsatzzahlen in einer Metropolregion während der ersten COVID-19-Pandemie-bedingten Kontaktbeschränkungsphase
vb11vs8w,rh9bx841,0.010920991,Veränderungen der rettungsdienstlichen Einsatzzahlen in einer Metropolregion während der ersten COVID-19-Pandemie-bedingten Kontaktbeschränkungsphase,Acknowledgement to Referees
sfarwvit,yg2yskta,0.010927311,So machen Vermittler ihren Betrieb zukunftsfest,Cardiovascular News
0vlkahyu,vrgh39xu,0.010929661,Wirksamkeit von Pflanzenprodukten gegen Herpesinfektionen,Alternative readings of the genetic code
69uxqf09,zpo4us36,0.010932364,The Essential Business Conundrum in COVID-19 Hotspots,Versorgung von Krebspatienten leidet
7q8hjzfc,kux9vzn8,0.010941362,Ecological determinants of health: food and environment on human health,Bauchlage senkt Intubationsrate bei wachen COVID-19-Patienten auf Intensivstation
zpo4us36,2rjtmpi3,0.010941953,Versorgung von Krebspatienten leidet,FinTech credit firms: Prospects and uncertainties
xqhxra2p,w72ielhf,0.010942642,Akutrehabilitation nach COVID‑19‑Infektion: Eine ausgewählte Fallserie,Editors’ Note
bhimxnxq,cl81y08y,0.010947284,Serological characteristics of COVID-19 patients.,Auf dem Weg zu einer nachhaltigen Mobilität
z437pouh,d6su39tw,0.0109493155,What the neighbors say.,Erfolgreiche Behandlung eines drittgradigen Pleuraempyems infolge einer COVID-19-Infektion
d6su39tw,9gmj1ukq,0.010949323,Erfolgreiche Behandlung eines drittgradigen Pleuraempyems infolge einer COVID-19-Infektion,What the neighbors say
d6su39tw,v24rzybu,0.010949323,Erfolgreiche Behandlung eines drittgradigen Pleuraempyems infolge einer COVID-19-Infektion,What the neighbors say.
pzxrnuuj,7ljhd62b,0.010950853,Supporting our Fellows and Members through COVID-19,COVID-19 – Eine neue Herausforderung
tmi60ugl,quj1mxlb,0.010966777,Fears and Hopes,Unternehmen setzen verstärkt auf Crowdworking
kmsz4jdk,ffbchp74,0.010968022,Hyperlipasemia in Hospitalized COVID-19 Patients,Rechtsprechung kurz berichtet
p81l6zvz,w2vxnrwc,0.010976216,Systemische Immunsuppression in Zeiten von COVID‐19: Müssen wir umdenken?,From Newsroom to Classroom
fouh4jhs,iqdr5zi7,0.010991651,Konjunkturpaket notwendig — Rückkehr zur Schuldenbremse nicht forcieren,Oligosymptomatic Kidney Transplant Patients With COVID-19: Do They Pose a Risk to Other Recipients?
d6su39tw,fqjmqdqg,0.011005847,Erfolgreiche Behandlung eines drittgradigen Pleuraempyems infolge einer COVID-19-Infektion,COVID-19: fighting the foe with Virchow
13hdz34g,0vlkahyu,0.0110090785,Hysteresis and Business Cycles,Wirksamkeit von Pflanzenprodukten gegen Herpesinfektionen
bosj5jgi,d4l85xzw,0.011018022,Internetabhängige Jugendliche schlafen schlechter,Meetings and Courses
q1gecucn,fouh4jhs,0.011020187,Tackling debt,Konjunkturpaket notwendig — Rückkehr zur Schuldenbremse nicht forcieren
kmsz4jdk,tu4v0j1e,0.011021012,Hyperlipasemia in Hospitalized COVID-19 Patients,Seite eins
7ljhd62b,j3csn0gk,0.0110236155,COVID-19 – Eine neue Herausforderung,COVID-19 Vaccines in Patients with Maintenance Hemodialysis
ferl5tyb,0vlkahyu,0.011027767,News Focus,Wirksamkeit von Pflanzenprodukten gegen Herpesinfektionen
0vlkahyu,q0mcbnkw,0.011027767,Wirksamkeit von Pflanzenprodukten gegen Herpesinfektionen,News Focus
sfarwvit,b5ut1fpi,0.011031505,So machen Vermittler ihren Betrieb zukunftsfest,Investigating factors influencing rollover crash risk on mountainous interstates
lq92mlhs,g0quxgv5,0.011031682,Nachhaltiges Wirtschaften setzt eine nachhaltige Arbeitswelt voraus,Highlights From the Circulation Family of Journals.
aorrfl8y,kdol990p,0.01104822,Nurses' House-for Nurses.,Jeden Verdacht melden!
8xtexo2z,7y8ixx74,0.011051322,Marktführer gesucht,Interactions and oligomerization of hantavirus glycoproteins.
quj1mxlb,8ezcu225,0.011065436,Unternehmen setzen verstärkt auf Crowdworking,Enquiring minds.
sfarwvit,021yl3lg,0.011072965,So machen Vermittler ihren Betrieb zukunftsfest,Fear and Worrying About Health
sfarwvit,us8zatha,0.011075572,So machen Vermittler ihren Betrieb zukunftsfest,The Impact of Covid-19 on Dermatology Clinical Trials
dp1gpjvf,d6su39tw,0.011088174,eMJA: In other journals ‐ 5 May 2003,Erfolgreiche Behandlung eines drittgradigen Pleuraempyems infolge einer COVID-19-Infektion
kux9vzn8,az2pgmkj,0.01111639,Bauchlage senkt Intubationsrate bei wachen COVID-19-Patienten auf Intensivstation,Features of α-HBDH in COVID-19 patients: A cohort study
u4zyjl7n,fx92xnzt,0.011117463,Features of life and well-being in medical students during distance learning in the course of the COVID-19 epidemic,Welche Phytos gegen Husten?
kux9vzn8,db28aepb,0.011119113,Bauchlage senkt Intubationsrate bei wachen COVID-19-Patienten auf Intensivstation,COVID-19 international neurological registries
r23ygs3f,0vlkahyu,0.011132044,Species- and site-specific genome editing in complex bacterial communities,Wirksamkeit von Pflanzenprodukten gegen Herpesinfektionen
17trii16,p0e9lolf,0.011141813,Endlich mehr Honorar für COVID-19-lmpfungen,Nursing Home Staff Networks and COVID-19
jzoj084m,fouh4jhs,0.011141844,COVID-19: Risk factors for critical illness,Konjunkturpaket notwendig — Rückkehr zur Schuldenbremse nicht forcieren
6ho4ox2e,xyg5hjv1,0.011153442,Pädiatrie aktuell – Forschung kurz notiert,From schoolification of children to schoolification of parents? – educational policies in COVID times
2w9zsz4m,vz9uzwno,0.011163325,Aktuelles zur Brustkrebstherapie,Shots of hope.
u0cfvh6f,17trii16,0.011167696,Understanding clinical trials.,Endlich mehr Honorar für COVID-19-lmpfungen
sfarwvit,w6vbc2ak,0.011171533,So machen Vermittler ihren Betrieb zukunftsfest,"COVID-19 in childhood: Transmission, clinical presentation, complications and risk factors"
lq92mlhs,lj0u6ro4,0.01118464,Nachhaltiges Wirtschaften setzt eine nachhaltige Arbeitswelt voraus,Known unknowns and unknown unknowns
lzwl577x,m5wlk26r,0.01119901,Monocytes and Macrophages in COVID-19,COVID-19 trifft auf angeborene Herzfehler
rcpdrpo7,zpo4us36,0.011199934,Entrepreneurial homeworkers,Versorgung von Krebspatienten leidet
8o7ebixz,ffbchp74,0.011201645,Identification of the Most Critical Factors in Bankruptcy Prediction and Credit Classification of Companies,Rechtsprechung kurz berichtet
8a1nmicc,0vlkahyu,0.011211915,"Mental Health Community and Health System Issues in COVID-19: Lessons from Academic, Community, Provider and Policy Stakeholders",Wirksamkeit von Pflanzenprodukten gegen Herpesinfektionen
17trii16,g9a0fvgb,0.011212305,Endlich mehr Honorar für COVID-19-lmpfungen,[Study on issues for stomatological institutions responding to state public health emergencies]
7q0v688a,d6su39tw,0.011230729,A Message from the Editors.,Erfolgreiche Behandlung eines drittgradigen Pleuraempyems infolge einer COVID-19-Infektion
4h7xogv8,17trii16,0.011241829,Multitude of viruses in game animals,Endlich mehr Honorar für COVID-19-lmpfungen
kux9vzn8,0b33wufm,0.0112459995,Bauchlage senkt Intubationsrate bei wachen COVID-19-Patienten auf Intensivstation,Clinical and immunological factors that distinguish COVID-19 from pandemic influenza A(H1N1)
iq3upmul,0vlkahyu,0.011255909,Audio Highlights,Wirksamkeit von Pflanzenprodukten gegen Herpesinfektionen
1lv85pgb,7ljhd62b,0.011262429,Safety of COVID‐19 vaccines,COVID-19 – Eine neue Herausforderung
gfmvtej9,0vlkahyu,0.011271437,Art school futures,Wirksamkeit von Pflanzenprodukten gegen Herpesinfektionen
d6su39tw,nm89ue1r,0.011279524,Erfolgreiche Behandlung eines drittgradigen Pleuraempyems infolge einer COVID-19-Infektion,Finding purpose
9yknh486,7ljhd62b,0.011288026,Coinfections with Other Respiratory Pathogens among Patients with COVID-19,COVID-19 – Eine neue Herausforderung
2w9zsz4m,q0kuesp7,0.011306614,Aktuelles zur Brustkrebstherapie,Trophoblastic Extracellular Vesicles and Viruses: Friends or Foes?
cei1lsd9,zpo4us36,0.011329533,Surveillance and Equity: Identifying Hazards in the Environment,Versorgung von Krebspatienten leidet
71pgf6ad,y3hpzj0u,0.011333168,COVID-19 und seine Umwelt: Von einer Geschichte der Humanmedizin zu einer ökologischen Medizingeschichte?,"Acknowledgment of Referees, 2020"
1dqaap1r,8xtexo2z,0.011337975,POSC198 Impact of COVID-19 on Influenza Vaccine Coverage Rate During the 2020/2021 Season,Marktführer gesucht
4fvobtxz,lq92mlhs,0.011338553,Factors explaining the fear of being infected with COVID‐19,Nachhaltiges Wirtschaften setzt eine nachhaltige Arbeitswelt voraus
rbwonzcm,y3hpzj0u,0.011340727,Ein Meilenstein – die neue „Spezialisierung in Allergologie“,"Acknowledgment of Referees, 2020"
nggz2d9j,6ho4ox2e,0.011345349,"The Effects of COVID-19 on U.S. Small Businesses: Evidence from Owners, Managers, and Employees",Pädiatrie aktuell – Forschung kurz notiert
3dqljzjm,06heofvo,0.011346168,An EUA for tocilizumab (Actemra) for COVID-19,2021: Looking Forward.
dxgram7o,kux9vzn8,0.011349399,"Nanoantibodies: Small molecules, big possibilities",Bauchlage senkt Intubationsrate bei wachen COVID-19-Patienten auf Intensivstation
pbflhjz0,ffbchp74,0.011361258,Clinical characteristics and outcomes of COVID-19 patients with prediabetes,Rechtsprechung kurz berichtet
zhg0x6oy,kmsz4jdk,0.011365597,Ein weiteres Opfer der Pandemie,Hyperlipasemia in Hospitalized COVID-19 Patients
p4ettcgi,sfarwvit,0.011379652,Serological Tests for COVID‐19: Potential Opportunities,So machen Vermittler ihren Betrieb zukunftsfest
mbbnk3la,m5wlk26r,0.011383906,Cardiovascular complications in COVID-19,COVID-19 trifft auf angeborene Herzfehler
2w9zsz4m,xm3hi69n,0.011414436,Aktuelles zur Brustkrebstherapie,COVID‐19: Risk Factors Associated with Infectivity and Severity
17trii16,5hepuqon,0.0114150755,Endlich mehr Honorar für COVID-19-lmpfungen,COVID-19 infections in pets such as cats and dogs
zsadls45,tu4v0j1e,0.011418602,"COVID‐19, children and schools: overlooked and at risk",Seite eins
gdzygaxx,6ho4ox2e,0.011439743,Restructuring intimacies during COVID-19: Women in Community Networks,Pädiatrie aktuell – Forschung kurz notiert
bcrb72yv,0vlkahyu,0.011452405,The Value of Real‐Time Pricing for Utilities and Customers,Wirksamkeit von Pflanzenprodukten gegen Herpesinfektionen
i150mlw6,fx92xnzt,0.0114564365,The long road,Welche Phytos gegen Husten?
rkuktz89,fx92xnzt,0.0114564365,The long road.,Welche Phytos gegen Husten?
kux9vzn8,obvk2d8e,0.011462063,Bauchlage senkt Intubationsrate bei wachen COVID-19-Patienten auf Intensivstation,The Welfare Of Feral Cats
7pwre0xc,0tv54lld,0.011475934,"Nieuw jaar, Nieuwe kansen",COVID-19 Is Further Subdivided Into COVIP-19 and COVII-19
m0thlkme,sfarwvit,0.011481357,Clinical Features and Risk Factors for the Severity of Inpatients with COVID-19: A Retrospective Cohort Study,So machen Vermittler ihren Betrieb zukunftsfest
658lxv4g,0vlkahyu,0.011500383,[Special Session],Wirksamkeit von Pflanzenprodukten gegen Herpesinfektionen
w9nqfzde,17trii16,0.011506588,The Arts and Public Health: Changing the Conversation on Health.,Endlich mehr Honorar für COVID-19-lmpfungen
xamgedfq,kcl0uzdg,0.0115093505,Variability Matters,Budesonid verhindert bei COVID-19 Übergang zu schwerem Verlauf
7ljhd62b,yvgzkt8a,0.011515738,COVID-19 – Eine neue Herausforderung,"Journals, Academics, and Pandemics"
xip3hqzq,0vlkahyu,0.011522847,Firearm Safety Counseling for Patients: An Interactive Curriculum for Trauma Providers,Wirksamkeit von Pflanzenprodukten gegen Herpesinfektionen
lq92mlhs,bnto2xy7,0.011534936,Nachhaltiges Wirtschaften setzt eine nachhaltige Arbeitswelt voraus,COVID‐19 vaccination in children and university students
p825gprf,d6su39tw,0.011536901,Lessons from the past,Erfolgreiche Behandlung eines drittgradigen Pleuraempyems infolge einer COVID-19-Infektion
lzwl577x,zhg0x6oy,0.011554472,Monocytes and Macrophages in COVID-19,Ein weiteres Opfer der Pandemie
lvtmd3e8,tucs5o3u,0.011562236,Urologie 2020 – es ist Zeit,Interim Guidance for Businesses and Employers
mtz6pqeu,sfarwvit,0.011566068,COVID-19 and implications for dermatological and allergological diseases,So machen Vermittler ihren Betrieb zukunftsfest
yzbi7r6h,zeu6g8jb,0.011577051,N-(2-(1h-indol-3-yl)ethyl)-2-(6-methoxynaphthalen-2-yl)propanamide,Philosophy in the time of COVID
3dqljzjm,fbj6bolc,0.01158023,An EUA for tocilizumab (Actemra) for COVID-19,The changing demographics of COVID-19
k7qibllm,ta8rxze6,0.011586227,Are children and schools a COVID-19 threat?,Systematischer Ansatz zur objektiven Bewertung von Verkehrsunfalldatenbanken
8xtexo2z,eycbdisk,0.011593504,Marktführer gesucht,Consider expenditure controls’ impacts on equity
30097lan,46pn6jmc,0.0115948,Hematological Aspects of COVID-19,Warum Austausch gerade jetzt wichtig ist
k7qibllm,vskya7f0,0.011598201,Are children and schools a COVID-19 threat?,So viele Praxen haben Kurzarbeit angemeldet
5jky7m12,ffbchp74,0.011604808,Articles of Public Interest.,Rechtsprechung kurz berichtet
j7wcqqbx,ffbchp74,0.011604808,Articles of Public Interest.,Rechtsprechung kurz berichtet
ffbchp74,211bcypt,0.011606928,Rechtsprechung kurz berichtet,Incidental radiological findings suggestive of COVID-19 in asymptomatic patients
7knn1voy,0vlkahyu,0.011614242,Denominator matters in estimating COVID-19 mortality rates,Wirksamkeit von Pflanzenprodukten gegen Herpesinfektionen
fx92xnzt,b9unndox,0.011615827,Welche Phytos gegen Husten?,"COVID-19, biosecurity and anthropology"
6ho4ox2e,aw1pbmz4,0.011617237,Pädiatrie aktuell – Forschung kurz notiert,Risk factors analysisi for COVID‑19 in the elderly
sfarwvit,8qb1u6ug,0.011624242,So machen Vermittler ihren Betrieb zukunftsfest,Sources of Variability in Rodent Carcinogenicity Studies
q1u869nq,0vlkahyu,0.011624497,Medical Geology,Wirksamkeit von Pflanzenprodukten gegen Herpesinfektionen
uhlazbk5,0vlkahyu,0.011624497,Medical Geology,Wirksamkeit von Pflanzenprodukten gegen Herpesinfektionen
5jky7m12,kux9vzn8,0.011646803,Articles of Public Interest.,Bauchlage senkt Intubationsrate bei wachen COVID-19-Patienten auf Intensivstation
kux9vzn8,j7wcqqbx,0.011646803,Bauchlage senkt Intubationsrate bei wachen COVID-19-Patienten auf Intensivstation,Articles of Public Interest.
5bt4q5zu,0vlkahyu,0.011676036,"Postdigital Research: Genealogies, Challenges, and Future Perspectives",Wirksamkeit von Pflanzenprodukten gegen Herpesinfektionen
tvo05l9d,0vlkahyu,0.0116786,Primary teachers’ professional learning during a COVID-19 school lockdown,Wirksamkeit von Pflanzenprodukten gegen Herpesinfektionen
gy4mycnl,fx92xnzt,0.011692454,Design Teaching and Learning in Covid-19 Times: An International Experience,Welche Phytos gegen Husten?
2w9zsz4m,1dw03g0z,0.011696679,Aktuelles zur Brustkrebstherapie,Avifavir in Treating Patients with Moderate Covid 19
sfarwvit,a5hc3hef,0.011702614,So machen Vermittler ihren Betrieb zukunftsfest,Guideposts for Assessment During COVID-19
0l41f0xj,5r2leevd,0.011702814,COVID-19 and pregnancy: are they friends or enemies?,Kündigung – Maskenpflicht – Anforderungen an ein Attest zur Befreiung : KSchG 1;BGB 242
hkt322bt,6ho4ox2e,0.011705417,The Myriad Ways in Which COVID-19 Revealed Character,Pädiatrie aktuell – Forschung kurz notiert
6ho4ox2e,3zrc1lka,0.011705417,Pädiatrie aktuell – Forschung kurz notiert,The Myriad Ways in Which COVID-19 Revealed Character
sfarwvit,b2wgo20y,0.011716064,So machen Vermittler ihren Betrieb zukunftsfest,Recovering from COVID-19: the key issues
lvtmd3e8,kmsz4jdk,0.011732065,Urologie 2020 – es ist Zeit,Hyperlipasemia in Hospitalized COVID-19 Patients
yoqu6npc,a9jyx7wb,0.011752133,Berichten allein reicht nicht,Risk Factors of COVID-19 Patients
0vlkahyu,y0n632rk,0.011752853,Wirksamkeit von Pflanzenprodukten gegen Herpesinfektionen,Reflections on COVID-19 and the future of education and learning
4ftvrv7d,ffbchp74,0.01177067,"Cognition, care homes and COVID-19: sacrificing minds to keep bodies alive",Rechtsprechung kurz berichtet
lq92mlhs,kxdcrchq,0.011779239,Nachhaltiges Wirtschaften setzt eine nachhaltige Arbeitswelt voraus,"Remdesivir, on the road to DisCoVeRy"
q1gecucn,d6su39tw,0.011785215,Tackling debt,Erfolgreiche Behandlung eines drittgradigen Pleuraempyems infolge einer COVID-19-Infektion
692o0iiv,0vlkahyu,0.011791544,COVID-19 and Collective Grief,Wirksamkeit von Pflanzenprodukten gegen Herpesinfektionen
mje2exwt,sfarwvit,0.0118006235,Correction Details,So machen Vermittler ihren Betrieb zukunftsfest
iavmelo7,0vlkahyu,0.011801418,"A national survey of the impact of COVID-19 on personal, academic, and work environments of nursing students",Wirksamkeit von Pflanzenprodukten gegen Herpesinfektionen
6eckggwm,0vlkahyu,0.011802998,Biomaterial and Therapeutic Applications,Wirksamkeit von Pflanzenprodukten gegen Herpesinfektionen
1jrrvjba,6ho4ox2e,0.011811028,Pastoral and spiritual care for quarantined individuals and their families,Pädiatrie aktuell – Forschung kurz notiert
tmi60ugl,0smv2ae5,0.011811802,Fears and Hopes,Wichtige Impfungen zum Schulstart
1ixn2gxt,eej8qb9t,0.01182491,COVID‐19 und Immunregulation – von grundlegenden und translationalen Aspekten zu klinischen Implikationen,Acknowledgement to Referees.
mdd60ic7,1ixn2gxt,0.01182493,Acknowledgement to Referees,COVID‐19 und Immunregulation – von grundlegenden und translationalen Aspekten zu klinischen Implikationen
0ngl3naa,1ixn2gxt,0.01182493,Acknowledgement to Referees,COVID‐19 und Immunregulation – von grundlegenden und translationalen Aspekten zu klinischen Implikationen
se2s9c5j,1ixn2gxt,0.01182493,Acknowledgement to Referees,COVID‐19 und Immunregulation – von grundlegenden und translationalen Aspekten zu klinischen Implikationen
1ixn2gxt,s4bobqls,0.01182493,COVID‐19 und Immunregulation – von grundlegenden und translationalen Aspekten zu klinischen Implikationen,Acknowledgement to referees
1ixn2gxt,2un48l2e,0.01182493,COVID‐19 und Immunregulation – von grundlegenden und translationalen Aspekten zu klinischen Implikationen,Acknowledgement to Referees
1ixn2gxt,dbo18qfk,0.01182493,COVID‐19 und Immunregulation – von grundlegenden und translationalen Aspekten zu klinischen Implikationen,Acknowledgement to Referees
1ixn2gxt,rh9bx841,0.01182493,COVID‐19 und Immunregulation – von grundlegenden und translationalen Aspekten zu klinischen Implikationen,Acknowledgement to Referees
fx92xnzt,i1txhxrd,0.011826865,Welche Phytos gegen Husten?,Curated collection for clinician educators: Six key papers on residency recruitment.
fd9vwx42,zpo4us36,0.011841642,Focused and Other,Versorgung von Krebspatienten leidet
mxtlpl9r,fx92xnzt,0.011862561,"Signs, beaches and bodies in pandemic times",Welche Phytos gegen Husten?
lq92mlhs,ujj2g0aa,0.011879879,Nachhaltiges Wirtschaften setzt eine nachhaltige Arbeitswelt voraus,COVID-19 complications in males and females: recent developments
kdol990p,e6a03b5e,0.011883768,Jeden Verdacht melden!,Government agencies.
49xllcu2,f608irm6,0.011892306,State of the climate in 2020,Kardiale Folgen von COVID-19
xd38tb43,m5wlk26r,0.011903683,Psychological factors affecting COVID-19 vaccine hesitancy,COVID-19 trifft auf angeborene Herzfehler
30097lan,fouh4jhs,0.011916453,Hematological Aspects of COVID-19,Konjunkturpaket notwendig — Rückkehr zur Schuldenbremse nicht forcieren
wxjssuru,fouh4jhs,0.011940685,Clinical features and potential risk factors for discerning the critical cases and predicting the outcome of patients with COVID-19,Konjunkturpaket notwendig — Rückkehr zur Schuldenbremse nicht forcieren
s6ronhr1,sfarwvit,0.011941911,Epidemiological characteristics of clustering outbreaks of 51 cases of COVID-19 in,So machen Vermittler ihren Betrieb zukunftsfest
pdiugu3w,8ezcu225,0.011956399,Schlange stehen für einen Piks,Enquiring minds.
ew3ftumt,fx92xnzt,0.011959961,Answering Key Questions About COVID-19 Vaccines.,Welche Phytos gegen Husten?
kux9vzn8,sioq4tel,0.011968329,Bauchlage senkt Intubationsrate bei wachen COVID-19-Patienten auf Intensivstation,Defense of COVID-19 by Human Organoids
2w9zsz4m,tpkpspl5,0.011969463,Aktuelles zur Brustkrebstherapie,[Supraglottic airways in infants and children].
zsadls45,vskya7f0,0.011972944,"COVID‐19, children and schools: overlooked and at risk",So viele Praxen haben Kurzarbeit angemeldet
8xtexo2z,4coluqp2,0.012005416,Marktführer gesucht,Structures of the Mononegavirales Polymerases
7ljhd62b,6gwj6d9i,0.012019368,COVID-19 – Eine neue Herausforderung,Thieves' Market
lq92mlhs,58kgbi9l,0.012033791,Nachhaltiges Wirtschaften setzt eine nachhaltige Arbeitswelt voraus,Feral cats.
30097lan,6ho4ox2e,0.012036809,Hematological Aspects of COVID-19,Pädiatrie aktuell – Forschung kurz notiert
jzoj084m,cl81y08y,0.012045471,COVID-19: Risk factors for critical illness,Auf dem Weg zu einer nachhaltigen Mobilität
sfarwvit,iixi36a5,0.012050534,So machen Vermittler ihren Betrieb zukunftsfest,COVID-19: Level of Concern Explained
rcdui9rm,hrbxg1yg,0.012054933,Outcomes of Patients on Maintenance Dialysis Hospitalized with COVID-19,Es gibt Hoffnung
5v0fzzo9,hrbxg1yg,0.012054933,Outcomes of Patients on Maintenance Dialysis Hospitalized with COVID-19.,Es gibt Hoffnung
g8b0adbv,cl81y08y,0.01205514,COVID-19: Prospective Challenges and Potential Vaccines,Auf dem Weg zu einer nachhaltigen Mobilität
fd9vwx42,17trii16,0.012061006,Focused and Other,Endlich mehr Honorar für COVID-19-lmpfungen
w4k5v3gz,m62f2ju5,0.012061769,Nach COVID-19-Infektion treten vermehrt Herzprobleme auf,Events of Interest
r68za4cr,ffbchp74,0.012088529,The safeguarding implications of COVID-19,Rechtsprechung kurz berichtet
kux9vzn8,q1gecucn,0.012094673,Bauchlage senkt Intubationsrate bei wachen COVID-19-Patienten auf Intensivstation,Tackling debt
kux9vzn8,piwvcr7q,0.012108189,Bauchlage senkt Intubationsrate bei wachen COVID-19-Patienten auf Intensivstation,Haematological inflammatory prognostication in COVID-19: Points to ponder!
pzumy9nk,fouh4jhs,0.012124405,Risk stratification in hospitalized COVID-19 patients,Konjunkturpaket notwendig — Rückkehr zur Schuldenbremse nicht forcieren
70n7nd8e,kux9vzn8,0.012134192,A Game of Covid: Strategic Thoughts About a Ludified Pandemic,Bauchlage senkt Intubationsrate bei wachen COVID-19-Patienten auf Intensivstation
kux9vzn8,pt7sjjlf,0.012137524,Bauchlage senkt Intubationsrate bei wachen COVID-19-Patienten auf Intensivstation,The pancreas and COVID-19: A clinical conundrum
n54036de,hrbxg1yg,0.01214515,COVID-19 in children: reasons for uneventful clinical course,Es gibt Hoffnung
sfarwvit,j4kakh1k,0.012159081,So machen Vermittler ihren Betrieb zukunftsfest,News Items.
5wypqm4y,sfarwvit,0.012160325,Contents of Volume 151,So machen Vermittler ihren Betrieb zukunftsfest
sfarwvit,lm64qw58,0.012160325,So machen Vermittler ihren Betrieb zukunftsfest,Contents of volume 9
sfarwvit,m50faqet,0.012160325,So machen Vermittler ihren Betrieb zukunftsfest,Contents of volume 12
sfarwvit,5ceovsdz,0.012160325,So machen Vermittler ihren Betrieb zukunftsfest,Contents of volume 14
ptxwnbhf,cl81y08y,0.012162828,Investigating people's anxieties and concerns about COVID-19,Auf dem Weg zu einer nachhaltigen Mobilität
25wb8srh,hrbxg1yg,0.012164502,Cardiovascular research in CLINICS.,Es gibt Hoffnung
7ljhd62b,0wl6zgm3,0.012164776,COVID-19 – Eine neue Herausforderung,Teaching Architecture for Tertiary Students during Covid-19: Issues & Reflections
aci0fr75,0vlkahyu,0.012189254,[Clinical applications of smartwatches],Wirksamkeit von Pflanzenprodukten gegen Herpesinfektionen
wxjssuru,6ho4ox2e,0.01219016,Clinical features and potential risk factors for discerning the critical cases and predicting the outcome of patients with COVID-19,Pädiatrie aktuell – Forschung kurz notiert
sfarwvit,ikf993qk,0.012200679,So machen Vermittler ihren Betrieb zukunftsfest,Risk Factors in Patients with Diabetes Hospitalized for COVID-19: Findings from a Multicenter Retrospective Study
7knn1voy,f608irm6,0.012205072,Denominator matters in estimating COVID-19 mortality rates,Kardiale Folgen von COVID-19
ysqsfkcn,0vlkahyu,0.012209792,Contemporary Issues in Women's Health.,Wirksamkeit von Pflanzenprodukten gegen Herpesinfektionen
0vlkahyu,gd37nhjf,0.012209792,Wirksamkeit von Pflanzenprodukten gegen Herpesinfektionen,Contemporary Issues in Women's Health.
511u9hex,2w9zsz4m,0.012217581,Inflammatory Diseases of the Meninges,Aktuelles zur Brustkrebstherapie
ysa9pci5,0vlkahyu,0.012228587,A Glance at the Rearview Mirror,Wirksamkeit von Pflanzenprodukten gegen Herpesinfektionen
fr9kvfeb,fx92xnzt,0.012233256,Preface: Shifting Career Realities and Navigating Career Journeys,Welche Phytos gegen Husten?
2w9zsz4m,6m9vicg7,0.012241904,Aktuelles zur Brustkrebstherapie,Household COVID-19 Prevalence
2w9zsz4m,nhyqyyi1,0.012241904,Aktuelles zur Brustkrebstherapie,Household COVID-19 Prevalence
zsadls45,46z4663u,0.012252241,"COVID‐19, children and schools: overlooked and at risk",Endlich Farbe bekennen
2w9zsz4m,0mup5o56,0.012252731,Aktuelles zur Brustkrebstherapie,Demographic Variability in Mortality from Covid during the Two Surges
2w9zsz4m,rl0t76vf,0.0122578,Aktuelles zur Brustkrebstherapie,Respiratory Viral Infections in Athletes: Many Unanswered Questions
8u15e3jz,jw72fi4l,0.012261413,Intenser en intensiever,Comment AGREEING ON COVID‐19
fx92xnzt,tnknh7ov,0.012279295,Welche Phytos gegen Husten?,"Cities in the epidemic, the epidemic in cities: Reconstruction of COVID-19 development in Polish cities"
iavmelo7,fx92xnzt,0.012279814,"A national survey of the impact of COVID-19 on personal, academic, and work environments of nursing students",Welche Phytos gegen Husten?
whl6yq4p,f608irm6,0.01228102,Cardiovascular aspects of COVID-19,Kardiale Folgen von COVID-19
lq92mlhs,gqsgldzr,0.012287181,Nachhaltiges Wirtschaften setzt eine nachhaltige Arbeitswelt voraus,Characteristics of COVID-2019 in areas epidemic from imported cases
22jhmj0v,fx92xnzt,0.012297656,Liveability and freight transport in urban areas: the example of the Calabria Region for City Logistics,Welche Phytos gegen Husten?
bbub2bss,7ljhd62b,0.012300409,Safety Events in Children's Hospitals During the COVID-19 Pandemic,COVID-19 – Eine neue Herausforderung
lq92mlhs,jzsyj9g1,0.012308553,Nachhaltiges Wirtschaften setzt eine nachhaltige Arbeitswelt voraus,Neurological Manifestations of COVID-19: A Series of Seven Cases
jcwjmpz5,7ljhd62b,0.012326366,Books Reviews,COVID-19 – Eine neue Herausforderung
5n7v6ivs,0smv2ae5,0.012329417,The coronavirus' two bodies,Wichtige Impfungen zum Schulstart
8ezcu225,zpo4us36,0.012332337,Enquiring minds.,Versorgung von Krebspatienten leidet
hrbxg1yg,warffg6c,0.012333737,Es gibt Hoffnung,Clinical Considerations in Neurosurgical Radiosurgery in the Time of COVID-19
ecen7ke8,0vlkahyu,0.012336389,[Epidemiological characteristics of COVID-19 in Gansu province],Wirksamkeit von Pflanzenprodukten gegen Herpesinfektionen
vwcr3x71,0vlkahyu,0.01235511,The Liminal Space.,Wirksamkeit von Pflanzenprodukten gegen Herpesinfektionen
fx92xnzt,9u6vro9q,0.012371408,Welche Phytos gegen Husten?,A Review on Language Models as Knowledge Bases
46fw8t45,m5wlk26r,0.012373003,[COVID-19 vaccines: the facts],COVID-19 trifft auf angeborene Herzfehler
o0divlac,m5wlk26r,0.012385473,Pandemic Pressures:COVID-19 Poses Serious Behavioral Health Challenges.,COVID-19 trifft auf angeborene Herzfehler
gyl4rjez,7ljhd62b,0.012399558,Stroke in Children.,COVID-19 – Eine neue Herausforderung
jzoj084m,kux9vzn8,0.012411591,COVID-19: Risk factors for critical illness,Bauchlage senkt Intubationsrate bei wachen COVID-19-Patienten auf Intensivstation
3dqljzjm,27gatah0,0.012433053,An EUA for tocilizumab (Actemra) for COVID-19,Who's Who
tdm5ymr9,y3hpzj0u,0.01243306,"Bereitschaft zur Impfung mit einem COVID‑19-Vakzin – Risikoeinschätzung, Impferfahrungen und Einstellung zu Behandlungsverfahren","Acknowledgment of Referees, 2020"
5r2leevd,aw1pbmz4,0.012437587,Kündigung – Maskenpflicht – Anforderungen an ein Attest zur Befreiung : KSchG 1;BGB 242,Risk factors analysisi for COVID‑19 in the elderly
mv9g49do,fx92xnzt,0.012463311,Remote but not isolated.,Welche Phytos gegen Husten?
g0quxgv5,d6su39tw,0.012480982,Highlights From the Circulation Family of Journals.,Erfolgreiche Behandlung eines drittgradigen Pleuraempyems infolge einer COVID-19-Infektion
xsem58kn,m5wlk26r,0.012491163,Logistics as a Competitive Advantage in Retail Organizations,COVID-19 trifft auf angeborene Herzfehler
7ljhd62b,osdg3kxn,0.012495674,COVID-19 – Eine neue Herausforderung,COVID-19 Vaccines: A Primer for Clinicians
sfarwvit,ji45nenr,0.012497208,So machen Vermittler ihren Betrieb zukunftsfest,Cumulative Risks from Stressor Exposures and Personal Risk Factors in the Workplace: Examples from a Scoping Review
693r9rey,kcl0uzdg,0.012498309,Medical emergencies on commercial airline flights.,Budesonid verhindert bei COVID-19 Übergang zu schwerem Verlauf
hzip08oy,m5wlk26r,0.012505548,Benzothiazoles as potential antiviral agents,COVID-19 trifft auf angeborene Herzfehler
sfarwvit,h22uykqx,0.012507286,So machen Vermittler ihren Betrieb zukunftsfest,Keeping the research spotlight on COVID-19.
iby0fo3z,7ljhd62b,0.012518899,Scientists in a time of COVID-19.,COVID-19 – Eine neue Herausforderung
7ljhd62b,066n79kk,0.012518899,COVID-19 – Eine neue Herausforderung,Scientists in a time of COVID-19
p81l6zvz,3ue8ze3s,0.012522838,Systemische Immunsuppression in Zeiten von COVID‐19: Müssen wir umdenken?,Virucidal activity
l720mqb6,hq6y67rz,0.012542972,Aus der Not eine Tugend gemacht,Courses and Conferences
80gld8av,fx92xnzt,0.012547323,Room for improvement,Welche Phytos gegen Husten?
mdd60ic7,8ckdabhf,0.012553422,Acknowledgement to Referees,Gibt es eine Rationale für eine bestimmte Blütentherapie?
se2s9c5j,8ckdabhf,0.012553422,Acknowledgement to Referees,Gibt es eine Rationale für eine bestimmte Blütentherapie?
0ngl3naa,8ckdabhf,0.012553422,Acknowledgement to Referees,Gibt es eine Rationale für eine bestimmte Blütentherapie?
eej8qb9t,8ckdabhf,0.012553422,Acknowledgement to Referees.,Gibt es eine Rationale für eine bestimmte Blütentherapie?
2un48l2e,8ckdabhf,0.012553422,Acknowledgement to Referees,Gibt es eine Rationale für eine bestimmte Blütentherapie?
s4bobqls,8ckdabhf,0.012553422,Acknowledgement to referees,Gibt es eine Rationale für eine bestimmte Blütentherapie?
dbo18qfk,8ckdabhf,0.012553422,Acknowledgement to Referees,Gibt es eine Rationale für eine bestimmte Blütentherapie?
8ckdabhf,rh9bx841,0.012553422,Gibt es eine Rationale für eine bestimmte Blütentherapie?,Acknowledgement to Referees
o5jtcm09,fx92xnzt,0.012558297,From I to we in small-scale fisheries communities,Welche Phytos gegen Husten?
vjzbpukd,7ljhd62b,0.012560777,The impact of macroeconomic and structural factors on the unemployment of young women and men,COVID-19 – Eine neue Herausforderung
lq92mlhs,693r9rey,0.012563086,Nachhaltiges Wirtschaften setzt eine nachhaltige Arbeitswelt voraus,Medical emergencies on commercial airline flights.
x7o8v1rl,6ho4ox2e,0.0125711495,Elastomeric Respirators for All Healthcare Workers,Pädiatrie aktuell – Forschung kurz notiert
fx92xnzt,c1qdw17z,0.012578325,Welche Phytos gegen Husten?,Radiological Findings in Patients with COVID-19
1fjmgzgf,mpje1c1p,0.012578745,Schon gehört?,Careers and Employment
kux9vzn8,ck8cqbtj,0.012582471,Bauchlage senkt Intubationsrate bei wachen COVID-19-Patienten auf Intensivstation,COVID-19 and obesity: specific clinical and laboratory features
crprsf1f,3dqljzjm,0.012586941,COVID-19: A Year Long and Beyond?,An EUA for tocilizumab (Actemra) for COVID-19
cecc28yo,6ho4ox2e,0.012590538,COVID-19: What Should Clinicians and Scientists Do and When?,Pädiatrie aktuell – Forschung kurz notiert
1jrrvjba,fx92xnzt,0.012591648,Pastoral and spiritual care for quarantined individuals and their families,Welche Phytos gegen Husten?
wiwzstlf,6ho4ox2e,0.012593276,"Four Women, One Evening.",Pädiatrie aktuell – Forschung kurz notiert
ei1v67hy,fx92xnzt,0.012596388,Changes to Family Caregiving of Older Adults and Adults with Disabilities during COVID-19,Welche Phytos gegen Husten?
tmi60ugl,ta8rxze6,0.012601106,Fears and Hopes,Systematischer Ansatz zur objektiven Bewertung von Verkehrsunfalldatenbanken
yl0gtmu9,0vlkahyu,0.012606275,"An analysis of the relationships between human, technological and physical factors in the retail banking sector",Wirksamkeit von Pflanzenprodukten gegen Herpesinfektionen
fouh4jhs,vi8hcnnk,0.012611693,Konjunkturpaket notwendig — Rückkehr zur Schuldenbremse nicht forcieren,Talking Spaces: Architects and Educators
fx92xnzt,nm89ue1r,0.012619675,Welche Phytos gegen Husten?,Finding purpose
4n1ff3bv,fx92xnzt,0.012621176,Quality Issues with Public Domain Chemogenomics Data.,Welche Phytos gegen Husten?
2w9zsz4m,ci0hf70x,0.012627968,Aktuelles zur Brustkrebstherapie,Do doctors have to have the covid-19 vaccine?
wxjssuru,fx92xnzt,0.01262824,Clinical features and potential risk factors for discerning the critical cases and predicting the outcome of patients with COVID-19,Welche Phytos gegen Husten?
xamgedfq,g3ypisig,0.012634159,Variability Matters,Riechstörungen bei COVID-19 – aktueller Wissensstand
bdu5kbsv,0vlkahyu,0.012646111,Requirements for memory maintenance.,Wirksamkeit von Pflanzenprodukten gegen Herpesinfektionen
zhg0x6oy,y3hpzj0u,0.0126569765,Ein weiteres Opfer der Pandemie,"Acknowledgment of Referees, 2020"
zshw6uib,0vlkahyu,0.012666729,Food Safety and COVID-19.,Wirksamkeit von Pflanzenprodukten gegen Herpesinfektionen
kux9vzn8,gqg1q3ii,0.012681197,Bauchlage senkt Intubationsrate bei wachen COVID-19-Patienten auf Intensivstation,Vaccines and adjuvants
kux9vzn8,ldw1wnva,0.012681355,Bauchlage senkt Intubationsrate bei wachen COVID-19-Patienten auf Intensivstation,Association of clinical characteristics and lifestyle factors with fecal S100/calgranulin concentrations in healthy dogs
elpaw5zb,hrbxg1yg,0.012682029,Pediatric Critical Care and COVID19,Es gibt Hoffnung
hrbxg1yg,dlruutc0,0.012682029,Es gibt Hoffnung,Pediatric Critical Care and COVID19.
1g0pthfr,iw6ooopp,0.012694684,Epidemiological and Clinical Predictors of COVID-19,COVID-19-Pandemie: Was wissen wir – was können wir empfehlen?: Ein Kommentar der Herausgeber
dzzxxztl,7ljhd62b,0.012702516,Clinical characteristics of nutritional indicators in patients with Covid-19,COVID-19 – Eine neue Herausforderung
1iln0e89,fx92xnzt,0.012711532,Resilient Aspirants: Women's Candidacies and Election in Times of COVID-19,Welche Phytos gegen Husten?
d6su39tw,e6vy20wg,0.012712734,Erfolgreiche Behandlung eines drittgradigen Pleuraempyems infolge einer COVID-19-Infektion,The Editors’ Choice
bjj8jhbb,fx92xnzt,0.012722687,Training Networks of Local Health Departments: A Regional Assessment.,Welche Phytos gegen Husten?
lq92mlhs,0oxhhz67,0.0127270315,Nachhaltiges Wirtschaften setzt eine nachhaltige Arbeitswelt voraus,News and views.
lq92mlhs,xypv6anx,0.0127270315,Nachhaltiges Wirtschaften setzt eine nachhaltige Arbeitswelt voraus,News and Views
lq92mlhs,keq5idua,0.0127270315,Nachhaltiges Wirtschaften setzt eine nachhaltige Arbeitswelt voraus,News and views.
w4k5v3gz,a9jyx7wb,0.012731584,Nach COVID-19-Infektion treten vermehrt Herzprobleme auf,Risk Factors of COVID-19 Patients
hl1apuv9,z3irrfu4,0.012736791,Meeting Announcements,"Räumlich getrennt, virtuell vereint"
1q2moaf3,d6su39tw,0.012750738,News from the Society,Erfolgreiche Behandlung eines drittgradigen Pleuraempyems infolge einer COVID-19-Infektion
bhimxnxq,quj1mxlb,0.012755209,Serological characteristics of COVID-19 patients.,Unternehmen setzen verstärkt auf Crowdworking
bzu0vp9q,m5wlk26r,0.012758013,Risk factors and electrocardiogram characteristics for mortality of critical inpatients with COVID-19,COVID-19 trifft auf angeborene Herzfehler
6ho4ox2e,etrtg1hj,0.012761792,Pädiatrie aktuell – Forschung kurz notiert,"Complicated Grief: Risk Factors, Protective Factors, and Interventions."
8ckdabhf,hq6y67rz,0.012769683,Gibt es eine Rationale für eine bestimmte Blütentherapie?,Courses and Conferences
f608irm6,42posfnb,0.012775571,Kardiale Folgen von COVID-19,Nonbank Lending and Credit Cyclicality
kux9vzn8,tgk61fds,0.012777996,Bauchlage senkt Intubationsrate bei wachen COVID-19-Patienten auf Intensivstation,COVID-19 Vaccines in Children and Adolescents
h22uykqx,hrbxg1yg,0.012785548,Keeping the research spotlight on COVID-19.,Es gibt Hoffnung
9m6ud2fx,0vlkahyu,0.012786429,9-3 Distance Mentorship for Retaining Medical Students,Wirksamkeit von Pflanzenprodukten gegen Herpesinfektionen
kc5owunn,fx92xnzt,0.012786543,Public Health and Disasters,Welche Phytos gegen Husten?
gqi1urld,fx92xnzt,0.012808925,Foreclosures and House Prices,Welche Phytos gegen Husten?
0vlkahyu,etrtg1hj,0.012813558,Wirksamkeit von Pflanzenprodukten gegen Herpesinfektionen,"Complicated Grief: Risk Factors, Protective Factors, and Interventions."
tczenj1a,ffbchp74,0.012817081,Touching Matters: Affective Entanglements in Coronatime,Rechtsprechung kurz berichtet
sfarwvit,6j187789,0.012822672,So machen Vermittler ihren Betrieb zukunftsfest,Substantial direct medical costs for symptomatic COVID-19 cases in the US
aa7l0h18,6ho4ox2e,0.01282385,A glance upon Epigenetic and COVID-19,Pädiatrie aktuell – Forschung kurz notiert
7ljhd62b,g4ykrivv,0.012843572,COVID-19 – Eine neue Herausforderung,COVID-19 outcomes in patients with hematologic disease
d9as1k4f,hrbxg1yg,0.012871078,News in Astronomy &Geophysics – Auguest 2020,Es gibt Hoffnung
lq92mlhs,ysqsfkcn,0.012876507,Nachhaltiges Wirtschaften setzt eine nachhaltige Arbeitswelt voraus,Contemporary Issues in Women's Health.
lq92mlhs,gd37nhjf,0.012876507,Nachhaltiges Wirtschaften setzt eine nachhaltige Arbeitswelt voraus,Contemporary Issues in Women's Health.
rpuqwt7a,fx92xnzt,0.012877767,Completing accreditation during the COVID-19 pandemic: A step-by-step process for success,Welche Phytos gegen Husten?
6603ephy,8ckdabhf,0.012899207,Covid-19 vaccines for kids,Gibt es eine Rationale für eine bestimmte Blütentherapie?
8ckdabhf,qga9663z,0.012899207,Gibt es eine Rationale für eine bestimmte Blütentherapie?,Coronapod: Kids and COVID vaccines.
fvgzz8yv,2w9zsz4m,0.012904012,By two people playing in a room to two people playing at a distance,Aktuelles zur Brustkrebstherapie
zqt6f6m5,m5wlk26r,0.012904314,COVID and Climate: Similarities and differences,COVID-19 trifft auf angeborene Herzfehler
kux9vzn8,dxx0bfis,0.012907116,Bauchlage senkt Intubationsrate bei wachen COVID-19-Patienten auf Intensivstation,Disease X and other unknowns
pzxrnuuj,fouh4jhs,0.012932186,Supporting our Fellows and Members through COVID-19,Konjunkturpaket notwendig — Rückkehr zur Schuldenbremse nicht forcieren
tui89w8q,3dqljzjm,0.012937013,The Way Forward in the Post-COVID World,An EUA for tocilizumab (Actemra) for COVID-19
vskya7f0,e6a03b5e,0.012944599,So viele Praxen haben Kurzarbeit angemeldet,Government agencies.
2w9zsz4m,2pfstsoi,0.012949452,Aktuelles zur Brustkrebstherapie,Children and youth mental health: not all equal in the face of the COVID-19 pandemic
7ljhd62b,14mm6pg1,0.01296005,COVID-19 – Eine neue Herausforderung,Nowadays COVID underestimates the other suspects
sfarwvit,mmnxua4h,0.012966475,So machen Vermittler ihren Betrieb zukunftsfest,COVID-19 and market risk: An assessment of the G-20 nations
2w9zsz4m,gdzygaxx,0.012973296,Aktuelles zur Brustkrebstherapie,Restructuring intimacies during COVID-19: Women in Community Networks
kux9vzn8,vtya2j67,0.012976777,Bauchlage senkt Intubationsrate bei wachen COVID-19-Patienten auf Intensivstation,H1N1 influenza: critical care aspects.
ocurlqcu,mraycufh,0.012976839,Waiting during the time of COVID‐19,"(±)-2-(2-Fluoro-[1,1′-biphenyl]-4-yl)-N-(1-phenylpropan-2-yl)propanamide"
8xnfwho6,46pn6jmc,0.012979674,Capturing Our COVID-19 Efforts,Warum Austausch gerade jetzt wichtig ist
lq92mlhs,e2nr5laz,0.012985495,Nachhaltiges Wirtschaften setzt eine nachhaltige Arbeitswelt voraus,"COVID-19 Bereavement: Considerations for Families, Psychologists, and Student Trainees"
e6a03b5e,46z4663u,0.012988299,Government agencies.,Endlich Farbe bekennen
46z4663u,nm89ue1r,0.012995892,Endlich Farbe bekennen,Finding purpose
0ia8ld9o,a5hc3hef,0.012998515,Rajendra Kapila,Guideposts for Assessment During COVID-19
m5wlk26r,yz6r8a8b,0.013000821,COVID-19 trifft auf angeborene Herzfehler,COVID-19 and the Law of Unforeseen Consequences
2mn5n7p9,fx92xnzt,0.013006165,[Important and Unresolved Aspects of Neuropathologic Analyses of COVID-19 Individuals].,Welche Phytos gegen Husten?
p81l6zvz,4bunno0p,0.013007068,Systemische Immunsuppression in Zeiten von COVID‐19: Müssen wir umdenken?,The Challenges and Rewards of Teledentistry
lq92mlhs,bhimxnxq,0.013010309,Nachhaltiges Wirtschaften setzt eine nachhaltige Arbeitswelt voraus,Serological characteristics of COVID-19 patients.
esmc52bp,hrbxg1yg,0.013020403,Teaching Prelicensure Nursing Research Through Journal Clubs,Es gibt Hoffnung
17trii16,ol3sih3x,0.01302105,Endlich mehr Honorar für COVID-19-lmpfungen,Kaggle Competitions in the Classroom: Retrospectives and Recommendations
9co14g9f,fouh4jhs,0.013026483,"CoViD-19, containment and accidents in children's domestic life",Konjunkturpaket notwendig — Rückkehr zur Schuldenbremse nicht forcieren
egp1m0ge,8ezcu225,0.013027142,Nuevo coronavirus (2019-nCov): ¿tiene suficientes unidades de cuidados intensivos?,Enquiring minds.
kux9vzn8,8d3z6dfw,0.013029646,Bauchlage senkt Intubationsrate bei wachen COVID-19-Patienten auf Intensivstation,COVID-19: biological factors in men's vulnerability
xqhxra2p,5bt4q5zu,0.013038647,Akutrehabilitation nach COVID‑19‑Infektion: Eine ausgewählte Fallserie,"Postdigital Research: Genealogies, Challenges, and Future Perspectives"
25wb8srh,sfarwvit,0.013043392,Cardiovascular research in CLINICS.,So machen Vermittler ihren Betrieb zukunftsfest
kux9vzn8,b9unndox,0.013047773,Bauchlage senkt Intubationsrate bei wachen COVID-19-Patienten auf Intensivstation,"COVID-19, biosecurity and anthropology"
oqw9zyx6,sfarwvit,0.013049751,Concerns about the interpretation of subgroup analysis,So machen Vermittler ihren Betrieb zukunftsfest
xqhxra2p,mpje1c1p,0.013054216,Akutrehabilitation nach COVID‑19‑Infektion: Eine ausgewählte Fallserie,Careers and Employment
o6ol5oz4,sfarwvit,0.013061273,Volume 4 Isolated Compounds (N-S),So machen Vermittler ihren Betrieb zukunftsfest
w3zudyrq,m5wlk26r,0.013065678,Eight unanswered questions about the COVID-19 pandemic,COVID-19 trifft auf angeborene Herzfehler
fouh4jhs,amm625ic,0.0130694,Konjunkturpaket notwendig — Rückkehr zur Schuldenbremse nicht forcieren,"Weighing the Costs of Disaster: Consequences, Risks, and Resilience in Individuals, Families, and Communities."
kmsz4jdk,8ckdabhf,0.013071777,Hyperlipasemia in Hospitalized COVID-19 Patients,Gibt es eine Rationale für eine bestimmte Blütentherapie?
0nq2t9tm,17trii16,0.013084262,Interpersonalizing Intimate Museum Experiences,Endlich mehr Honorar für COVID-19-lmpfungen
lq92mlhs,7htbxid6,0.013089145,Nachhaltiges Wirtschaften setzt eine nachhaltige Arbeitswelt voraus,COVID-19 and the acknowledgement of children as stakeholders of the tourism industry
dcc549es,17trii16,0.01309096,Notice of duplicate publication,Endlich mehr Honorar für COVID-19-lmpfungen
c5p03lii,a9jyx7wb,0.013092128,Investitionen und Konsum: wirtschaftspolitische Handlungsoptionen zur Jahresmitte 2020,Risk Factors of COVID-19 Patients
7ljhd62b,ak263h99,0.013099225,COVID-19 – Eine neue Herausforderung,Science Matters
gtipnn8b,m5wlk26r,0.0131139085,A retrospective study: meteorological factors and COVID-19,COVID-19 trifft auf angeborene Herzfehler
2w9zsz4m,h3ebr84t,0.013117826,Aktuelles zur Brustkrebstherapie,Assessing tics in children.
srptphrz,ffbchp74,0.013127877,[Analysis on the epidemic factors for COVID-19],Rechtsprechung kurz berichtet
p3siskod,sfarwvit,0.013139805,Contents 2 pages,So machen Vermittler ihren Betrieb zukunftsfest
s419d7ib,0vlkahyu,0.013143226,Computational social science: Obstacles and opportunities.,Wirksamkeit von Pflanzenprodukten gegen Herpesinfektionen
658lxv4g,zpo4us36,0.013147233,[Special Session],Versorgung von Krebspatienten leidet
z57raijg,0vlkahyu,0.013149292,"PCORnet® 2020: Current State, Accomplishments, and Future Directions",Wirksamkeit von Pflanzenprodukten gegen Herpesinfektionen
aci0fr75,sfarwvit,0.0131499,[Clinical applications of smartwatches],So machen Vermittler ihren Betrieb zukunftsfest
0y0pi54f,y3hpzj0u,0.013172783,Bereit: Von der Normalstation zur Covid-19-Überwachungsstation,"Acknowledgment of Referees, 2020"
2csswjcp,fx92xnzt,0.0131906485,COVID-19 and hospitality 5.0: Redefining hospitality operations,Welche Phytos gegen Husten?
kux9vzn8,v3l1ziqv,0.013197383,Bauchlage senkt Intubationsrate bei wachen COVID-19-Patienten auf Intensivstation,Logistic equation and COVID-19
kux9vzn8,d9k45hvy,0.013197383,Bauchlage senkt Intubationsrate bei wachen COVID-19-Patienten auf Intensivstation,Logistic equation and COVID-19
akqxeirl,0vlkahyu,0.013198587,COVID-19 and food insecurity in the Blackfeet Tribal Community,Wirksamkeit von Pflanzenprodukten gegen Herpesinfektionen
w9nqfzde,0vlkahyu,0.013199308,The Arts and Public Health: Changing the Conversation on Health.,Wirksamkeit von Pflanzenprodukten gegen Herpesinfektionen
g9a0fvgb,0vlkahyu,0.013200729,[Study on issues for stomatological institutions responding to state public health emergencies],Wirksamkeit von Pflanzenprodukten gegen Herpesinfektionen
lq92mlhs,0575yava,0.013204049,Nachhaltiges Wirtschaften setzt eine nachhaltige Arbeitswelt voraus,Challenges for indigenous children and youth
lw7bnxy6,d6su39tw,0.013204827,Keep mental health in mind,Erfolgreiche Behandlung eines drittgradigen Pleuraempyems infolge einer COVID-19-Infektion
agbaiplw,d6su39tw,0.013204827,Keep mental health in mind.,Erfolgreiche Behandlung eines drittgradigen Pleuraempyems infolge einer COVID-19-Infektion
ptxwnbhf,7pwre0xc,0.013218014,Investigating people's anxieties and concerns about COVID-19,"Nieuw jaar, Nieuwe kansen"
iby0fo3z,6ho4ox2e,0.013235919,Scientists in a time of COVID-19.,Pädiatrie aktuell – Forschung kurz notiert
6ho4ox2e,066n79kk,0.013235919,Pädiatrie aktuell – Forschung kurz notiert,Scientists in a time of COVID-19
2mn5n7p9,6ho4ox2e,0.013236236,[Important and Unresolved Aspects of Neuropathologic Analyses of COVID-19 Individuals].,Pädiatrie aktuell – Forschung kurz notiert
g8b0adbv,8xtexo2z,0.013237442,COVID-19: Prospective Challenges and Potential Vaccines,Marktführer gesucht
kux9vzn8,wa0emv04,0.013238258,Bauchlage senkt Intubationsrate bei wachen COVID-19-Patienten auf Intensivstation,[COVID-19: Special Challenges for Theoretical and Practical Public Health].
7wyj18qq,m5wlk26r,0.0132383,Borel factors and embeddings of systems in subshifts,COVID-19 trifft auf angeborene Herzfehler
7ljhd62b,14jenbz8,0.013240375,COVID-19 – Eine neue Herausforderung,Children Lagging with COVID-19 Vaccination
8xnfwho6,g3ypisig,0.013244076,Capturing Our COVID-19 Efforts,Riechstörungen bei COVID-19 – aktueller Wissensstand
8xtexo2z,2ovrk61d,0.013244852,Marktführer gesucht,Surface interactions and viability of coronaviruses
8ynum9m5,17trii16,0.0132484315,The reason for this number,Endlich mehr Honorar für COVID-19-lmpfungen
d6su39tw,10jkk9mf,0.013249753,Erfolgreiche Behandlung eines drittgradigen Pleuraempyems infolge einer COVID-19-Infektion,Celebrating our wins.
z3irrfu4,kzug9lpm,0.013250473,"Räumlich getrennt, virtuell vereint",Publisher's Note
sfarwvit,6zm597j8,0.013256299,So machen Vermittler ihren Betrieb zukunftsfest,Examining reporting and representation of patients with cancer in COVID‐19 clinical trials
gqg1q3ii,17trii16,0.013272934,Vaccines and adjuvants,Endlich mehr Honorar für COVID-19-lmpfungen
7u8iuh4w,fx92xnzt,0.013290225,Critical policy passed during historic House of Delegates,Welche Phytos gegen Husten?
88n6hwyo,ffbchp74,0.013302556,Risk factors for disease progression in COVID-19 patients,Rechtsprechung kurz berichtet
2ootfjhk,ffbchp74,0.013302556,Risk factors for disease progression in COVID-19 patients,Rechtsprechung kurz berichtet
8xtexo2z,u4y121hs,0.013308958,Marktführer gesucht,COVID-19 Vaccines Complicate Mammograms
kux9vzn8,7h6ofv5t,0.013313394,Bauchlage senkt Intubationsrate bei wachen COVID-19-Patienten auf Intensivstation,Ophthalmologic Diseases of Small Mammals
49xllcu2,kcl0uzdg,0.013323744,State of the climate in 2020,Budesonid verhindert bei COVID-19 Übergang zu schwerem Verlauf
kux9vzn8,1x33r4dw,0.013331325,Bauchlage senkt Intubationsrate bei wachen COVID-19-Patienten auf Intensivstation,Sports: The Infectious Hazards.
857qqfxr,fx92xnzt,0.013334259,Bats are a major natural reservoir for hepaciviruses and pegiviruses.,Welche Phytos gegen Husten?
nxmauvpu,sfarwvit,0.013338663,Reasons for HOPE.,So machen Vermittler ihren Betrieb zukunftsfest
rkm0mv2x,zpo4us36,0.013342304,Challenges of caregiving to neurological patients,Versorgung von Krebspatienten leidet
k0xqoyx8,lzwl577x,0.013352935,Stille Hypoxie bei COVID-19: Eine Fallserie,Monocytes and Macrophages in COVID-19
pbflhjz0,hrbxg1yg,0.013361136,Clinical characteristics and outcomes of COVID-19 patients with prediabetes,Es gibt Hoffnung
phhoqm07,d6su39tw,0.013376998,The importance of asking questions and doing things for a reason,Erfolgreiche Behandlung eines drittgradigen Pleuraempyems infolge einer COVID-19-Infektion
3dqljzjm,5hs5jl31,0.013382693,An EUA for tocilizumab (Actemra) for COVID-19,Lost Space
mrdg743n,46pn6jmc,0.013393928,Recruiting Residents During COVID-19,Warum Austausch gerade jetzt wichtig ist
kux9vzn8,76xvzvdg,0.013397473,Bauchlage senkt Intubationsrate bei wachen COVID-19-Patienten auf Intensivstation,National scientific medical meeting 1996 abstracts
kux9vzn8,cm91em81,0.013397473,Bauchlage senkt Intubationsrate bei wachen COVID-19-Patienten auf Intensivstation,National scientific medical meeting 1997 abstracts
1em17ixa,wq612zzs,0.013406559,Annual Meeting Highlights,Coronaimpfung: Ärztliche Beratung kann Impfbereitschaft steigern
92ivie3y,m5wlk26r,0.013412824,Our Responsibility to All of Our Patients and Families,COVID-19 trifft auf angeborene Herzfehler
vf8z02nh,17trii16,0.013414809,Clinical Virology of Rhinoviruses,Endlich mehr Honorar für COVID-19-lmpfungen
ekrykic9,0vlkahyu,0.013423819,COVID-19 and the education of health professionals in mental health: challenges in practical teaching(),Wirksamkeit von Pflanzenprodukten gegen Herpesinfektionen
0sl4xp50,8xtexo2z,0.01342606,Neuropathological Features of COVID-19,Marktführer gesucht
17trii16,l2swok5b,0.0134261865,Endlich mehr Honorar für COVID-19-lmpfungen,Home visits: A practical approach
fx92xnzt,ay7d00xn,0.013430152,Welche Phytos gegen Husten?,Development of a Simplified Portion Size Selection Task
vg4qogtu,ffbchp74,0.013438589,Concluding Considerations and Directions for Future Research,Rechtsprechung kurz berichtet
kylka2rh,kmsz4jdk,0.013441123,Zur gesellschaftlichen Akzeptanz von einmaligen Vermögensabgaben,Hyperlipasemia in Hospitalized COVID-19 Patients
p81l6zvz,dc2un4p7,0.0134533085,Systemische Immunsuppression in Zeiten von COVID‐19: Müssen wir umdenken?,Health risks at the Hajj.
efeaq8mc,sfarwvit,0.013486518,Prevalence of coinfections with ESKAPE pathogens in COVID-19 patients: A review,So machen Vermittler ihren Betrieb zukunftsfest
p81l6zvz,lm55pt80,0.013491322,Systemische Immunsuppression in Zeiten von COVID‐19: Müssen wir umdenken?,Key pathways as therapeutic targets
xsem58kn,zpo4us36,0.0134955235,Logistics as a Competitive Advantage in Retail Organizations,Versorgung von Krebspatienten leidet
2w9zsz4m,khqefj7v,0.013497681,Aktuelles zur Brustkrebstherapie,Obesity Is a Risk Factor for Greater COVID-19 Severity
yv6ia4ma,zpo4us36,0.013499305,E-Learning in Industrial Electronics during Covid-19,Versorgung von Krebspatienten leidet
sfarwvit,tyzloyu0,0.013504522,So machen Vermittler ihren Betrieb zukunftsfest,Unsupervised Discovery of Risk Profiles on Negative and Positive COVID-19 Hospitalized Patients
o3e0yn8t,ffbchp74,0.013504902,A call to the other,Rechtsprechung kurz berichtet
sfarwvit,b9unndox,0.013539132,So machen Vermittler ihren Betrieb zukunftsfest,"COVID-19, biosecurity and anthropology"
1r7tblro,8ezcu225,0.013559597,Nuevos predictores del riesgo de severidad de COVID en Atención Primaria,Enquiring minds.
hl1apuv9,7ljhd62b,0.013559881,Meeting Announcements,COVID-19 – Eine neue Herausforderung
zpo4us36,s5my1z2h,0.013573864,Versorgung von Krebspatienten leidet,Home for the holidays
0vlkahyu,2mtfe7p1,0.013573973,Wirksamkeit von Pflanzenprodukten gegen Herpesinfektionen,Industry News
9cu0s9dl,0vlkahyu,0.013575462,Motivational factors to participate in conferences and gender differences,Wirksamkeit von Pflanzenprodukten gegen Herpesinfektionen
cl81y08y,d1q2a446,0.013579885,Auf dem Weg zu einer nachhaltigen Mobilität,Issues and Events
cl81y08y,n0gyhuve,0.013579885,Auf dem Weg zu einer nachhaltigen Mobilität,Issues and Events
e4esq2e1,sfarwvit,0.0135919545,Articles of Significant Interest Selected from This Issue by the Editors.,So machen Vermittler ihren Betrieb zukunftsfest
z3irrfu4,0alu3val,0.013604463,"Räumlich getrennt, virtuell vereint",A Letter from the Editors
z3irrfu4,hbi8f3uy,0.013604463,"Räumlich getrennt, virtuell vereint",Letter from the Editors
0vlkahyu,951mk9o1,0.013625605,Wirksamkeit von Pflanzenprodukten gegen Herpesinfektionen,Relationships between Floodplain Lake Fish Communities and Environmental Variables in a Large River‐Floodplain Ecosystem
sv73oe5x,ffbchp74,0.01362863,Medicines for millions of patients,Rechtsprechung kurz berichtet
ffbchp74,j4kakh1k,0.013631777,Rechtsprechung kurz berichtet,News Items.
k0xqoyx8,g8b0adbv,0.013637083,Stille Hypoxie bei COVID-19: Eine Fallserie,COVID-19: Prospective Challenges and Potential Vaccines
fbbseyb0,kux9vzn8,0.013646749,Dimensions of the COVID-19 pandemic,Bauchlage senkt Intubationsrate bei wachen COVID-19-Patienten auf Intensivstation
lq92mlhs,sy9p8a8k,0.013657282,Nachhaltiges Wirtschaften setzt eine nachhaltige Arbeitswelt voraus,Initial Observations of COVID-19 in US Children
fx92xnzt,vi8hcnnk,0.013669108,Welche Phytos gegen Husten?,Talking Spaces: Architects and Educators
tzcv3v7j,fx92xnzt,0.013671773,Perspectives: Thoughts on rural health.,Welche Phytos gegen Husten?
dxgram7o,m5wlk26r,0.013683469,"Nanoantibodies: Small molecules, big possibilities",COVID-19 trifft auf angeborene Herzfehler
2w9zsz4m,4gyoxd6j,0.013691566,Aktuelles zur Brustkrebstherapie,"Characteristics and outcomes of an international cohort of 400,000 hospitalised patients with Covid-19"
kux9vzn8,cfza4zk2,0.0136919385,Bauchlage senkt Intubationsrate bei wachen COVID-19-Patienten auf Intensivstation,Academic coaching of medical students during the COVID-19 pandemic
8ezcu225,4la28b5a,0.013709249,Enquiring minds.,Candidatos potenciales farmacológicos inhibidores de proteasa transmembrana de serina 2 en el tratamiento de 2019-ncov
mkyhlb8w,fx92xnzt,0.013710669,World News.,Welche Phytos gegen Husten?
tbes7uke,sfarwvit,0.013740488,Infections in Travelers and Adoptees from Abroad,So machen Vermittler ihren Betrieb zukunftsfest
qtsqj1dc,7ljhd62b,0.013747144,[Impact of COVID-19 on patients from from FACT or autism teams].,COVID-19 – Eine neue Herausforderung
7ljhd62b,476fsh8j,0.013747144,COVID-19 – Eine neue Herausforderung,Impact of COVID-19 on patients from FACT or autism teams
fouh4jhs,gdzygaxx,0.01374773,Konjunkturpaket notwendig — Rückkehr zur Schuldenbremse nicht forcieren,Restructuring intimacies during COVID-19: Women in Community Networks
kux9vzn8,fsg9x8n7,0.013751536,Bauchlage senkt Intubationsrate bei wachen COVID-19-Patienten auf Intensivstation,Chemokines as Molecular Targets for Therapeutic Intervention
cejoynw0,fx92xnzt,0.013753446,Entrepreneurship or Employment? A Survey of College Students' Sustainable Entrepreneurial Intentions,Welche Phytos gegen Husten?
asvkwer2,fx92xnzt,0.013757624,Keeping an Eye on Generation Z Nurses,Welche Phytos gegen Husten?
uzs39gx1,d6su39tw,0.013765535,Care for caregivers- a mission for primary care,Erfolgreiche Behandlung eines drittgradigen Pleuraempyems infolge einer COVID-19-Infektion
y1wpc0dk,2tpmwakw,0.013773842,People + Companies,Tidak didapatkan kecemasan pada petugas kesehatan dalam menghadapi pandemi COVID-19
9bdiz5pz,2tpmwakw,0.013773842,People + Companies,Tidak didapatkan kecemasan pada petugas kesehatan dalam menghadapi pandemi COVID-19
0l41f0xj,fx92xnzt,0.013777346,COVID-19 and pregnancy: are they friends or enemies?,Welche Phytos gegen Husten?
ekgdlyfg,17trii16,0.013779364,Private Struggles in Public Spaces: Documenting COVID-19 Material Culture and Landscapes,Endlich mehr Honorar für COVID-19-lmpfungen
lyu3lkww,2w9zsz4m,0.013781302,COVID-19: Perspectives from people with diabetes,Aktuelles zur Brustkrebstherapie
ld0f14a4,m5wlk26r,0.013792654,"Human Factors and Ergonomics by Distance Learning: Successes, Challenges and Opportunities",COVID-19 trifft auf angeborene Herzfehler
vpi9jth8,ffbchp74,0.013792669,Uncertain Historical Knowledge for Uncertain Times,Rechtsprechung kurz berichtet
beakiqk5,fx92xnzt,0.013809448,Regions in a time of pandemic,Welche Phytos gegen Husten?
2w9zsz4m,ysqsfkcn,0.013810063,Aktuelles zur Brustkrebstherapie,Contemporary Issues in Women's Health.
2w9zsz4m,gd37nhjf,0.013810074,Aktuelles zur Brustkrebstherapie,Contemporary Issues in Women's Health.
slrbyjoh,zgtghspt,0.013833576,Hindsight Beyond 2020,An EUA for Bamlanivimab-A Monoclonal Antibody for COVID-19.
9yknh486,ffbchp74,0.013856295,Coinfections with Other Respiratory Pathogens among Patients with COVID-19,Rechtsprechung kurz berichtet
c9g5d3wg,fx92xnzt,0.013857826,A Treacherous Course,Welche Phytos gegen Husten?
fx92xnzt,lipwgr17,0.013857826,Welche Phytos gegen Husten?,A Treacherous Course.
h22uykqx,vskya7f0,0.013858524,Keeping the research spotlight on COVID-19.,So viele Praxen haben Kurzarbeit angemeldet
7ljhd62b,sptrosfa,0.013877669,COVID-19 – Eine neue Herausforderung,Individual Risk and Collective Fears:
7hxznsz5,2w9zsz4m,0.013886191,The frailty and mortality relationship in patients with COVID-19,Aktuelles zur Brustkrebstherapie
sfarwvit,7unoulkx,0.013892572,So machen Vermittler ihren Betrieb zukunftsfest,"Fertility treatment delays during COVID-19: Profiles, feelings and concerns of impacted patients"
8yuonr0l,fx92xnzt,0.013892833,Sidebar: Public Health and Schools-Natural Partners.,Welche Phytos gegen Husten?
cm7ozpj1,17trii16,0.013910171,COVID-19-Cardiac aspects,Endlich mehr Honorar für COVID-19-lmpfungen
pbflhjz0,46pn6jmc,0.013916261,Clinical characteristics and outcomes of COVID-19 patients with prediabetes,Warum Austausch gerade jetzt wichtig ist
fouh4jhs,zw1j85pz,0.013916586,Konjunkturpaket notwendig — Rückkehr zur Schuldenbremse nicht forcieren,Primary Care Clinicians as COVID-19 Vaccine Ambassadors
f6q172x7,17trii16,0.013917187,Covering the Cover,Endlich mehr Honorar für COVID-19-lmpfungen
yx8zoij2,17trii16,0.013917187,Covering the Cover.,Endlich mehr Honorar für COVID-19-lmpfungen
7ljhd62b,nggz2d9j,0.013925399,COVID-19 – Eine neue Herausforderung,"The Effects of COVID-19 on U.S. Small Businesses: Evidence from Owners, Managers, and Employees"
c9xmzst6,zpo4us36,0.013925868,The challenges of international comparisons of COVID-19,Versorgung von Krebspatienten leidet
pi6pezv5,d6su39tw,0.013931243,"Covid-19: Remdesivir is helpful but not a wonder drug, say researchers",Erfolgreiche Behandlung eines drittgradigen Pleuraempyems infolge einer COVID-19-Infektion
nh2u72tg,17trii16,0.013941096,Advisory Board and Contents,Endlich mehr Honorar für COVID-19-lmpfungen
ru8ofk3p,sfarwvit,0.013947376,Pharmacological Activities and Phytochemical Constituents,So machen Vermittler ihren Betrieb zukunftsfest
kux9vzn8,52dbmw7r,0.013949655,Bauchlage senkt Intubationsrate bei wachen COVID-19-Patienten auf Intensivstation,Comorbidity and prognostic factors on admission in a COVID-19 cohort of a general hospital
17trii16,ztjikyxk,0.013968612,Endlich mehr Honorar für COVID-19-lmpfungen,"Understanding Sustainability of Construction Products: Answers from Investors, Contractors, and Sellers of Building Materials"
d6su39tw,dxt29ayi,0.013970351,Erfolgreiche Behandlung eines drittgradigen Pleuraempyems infolge einer COVID-19-Infektion,Seminar- Highlights 1. Halbjahr 2021
y3hpzj0u,ikfd5xfl,0.013970399,"Acknowledgment of Referees, 2020",Folgen von COVID-19 - das sieht der Kliniker
knmn7wm4,fx92xnzt,0.013972412,Technical Difficulties in the Time of COVID,Welche Phytos gegen Husten?
hqe142nk,ffbchp74,0.013972704,Imaging & other potential predictors of deterioration in COVID-19,Rechtsprechung kurz berichtet
xqhxra2p,85atx0zp,0.013985884,Akutrehabilitation nach COVID‑19‑Infektion: Eine ausgewählte Fallserie,News and Announcements
cvlk80fl,xqhxra2p,0.013985911,News and Announcements,Akutrehabilitation nach COVID‑19‑Infektion: Eine ausgewählte Fallserie
2w9zsz4m,reg2jz1a,0.013993511,Aktuelles zur Brustkrebstherapie,Trends in Covid-19 hospital mortality in women and men
6r3xk1rq,fx92xnzt,0.013993614,From the IIWCC and IIWCG to the WUWHS: The Journey to the Future,Welche Phytos gegen Husten?
857qqfxr,6ho4ox2e,0.014007388,Bats are a major natural reservoir for hepaciviruses and pegiviruses.,Pädiatrie aktuell – Forschung kurz notiert
rbez38t1,7ljhd62b,0.014008175,Academic Coaching of Medical Students During COVID-19.,COVID-19 – Eine neue Herausforderung
ptxwnbhf,17trii16,0.01401096,Investigating people's anxieties and concerns about COVID-19,Endlich mehr Honorar für COVID-19-lmpfungen
jzoj084m,tu4v0j1e,0.014013203,COVID-19: Risk factors for critical illness,Seite eins
kux9vzn8,0m69fpv0,0.014031386,Bauchlage senkt Intubationsrate bei wachen COVID-19-Patienten auf Intensivstation,[COVID-19 and cardiovascular diseases].
kux9vzn8,zdjl3fka,0.014031386,Bauchlage senkt Intubationsrate bei wachen COVID-19-Patienten auf Intensivstation,COVID-19 and cardiovascular diseases
fx92xnzt,vrgh39xu,0.014032526,Welche Phytos gegen Husten?,Alternative readings of the genetic code
a9jyx7wb,ta8rxze6,0.014035589,Risk Factors of COVID-19 Patients,Systematischer Ansatz zur objektiven Bewertung von Verkehrsunfalldatenbanken
l720mqb6,y3hpzj0u,0.014066923,Aus der Not eine Tugend gemacht,"Acknowledgment of Referees, 2020"
iw6ooopp,7pc2wwbw,0.014067566,COVID-19-Pandemie: Was wissen wir – was können wir empfehlen?: Ein Kommentar der Herausgeber,Chapter 9 Presentations
kux9vzn8,8ynum9m5,0.014073688,Bauchlage senkt Intubationsrate bei wachen COVID-19-Patienten auf Intensivstation,The reason for this number
aztsrg8v,fx92xnzt,0.014078728,Coming home to college: Living arrangements and perceptions of adulthood for U.S. college students during COVID-19,Welche Phytos gegen Husten?
lq92mlhs,5n7v6ivs,0.014092123,Nachhaltiges Wirtschaften setzt eine nachhaltige Arbeitswelt voraus,The coronavirus' two bodies
sfarwvit,46fw8t45,0.014093149,So machen Vermittler ihren Betrieb zukunftsfest,[COVID-19 vaccines: the facts]
2w9zsz4m,fcivj1x2,0.014114507,Aktuelles zur Brustkrebstherapie,Insurer Curbs Opioid Prescriptions.
8xtexo2z,q0w0q0y2,0.014117371,Marktführer gesucht,Risk of COVID-19 Transmission During Autopsy
58kgbi9l,6ho4ox2e,0.014133997,Feral cats.,Pädiatrie aktuell – Forschung kurz notiert
mdd60ic7,iumm8w20,0.014150116,Acknowledgement to Referees,Räumliche Flexibilisierung durch zunehmende Homeoffice-Nutzung
se2s9c5j,iumm8w20,0.014150116,Acknowledgement to Referees,Räumliche Flexibilisierung durch zunehmende Homeoffice-Nutzung
0ngl3naa,iumm8w20,0.014150116,Acknowledgement to Referees,Räumliche Flexibilisierung durch zunehmende Homeoffice-Nutzung
eej8qb9t,iumm8w20,0.014150116,Acknowledgement to Referees.,Räumliche Flexibilisierung durch zunehmende Homeoffice-Nutzung
s4bobqls,iumm8w20,0.014150116,Acknowledgement to referees,Räumliche Flexibilisierung durch zunehmende Homeoffice-Nutzung
2un48l2e,iumm8w20,0.014150116,Acknowledgement to Referees,Räumliche Flexibilisierung durch zunehmende Homeoffice-Nutzung
dbo18qfk,iumm8w20,0.014150116,Acknowledgement to Referees,Räumliche Flexibilisierung durch zunehmende Homeoffice-Nutzung
iumm8w20,rh9bx841,0.014150116,Räumliche Flexibilisierung durch zunehmende Homeoffice-Nutzung,Acknowledgement to Referees
fx92xnzt,bnto2xy7,0.014155961,Welche Phytos gegen Husten?,COVID‐19 vaccination in children and university students
47imh7rj,m5wlk26r,0.014161415,Scientific Abstracts,COVID-19 trifft auf angeborene Herzfehler
labj5l5i,m5wlk26r,0.014166216,Point: Uncertainty about estimating the risks of COVID‐19 during pregnancy,COVID-19 trifft auf angeborene Herzfehler
g8b0adbv,kcl0uzdg,0.014167549,COVID-19: Prospective Challenges and Potential Vaccines,Budesonid verhindert bei COVID-19 Übergang zu schwerem Verlauf
4kdi0gns,m5wlk26r,0.014168875,Words Matter.,COVID-19 trifft auf angeborene Herzfehler
m5wlk26r,n9o0k7ty,0.014168875,COVID-19 trifft auf angeborene Herzfehler,Words matter
p81l6zvz,1jv17ecm,0.014189109,Systemische Immunsuppression in Zeiten von COVID‐19: Müssen wir umdenken?,Policy and Governance
6ho4ox2e,1dw03g0z,0.014197901,Pädiatrie aktuell – Forschung kurz notiert,Avifavir in Treating Patients with Moderate Covid 19
98mktb8e,kux9vzn8,0.014204102,Reflections on key methodological decisions in national burden of disease assessments,Bauchlage senkt Intubationsrate bei wachen COVID-19-Patienten auf Intensivstation
tmi60ugl,cl81y08y,0.0142089585,Fears and Hopes,Auf dem Weg zu einer nachhaltigen Mobilität
ysqsfkcn,7ljhd62b,0.0142107345,Contemporary Issues in Women's Health.,COVID-19 – Eine neue Herausforderung
7ljhd62b,gd37nhjf,0.0142107345,COVID-19 – Eine neue Herausforderung,Contemporary Issues in Women's Health.
xmnwsske,fx92xnzt,0.0142121725,Predictors of mortality of COVID-19 in the general population and nursing homes,Welche Phytos gegen Husten?
3dqljzjm,o3o88wrj,0.01421276,An EUA for tocilizumab (Actemra) for COVID-19,Trust in the Time of Covid-19
iddwqw3z,ffbchp74,0.014221302,Contagious Protests,Rechtsprechung kurz berichtet
0sl4xp50,m5wlk26r,0.0142255435,Neuropathological Features of COVID-19,COVID-19 trifft auf angeborene Herzfehler
p825gprf,zpo4us36,0.014240316,Lessons from the past,Versorgung von Krebspatienten leidet
6ho4ox2e,tke3pkpk,0.014241281,Pädiatrie aktuell – Forschung kurz notiert,Two Weeks
strq3nnn,3ekxc20y,0.01424726,Gratitude in the Time of COVID,dvs Informationen
17trii16,xj3rarhq,0.0142504815,Endlich mehr Honorar für COVID-19-lmpfungen,Transformation of a Ferry Ship into a Ship Hospital for COVID-19 Patients
sfarwvit,n3fjos4l,0.014261844,So machen Vermittler ihren Betrieb zukunftsfest,Exploration of potential risk factors for COVID-19 severity in patients participating in oncology clinical trials
kux9vzn8,m2kbpf8p,0.01426189,Bauchlage senkt Intubationsrate bei wachen COVID-19-Patienten auf Intensivstation,Determinants of disease
gjwoezfa,7ljhd62b,0.014302201,Neurology: Seizures in younger dogs and cats,COVID-19 – Eine neue Herausforderung
ac3uumfq,0vlkahyu,0.014304409,COVID 19: challenges for virologists in the food industry,Wirksamkeit von Pflanzenprodukten gegen Herpesinfektionen
vm2jblej,a9jyx7wb,0.014309903,Zur antimikrobiellen und viruziden Wirksamkeit von Octenidin-Lutschtabletten,Risk Factors of COVID-19 Patients
mwd5zkxj,0vlkahyu,0.014310327,Mobile Educational Applications: Remote Usability Study,Wirksamkeit von Pflanzenprodukten gegen Herpesinfektionen
x9z9wb6v,fx92xnzt,0.014314482,Work from Home During the Pandemic: The Impact of Organizational Factors on the Productivity of Employees in the IT Industry,Welche Phytos gegen Husten?
fouh4jhs,w6n32mfk,0.014318448,Konjunkturpaket notwendig — Rückkehr zur Schuldenbremse nicht forcieren,Flavivirus Persistence in Wildlife Populations
2w9zsz4m,2rjtmpi3,0.014320293,Aktuelles zur Brustkrebstherapie,FinTech credit firms: Prospects and uncertainties
hqfgmhcm,0vlkahyu,0.014322577,Urban Park Landscape Design from the Perspective of Public Health,Wirksamkeit von Pflanzenprodukten gegen Herpesinfektionen
p81l6zvz,c9xmzst6,0.014324861,Systemische Immunsuppression in Zeiten von COVID‐19: Müssen wir umdenken?,The challenges of international comparisons of COVID-19
8uff2f6d,fx92xnzt,0.014337933,Financial Markets and COVID-19,Welche Phytos gegen Husten?
8ezcu225,ib6zxkyw,0.014342682,Enquiring minds.,Aktuelles zu COVID-19 und Allergien
y2upr6ps,fx92xnzt,0.014359374,"Different location, same results?",Welche Phytos gegen Husten?
8xtexo2z,w6n32mfk,0.014364286,Marktführer gesucht,Flavivirus Persistence in Wildlife Populations
17trii16,pqjh0kd4,0.014365946,Endlich mehr Honorar für COVID-19-lmpfungen,Waymo Public Road Safety Performance Data
d1q2a446,kcl0uzdg,0.01436664,Issues and Events,Budesonid verhindert bei COVID-19 Übergang zu schwerem Verlauf
n0gyhuve,kcl0uzdg,0.01436664,Issues and Events,Budesonid verhindert bei COVID-19 Übergang zu schwerem Verlauf
ru8ofk3p,p81l6zvz,0.014394495,Pharmacological Activities and Phytochemical Constituents,Systemische Immunsuppression in Zeiten von COVID‐19: Müssen wir umdenken?
d4l85xzw,ikfd5xfl,0.0144048305,Meetings and Courses,Folgen von COVID-19 - das sieht der Kliniker
p9d78t6v,vskya7f0,0.014406938,NeoCORE Conference Abstracts,So viele Praxen haben Kurzarbeit angemeldet
7ljhd62b,h73mg5xi,0.014409548,COVID-19 – Eine neue Herausforderung,Adiponectin levels in hemodialysis patients.
7ljhd62b,x00s5daq,0.014409611,COVID-19 – Eine neue Herausforderung,Predictors of stress among dentists during the COVID-19 epidemic
kux9vzn8,pyeyl58n,0.014433223,Bauchlage senkt Intubationsrate bei wachen COVID-19-Patienten auf Intensivstation,Transdiagnostic vulnerability factors for behavioral health problems during COVID-19
tdm5ymr9,mrdg743n,0.014436971,"Bereitschaft zur Impfung mit einem COVID‑19-Vakzin – Risikoeinschätzung, Impferfahrungen und Einstellung zu Behandlungsverfahren",Recruiting Residents During COVID-19
857qqfxr,g3ypisig,0.014437356,Bats are a major natural reservoir for hepaciviruses and pegiviruses.,Riechstörungen bei COVID-19 – aktueller Wissensstand
mdd60ic7,mquoiebk,0.014445778,Acknowledgement to Referees,Was ist neu … in der Behandlung von invasiven Mykosen. COVID-19-assoziierte pulmonale Aspergillose
0ngl3naa,mquoiebk,0.014445778,Acknowledgement to Referees,Was ist neu … in der Behandlung von invasiven Mykosen. COVID-19-assoziierte pulmonale Aspergillose
se2s9c5j,mquoiebk,0.014445778,Acknowledgement to Referees,Was ist neu … in der Behandlung von invasiven Mykosen. COVID-19-assoziierte pulmonale Aspergillose
mquoiebk,2un48l2e,0.014445778,Was ist neu … in der Behandlung von invasiven Mykosen. COVID-19-assoziierte pulmonale Aspergillose,Acknowledgement to Referees
mquoiebk,s4bobqls,0.014445778,Was ist neu … in der Behandlung von invasiven Mykosen. COVID-19-assoziierte pulmonale Aspergillose,Acknowledgement to referees
mquoiebk,dbo18qfk,0.014445778,Was ist neu … in der Behandlung von invasiven Mykosen. COVID-19-assoziierte pulmonale Aspergillose,Acknowledgement to Referees
mquoiebk,rh9bx841,0.014445778,Was ist neu … in der Behandlung von invasiven Mykosen. COVID-19-assoziierte pulmonale Aspergillose,Acknowledgement to Referees
mquoiebk,eej8qb9t,0.014445813,Was ist neu … in der Behandlung von invasiven Mykosen. COVID-19-assoziierte pulmonale Aspergillose,Acknowledgement to Referees.
sfarwvit,yvq1y7ee,0.01444735,So machen Vermittler ihren Betrieb zukunftsfest,"CrossFit® – Development, Benefits and Risks"
ptxwnbhf,46z4663u,0.014450146,Investigating people's anxieties and concerns about COVID-19,Endlich Farbe bekennen
1q2moaf3,fx92xnzt,0.014453541,News from the Society,Welche Phytos gegen Husten?
w4k5v3gz,d1q2a446,0.014458431,Nach COVID-19-Infektion treten vermehrt Herzprobleme auf,Issues and Events
w4k5v3gz,n0gyhuve,0.014458431,Nach COVID-19-Infektion treten vermehrt Herzprobleme auf,Issues and Events
jnkw29aq,fx92xnzt,0.014468662,"Hotel building design, occupants’ health and performance in response to COVID 19",Welche Phytos gegen Husten?
cvlk80fl,z3irrfu4,0.014469912,News and Announcements,"Räumlich getrennt, virtuell vereint"
z3irrfu4,85atx0zp,0.014469912,"Räumlich getrennt, virtuell vereint",News and Announcements
le6spvg5,0vlkahyu,0.01447039,Difficulties of delivering urological care to remote areas.,Wirksamkeit von Pflanzenprodukten gegen Herpesinfektionen
cl81y08y,rqb19icj,0.014470776,Auf dem Weg zu einer nachhaltigen Mobilität,Experiences of family caregivers of patients with COVID-19
0vlkahyu,7wqdc580,0.014471782,Wirksamkeit von Pflanzenprodukten gegen Herpesinfektionen,Applications of CRISPR as a potential therapeutic
5jky7m12,xqhxra2p,0.014473034,Articles of Public Interest.,Akutrehabilitation nach COVID‑19‑Infektion: Eine ausgewählte Fallserie
xqhxra2p,j7wcqqbx,0.014473034,Akutrehabilitation nach COVID‑19‑Infektion: Eine ausgewählte Fallserie,Articles of Public Interest.
iby0fo3z,3dqljzjm,0.01447699,Scientists in a time of COVID-19.,An EUA for tocilizumab (Actemra) for COVID-19
3dqljzjm,066n79kk,0.01447699,An EUA for tocilizumab (Actemra) for COVID-19,Scientists in a time of COVID-19
vg4qogtu,sfarwvit,0.014486242,Concluding Considerations and Directions for Future Research,So machen Vermittler ihren Betrieb zukunftsfest
kux9vzn8,dhtxy6nw,0.014491431,Bauchlage senkt Intubationsrate bei wachen COVID-19-Patienten auf Intensivstation,"International Conferences on Environmental Mutagens in Human Populations—Opportunities, Accomplishments and Challenges"
yzbi7r6h,cfp2f5wb,0.014526454,N-(2-(1h-indol-3-yl)ethyl)-2-(6-methoxynaphthalen-2-yl)propanamide,Thoughts in the Time of COVID-19
5rm7rmoq,fx92xnzt,0.014551737,Structural biology in the time of COVID-19: perspectives on methods and milestones,Welche Phytos gegen Husten?
p81l6zvz,mpje1c1p,0.014557792,Systemische Immunsuppression in Zeiten von COVID‐19: Müssen wir umdenken?,Careers and Employment
jcwjmpz5,fouh4jhs,0.014581514,Books Reviews,Konjunkturpaket notwendig — Rückkehr zur Schuldenbremse nicht forcieren
d1cjcd7g,ffbchp74,0.014586382,Overlapping risks.,Rechtsprechung kurz berichtet
lj0u6ro4,kux9vzn8,0.014589589,Known unknowns and unknown unknowns,Bauchlage senkt Intubationsrate bei wachen COVID-19-Patienten auf Intensivstation
p81l6zvz,jib2mri2,0.014601607,Systemische Immunsuppression in Zeiten von COVID‐19: Müssen wir umdenken?,Credentialing Organizations
nnq7jjnd,0vlkahyu,0.01460476,Structural Relationship of Key Factors for Student Satisfaction and Achievement in Asynchronous Online Learning,Wirksamkeit von Pflanzenprodukten gegen Herpesinfektionen
3dqljzjm,u6bo0ixo,0.014606347,An EUA for tocilizumab (Actemra) for COVID-19,Rising to the Challenge
3dqljzjm,35i3mtiv,0.014606347,An EUA for tocilizumab (Actemra) for COVID-19,Rising to the challenge.
iw6ooopp,whl6yq4p,0.014608288,COVID-19-Pandemie: Was wissen wir – was können wir empfehlen?: Ein Kommentar der Herausgeber,Cardiovascular aspects of COVID-19
xqhxra2p,blhh7ws2,0.014610729,Akutrehabilitation nach COVID‑19‑Infektion: Eine ausgewählte Fallserie,Perspectives of US Youth During COVID-19.
kux9vzn8,ligs5kfx,0.014617116,Bauchlage senkt Intubationsrate bei wachen COVID-19-Patienten auf Intensivstation,The genome of human coronavirus strain 229E.
rafvxgx1,17trii16,0.014620464,Clinical Aspects of Feline Retroviruses: A Review,Endlich mehr Honorar für COVID-19-lmpfungen
g8b0adbv,7ljhd62b,0.014626182,COVID-19: Prospective Challenges and Potential Vaccines,COVID-19 – Eine neue Herausforderung
dfwaxh9r,0vlkahyu,0.014630165,"Reflections on the COVID 19, from the social perspective",Wirksamkeit von Pflanzenprodukten gegen Herpesinfektionen
fouh4jhs,o8b1dx3b,0.014631369,Konjunkturpaket notwendig — Rückkehr zur Schuldenbremse nicht forcieren,COVID-19 in persons with haematological cancers
7ljhd62b,3hz3mn70,0.01463213,COVID-19 – Eine neue Herausforderung,Gastrointestinal Complications of COVID-19 Vaccines
l5x0apww,fx92xnzt,0.014655616,"Population genetics: past, present, and future",Welche Phytos gegen Husten?
dp1gpjvf,zpo4us36,0.014656988,eMJA: In other journals ‐ 5 May 2003,Versorgung von Krebspatienten leidet
2w9zsz4m,d1cjcd7g,0.014663864,Aktuelles zur Brustkrebstherapie,Overlapping risks.
ftnuflrv,fx92xnzt,0.014671232,Inside the USCAP Journals.,Welche Phytos gegen Husten?
ur074li9,fx92xnzt,0.014671232,Inside the USCAP Journals,Welche Phytos gegen Husten?
pqg0ibgr,fx92xnzt,0.014671232,Inside the USCAP Journals,Welche Phytos gegen Husten?
kux9vzn8,5n7v6ivs,0.014675661,Bauchlage senkt Intubationsrate bei wachen COVID-19-Patienten auf Intensivstation,The coronavirus' two bodies
5gzzhu2q,fx92xnzt,0.01467653,"Ten Years of Research in the Journal of Family and Economic Issues, and Thoughts on Future Directions",Welche Phytos gegen Husten?
zpo4us36,a9jyx7wb,0.01467804,Versorgung von Krebspatienten leidet,Risk Factors of COVID-19 Patients
oixxx7vg,17trii16,0.014687635,Health coaching.,Endlich mehr Honorar für COVID-19-lmpfungen
mrdg743n,6ho4ox2e,0.014689811,Recruiting Residents During COVID-19,Pädiatrie aktuell – Forschung kurz notiert
spzp6gt5,0vlkahyu,0.014694356,Vulnerabilities in 'local moral worlds': COVID-19 provincial social work interventions,Wirksamkeit von Pflanzenprodukten gegen Herpesinfektionen
i7fs68g5,ffbchp74,0.014705121,Infectious Diseases of Children,Rechtsprechung kurz berichtet
mim30aib,fouh4jhs,0.01470987,Risks posed by COVID-19 to healthcare workers,Konjunkturpaket notwendig — Rückkehr zur Schuldenbremse nicht forcieren
x0da3bw0,fx92xnzt,0.014716952,Staffing Levels and COVID-19 Cases and Outbreaks in U.S. Nursing Homes,Welche Phytos gegen Husten?
fx92xnzt,db3z3ol4,0.014717376,Welche Phytos gegen Husten?,Lessons from the front line: Communication is key
0dhzv75e,y3hpzj0u,0.014722965,Das neue Verständnis pulmonaler Infektionen,"Acknowledgment of Referees, 2020"
kux9vzn8,o0divlac,0.014723039,Bauchlage senkt Intubationsrate bei wachen COVID-19-Patienten auf Intensivstation,Pandemic Pressures:COVID-19 Poses Serious Behavioral Health Challenges.
vqp5mhsk,6ho4ox2e,0.014735804,Reuse of N95 Masks,Pädiatrie aktuell – Forschung kurz notiert
w4k5v3gz,b2wgo20y,0.014737219,Nach COVID-19-Infektion treten vermehrt Herzprobleme auf,Recovering from COVID-19: the key issues
m9ym86ze,0vlkahyu,0.014741722,COVID-19: Resilience and the Nursing Workforce,Wirksamkeit von Pflanzenprodukten gegen Herpesinfektionen
u8kz7i99,5r2leevd,0.014744805,"Viruses of birds, mice, and men.",Kündigung – Maskenpflicht – Anforderungen an ein Attest zur Befreiung : KSchG 1;BGB 242
6603ephy,ta8rxze6,0.014755564,Covid-19 vaccines for kids,Systematischer Ansatz zur objektiven Bewertung von Verkehrsunfalldatenbanken
qga9663z,ta8rxze6,0.014755564,Coronapod: Kids and COVID vaccines.,Systematischer Ansatz zur objektiven Bewertung von Verkehrsunfalldatenbanken
c0xknhnr,sfarwvit,0.014759623,Point of Care Sensors for Infectious Pathogens,So machen Vermittler ihren Betrieb zukunftsfest
sfarwvit,yokg38li,0.014759623,So machen Vermittler ihren Betrieb zukunftsfest,Point of Care Sensors for Infectious Pathogens.
g0bhwf3z,7ljhd62b,0.0147666065,COVID-19 vaccine safety questions and answers for healthcare providers (CONSIDER),COVID-19 – Eine neue Herausforderung
k0xqoyx8,rqb19icj,0.014766684,Stille Hypoxie bei COVID-19: Eine Fallserie,Experiences of family caregivers of patients with COVID-19
7ljhd62b,vherpolo,0.014768353,COVID-19 – Eine neue Herausforderung,COVID-19 and Cancer Patients.
8ezcu225,khzdl7tx,0.014778807,Enquiring minds.,"Inmunización para la COVID-19. Diferencias en la tecnología de producción, eficacia y seguridad"
kux9vzn8,1jprldcz,0.014780373,Bauchlage senkt Intubationsrate bei wachen COVID-19-Patienten auf Intensivstation,Potential neurological symptoms of COVID-19
a27xyu16,mraycufh,0.014782394,Open access,"(±)-2-(2-Fluoro-[1,1′-biphenyl]-4-yl)-N-(1-phenylpropan-2-yl)propanamide"
gwctpzgp,0vlkahyu,0.014795476,Everyday gendered performances at home: Masculine domesticity?,Wirksamkeit von Pflanzenprodukten gegen Herpesinfektionen
8d3z6dfw,0smv2ae5,0.0147999395,COVID-19: biological factors in men's vulnerability,Wichtige Impfungen zum Schulstart
gy0tc7p1,hrbxg1yg,0.014799964,Otolaryngological Surgery in the Geriatric Patients,Es gibt Hoffnung
gr2srkhp,hrbxg1yg,0.014799964,Otolaryngological Surgery in the Geriatric Patients,Es gibt Hoffnung
3ekxc20y,8m4110k3,0.014812117,dvs Informationen,No Time for Tears
bihmsvlu,fx92xnzt,0.014817225,Aircraft Cabin Air Quality Trends Relative to Ground Level Standards,Welche Phytos gegen Husten?
ulv8c2pg,ffbchp74,0.014819024,Management of critical care in covid-19 patients,Rechtsprechung kurz berichtet
2m9h9gu8,fouh4jhs,0.0148257855,Outcomes of Patients Presenting with Headaches Hospitalized with COVID-19,Konjunkturpaket notwendig — Rückkehr zur Schuldenbremse nicht forcieren
1x33r4dw,17trii16,0.01483119,Sports: The Infectious Hazards.,Endlich mehr Honorar für COVID-19-lmpfungen
h6wdszng,0vlkahyu,0.014839762,"Wine, Food and Health",Wirksamkeit von Pflanzenprodukten gegen Herpesinfektionen
7ljhd62b,iqdr5zi7,0.014856305,COVID-19 – Eine neue Herausforderung,Oligosymptomatic Kidney Transplant Patients With COVID-19: Do They Pose a Risk to Other Recipients?
mqacqanq,sfarwvit,0.014869562,Estimating Phylogenies from Molecular Data,So machen Vermittler ihren Betrieb zukunftsfest
mdd60ic7,8xtexo2z,0.014871114,Acknowledgement to Referees,Marktführer gesucht
8xtexo2z,0ngl3naa,0.014871114,Marktführer gesucht,Acknowledgement to Referees
8xtexo2z,se2s9c5j,0.014871114,Marktführer gesucht,Acknowledgement to Referees
8xtexo2z,2un48l2e,0.014871114,Marktführer gesucht,Acknowledgement to Referees
8xtexo2z,s4bobqls,0.014871114,Marktführer gesucht,Acknowledgement to referees
8xtexo2z,dbo18qfk,0.014871114,Marktführer gesucht,Acknowledgement to Referees
8xtexo2z,rh9bx841,0.014871114,Marktführer gesucht,Acknowledgement to Referees
8xtexo2z,eej8qb9t,0.014871119,Marktführer gesucht,Acknowledgement to Referees.
e0b0hdw3,0vlkahyu,0.014879093,A Story by Academic Teachers About Distance Education in the Time of Lockdown,Wirksamkeit von Pflanzenprodukten gegen Herpesinfektionen
oadlrq4a,7pwre0xc,0.014879247,Covid-19 in Unequal Societies(),"Nieuw jaar, Nieuwe kansen"
5zu7okqd,fx92xnzt,0.014883679,Travel and public health,Welche Phytos gegen Husten?
ptxwnbhf,kylka2rh,0.014889179,Investigating people's anxieties and concerns about COVID-19,Zur gesellschaftlichen Akzeptanz von einmaligen Vermögensabgaben
d5dtu8qe,17trii16,0.014889915,This Scientific Life,Endlich mehr Honorar für COVID-19-lmpfungen
2w9zsz4m,089zdb0u,0.014896732,Aktuelles zur Brustkrebstherapie,Editorial: The Different Faces of Sickness
0ia8ld9o,mrdg743n,0.01489905,Rajendra Kapila,Recruiting Residents During COVID-19
ct3njq5v,mraycufh,0.014900329,COVID-19 is the only issue that will matter in 2021,"(±)-2-(2-Fluoro-[1,1′-biphenyl]-4-yl)-N-(1-phenylpropan-2-yl)propanamide"
p81l6zvz,rkm0mv2x,0.01490204,Systemische Immunsuppression in Zeiten von COVID‐19: Müssen wir umdenken?,Challenges of caregiving to neurological patients
3dqljzjm,fchosrr7,0.014902266,An EUA for tocilizumab (Actemra) for COVID-19,Time and distance
iw6ooopp,d1q2a446,0.014919741,COVID-19-Pandemie: Was wissen wir – was können wir empfehlen?: Ein Kommentar der Herausgeber,Issues and Events
iw6ooopp,n0gyhuve,0.014919741,COVID-19-Pandemie: Was wissen wir – was können wir empfehlen?: Ein Kommentar der Herausgeber,Issues and Events
rkm0mv2x,fouh4jhs,0.014938035,Challenges of caregiving to neurological patients,Konjunkturpaket notwendig — Rückkehr zur Schuldenbremse nicht forcieren
tzcv3v7j,0vlkahyu,0.014945487,Perspectives: Thoughts on rural health.,Wirksamkeit von Pflanzenprodukten gegen Herpesinfektionen
y8rkyux1,f608irm6,0.014947864,Personal Cleanliness Activities in Preschool Classrooms,Kardiale Folgen von COVID-19
qkc0v9xq,kcl0uzdg,0.014949504,MLFW: A Database for Face Recognition on Masked Faces,Budesonid verhindert bei COVID-19 Übergang zu schwerem Verlauf
9wnxpvb2,17trii16,0.014952083,"COVID-19 vaccination during pregnancy: coverage and safety, a comment",Endlich mehr Honorar für COVID-19-lmpfungen
4n1ff3bv,sfarwvit,0.01495302,Quality Issues with Public Domain Chemogenomics Data.,So machen Vermittler ihren Betrieb zukunftsfest
wdw2pj9g,kcl0uzdg,0.014956,CEACAM1 recognition by bacterial pathogens is species-specific,Budesonid verhindert bei COVID-19 Übergang zu schwerem Verlauf
46pn6jmc,8ezcu225,0.014956649,Warum Austausch gerade jetzt wichtig ist,Enquiring minds.
sfarwvit,c1qdw17z,0.014958116,So machen Vermittler ihren Betrieb zukunftsfest,Radiological Findings in Patients with COVID-19
rbez38t1,hrbxg1yg,0.014958253,Academic Coaching of Medical Students During COVID-19.,Es gibt Hoffnung
cwabyorb,0vlkahyu,0.014961175,Expatriates: Special Considerations in Pretravel Preparation,Wirksamkeit von Pflanzenprodukten gegen Herpesinfektionen
70gkvjwd,fx92xnzt,0.014965083,Circahoralian Rhythms of Body Temperature in Mammals and Birds with Different Metabolism Levels,Welche Phytos gegen Husten?
2w9zsz4m,dyx1gv62,0.015002414,Aktuelles zur Brustkrebstherapie,Rehabilitation of patients with COVID-19.
m5wlk26r,ds1z8phj,0.015014496,COVID-19 trifft auf angeborene Herzfehler,An Empirical Analysis of Association between Socioeconomic Factors and Communities’ Exposure to Natural Hazards
7wyj18qq,7ljhd62b,0.015019054,Borel factors and embeddings of systems in subshifts,COVID-19 – Eine neue Herausforderung
pbflhjz0,sfarwvit,0.015019332,Clinical characteristics and outcomes of COVID-19 patients with prediabetes,So machen Vermittler ihren Betrieb zukunftsfest
0vlkahyu,hazc1j9o,0.015021808,Wirksamkeit von Pflanzenprodukten gegen Herpesinfektionen,COVID-19: A Distance Learning Experience And Reflection At Ntnu
lq38s7g4,fx92xnzt,0.015022493,Stories to Craft: Applying Narrative Competencies to Student Affairs,Welche Phytos gegen Husten?
70zm988b,7ljhd62b,0.015034053,Children's immunity at risk,COVID-19 – Eine neue Herausforderung
jzoj084m,6ho4ox2e,0.01503583,COVID-19: Risk factors for critical illness,Pädiatrie aktuell – Forschung kurz notiert
fx92xnzt,nh6xrfpx,0.015037412,Welche Phytos gegen Husten?,"Mapping 2 Decades of Research in Health Services Research, Health Policy, and Health Economics Journals."
zpo4us36,b2wgo20y,0.015045139,Versorgung von Krebspatienten leidet,Recovering from COVID-19: the key issues
lfltlwj1,sfarwvit,0.015046856,A review of COVID-19 vaccines and major considerations for diabetic patients,So machen Vermittler ihren Betrieb zukunftsfest
3nislr13,sfarwvit,0.015046856,A review of COVID-19 vaccines and major considerations for diabetic patients.,So machen Vermittler ihren Betrieb zukunftsfest
fd9vwx42,sfarwvit,0.015053054,Focused and Other,So machen Vermittler ihren Betrieb zukunftsfest
tu4v0j1e,y3hpzj0u,0.015065861,Seite eins,"Acknowledgment of Referees, 2020"
3flfngu0,dyx1gv62,0.015069648,Was bitte ist denn »Molekularbiologie«?,Rehabilitation of patients with COVID-19.
fx92xnzt,1xu8cmz3,0.01507094,Welche Phytos gegen Husten?,COVID-19 vaccine: The all-important timelines
iw6ooopp,a5hc3hef,0.015088032,COVID-19-Pandemie: Was wissen wir – was können wir empfehlen?: Ein Kommentar der Herausgeber,Guideposts for Assessment During COVID-19
mje2exwt,3dqljzjm,0.015092298,Correction Details,An EUA for tocilizumab (Actemra) for COVID-19
46z4663u,hq6y67rz,0.015122174,Endlich Farbe bekennen,Courses and Conferences
k7qibllm,kux9vzn8,0.015131487,Are children and schools a COVID-19 threat?,Bauchlage senkt Intubationsrate bei wachen COVID-19-Patienten auf Intensivstation
v3l1ziqv,fx92xnzt,0.015132519,Logistic equation and COVID-19,Welche Phytos gegen Husten?
fx92xnzt,d9k45hvy,0.015132519,Welche Phytos gegen Husten?,Logistic equation and COVID-19
p81l6zvz,4pv7iq1m,0.015133864,Systemische Immunsuppression in Zeiten von COVID‐19: Müssen wir umdenken?,Policy priorities for 2020/21
z3irrfu4,ferl5tyb,0.015141048,"Räumlich getrennt, virtuell vereint",News Focus
z3irrfu4,q0mcbnkw,0.015141048,"Räumlich getrennt, virtuell vereint",News Focus
2w9zsz4m,692o0iiv,0.015148085,Aktuelles zur Brustkrebstherapie,COVID-19 and Collective Grief
e6a03b5e,ffbchp74,0.015152495,Government agencies.,Rechtsprechung kurz berichtet
clwl2w91,17trii16,0.015155921,Focus on immunocompromised patients.,Endlich mehr Honorar für COVID-19-lmpfungen
1eeww76l,sfarwvit,0.015164865,Bacteriology: Pathogens in perspective,So machen Vermittler ihren Betrieb zukunftsfest
6ho4ox2e,o50rjj1k,0.015171064,Pädiatrie aktuell – Forschung kurz notiert,[Vulnerable groups for COVID-19 control measures]
d6su39tw,c9g5d3wg,0.015178904,Erfolgreiche Behandlung eines drittgradigen Pleuraempyems infolge einer COVID-19-Infektion,A Treacherous Course
d6su39tw,lipwgr17,0.015178904,Erfolgreiche Behandlung eines drittgradigen Pleuraempyems infolge einer COVID-19-Infektion,A Treacherous Course.
0l2oth75,17trii16,0.015193045,Risk of COVID-19 for patients with cancer,Endlich mehr Honorar für COVID-19-lmpfungen
c3m6gmw0,0vlkahyu,0.0151959825,Tracking Weekly State-Level Economic Conditions,Wirksamkeit von Pflanzenprodukten gegen Herpesinfektionen
lq92mlhs,07xwlau9,0.015203792,Nachhaltiges Wirtschaften setzt eine nachhaltige Arbeitswelt voraus,Respiratory Diseases of Rodents
d6su39tw,etrtg1hj,0.015210634,Erfolgreiche Behandlung eines drittgradigen Pleuraempyems infolge einer COVID-19-Infektion,"Complicated Grief: Risk Factors, Protective Factors, and Interventions."
d4l85xzw,kcl0uzdg,0.015215255,Meetings and Courses,Budesonid verhindert bei COVID-19 Übergang zu schwerem Verlauf
mdd60ic7,wq612zzs,0.015221518,Acknowledgement to Referees,Coronaimpfung: Ärztliche Beratung kann Impfbereitschaft steigern
0ngl3naa,wq612zzs,0.015221518,Acknowledgement to Referees,Coronaimpfung: Ärztliche Beratung kann Impfbereitschaft steigern
se2s9c5j,wq612zzs,0.015221518,Acknowledgement to Referees,Coronaimpfung: Ärztliche Beratung kann Impfbereitschaft steigern
eej8qb9t,wq612zzs,0.015221518,Acknowledgement to Referees.,Coronaimpfung: Ärztliche Beratung kann Impfbereitschaft steigern
wq612zzs,2un48l2e,0.015221518,Coronaimpfung: Ärztliche Beratung kann Impfbereitschaft steigern,Acknowledgement to Referees
wq612zzs,s4bobqls,0.015221518,Coronaimpfung: Ärztliche Beratung kann Impfbereitschaft steigern,Acknowledgement to referees
wq612zzs,dbo18qfk,0.015221518,Coronaimpfung: Ärztliche Beratung kann Impfbereitschaft steigern,Acknowledgement to Referees
wq612zzs,rh9bx841,0.015221518,Coronaimpfung: Ärztliche Beratung kann Impfbereitschaft steigern,Acknowledgement to Referees
jpmcic3x,sfarwvit,0.015234575,Exposure to media and fear and worry about COVID‐19,So machen Vermittler ihren Betrieb zukunftsfest
sfarwvit,q2434j8x,0.015234575,So machen Vermittler ihren Betrieb zukunftsfest,Exposure to media and fear and worry about COVID-19
hei40vv3,2w9zsz4m,0.015242386,Elite athletes with COVID-19 – predictors of the course of disease,Aktuelles zur Brustkrebstherapie
2w9zsz4m,3oakwk1z,0.015242386,Aktuelles zur Brustkrebstherapie,Elite athletes with COVID-19; predictors of the course of disease
kux9vzn8,cjwwxrud,0.015242905,Bauchlage senkt Intubationsrate bei wachen COVID-19-Patienten auf Intensivstation,Financial Calendar
kux9vzn8,guciupc8,0.015248949,Bauchlage senkt Intubationsrate bei wachen COVID-19-Patienten auf Intensivstation,Vaccines Through Centuries: Major Cornerstones of Global Health
q5yb36ll,5r2leevd,0.015251902,The Grassroots Intellectuals,Kündigung – Maskenpflicht – Anforderungen an ein Attest zur Befreiung : KSchG 1;BGB 242
k7qibllm,0vlkahyu,0.015258957,Are children and schools a COVID-19 threat?,Wirksamkeit von Pflanzenprodukten gegen Herpesinfektionen
bhimxnxq,2w9zsz4m,0.015262461,Serological characteristics of COVID-19 patients.,Aktuelles zur Brustkrebstherapie
dp1gpjvf,cl81y08y,0.0152702145,eMJA: In other journals ‐ 5 May 2003,Auf dem Weg zu einer nachhaltigen Mobilität
w2vxnrwc,hn6972s3,0.015274793,From Newsroom to Classroom,Vernebelung von Notfallmedikamenten im süddeutschen Rettungsdienst
cvlk80fl,k0xqoyx8,0.015284143,News and Announcements,Stille Hypoxie bei COVID-19: Eine Fallserie
k0xqoyx8,85atx0zp,0.015284143,Stille Hypoxie bei COVID-19: Eine Fallserie,News and Announcements
kia2ium3,hrbxg1yg,0.0152940275,Rehabilitation and Reconstruction,Es gibt Hoffnung
2w9zsz4m,2up5115q,0.015294983,Aktuelles zur Brustkrebstherapie,"Immunity, Sex Hormones, and Environmental Factors as Determinants of COVID-19 Disparity in Women"
dp1gpjvf,0smv2ae5,0.015294991,eMJA: In other journals ‐ 5 May 2003,Wichtige Impfungen zum Schulstart
fk1v2r5o,0vlkahyu,0.015298609,A data flow process for confidential data and its application in a health research project,Wirksamkeit von Pflanzenprodukten gegen Herpesinfektionen
bosj5jgi,m62f2ju5,0.015311482,Internetabhängige Jugendliche schlafen schlechter,Events of Interest
511u9hex,kux9vzn8,0.015313732,Inflammatory Diseases of the Meninges,Bauchlage senkt Intubationsrate bei wachen COVID-19-Patienten auf Intensivstation
lm1tiprk,fx92xnzt,0.015319787,Epidemiological and Clinical Aspects of COVID-19; a Narrative Review.,Welche Phytos gegen Husten?
xnmpl4uw,s27s4umt,0.01532268,Hydroxychloroquin‐induzierte akute generalisierte exanthematische Pustulose: eine während der COVID‐19‐Pandemie zu beachtende Nebenwirkung,Profiles of US Hispanics Unvaccinated for COVID-19
o9sng03j,d4l85xzw,0.01534732,Respiratorische Unterstützung bei COVID-19: alles zu seiner Zeit!,Meetings and Courses
tucs5o3u,d6su39tw,0.015347992,Interim Guidance for Businesses and Employers,Erfolgreiche Behandlung eines drittgradigen Pleuraempyems infolge einer COVID-19-Infektion
ptxwnbhf,46pn6jmc,0.015352752,Investigating people's anxieties and concerns about COVID-19,Warum Austausch gerade jetzt wichtig ist
7ljhd62b,ap4evvzr,0.015354434,COVID-19 – Eine neue Herausforderung,Covid-19 in Diabetes Patients in Ukraine: Lessons for Doctors and Patients
8xtexo2z,jolmr4ze,0.015359999,Marktführer gesucht,Exploring COVID-19 Progression Patterns
sfarwvit,icvf9r8t,0.015362901,So machen Vermittler ihren Betrieb zukunftsfest,Trustworthy or not? Research data on COVID-19 in data repositories
m33ub2zr,fx92xnzt,0.015366153,Transforming The Medical Device Industry: Road Map To A Circular Economy.,Welche Phytos gegen Husten?
ffbchp74,4bunno0p,0.015368665,Rechtsprechung kurz berichtet,The Challenges and Rewards of Teledentistry
yzbi7r6h,afnc9l2f,0.015372862,N-(2-(1h-indol-3-yl)ethyl)-2-(6-methoxynaphthalen-2-yl)propanamide,Bigger and Better.
8xtexo2z,wca81nyz,0.015405013,Marktführer gesucht,Shielding from covid-19 should be stratified by risk.
7ljhd62b,iixi36a5,0.01540708,COVID-19 – Eine neue Herausforderung,COVID-19: Level of Concern Explained
sfarwvit,s7sg70e3,0.015410062,So machen Vermittler ihren Betrieb zukunftsfest,Population Development in Czechia in 2020
8xtexo2z,47ol5hek,0.015410415,Marktführer gesucht,Association between Variability of Metabolic Risk Factors and Cardiometabolic Outcomes
7ljhd62b,ju973g1a,0.015411252,COVID-19 – Eine neue Herausforderung,"Covigie, a platform for caregivers and care team coordinators"
7ljhd62b,ztjikyxk,0.015423189,COVID-19 – Eine neue Herausforderung,"Understanding Sustainability of Construction Products: Answers from Investors, Contractors, and Sellers of Building Materials"
p81l6zvz,9cvides2,0.015426082,Systemische Immunsuppression in Zeiten von COVID‐19: Müssen wir umdenken?,Academic collaborations with industry: lessons for the future.
rqb19icj,ikfd5xfl,0.015426569,Experiences of family caregivers of patients with COVID-19,Folgen von COVID-19 - das sieht der Kliniker
idasj7gj,17trii16,0.015429471,Predictors of Nursing Home Covid-19 Cases: a Community Vulnerability Approach,Endlich mehr Honorar für COVID-19-lmpfungen
sfarwvit,5mom1ksi,0.015433845,So machen Vermittler ihren Betrieb zukunftsfest,The Impact of COVID-19 on Supply Chain Credit Risk
d6su39tw,b2wgo20y,0.01543651,Erfolgreiche Behandlung eines drittgradigen Pleuraempyems infolge einer COVID-19-Infektion,Recovering from COVID-19: the key issues
lq92mlhs,9yknh486,0.015448266,Nachhaltiges Wirtschaften setzt eine nachhaltige Arbeitswelt voraus,Coinfections with Other Respiratory Pathogens among Patients with COVID-19
0ia8ld9o,i6x2enlw,0.015449388,Rajendra Kapila,Anaphylaxis on COVID-19 Vaccines
7ljhd62b,x7o8v1rl,0.015460144,COVID-19 – Eine neue Herausforderung,Elastomeric Respirators for All Healthcare Workers
5hfezu7x,yzbi7r6h,0.015474406,COVID-19: a time to reflect,N-(2-(1h-indol-3-yl)ethyl)-2-(6-methoxynaphthalen-2-yl)propanamide
kux9vzn8,96l33a31,0.01548005,Bauchlage senkt Intubationsrate bei wachen COVID-19-Patienten auf Intensivstation,Clinical trials during COVID-19 pandemic
k0roq5gl,7ljhd62b,0.015505724,"Risk factors for bronchiolitis and asthma, and COVID‐19 symptoms in young children",COVID-19 – Eine neue Herausforderung
0575yava,xqhxra2p,0.01551556,Challenges for indigenous children and youth,Akutrehabilitation nach COVID‑19‑Infektion: Eine ausgewählte Fallserie
iw6ooopp,az2pgmkj,0.015515757,COVID-19-Pandemie: Was wissen wir – was können wir empfehlen?: Ein Kommentar der Herausgeber,Features of α-HBDH in COVID-19 patients: A cohort study
8ezcu225,5r2leevd,0.01552786,Enquiring minds.,Kündigung – Maskenpflicht – Anforderungen an ein Attest zur Befreiung : KSchG 1;BGB 242
fx92xnzt,k23lxyji,0.015534494,Welche Phytos gegen Husten?,"ANZJOG IN 2020 - the past, the present, and the future."
q5yb36ll,kylka2rh,0.015536383,The Grassroots Intellectuals,Zur gesellschaftlichen Akzeptanz von einmaligen Vermögensabgaben
zolz5rj8,0vlkahyu,0.015554154,Health insurance coverage and sources of advice in entrepreneurship: Gender differences,Wirksamkeit von Pflanzenprodukten gegen Herpesinfektionen
fx92xnzt,etrtg1hj,0.015561786,Welche Phytos gegen Husten?,"Complicated Grief: Risk Factors, Protective Factors, and Interventions."
4zyymjsx,0smv2ae5,0.015566305,Obese and hungry: two faces of a nation,Wichtige Impfungen zum Schulstart
1wkacq9g,0vlkahyu,0.015567221,Is a networked world economy sustainable?,Wirksamkeit von Pflanzenprodukten gegen Herpesinfektionen
2482owa0,r67ga1fs,0.015576454,"Erratum: Vol. 70, No. 37",How COVID-19 Is Contaminating The Economy?
vqc3qi02,r67ga1fs,0.015576454,"Erratum: Vol. 70, No. 6",How COVID-19 Is Contaminating The Economy?
notil1e2,r67ga1fs,0.015576454,"Erratum: Vol. 69, No. 5",How COVID-19 Is Contaminating The Economy?
5edsv3nu,r67ga1fs,0.015576454,"Erratum: Vol. 70, No. 12",How COVID-19 Is Contaminating The Economy?
iymp3fsq,r67ga1fs,0.015576454,"Erratum: Vol. 69, No. 49",How COVID-19 Is Contaminating The Economy?
oyhvf69e,r67ga1fs,0.01557647,"Erratum: Vol. 70, No. 12.",How COVID-19 Is Contaminating The Economy?
pob50yte,r67ga1fs,0.01557647,"Erratum: Vol. 71, No. 3",How COVID-19 Is Contaminating The Economy?
sfarwvit,aw1pbmz4,0.015577652,So machen Vermittler ihren Betrieb zukunftsfest,Risk factors analysisi for COVID‑19 in the elderly
mdd60ic7,aetissnx,0.01558742,Acknowledgement to Referees,Die E-Patientenakte kommt im neuen Jahr
se2s9c5j,aetissnx,0.01558742,Acknowledgement to Referees,Die E-Patientenakte kommt im neuen Jahr
0ngl3naa,aetissnx,0.01558742,Acknowledgement to Referees,Die E-Patientenakte kommt im neuen Jahr
eej8qb9t,aetissnx,0.01558742,Acknowledgement to Referees.,Die E-Patientenakte kommt im neuen Jahr
2un48l2e,aetissnx,0.01558742,Acknowledgement to Referees,Die E-Patientenakte kommt im neuen Jahr
s4bobqls,aetissnx,0.01558742,Acknowledgement to referees,Die E-Patientenakte kommt im neuen Jahr
dbo18qfk,aetissnx,0.01558742,Acknowledgement to Referees,Die E-Patientenakte kommt im neuen Jahr
aetissnx,rh9bx841,0.01558742,Die E-Patientenakte kommt im neuen Jahr,Acknowledgement to Referees
3dqljzjm,pgoc8jvd,0.015588704,An EUA for tocilizumab (Actemra) for COVID-19,Orthogeriatrics: much more action is needed
oozzmpam,7ljhd62b,0.015618452,Characteristics and outcomes of COVID-19 in hospitalized patients with and without diabetes,COVID-19 – Eine neue Herausforderung
a1pd2elr,0vlkahyu,0.015629182,Communications between local health departments and the public during emergencies: the importance of standardized web sites.,Wirksamkeit von Pflanzenprodukten gegen Herpesinfektionen
w4k5v3gz,y3hpzj0u,0.015629573,Nach COVID-19-Infektion treten vermehrt Herzprobleme auf,"Acknowledgment of Referees, 2020"
fx2tuak5,ffbchp74,0.015630217,Insight into COVID‐2019 for pediatricians,Rechtsprechung kurz berichtet
0vlkahyu,plyukcwo,0.01564598,Wirksamkeit von Pflanzenprodukten gegen Herpesinfektionen,"Keeping ""In Touch"": Demographic Patterns of Interpersonal Touch in Later Life."
17trii16,92ivie3y,0.015665904,Endlich mehr Honorar für COVID-19-lmpfungen,Our Responsibility to All of Our Patients and Families
fx92xnzt,a2ql8hib,0.015666055,Welche Phytos gegen Husten?,Needs and concerns of patients in isolation care units - learnings from COVID-19: A reflection
p28lt9dd,m5wlk26r,0.01567579,Immunological determinants of clinical outcomes in COVID-19: A quantitative perspective,COVID-19 trifft auf angeborene Herzfehler
dxt29ayi,bosj5jgi,0.015680883,Seminar- Highlights 1. Halbjahr 2021,Internetabhängige Jugendliche schlafen schlechter
2w9zsz4m,jqqz63kt,0.015686119,Aktuelles zur Brustkrebstherapie,COVID-19: Challenges and Opportunities for Educators and Generation Z Learners
ysqsfkcn,17trii16,0.015702715,Contemporary Issues in Women's Health.,Endlich mehr Honorar für COVID-19-lmpfungen
17trii16,gd37nhjf,0.015702715,Endlich mehr Honorar für COVID-19-lmpfungen,Contemporary Issues in Women's Health.
irryp0vd,0vlkahyu,0.01570474,US public health budget cuts in the face of COVID-19,Wirksamkeit von Pflanzenprodukten gegen Herpesinfektionen
2w9zsz4m,upqaahwu,0.0157106,Aktuelles zur Brustkrebstherapie,Risk perception in women: a focus on menopause.
fd9vwx42,iw6ooopp,0.015720496,Focused and Other,COVID-19-Pandemie: Was wissen wir – was können wir empfehlen?: Ein Kommentar der Herausgeber
upomoaij,0vlkahyu,0.015736856,COVID-19 and the Energy Price Volatility,Wirksamkeit von Pflanzenprodukten gegen Herpesinfektionen
96260zdz,6ho4ox2e,0.015745075,The consequences of isolating at home.,Pädiatrie aktuell – Forschung kurz notiert
w2vxnrwc,vskya7f0,0.01574722,From Newsroom to Classroom,So viele Praxen haben Kurzarbeit angemeldet
lw7bnxy6,0vlkahyu,0.015751017,Keep mental health in mind,Wirksamkeit von Pflanzenprodukten gegen Herpesinfektionen
agbaiplw,0vlkahyu,0.015751017,Keep mental health in mind.,Wirksamkeit von Pflanzenprodukten gegen Herpesinfektionen
dd9hbdrz,m5wlk26r,0.015752442,"Editorial: Grief Disorders: Clinical, Cultural, and Epidemiological Aspects",COVID-19 trifft auf angeborene Herzfehler
4ymva33n,m5wlk26r,0.015765266,Psychological factors and consumer behavior during the COVID-19 pandemic,COVID-19 trifft auf angeborene Herzfehler
pci9c20a,7ljhd62b,0.015771968,Surface swabbing could predict COVID-19 cases,COVID-19 – Eine neue Herausforderung
efnme9x2,fx92xnzt,0.015774252,Attention-RefNet: Interactive Attention Refinement Network for Infected Area Segmentation of COVID-19,Welche Phytos gegen Husten?
xamgedfq,8xtexo2z,0.015775118,Variability Matters,Marktführer gesucht
sfarwvit,s8gu83j5,0.015776262,So machen Vermittler ihren Betrieb zukunftsfest,"COVID-19: An overview of the current pharmacological interventions, vaccines, and clinical trials"
dzlnxtyf,0vlkahyu,0.015783016,Contact Tracing: A Memory Task With Consequences for Public Health.,Wirksamkeit von Pflanzenprodukten gegen Herpesinfektionen
lq92mlhs,5iqu5iiz,0.015798897,Nachhaltiges Wirtschaften setzt eine nachhaltige Arbeitswelt voraus,Secondary bacterial infections in patients with covid-19
3dqljzjm,oupm5xe7,0.015809558,An EUA for tocilizumab (Actemra) for COVID-19,Standing with the WHO.
jpjyoxxi,fouh4jhs,0.015809882,Mental health interest groups: a strategy by students for students in times of COVID-19,Konjunkturpaket notwendig — Rückkehr zur Schuldenbremse nicht forcieren
kux9vzn8,nujoah0y,0.015810616,Bauchlage senkt Intubationsrate bei wachen COVID-19-Patienten auf Intensivstation,Work a key determinant in COVID-19 risk
25wb8srh,17trii16,0.015814286,Cardiovascular research in CLINICS.,Endlich mehr Honorar für COVID-19-lmpfungen
2w9zsz4m,vherpolo,0.015822595,Aktuelles zur Brustkrebstherapie,COVID-19 and Cancer Patients.
880aago1,17trii16,0.0158244,Navigating Client Relationships During COVID-19,Endlich mehr Honorar für COVID-19-lmpfungen
a9jyx7wb,ib6zxkyw,0.015827708,Risk Factors of COVID-19 Patients,Aktuelles zu COVID-19 und Allergien
2w9zsz4m,2zk9t7ij,0.015831193,Aktuelles zur Brustkrebstherapie,Parasites and Diseases
0l2oth75,sfarwvit,0.01583644,Risk of COVID-19 for patients with cancer,So machen Vermittler ihren Betrieb zukunftsfest
xppum4qg,ffbchp74,0.015839888,Boards in Information Governance,Rechtsprechung kurz berichtet
k0xqoyx8,tgk61fds,0.015843887,Stille Hypoxie bei COVID-19: Eine Fallserie,COVID-19 Vaccines in Children and Adolescents
k7qibllm,m5wlk26r,0.01584858,Are children and schools a COVID-19 threat?,COVID-19 trifft auf angeborene Herzfehler
d6su39tw,97cb3ffc,0.015850203,Erfolgreiche Behandlung eines drittgradigen Pleuraempyems infolge einer COVID-19-Infektion,Who cares for women with children? Crossing the bridge between disciplines.
wiwzstlf,ffbchp74,0.01585785,"Four Women, One Evening.",Rechtsprechung kurz berichtet
7ljhd62b,1ts6951f,0.01585804,COVID-19 – Eine neue Herausforderung,Coinfection and Other Clinical Characteristics of COVID-19 in Children
sfarwvit,iybj9o93,0.015858185,So machen Vermittler ihren Betrieb zukunftsfest,Remdesivir for COVID-19: challenges of underpowered studies
6603ephy,kylka2rh,0.015858216,Covid-19 vaccines for kids,Zur gesellschaftlichen Akzeptanz von einmaligen Vermögensabgaben
kylka2rh,qga9663z,0.015858216,Zur gesellschaftlichen Akzeptanz von einmaligen Vermögensabgaben,Coronapod: Kids and COVID vaccines.
sfarwvit,f76x0hi3,0.01586282,So machen Vermittler ihren Betrieb zukunftsfest,Covid-19 Biobank: Features of the Cytokine Profile
q5yb36ll,0y0pi54f,0.0158689,The Grassroots Intellectuals,Bereit: Von der Normalstation zur Covid-19-Überwachungsstation
viy1y39u,ffbchp74,0.015882371,Table of contents-4C,Rechtsprechung kurz berichtet
3xz3eowh,7s3y72ce,0.015888248,Endoscopic endonasal transpterygoid nasopharyngectomy.,Don't miss
2w9zsz4m,qudx49ol,0.01589335,Aktuelles zur Brustkrebstherapie,Identification of Unmasked Faces: Protection in Public Places from COVID-19 and Other Infections
7ljhd62b,o8b1dx3b,0.01590443,COVID-19 – Eine neue Herausforderung,COVID-19 in persons with haematological cancers
p825gprf,17trii16,0.015905518,Lessons from the past,Endlich mehr Honorar für COVID-19-lmpfungen
kux9vzn8,1gbfvuod,0.015912235,Bauchlage senkt Intubationsrate bei wachen COVID-19-Patienten auf Intensivstation,COVID-19 and Conflict: Major Risks and Policy Responses
0tv54lld,fx92xnzt,0.015923863,COVID-19 Is Further Subdivided Into COVIP-19 and COVII-19,Welche Phytos gegen Husten?
07xwlau9,m5wlk26r,0.01593846,Respiratory Diseases of Rodents,COVID-19 trifft auf angeborene Herzfehler
gcymf2rs,fx92xnzt,0.01595269,Recurring Themes,Welche Phytos gegen Husten?
0b33wufm,m5wlk26r,0.015957268,Clinical and immunological factors that distinguish COVID-19 from pandemic influenza A(H1N1),COVID-19 trifft auf angeborene Herzfehler
vdoigyvk,zpo4us36,0.015969813,[Special Program].,Versorgung von Krebspatienten leidet
kux9vzn8,q7io1hry,0.015977487,Bauchlage senkt Intubationsrate bei wachen COVID-19-Patienten auf Intensivstation,Pathophysiological aspects of neuro-COVID
7ljhd62b,hzip08oy,0.015979325,COVID-19 – Eine neue Herausforderung,Benzothiazoles as potential antiviral agents
iempa2pt,hrbxg1yg,0.015993126,[Clinical management of hospitalised patients with COVID-19],Es gibt Hoffnung
ytuhhiwf,d6su39tw,0.016002974,Perspectives: Research for all.,Erfolgreiche Behandlung eines drittgradigen Pleuraempyems infolge einer COVID-19-Infektion
2pz0hh9z,0vlkahyu,0.016005676,[the Wages in the Public Healthcare: the Pandemic Challenges],Wirksamkeit von Pflanzenprodukten gegen Herpesinfektionen
4tufh3qa,y3hpzj0u,0.016006572,Sind wir gefährdet?: Krisenkommunikation für ein Bundesinstitut auf dem Gebiet des Gesundheitsschutzes,"Acknowledgment of Referees, 2020"
vtdtsl7l,2w9zsz4m,0.016013449,Infectious diseases.,Aktuelles zur Brustkrebstherapie
2w9zsz4m,nspl014y,0.016013449,Aktuelles zur Brustkrebstherapie,Infectious Diseases
etbbam87,fx92xnzt,0.016025897,Characterization of accessory genes in coronavirus genomes,Welche Phytos gegen Husten?
ffbchp74,c1qdw17z,0.016029412,Rechtsprechung kurz berichtet,Radiological Findings in Patients with COVID-19
ryq1asf3,17trii16,0.016030183,Geographical Readings of COVID-19,Endlich mehr Honorar für COVID-19-lmpfungen
7ljhd62b,qqs5fscd,0.01603511,COVID-19 – Eine neue Herausforderung,Inflammatory arthritis in patients with COVID-19
k4nlhufb,fx92xnzt,0.016040714,Laboratory diagnostics of covid-19,Welche Phytos gegen Husten?
0ukmf7ox,fx92xnzt,0.016045144,On the Road Again to Nursing's Future,Welche Phytos gegen Husten?
vskya7f0,pqjh0kd4,0.016051043,So viele Praxen haben Kurzarbeit angemeldet,Waymo Public Road Safety Performance Data
p81l6zvz,pbflhjz0,0.016052082,Systemische Immunsuppression in Zeiten von COVID‐19: Müssen wir umdenken?,Clinical characteristics and outcomes of COVID-19 patients with prediabetes
eyiue3vx,0vlkahyu,0.016059663,Leadership Perspectives on Local Health Department Workforce Development: A Regional Training Needs Assessment.,Wirksamkeit von Pflanzenprodukten gegen Herpesinfektionen
w9nqfzde,fx92xnzt,0.01606632,The Arts and Public Health: Changing the Conversation on Health.,Welche Phytos gegen Husten?
c9xmzst6,cl81y08y,0.016068712,The challenges of international comparisons of COVID-19,Auf dem Weg zu einer nachhaltigen Mobilität
p81l6zvz,rbez38t1,0.016075196,Systemische Immunsuppression in Zeiten von COVID‐19: Müssen wir umdenken?,Academic Coaching of Medical Students During COVID-19.
i07garg2,8xtexo2z,0.016075755,Ensuring equitable access to COVID-19 vaccines,Marktführer gesucht
ferl5tyb,hrbxg1yg,0.01607744,News Focus,Es gibt Hoffnung
q0mcbnkw,hrbxg1yg,0.01607744,News Focus,Es gibt Hoffnung
kux9vzn8,oamviy6s,0.016079241,Bauchlage senkt Intubationsrate bei wachen COVID-19-Patienten auf Intensivstation,Investigations of Pathologists as a Key to Understanding Coronavirus Disease 2019
kux9vzn8,uwkla2tj,0.016079241,Bauchlage senkt Intubationsrate bei wachen COVID-19-Patienten auf Intensivstation,Investigations of Pathologists as a Key to Understanding Coronavirus Disease 2019
17trii16,ak263h99,0.016081043,Endlich mehr Honorar für COVID-19-lmpfungen,Science Matters
gcymf2rs,6ho4ox2e,0.016093696,Recurring Themes,Pädiatrie aktuell – Forschung kurz notiert
rbez38t1,zpo4us36,0.016100302,Academic Coaching of Medical Students During COVID-19.,Versorgung von Krebspatienten leidet
nt8oq8kp,zpo4us36,0.016114732,The political reality and democracy of regional business in covid-19 situation,Versorgung von Krebspatienten leidet
mje2exwt,zpo4us36,0.016115133,Correction Details,Versorgung von Krebspatienten leidet
ytuhhiwf,7ljhd62b,0.016117861,Perspectives: Research for all.,COVID-19 – Eine neue Herausforderung
ekkf4hc2,sfarwvit,0.016151277,Physicians Abstracts,So machen Vermittler ihren Betrieb zukunftsfest
mrdg743n,5r2leevd,0.016153904,Recruiting Residents During COVID-19,Kündigung – Maskenpflicht – Anforderungen an ein Attest zur Befreiung : KSchG 1;BGB 242
sfarwvit,pqjh0kd4,0.016155725,So machen Vermittler ihren Betrieb zukunftsfest,Waymo Public Road Safety Performance Data
dwrk0apt,ffbchp74,0.016164629,The Many Faces of COVID-19: Spectrum of Imaging Manifestations,Rechtsprechung kurz berichtet
xz8qj7tl,ffbchp74,0.016178945,Exploring the Key Factors for Preventing Public Health Crises Under Incomplete Information,Rechtsprechung kurz berichtet
e56trya1,0vlkahyu,0.016186124,"School Leaders’ Emotional Experiences and Capabilities: Perspectives, Challenges, and Prospects",Wirksamkeit von Pflanzenprodukten gegen Herpesinfektionen
5b80gks6,fx92xnzt,0.01618813,Functional Hemispherectomy in Adults: All We Have to Sphere Is Sphere Itself,Welche Phytos gegen Husten?
sfarwvit,55eodwb7,0.016199438,So machen Vermittler ihren Betrieb zukunftsfest,The COVID-19 pandemic and sovereign credit risk
2w9zsz4m,w6vbc2ak,0.016211795,Aktuelles zur Brustkrebstherapie,"COVID-19 in childhood: Transmission, clinical presentation, complications and risk factors"
p81l6zvz,d1q2a446,0.016217554,Systemische Immunsuppression in Zeiten von COVID‐19: Müssen wir umdenken?,Issues and Events
p81l6zvz,n0gyhuve,0.016217554,Systemische Immunsuppression in Zeiten von COVID‐19: Müssen wir umdenken?,Issues and Events
30097lan,ffbchp74,0.01622228,Hematological Aspects of COVID-19,Rechtsprechung kurz berichtet
4bqvm0kr,0vlkahyu,0.016223669,The Humanizing and Civic Missions of History Education,Wirksamkeit von Pflanzenprodukten gegen Herpesinfektionen
tmi60ugl,f608irm6,0.016223796,Fears and Hopes,Kardiale Folgen von COVID-19
xnmpl4uw,whl6yq4p,0.016230801,Hydroxychloroquin‐induzierte akute generalisierte exanthematische Pustulose: eine während der COVID‐19‐Pandemie zu beachtende Nebenwirkung,Cardiovascular aspects of COVID-19
kux9vzn8,cm7ozpj1,0.016230963,Bauchlage senkt Intubationsrate bei wachen COVID-19-Patienten auf Intensivstation,COVID-19-Cardiac aspects
0aso9rb4,kux9vzn8,0.016238127,Human Challenge Studies for Vaccine Development : Regulatory Aspects of Human Challenge Studies.,Bauchlage senkt Intubationsrate bei wachen COVID-19-Patienten auf Intensivstation
xglqxc3o,ffbchp74,0.016239017,COVID-19 Across Settings.,Rechtsprechung kurz berichtet
3dqljzjm,6sypjujl,0.016258042,An EUA for tocilizumab (Actemra) for COVID-19,Creative industries beyond COVID-19
1iln0e89,fouh4jhs,0.01626442,Resilient Aspirants: Women's Candidacies and Election in Times of COVID-19,Konjunkturpaket notwendig — Rückkehr zur Schuldenbremse nicht forcieren
clwl2w91,m5wlk26r,0.0162703,Focus on immunocompromised patients.,COVID-19 trifft auf angeborene Herzfehler
vtdtsl7l,kux9vzn8,0.016270526,Infectious diseases.,Bauchlage senkt Intubationsrate bei wachen COVID-19-Patienten auf Intensivstation
kux9vzn8,nspl014y,0.016270526,Bauchlage senkt Intubationsrate bei wachen COVID-19-Patienten auf Intensivstation,Infectious Diseases
m5wlk26r,nm89ue1r,0.016272511,COVID-19 trifft auf angeborene Herzfehler,Finding purpose
vm2jblej,mrdg743n,0.016276807,Zur antimikrobiellen und viruziden Wirksamkeit von Octenidin-Lutschtabletten,Recruiting Residents During COVID-19
0vlkahyu,q5tpjn27,0.01627794,Wirksamkeit von Pflanzenprodukten gegen Herpesinfektionen,Special Focus: Microbial human pathogens.
xqhxra2p,8d3z6dfw,0.016283484,Akutrehabilitation nach COVID‑19‑Infektion: Eine ausgewählte Fallserie,COVID-19: biological factors in men's vulnerability
sfarwvit,q5tpjn27,0.016292315,So machen Vermittler ihren Betrieb zukunftsfest,Special Focus: Microbial human pathogens.
m5wlk26r,tke3pkpk,0.016298862,COVID-19 trifft auf angeborene Herzfehler,Two Weeks
htueere1,fx92xnzt,0.016307972,The year of the patient,Welche Phytos gegen Husten?
rkm0mv2x,0vlkahyu,0.016319785,Challenges of caregiving to neurological patients,Wirksamkeit von Pflanzenprodukten gegen Herpesinfektionen
nnoeb983,0tv54lld,0.016325967,BWK intern,COVID-19 Is Further Subdivided Into COVIP-19 and COVII-19
gjlrv5z5,fx92xnzt,0.016336817,Lessons from our living rooms: illuminating lockdowns with technology domestication insights,Welche Phytos gegen Husten?
0sl4xp50,hrbxg1yg,0.016336946,Neuropathological Features of COVID-19,Es gibt Hoffnung
lq92mlhs,0wl6zgm3,0.016340738,Nachhaltiges Wirtschaften setzt eine nachhaltige Arbeitswelt voraus,Teaching Architecture for Tertiary Students during Covid-19: Issues & Reflections
jr5ajbfo,y3hpzj0u,0.016342979,Handekzeme auf dem Vormarsch: BVDD-Mitgliederbefragung zeigt Folgen der COVID-19-Pandemie,"Acknowledgment of Referees, 2020"
4zyymjsx,ffbchp74,0.016369717,Obese and hungry: two faces of a nation,Rechtsprechung kurz berichtet
fouh4jhs,693r9rey,0.016378226,Konjunkturpaket notwendig — Rückkehr zur Schuldenbremse nicht forcieren,Medical emergencies on commercial airline flights.
nxmauvpu,g4g02t1w,0.016390942,Reasons for HOPE.,KnorpelRegister - Bilanz nach sieben Jahren
kux9vzn8,n4ypvazy,0.01639331,Bauchlage senkt Intubationsrate bei wachen COVID-19-Patienten auf Intensivstation,Predatory journals
7s3y72ce,8jjkqd0y,0.016396437,Don't miss,Dimethyl fumarate for COVID-19
zngq1xpc,0vlkahyu,0.016398888,Influence of Meteorological Factors on the COVID-19 Transmission with Season and Geographic Location,Wirksamkeit von Pflanzenprodukten gegen Herpesinfektionen
negmc6kz,7y8ixx74,0.016399631,Johnson & Johnson,Interactions and oligomerization of hantavirus glycoproteins.
2w9zsz4m,hbsc10vd,0.016400572,Aktuelles zur Brustkrebstherapie,Clinical characteristics of COVID-19 in neonates and young infants
vg4qogtu,fx92xnzt,0.016410232,Concluding Considerations and Directions for Future Research,Welche Phytos gegen Husten?
rkcpgz3w,fx92xnzt,0.01641223,"Perceptions of Parenting, Parent-Child Activities and Children’s Extracurricular Activities in Times of COVID-19",Welche Phytos gegen Husten?
hrbxg1yg,rda9qiis,0.016415996,Es gibt Hoffnung,Medical Tourism
kux9vzn8,1ts6951f,0.016417285,Bauchlage senkt Intubationsrate bei wachen COVID-19-Patienten auf Intensivstation,Coinfection and Other Clinical Characteristics of COVID-19 in Children
xamgedfq,w4k5v3gz,0.016422955,Variability Matters,Nach COVID-19-Infektion treten vermehrt Herzprobleme auf
3tbn7ctz,17trii16,0.01642428,Contact Classification in COVID-19 Tracing,Endlich mehr Honorar für COVID-19-lmpfungen
kux9vzn8,0olw46sz,0.01642793,Bauchlage senkt Intubationsrate bei wachen COVID-19-Patienten auf Intensivstation,A timely reminder.
508uuto6,fx92xnzt,0.016430495,COVID-19 and Educational Engagement,Welche Phytos gegen Husten?
jkwx10s5,0vlkahyu,0.016432738,Psychosocial and demographic predictors of mental health and distress,Wirksamkeit von Pflanzenprodukten gegen Herpesinfektionen
2w9zsz4m,upomoaij,0.01644331,Aktuelles zur Brustkrebstherapie,COVID-19 and the Energy Price Volatility
kux9vzn8,lmttml05,0.016449362,Bauchlage senkt Intubationsrate bei wachen COVID-19-Patienten auf Intensivstation,Clinical communication
8vkaasas,ffbchp74,0.016458515,The accumulating consequences of COVID-19 in children,Rechtsprechung kurz berichtet
oyk632vv,2w9zsz4m,0.016463323,Thyroid substitution may be a risk factor for Covid-19,Aktuelles zur Brustkrebstherapie
p3siskod,xqhxra2p,0.016465018,Contents 2 pages,Akutrehabilitation nach COVID‑19‑Infektion: Eine ausgewählte Fallserie
l7d6qs29,0vlkahyu,0.0164658,Automotive Industry Faces Challenges [Connected and Autonomous Vehicles],Wirksamkeit von Pflanzenprodukten gegen Herpesinfektionen
8yuonr0l,0vlkahyu,0.016479442,Sidebar: Public Health and Schools-Natural Partners.,Wirksamkeit von Pflanzenprodukten gegen Herpesinfektionen
0vlkahyu,0j1xrwj3,0.016494105,Wirksamkeit von Pflanzenprodukten gegen Herpesinfektionen,Computer-Human Interaction and Collaboration: Challenges and Prospects
ysqsfkcn,fx92xnzt,0.016495265,Contemporary Issues in Women's Health.,Welche Phytos gegen Husten?
fx92xnzt,gd37nhjf,0.016495265,Welche Phytos gegen Husten?,Contemporary Issues in Women's Health.
2w9zsz4m,pokdq1ak,0.016508823,Aktuelles zur Brustkrebstherapie,Clinical intervention with autistic adolescents and adults during the first Two months of the COVID-19 pandemic: Experiences of clinicians and their clients
rqb19icj,90w8sgp8,0.016514951,Experiences of family caregivers of patients with COVID-19,Welche Schutzmaske schützt vor COVID-19? Was ist evidenzbasiert?
hdxnjaoz,8xtexo2z,0.016515378,Can COVID-19 Cause You to Skip a Beat?,Marktführer gesucht
30097lan,f608irm6,0.016519837,Hematological Aspects of COVID-19,Kardiale Folgen von COVID-19
7ljhd62b,gn8h9bi9,0.016520144,COVID-19 – Eine neue Herausforderung,"NSAIDs in patients with viral infections, including Covid-19: Victims or perpetrators?"
2w9zsz4m,f9exwaql,0.01652212,Aktuelles zur Brustkrebstherapie,What Risk Factors Are Associated with Cardiovascular Complications in Patients with COVID-19?
mp287198,kux9vzn8,0.016533166,"Secondary hemophagocytic lymphohistiocytosis, HScore and COVID-19",Bauchlage senkt Intubationsrate bei wachen COVID-19-Patienten auf Intensivstation
sfarwvit,36vigmwo,0.016535759,So machen Vermittler ihren Betrieb zukunftsfest,For the opening of COVID-19 hotels
t3cq7298,z3irrfu4,0.016548235,Authors’ response,"Räumlich getrennt, virtuell vereint"
gqyxfc5z,z3irrfu4,0.016548235,Authors' Response.,"Räumlich getrennt, virtuell vereint"
svtu2i0a,z3irrfu4,0.016548235,Authors’ response,"Räumlich getrennt, virtuell vereint"
z3irrfu4,revwlmyq,0.016548235,"Räumlich getrennt, virtuell vereint",Authors' response.
1c0yxykl,d4l85xzw,0.016548991,Fiskalpolitik in der Corona-Krise: Wie viel ist zu viel?,Meetings and Courses
52dbmw7r,m5wlk26r,0.016549485,Comorbidity and prognostic factors on admission in a COVID-19 cohort of a general hospital,COVID-19 trifft auf angeborene Herzfehler
v19j1rno,7ljhd62b,0.016553648,Understanding Drivers of COVID-19 Vaccine Hesitancy Among Blacks,COVID-19 – Eine neue Herausforderung
lzwl577x,46pn6jmc,0.016561538,Monocytes and Macrophages in COVID-19,Warum Austausch gerade jetzt wichtig ist
9bdvjjko,kux9vzn8,0.016564101,Unique immunological profile in patients with COVID-19,Bauchlage senkt Intubationsrate bei wachen COVID-19-Patienten auf Intensivstation
3vov7mxw,f608irm6,0.016568217,Racial and Ethnic Disparities in COVID-19 Vaccination Coverage: The Contribution of Socioeconomic and Demographic Factors,Kardiale Folgen von COVID-19
mdd60ic7,g50b8p67,0.016579807,Acknowledgement to Referees,Kompletten Lernstopp verhindern
0ngl3naa,g50b8p67,0.016579807,Acknowledgement to Referees,Kompletten Lernstopp verhindern
se2s9c5j,g50b8p67,0.016579807,Acknowledgement to Referees,Kompletten Lernstopp verhindern
eej8qb9t,g50b8p67,0.016579807,Acknowledgement to Referees.,Kompletten Lernstopp verhindern
s4bobqls,g50b8p67,0.016579807,Acknowledgement to referees,Kompletten Lernstopp verhindern
2un48l2e,g50b8p67,0.016579807,Acknowledgement to Referees,Kompletten Lernstopp verhindern
dbo18qfk,g50b8p67,0.016579807,Acknowledgement to Referees,Kompletten Lernstopp verhindern
rh9bx841,g50b8p67,0.016579807,Acknowledgement to Referees,Kompletten Lernstopp verhindern
mf48svph,y3hpzj0u,0.016582571,Psychisch krank in Krisenzeiten: Subjektive Belastungen durch COVID-19,"Acknowledgment of Referees, 2020"
3dqljzjm,r4u2y6z7,0.01658939,An EUA for tocilizumab (Actemra) for COVID-19,Seeing What We Expect to See in COVID-19
d4jnxxmz,ffbchp74,0.01659491,Care workers' perspectives of factors affecting a sustainable aged care workforce.,Rechtsprechung kurz berichtet
ujj2g0aa,7ljhd62b,0.016605029,COVID-19 complications in males and females: recent developments,COVID-19 – Eine neue Herausforderung
fx92xnzt,kp4j00bl,0.01661862,Welche Phytos gegen Husten?,EULAR COVID-19 registry: lessons learnt and future considerations.
tmi60ugl,17trii16,0.01662407,Fears and Hopes,Endlich mehr Honorar für COVID-19-lmpfungen
4fvobtxz,d6su39tw,0.016631847,Factors explaining the fear of being infected with COVID‐19,Erfolgreiche Behandlung eines drittgradigen Pleuraempyems infolge einer COVID-19-Infektion
ilstt7u7,mrdg743n,0.016632363,Wissenschaft in 5 Minuten,Recruiting Residents During COVID-19
lw70s7en,mrdg743n,0.016632363,Wissenschaft in 5 Minuten,Recruiting Residents During COVID-19
7ljhd62b,k7o9nzli,0.016639892,COVID-19 – Eine neue Herausforderung,Vaccine trials ramp up in children and adolescents.
mdd60ic7,1c0yxykl,0.016641144,Acknowledgement to Referees,Fiskalpolitik in der Corona-Krise: Wie viel ist zu viel?
1c0yxykl,se2s9c5j,0.016641144,Fiskalpolitik in der Corona-Krise: Wie viel ist zu viel?,Acknowledgement to Referees
1c0yxykl,0ngl3naa,0.016641144,Fiskalpolitik in der Corona-Krise: Wie viel ist zu viel?,Acknowledgement to Referees
1c0yxykl,eej8qb9t,0.016641144,Fiskalpolitik in der Corona-Krise: Wie viel ist zu viel?,Acknowledgement to Referees.
1c0yxykl,2un48l2e,0.016641144,Fiskalpolitik in der Corona-Krise: Wie viel ist zu viel?,Acknowledgement to Referees
1c0yxykl,s4bobqls,0.016641144,Fiskalpolitik in der Corona-Krise: Wie viel ist zu viel?,Acknowledgement to referees
1c0yxykl,dbo18qfk,0.016641144,Fiskalpolitik in der Corona-Krise: Wie viel ist zu viel?,Acknowledgement to Referees
1c0yxykl,rh9bx841,0.016641144,Fiskalpolitik in der Corona-Krise: Wie viel ist zu viel?,Acknowledgement to Referees
zsadls45,ta8rxze6,0.016642163,"COVID‐19, children and schools: overlooked and at risk",Systematischer Ansatz zur objektiven Bewertung von Verkehrsunfalldatenbanken
jzoj084m,f608irm6,0.01664804,COVID-19: Risk factors for critical illness,Kardiale Folgen von COVID-19
kux9vzn8,p28lt9dd,0.016648062,Bauchlage senkt Intubationsrate bei wachen COVID-19-Patienten auf Intensivstation,Immunological determinants of clinical outcomes in COVID-19: A quantitative perspective
szxqsdbl,8xtexo2z,0.016656086,Cardiovascular risk and complications associated with COVID-19.,Marktführer gesucht
06sge4vd,ffbchp74,0.016656162,Incarcerated workers: overlooked as essential workers,Rechtsprechung kurz berichtet
8xtexo2z,spmujzyz,0.016674012,Marktführer gesucht,"Hypertension, a Moving Target in COVID-19: Current Views and Perspectives"
0vlkahyu,jqqz63kt,0.016677815,Wirksamkeit von Pflanzenprodukten gegen Herpesinfektionen,COVID-19: Challenges and Opportunities for Educators and Generation Z Learners
uwtm605n,fx92xnzt,0.01668296,The Girlhood Project Pivoting our Model with Girls During COVID-19,Welche Phytos gegen Husten?
ak263h99,0vlkahyu,0.016698819,Science Matters,Wirksamkeit von Pflanzenprodukten gegen Herpesinfektionen
0vlkahyu,pqr5keuu,0.01671009,Wirksamkeit von Pflanzenprodukten gegen Herpesinfektionen,Ethical Issues in Public Health
fsoltxgh,0vlkahyu,0.016711518,Diversifying the biomedical workforce during the COVID-19 pandemic,Wirksamkeit von Pflanzenprodukten gegen Herpesinfektionen
fx92xnzt,zqauowo1,0.01671231,Welche Phytos gegen Husten?,Identifying features of quality in rural placements for health students: scoping review.
13hdz34g,fx92xnzt,0.016716966,Hysteresis and Business Cycles,Welche Phytos gegen Husten?
7ljhd62b,4coluqp2,0.01671701,COVID-19 – Eine neue Herausforderung,Structures of the Mononegavirales Polymerases
y3zfca94,8ezcu225,0.016725145,"Medidas decisivas de preparación, disposición a la acción y respuesta frente a la COVID-19: orientaciones provisionales, 4 de noviembre de 2020",Enquiring minds.
2w9zsz4m,wiwzstlf,0.016729517,Aktuelles zur Brustkrebstherapie,"Four Women, One Evening."
conrsgtu,fx92xnzt,0.01673108,E-learners' satisfaction as predictors of online classroom community,Welche Phytos gegen Husten?
fx92xnzt,47yezn8m,0.01673685,Welche Phytos gegen Husten?,The Home as Workplace: A Challenge for Housing Research
0l1mti3d,0vlkahyu,0.016740734,Contributions of occupation characteristics and educational attainment to racial/ethnic inequities in COVID-19 mortality,Wirksamkeit von Pflanzenprodukten gegen Herpesinfektionen
f608irm6,9ixzup9g,0.016761398,Kardiale Folgen von COVID-19,Workforce Issues in Urology
1olhvm5k,f608irm6,0.016761417,Workforce Issues in Urology.,Kardiale Folgen von COVID-19
x0ck5v02,6ho4ox2e,0.016762948,"COVID-19 in Clinicians-More Cases in Women, More Deaths in Men",Pädiatrie aktuell – Forschung kurz notiert
u8kz7i99,fouh4jhs,0.016763179,"Viruses of birds, mice, and men.",Konjunkturpaket notwendig — Rückkehr zur Schuldenbremse nicht forcieren
2w9zsz4m,tke3pkpk,0.016768089,Aktuelles zur Brustkrebstherapie,Two Weeks
1g0pthfr,g3ypisig,0.016775824,Epidemiological and Clinical Predictors of COVID-19,Riechstörungen bei COVID-19 – aktueller Wissensstand
p8jjca24,fx92xnzt,0.01677804,Future Design: Bequeathing Sustainable Natural Environments and Sustainable Societies to Future Generations,Welche Phytos gegen Husten?
3ekxc20y,vqley4rn,0.01677842,dvs Informationen,Principal professionalism in the time of COVID-19
7ljhd62b,h22uykqx,0.016778845,COVID-19 – Eine neue Herausforderung,Keeping the research spotlight on COVID-19.
fouh4jhs,2zk9t7ij,0.016785385,Konjunkturpaket notwendig — Rückkehr zur Schuldenbremse nicht forcieren,Parasites and Diseases
rnmgx6vo,y3hpzj0u,0.016795,Droht bei Krebs durch COVID-19 schlechtere Versorgung in Deutschland?,"Acknowledgment of Referees, 2020"
ekkf4hc2,46z4663u,0.016798157,Physicians Abstracts,Endlich Farbe bekennen
s5bn5rky,fx92xnzt,0.016800791,Country Quarantine During COVID-19: Critical or Not?,Welche Phytos gegen Husten?
0y0pi54f,rqb19icj,0.016804973,Bereit: Von der Normalstation zur Covid-19-Überwachungsstation,Experiences of family caregivers of patients with COVID-19
xjklin0b,8xtexo2z,0.016805155,Could seasonal influenza vaccination influence COVID-19 risk?,Marktführer gesucht
6fh69mk4,0vlkahyu,0.016808191,Public Health Informatics and the Health Information Infrastructure,Wirksamkeit von Pflanzenprodukten gegen Herpesinfektionen
0l2oth75,8xtexo2z,0.01681734,Risk of COVID-19 for patients with cancer,Marktführer gesucht
fx92xnzt,yvgzkt8a,0.016818348,Welche Phytos gegen Husten?,"Journals, Academics, and Pandemics"
sfarwvit,7wqdc580,0.016818669,So machen Vermittler ihren Betrieb zukunftsfest,Applications of CRISPR as a potential therapeutic
o2ahzw5z,fx92xnzt,0.016820196,Community engagement,Welche Phytos gegen Husten?
iw6ooopp,mrdg743n,0.016826296,COVID-19-Pandemie: Was wissen wir – was können wir empfehlen?: Ein Kommentar der Herausgeber,Recruiting Residents During COVID-19
2w9zsz4m,8qcbiv97,0.016826786,Aktuelles zur Brustkrebstherapie,Glucocorticoids in COVID19;A friend not foe
fx92xnzt,8g7ixs5e,0.016829658,Welche Phytos gegen Husten?,Human models for COVID‐19 research
sfarwvit,epsi5qq7,0.016842136,So machen Vermittler ihren Betrieb zukunftsfest,Clinical Features of COVID-19 Patients in Xiaogan City
xqhxra2p,ferl5tyb,0.016848201,Akutrehabilitation nach COVID‑19‑Infektion: Eine ausgewählte Fallserie,News Focus
xqhxra2p,q0mcbnkw,0.016848201,Akutrehabilitation nach COVID‑19‑Infektion: Eine ausgewählte Fallserie,News Focus
8xtexo2z,b5ut1fpi,0.016849319,Marktführer gesucht,Investigating factors influencing rollover crash risk on mountainous interstates
17trii16,5ge1oi56,0.016858222,Endlich mehr Honorar für COVID-19-lmpfungen,Evaluating the Antimicrobial Properties of Commercial Hand Sanitizers
b7qkfukv,sfarwvit,0.016866652,In Sickness and in Debt: The COVID-19 Impact on Sovereign Credit Risk,So machen Vermittler ihren Betrieb zukunftsfest
p9d78t6v,0vlkahyu,0.016872171,NeoCORE Conference Abstracts,Wirksamkeit von Pflanzenprodukten gegen Herpesinfektionen
3ec0o82q,f608irm6,0.016872756,Assessing risk in the retail environment during the COVID-19 pandemic,Kardiale Folgen von COVID-19
lvtmd3e8,mrdg743n,0.016879588,Urologie 2020 – es ist Zeit,Recruiting Residents During COVID-19
n3rmwt09,m5wlk26r,0.016880006,Emotional Intelligence and Social Support: Two Key Factors in Preventing Occupational Stress during COVID-19,COVID-19 trifft auf angeborene Herzfehler
ggg31biw,8xtexo2z,0.016891794,Underreporting of COVID-19 deaths,Marktführer gesucht
xqhxra2p,e56trya1,0.016893275,Akutrehabilitation nach COVID‑19‑Infektion: Eine ausgewählte Fallserie,"School Leaders’ Emotional Experiences and Capabilities: Perspectives, Challenges, and Prospects"
aaps6g2z,fx92xnzt,0.016894268,The future of scholarly communications,Welche Phytos gegen Husten?
2w9zsz4m,scidnsr7,0.016898604,Aktuelles zur Brustkrebstherapie,In Consideration of Our Mutual Relationship with Cats
i6sjejd1,0vlkahyu,0.01690725,Mental Health Apps: Ensuring Quality and Reimbursement Through a Dynamic Payment Formulary,Wirksamkeit von Pflanzenprodukten gegen Herpesinfektionen
odhzr5cs,0vlkahyu,0.016908621,Should Public Health Literacy Be a Core Requirement for College Students?,Wirksamkeit von Pflanzenprodukten gegen Herpesinfektionen
uscp6hxr,fx92xnzt,0.01691112,Reflections from the forgotten frontline: 'The reality for children and staff in residential care' during COVID-19,Welche Phytos gegen Husten?
p825gprf,iw6ooopp,0.016931783,Lessons from the past,COVID-19-Pandemie: Was wissen wir – was können wir empfehlen?: Ein Kommentar der Herausgeber
xqhxra2p,zsadls45,0.016932718,Akutrehabilitation nach COVID‑19‑Infektion: Eine ausgewählte Fallserie,"COVID‐19, children and schools: overlooked and at risk"
zi11812s,fouh4jhs,0.016932888,School Staffing: Teachers’ Perceptions,Konjunkturpaket notwendig — Rückkehr zur Schuldenbremse nicht forcieren
k7qibllm,ffbchp74,0.016940558,Are children and schools a COVID-19 threat?,Rechtsprechung kurz berichtet
kux9vzn8,wt11x3yw,0.016943276,Bauchlage senkt Intubationsrate bei wachen COVID-19-Patienten auf Intensivstation,Application and evaluation of entomopathogens for control of livestock and poultry pests
y71oxj6u,sfarwvit,0.016947368,Volume 6 Indexes,So machen Vermittler ihren Betrieb zukunftsfest
xf05lfy7,d6su39tw,0.016948245,A monthly roundup of key articles in other journals.,Erfolgreiche Behandlung eines drittgradigen Pleuraempyems infolge einer COVID-19-Infektion
3h2oqsey,d6su39tw,0.016948257,A monthly roundup of key articles in other journals,Erfolgreiche Behandlung eines drittgradigen Pleuraempyems infolge einer COVID-19-Infektion
d6su39tw,g9is9gtx,0.016948257,Erfolgreiche Behandlung eines drittgradigen Pleuraempyems infolge einer COVID-19-Infektion,A monthly roundup of key articles in other journals.
ru8ofk3p,kcl0uzdg,0.01695422,Pharmacological Activities and Phytochemical Constituents,Budesonid verhindert bei COVID-19 Übergang zu schwerem Verlauf
3ekxc20y,4mopiijd,0.016956795,dvs Informationen,The year ahead
2w9zsz4m,693r9rey,0.016959224,Aktuelles zur Brustkrebstherapie,Medical emergencies on commercial airline flights.
7ljhd62b,in2cm4wv,0.016975295,COVID-19 – Eine neue Herausforderung,396. Relationship Between Patient Characteristics and Critical Illness in Patients Admitted for CoVID-19
2w9zsz4m,jm412em4,0.016977167,Aktuelles zur Brustkrebstherapie,Not COVID Toes: Pool Palms and Feet in Pediatric Patients.
yrhf7qci,vskya7f0,0.016989585,News-Screen Rheumatologie,So viele Praxen haben Kurzarbeit angemeldet
cixnefb2,vskya7f0,0.016989585,News-Screen Rheumatologie,So viele Praxen haben Kurzarbeit angemeldet
xlii4cnq,fx92xnzt,0.016997399,Remote Orthopaedic Clinics during COVID-19: Lessons for a Sustainable Future,Welche Phytos gegen Husten?
i9krhq68,fx92xnzt,0.016997399,460 Remote Orthopaedic Clinics during COVID-19: Lessons for a Sustainable Future,Welche Phytos gegen Husten?
5wypqm4y,17trii16,0.01699947,Contents of Volume 151,Endlich mehr Honorar für COVID-19-lmpfungen
lm64qw58,17trii16,0.01699947,Contents of volume 9,Endlich mehr Honorar für COVID-19-lmpfungen
17trii16,m50faqet,0.01699947,Endlich mehr Honorar für COVID-19-lmpfungen,Contents of volume 12
17trii16,5ceovsdz,0.01699947,Endlich mehr Honorar für COVID-19-lmpfungen,Contents of volume 14
u3j5fwhd,ffbchp74,0.016999578,Factors Predicting Willingness to Share COVID-19 Misinformation,Rechtsprechung kurz berichtet
4ztld95f,fouh4jhs,0.017003814,COVID-19 and pregnancy care for incarcerated women,Konjunkturpaket notwendig — Rückkehr zur Schuldenbremse nicht forcieren
p9d78t6v,zpo4us36,0.017007325,NeoCORE Conference Abstracts,Versorgung von Krebspatienten leidet
sfarwvit,xgiw61e4,0.017008316,So machen Vermittler ihren Betrieb zukunftsfest,Cybersecurity Risks in a Pandemic
niq8hoqs,y3hpzj0u,0.017011672,Neue Herausforderungen in der Königsdisziplin,"Acknowledgment of Referees, 2020"
sfarwvit,2mn5n7p9,0.017014429,So machen Vermittler ihren Betrieb zukunftsfest,[Important and Unresolved Aspects of Neuropathologic Analyses of COVID-19 Individuals].
dxx0bfis,0smv2ae5,0.017023323,Disease X and other unknowns,Wichtige Impfungen zum Schulstart
8r1cuaky,hrbxg1yg,0.017025605,Telenursing in Clinical Practise and Education,Es gibt Hoffnung
kux9vzn8,1g5octpa,0.017031336,Bauchlage senkt Intubationsrate bei wachen COVID-19-Patienten auf Intensivstation,Tetraspanins in infections by human cytomegalo- and papillomaviruses.
gv1vmzxk,sfarwvit,0.017031863,An Updated Review on COVID-19.,So machen Vermittler ihren Betrieb zukunftsfest
7ljhd62b,tke3pkpk,0.017034596,COVID-19 – Eine neue Herausforderung,Two Weeks
vskya7f0,c1qdw17z,0.017049892,So viele Praxen haben Kurzarbeit angemeldet,Radiological Findings in Patients with COVID-19
8xtexo2z,2nvrgnb2,0.017055634,Marktführer gesucht,Impact of COVID-19 on melanoma diagnosis
kdol990p,rcpdrpo7,0.01707084,Jeden Verdacht melden!,Entrepreneurial homeworkers
2w9zsz4m,ff1xk6hh,0.017073316,Aktuelles zur Brustkrebstherapie,Doctors as soldiers in times of pandemic
laww0spk,m5wlk26r,0.017091485,Coronavirus vaccines: five key questions as trials begin.,COVID-19 trifft auf angeborene Herzfehler
8mdet6dx,fx92xnzt,0.017104391,Learning Invariant Representations across Domains and Tasks,Welche Phytos gegen Husten?
ckwuhtq7,fx92xnzt,0.017107671,Family Thriving During COVID-19 and the Benefits for Children’s Well-Being,Welche Phytos gegen Husten?
kux9vzn8,0lbct95y,0.017124733,Bauchlage senkt Intubationsrate bei wachen COVID-19-Patienten auf Intensivstation,Clinical Characteristics of COVID-19 Patients' Postvaccination
it11hran,m5wlk26r,0.017126385,Gerrymandering and Political Determinants of Health,COVID-19 trifft auf angeborene Herzfehler
khe8a0s0,tu4v0j1e,0.017132057,Biocontrol risks,Seite eins
76xvzvdg,fx92xnzt,0.017135195,National scientific medical meeting 1996 abstracts,Welche Phytos gegen Husten?
fx92xnzt,cm91em81,0.017135203,Welche Phytos gegen Husten?,National scientific medical meeting 1997 abstracts
hb3681s4,m5wlk26r,0.017140416,Weighing and communicating evidence.,COVID-19 trifft auf angeborene Herzfehler
abpts2dj,m5wlk26r,0.017149445,Interrelations between COVID-19 and other disorders,COVID-19 trifft auf angeborene Herzfehler
yzbi7r6h,0olw46sz,0.017156167,N-(2-(1h-indol-3-yl)ethyl)-2-(6-methoxynaphthalen-2-yl)propanamide,A timely reminder.
3dqljzjm,k23lxyji,0.017157711,An EUA for tocilizumab (Actemra) for COVID-19,"ANZJOG IN 2020 - the past, the present, and the future."
owec8o76,8xtexo2z,0.01715855,Benchmarking the performance of US Municipalities,Marktführer gesucht
jetow8ov,3ekxc20y,0.01716411,"If you promise, you have to deliver.",dvs Informationen
wkzjz6m0,0vlkahyu,0.01717004,Artificial Conversational Entity with Regional Language,Wirksamkeit von Pflanzenprodukten gegen Herpesinfektionen
h7voz1t0,0vlkahyu,0.017175084,COVID-19 and labour in agriculture: Economic and productive impacts in an agricultural area of the Mediterranean,Wirksamkeit von Pflanzenprodukten gegen Herpesinfektionen
kux9vzn8,5658sxin,0.017179593,Bauchlage senkt Intubationsrate bei wachen COVID-19-Patienten auf Intensivstation,"A Pandemic Refocuses Bioethics on ""The Big Questions""."
fx92xnzt,2ovrk61d,0.017185519,Welche Phytos gegen Husten?,Surface interactions and viability of coronaviruses
c2m9jndp,sfarwvit,0.017186819,Obesity and the COVID-19: Analysis of the clinical and epidemiological profiles of 138 individuals,So machen Vermittler ihren Betrieb zukunftsfest
s7sg70e3,46z4663u,0.01718756,Population Development in Czechia in 2020,Endlich Farbe bekennen
92vlvtus,fx92xnzt,0.01718939,Counting Numbers,Welche Phytos gegen Husten?
fx92xnzt,zj124zcf,0.017200993,Welche Phytos gegen Husten?,Networking for training Level 3/4 biosafety laboratory staff
7ga5xdcy,kux9vzn8,0.017207563,Covid-19 Causal Factors Perception Questionnaire (covid-19-cfpq),Bauchlage senkt Intubationsrate bei wachen COVID-19-Patienten auf Intensivstation
y7gy2788,3ekxc20y,0.017207943,Hopefulness of 'Hope'.,dvs Informationen
qefx8fp5,fx92xnzt,0.017216377,Deficiencies in the Designs and Interventions of COVID-19 Clinical Trials,Welche Phytos gegen Husten?
8nezpryq,fx92xnzt,0.017223975,Documentary linguists and risk communication: views from the virALLanguages project experience,Welche Phytos gegen Husten?
91oha9x1,0vlkahyu,0.017227361,A Public Health Lens on Rural Health.,Wirksamkeit von Pflanzenprodukten gegen Herpesinfektionen
8p3fobrk,46z4663u,0.017232481,No Visitors Allowed,Endlich Farbe bekennen
a9jyx7wb,hrbxg1yg,0.01723418,Risk Factors of COVID-19 Patients,Es gibt Hoffnung
7ljhd62b,t1f0llx4,0.017236106,COVID-19 – Eine neue Herausforderung,Conflict in troponin levels in COVID-19 patients
lq92mlhs,c1qdw17z,0.01723623,Nachhaltiges Wirtschaften setzt eine nachhaltige Arbeitswelt voraus,Radiological Findings in Patients with COVID-19
99btzh9a,hrbxg1yg,0.017254092,News & Notes,Es gibt Hoffnung
m7aufw3q,0vlkahyu,0.01725932,"Commentary: Race, COVID-19 and Nursing Homes",Wirksamkeit von Pflanzenprodukten gegen Herpesinfektionen
2w9zsz4m,p4oq3f0u,0.01726941,Aktuelles zur Brustkrebstherapie,Central Precocious Puberty in Boys and Girls: Similarities and Differences
dzlnxtyf,fx92xnzt,0.017271876,Contact Tracing: A Memory Task With Consequences for Public Health.,Welche Phytos gegen Husten?
kylka2rh,vherpolo,0.017275428,Zur gesellschaftlichen Akzeptanz von einmaligen Vermögensabgaben,COVID-19 and Cancer Patients.
7ljhd62b,x0ck5v02,0.01729776,COVID-19 – Eine neue Herausforderung,"COVID-19 in Clinicians-More Cases in Women, More Deaths in Men"
x7ng4ifv,17trii16,0.0172986,Communicable Diseases: Achievements and Challenges for Public Health,Endlich mehr Honorar für COVID-19-lmpfungen
kux9vzn8,jsrm2w7z,0.017304592,Bauchlage senkt Intubationsrate bei wachen COVID-19-Patienten auf Intensivstation,2020 Crisis Preparedness Exercise with EFSA Focal Points &Observers
nt8oq8kp,fx92xnzt,0.017306289,The political reality and democracy of regional business in covid-19 situation,Welche Phytos gegen Husten?
2vg2wa8a,m5wlk26r,0.017310727,Determinants of perceived stress in health professional students during the COVID-19 pandemic,COVID-19 trifft auf angeborene Herzfehler
7ljhd62b,rkcpgz3w,0.01732629,COVID-19 – Eine neue Herausforderung,"Perceptions of Parenting, Parent-Child Activities and Children’s Extracurricular Activities in Times of COVID-19"
fouh4jhs,tpkpspl5,0.017329877,Konjunkturpaket notwendig — Rückkehr zur Schuldenbremse nicht forcieren,[Supraglottic airways in infants and children].
2w9zsz4m,gz6n5j1v,0.017333504,Aktuelles zur Brustkrebstherapie,Rotavirus gastroenteritis in infants and young children
rkm0mv2x,7ljhd62b,0.01733522,Challenges of caregiving to neurological patients,COVID-19 – Eine neue Herausforderung
0vlkahyu,92ivie3y,0.017337738,Wirksamkeit von Pflanzenprodukten gegen Herpesinfektionen,Our Responsibility to All of Our Patients and Families
gtipnn8b,hrbxg1yg,0.017340025,A retrospective study: meteorological factors and COVID-19,Es gibt Hoffnung
ws93w3n8,ffbchp74,0.017343681,Unforeseen benefits: outcomes of the Qanuinngitsiarutiksait study,Rechtsprechung kurz berichtet
6jjeoa3q,f608irm6,0.017349005,Contemporary Issues in Mediation,Kardiale Folgen von COVID-19
nxmauvpu,46z4663u,0.017349873,Reasons for HOPE.,Endlich Farbe bekennen
17trii16,q6ldnd0p,0.017350905,Endlich mehr Honorar für COVID-19-lmpfungen,Hydroxychloroquine at the center of covid-19 discussions
3nsluouj,lzwl577x,0.017352533,Einfluss der Coronapandemie auf Schmerzpatienten: Welche Auswirkungen der Pandemie auf ihre Versorgung nehmen Patienten mit chronischen Schmerzen wahr?,Monocytes and Macrophages in COVID-19
0oxhhz67,d6su39tw,0.017356705,News and views.,Erfolgreiche Behandlung eines drittgradigen Pleuraempyems infolge einer COVID-19-Infektion
xypv6anx,d6su39tw,0.017356714,News and Views,Erfolgreiche Behandlung eines drittgradigen Pleuraempyems infolge einer COVID-19-Infektion
d6su39tw,keq5idua,0.017356714,Erfolgreiche Behandlung eines drittgradigen Pleuraempyems infolge einer COVID-19-Infektion,News and views.
7ljhd62b,6q0qvxy7,0.01737046,COVID-19 – Eine neue Herausforderung,COVID-19 in patients with neurological disorders.
h7tn0grl,7ljhd62b,0.0173842,COVID-19 in Children-Not Just Little Adults.,COVID-19 – Eine neue Herausforderung
wud08mb0,2w9zsz4m,0.017402498,The Perception of Market and Economic Risks by Owners and Managers of Enterprises in the V4 Countries,Aktuelles zur Brustkrebstherapie
kux9vzn8,uh99n5hf,0.017405435,Bauchlage senkt Intubationsrate bei wachen COVID-19-Patienten auf Intensivstation,The atypical presentation of COVID-19 as gastrointestinal disease: key points for primary care
p81l6zvz,mrdg743n,0.017406268,Systemische Immunsuppression in Zeiten von COVID‐19: Müssen wir umdenken?,Recruiting Residents During COVID-19
6jjeoa3q,kux9vzn8,0.017408257,Contemporary Issues in Mediation,Bauchlage senkt Intubationsrate bei wachen COVID-19-Patienten auf Intensivstation
f60k7elw,46z4663u,0.017409243,Socioeconomic aspects of covid-19 on the example of rostov region,Endlich Farbe bekennen
7ljhd62b,tmgq09b5,0.01741551,COVID-19 – Eine neue Herausforderung,Clinical Predictors of Coagulopathy Events in Hospitalized Patients with Covid-19 Disease
7ljhd62b,a2ql8hib,0.017415881,COVID-19 – Eine neue Herausforderung,Needs and concerns of patients in isolation care units - learnings from COVID-19: A reflection
clwl2w91,cl81y08y,0.01742481,Focus on immunocompromised patients.,Auf dem Weg zu einer nachhaltigen Mobilität
1g0pthfr,xnmpl4uw,0.017432451,Epidemiological and Clinical Predictors of COVID-19,Hydroxychloroquin‐induzierte akute generalisierte exanthematische Pustulose: eine während der COVID‐19‐Pandemie zu beachtende Nebenwirkung
sfarwvit,jvtq3umf,0.017445982,So machen Vermittler ihren Betrieb zukunftsfest,COVID-19 antibodies on trial
0vlkahyu,vsdsp7jc,0.017452521,Wirksamkeit von Pflanzenprodukten gegen Herpesinfektionen,Spotlight on Female Voices
e6a03b5e,6ho4ox2e,0.017452816,Government agencies.,Pädiatrie aktuell – Forschung kurz notiert
9011dezp,fx92xnzt,0.017469985,The importance of urban natural areas and urban ecosystem services during the COVID-19 pandemic,Welche Phytos gegen Husten?
gqi1urld,0vlkahyu,0.017470932,Foreclosures and House Prices,Wirksamkeit von Pflanzenprodukten gegen Herpesinfektionen
01ijxsd4,0vlkahyu,0.017473033,Physical education of students in the format of distance education,Wirksamkeit von Pflanzenprodukten gegen Herpesinfektionen
t3cq7298,7ljhd62b,0.017473461,Authors’ response,COVID-19 – Eine neue Herausforderung
gqyxfc5z,7ljhd62b,0.017473461,Authors' Response.,COVID-19 – Eine neue Herausforderung
svtu2i0a,7ljhd62b,0.017473461,Authors’ response,COVID-19 – Eine neue Herausforderung
7ljhd62b,revwlmyq,0.017473461,COVID-19 – Eine neue Herausforderung,Authors' response.
7ljhd62b,po19keqv,0.01747707,COVID-19 – Eine neue Herausforderung,Myocardial injury and risk factors for mortality in patients with COVID-19 pneumonia
vurldaaa,0vlkahyu,0.017482271,Wearable Wireless Body Area Networks for Medical Applications,Wirksamkeit von Pflanzenprodukten gegen Herpesinfektionen
kux9vzn8,2vg2wa8a,0.017486269,Bauchlage senkt Intubationsrate bei wachen COVID-19-Patienten auf Intensivstation,Determinants of perceived stress in health professional students during the COVID-19 pandemic
rkm0mv2x,f608irm6,0.017486542,Challenges of caregiving to neurological patients,Kardiale Folgen von COVID-19
q0222g6g,0vlkahyu,0.017512888,Clinical aspects of immunosuppression in poultry.,Wirksamkeit von Pflanzenprodukten gegen Herpesinfektionen
8e7f8ft6,0vlkahyu,0.017514445,Secondary school students' perceptions of teaching in social isolation,Wirksamkeit von Pflanzenprodukten gegen Herpesinfektionen
lbqdfxcc,m5wlk26r,0.017521312,Complex emergencies: overcoming barriers to health care,COVID-19 trifft auf angeborene Herzfehler
17trii16,agpuilt2,0.017523946,Endlich mehr Honorar für COVID-19-lmpfungen,Simulating COVID-19 classroom transmission on a university campus.
cl81y08y,aw1pbmz4,0.01753673,Auf dem Weg zu einer nachhaltigen Mobilität,Risk factors analysisi for COVID‑19 in the elderly
7ljhd62b,5curxbub,0.017545804,COVID-19 – Eine neue Herausforderung,Contributing factors of cyberbullying behavior among youths during COVID-19
7ljhd62b,eufvq43k,0.01755359,COVID-19 – Eine neue Herausforderung,COVID-19 Stress and Mental Health of Students in Locked-Down Colleges
jkwx10s5,m5wlk26r,0.017555114,Psychosocial and demographic predictors of mental health and distress,COVID-19 trifft auf angeborene Herzfehler
3v5ss87p,0vlkahyu,0.017560525,Publishing during COVID‐19: Lessons for health professions education research,Wirksamkeit von Pflanzenprodukten gegen Herpesinfektionen
lq92mlhs,aorrfl8y,0.017562695,Nachhaltiges Wirtschaften setzt eine nachhaltige Arbeitswelt voraus,Nurses' House-for Nurses.
decnhjzw,2w9zsz4m,0.017569136,COVID-19 Infection in Newborn Infants,Aktuelles zur Brustkrebstherapie
2w9zsz4m,m6fdhwyw,0.017569136,Aktuelles zur Brustkrebstherapie,COVID-19 Infection in Newborn Infants
9q0uvtzk,2w9zsz4m,0.017573858,21 Infections and infestations,Aktuelles zur Brustkrebstherapie
7ljhd62b,wt11x3yw,0.017577628,COVID-19 – Eine neue Herausforderung,Application and evaluation of entomopathogens for control of livestock and poultry pests
6is0u8a9,6ho4ox2e,0.017578587,Hopeful Visuals for Challenging Times.,Pädiatrie aktuell – Forschung kurz notiert
6603ephy,46z4663u,0.017583402,Covid-19 vaccines for kids,Endlich Farbe bekennen
46z4663u,qga9663z,0.017583402,Endlich Farbe bekennen,Coronapod: Kids and COVID vaccines.
1g0pthfr,vskya7f0,0.017585335,Epidemiological and Clinical Predictors of COVID-19,So viele Praxen haben Kurzarbeit angemeldet
ptxwnbhf,xnmpl4uw,0.0175944,Investigating people's anxieties and concerns about COVID-19,Hydroxychloroquin‐induzierte akute generalisierte exanthematische Pustulose: eine während der COVID‐19‐Pandemie zu beachtende Nebenwirkung
lj0u6ro4,fouh4jhs,0.017597882,Known unknowns and unknown unknowns,Konjunkturpaket notwendig — Rückkehr zur Schuldenbremse nicht forcieren
sfarwvit,xppum4qg,0.01760668,So machen Vermittler ihren Betrieb zukunftsfest,Boards in Information Governance
eo0gsnr6,fx92xnzt,0.017606936,Various Facets of Sustainable Smart City Management: Selected Examples from Polish Metropolitan Areas,Welche Phytos gegen Husten?
xt9l19om,0vlkahyu,0.017607318,Risk and the sense of safety.,Wirksamkeit von Pflanzenprodukten gegen Herpesinfektionen
fouh4jhs,sjc2szb1,0.01761307,Konjunkturpaket notwendig — Rückkehr zur Schuldenbremse nicht forcieren,Mobilizing Hospitals to Mobilize Patients.
hpup5skd,rcpdrpo7,0.01761725,Erratum zu: Pneumokokkenimpfstoffe,Entrepreneurial homeworkers
3ekxc20y,8ezcu225,0.017618034,dvs Informationen,Enquiring minds.
ebt1qthy,17trii16,0.017632406,World Bank,Endlich mehr Honorar für COVID-19-lmpfungen
5r2leevd,tpkpspl5,0.017637152,Kündigung – Maskenpflicht – Anforderungen an ein Attest zur Befreiung : KSchG 1;BGB 242,[Supraglottic airways in infants and children].
8vkaasas,6ho4ox2e,0.017642576,The accumulating consequences of COVID-19 in children,Pädiatrie aktuell – Forschung kurz notiert
zsadls45,ffbchp74,0.017650634,"COVID‐19, children and schools: overlooked and at risk",Rechtsprechung kurz berichtet
07xwlau9,sfarwvit,0.0176607,Respiratory Diseases of Rodents,So machen Vermittler ihren Betrieb zukunftsfest
hpup5skd,8uff2f6d,0.017667424,Erratum zu: Pneumokokkenimpfstoffe,Financial Markets and COVID-19
f4weargw,f608irm6,0.017670395,ROTAVIRUS INFECTIONS OF NEONATES,Kardiale Folgen von COVID-19
tucs5o3u,zpo4us36,0.01768019,Interim Guidance for Businesses and Employers,Versorgung von Krebspatienten leidet
7wyj18qq,ffbchp74,0.017691512,Borel factors and embeddings of systems in subshifts,Rechtsprechung kurz berichtet
dc2un4p7,zpo4us36,0.01769333,Health risks at the Hajj.,Versorgung von Krebspatienten leidet
8vkhn43q,mdd60ic7,0.017695386,Der Einfluss von Mindestlohnerhöhungen auf die Einkommensarmut,Acknowledgement to Referees
8vkhn43q,0ngl3naa,0.017695386,Der Einfluss von Mindestlohnerhöhungen auf die Einkommensarmut,Acknowledgement to Referees
8vkhn43q,se2s9c5j,0.017695386,Der Einfluss von Mindestlohnerhöhungen auf die Einkommensarmut,Acknowledgement to Referees
8vkhn43q,eej8qb9t,0.017695386,Der Einfluss von Mindestlohnerhöhungen auf die Einkommensarmut,Acknowledgement to Referees.
8vkhn43q,2un48l2e,0.017695386,Der Einfluss von Mindestlohnerhöhungen auf die Einkommensarmut,Acknowledgement to Referees
8vkhn43q,s4bobqls,0.017695386,Der Einfluss von Mindestlohnerhöhungen auf die Einkommensarmut,Acknowledgement to referees
8vkhn43q,dbo18qfk,0.017695386,Der Einfluss von Mindestlohnerhöhungen auf die Einkommensarmut,Acknowledgement to Referees
8vkhn43q,rh9bx841,0.017695386,Der Einfluss von Mindestlohnerhöhungen auf die Einkommensarmut,Acknowledgement to Referees
hrbxg1yg,az2pgmkj,0.017708894,Es gibt Hoffnung,Features of α-HBDH in COVID-19 patients: A cohort study
lq92mlhs,yrhf7qci,0.017710073,Nachhaltiges Wirtschaften setzt eine nachhaltige Arbeitswelt voraus,News-Screen Rheumatologie
lq92mlhs,cixnefb2,0.017710073,Nachhaltiges Wirtschaften setzt eine nachhaltige Arbeitswelt voraus,News-Screen Rheumatologie
jz4qhl5u,fx92xnzt,0.017713139,Notes and Trends,Welche Phytos gegen Husten?
2w9zsz4m,70gkvjwd,0.017720945,Aktuelles zur Brustkrebstherapie,Circahoralian Rhythms of Body Temperature in Mammals and Birds with Different Metabolism Levels
hzip08oy,kcl0uzdg,0.017722348,Benzothiazoles as potential antiviral agents,Budesonid verhindert bei COVID-19 Übergang zu schwerem Verlauf
c9xmzst6,xqhxra2p,0.017726732,The challenges of international comparisons of COVID-19,Akutrehabilitation nach COVID‑19‑Infektion: Eine ausgewählte Fallserie
n2na2w9v,0vlkahyu,0.017742073,Spirituality in medical education and COVID‐19,Wirksamkeit von Pflanzenprodukten gegen Herpesinfektionen
3dqljzjm,pqrg2zuc,0.017743357,An EUA for tocilizumab (Actemra) for COVID-19,"“We should expect scientists to be much more open, but also more boring”"
fx92xnzt,ozlu3ib4,0.017749434,Welche Phytos gegen Husten?,Operation Experience and Thoughts of Cabin Hospitals in COVID-19 Epidemic Situation
xqhxra2p,pbflhjz0,0.017753465,Akutrehabilitation nach COVID‑19‑Infektion: Eine ausgewählte Fallserie,Clinical characteristics and outcomes of COVID-19 patients with prediabetes
vskya7f0,kmsz4jdk,0.017754814,So viele Praxen haben Kurzarbeit angemeldet,Hyperlipasemia in Hospitalized COVID-19 Patients
mrdg743n,kcl0uzdg,0.017756077,Recruiting Residents During COVID-19,Budesonid verhindert bei COVID-19 Übergang zu schwerem Verlauf
1qwwc2i7,0vlkahyu,0.017760482,The Political Economy of the COVID-19 Fiscal Stimulus Packages of 2020,Wirksamkeit von Pflanzenprodukten gegen Herpesinfektionen
c9xmzst6,fouh4jhs,0.017760718,The challenges of international comparisons of COVID-19,Konjunkturpaket notwendig — Rückkehr zur Schuldenbremse nicht forcieren
kux9vzn8,fx3h6ron,0.01776378,Bauchlage senkt Intubationsrate bei wachen COVID-19-Patienten auf Intensivstation,Clinical Pathogen Genomics
0vlkahyu,i2n04v89,0.017770672,Wirksamkeit von Pflanzenprodukten gegen Herpesinfektionen,Children's Designs for the Future of Telehealth
3vov7mxw,zpo4us36,0.017772954,Racial and Ethnic Disparities in COVID-19 Vaccination Coverage: The Contribution of Socioeconomic and Demographic Factors,Versorgung von Krebspatienten leidet
0vlkahyu,6s2ezysg,0.017791439,Wirksamkeit von Pflanzenprodukten gegen Herpesinfektionen,Barriers and benefits of primary caregivers' involvement in children's education during COVID-19 school closures
7ljhd62b,q0kuesp7,0.017807588,COVID-19 – Eine neue Herausforderung,Trophoblastic Extracellular Vesicles and Viruses: Friends or Foes?
2w9zsz4m,z8pu3toj,0.017807834,Aktuelles zur Brustkrebstherapie,Modifiable Risk Factors of Behavioral and Psychological Symptoms in People with Dementia
2w9zsz4m,2qe2raf3,0.017811814,Aktuelles zur Brustkrebstherapie,"Primary hand motor representation areas in healthy children, preadolescents, adolescents, and adults"
29o29vdu,0vlkahyu,0.017813118,The Future of Retail: Innovations and Basic Trends,Wirksamkeit von Pflanzenprodukten gegen Herpesinfektionen
m5wlk26r,cp64j9k2,0.017830057,COVID-19 trifft auf angeborene Herzfehler,Critical care journals during the COVID-19 pandemic: challenges and responsibilities
y1wpc0dk,tu4v0j1e,0.017833814,People + Companies,Seite eins
9bdiz5pz,tu4v0j1e,0.017833814,People + Companies,Seite eins
sfarwvit,2fywj3c8,0.017834725,So machen Vermittler ihren Betrieb zukunftsfest,Estimation and interpretation of vaccine efficacy in COVID-19 randomized clinical trials
obvk2d8e,17trii16,0.01783609,The Welfare Of Feral Cats,Endlich mehr Honorar für COVID-19-lmpfungen
2w9zsz4m,4mhgpvfb,0.017836694,Aktuelles zur Brustkrebstherapie,Aspects of Grit Among Dementia Family Caregivers
t6xz9mrb,0vlkahyu,0.017844226,"Covid-19. Civic Universities, Societal Innovation and the Recovery of Local Communities",Wirksamkeit von Pflanzenprodukten gegen Herpesinfektionen
857qqfxr,m5wlk26r,0.017848963,Bats are a major natural reservoir for hepaciviruses and pegiviruses.,COVID-19 trifft auf angeborene Herzfehler
2w9zsz4m,c4szyk26,0.017859453,Aktuelles zur Brustkrebstherapie,"Trials and tribulations: so many potential treatments, so few answers"
sgb0x9b5,zpo4us36,0.017875545,Stress in the workplace for healthcare professionals,Versorgung von Krebspatienten leidet
1c0yxykl,hq6y67rz,0.01787659,Fiskalpolitik in der Corona-Krise: Wie viel ist zu viel?,Courses and Conferences
vnhme1bl,8ezcu225,0.017882489,"Efectividad de la acupuntura y la auriculoterapia para reducir el nivel de depresión, ansiedad y estrés en personal sanitario de urgencias durante la pandemia de COVID-19",Enquiring minds.
obvk2d8e,7ljhd62b,0.017887821,The Welfare Of Feral Cats,COVID-19 – Eine neue Herausforderung
fx92xnzt,wa0emv04,0.017889285,Welche Phytos gegen Husten?,[COVID-19: Special Challenges for Theoretical and Practical Public Health].
kux9vzn8,mfl60aed,0.017893244,Bauchlage senkt Intubationsrate bei wachen COVID-19-Patienten auf Intensivstation,"To My Residents, In a Pandemic"
1g0pthfr,fouh4jhs,0.01790136,Epidemiological and Clinical Predictors of COVID-19,Konjunkturpaket notwendig — Rückkehr zur Schuldenbremse nicht forcieren
oyk632vv,8xtexo2z,0.01790977,Thyroid substitution may be a risk factor for Covid-19,Marktführer gesucht
0vlkahyu,0u0flwv2,0.01791022,Wirksamkeit von Pflanzenprodukten gegen Herpesinfektionen,From a Textual Narrative to a Visual Story
xh6001vu,fx92xnzt,0.017910788,Difference in Clinical Patterns between COVID-19 Affected Children and Adults.,Welche Phytos gegen Husten?
n54036de,2w9zsz4m,0.01791724,COVID-19 in children: reasons for uneventful clinical course,Aktuelles zur Brustkrebstherapie
7ljhd62b,g5jfzpjd,0.017918812,COVID-19 – Eine neue Herausforderung,Neuropsychological Outcomes in Children After COVID-19 Infecting
hn6972s3,y3hpzj0u,0.017928017,Vernebelung von Notfallmedikamenten im süddeutschen Rettungsdienst,"Acknowledgment of Referees, 2020"
7ljhd62b,c4szyk26,0.017933661,COVID-19 – Eine neue Herausforderung,"Trials and tribulations: so many potential treatments, so few answers"
mrdg743n,ta8rxze6,0.017935086,Recruiting Residents During COVID-19,Systematischer Ansatz zur objektiven Bewertung von Verkehrsunfalldatenbanken
7ljhd62b,1xu8cmz3,0.017940138,COVID-19 – Eine neue Herausforderung,COVID-19 vaccine: The all-important timelines
tstsi1dk,0vlkahyu,0.017942116,Geopolitics of Covid-19: global challenge at national borders,Wirksamkeit von Pflanzenprodukten gegen Herpesinfektionen
kux9vzn8,revynpi9,0.017943196,Bauchlage senkt Intubationsrate bei wachen COVID-19-Patienten auf Intensivstation,Vaccines in public health.
43pylpga,sfarwvit,0.017951468,Miscarriage Risk in COVID-19 Infection,So machen Vermittler ihren Betrieb zukunftsfest
imca2tm0,fx92xnzt,0.017952958,Mathematics competitions: an integral part of the educational process,Welche Phytos gegen Husten?
7ljhd62b,6s2ezysg,0.017962737,COVID-19 – Eine neue Herausforderung,Barriers and benefits of primary caregivers' involvement in children's education during COVID-19 school closures
kux9vzn8,hnmse1c9,0.017968496,Bauchlage senkt Intubationsrate bei wachen COVID-19-Patienten auf Intensivstation,A network database for the human biobank
iah4gwpt,ffbchp74,0.017969798,COVID-19: Perspectives From Nurses Across the Country,Rechtsprechung kurz berichtet
0vlkahyu,nc7fxo5p,0.017979492,Wirksamkeit von Pflanzenprodukten gegen Herpesinfektionen,"The Relations between State, Regions and Local Authorities in the Health Crisis"
99btzh9a,fx92xnzt,0.01798373,News & Notes,Welche Phytos gegen Husten?
p4ettcgi,kux9vzn8,0.017985327,Serological Tests for COVID‐19: Potential Opportunities,Bauchlage senkt Intubationsrate bei wachen COVID-19-Patienten auf Intensivstation
pbflhjz0,m5wlk26r,0.017993068,Clinical characteristics and outcomes of COVID-19 patients with prediabetes,COVID-19 trifft auf angeborene Herzfehler
2w9zsz4m,as3gvmiy,0.017994016,Aktuelles zur Brustkrebstherapie,The Other Cost of the Pandemic
p81l6zvz,qqzegfjx,0.017995762,Systemische Immunsuppression in Zeiten von COVID‐19: Müssen wir umdenken?,COVID-19 vaccination in pregnancy.
kux9vzn8,g5fqxdqh,0.017997032,Bauchlage senkt Intubationsrate bei wachen COVID-19-Patienten auf Intensivstation,Novel coronaviruses and astroviruses in bats
mdd60ic7,6xbuwwvh,0.017998185,Acknowledgement to Referees,Förderung der Mundgesundheit in der Pflege – ein interprofessioneller Expertenstandard
6xbuwwvh,0ngl3naa,0.017998185,Förderung der Mundgesundheit in der Pflege – ein interprofessioneller Expertenstandard,Acknowledgement to Referees
6xbuwwvh,se2s9c5j,0.017998185,Förderung der Mundgesundheit in der Pflege – ein interprofessioneller Expertenstandard,Acknowledgement to Referees
6xbuwwvh,s4bobqls,0.017998185,Förderung der Mundgesundheit in der Pflege – ein interprofessioneller Expertenstandard,Acknowledgement to referees
6xbuwwvh,2un48l2e,0.017998185,Förderung der Mundgesundheit in der Pflege – ein interprofessioneller Expertenstandard,Acknowledgement to Referees
6xbuwwvh,dbo18qfk,0.017998185,Förderung der Mundgesundheit in der Pflege – ein interprofessioneller Expertenstandard,Acknowledgement to Referees
6xbuwwvh,rh9bx841,0.017998185,Förderung der Mundgesundheit in der Pflege – ein interprofessioneller Expertenstandard,Acknowledgement to Referees
6xbuwwvh,eej8qb9t,0.017998192,Förderung der Mundgesundheit in der Pflege – ein interprofessioneller Expertenstandard,Acknowledgement to Referees.
hesoiyvt,vskya7f0,0.017998438,"SoSyM reflections: the 2020 ""State of the Journal"" report",So viele Praxen haben Kurzarbeit angemeldet
jpnndcxv,sfarwvit,0.018002918,Epidemiological and clinical characteristics of imported cases of COVID-19: a multicenter study,So machen Vermittler ihren Betrieb zukunftsfest
hha2sctb,tmi60ugl,0.01801098,Koorts bij volwassenen,Fears and Hopes
618wbpa4,sfarwvit,0.018015284,Superhydrophobicity prevents surface contamination of COVID-19,So machen Vermittler ihren Betrieb zukunftsfest
7ljhd62b,u2x1ougj,0.01802734,COVID-19 – Eine neue Herausforderung,Neutrophils defending the defenders
29o29vdu,fx92xnzt,0.018032465,The Future of Retail: Innovations and Basic Trends,Welche Phytos gegen Husten?
qqzegfjx,0ia8ld9o,0.018037723,COVID-19 vaccination in pregnancy.,Rajendra Kapila
17trii16,6zm597j8,0.018039063,Endlich mehr Honorar für COVID-19-lmpfungen,Examining reporting and representation of patients with cancer in COVID‐19 clinical trials
u3j5fwhd,6ho4ox2e,0.018044777,Factors Predicting Willingness to Share COVID-19 Misinformation,Pädiatrie aktuell – Forschung kurz notiert
3ekxc20y,6zrlagkp,0.018045463,dvs Informationen,The powerful hold of COVID-19
sfarwvit,0v2bzv90,0.018051352,So machen Vermittler ihren Betrieb zukunftsfest,Innovation focus in 2021
8ezcu225,rq1juzew,0.018056968,Enquiring minds.,A Cultura de Segurança no Cuidado Paliativo Oncológico durante a Pandemia de Covid-19
n54036de,ffbchp74,0.01805709,COVID-19 in children: reasons for uneventful clinical course,Rechtsprechung kurz berichtet
fekmtcg8,0vlkahyu,0.018059196,Medical education.,Wirksamkeit von Pflanzenprodukten gegen Herpesinfektionen
ffbchp74,tv9xsned,0.018064491,Rechtsprechung kurz berichtet,Potential Factors for Prediction of Disease Severity of COVID-19 Patients
rqhafbza,0vlkahyu,0.018066261,Barriers to Mental Health Services for Parents and Siblings of Children with Special Health Care Needs,Wirksamkeit von Pflanzenprodukten gegen Herpesinfektionen
3dqljzjm,gjbnaqqy,0.01807464,An EUA for tocilizumab (Actemra) for COVID-19,The conference of the future today?
fx92xnzt,gq6mzy2h,0.018077195,Welche Phytos gegen Husten?,"Lifestyle and well-being of students of medical specialties during distance learning, depending on living conditions"
0xomyb9n,7ljhd62b,0.018082645,Patients hospitalized with COVID-19 have low levels of 25-hydroxyvitamin D,COVID-19 – Eine neue Herausforderung
tu4v0j1e,aw1pbmz4,0.018096106,Seite eins,Risk factors analysisi for COVID‑19 in the elderly
7ljhd62b,ew3ftumt,0.018096378,COVID-19 – Eine neue Herausforderung,Answering Key Questions About COVID-19 Vaccines.
uhj71rj0,hrbxg1yg,0.018102685,Hallucinations in Hospitalized Rehabilitation Patients with COVID-19,Es gibt Hoffnung
jbrr6fx9,a9jyx7wb,0.018103005,"""Viele Dinge bleiben zu bedenken""",Risk Factors of COVID-19 Patients
sfarwvit,t998lmdp,0.018108794,So machen Vermittler ihren Betrieb zukunftsfest,Unraveling the flaws of estimates of the infection fatality rate for COVID-19
ffbchp74,4n6por3h,0.018109165,Rechtsprechung kurz berichtet,Elderly people and responses to COVID-19 in 27 Countries
fouh4jhs,jm412em4,0.018112345,Konjunkturpaket notwendig — Rückkehr zur Schuldenbremse nicht forcieren,Not COVID Toes: Pool Palms and Feet in Pediatric Patients.
17trii16,pkklt77i,0.018112468,Endlich mehr Honorar für COVID-19-lmpfungen,Remdesivir investigational trials in COVID-19: a critical reappraisal
sfarwvit,fgj2lvbg,0.018114818,So machen Vermittler ihren Betrieb zukunftsfest,Over- and under-estimation of COVID-19 deaths
sfarwvit,9ckbw4nq,0.018117022,So machen Vermittler ihren Betrieb zukunftsfest,Outcomes of Hospitalized COVID-19 Patients by Risk Factors: Results from a United States Hospital Claims Database
lq92mlhs,pbflhjz0,0.01812651,Nachhaltiges Wirtschaften setzt eine nachhaltige Arbeitswelt voraus,Clinical characteristics and outcomes of COVID-19 patients with prediabetes
q1u869nq,hrbxg1yg,0.01812904,Medical Geology,Es gibt Hoffnung
uhlazbk5,hrbxg1yg,0.01812904,Medical Geology,Es gibt Hoffnung
kux9vzn8,dxt29ayi,0.018129332,Bauchlage senkt Intubationsrate bei wachen COVID-19-Patienten auf Intensivstation,Seminar- Highlights 1. Halbjahr 2021
mim30aib,7ljhd62b,0.018130362,Risks posed by COVID-19 to healthcare workers,COVID-19 – Eine neue Herausforderung
w2vxnrwc,f608irm6,0.018131472,From Newsroom to Classroom,Kardiale Folgen von COVID-19
m5wlk26r,kfgl6xej,0.018148093,COVID-19 trifft auf angeborene Herzfehler,Predictors of COVID-19 vaccine intentions in the United States: the role of psychosocial health constructs and demographic factors
jgv1gm77,fx92xnzt,0.018151797,Nurses are everywhere around the globe,Welche Phytos gegen Husten?
piwvcr7q,m5wlk26r,0.018157598,Haematological inflammatory prognostication in COVID-19: Points to ponder!,COVID-19 trifft auf angeborene Herzfehler
17trii16,omvhnr61,0.01816076,Endlich mehr Honorar für COVID-19-lmpfungen,Evaluating the Efficacy of COVID-19 Vaccines
xzygsfqt,fx92xnzt,0.018164134,Modeling Seafarer Change at Seaports in COVID-19,Welche Phytos gegen Husten?
2ql072xt,fx92xnzt,0.018178005,Development Of Composite Indicators Of Cyclical Response In Business Surveys Considering The Specifics Of The ‘Covid-19 Economy’,Welche Phytos gegen Husten?
6ho4ox2e,4zyymjsx,0.018181078,Pädiatrie aktuell – Forschung kurz notiert,Obese and hungry: two faces of a nation
kux9vzn8,4bqvm0kr,0.018188015,Bauchlage senkt Intubationsrate bei wachen COVID-19-Patienten auf Intensivstation,The Humanizing and Civic Missions of History Education
q5yb36ll,0smv2ae5,0.018196259,The Grassroots Intellectuals,Wichtige Impfungen zum Schulstart
oa3dz6ap,0vlkahyu,0.018197956,Racial and Socioeconomic Disparities in Access to Telehealth.,Wirksamkeit von Pflanzenprodukten gegen Herpesinfektionen
j5gawf6g,fx92xnzt,0.018205468,Successfully Navigating Uncharted Waters,Welche Phytos gegen Husten?
dwtbfvvb,ffbchp74,0.018207284,"If social determinants of health are so important, shouldn't we ask patients about them?",Rechtsprechung kurz berichtet
91oha9x1,fx92xnzt,0.01820882,A Public Health Lens on Rural Health.,Welche Phytos gegen Husten?
yhlnztle,cx0f2qs8,0.01820996,Smittevern og hudutfordringer ved covid-19,"Antigenicity, Immunogenicity, Allergenicity"
1u7vwkts,fx92xnzt,0.018217413,Changes to the domestic and family life of health personnel during the covid-19 pandemic,Welche Phytos gegen Husten?
ssjwwqxd,hrbxg1yg,0.01823045,Endodontics in COVID-19 times,Es gibt Hoffnung
q1u869nq,17trii16,0.01823734,Medical Geology,Endlich mehr Honorar für COVID-19-lmpfungen
uhlazbk5,17trii16,0.01823734,Medical Geology,Endlich mehr Honorar für COVID-19-lmpfungen
mdd60ic7,yoqu6npc,0.018238775,Acknowledgement to Referees,Berichten allein reicht nicht
yoqu6npc,0ngl3naa,0.018238775,Berichten allein reicht nicht,Acknowledgement to Referees
yoqu6npc,se2s9c5j,0.018238775,Berichten allein reicht nicht,Acknowledgement to Referees
yoqu6npc,eej8qb9t,0.018238775,Berichten allein reicht nicht,Acknowledgement to Referees.
yoqu6npc,s4bobqls,0.018238775,Berichten allein reicht nicht,Acknowledgement to referees
yoqu6npc,2un48l2e,0.018238775,Berichten allein reicht nicht,Acknowledgement to Referees
yoqu6npc,dbo18qfk,0.018238775,Berichten allein reicht nicht,Acknowledgement to Referees
yoqu6npc,rh9bx841,0.018238775,Berichten allein reicht nicht,Acknowledgement to Referees
7ljhd62b,mk6v3v39,0.018238861,COVID-19 – Eine neue Herausforderung,Myocardial Injury in Adults Hospitalized with COVID-19
jetow8ov,mraycufh,0.018248562,"If you promise, you have to deliver.","(±)-2-(2-Fluoro-[1,1′-biphenyl]-4-yl)-N-(1-phenylpropan-2-yl)propanamide"
9m6ud2fx,17trii16,0.018250214,9-3 Distance Mentorship for Retaining Medical Students,Endlich mehr Honorar für COVID-19-lmpfungen
fm73psy8,fx92xnzt,0.018252414,Medical students and COVID-19: final-year medical students' perspective.,Welche Phytos gegen Husten?
iah4gwpt,17trii16,0.018254308,COVID-19: Perspectives From Nurses Across the Country,Endlich mehr Honorar für COVID-19-lmpfungen
3kk6wgvb,0vlkahyu,0.018259028,Research on international business: The new realities,Wirksamkeit von Pflanzenprodukten gegen Herpesinfektionen
eyerwtk9,fx92xnzt,0.018263925,Clinical news,Welche Phytos gegen Husten?
mdd60ic7,g93y2phd,0.018267406,Acknowledgement to Referees,Das Projekt S-Klasse erfolgreich steuern
0ngl3naa,g93y2phd,0.018267406,Acknowledgement to Referees,Das Projekt S-Klasse erfolgreich steuern
se2s9c5j,g93y2phd,0.018267406,Acknowledgement to Referees,Das Projekt S-Klasse erfolgreich steuern
eej8qb9t,g93y2phd,0.018267406,Acknowledgement to Referees.,Das Projekt S-Klasse erfolgreich steuern
g93y2phd,2un48l2e,0.018267406,Das Projekt S-Klasse erfolgreich steuern,Acknowledgement to Referees
g93y2phd,s4bobqls,0.018267406,Das Projekt S-Klasse erfolgreich steuern,Acknowledgement to referees
g93y2phd,dbo18qfk,0.018267406,Das Projekt S-Klasse erfolgreich steuern,Acknowledgement to Referees
g93y2phd,rh9bx841,0.018267406,Das Projekt S-Klasse erfolgreich steuern,Acknowledgement to Referees
9bl1hs75,zpo4us36,0.018290548,Issue Highlights.,Versorgung von Krebspatienten leidet
cmiudlxe,zpo4us36,0.018290548,"Highlights of the issue 6, 2020",Versorgung von Krebspatienten leidet
28hlwjw7,zpo4us36,0.018290548,Highlights of the May issue.,Versorgung von Krebspatienten leidet
zpo4us36,n3x6iehh,0.018290548,Versorgung von Krebspatienten leidet,Issue Highlights.
c0xknhnr,m5wlk26r,0.018294498,Point of Care Sensors for Infectious Pathogens,COVID-19 trifft auf angeborene Herzfehler
yokg38li,m5wlk26r,0.018294498,Point of Care Sensors for Infectious Pathogens.,COVID-19 trifft auf angeborene Herzfehler
2w9zsz4m,8wglruxz,0.018299028,Aktuelles zur Brustkrebstherapie,"Of epidemic proportions: physicians, personal risk, and public trust."
wrn7fkku,0vlkahyu,0.018316181,Remote laboratory classes in a COVID pandemic situation. Example of subjects: Microcontroller programming and electronic circuits,Wirksamkeit von Pflanzenprodukten gegen Herpesinfektionen
2qxv4okg,0vlkahyu,0.018321274,Impact of Covid-19 on field and office workforce in construction industry,Wirksamkeit von Pflanzenprodukten gegen Herpesinfektionen
sfarwvit,a2ql8hib,0.018324608,So machen Vermittler ihren Betrieb zukunftsfest,Needs and concerns of patients in isolation care units - learnings from COVID-19: A reflection
lq92mlhs,7q0v688a,0.018325115,Nachhaltiges Wirtschaften setzt eine nachhaltige Arbeitswelt voraus,A Message from the Editors.
xqhxra2p,g8b0adbv,0.018330386,Akutrehabilitation nach COVID‑19‑Infektion: Eine ausgewählte Fallserie,COVID-19: Prospective Challenges and Potential Vaccines
iah4gwpt,6ho4ox2e,0.018342778,COVID-19: Perspectives From Nurses Across the Country,Pädiatrie aktuell – Forschung kurz notiert
05psgjow,fx92xnzt,0.018345876,Geographic Trends in Publications and Submissions in Radiology Journals: Decade Report (2010 - 2020),Welche Phytos gegen Husten?
kux9vzn8,rs22vmgr,0.018350197,Bauchlage senkt Intubationsrate bei wachen COVID-19-Patienten auf Intensivstation,Silent transmission of “covid-19”: A major concern
2w9zsz4m,9105mdea,0.018355133,Aktuelles zur Brustkrebstherapie,Why Are Patients With COVID-19 at Risk for Drug-Drug Interactions?
xtvj6yyj,ffbchp74,0.018360442,Legaltech in Public Administration: Prospects and Challenges,Rechtsprechung kurz berichtet
7ljhd62b,h49yc42z,0.018381637,COVID-19 – Eine neue Herausforderung,Barriers and drivers of environmental sustainability: Australian hotels
fx92xnzt,hzpy1x3v,0.018382486,Welche Phytos gegen Husten?,The Forest and the Trees.
fouh4jhs,10jkk9mf,0.018388653,Konjunkturpaket notwendig — Rückkehr zur Schuldenbremse nicht forcieren,Celebrating our wins.
0lxdapbr,sfarwvit,0.01838918,Risk Factors for COVID-19 Associated Mucormycosis: The Ophthalmologist’s Perspective,So machen Vermittler ihren Betrieb zukunftsfest
4eni261d,hrbxg1yg,0.01840017,The beneficiaries of rehabilitation,Es gibt Hoffnung
fx92xnzt,xjeep4rd,0.0184007,Welche Phytos gegen Husten?,Travel in a small world
kux9vzn8,rkm0mv2x,0.018402174,Bauchlage senkt Intubationsrate bei wachen COVID-19-Patienten auf Intensivstation,Challenges of caregiving to neurological patients
7ljhd62b,xtza8msl,0.018406402,COVID-19 – Eine neue Herausforderung,COVID-19 in people with diabetes: understanding the reasons for worse outcomes
17trii16,5vwgg8e6,0.018416166,Endlich mehr Honorar für COVID-19-lmpfungen,Construction and Building Applications
0vlkahyu,rriryh6d,0.018417412,Wirksamkeit von Pflanzenprodukten gegen Herpesinfektionen,COVID‐19 Apps and Privacy Protections from Users' Perspective
pwcmeyzx,sfarwvit,0.01842368,Pharmaceutical Aspects and Clinical Evaluation of COVID-19 Vaccines,So machen Vermittler ihren Betrieb zukunftsfest
8ezcu225,tu4v0j1e,0.018428562,Enquiring minds.,Seite eins
sfarwvit,6gug8kyb,0.018432219,So machen Vermittler ihren Betrieb zukunftsfest,Reflections on a Journey*
jzoj084m,0vlkahyu,0.018442493,COVID-19: Risk factors for critical illness,Wirksamkeit von Pflanzenprodukten gegen Herpesinfektionen
clwl2w91,46pn6jmc,0.018445835,Focus on immunocompromised patients.,Warum Austausch gerade jetzt wichtig ist
quj1mxlb,rqb19icj,0.018448735,Unternehmen setzen verstärkt auf Crowdworking,Experiences of family caregivers of patients with COVID-19
k0xqoyx8,jz4qhl5u,0.018452091,Stille Hypoxie bei COVID-19: Eine Fallserie,Notes and Trends
k7qibllm,0y0pi54f,0.018465566,Are children and schools a COVID-19 threat?,Bereit: Von der Normalstation zur Covid-19-Überwachungsstation
mdd60ic7,leypflmy,0.018469734,Acknowledgement to Referees,Das unterschätzte Verletzungsrisiko beim Rodeln im Freizeitsport
leypflmy,0ngl3naa,0.018469734,Das unterschätzte Verletzungsrisiko beim Rodeln im Freizeitsport,Acknowledgement to Referees
leypflmy,se2s9c5j,0.018469734,Das unterschätzte Verletzungsrisiko beim Rodeln im Freizeitsport,Acknowledgement to Referees
leypflmy,eej8qb9t,0.018469734,Das unterschätzte Verletzungsrisiko beim Rodeln im Freizeitsport,Acknowledgement to Referees.
leypflmy,2un48l2e,0.018469734,Das unterschätzte Verletzungsrisiko beim Rodeln im Freizeitsport,Acknowledgement to Referees
leypflmy,s4bobqls,0.018469734,Das unterschätzte Verletzungsrisiko beim Rodeln im Freizeitsport,Acknowledgement to referees
leypflmy,dbo18qfk,0.018469734,Das unterschätzte Verletzungsrisiko beim Rodeln im Freizeitsport,Acknowledgement to Referees
leypflmy,rh9bx841,0.018469734,Das unterschätzte Verletzungsrisiko beim Rodeln im Freizeitsport,Acknowledgement to Referees
lvtmd3e8,rqb19icj,0.018477712,Urologie 2020 – es ist Zeit,Experiences of family caregivers of patients with COVID-19
nsghz35m,fx92xnzt,0.01847862,Clinical Characteristics and Outcomes among Patients with Covid-19 in Different Regions of the World.,Welche Phytos gegen Husten?
detduy64,fx92xnzt,0.01847862,Clinical Characteristics and Outcomes among Patients with Covid-19 in Different Regions of the World.,Welche Phytos gegen Husten?
1g0pthfr,ffbchp74,0.0184897,Epidemiological and Clinical Predictors of COVID-19,Rechtsprechung kurz berichtet
3dqljzjm,kyfraj12,0.018493028,An EUA for tocilizumab (Actemra) for COVID-19,Practice makes perfect?
lq452kc5,fx92xnzt,0.018499095,In the Time of COVID-19: Love and Transformations in the Family,Welche Phytos gegen Husten?
9bl1hs75,3dqljzjm,0.018508509,Issue Highlights.,An EUA for tocilizumab (Actemra) for COVID-19
3dqljzjm,cmiudlxe,0.018508509,An EUA for tocilizumab (Actemra) for COVID-19,"Highlights of the issue 6, 2020"
3dqljzjm,28hlwjw7,0.018508509,An EUA for tocilizumab (Actemra) for COVID-19,Highlights of the May issue.
3dqljzjm,n3x6iehh,0.018508509,An EUA for tocilizumab (Actemra) for COVID-19,Issue Highlights.
17trii16,asvkwer2,0.018513393,Endlich mehr Honorar für COVID-19-lmpfungen,Keeping an Eye on Generation Z Nurses
1olhvm5k,fx92xnzt,0.018513398,Workforce Issues in Urology.,Welche Phytos gegen Husten?
fx92xnzt,9ixzup9g,0.018513398,Welche Phytos gegen Husten?,Workforce Issues in Urology
sfarwvit,di22f9vu,0.018513877,So machen Vermittler ihren Betrieb zukunftsfest,COVID-19 trials: declarations of data sharing intentions at trial registration and at publication
lq92mlhs,clwl2w91,0.018521518,Nachhaltiges Wirtschaften setzt eine nachhaltige Arbeitswelt voraus,Focus on immunocompromised patients.
kux9vzn8,etbbam87,0.018524557,Bauchlage senkt Intubationsrate bei wachen COVID-19-Patienten auf Intensivstation,Characterization of accessory genes in coronavirus genomes
hei40vv3,7ljhd62b,0.0185274,Elite athletes with COVID-19 – predictors of the course of disease,COVID-19 – Eine neue Herausforderung
3oakwk1z,7ljhd62b,0.0185274,Elite athletes with COVID-19; predictors of the course of disease,COVID-19 – Eine neue Herausforderung
fouh4jhs,reg2jz1a,0.018529199,Konjunkturpaket notwendig — Rückkehr zur Schuldenbremse nicht forcieren,Trends in Covid-19 hospital mortality in women and men
7c2rw1f5,17trii16,0.018533736,Editors’ page,Endlich mehr Honorar für COVID-19-lmpfungen
hrbxg1yg,cfp2f5wb,0.01853419,Es gibt Hoffnung,Thoughts in the Time of COVID-19
llttu9nq,0vlkahyu,0.018534897,The Clinical Course of COVID in Pregnancy,Wirksamkeit von Pflanzenprodukten gegen Herpesinfektionen
k0xqoyx8,1g0pthfr,0.018540757,Stille Hypoxie bei COVID-19: Eine Fallserie,Epidemiological and Clinical Predictors of COVID-19
fx92xnzt,gj34ygr8,0.018544972,Welche Phytos gegen Husten?,Reflecting on the past year and looking to the future
sfarwvit,ljca4ewn,0.018561786,So machen Vermittler ihren Betrieb zukunftsfest,The association between dairy products and the risk of COVID-19
ffbchp74,cfp2f5wb,0.01856769,Rechtsprechung kurz berichtet,Thoughts in the Time of COVID-19
8xtexo2z,jbyrmyai,0.01856817,Marktführer gesucht,Ecosystem approaches to the risk for schizophrenia
1g0pthfr,7ljhd62b,0.018570835,Epidemiological and Clinical Predictors of COVID-19,COVID-19 – Eine neue Herausforderung
8xtexo2z,ugk8wg6e,0.018572457,Marktführer gesucht,Repositioning Sustainability
7ljhd62b,0lbct95y,0.018574556,COVID-19 – Eine neue Herausforderung,Clinical Characteristics of COVID-19 Patients' Postvaccination
7ljhd62b,f4weargw,0.018575426,COVID-19 – Eine neue Herausforderung,ROTAVIRUS INFECTIONS OF NEONATES
kdfg0glv,17trii16,0.018576164,Books reviewed,Endlich mehr Honorar für COVID-19-lmpfungen
2w9zsz4m,fixednzi,0.018583778,Aktuelles zur Brustkrebstherapie,[Healthcare workers from COVID-19 matters too much]
p81l6zvz,jlkrg2nn,0.018583864,Systemische Immunsuppression in Zeiten von COVID‐19: Müssen wir umdenken?,COVID-19: The therapeutic landscape
tkeusl6v,6ho4ox2e,0.018587483,Cosmopolitan tourists: the most resilient travellers in the face of COVID-19,Pädiatrie aktuell – Forschung kurz notiert
kux9vzn8,ccvxeudk,0.018595887,Bauchlage senkt Intubationsrate bei wachen COVID-19-Patienten auf Intensivstation,Framing a Theological Response to COVID-19 in the Presence of the Religious Other
kylka2rh,zsadls45,0.018599104,Zur gesellschaftlichen Akzeptanz von einmaligen Vermögensabgaben,"COVID‐19, children and schools: overlooked and at risk"
rfd4k1ml,0vlkahyu,0.01860282,Maritime Archaeology and COVID-19,Wirksamkeit von Pflanzenprodukten gegen Herpesinfektionen
9yzbgu1d,mrdg743n,0.01860529,Einführung zur Qualität von Medizinjournalismus und erste Einschätzungen zur COVID-19-Berichterstattung,Recruiting Residents During COVID-19
lm55pt80,kcl0uzdg,0.01860714,Key pathways as therapeutic targets,Budesonid verhindert bei COVID-19 Übergang zu schwerem Verlauf
09dtsrg8,2w9zsz4m,0.018607235,Predictors of illness severity in COVID-19 cases,Aktuelles zur Brustkrebstherapie
17trii16,lo5n3p63,0.01862497,Endlich mehr Honorar für COVID-19-lmpfungen,COVID-19 Public Health Guidance Database
4ftvrv7d,fx92xnzt,0.018627116,"Cognition, care homes and COVID-19: sacrificing minds to keep bodies alive",Welche Phytos gegen Husten?
bg8x0tjv,0vlkahyu,0.01863043,Sensing Architecture for Terrestrial Crop Monitoring: Harvesting Data as an Asset,Wirksamkeit von Pflanzenprodukten gegen Herpesinfektionen
oyk632vv,sfarwvit,0.018634338,Thyroid substitution may be a risk factor for Covid-19,So machen Vermittler ihren Betrieb zukunftsfest
xilb0djj,0vlkahyu,0.018641064,No Room for Assumptions: Covid-19 Preparedness Project,Wirksamkeit von Pflanzenprodukten gegen Herpesinfektionen
p81l6zvz,7htbxid6,0.018641666,Systemische Immunsuppression in Zeiten von COVID‐19: Müssen wir umdenken?,COVID-19 and the acknowledgement of children as stakeholders of the tourism industry
3b8v5wju,fouh4jhs,0.01864381,Retinal findings in patients with COVID-19,Konjunkturpaket notwendig — Rückkehr zur Schuldenbremse nicht forcieren
zsadls45,cl81y08y,0.018644297,"COVID‐19, children and schools: overlooked and at risk",Auf dem Weg zu einer nachhaltigen Mobilität
p81l6zvz,4eni261d,0.01866069,Systemische Immunsuppression in Zeiten von COVID‐19: Müssen wir umdenken?,The beneficiaries of rehabilitation
qjz814o7,fx92xnzt,0.018680269,International Conventions & One Health,Welche Phytos gegen Husten?
2hlwbahg,fx92xnzt,0.018680269,International Conventions & One Health,Welche Phytos gegen Husten?
kux9vzn8,9cu0s9dl,0.018682174,Bauchlage senkt Intubationsrate bei wachen COVID-19-Patienten auf Intensivstation,Motivational factors to participate in conferences and gender differences
r23ygs3f,fx92xnzt,0.018695695,Species- and site-specific genome editing in complex bacterial communities,Welche Phytos gegen Husten?
3weguuf7,m5wlk26r,0.018697694,"Coronavirus infections: Epidemiological, clinical and immunological features and hypotheses",COVID-19 trifft auf angeborene Herzfehler
m5wlk26r,chph9vvh,0.018705387,COVID-19 trifft auf angeborene Herzfehler,Barriers to Participation in Clinical Trials: The Problem of Information.
mraycufh,m3ctt4n1,0.018711938,"(±)-2-(2-Fluoro-[1,1′-biphenyl]-4-yl)-N-(1-phenylpropan-2-yl)propanamide",The Limitations of the Expert
0ia8ld9o,tgk61fds,0.01871217,Rajendra Kapila,COVID-19 Vaccines in Children and Adolescents
8xtexo2z,f4weargw,0.01872193,Marktführer gesucht,ROTAVIRUS INFECTIONS OF NEONATES
mqacqanq,0vlkahyu,0.01872376,Estimating Phylogenies from Molecular Data,Wirksamkeit von Pflanzenprodukten gegen Herpesinfektionen
1eeww76l,17trii16,0.018729798,Bacteriology: Pathogens in perspective,Endlich mehr Honorar für COVID-19-lmpfungen
kux9vzn8,yvgzkt8a,0.018732186,Bauchlage senkt Intubationsrate bei wachen COVID-19-Patienten auf Intensivstation,"Journals, Academics, and Pandemics"
7zvp4fgh,8ezcu225,0.018742826,La importancia de permanecer físicamente activos en tiempos de pandemia,Enquiring minds.
sf2cenz1,hrbxg1yg,0.018753327,THYROTOXICOSIS IN PATIENTS WITH COVID-19: THE THYRCOV STUDY.,Es gibt Hoffnung
ln74h5jn,0vlkahyu,0.018755788,Cybersecurity educational games: a theoretical framework,Wirksamkeit von Pflanzenprodukten gegen Herpesinfektionen
ffbchp74,7eo46de1,0.018762577,Rechtsprechung kurz berichtet,Commonsense Questions to Move Beyond Health Care at All Costs
p3siskod,4yx27fa9,0.018768545,Contents 2 pages,COVID-19-Pandemie als Weckruf für einen Strategiewechsel
dxx0bfis,kcl0uzdg,0.018775601,Disease X and other unknowns,Budesonid verhindert bei COVID-19 Übergang zu schwerem Verlauf
0vlkahyu,yn11nyuo,0.018776733,Wirksamkeit von Pflanzenprodukten gegen Herpesinfektionen,Telehealth Mental Health Clinical Experience for Prelicensure Nursing Students During COVID-19
2w9zsz4m,x00s5daq,0.018785873,Aktuelles zur Brustkrebstherapie,Predictors of stress among dentists during the COVID-19 epidemic
zi11812s,f608irm6,0.018786129,School Staffing: Teachers’ Perceptions,Kardiale Folgen von COVID-19
z2p33xvx,0vlkahyu,0.018786358,Measuring employment during COVID-19: challenges and opportunities,Wirksamkeit von Pflanzenprodukten gegen Herpesinfektionen
f6q172x7,bosj5jgi,0.01878653,Covering the Cover,Internetabhängige Jugendliche schlafen schlechter
yx8zoij2,bosj5jgi,0.01878653,Covering the Cover.,Internetabhängige Jugendliche schlafen schlechter
sfarwvit,pdydvgth,0.01879462,So machen Vermittler ihren Betrieb zukunftsfest,Costs of inequity.
30blmlqz,7ljhd62b,0.018798906,Covid-19: Delays in attending emergency departments may have contributed to deaths of nine children.,COVID-19 – Eine neue Herausforderung
8xtexo2z,r0x6siiq,0.018799772,Marktführer gesucht,The Impact of COVID-19 on Alcohol Consumption.
f608irm6,2rjtmpi3,0.0188041,Kardiale Folgen von COVID-19,FinTech credit firms: Prospects and uncertainties
u0cfvh6f,m5wlk26r,0.018818522,Understanding clinical trials.,COVID-19 trifft auf angeborene Herzfehler
rf9kim5p,fx92xnzt,0.018832061,Health information professionals: delivering core services and value in extraordinary times,Welche Phytos gegen Husten?
7ljhd62b,c86ezpag,0.018832825,COVID-19 – Eine neue Herausforderung,Protecting healthcare personnel from 2019-nCoV infection risks: lessons and suggestions
nkwgn3el,sfarwvit,0.018835088,Connecting clusters of COVID-19: an epidemiological and serological investigation,So machen Vermittler ihren Betrieb zukunftsfest
fouh4jhs,gqsgldzr,0.018848374,Konjunkturpaket notwendig — Rückkehr zur Schuldenbremse nicht forcieren,Characteristics of COVID-2019 in areas epidemic from imported cases
fx92xnzt,0j1xrwj3,0.018852273,Welche Phytos gegen Husten?,Computer-Human Interaction and Collaboration: Challenges and Prospects
8xtexo2z,bo4mwxy9,0.018852336,Marktführer gesucht,Framing the Origins of COVID-19
pzxrnuuj,sfarwvit,0.018852932,Supporting our Fellows and Members through COVID-19,So machen Vermittler ihren Betrieb zukunftsfest
m6f85z27,fouh4jhs,0.018856812,Care for Incarcerated Patients Hospitalized with COVID-19,Konjunkturpaket notwendig — Rückkehr zur Schuldenbremse nicht forcieren
s6sbl0me,fx92xnzt,0.018859046,The 25 Best Books of All Time for Health Promotion Professionals.,Welche Phytos gegen Husten?
16zm7rvq,d6su39tw,0.01886084,Over the baby bump.,Erfolgreiche Behandlung eines drittgradigen Pleuraempyems infolge einer COVID-19-Infektion
zbq8mvki,7ljhd62b,0.01886739,Endpoints for randomized controlled clinical trials for COVID-19 treatments,COVID-19 – Eine neue Herausforderung
sfarwvit,lfpvg1ul,0.01887402,So machen Vermittler ihren Betrieb zukunftsfest,Investigation and research on the state of clinical trials during epidemic period of COVID-19
ew3ftumt,0vlkahyu,0.018880349,Answering Key Questions About COVID-19 Vaccines.,Wirksamkeit von Pflanzenprodukten gegen Herpesinfektionen
2w9zsz4m,jkiudqwo,0.018901914,Aktuelles zur Brustkrebstherapie,Henipaviruses—A constant threat to livestock and humans
fouh4jhs,4n6por3h,0.018903064,Konjunkturpaket notwendig — Rückkehr zur Schuldenbremse nicht forcieren,Elderly people and responses to COVID-19 in 27 Countries
d5dtu8qe,0vlkahyu,0.018903766,This Scientific Life,Wirksamkeit von Pflanzenprodukten gegen Herpesinfektionen
0575yava,fx92xnzt,0.018910713,Challenges for indigenous children and youth,Welche Phytos gegen Husten?
icvf9r8t,fx92xnzt,0.018911013,Trustworthy or not? Research data on COVID-19 in data repositories,Welche Phytos gegen Husten?
19a7vgdg,zpo4us36,0.018911036,Research progress on hazards of aerosols to laboratory safety and key points for protection,Versorgung von Krebspatienten leidet
lcj2cr6j,0vlkahyu,0.018913476,"""Digital Health"" in Medical School.",Wirksamkeit von Pflanzenprodukten gegen Herpesinfektionen
sfarwvit,jyq5a4qm,0.01891397,So machen Vermittler ihren Betrieb zukunftsfest,A snapshot on COVID-19: A review
6s3px7x6,fx92xnzt,0.018924974,Classics and Novelties,Welche Phytos gegen Husten?
0y0kbtkz,sfarwvit,0.018945524,Outbreak Investigations,So machen Vermittler ihren Betrieb zukunftsfest
eb8dhgh3,ffbchp74,0.018963818,Family businesses under COVID-19: Inspiring models – Sometimes,Rechtsprechung kurz berichtet
fx92xnzt,e0l1u12s,0.018969772,Welche Phytos gegen Husten?,Best Practices for Integrating Medical Students Into Telehealth Visits
88n6hwyo,17trii16,0.018972157,Risk factors for disease progression in COVID-19 patients,Endlich mehr Honorar für COVID-19-lmpfungen
2ootfjhk,17trii16,0.018972157,Risk factors for disease progression in COVID-19 patients,Endlich mehr Honorar für COVID-19-lmpfungen
c0i1ytry,17trii16,0.018973673,[Travel insurance].,Endlich mehr Honorar für COVID-19-lmpfungen
8hwt0c6o,0vlkahyu,0.018979942,nCOVID-19: Social and Economic Impacts,Wirksamkeit von Pflanzenprodukten gegen Herpesinfektionen
yzbi7r6h,10jkk9mf,0.018981066,N-(2-(1h-indol-3-yl)ethyl)-2-(6-methoxynaphthalen-2-yl)propanamide,Celebrating our wins.
8ezcu225,oogg8jdo,0.018988086,Enquiring minds.,Manejo de los síntomas persistentes de COVID-19 en atención primaria
kux9vzn8,5evaklhc,0.01899065,Bauchlage senkt Intubationsrate bei wachen COVID-19-Patienten auf Intensivstation,Quantitative Factors and Mathematical Modeling of CoVID-19 Pandemic under Human Interventions
b6cmp02s,17trii16,0.018994741,Homebirth and homecare during COVID-19,Endlich mehr Honorar für COVID-19-lmpfungen
kxdcrchq,6ho4ox2e,0.018996563,"Remdesivir, on the road to DisCoVeRy",Pädiatrie aktuell – Forschung kurz notiert
kux9vzn8,842348st,0.01900163,Bauchlage senkt Intubationsrate bei wachen COVID-19-Patienten auf Intensivstation,Volatility Spillovers between Major International Financial Markets During the COVID-19 Pandemic
0kgykn3o,ffbchp74,0.019019736,COVID-19 deaths in children: comparison with all- and other causes and trends in incidence of mortality,Rechtsprechung kurz berichtet
17trii16,js6mfft7,0.019020395,Endlich mehr Honorar für COVID-19-lmpfungen,Risk perceptions of COVID-19 around the world
zpo4us36,3ue8ze3s,0.01902395,Versorgung von Krebspatienten leidet,Virucidal activity
2w9zsz4m,sjc2szb1,0.019030947,Aktuelles zur Brustkrebstherapie,Mobilizing Hospitals to Mobilize Patients.
xs0pxnd4,zpo4us36,0.019036558,COVID-19: Knowing the Data,Versorgung von Krebspatienten leidet
fx92xnzt,g0kdwrha,0.01903754,Welche Phytos gegen Husten?,82. Confidentiality and Patient Satisfaction in Adolescent Telehealth Visits
lj0u6ro4,cl81y08y,0.01903958,Known unknowns and unknown unknowns,Auf dem Weg zu einer nachhaltigen Mobilität
x9qaablo,0vlkahyu,0.019043313,COVID-19 impact on commodity futures volatilities,Wirksamkeit von Pflanzenprodukten gegen Herpesinfektionen
fx92xnzt,951mk9o1,0.019045787,Welche Phytos gegen Husten?,Relationships between Floodplain Lake Fish Communities and Environmental Variables in a Large River‐Floodplain Ecosystem
a0an11qf,fx92xnzt,0.019049782,School Nurses: Living the Framework During COVID-19,Welche Phytos gegen Husten?
jetow8ov,yzbi7r6h,0.019052723,"If you promise, you have to deliver.",N-(2-(1h-indol-3-yl)ethyl)-2-(6-methoxynaphthalen-2-yl)propanamide
lq92mlhs,1x33r4dw,0.019056061,Nachhaltiges Wirtschaften setzt eine nachhaltige Arbeitswelt voraus,Sports: The Infectious Hazards.
fvlc2jnl,mraycufh,0.01905704,Publishing in the time of COVID-19,"(±)-2-(2-Fluoro-[1,1′-biphenyl]-4-yl)-N-(1-phenylpropan-2-yl)propanamide"
mraycufh,2j0v461a,0.01905704,"(±)-2-(2-Fluoro-[1,1′-biphenyl]-4-yl)-N-(1-phenylpropan-2-yl)propanamide",Publishing in the time of covid.
sfarwvit,u8ysd4wr,0.019071892,So machen Vermittler ihren Betrieb zukunftsfest,Household infection: The predominant risk factor for close contacts of patients with COVID-19
sfarwvit,p7af60gi,0.019071892,So machen Vermittler ihren Betrieb zukunftsfest,Household infection: The predominant risk factor for close contacts of patients with COVID-19
fouh4jhs,4zyymjsx,0.019075396,Konjunkturpaket notwendig — Rückkehr zur Schuldenbremse nicht forcieren,Obese and hungry: two faces of a nation
o9sng03j,y3hpzj0u,0.01908266,Respiratorische Unterstützung bei COVID-19: alles zu seiner Zeit!,"Acknowledgment of Referees, 2020"
ma5oryh7,fx92xnzt,0.019089656,Story of human connection,Welche Phytos gegen Husten?
sfarwvit,backnbnb,0.019098828,So machen Vermittler ihren Betrieb zukunftsfest,Investigation of Antimicrobial Resistance Genes in Listeria monocytogenes from 2010 through to 2021
d6su39tw,1em17ixa,0.019099,Erfolgreiche Behandlung eines drittgradigen Pleuraempyems infolge einer COVID-19-Infektion,Annual Meeting Highlights
kux9vzn8,k406jf98,0.019105798,Bauchlage senkt Intubationsrate bei wachen COVID-19-Patienten auf Intensivstation,Coronavirus immunogens
tdm5ymr9,8ezcu225,0.019111317,"Bereitschaft zur Impfung mit einem COVID‑19-Vakzin – Risikoeinschätzung, Impferfahrungen und Einstellung zu Behandlungsverfahren",Enquiring minds.
z3irrfu4,a8ad4mjw,0.01911351,"Räumlich getrennt, virtuell vereint",Editorial Comment.
z3irrfu4,e6agragl,0.01911351,"Räumlich getrennt, virtuell vereint",EDITORIAL COMMENT.
z3irrfu4,7xlft1ky,0.01911351,"Räumlich getrennt, virtuell vereint",Editorial Comment
sfarwvit,w5ki7tg7,0.019125933,So machen Vermittler ihren Betrieb zukunftsfest,COVID-19 infection risk from exposure to aerosols of wastewater treatment plants
fouh4jhs,ztjikyxk,0.01912656,Konjunkturpaket notwendig — Rückkehr zur Schuldenbremse nicht forcieren,"Understanding Sustainability of Construction Products: Answers from Investors, Contractors, and Sellers of Building Materials"
s5bn5rky,ffbchp74,0.019142805,Country Quarantine During COVID-19: Critical or Not?,Rechtsprechung kurz berichtet
7htbxid6,ffbchp74,0.019144822,COVID-19 and the acknowledgement of children as stakeholders of the tourism industry,Rechtsprechung kurz berichtet
d1cjcd7g,fouh4jhs,0.019148424,Overlapping risks.,Konjunkturpaket notwendig — Rückkehr zur Schuldenbremse nicht forcieren
d6su39tw,kzug9lpm,0.019150585,Erfolgreiche Behandlung eines drittgradigen Pleuraempyems infolge einer COVID-19-Infektion,Publisher's Note
9vd82r6l,6ho4ox2e,0.019157192,A glimmer of hope for the most vulnerable,Pädiatrie aktuell – Forschung kurz notiert
vs7i6io5,fx92xnzt,0.01917219,Modeling transmission of pathogens in healthcare settings,Welche Phytos gegen Husten?
gocx5e7v,fx92xnzt,0.019176455,Traumatic Times [MicroBusiness],Welche Phytos gegen Husten?
fncbuvt7,m5wlk26r,0.019195542,"Operation of gyms and fitness clubs during the covid-19 pandemic – financial, legal, and organisational conditions",COVID-19 trifft auf angeborene Herzfehler
sfarwvit,ysdw31nq,0.019197796,So machen Vermittler ihren Betrieb zukunftsfest,COVID-19's U.S. Temperature Response Profile
vskya7f0,rqb19icj,0.019199323,So viele Praxen haben Kurzarbeit angemeldet,Experiences of family caregivers of patients with COVID-19
kux9vzn8,ptxwnbhf,0.01920105,Bauchlage senkt Intubationsrate bei wachen COVID-19-Patienten auf Intensivstation,Investigating people's anxieties and concerns about COVID-19
4dolxwet,mdd60ic7,0.019216029,Schützt Androgenblockade bei Prostatakarzinom vor schwerem COVID-19-Verlauf?,Acknowledgement to Referees
4dolxwet,0ngl3naa,0.019216029,Schützt Androgenblockade bei Prostatakarzinom vor schwerem COVID-19-Verlauf?,Acknowledgement to Referees
4dolxwet,se2s9c5j,0.019216029,Schützt Androgenblockade bei Prostatakarzinom vor schwerem COVID-19-Verlauf?,Acknowledgement to Referees
4dolxwet,eej8qb9t,0.019216029,Schützt Androgenblockade bei Prostatakarzinom vor schwerem COVID-19-Verlauf?,Acknowledgement to Referees.
4dolxwet,2un48l2e,0.019216029,Schützt Androgenblockade bei Prostatakarzinom vor schwerem COVID-19-Verlauf?,Acknowledgement to Referees
4dolxwet,s4bobqls,0.019216029,Schützt Androgenblockade bei Prostatakarzinom vor schwerem COVID-19-Verlauf?,Acknowledgement to referees
4dolxwet,dbo18qfk,0.019216029,Schützt Androgenblockade bei Prostatakarzinom vor schwerem COVID-19-Verlauf?,Acknowledgement to Referees
4dolxwet,rh9bx841,0.019216029,Schützt Androgenblockade bei Prostatakarzinom vor schwerem COVID-19-Verlauf?,Acknowledgement to Referees
sfarwvit,t1wg0zb7,0.019219948,So machen Vermittler ihren Betrieb zukunftsfest,State of the evidence: a survey of global disparities in clinical trials
8ezcu225,yor8o1xq,0.019224726,Enquiring minds.,Urticaire de l’enfant
5r2leevd,8d3z6dfw,0.01922595,Kündigung – Maskenpflicht – Anforderungen an ein Attest zur Befreiung : KSchG 1;BGB 242,COVID-19: biological factors in men's vulnerability
mje2exwt,fx92xnzt,0.019227082,Correction Details,Welche Phytos gegen Husten?
kux9vzn8,5iqu5iiz,0.019231461,Bauchlage senkt Intubationsrate bei wachen COVID-19-Patienten auf Intensivstation,Secondary bacterial infections in patients with covid-19
g3o1lnfz,ffbchp74,0.019234275,Genomic search for COVID-19 severity clues,Rechtsprechung kurz berichtet
sfarwvit,cefi9krm,0.019237028,So machen Vermittler ihren Betrieb zukunftsfest,The perils of preprints
yqgcdt2n,fx92xnzt,0.01924085,The Value of the Tree of Life,Welche Phytos gegen Husten?
2w9zsz4m,ylly7loe,0.019241646,Aktuelles zur Brustkrebstherapie,Probability of Current COVID-19 Outbreaks in All US Counties
0j3da3wl,fx92xnzt,0.019246446,Knowing the goal: an inclusive economy that can address the public health challenges of our time,Welche Phytos gegen Husten?
gjwoezfa,2w9zsz4m,0.019263454,Neurology: Seizures in younger dogs and cats,Aktuelles zur Brustkrebstherapie
2w9zsz4m,n3fjos4l,0.0192679,Aktuelles zur Brustkrebstherapie,Exploration of potential risk factors for COVID-19 severity in patients participating in oncology clinical trials
7ljhd62b,47ol5hek,0.019269835,COVID-19 – Eine neue Herausforderung,Association between Variability of Metabolic Risk Factors and Cardiometabolic Outcomes
fh4s6y70,8xtexo2z,0.01927354,Setting the Limits of Consultations,Marktführer gesucht
m5wlk26r,jve61swg,0.019279424,COVID-19 trifft auf angeborene Herzfehler,Racial and Ethnic Disparities in COVID-19: Evidence from Six Large Cities
mp287198,fouh4jhs,0.019286687,"Secondary hemophagocytic lymphohistiocytosis, HScore and COVID-19",Konjunkturpaket notwendig — Rückkehr zur Schuldenbremse nicht forcieren
2jw52x9o,0vlkahyu,0.019293668,The impact of COVID-19 on local government stakeholders' perspectives on local food production,Wirksamkeit von Pflanzenprodukten gegen Herpesinfektionen
zpo4us36,2mtfe7p1,0.019295976,Versorgung von Krebspatienten leidet,Industry News
6eckggwm,fx92xnzt,0.019298565,Biomaterial and Therapeutic Applications,Welche Phytos gegen Husten?
ekkf4hc2,2w9zsz4m,0.019301508,Physicians Abstracts,Aktuelles zur Brustkrebstherapie
pdiugu3w,d1q2a446,0.01930572,Schlange stehen für einen Piks,Issues and Events
pdiugu3w,n0gyhuve,0.01930572,Schlange stehen für einen Piks,Issues and Events
sy9p8a8k,6ho4ox2e,0.019313533,Initial Observations of COVID-19 in US Children,Pädiatrie aktuell – Forschung kurz notiert
zykiqask,zpo4us36,0.019320158,Regional entrepreneurial ecosystems: learning from forest ecosystems,Versorgung von Krebspatienten leidet
y74zr7fn,6ho4ox2e,0.019320307,"To immunosuppress: whom, when and how? That is the question with COVID-19",Pädiatrie aktuell – Forschung kurz notiert
mkyhlb8w,sfarwvit,0.019320779,World News.,So machen Vermittler ihren Betrieb zukunftsfest
kmsz4jdk,46z4663u,0.019327823,Hyperlipasemia in Hospitalized COVID-19 Patients,Endlich Farbe bekennen
3dqljzjm,8mfjlpkp,0.019338727,An EUA for tocilizumab (Actemra) for COVID-19,This too shall pass.
2jw52x9o,fx92xnzt,0.019348482,The impact of COVID-19 on local government stakeholders' perspectives on local food production,Welche Phytos gegen Husten?
fx92xnzt,hexeewux,0.019351562,Welche Phytos gegen Husten?,Telecardiology during the Covid-19 pandemic: past mistakes and future hopes.
0cmq4kev,3dqljzjm,0.019353611,This usually goes much better than this.,An EUA for tocilizumab (Actemra) for COVID-19
ffbchp74,iuv6n0l7,0.019357797,Rechtsprechung kurz berichtet,The Adjacent Possible in Primary Care.
ffbchp74,vl71x65z,0.019361421,Rechtsprechung kurz berichtet,Three important events to reaffirm three important elements in global COVID-19 management
ekkf4hc2,17trii16,0.019362578,Physicians Abstracts,Endlich mehr Honorar für COVID-19-lmpfungen
y71oxj6u,fx92xnzt,0.019367581,Volume 6 Indexes,Welche Phytos gegen Husten?
2w9zsz4m,758irfoj,0.019369237,Aktuelles zur Brustkrebstherapie,Drugs being investigated for children with COVID-19
6eewbhh3,ffbchp74,0.019373152,Interpreting Transmissibility of COVID-19 in Children,Rechtsprechung kurz berichtet
17trii16,wvcabi5j,0.019388247,Endlich mehr Honorar für COVID-19-lmpfungen,Parasitology in the times of COVID-19
ikdfxl8f,kux9vzn8,0.019389685,Cardiovascular manifestations of COVID-19,Bauchlage senkt Intubationsrate bei wachen COVID-19-Patienten auf Intensivstation
kux9vzn8,yqbbep8v,0.019389685,Bauchlage senkt Intubationsrate bei wachen COVID-19-Patienten auf Intensivstation,[Cardiovascular manifestations of COVID-19]
pyc7gj1p,6ho4ox2e,0.019397521,Face masks - a sustainable measure to mitigate COVID-19,Pädiatrie aktuell – Forschung kurz notiert
sfarwvit,bbih3qdm,0.019403357,So machen Vermittler ihren Betrieb zukunftsfest,"Facts, not Fear: Safety of Hydroxychloroquine."
fxiexil9,2w9zsz4m,0.019409783,Killer queens and supergenes.,Aktuelles zur Brustkrebstherapie
mopha671,m5wlk26r,0.019413855,"Gender, age and comorbidities as the main prognostic factors in patients with COVID-19 pneumonia",COVID-19 trifft auf angeborene Herzfehler
8xtexo2z,4e9rqj21,0.019417785,Marktführer gesucht,Immunophenotyping for Risk Stratification of Patients with COVID-19
hesoiyvt,0vlkahyu,0.019421361,"SoSyM reflections: the 2020 ""State of the Journal"" report",Wirksamkeit von Pflanzenprodukten gegen Herpesinfektionen
ol3sih3x,f608irm6,0.019421771,Kaggle Competitions in the Classroom: Retrospectives and Recommendations,Kardiale Folgen von COVID-19
vz19fv9d,0vlkahyu,0.019422807,Technological infrastructure for remote classes in Brazilian public schools during the COVID-19 pandemic,Wirksamkeit von Pflanzenprodukten gegen Herpesinfektionen
17trii16,w6n32mfk,0.019433798,Endlich mehr Honorar für COVID-19-lmpfungen,Flavivirus Persistence in Wildlife Populations
i6x2enlw,17trii16,0.019434683,Anaphylaxis on COVID-19 Vaccines,Endlich mehr Honorar für COVID-19-lmpfungen
xslady0w,17trii16,0.019440275,Job Hunting,Endlich mehr Honorar für COVID-19-lmpfungen
xamgedfq,p81l6zvz,0.019442016,Variability Matters,Systemische Immunsuppression in Zeiten von COVID‐19: Müssen wir umdenken?
fouh4jhs,g8a930tu,0.019443259,Konjunkturpaket notwendig — Rückkehr zur Schuldenbremse nicht forcieren,Skin of Infants and Children: Dermatological Manifestations of COVID-19 in Children.
4coluqp2,17trii16,0.01944927,Structures of the Mononegavirales Polymerases,Endlich mehr Honorar für COVID-19-lmpfungen
l720mqb6,a9jyx7wb,0.01944998,Aus der Not eine Tugend gemacht,Risk Factors of COVID-19 Patients
2w9zsz4m,z74mk342,0.019453214,Aktuelles zur Brustkrebstherapie,Infections: Viruses
7ljhd62b,sax7qc85,0.019456733,COVID-19 – Eine neue Herausforderung,Tocilizumab in Hospitalized Patients With COVID-19 Pneumonia
oyplh9cn,fouh4jhs,0.019457562,Neurological manifestations as primary presentation of COVID‐19 in hospitalized patients,Konjunkturpaket notwendig — Rückkehr zur Schuldenbremse nicht forcieren
efdjg5g1,7ljhd62b,0.019459039,Glucocorticoids save lives in COVID-19 patients,COVID-19 – Eine neue Herausforderung
l94e36mn,fx92xnzt,0.019466856,Sustainability and Resilience of Emerging Cities in Times of COVID-19,Welche Phytos gegen Husten?
sfarwvit,ck8cqbtj,0.019477578,So machen Vermittler ihren Betrieb zukunftsfest,COVID-19 and obesity: specific clinical and laboratory features
dzzxxztl,fx92xnzt,0.01949111,Clinical characteristics of nutritional indicators in patients with Covid-19,Welche Phytos gegen Husten?
iw6ooopp,bhimxnxq,0.019510116,COVID-19-Pandemie: Was wissen wir – was können wir empfehlen?: Ein Kommentar der Herausgeber,Serological characteristics of COVID-19 patients.
qzq9zq8k,fx92xnzt,0.019512055,Health professional students' perceptions and experiences of remote learning during the COVID-19 pandemic,Welche Phytos gegen Husten?
7kj3ttsm,8xtexo2z,0.019515444,The molecular footprints of COVID-19,Marktführer gesucht
ffbchp74,gqsgldzr,0.019515548,Rechtsprechung kurz berichtet,Characteristics of COVID-2019 in areas epidemic from imported cases
dzzxxztl,fouh4jhs,0.01951903,Clinical characteristics of nutritional indicators in patients with Covid-19,Konjunkturpaket notwendig — Rückkehr zur Schuldenbremse nicht forcieren
860rjeug,fx92xnzt,0.019520022,Introductions to the Community: Early-Career Researchers in the Time of COVID-19,Welche Phytos gegen Husten?
zh834e6j,fx92xnzt,0.019520022,Introductions to the Community: Early-Career Researchers in the Time of COVID-19.,Welche Phytos gegen Husten?
x6yqxgg9,fx92xnzt,0.019520022,Introductions to the Community: Early-Career Researchers in the Time of COVID-19,Welche Phytos gegen Husten?
ci0hf70x,17trii16,0.019532211,Do doctors have to have the covid-19 vaccine?,Endlich mehr Honorar für COVID-19-lmpfungen
p81l6zvz,oixxx7vg,0.019532219,Systemische Immunsuppression in Zeiten von COVID‐19: Müssen wir umdenken?,Health coaching.
qkc0v9xq,f608irm6,0.019533424,MLFW: A Database for Face Recognition on Masked Faces,Kardiale Folgen von COVID-19
lq92mlhs,ol3sih3x,0.01953905,Nachhaltiges Wirtschaften setzt eine nachhaltige Arbeitswelt voraus,Kaggle Competitions in the Classroom: Retrospectives and Recommendations
pbflhjz0,kcl0uzdg,0.019540492,Clinical characteristics and outcomes of COVID-19 patients with prediabetes,Budesonid verhindert bei COVID-19 Übergang zu schwerem Verlauf
mdd60ic7,gx6ikkwm,0.019542744,Acknowledgement to Referees,Verbraucherverschuldung und -überschuldung in Zeiten von COVID-19
gx6ikkwm,se2s9c5j,0.019542744,Verbraucherverschuldung und -überschuldung in Zeiten von COVID-19,Acknowledgement to Referees
gx6ikkwm,0ngl3naa,0.019542744,Verbraucherverschuldung und -überschuldung in Zeiten von COVID-19,Acknowledgement to Referees
gx6ikkwm,eej8qb9t,0.019542744,Verbraucherverschuldung und -überschuldung in Zeiten von COVID-19,Acknowledgement to Referees.
gx6ikkwm,2un48l2e,0.019542744,Verbraucherverschuldung und -überschuldung in Zeiten von COVID-19,Acknowledgement to Referees
gx6ikkwm,s4bobqls,0.019542744,Verbraucherverschuldung und -überschuldung in Zeiten von COVID-19,Acknowledgement to referees
gx6ikkwm,dbo18qfk,0.019542744,Verbraucherverschuldung und -überschuldung in Zeiten von COVID-19,Acknowledgement to Referees
gx6ikkwm,rh9bx841,0.019542744,Verbraucherverschuldung und -überschuldung in Zeiten von COVID-19,Acknowledgement to Referees
eb8dhgh3,fouh4jhs,0.019545892,Family businesses under COVID-19: Inspiring models – Sometimes,Konjunkturpaket notwendig — Rückkehr zur Schuldenbremse nicht forcieren
qj0nwynn,ffbchp74,0.019548697,Innovating past barriers,Rechtsprechung kurz berichtet
7ljhd62b,yrcbqi3j,0.019549012,COVID-19 – Eine neue Herausforderung,"Contacts of healthcare workers, patients and visitors in general wards in Singapore."
k0xqoyx8,29xi5zs5,0.019551914,Stille Hypoxie bei COVID-19: Eine Fallserie,Hematologic Complications
8o7ebixz,6ho4ox2e,0.019562561,Identification of the Most Critical Factors in Bankruptcy Prediction and Credit Classification of Companies,Pädiatrie aktuell – Forschung kurz notiert
xqhxra2p,kmsz4jdk,0.019571558,Akutrehabilitation nach COVID‑19‑Infektion: Eine ausgewählte Fallserie,Hyperlipasemia in Hospitalized COVID-19 Patients
y1wpc0dk,kdol990p,0.01957629,People + Companies,Jeden Verdacht melden!
kdol990p,9bdiz5pz,0.01957629,Jeden Verdacht melden!,People + Companies
sfarwvit,gfoe9x2c,0.019577399,So machen Vermittler ihren Betrieb zukunftsfest,Predictors of morbidity and mortality in COVID-19
x7o8v1rl,ffbchp74,0.019581633,Elastomeric Respirators for All Healthcare Workers,Rechtsprechung kurz berichtet
m1bj3917,kux9vzn8,0.01959051,COVID-19 DATA FROM THE PRIMARY CARE POPULATION OF THE CAPTURE STUDY,Bauchlage senkt Intubationsrate bei wachen COVID-19-Patienten auf Intensivstation
8axyyj0y,0vlkahyu,0.01959502,Anthropological Perspectives on the Health Transition,Wirksamkeit von Pflanzenprodukten gegen Herpesinfektionen
7ljhd62b,p0e9lolf,0.019595567,COVID-19 – Eine neue Herausforderung,Nursing Home Staff Networks and COVID-19
kux9vzn8,gfoe9x2c,0.019595718,Bauchlage senkt Intubationsrate bei wachen COVID-19-Patienten auf Intensivstation,Predictors of morbidity and mortality in COVID-19
xtvj6yyj,vskya7f0,0.019597176,Legaltech in Public Administration: Prospects and Challenges,So viele Praxen haben Kurzarbeit angemeldet
ry1gk2eh,3dqljzjm,0.01959795,The knowledge norm of assertion: keep it simple,An EUA for tocilizumab (Actemra) for COVID-19
zudabpei,m5wlk26r,0.019601038,COVID-19 Deaths: Reasons and Rationale,COVID-19 trifft auf angeborene Herzfehler
jzoj084m,pdiugu3w,0.01960298,COVID-19: Risk factors for critical illness,Schlange stehen für einen Piks
m1tx74tc,0vlkahyu,0.019609721,Guest editorial,Wirksamkeit von Pflanzenprodukten gegen Herpesinfektionen
8mdet6dx,ffbchp74,0.019615186,Learning Invariant Representations across Domains and Tasks,Rechtsprechung kurz berichtet
k0xqoyx8,07xwlau9,0.019618368,Stille Hypoxie bei COVID-19: Eine Fallserie,Respiratory Diseases of Rodents
xqhxra2p,rkm0mv2x,0.019619167,Akutrehabilitation nach COVID‑19‑Infektion: Eine ausgewählte Fallserie,Challenges of caregiving to neurological patients
ji2t9izt,hrbxg1yg,0.019623017,NEWS can predict deterioration of patients with COVID-19,Es gibt Hoffnung
jm412em4,17trii16,0.01962356,Not COVID Toes: Pool Palms and Feet in Pediatric Patients.,Endlich mehr Honorar für COVID-19-lmpfungen
3v5ss87p,fx92xnzt,0.01962398,Publishing during COVID‐19: Lessons for health professions education research,Welche Phytos gegen Husten?
7ljhd62b,29l6w4yn,0.019627912,COVID-19 – Eine neue Herausforderung,COVID-19—the risk of secondary transmission among households quantified
2qe2raf3,7ljhd62b,0.019627918,"Primary hand motor representation areas in healthy children, preadolescents, adolescents, and adults",COVID-19 – Eine neue Herausforderung
kux9vzn8,rpqda9pq,0.019630311,Bauchlage senkt Intubationsrate bei wachen COVID-19-Patienten auf Intensivstation,COVID-19 targets human adrenal glands
p81l6zvz,e6a03b5e,0.019630495,Systemische Immunsuppression in Zeiten von COVID‐19: Müssen wir umdenken?,Government agencies.
c9xmzst6,0vlkahyu,0.019634465,The challenges of international comparisons of COVID-19,Wirksamkeit von Pflanzenprodukten gegen Herpesinfektionen
2w9zsz4m,g4ykrivv,0.019636892,Aktuelles zur Brustkrebstherapie,COVID-19 outcomes in patients with hematologic disease
sfarwvit,po9mtuaq,0.01963867,So machen Vermittler ihren Betrieb zukunftsfest,Patient perspective of participation in COVID-19 clinical trials
kc5owunn,17trii16,0.019640088,Public Health and Disasters,Endlich mehr Honorar für COVID-19-lmpfungen
mwd5zkxj,fx92xnzt,0.019640308,Mobile Educational Applications: Remote Usability Study,Welche Phytos gegen Husten?
ryq1asf3,cl81y08y,0.01964122,Geographical Readings of COVID-19,Auf dem Weg zu einer nachhaltigen Mobilität
e96dt5ww,kcl0uzdg,0.01964425,Dental Aerosols,Budesonid verhindert bei COVID-19 Übergang zu schwerem Verlauf
e6a03b5e,17trii16,0.019646337,Government agencies.,Endlich mehr Honorar für COVID-19-lmpfungen
kux9vzn8,hzip08oy,0.019648531,Bauchlage senkt Intubationsrate bei wachen COVID-19-Patienten auf Intensivstation,Benzothiazoles as potential antiviral agents
kux9vzn8,f4weargw,0.019650366,Bauchlage senkt Intubationsrate bei wachen COVID-19-Patienten auf Intensivstation,ROTAVIRUS INFECTIONS OF NEONATES
yl0gtmu9,fx92xnzt,0.019650992,"An analysis of the relationships between human, technological and physical factors in the retail banking sector",Welche Phytos gegen Husten?
kux9vzn8,i7fs68g5,0.019654116,Bauchlage senkt Intubationsrate bei wachen COVID-19-Patienten auf Intensivstation,Infectious Diseases of Children
nc7tor08,7ljhd62b,0.019660281,"Presenteeism in Nurses: Prevalence, Consequences, and Causes From the Perspectives of Nurses and Chief Nurses",COVID-19 – Eine neue Herausforderung
d6su39tw,rqhafbza,0.019664025,Erfolgreiche Behandlung eines drittgradigen Pleuraempyems infolge einer COVID-19-Infektion,Barriers to Mental Health Services for Parents and Siblings of Children with Special Health Care Needs
4nhxmlad,sfarwvit,0.019664185,Neuropsychiatric Complications of COVID-19,So machen Vermittler ihren Betrieb zukunftsfest
x9z9wb6v,0vlkahyu,0.019678066,Work from Home During the Pandemic: The Impact of Organizational Factors on the Productivity of Employees in the IT Industry,Wirksamkeit von Pflanzenprodukten gegen Herpesinfektionen
17trii16,r7bopbxx,0.019680446,Endlich mehr Honorar für COVID-19-lmpfungen,Our Shared Purpose: Strength in Community
8ezcu225,nt825lnq,0.019688189,Enquiring minds.,La farmacia hospitalaria en tiempos de COVID-19
5iqu5iiz,sfarwvit,0.019695401,Secondary bacterial infections in patients with covid-19,So machen Vermittler ihren Betrieb zukunftsfest
0mn5b0vv,7ljhd62b,0.019699426,Response to Damiani and colleagues,COVID-19 – Eine neue Herausforderung
g971pmnp,0vlkahyu,0.019700708,The readability of official public health information on COVID‐19,Wirksamkeit von Pflanzenprodukten gegen Herpesinfektionen
kux9vzn8,wxjssuru,0.019704785,Bauchlage senkt Intubationsrate bei wachen COVID-19-Patienten auf Intensivstation,Clinical features and potential risk factors for discerning the critical cases and predicting the outcome of patients with COVID-19
3dqljzjm,emtgt4ep,0.019706115,An EUA for tocilizumab (Actemra) for COVID-19,Connection in a time of disconnection
8ezcu225,m3wm5wly,0.019710908,Enquiring minds.,La GESTIÓN de la PANDEMIA de COVID-19 EN las RESIDENCIAS GERIÁTRICAS de CATALUÑA
mdd60ic7,nhrlm38k,0.019711336,Acknowledgement to Referees,Empfehlungen zur intensivmedizinischen Therapie von Patienten mit COVID-19
nhrlm38k,0ngl3naa,0.019711336,Empfehlungen zur intensivmedizinischen Therapie von Patienten mit COVID-19,Acknowledgement to Referees
nhrlm38k,se2s9c5j,0.019711336,Empfehlungen zur intensivmedizinischen Therapie von Patienten mit COVID-19,Acknowledgement to Referees
nhrlm38k,eej8qb9t,0.019711336,Empfehlungen zur intensivmedizinischen Therapie von Patienten mit COVID-19,Acknowledgement to Referees.
nhrlm38k,s4bobqls,0.019711336,Empfehlungen zur intensivmedizinischen Therapie von Patienten mit COVID-19,Acknowledgement to referees
nhrlm38k,2un48l2e,0.019711336,Empfehlungen zur intensivmedizinischen Therapie von Patienten mit COVID-19,Acknowledgement to Referees
nhrlm38k,dbo18qfk,0.019711336,Empfehlungen zur intensivmedizinischen Therapie von Patienten mit COVID-19,Acknowledgement to Referees
nhrlm38k,rh9bx841,0.019711336,Empfehlungen zur intensivmedizinischen Therapie von Patienten mit COVID-19,Acknowledgement to Referees
33nezniw,fx92xnzt,0.019713614,Reproducibility of step tests in patients with bronchiectasis.,Welche Phytos gegen Husten?
tgk61fds,f608irm6,0.01971505,COVID-19 Vaccines in Children and Adolescents,Kardiale Folgen von COVID-19
lq92mlhs,g8a930tu,0.019715492,Nachhaltiges Wirtschaften setzt eine nachhaltige Arbeitswelt voraus,Skin of Infants and Children: Dermatological Manifestations of COVID-19 in Children.
4zeaybg9,ffbchp74,0.019722113,AECNet: Attentive EfficientNet for Crowd Counting,Rechtsprechung kurz berichtet
iw6ooopp,kmsz4jdk,0.019736448,COVID-19-Pandemie: Was wissen wir – was können wir empfehlen?: Ein Kommentar der Herausgeber,Hyperlipasemia in Hospitalized COVID-19 Patients
6603ephy,6ho4ox2e,0.019737443,Covid-19 vaccines for kids,Pädiatrie aktuell – Forschung kurz notiert
6ho4ox2e,qga9663z,0.019737443,Pädiatrie aktuell – Forschung kurz notiert,Coronapod: Kids and COVID vaccines.
2w9zsz4m,po19keqv,0.019745976,Aktuelles zur Brustkrebstherapie,Myocardial injury and risk factors for mortality in patients with COVID-19 pneumonia
mrdg743n,3flfngu0,0.019748805,Recruiting Residents During COVID-19,Was bitte ist denn »Molekularbiologie«?
zsadls45,0y0pi54f,0.019750765,"COVID‐19, children and schools: overlooked and at risk",Bereit: Von der Normalstation zur Covid-19-Überwachungsstation
fouh4jhs,bzu0vp9q,0.019752959,Konjunkturpaket notwendig — Rückkehr zur Schuldenbremse nicht forcieren,Risk factors and electrocardiogram characteristics for mortality of critical inpatients with COVID-19
qm0y1ftw,17trii16,0.01975674,Exploring the Impact of COVID-19 on Family Caregivers of Persons Living With Dementia in the Community,Endlich mehr Honorar für COVID-19-lmpfungen
4rrs7g3i,17trii16,0.01975674,Exploring the Impact of COVID-19 on Family Caregivers of Persons Living With Dementia in the Community,Endlich mehr Honorar für COVID-19-lmpfungen
kkzvzb8r,8ezcu225,0.019760111,RCT zur Radiatio gegen COVID-19,Enquiring minds.
cvlk80fl,0vlkahyu,0.01976506,News and Announcements,Wirksamkeit von Pflanzenprodukten gegen Herpesinfektionen
0vlkahyu,85atx0zp,0.01976506,Wirksamkeit von Pflanzenprodukten gegen Herpesinfektionen,News and Announcements
8pahqgha,fx92xnzt,0.019768137,Foresight City,Welche Phytos gegen Husten?
txha6ibk,m5wlk26r,0.019771867,Evolutionary conflicts and adverse effects of antiviral factors,COVID-19 trifft auf angeborene Herzfehler
fouh4jhs,sv73oe5x,0.019772777,Konjunkturpaket notwendig — Rückkehr zur Schuldenbremse nicht forcieren,Medicines for millions of patients
o5x72g1a,hrbxg1yg,0.01977849,Research Focus: Protas,Es gibt Hoffnung
7nnci4oq,0vlkahyu,0.019786306,Trends in US Health Insurance Coverage During the COVID-19 Pandemic,Wirksamkeit von Pflanzenprodukten gegen Herpesinfektionen
jiq6uxbw,0vlkahyu,0.019788072,Work-life balance.,Wirksamkeit von Pflanzenprodukten gegen Herpesinfektionen
znsjqn3m,sfarwvit,0.019789983,Class - the ignored determinant of the nation's health.,So machen Vermittler ihren Betrieb zukunftsfest
sfarwvit,49xllcu2,0.019797347,So machen Vermittler ihren Betrieb zukunftsfest,State of the climate in 2020
mln07ka4,fouh4jhs,0.019800326,COVID-19 mortality risk for older men and women,Konjunkturpaket notwendig — Rückkehr zur Schuldenbremse nicht forcieren
pci9c20a,ffbchp74,0.019800566,Surface swabbing could predict COVID-19 cases,Rechtsprechung kurz berichtet
lw7bnxy6,2w9zsz4m,0.019804157,Keep mental health in mind,Aktuelles zur Brustkrebstherapie
2w9zsz4m,agbaiplw,0.019804157,Aktuelles zur Brustkrebstherapie,Keep mental health in mind.
3b8v5wju,7ljhd62b,0.019809075,Retinal findings in patients with COVID-19,COVID-19 – Eine neue Herausforderung
bpz6skgv,m5wlk26r,0.019810513,Critical care,COVID-19 trifft auf angeborene Herzfehler
d6su39tw,021yl3lg,0.019815857,Erfolgreiche Behandlung eines drittgradigen Pleuraempyems infolge einer COVID-19-Infektion,Fear and Worrying About Health
n54036de,6ho4ox2e,0.019820265,COVID-19 in children: reasons for uneventful clinical course,Pädiatrie aktuell – Forschung kurz notiert
2w9zsz4m,m6f85z27,0.019820973,Aktuelles zur Brustkrebstherapie,Care for Incarcerated Patients Hospitalized with COVID-19
ci1dt2cv,fx92xnzt,0.01983306,Ensemble Machine Learning of Factors Influencing COVID-19 Across US Counties,Welche Phytos gegen Husten?
wwuebui7,wq612zzs,0.019843046,Events calendar,Coronaimpfung: Ärztliche Beratung kann Impfbereitschaft steigern
an3twhzi,wq612zzs,0.019843046,Events calendar,Coronaimpfung: Ärztliche Beratung kann Impfbereitschaft steigern
uk6m7ry1,wq612zzs,0.019843046,Events calendar,Coronaimpfung: Ärztliche Beratung kann Impfbereitschaft steigern
ffbchp74,c4szyk26,0.01984353,Rechtsprechung kurz berichtet,"Trials and tribulations: so many potential treatments, so few answers"
3ekxc20y,emzgqxj7,0.01984957,dvs Informationen,Looking Beyond: Toward a Psychoanalytic Future.
fx92xnzt,cmf1sito,0.019849887,Welche Phytos gegen Husten?,Ecological Niche Modeling: An Introduction for Veterinarians and Epidemiologists
3b8v5wju,m5wlk26r,0.019856423,Retinal findings in patients with COVID-19,COVID-19 trifft auf angeborene Herzfehler
7c2rw1f5,7ljhd62b,0.01985988,Editors’ page,COVID-19 – Eine neue Herausforderung
7ljhd62b,w6vbc2ak,0.019862069,COVID-19 – Eine neue Herausforderung,"COVID-19 in childhood: Transmission, clinical presentation, complications and risk factors"
7ljhd62b,wvcabi5j,0.01986517,COVID-19 – Eine neue Herausforderung,Parasitology in the times of COVID-19
r68za4cr,m5wlk26r,0.019873928,The safeguarding implications of COVID-19,COVID-19 trifft auf angeborene Herzfehler
2w9zsz4m,l9z309su,0.01987666,Aktuelles zur Brustkrebstherapie,COVID-19 and the violence against women and girls: 'The shadow pandemic'
93l3fsra,d6su39tw,0.019878034,Guest editors-in-chief note to COVID-19 special issue,Erfolgreiche Behandlung eines drittgradigen Pleuraempyems infolge einer COVID-19-Infektion
gocx5e7v,hrbxg1yg,0.019880606,Traumatic Times [MicroBusiness],Es gibt Hoffnung
4gyoxd6j,sfarwvit,0.019891765,"Characteristics and outcomes of an international cohort of 400,000 hospitalised patients with Covid-19",So machen Vermittler ihren Betrieb zukunftsfest
k0xqoyx8,hq6y67rz,0.019896379,Stille Hypoxie bei COVID-19: Eine Fallserie,Courses and Conferences
fvlc2jnl,yzbi7r6h,0.019897347,Publishing in the time of COVID-19,N-(2-(1h-indol-3-yl)ethyl)-2-(6-methoxynaphthalen-2-yl)propanamide
yzbi7r6h,2j0v461a,0.019897347,N-(2-(1h-indol-3-yl)ethyl)-2-(6-methoxynaphthalen-2-yl)propanamide,Publishing in the time of covid.
7kj3ttsm,kcl0uzdg,0.019899372,The molecular footprints of COVID-19,Budesonid verhindert bei COVID-19 Übergang zu schwerem Verlauf
wud08mb0,fouh4jhs,0.01990429,The Perception of Market and Economic Risks by Owners and Managers of Enterprises in the V4 Countries,Konjunkturpaket notwendig — Rückkehr zur Schuldenbremse nicht forcieren
nrdlnw7d,0vlkahyu,0.019908912,"Design Research Education and Global Concerns,",Wirksamkeit von Pflanzenprodukten gegen Herpesinfektionen
v5o2vz2d,0vlkahyu,0.019911302,All Eyes on Me,Wirksamkeit von Pflanzenprodukten gegen Herpesinfektionen
rp5lkicy,8xtexo2z,0.019912187,"COVID-19 Impacts on Cycling, 2019–2020",Marktführer gesucht
rnvd8vyx,fx92xnzt,0.019919658,The Rural and Nature Tourism Development Potential in Islands,Welche Phytos gegen Husten?
p81l6zvz,yvq1y7ee,0.019925246,Systemische Immunsuppression in Zeiten von COVID‐19: Müssen wir umdenken?,"CrossFit® – Development, Benefits and Risks"
qzq9zq8k,0vlkahyu,0.019925997,Health professional students' perceptions and experiences of remote learning during the COVID-19 pandemic,Wirksamkeit von Pflanzenprodukten gegen Herpesinfektionen
p4ettcgi,m5wlk26r,0.019935813,Serological Tests for COVID‐19: Potential Opportunities,COVID-19 trifft auf angeborene Herzfehler
6603ephy,m5wlk26r,0.01993837,Covid-19 vaccines for kids,COVID-19 trifft auf angeborene Herzfehler
m5wlk26r,qga9663z,0.01993837,COVID-19 trifft auf angeborene Herzfehler,Coronapod: Kids and COVID vaccines.
oyplh9cn,hrbxg1yg,0.019946339,Neurological manifestations as primary presentation of COVID‐19 in hospitalized patients,Es gibt Hoffnung
fd9vwx42,g3ypisig,0.01994879,Focused and Other,Riechstörungen bei COVID-19 – aktueller Wissensstand
kux9vzn8,6mxq2iba,0.019951139,Bauchlage senkt Intubationsrate bei wachen COVID-19-Patienten auf Intensivstation,Justice Matters: Spiritual Care and Pastoral Theological Imaginations in Times of the COVID-19 Pandemic
k0523jk2,0vlkahyu,0.019959208,Semiconductor materials and devices for medical and environmental applications,Wirksamkeit von Pflanzenprodukten gegen Herpesinfektionen
830s7qzn,0vlkahyu,0.019960634,Mental health of Filipino seafarers and its implications for seafarers' education,Wirksamkeit von Pflanzenprodukten gegen Herpesinfektionen
kux9vzn8,4ymva33n,0.01996274,Bauchlage senkt Intubationsrate bei wachen COVID-19-Patienten auf Intensivstation,Psychological factors and consumer behavior during the COVID-19 pandemic
0575yava,0vlkahyu,0.019966077,Challenges for indigenous children and youth,Wirksamkeit von Pflanzenprodukten gegen Herpesinfektionen
vdw27qug,0vlkahyu,0.019969579,Economic Coping with COVID-19: A Conceptual Note,Wirksamkeit von Pflanzenprodukten gegen Herpesinfektionen
p4ettcgi,0vlkahyu,0.019971749,Serological Tests for COVID‐19: Potential Opportunities,Wirksamkeit von Pflanzenprodukten gegen Herpesinfektionen
fx92xnzt,ixnscpqv,0.019982308,Welche Phytos gegen Husten?,Major advances in neuroinfectious diseases in the past two decades
d6su39tw,367c1yt3,0.019986855,Erfolgreiche Behandlung eines drittgradigen Pleuraempyems infolge einer COVID-19-Infektion,"COVID-19, indications for professional football teams and referees training resumption."
7alnaipp,fx92xnzt,0.01999745,Coping with COVID-19 in an international border region: Health and economy,Welche Phytos gegen Husten?
m62f2ju5,kcl0uzdg,0.020000825,Events of Interest,Budesonid verhindert bei COVID-19 Übergang zu schwerem Verlauf
r68za4cr,zpo4us36,0.020006241,The safeguarding implications of COVID-19,Versorgung von Krebspatienten leidet
kux9vzn8,bxcg0b2c,0.020012056,Bauchlage senkt Intubationsrate bei wachen COVID-19-Patienten auf Intensivstation,Do Dental Aerosols Matter?
hqo2p060,17trii16,0.020013053,Animals as Reservoir for Human Norovirus,Endlich mehr Honorar für COVID-19-lmpfungen
ommt36yo,sfarwvit,0.02001524,Impacts of Covid-19 on Organizations,So machen Vermittler ihren Betrieb zukunftsfest
2t3mhyp4,fx92xnzt,0.02001914,Customer Service Quality Management on the Courier Services Market,Welche Phytos gegen Husten?
fd9vwx42,cl81y08y,0.020027978,Focused and Other,Auf dem Weg zu einer nachhaltigen Mobilität
0sl4xp50,g3ypisig,0.020038407,Neuropathological Features of COVID-19,Riechstörungen bei COVID-19 – aktueller Wissensstand
kux9vzn8,q8tm88ki,0.020039923,Bauchlage senkt Intubationsrate bei wachen COVID-19-Patienten auf Intensivstation,The Interplay of Policy and Institutions during COVID-19
fx92xnzt,c43ky8na,0.02004769,Welche Phytos gegen Husten?,Interrupted dreams: memories and emotions of travel experiences during COVID-19 breakthrough
fx92xnzt,26acmpmy,0.020051554,Welche Phytos gegen Husten?,Senior interior design students’ perceptions about distance learning in the shadow of COVID-19
8lr7vkgf,ffbchp74,0.020055497,Informed Consent-We Can and Should Do Better.,Rechtsprechung kurz berichtet
0vlkahyu,kp4j00bl,0.020065939,Wirksamkeit von Pflanzenprodukten gegen Herpesinfektionen,EULAR COVID-19 registry: lessons learnt and future considerations.
iddwqw3z,sfarwvit,0.020067403,Contagious Protests,So machen Vermittler ihren Betrieb zukunftsfest
dzzxxztl,kcl0uzdg,0.020069294,Clinical characteristics of nutritional indicators in patients with Covid-19,Budesonid verhindert bei COVID-19 Übergang zu schwerem Verlauf
o6lybdne,fx92xnzt,0.020069702,The COVID years: Predictable unpredictability,Welche Phytos gegen Husten?
2w9zsz4m,hmmnz675,0.020072006,Aktuelles zur Brustkrebstherapie,Characteristics of mortal COVID-19 cases compared to the survivors
9fu9u3ia,fx92xnzt,0.020074505,Sociodemographic Differences and Factors Affecting Patient Portal Utilization,Welche Phytos gegen Husten?
fbj6bolc,ffbchp74,0.020074802,The changing demographics of COVID-19,Rechtsprechung kurz berichtet
sfarwvit,42o54qin,0.020076117,So machen Vermittler ihren Betrieb zukunftsfest,"An Estimate of Unidentified and Total US COVID-19 Cases by State on May 1, 2020"
sfarwvit,rx1z4orm,0.020084346,So machen Vermittler ihren Betrieb zukunftsfest,An Overview of Antimicrobial Properties of Different Classes of Phytochemicals
mraycufh,54d10p6o,0.020101605,"(±)-2-(2-Fluoro-[1,1′-biphenyl]-4-yl)-N-(1-phenylpropan-2-yl)propanamide",Issue Cover.
7ljhd62b,bwhoeram,0.020108685,COVID-19 – Eine neue Herausforderung,Efficacy and safety of tocilizumab in COVID-19 patients
vtdtsl7l,kcl0uzdg,0.020115094,Infectious diseases.,Budesonid verhindert bei COVID-19 Übergang zu schwerem Verlauf
nspl014y,kcl0uzdg,0.020115094,Infectious Diseases,Budesonid verhindert bei COVID-19 Übergang zu schwerem Verlauf
vatqqxfi,8ezcu225,0.020116089,Tratamientos endodónticos en el contexto de la pandemia por COVID-19,Enquiring minds.
phhoqm07,6ho4ox2e,0.020118004,The importance of asking questions and doing things for a reason,Pädiatrie aktuell – Forschung kurz notiert
tgk61fds,ta8rxze6,0.020120354,COVID-19 Vaccines in Children and Adolescents,Systematischer Ansatz zur objektiven Bewertung von Verkehrsunfalldatenbanken
367c1yt3,17trii16,0.020122763,"COVID-19, indications for professional football teams and referees training resumption.",Endlich mehr Honorar für COVID-19-lmpfungen
v8q6aoqj,fx92xnzt,0.020128127,Midwifery education in COVID-19- time: Challenges and opportunities,Welche Phytos gegen Husten?
1jrrvjba,0vlkahyu,0.020133093,Pastoral and spiritual care for quarantined individuals and their families,Wirksamkeit von Pflanzenprodukten gegen Herpesinfektionen
7ljhd62b,ikf993qk,0.020142857,COVID-19 – Eine neue Herausforderung,Risk Factors in Patients with Diabetes Hospitalized for COVID-19: Findings from a Multicenter Retrospective Study
77mfzz0r,0vlkahyu,0.02014308,Mental health & maltreatment risk of children with special educational needs during COVID-19,Wirksamkeit von Pflanzenprodukten gegen Herpesinfektionen
xqhxra2p,zku020ww,0.020146076,Akutrehabilitation nach COVID‑19‑Infektion: Eine ausgewählte Fallserie,"Educating heads, hands, and hearts in the COVID-19 Classroom"
sfarwvit,kzug9lpm,0.020164592,So machen Vermittler ihren Betrieb zukunftsfest,Publisher's Note
et68b4a4,a9jyx7wb,0.020167181,Neue Ansätze zur Demenzbehandlung,Risk Factors of COVID-19 Patients
wgwc54rv,17trii16,0.020169772,"A call to arms: helping family, friends and communities navigate the COVID-19 infodemic",Endlich mehr Honorar für COVID-19-lmpfungen
17trii16,gdzygaxx,0.020170791,Endlich mehr Honorar für COVID-19-lmpfungen,Restructuring intimacies during COVID-19: Women in Community Networks
zlzlu8d4,f608irm6,0.02017488,Safety assessment of traditional Plaisentif cheese.,Kardiale Folgen von COVID-19
n54036de,iw6ooopp,0.020177484,COVID-19 in children: reasons for uneventful clinical course,COVID-19-Pandemie: Was wissen wir – was können wir empfehlen?: Ein Kommentar der Herausgeber
0vlkahyu,e5v5qmyy,0.020188434,Wirksamkeit von Pflanzenprodukten gegen Herpesinfektionen,"The National Institutes of Health COVID-19 NeuroDatabank and NeuroBiobank: A National Resource for Learning, Discovery, and Progress"
kux9vzn8,oya4icrj,0.020191986,Bauchlage senkt Intubationsrate bei wachen COVID-19-Patienten auf Intensivstation,Should medical students keep their clinical activities during the covid-19 pandemic?
gqg1q3ii,sfarwvit,0.02019396,Vaccines and adjuvants,So machen Vermittler ihren Betrieb zukunftsfest
jwigcy9t,7ljhd62b,0.020205675,Vaccines for older adults,COVID-19 – Eine neue Herausforderung
s5bn5rky,0vlkahyu,0.02020757,Country Quarantine During COVID-19: Critical or Not?,Wirksamkeit von Pflanzenprodukten gegen Herpesinfektionen
fx92xnzt,bn4clmax,0.020209009,Welche Phytos gegen Husten?,Sustainable Smart Cities Challenges in Project Management Curriculum
7vrqmrkj,fx92xnzt,0.020209357,Immunological Map in COVID-19,Welche Phytos gegen Husten?
u0cfvh6f,kux9vzn8,0.020211719,Understanding clinical trials.,Bauchlage senkt Intubationsrate bei wachen COVID-19-Patienten auf Intensivstation
zkqy2aqb,fx92xnzt,0.020214932,Implications of COVID-19 on the Loneliness of Older Adults in Residential Care Homes.,Welche Phytos gegen Husten?
to9jjji3,0vlkahyu,0.020215316,Cities coping with COVID-19: Comparative perspectives,Wirksamkeit von Pflanzenprodukten gegen Herpesinfektionen
kux9vzn8,tw3fj6es,0.02022215,Bauchlage senkt Intubationsrate bei wachen COVID-19-Patienten auf Intensivstation,Human Virus Transcriptional Regulators
c4o5r8ka,0vlkahyu,0.020224491,Not All Telework is Valuable,Wirksamkeit von Pflanzenprodukten gegen Herpesinfektionen
90w8sgp8,y3hpzj0u,0.02023141,Welche Schutzmaske schützt vor COVID-19? Was ist evidenzbasiert?,"Acknowledgment of Referees, 2020"
xqhxra2p,pzxrnuuj,0.020237368,Akutrehabilitation nach COVID‑19‑Infektion: Eine ausgewählte Fallserie,Supporting our Fellows and Members through COVID-19
6ho4ox2e,gqsgldzr,0.020238925,Pädiatrie aktuell – Forschung kurz notiert,Characteristics of COVID-2019 in areas epidemic from imported cases
kux9vzn8,pvj0pzu0,0.020246722,Bauchlage senkt Intubationsrate bei wachen COVID-19-Patienten auf Intensivstation,Big Data
fd9vwx42,f608irm6,0.020247854,Focused and Other,Kardiale Folgen von COVID-19
lq92mlhs,abpts2dj,0.020247895,Nachhaltiges Wirtschaften setzt eine nachhaltige Arbeitswelt voraus,Interrelations between COVID-19 and other disorders
upomoaij,sfarwvit,0.020267067,COVID-19 and the Energy Price Volatility,So machen Vermittler ihren Betrieb zukunftsfest
fx92xnzt,qz1q3wf1,0.020275373,Welche Phytos gegen Husten?,Research challenges in uncertain times.
fd9vwx42,3dqljzjm,0.02028453,Focused and Other,An EUA for tocilizumab (Actemra) for COVID-19
4nhxmlad,m5wlk26r,0.020285329,Neuropsychiatric Complications of COVID-19,COVID-19 trifft auf angeborene Herzfehler
5qioku84,0vlkahyu,0.020285703,Pathobiology of Avian avulavirus 1: special focus on waterfowl,Wirksamkeit von Pflanzenprodukten gegen Herpesinfektionen
ax70p15z,17trii16,0.020286072,"COVID-19 vaccination: science, politics and public health",Endlich mehr Honorar für COVID-19-lmpfungen
8mjkpub2,fx92xnzt,0.020288462,The way forward,Welche Phytos gegen Husten?
fx92xnzt,l9s4rb9y,0.020288862,Welche Phytos gegen Husten?,"The Vision of Educational Actors: Normalist Practitioners, Tutors and Professional Practice Advisors in Times of Covid-19 in Mexico"
2w9zsz4m,0kgykn3o,0.020289075,Aktuelles zur Brustkrebstherapie,COVID-19 deaths in children: comparison with all- and other causes and trends in incidence of mortality
f608irm6,q5tpjn27,0.020297283,Kardiale Folgen von COVID-19,Special Focus: Microbial human pathogens.
xamgedfq,xnmpl4uw,0.020298358,Variability Matters,Hydroxychloroquin‐induzierte akute generalisierte exanthematische Pustulose: eine während der COVID‐19‐Pandemie zu beachtende Nebenwirkung
h22uykqx,m5wlk26r,0.020301003,Keeping the research spotlight on COVID-19.,COVID-19 trifft auf angeborene Herzfehler
880aago1,46z4663u,0.020315014,Navigating Client Relationships During COVID-19,Endlich Farbe bekennen
rwqu0v48,0vlkahyu,0.02032123,Ensuring and Sustaining a Pandemic Workforce,Wirksamkeit von Pflanzenprodukten gegen Herpesinfektionen
6ho4ox2e,jf6lnsfj,0.020333165,Pädiatrie aktuell – Forschung kurz notiert,Impact of COVID-19 on children and pediatricians
9q0uvtzk,sfarwvit,0.020334635,21 Infections and infestations,So machen Vermittler ihren Betrieb zukunftsfest
0575yava,zpo4us36,0.020335553,Challenges for indigenous children and youth,Versorgung von Krebspatienten leidet
obxdou4u,7ljhd62b,0.020347083,A note of gratitude,COVID-19 – Eine neue Herausforderung
5zu7okqd,0vlkahyu,0.020353075,Travel and public health,Wirksamkeit von Pflanzenprodukten gegen Herpesinfektionen
q8b0ejdm,17trii16,0.020354893,RCVS survey shows an improving picture,Endlich mehr Honorar für COVID-19-lmpfungen
vherpolo,17trii16,0.020355135,COVID-19 and Cancer Patients.,Endlich mehr Honorar für COVID-19-lmpfungen
n54036de,0vlkahyu,0.020356534,COVID-19 in children: reasons for uneventful clinical course,Wirksamkeit von Pflanzenprodukten gegen Herpesinfektionen
0vlkahyu,ds1z8phj,0.020358713,Wirksamkeit von Pflanzenprodukten gegen Herpesinfektionen,An Empirical Analysis of Association between Socioeconomic Factors and Communities’ Exposure to Natural Hazards
gqg1q3ii,7ljhd62b,0.02036098,Vaccines and adjuvants,COVID-19 – Eine neue Herausforderung
0vlkahyu,48178aod,0.020362731,Wirksamkeit von Pflanzenprodukten gegen Herpesinfektionen,Examining the Examiners: Students' Privacy and Security Perceptions of Online Proctoring Services
q5yb36ll,xnmpl4uw,0.020379918,The Grassroots Intellectuals,Hydroxychloroquin‐induzierte akute generalisierte exanthematische Pustulose: eine während der COVID‐19‐Pandemie zu beachtende Nebenwirkung
17trii16,nukwb6hx,0.02038296,Endlich mehr Honorar für COVID-19-lmpfungen,Does hosting a professional sports team benefit the local community? Evidence from property assessments
9cu0s9dl,zpo4us36,0.020390553,Motivational factors to participate in conferences and gender differences,Versorgung von Krebspatienten leidet
lq92mlhs,dzzxxztl,0.020393156,Nachhaltiges Wirtschaften setzt eine nachhaltige Arbeitswelt voraus,Clinical characteristics of nutritional indicators in patients with Covid-19
2w9zsz4m,czjoimhb,0.020393183,Aktuelles zur Brustkrebstherapie,COVID-19 treatment in patients with comorbidities: Awareness of drug-drug interactions
2w9zsz4m,dqhwz43f,0.020394046,Aktuelles zur Brustkrebstherapie,Primary care: challenges faced during COVID-19
sfarwvit,8inq4kpd,0.020394579,So machen Vermittler ihren Betrieb zukunftsfest,On the authenticity of COVID-19 case figures
tgk61fds,quj1mxlb,0.02039539,COVID-19 Vaccines in Children and Adolescents,Unternehmen setzen verstärkt auf Crowdworking
qxhpkkhn,0vlkahyu,0.020399926,Cardiovascular Biomarkers: Lessons of the Past and Prospects for the Future,Wirksamkeit von Pflanzenprodukten gegen Herpesinfektionen
ptxwnbhf,5r2leevd,0.02040119,Investigating people's anxieties and concerns about COVID-19,Kündigung – Maskenpflicht – Anforderungen an ein Attest zur Befreiung : KSchG 1;BGB 242
cl81y08y,28hlwjw7,0.02040544,Auf dem Weg zu einer nachhaltigen Mobilität,Highlights of the May issue.
cl81y08y,n3x6iehh,0.02040544,Auf dem Weg zu einer nachhaltigen Mobilität,Issue Highlights.
9bl1hs75,cl81y08y,0.020405449,Issue Highlights.,Auf dem Weg zu einer nachhaltigen Mobilität
cmiudlxe,cl81y08y,0.020405449,"Highlights of the issue 6, 2020",Auf dem Weg zu einer nachhaltigen Mobilität
8uff2f6d,m5wlk26r,0.02040648,Financial Markets and COVID-19,COVID-19 trifft auf angeborene Herzfehler
bzu0vp9q,cl81y08y,0.020407097,Risk factors and electrocardiogram characteristics for mortality of critical inpatients with COVID-19,Auf dem Weg zu einer nachhaltigen Mobilität
idasj7gj,fx92xnzt,0.020409092,Predictors of Nursing Home Covid-19 Cases: a Community Vulnerability Approach,Welche Phytos gegen Husten?
q5yb36ll,xqhxra2p,0.020416588,The Grassroots Intellectuals,Akutrehabilitation nach COVID‑19‑Infektion: Eine ausgewählte Fallserie
7ljhd62b,mh3r7j1l,0.020427082,COVID-19 – Eine neue Herausforderung,Physicians' Perceptions Of People With Disability And Their Health Care.
7ljhd62b,io03vqia,0.02042709,COVID-19 – Eine neue Herausforderung,Physicians' Perceptions Of People With Disability And Their Health Care
bh20kqwf,d6su39tw,0.020449976,Covid-19: Lessons learned,Erfolgreiche Behandlung eines drittgradigen Pleuraempyems infolge einer COVID-19-Infektion
lq92mlhs,6q0qvxy7,0.020452527,Nachhaltiges Wirtschaften setzt eine nachhaltige Arbeitswelt voraus,COVID-19 in patients with neurological disorders.
0h4mw2nl,0vlkahyu,0.02046029,"Intricacy, Symmetry, Diversity",Wirksamkeit von Pflanzenprodukten gegen Herpesinfektionen
49xllcu2,zpo4us36,0.020470073,State of the climate in 2020,Versorgung von Krebspatienten leidet
xtvj6yyj,sfarwvit,0.020472942,Legaltech in Public Administration: Prospects and Challenges,So machen Vermittler ihren Betrieb zukunftsfest
w72ielhf,17trii16,0.020474099,Editors’ Note,Endlich mehr Honorar für COVID-19-lmpfungen
46pn6jmc,7pc2wwbw,0.020475868,Warum Austausch gerade jetzt wichtig ist,Chapter 9 Presentations
xamgedfq,hrbxg1yg,0.020482063,Variability Matters,Es gibt Hoffnung
tbes7uke,d6su39tw,0.020484183,Infections in Travelers and Adoptees from Abroad,Erfolgreiche Behandlung eines drittgradigen Pleuraempyems infolge einer COVID-19-Infektion
xqhxra2p,h22uykqx,0.020499818,Akutrehabilitation nach COVID‑19‑Infektion: Eine ausgewählte Fallserie,Keeping the research spotlight on COVID-19.
fouh4jhs,whl6yq4p,0.02050642,Konjunkturpaket notwendig — Rückkehr zur Schuldenbremse nicht forcieren,Cardiovascular aspects of COVID-19
pyeyl58n,0vlkahyu,0.02050833,Transdiagnostic vulnerability factors for behavioral health problems during COVID-19,Wirksamkeit von Pflanzenprodukten gegen Herpesinfektionen
fx92xnzt,sxpkulq8,0.020508913,Welche Phytos gegen Husten?,Factors Affecting Portuguese and Spanish Hotel Guests’ Safety Perception Under COVID-19: Insights for the Development of Personalized Hotel Offers
lq92mlhs,wzln5by7,0.020511324,Nachhaltiges Wirtschaften setzt eine nachhaltige Arbeitswelt voraus,Thanks and Appreciations 2020
3dqljzjm,tcujgtnt,0.020514907,An EUA for tocilizumab (Actemra) for COVID-19,"Mathematics Support – Essential at the Best of Times, Crucial at the Worst of Times"
mzwpu6iw,6ho4ox2e,0.020521237,Trajectories of vital signs in patients with Covid-19,Pädiatrie aktuell – Forschung kurz notiert
5r2leevd,92ivie3y,0.02052456,Kündigung – Maskenpflicht – Anforderungen an ein Attest zur Befreiung : KSchG 1;BGB 242,Our Responsibility to All of Our Patients and Families
sfarwvit,52dbmw7r,0.020525282,So machen Vermittler ihren Betrieb zukunftsfest,Comorbidity and prognostic factors on admission in a COVID-19 cohort of a general hospital
yzbi7r6h,m3ctt4n1,0.020527175,N-(2-(1h-indol-3-yl)ethyl)-2-(6-methoxynaphthalen-2-yl)propanamide,The Limitations of the Expert
ju973g1a,17trii16,0.020529917,"Covigie, a platform for caregivers and care team coordinators",Endlich mehr Honorar für COVID-19-lmpfungen
l4fzuabq,kcl0uzdg,0.020540789,Zoonotic Potential of Simian Arteriviruses.,Budesonid verhindert bei COVID-19 Übergang zu schwerem Verlauf
2w9zsz4m,g8b0adbv,0.02054966,Aktuelles zur Brustkrebstherapie,COVID-19: Prospective Challenges and Potential Vaccines
0vlkahyu,ji45nenr,0.020550223,Wirksamkeit von Pflanzenprodukten gegen Herpesinfektionen,Cumulative Risks from Stressor Exposures and Personal Risk Factors in the Workplace: Examples from a Scoping Review
7kj3ttsm,2w9zsz4m,0.020557692,The molecular footprints of COVID-19,Aktuelles zur Brustkrebstherapie
k0xqoyx8,dp1gpjvf,0.020565202,Stille Hypoxie bei COVID-19: Eine Fallserie,eMJA: In other journals ‐ 5 May 2003
psajeadf,sfarwvit,0.020569766,COVID-19 Clinical and Laboratory Diagnosis Overview,So machen Vermittler ihren Betrieb zukunftsfest
kux9vzn8,5qioku84,0.020570878,Bauchlage senkt Intubationsrate bei wachen COVID-19-Patienten auf Intensivstation,Pathobiology of Avian avulavirus 1: special focus on waterfowl
2g8at1ap,fx92xnzt,0.020573454,Time Series Analysis of the Covid-19 Datasets,Welche Phytos gegen Husten?
rbez38t1,f608irm6,0.020574745,Academic Coaching of Medical Students During COVID-19.,Kardiale Folgen von COVID-19
i1k2b102,m5wlk26r,0.020578213,The Strength of Curiosity and Purpose,COVID-19 trifft auf angeborene Herzfehler
d5y2w77c,17trii16,0.020583816,International Law Perspectives on Cruise Ships and COVID-19,Endlich mehr Honorar für COVID-19-lmpfungen
cl81y08y,hq6y67rz,0.020585394,Auf dem Weg zu einer nachhaltigen Mobilität,Courses and Conferences
sfarwvit,089zdb0u,0.020593371,So machen Vermittler ihren Betrieb zukunftsfest,Editorial: The Different Faces of Sickness
0mn5b0vv,z3irrfu4,0.020595893,Response to Damiani and colleagues,"Räumlich getrennt, virtuell vereint"
hpup5skd,v8fm3r9u,0.020606909,Erratum zu: Pneumokokkenimpfstoffe,The political economy of COVID-19
8xtexo2z,88n6hwyo,0.02061048,Marktführer gesucht,Risk factors for disease progression in COVID-19 patients
8xtexo2z,2ootfjhk,0.02061048,Marktführer gesucht,Risk factors for disease progression in COVID-19 patients
ffbchp74,az2pgmkj,0.020611467,Rechtsprechung kurz berichtet,Features of α-HBDH in COVID-19 patients: A cohort study
fx92xnzt,6m0g21fv,0.020612024,Welche Phytos gegen Husten?,Some Lessons From Elementary School Teachers' Experiences of 3-D Science in the Time of COVID
sfarwvit,t4htemrb,0.020623416,So machen Vermittler ihren Betrieb zukunftsfest,Increasing recruitment into covid-19 trials.
8xtexo2z,pnoeo27v,0.020623466,Marktführer gesucht,"Achieving Equity in Telehealth: ""Centering at the Margins"" in Access, Provision, and Reimbursement"
d6su39tw,ju973g1a,0.02063154,Erfolgreiche Behandlung eines drittgradigen Pleuraempyems infolge einer COVID-19-Infektion,"Covigie, a platform for caregivers and care team coordinators"
r91g8w78,7ljhd62b,0.020635368,Comparison tables: H2-receptor antagonists and PPIs,COVID-19 – Eine neue Herausforderung
jmkfjzac,m5wlk26r,0.020640152,Hematological Parameters as Diagnostic Factors: Correlation with Severity of COVID-19,COVID-19 trifft auf angeborene Herzfehler
cl81y08y,2mn5n7p9,0.020642867,Auf dem Weg zu einer nachhaltigen Mobilität,[Important and Unresolved Aspects of Neuropathologic Analyses of COVID-19 Individuals].
8xnfwho6,bosj5jgi,0.02064541,Capturing Our COVID-19 Efforts,Internetabhängige Jugendliche schlafen schlechter
3ekxc20y,j2o6njv5,0.020645624,dvs Informationen,Readers remain optimistic in 2021 despite COVID‐19 challenges
98mktb8e,0vlkahyu,0.020646185,Reflections on key methodological decisions in national burden of disease assessments,Wirksamkeit von Pflanzenprodukten gegen Herpesinfektionen
7ljhd62b,j0tvkg49,0.020650191,COVID-19 – Eine neue Herausforderung,Why men's health?
bpz6skgv,d6su39tw,0.020652734,Critical care,Erfolgreiche Behandlung eines drittgradigen Pleuraempyems infolge einer COVID-19-Infektion
kux9vzn8,dr93we03,0.020653768,Bauchlage senkt Intubationsrate bei wachen COVID-19-Patienten auf Intensivstation,Antimicrobial resistance: a major priority for global focus
2w9zsz4m,53qtt46x,0.020653836,Aktuelles zur Brustkrebstherapie,Other Hepatitis Viruses
30097lan,3nsluouj,0.020667678,Hematological Aspects of COVID-19,Einfluss der Coronapandemie auf Schmerzpatienten: Welche Auswirkungen der Pandemie auf ihre Versorgung nehmen Patienten mit chronischen Schmerzen wahr?
sfarwvit,h4vwb5d9,0.020668548,So machen Vermittler ihren Betrieb zukunftsfest,Characteristics and outcomes of hospitalized patients with cardiovascular complications of covid-19
8gw7e53y,d6su39tw,0.020670846,Hope’s Work,Erfolgreiche Behandlung eines drittgradigen Pleuraempyems infolge einer COVID-19-Infektion
ri6rxlok,0vlkahyu,0.020672405,Impact of the Main Threats from COVID-19 on the Labor Market in the Context of Ensuring Economic Security,Wirksamkeit von Pflanzenprodukten gegen Herpesinfektionen
kvu8l1mm,sfarwvit,0.020672781,A risk prediction score to identify patients at low risk for COVID-19 infection.,So machen Vermittler ihren Betrieb zukunftsfest
ffikoig3,zpo4us36,0.020677445,Online Learning of Students with Special Needs: Teachers' Perspectives,Versorgung von Krebspatienten leidet
p81l6zvz,b9unndox,0.020682447,Systemische Immunsuppression in Zeiten von COVID‐19: Müssen wir umdenken?,"COVID-19, biosecurity and anthropology"
u91j571e,kcl0uzdg,0.020684056,Academic Skills: Publications,Budesonid verhindert bei COVID-19 Übergang zu schwerem Verlauf
8uff2f6d,f608irm6,0.020693317,Financial Markets and COVID-19,Kardiale Folgen von COVID-19
3nsluouj,d4l85xzw,0.020698152,Einfluss der Coronapandemie auf Schmerzpatienten: Welche Auswirkungen der Pandemie auf ihre Versorgung nehmen Patienten mit chronischen Schmerzen wahr?,Meetings and Courses
kux9vzn8,4coluqp2,0.02069904,Bauchlage senkt Intubationsrate bei wachen COVID-19-Patienten auf Intensivstation,Structures of the Mononegavirales Polymerases
zqt6f6m5,fx92xnzt,0.020699415,COVID and Climate: Similarities and differences,Welche Phytos gegen Husten?
dzlnxtyf,17trii16,0.020705186,Contact Tracing: A Memory Task With Consequences for Public Health.,Endlich mehr Honorar für COVID-19-lmpfungen
0vlkahyu,3farxcc3,0.020707121,Wirksamkeit von Pflanzenprodukten gegen Herpesinfektionen,Numerical Simulation of Urban Coastal Zones
7ljhd62b,693r9rey,0.020708364,COVID-19 – Eine neue Herausforderung,Medical emergencies on commercial airline flights.
gd4cb1sr,0vlkahyu,0.020713283,Safety First: The Potential Pitfalls of Telehealth,Wirksamkeit von Pflanzenprodukten gegen Herpesinfektionen
v8ejo3lu,ffbchp74,0.02071988,Other adverse reaction research,Rechtsprechung kurz berichtet
df36yv6v,ffbchp74,0.02071988,Other adverse reaction research,Rechtsprechung kurz berichtet
rkatxsfq,ffbchp74,0.02071988,Other adverse reaction research,Rechtsprechung kurz berichtet
6wmvsv4s,ffbchp74,0.02071988,Other adverse reaction research,Rechtsprechung kurz berichtet
gxgq77nb,ffbchp74,0.02071988,Other adverse reaction research,Rechtsprechung kurz berichtet
ffbchp74,3xsph25y,0.02071988,Rechtsprechung kurz berichtet,Other adverse reaction research
ffbchp74,1zexj3q6,0.02071988,Rechtsprechung kurz berichtet,Other adverse reaction research
kux9vzn8,ysqsfkcn,0.020723103,Bauchlage senkt Intubationsrate bei wachen COVID-19-Patienten auf Intensivstation,Contemporary Issues in Women's Health.
kux9vzn8,gd37nhjf,0.020723103,Bauchlage senkt Intubationsrate bei wachen COVID-19-Patienten auf Intensivstation,Contemporary Issues in Women's Health.
hha2sctb,7ge8qr93,0.020724513,Koorts bij volwassenen,Irreparable scars
7te8ppcy,fx92xnzt,0.02072504,COVID-19 inpatient cohorting team: Successes and lessons learned,Welche Phytos gegen Husten?
fx92xnzt,52ovlrse,0.02072504,Welche Phytos gegen Husten?,COVID-19 inpatient cohorting team: Successes and lessons learned.
8d832rr6,ffbchp74,0.020725267,[Connection in times of COVID-19].,Rechtsprechung kurz berichtet
4s1qmvoc,sfarwvit,0.020725463,Prognostic significance of temporal changes of lipid profile in COVID-19 patients,So machen Vermittler ihren Betrieb zukunftsfest
xpo5rngy,fx92xnzt,0.020731352,Times of change,Welche Phytos gegen Husten?
ddyhj4pe,8ezcu225,0.020744259,Hierro e inmunidad en la COVID-19: efectos potenciales de la deficiencia de hierro,Enquiring minds.
17trii16,yeo7es6m,0.020745888,Endlich mehr Honorar für COVID-19-lmpfungen,Laboratory findings and clinical approaches in domestic cats with enteropathies
pwcmeyzx,m5wlk26r,0.020747334,Pharmaceutical Aspects and Clinical Evaluation of COVID-19 Vaccines,COVID-19 trifft auf angeborene Herzfehler
k7qibllm,0smv2ae5,0.020752741,Are children and schools a COVID-19 threat?,Wichtige Impfungen zum Schulstart
c0xknhnr,fx92xnzt,0.020757226,Point of Care Sensors for Infectious Pathogens,Welche Phytos gegen Husten?
yokg38li,fx92xnzt,0.020757226,Point of Care Sensors for Infectious Pathogens.,Welche Phytos gegen Husten?
sy9p8a8k,fouh4jhs,0.020760916,Initial Observations of COVID-19 in US Children,Konjunkturpaket notwendig — Rückkehr zur Schuldenbremse nicht forcieren
aivriq35,hrbxg1yg,0.02076244,The psychiatric consequences of COVID-19: 8 Studies,Es gibt Hoffnung
mqv2dz0e,bosj5jgi,0.02076362,Meeting Report,Internetabhängige Jugendliche schlafen schlechter
mdd60ic7,ta8rxze6,0.020764716,Acknowledgement to Referees,Systematischer Ansatz zur objektiven Bewertung von Verkehrsunfalldatenbanken
se2s9c5j,ta8rxze6,0.020764716,Acknowledgement to Referees,Systematischer Ansatz zur objektiven Bewertung von Verkehrsunfalldatenbanken
0ngl3naa,ta8rxze6,0.020764716,Acknowledgement to Referees,Systematischer Ansatz zur objektiven Bewertung von Verkehrsunfalldatenbanken
eej8qb9t,ta8rxze6,0.020764716,Acknowledgement to Referees.,Systematischer Ansatz zur objektiven Bewertung von Verkehrsunfalldatenbanken
s4bobqls,ta8rxze6,0.020764716,Acknowledgement to referees,Systematischer Ansatz zur objektiven Bewertung von Verkehrsunfalldatenbanken
2un48l2e,ta8rxze6,0.020764716,Acknowledgement to Referees,Systematischer Ansatz zur objektiven Bewertung von Verkehrsunfalldatenbanken
dbo18qfk,ta8rxze6,0.020764716,Acknowledgement to Referees,Systematischer Ansatz zur objektiven Bewertung von Verkehrsunfalldatenbanken
rh9bx841,ta8rxze6,0.020764716,Acknowledgement to Referees,Systematischer Ansatz zur objektiven Bewertung von Verkehrsunfalldatenbanken
tgk61fds,m5wlk26r,0.02076571,COVID-19 Vaccines in Children and Adolescents,COVID-19 trifft auf angeborene Herzfehler
3ekxc20y,0tv54lld,0.0207677,dvs Informationen,COVID-19 Is Further Subdivided Into COVIP-19 and COVII-19
s7sg70e3,fx92xnzt,0.020771435,Population Development in Czechia in 2020,Welche Phytos gegen Husten?
lq92mlhs,sv73oe5x,0.020773161,Nachhaltiges Wirtschaften setzt eine nachhaltige Arbeitswelt voraus,Medicines for millions of patients
aowclu58,fx92xnzt,0.020773632,Reopening for Business Post-COVID-19: Augmented Reality as a Strategy for Attracting Visitors to a Tourist Destination,Welche Phytos gegen Husten?
46pn6jmc,92ivie3y,0.020775212,Warum Austausch gerade jetzt wichtig ist,Our Responsibility to All of Our Patients and Families
wwuebui7,ffbchp74,0.02077593,Events calendar,Rechtsprechung kurz berichtet
an3twhzi,ffbchp74,0.02077593,Events calendar,Rechtsprechung kurz berichtet
uk6m7ry1,ffbchp74,0.02077593,Events calendar,Rechtsprechung kurz berichtet
z57raijg,17trii16,0.020777367,"PCORnet® 2020: Current State, Accomplishments, and Future Directions",Endlich mehr Honorar für COVID-19-lmpfungen
fd9vwx42,kcl0uzdg,0.020778436,Focused and Other,Budesonid verhindert bei COVID-19 Übergang zu schwerem Verlauf
5ycu936z,0vlkahyu,0.020779401,Modules and Namespaces,Wirksamkeit von Pflanzenprodukten gegen Herpesinfektionen
oyk632vv,7ljhd62b,0.020783061,Thyroid substitution may be a risk factor for Covid-19,COVID-19 – Eine neue Herausforderung
sfarwvit,9izfkj0j,0.020786515,So machen Vermittler ihren Betrieb zukunftsfest,Poster presentations
fajiir2q,fx92xnzt,0.020786928,A Perspective on Chemistry and Society.,Welche Phytos gegen Husten?
30097lan,d6su39tw,0.020787183,Hematological Aspects of COVID-19,Erfolgreiche Behandlung eines drittgradigen Pleuraempyems infolge einer COVID-19-Infektion
vvop22nv,sfarwvit,0.020788804,Clinical characteristics of COVID-19 patients with complications: implications for management,So machen Vermittler ihren Betrieb zukunftsfest
kux9vzn8,3b8v5wju,0.02079167,Bauchlage senkt Intubationsrate bei wachen COVID-19-Patienten auf Intensivstation,Retinal findings in patients with COVID-19
p81l6zvz,fbj6bolc,0.020793267,Systemische Immunsuppression in Zeiten von COVID‐19: Müssen wir umdenken?,The changing demographics of COVID-19
o5x72g1a,f608irm6,0.020794373,Research Focus: Protas,Kardiale Folgen von COVID-19
ilstt7u7,pdydvgth,0.020798095,Wissenschaft in 5 Minuten,Costs of inequity.
lw70s7en,pdydvgth,0.020798095,Wissenschaft in 5 Minuten,Costs of inequity.
clnvda35,fx92xnzt,0.020802941,Sustainable impact of COVID-19 on education projects: aspects of naturalism,Welche Phytos gegen Husten?
zgyhhj8k,fx92xnzt,0.020808857,Capturing Workplace Gossip as Dynamic Conversational Events: First Insights From Care Team Meetings,Welche Phytos gegen Husten?
pk77w5av,sfarwvit,0.020824263,Domains of Virus Glycoproteins,So machen Vermittler ihren Betrieb zukunftsfest
lzwl577x,6xbuwwvh,0.020825526,Monocytes and Macrophages in COVID-19,Förderung der Mundgesundheit in der Pflege – ein interprofessioneller Expertenstandard
0vlkahyu,tvn8jy4p,0.02082921,Wirksamkeit von Pflanzenprodukten gegen Herpesinfektionen,Road traffic accidents in Ghana: contributing factors and economic consequences
sfarwvit,c86ezpag,0.020835225,So machen Vermittler ihren Betrieb zukunftsfest,Protecting healthcare personnel from 2019-nCoV infection risks: lessons and suggestions
kylka2rh,6gwj6d9i,0.020835739,Zur gesellschaftlichen Akzeptanz von einmaligen Vermögensabgaben,Thieves' Market
3ekxc20y,o5pyyl3h,0.020837754,dvs Informationen,An unexpected and suspended time
2w9zsz4m,kl70o6oc,0.020839965,Aktuelles zur Brustkrebstherapie,"Epidemiology of two human protoparvoviruses, bufavirus and tusavirus"
lq92mlhs,whl6yq4p,0.020840973,Nachhaltiges Wirtschaften setzt eine nachhaltige Arbeitswelt voraus,Cardiovascular aspects of COVID-19
m5wlk26r,uoctp6ih,0.020843877,COVID-19 trifft auf angeborene Herzfehler,Key ways to support staff during the pandemic
nz3rwwbb,7ljhd62b,0.020845313,Corticosteroid Pulses for Hospitalized Patients with COVID-19: Effects on Mortality,COVID-19 – Eine neue Herausforderung
rqb19icj,m5wlk26r,0.020853065,Experiences of family caregivers of patients with COVID-19,COVID-19 trifft auf angeborene Herzfehler
hbsc10vd,7ljhd62b,0.02086497,Clinical characteristics of COVID-19 in neonates and young infants,COVID-19 – Eine neue Herausforderung
o6lybdne,hrbxg1yg,0.020872418,The COVID years: Predictable unpredictability,Es gibt Hoffnung
sfarwvit,dxx0bfis,0.020881481,So machen Vermittler ihren Betrieb zukunftsfest,Disease X and other unknowns
kux9vzn8,zl2lcigz,0.020888267,Bauchlage senkt Intubationsrate bei wachen COVID-19-Patienten auf Intensivstation,Analytical characterization of viruses
8e7f8ft6,fx92xnzt,0.020889536,Secondary school students' perceptions of teaching in social isolation,Welche Phytos gegen Husten?
p81l6zvz,d2j3ivs3,0.02089028,Systemische Immunsuppression in Zeiten von COVID‐19: Müssen wir umdenken?,Cybersecurity Predictions 2021
0vlkahyu,s27s4umt,0.020893509,Wirksamkeit von Pflanzenprodukten gegen Herpesinfektionen,Profiles of US Hispanics Unvaccinated for COVID-19
ecen7ke8,sfarwvit,0.02089846,[Epidemiological characteristics of COVID-19 in Gansu province],So machen Vermittler ihren Betrieb zukunftsfest
lq92mlhs,7pc2wwbw,0.020898636,Nachhaltiges Wirtschaften setzt eine nachhaltige Arbeitswelt voraus,Chapter 9 Presentations
kux9vzn8,backnbnb,0.020903755,Bauchlage senkt Intubationsrate bei wachen COVID-19-Patienten auf Intensivstation,Investigation of Antimicrobial Resistance Genes in Listeria monocytogenes from 2010 through to 2021
lm1tiprk,sfarwvit,0.02090747,Epidemiological and Clinical Aspects of COVID-19; a Narrative Review.,So machen Vermittler ihren Betrieb zukunftsfest
9kaid98z,lqcmivkm,0.020911055,A New Future,Ryzyko przeniesienia czynników zakaźnych przez transfuzje w Polsce
no41vkcd,j4q4imbl,0.020915512,IMPACT Highlights.,重症COVID-19肺炎患者の集約化とVV-ECMOによる治療経験
xf05lfy7,0vlkahyu,0.020918442,A monthly roundup of key articles in other journals.,Wirksamkeit von Pflanzenprodukten gegen Herpesinfektionen
3h2oqsey,0vlkahyu,0.020918442,A monthly roundup of key articles in other journals,Wirksamkeit von Pflanzenprodukten gegen Herpesinfektionen
g9is9gtx,0vlkahyu,0.020918442,A monthly roundup of key articles in other journals.,Wirksamkeit von Pflanzenprodukten gegen Herpesinfektionen
0vlkahyu,qyqf60s9,0.020924106,Wirksamkeit von Pflanzenprodukten gegen Herpesinfektionen,Racial/Ethnic Disparities in COVID-19 Hospital Admissions
e6a03b5e,0smv2ae5,0.020932896,Government agencies.,Wichtige Impfungen zum Schulstart
1lv85pgb,sfarwvit,0.020933542,Safety of COVID‐19 vaccines,So machen Vermittler ihren Betrieb zukunftsfest
0l2oth75,kylka2rh,0.020944085,Risk of COVID-19 for patients with cancer,Zur gesellschaftlichen Akzeptanz von einmaligen Vermögensabgaben
17trii16,n7ib35jd,0.020946002,Endlich mehr Honorar für COVID-19-lmpfungen,The “City Operator” and the Tianyi Square Redevelopment Project
d50ywzz1,6ho4ox2e,0.020951418,When Society Ages,Pädiatrie aktuell – Forschung kurz notiert
sfarwvit,vnr7mp5s,0.020955592,So machen Vermittler ihren Betrieb zukunftsfest,Research Letters
p3siskod,k0xqoyx8,0.020956827,Contents 2 pages,Stille Hypoxie bei COVID-19: Eine Fallserie
iai81u0n,17trii16,0.020957327,A note on working from home,Endlich mehr Honorar für COVID-19-lmpfungen
a5hc3hef,m5wlk26r,0.02096058,Guideposts for Assessment During COVID-19,COVID-19 trifft auf angeborene Herzfehler
p81l6zvz,jg2o5yyx,0.020966891,Systemische Immunsuppression in Zeiten von COVID‐19: Müssen wir umdenken?,"COVID-19 vaccination, issues and future prospects"
2w9zsz4m,xrtrm1da,0.02098309,Aktuelles zur Brustkrebstherapie,"Emerging Diseases at the Interface of People, Domestic Animals, and Wildlife"
l29wqqvt,fx92xnzt,0.020990085,Social Media - Key Opinion Leaders of the Future?,Welche Phytos gegen Husten?
zqt6f6m5,zpo4us36,0.020993348,COVID and Climate: Similarities and differences,Versorgung von Krebspatienten leidet
9x3egl59,0vlkahyu,0.020994354,The Repercussions of Covid-19 on the Stock Market of the Tourism Industry,Wirksamkeit von Pflanzenprodukten gegen Herpesinfektionen
7ljhd62b,8ddewl7e,0.020994429,COVID-19 – Eine neue Herausforderung,[Clinical outcomes in cancer patients hospitalized with COVID-19]
8xtexo2z,rdktz79e,0.020998396,Marktführer gesucht,Vaccines and the social amplification of risk
5bt4q5zu,sfarwvit,0.02101576,"Postdigital Research: Genealogies, Challenges, and Future Perspectives",So machen Vermittler ihren Betrieb zukunftsfest
s5bn5rky,17trii16,0.021017091,Country Quarantine During COVID-19: Critical or Not?,Endlich mehr Honorar für COVID-19-lmpfungen
7pwre0xc,xpx7yykw,0.021026114,"Nieuw jaar, Nieuwe kansen",In Praise of Veterans.
p81l6zvz,wppqz2ol,0.021029761,Systemische Immunsuppression in Zeiten von COVID‐19: Müssen wir umdenken?,"Covid-19, societalization, and the future of business in society"
m5wlk26r,wa0emv04,0.02103124,COVID-19 trifft auf angeborene Herzfehler,[COVID-19: Special Challenges for Theoretical and Practical Public Health].
cfza4zk2,0vlkahyu,0.0210384,Academic coaching of medical students during the COVID-19 pandemic,Wirksamkeit von Pflanzenprodukten gegen Herpesinfektionen
0vlkahyu,4pv7iq1m,0.021046882,Wirksamkeit von Pflanzenprodukten gegen Herpesinfektionen,Policy priorities for 2020/21
lzwl577x,g3ypisig,0.021050176,Monocytes and Macrophages in COVID-19,Riechstörungen bei COVID-19 – aktueller Wissensstand
c4szyk26,m5wlk26r,0.021052241,"Trials and tribulations: so many potential treatments, so few answers",COVID-19 trifft auf angeborene Herzfehler
u0cfvh6f,hrbxg1yg,0.021053676,Understanding clinical trials.,Es gibt Hoffnung
2w9zsz4m,yrcbqi3j,0.021056604,Aktuelles zur Brustkrebstherapie,"Contacts of healthcare workers, patients and visitors in general wards in Singapore."
qh0yhncm,m5wlk26r,0.021057563,Underlying conditions in adults with covid-19,COVID-19 trifft auf angeborene Herzfehler
uzs39gx1,fx92xnzt,0.021058971,Care for caregivers- a mission for primary care,Welche Phytos gegen Husten?
1j2x6xt5,17trii16,0.021059953,Private and Public Investments in Biomedical Research.,Endlich mehr Honorar für COVID-19-lmpfungen
8ezcu225,mr4szifl,0.021069398,Enquiring minds.,"Repensando la renta básica, el apoyo mutuo y el género durante la pandemia de la COVID-19 en México"
3flfngu0,kmsz4jdk,0.021071998,Was bitte ist denn »Molekularbiologie«?,Hyperlipasemia in Hospitalized COVID-19 Patients
g9a0fvgb,m5wlk26r,0.021080172,[Study on issues for stomatological institutions responding to state public health emergencies],COVID-19 trifft auf angeborene Herzfehler
1olhvm5k,zpo4us36,0.021083843,Workforce Issues in Urology.,Versorgung von Krebspatienten leidet
zpo4us36,9ixzup9g,0.021083843,Versorgung von Krebspatienten leidet,Workforce Issues in Urology
5dtbizmj,fx92xnzt,0.021089584,COVID-19 in humanitarian settings and lessons learned from past epidemics,Welche Phytos gegen Husten?
hl1apuv9,0vlkahyu,0.021090226,Meeting Announcements,Wirksamkeit von Pflanzenprodukten gegen Herpesinfektionen
rkm0mv2x,hrbxg1yg,0.021093931,Challenges of caregiving to neurological patients,Es gibt Hoffnung
jmaln24u,fx92xnzt,0.021104112,Building on a forgotten past,Welche Phytos gegen Husten?
a1pd2elr,fx92xnzt,0.021105638,Communications between local health departments and the public during emergencies: the importance of standardized web sites.,Welche Phytos gegen Husten?
0l41f0xj,90w8sgp8,0.021116436,COVID-19 and pregnancy: are they friends or enemies?,Welche Schutzmaske schützt vor COVID-19? Was ist evidenzbasiert?
b5n3n828,0vlkahyu,0.021119675,Genomic Insights into Stillbirth.,Wirksamkeit von Pflanzenprodukten gegen Herpesinfektionen
jiq6uxbw,fx92xnzt,0.021121597,Work-life balance.,Welche Phytos gegen Husten?
5ovy8gz5,7ljhd62b,0.021126565,Diarrhoea in Patients with COVID-19,COVID-19 – Eine neue Herausforderung
zsadls45,6ho4ox2e,0.02112781,"COVID‐19, children and schools: overlooked and at risk",Pädiatrie aktuell – Forschung kurz notiert
kux9vzn8,qefx8fp5,0.021132337,Bauchlage senkt Intubationsrate bei wachen COVID-19-Patienten auf Intensivstation,Deficiencies in the Designs and Interventions of COVID-19 Clinical Trials
p81l6zvz,dp1gpjvf,0.02113345,Systemische Immunsuppression in Zeiten von COVID‐19: Müssen wir umdenken?,eMJA: In other journals ‐ 5 May 2003
fx92xnzt,qj648fkt,0.021134121,Welche Phytos gegen Husten?,[Epidemics: lessons from History]
iddwqw3z,zpo4us36,0.021136975,Contagious Protests,Versorgung von Krebspatienten leidet
0vlkahyu,r5vc3il8,0.021137856,Wirksamkeit von Pflanzenprodukten gegen Herpesinfektionen,The role and significance of environmental safety in the system of ensuring the state's economic security
gcymf2rs,2w9zsz4m,0.02113886,Recurring Themes,Aktuelles zur Brustkrebstherapie
fouh4jhs,ci0hf70x,0.021139665,Konjunkturpaket notwendig — Rückkehr zur Schuldenbremse nicht forcieren,Do doctors have to have the covid-19 vaccine?
l7d6qs29,fx92xnzt,0.021143233,Automotive Industry Faces Challenges [Connected and Autonomous Vehicles],Welche Phytos gegen Husten?
0ef1tqrc,fx92xnzt,0.021146694,Lineage dynamics,Welche Phytos gegen Husten?
bw5g1lhn,fx92xnzt,0.021149384,Accolades for learning disability nurses,Welche Phytos gegen Husten?
7ljhd62b,imy2229t,0.021152055,COVID-19 – Eine neue Herausforderung,Risk factors for in-hospital mortality in patients with cancer and COVID-19 – Authors' reply
s3h1rbbg,hrbxg1yg,0.021162458,Clinical Radiology Exhibits,Es gibt Hoffnung
4tmqfzeb,xqhxra2p,0.02116907,Concerns About Research Ethics in COVID-19 Publications,Akutrehabilitation nach COVID‑19‑Infektion: Eine ausgewählte Fallserie
qcilca4d,hrbxg1yg,0.021175157,It's Complicated—Adolescent Grief in the Time of Covid-19,Es gibt Hoffnung
0lbct95y,hrbxg1yg,0.021175379,Clinical Characteristics of COVID-19 Patients' Postvaccination,Es gibt Hoffnung
wkbbyldw,fx92xnzt,0.02117892,Children's Screen Time During the COVID-19 Pandemic: Boundaries and Etiquette.,Welche Phytos gegen Husten?
ludr6p11,fx92xnzt,0.021190768,"COVID-19 Vaccination Coverage in Low-Income Areas: Outcomes, Barriers, and Facilitators",Welche Phytos gegen Husten?
2w9zsz4m,h4vwb5d9,0.021200968,Aktuelles zur Brustkrebstherapie,Characteristics and outcomes of hospitalized patients with cardiovascular complications of covid-19
zku020ww,46pn6jmc,0.021206979,"Educating heads, hands, and hearts in the COVID-19 Classroom",Warum Austausch gerade jetzt wichtig ist
kirayybr,0vlkahyu,0.021207778,"Drivers of COVID-19 Stay at Home Orders: Epidemiologic, Economic, or Political Concerns?",Wirksamkeit von Pflanzenprodukten gegen Herpesinfektionen
fx92xnzt,g9a0fvgb,0.02121134,Welche Phytos gegen Husten?,[Study on issues for stomatological institutions responding to state public health emergencies]
fx92xnzt,qtl0jv86,0.021212539,Welche Phytos gegen Husten?,Nursing Students' Academic Success Factors: A Quantitative Cross-sectional Study.
ysqsfkcn,d6su39tw,0.021221181,Contemporary Issues in Women's Health.,Erfolgreiche Behandlung eines drittgradigen Pleuraempyems infolge einer COVID-19-Infektion
d6su39tw,gd37nhjf,0.021221181,Erfolgreiche Behandlung eines drittgradigen Pleuraempyems infolge einer COVID-19-Infektion,Contemporary Issues in Women's Health.
2w9zsz4m,qqs5fscd,0.021222861,Aktuelles zur Brustkrebstherapie,Inflammatory arthritis in patients with COVID-19
01ijxsd4,fx92xnzt,0.021223033,Physical education of students in the format of distance education,Welche Phytos gegen Husten?
havdj4c5,0vlkahyu,0.021226829,Impacts of COVID-19 on International Students in the U.S,Wirksamkeit von Pflanzenprodukten gegen Herpesinfektionen
xqhxra2p,2mn5n7p9,0.021229269,Akutrehabilitation nach COVID‑19‑Infektion: Eine ausgewählte Fallserie,[Important and Unresolved Aspects of Neuropathologic Analyses of COVID-19 Individuals].
kcubucey,17trii16,0.02123129,Building Confidence to CONVINCE,Endlich mehr Honorar für COVID-19-lmpfungen
es1oa8dd,fx92xnzt,0.02123243,News Beyond Our Pages,Welche Phytos gegen Husten?
fx92xnzt,axbtl7wj,0.02123243,Welche Phytos gegen Husten?,News Beyond Our Pages
h7xatctx,fouh4jhs,0.021241838,Prevalence and Risk Factors of COVID-19 Symptoms among U.S. Adults with Allergies,Konjunkturpaket notwendig — Rückkehr zur Schuldenbremse nicht forcieren
7ljhd62b,4i8mau9j,0.021245826,COVID-19 – Eine neue Herausforderung,Risk factors for COVID-19 mortality in hospitalised children and adolescents in Brazil
hw0mkxpo,eej8qb9t,0.02124675,Österreichische Schmerzwochen neu konzipiert,Acknowledgement to Referees.
hw0mkxpo,mdd60ic7,0.021246763,Österreichische Schmerzwochen neu konzipiert,Acknowledgement to Referees
hw0mkxpo,0ngl3naa,0.021246763,Österreichische Schmerzwochen neu konzipiert,Acknowledgement to Referees
hw0mkxpo,se2s9c5j,0.021246763,Österreichische Schmerzwochen neu konzipiert,Acknowledgement to Referees
hw0mkxpo,2un48l2e,0.021246763,Österreichische Schmerzwochen neu konzipiert,Acknowledgement to Referees
hw0mkxpo,s4bobqls,0.021246763,Österreichische Schmerzwochen neu konzipiert,Acknowledgement to referees
hw0mkxpo,dbo18qfk,0.021246763,Österreichische Schmerzwochen neu konzipiert,Acknowledgement to Referees
hw0mkxpo,rh9bx841,0.021246763,Österreichische Schmerzwochen neu konzipiert,Acknowledgement to Referees
oyk632vv,m5wlk26r,0.02125329,Thyroid substitution may be a risk factor for Covid-19,COVID-19 trifft auf angeborene Herzfehler
2d21u1j1,m5wlk26r,0.02126418,Seasonal weight changes in laboratory ferrets,COVID-19 trifft auf angeborene Herzfehler
3dqljzjm,j2o6njv5,0.021266693,An EUA for tocilizumab (Actemra) for COVID-19,Readers remain optimistic in 2021 despite COVID‐19 challenges
vrjehfw2,kux9vzn8,0.021271234,Cardiovascular diseases during the COVID-19 pandemic,Bauchlage senkt Intubationsrate bei wachen COVID-19-Patienten auf Intensivstation
fx92xnzt,ki5v64m2,0.021272965,Welche Phytos gegen Husten?,Body composition predictors of outcome in patients with COVID-19
sy9p8a8k,m5wlk26r,0.021274857,Initial Observations of COVID-19 in US Children,COVID-19 trifft auf angeborene Herzfehler
jpmcic3x,d6su39tw,0.021276515,Exposure to media and fear and worry about COVID‐19,Erfolgreiche Behandlung eines drittgradigen Pleuraempyems infolge einer COVID-19-Infektion
d6su39tw,q2434j8x,0.021276515,Erfolgreiche Behandlung eines drittgradigen Pleuraempyems infolge einer COVID-19-Infektion,Exposure to media and fear and worry about COVID-19
i4fzd1b9,ffbchp74,0.021279633,The four most urgent questions about long COVID.,Rechtsprechung kurz berichtet
qfx1qn03,ffbchp74,0.021279633,The four most urgent questions about long COVID,Rechtsprechung kurz berichtet
nuncpyrm,fx92xnzt,0.02128494,Do disadvantaged schools have poorer teachers? Rethinking assumptions about the relationship between teaching quality and school-level advantage,Welche Phytos gegen Husten?
97c1wt5g,fx92xnzt,0.021286435,Specialist Guest Editor and COVID-19.,Welche Phytos gegen Husten?
clwl2w91,fx92xnzt,0.02128995,Focus on immunocompromised patients.,Welche Phytos gegen Husten?
3dqljzjm,36wo66rl,0.021290474,An EUA for tocilizumab (Actemra) for COVID-19,Leading on the Edge of Insanity
f608irm6,rwqu0v48,0.02129211,Kardiale Folgen von COVID-19,Ensuring and Sustaining a Pandemic Workforce
dbx8owo2,fx92xnzt,0.021292875,Covid‐19: a view from the sidelines,Welche Phytos gegen Husten?
fx92xnzt,yegth5c8,0.02130083,Welche Phytos gegen Husten?,Challenges and Opportunities for the Agricultural Producers in Sinana District in Reflection of COVID-19 Pandemic
43pylpga,8xtexo2z,0.021303765,Miscarriage Risk in COVID-19 Infection,Marktführer gesucht
hrbxg1yg,k8raai03,0.021305662,Es gibt Hoffnung,Clinical neurological characteristics of geriatric patients with COVID-19 in Sanglah General Hospital from 2020 to 2021
v5o2vz2d,fouh4jhs,0.021310123,All Eyes on Me,Konjunkturpaket notwendig — Rückkehr zur Schuldenbremse nicht forcieren
f608irm6,q0222g6g,0.021312386,Kardiale Folgen von COVID-19,Clinical aspects of immunosuppression in poultry.
avpziat7,fx92xnzt,0.021314647,A different way of nursing,Welche Phytos gegen Husten?
xnmpl4uw,693r9rey,0.021324247,Hydroxychloroquin‐induzierte akute generalisierte exanthematische Pustulose: eine während der COVID‐19‐Pandemie zu beachtende Nebenwirkung,Medical emergencies on commercial airline flights.
9yaoddt6,0vlkahyu,0.02132554,Developers Task Satisfaction and Performance during the COVID-19 Pandemic,Wirksamkeit von Pflanzenprodukten gegen Herpesinfektionen
s27s4umt,kcl0uzdg,0.021328006,Profiles of US Hispanics Unvaccinated for COVID-19,Budesonid verhindert bei COVID-19 Übergang zu schwerem Verlauf
iu6q1cnd,fx92xnzt,0.021343892,Covid-19 in Historical Context: Creating a Practical Past,Welche Phytos gegen Husten?
wjm3u618,hrbxg1yg,0.021346485,Precision psychiatry in clinical practice.,Es gibt Hoffnung
lq92mlhs,wwuebui7,0.021351146,Nachhaltiges Wirtschaften setzt eine nachhaltige Arbeitswelt voraus,Events calendar
lq92mlhs,an3twhzi,0.021351146,Nachhaltiges Wirtschaften setzt eine nachhaltige Arbeitswelt voraus,Events calendar
lq92mlhs,uk6m7ry1,0.021351146,Nachhaltiges Wirtschaften setzt eine nachhaltige Arbeitswelt voraus,Events calendar
958fzml8,2w9zsz4m,0.021357605,COVID-19 in Children and Adolescents with Endocrine Conditions.,Aktuelles zur Brustkrebstherapie
2w9zsz4m,qtsqj1dc,0.021358656,Aktuelles zur Brustkrebstherapie,[Impact of COVID-19 on patients from from FACT or autism teams].
2w9zsz4m,476fsh8j,0.021358656,Aktuelles zur Brustkrebstherapie,Impact of COVID-19 on patients from FACT or autism teams
lq92mlhs,1g0pthfr,0.021359053,Nachhaltiges Wirtschaften setzt eine nachhaltige Arbeitswelt voraus,Epidemiological and Clinical Predictors of COVID-19
lq92mlhs,xf05lfy7,0.021359133,Nachhaltiges Wirtschaften setzt eine nachhaltige Arbeitswelt voraus,A monthly roundup of key articles in other journals.
lq92mlhs,3h2oqsey,0.021359133,Nachhaltiges Wirtschaften setzt eine nachhaltige Arbeitswelt voraus,A monthly roundup of key articles in other journals
lq92mlhs,g9is9gtx,0.021359133,Nachhaltiges Wirtschaften setzt eine nachhaltige Arbeitswelt voraus,A monthly roundup of key articles in other journals.
p81l6zvz,508uuto6,0.021368027,Systemische Immunsuppression in Zeiten von COVID‐19: Müssen wir umdenken?,COVID-19 and Educational Engagement
cl81y08y,m62f2ju5,0.021368716,Auf dem Weg zu einer nachhaltigen Mobilität,Events of Interest
xhyblb1s,fx92xnzt,0.02136992,Distance education of midwifery students during the COVID-19 pandemic: Challenges and recommendations,Welche Phytos gegen Husten?
gfdzh921,sfarwvit,0.021378249,ACMI conference posters 2019,So machen Vermittler ihren Betrieb zukunftsfest
fx92xnzt,sle5g498,0.021396274,Welche Phytos gegen Husten?,Primary school reopenings and parental work
tucs5o3u,hrbxg1yg,0.021396961,Interim Guidance for Businesses and Employers,Es gibt Hoffnung
sv3xze2p,7ljhd62b,0.021404445,Considerations for the Feasibility of Neutralizing Antibodies as a Surrogate Endpoint for COVID-19 Vaccines,COVID-19 – Eine neue Herausforderung
2w9zsz4m,1jrrvjba,0.021407457,Aktuelles zur Brustkrebstherapie,Pastoral and spiritual care for quarantined individuals and their families
s9nx19wn,fx92xnzt,0.021409197,Databiology Lab CORONAHACK: Collection of Public COVID-19 Data,Welche Phytos gegen Husten?
7ljhd62b,zfs45uvp,0.021412782,COVID-19 – Eine neue Herausforderung,Cardiac considerations in patients with COVID-19.
gqg1q3ii,f608irm6,0.021426545,Vaccines and adjuvants,Kardiale Folgen von COVID-19
gwctpzgp,fx92xnzt,0.021434536,Everyday gendered performances at home: Masculine domesticity?,Welche Phytos gegen Husten?
r68za4cr,6ho4ox2e,0.021435216,The safeguarding implications of COVID-19,Pädiatrie aktuell – Forschung kurz notiert
sfarwvit,0wl6zgm3,0.021437539,So machen Vermittler ihren Betrieb zukunftsfest,Teaching Architecture for Tertiary Students during Covid-19: Issues & Reflections
p0e9lolf,0vlkahyu,0.021448484,Nursing Home Staff Networks and COVID-19,Wirksamkeit von Pflanzenprodukten gegen Herpesinfektionen
8xtexo2z,jyq5a4qm,0.021455817,Marktführer gesucht,A snapshot on COVID-19: A review
u7oeath4,0ia8ld9o,0.021461755,Veterinary vaccines: alternatives to antibiotics?,Rajendra Kapila
a4yigvkp,0vlkahyu,0.021467391,Social Media in the Times of COVID-19,Wirksamkeit von Pflanzenprodukten gegen Herpesinfektionen
7ljhd62b,vi8hcnnk,0.021472463,COVID-19 – Eine neue Herausforderung,Talking Spaces: Architects and Educators
pbflhjz0,fx92xnzt,0.021476498,Clinical characteristics and outcomes of COVID-19 patients with prediabetes,Welche Phytos gegen Husten?
kf21j9n2,yzbi7r6h,0.021476861,"Challenges: Arrivals, Departures, Destruction, Debate",N-(2-(1h-indol-3-yl)ethyl)-2-(6-methoxynaphthalen-2-yl)propanamide
yzbi7r6h,pxsp0mq1,0.021476861,N-(2-(1h-indol-3-yl)ethyl)-2-(6-methoxynaphthalen-2-yl)propanamide,"Challenges: Arrivals, Departures, Destruction, Debate"
m5wlk26r,c1qdw17z,0.021477055,COVID-19 trifft auf angeborene Herzfehler,Radiological Findings in Patients with COVID-19
1r7tblro,sptj9tuy,0.02147763,Nuevos predictores del riesgo de severidad de COVID en Atención Primaria,Thinking about “Thinking about COVID-19”
7ljhd62b,n3fjos4l,0.021478789,COVID-19 – Eine neue Herausforderung,Exploration of potential risk factors for COVID-19 severity in patients participating in oncology clinical trials
0y0pi54f,d4l85xzw,0.021487325,Bereit: Von der Normalstation zur Covid-19-Überwachungsstation,Meetings and Courses
0zt5ykhn,zpo4us36,0.021488992,"The Human, Economic, Social, and Political Costs of COVID-19",Versorgung von Krebspatienten leidet
lq92mlhs,j0vrtnc5,0.021493807,Nachhaltiges Wirtschaften setzt eine nachhaltige Arbeitswelt voraus,COVID-19 in Brazilian children and adolescents: findings from 21 hospitals
fx92xnzt,7h1z1ry3,0.02149575,Welche Phytos gegen Husten?,NPHI creation: lessons learned and future directions.
uqblu7l8,m5wlk26r,0.021500641,Addressing stress in the paediatric workplace through focus groups,COVID-19 trifft auf angeborene Herzfehler
ju973g1a,fx92xnzt,0.02150294,"Covigie, a platform for caregivers and care team coordinators",Welche Phytos gegen Husten?
sv3xze2p,sfarwvit,0.021507205,Considerations for the Feasibility of Neutralizing Antibodies as a Surrogate Endpoint for COVID-19 Vaccines,So machen Vermittler ihren Betrieb zukunftsfest
8xtexo2z,ko0er6bj,0.021512086,Marktführer gesucht,A Focus on Vaccines Against Viruses.
nxmauvpu,lqcmivkm,0.021516684,Reasons for HOPE.,Ryzyko przeniesienia czynników zakaźnych przez transfuzje w Polsce
kdol990p,iah4gwpt,0.021517977,Jeden Verdacht melden!,COVID-19: Perspectives From Nurses Across the Country
17trii16,bzjk1e0n,0.02152795,Endlich mehr Honorar für COVID-19-lmpfungen,COVID-19 patients and contacted person awareness about home quarantine instructions
lfpvg1ul,hrbxg1yg,0.021531679,Investigation and research on the state of clinical trials during epidemic period of COVID-19,Es gibt Hoffnung
sfarwvit,33nezniw,0.021545608,So machen Vermittler ihren Betrieb zukunftsfest,Reproducibility of step tests in patients with bronchiectasis.
cipegfji,hrbxg1yg,0.021555321,Neurologic and neuroimaging findings in COVID-19 patients: A retrospective multicenter study.,Es gibt Hoffnung
rbez38t1,kcl0uzdg,0.021558868,Academic Coaching of Medical Students During COVID-19.,Budesonid verhindert bei COVID-19 Übergang zu schwerem Verlauf
0uch6p65,fx92xnzt,0.021567985,Public perspectives on health improvement within a remote-rural island community,Welche Phytos gegen Husten?
3dqljzjm,p1l9fyin,0.021573247,An EUA for tocilizumab (Actemra) for COVID-19,Neurointervention in the 2020s: Where are We Going?
7ljhd62b,5w20rshv,0.021574488,COVID-19 – Eine neue Herausforderung,The Neuroscientist Comments.
hrbxg1yg,2n7qiwa1,0.02157677,Es gibt Hoffnung,Pneumococcal carriage in children with COVID-19.
fouh4jhs,az2pgmkj,0.02157711,Konjunkturpaket notwendig — Rückkehr zur Schuldenbremse nicht forcieren,Features of α-HBDH in COVID-19 patients: A cohort study
v4s11m2i,tu4v0j1e,0.021577373,The authors respond.,Seite eins
u9we7lxt,sfarwvit,0.021585448,Evaluating Covid-19 Injury Claims With a Focus on Workers' Compensation.,So machen Vermittler ihren Betrieb zukunftsfest
jg2o5yyx,fx92xnzt,0.021592246,"COVID-19 vaccination, issues and future prospects",Welche Phytos gegen Husten?
dmeybl2a,sfarwvit,0.021601291,Remote monitoring in clinical trials during the COVID‐19 pandemic,So machen Vermittler ihren Betrieb zukunftsfest
8xtexo2z,ewk71v7s,0.021605927,Marktführer gesucht,The impact of tocilizumab on the mortality of patients with COVID-19
bcxn49y8,y3hpzj0u,0.021608533,"""Praxen können effizienter organisiert werden"": Dermatologie bleibt Vorreiter bei der Telemedizin","Acknowledgment of Referees, 2020"
lq92mlhs,zudabpei,0.02161153,Nachhaltiges Wirtschaften setzt eine nachhaltige Arbeitswelt voraus,COVID-19 Deaths: Reasons and Rationale
efdjg5g1,2w9zsz4m,0.021613153,Glucocorticoids save lives in COVID-19 patients,Aktuelles zur Brustkrebstherapie
nqrq5djx,fx92xnzt,0.021615298,Guest Editor’s note research on international social studies education,Welche Phytos gegen Husten?
kux9vzn8,ymuhb7tu,0.02161548,Bauchlage senkt Intubationsrate bei wachen COVID-19-Patienten auf Intensivstation,Translational control of retroviruses
833a0mmn,8xtexo2z,0.021623624,Aggregating data from COVID-19 trials.,Marktführer gesucht
2w9zsz4m,gfoe9x2c,0.021631556,Aktuelles zur Brustkrebstherapie,Predictors of morbidity and mortality in COVID-19
p825gprf,yzbi7r6h,0.021636471,Lessons from the past,N-(2-(1h-indol-3-yl)ethyl)-2-(6-methoxynaphthalen-2-yl)propanamide
tmi60ugl,bm7j3g5r,0.021636486,Fears and Hopes,Literatur kompakt
3ekxc20y,f8y3y9y8,0.021637442,dvs Informationen,Raising the bar (17)
vpvg3f3g,sfarwvit,0.021637497,Therapeutic targets and potential agents for the treatment of COVID-19,So machen Vermittler ihren Betrieb zukunftsfest
17trii16,sjc2szb1,0.021642907,Endlich mehr Honorar für COVID-19-lmpfungen,Mobilizing Hospitals to Mobilize Patients.
7ljhd62b,tv9xsned,0.021654274,COVID-19 – Eine neue Herausforderung,Potential Factors for Prediction of Disease Severity of COVID-19 Patients
c9xmzst6,m5wlk26r,0.021654846,The challenges of international comparisons of COVID-19,COVID-19 trifft auf angeborene Herzfehler
3tjz20rj,fx92xnzt,0.021655845,Platform companies: features of the business model and corporate governance,Welche Phytos gegen Husten?
sfarwvit,8mun4v5c,0.021659119,So machen Vermittler ihren Betrieb zukunftsfest,Prognostic value of preinfectionroutine laboratory parameters for COVID-19 mortality in tumor patients: Results of the ADHOK Coronavirus Tumor Registry
vz9uzwno,sfarwvit,0.021662535,Shots of hope.,So machen Vermittler ihren Betrieb zukunftsfest
sfarwvit,sf2cenz1,0.021666946,So machen Vermittler ihren Betrieb zukunftsfest,THYROTOXICOSIS IN PATIENTS WITH COVID-19: THE THYRCOV STUDY.
eb21912g,0vlkahyu,0.021667004,Coaching skills for medical education in a VUCA world.,Wirksamkeit von Pflanzenprodukten gegen Herpesinfektionen
5jky7m12,46pn6jmc,0.021672558,Articles of Public Interest.,Warum Austausch gerade jetzt wichtig ist
j7wcqqbx,46pn6jmc,0.021672558,Articles of Public Interest.,Warum Austausch gerade jetzt wichtig ist
jo6nmemj,sfarwvit,0.021675779,COVID-19 antibody tests: An overview,So machen Vermittler ihren Betrieb zukunftsfest
833a0mmn,7ljhd62b,0.021678222,Aggregating data from COVID-19 trials.,COVID-19 – Eine neue Herausforderung
kux9vzn8,up0ctmc0,0.0216793,Bauchlage senkt Intubationsrate bei wachen COVID-19-Patienten auf Intensivstation,Sacred or secular? Exploring religious Coloradans' questions about vaccines
0vlkahyu,yskxsnvs,0.021687752,Wirksamkeit von Pflanzenprodukten gegen Herpesinfektionen,Genetic counseling research and COVID‐19: A lesson in resiliency
8ezcu225,8ckdabhf,0.02169646,Enquiring minds.,Gibt es eine Rationale für eine bestimmte Blütentherapie?
c747edyv,3dqljzjm,0.021696674,Short time: what is it and how does it work?,An EUA for tocilizumab (Actemra) for COVID-19
uqkc55es,fx92xnzt,0.02169856,Workforce geography of older dermatologists during the COVID‐19 pandemic,Welche Phytos gegen Husten?
d2j3ivs3,f608irm6,0.021699175,Cybersecurity Predictions 2021,Kardiale Folgen von COVID-19
abpts2dj,2w9zsz4m,0.021700861,Interrelations between COVID-19 and other disorders,Aktuelles zur Brustkrebstherapie
gl55zhgw,sfarwvit,0.021704413,Exploring the potential of endophytes from medicinal plants as sources of antimycobacterial compounds,So machen Vermittler ihren Betrieb zukunftsfest
cecc28yo,ffbchp74,0.02170815,COVID-19: What Should Clinicians and Scientists Do and When?,Rechtsprechung kurz berichtet
9bl1hs75,w4k5v3gz,0.021708695,Issue Highlights.,Nach COVID-19-Infektion treten vermehrt Herzprobleme auf
cmiudlxe,w4k5v3gz,0.021708695,"Highlights of the issue 6, 2020",Nach COVID-19-Infektion treten vermehrt Herzprobleme auf
w4k5v3gz,28hlwjw7,0.021708695,Nach COVID-19-Infektion treten vermehrt Herzprobleme auf,Highlights of the May issue.
w4k5v3gz,n3x6iehh,0.021708695,Nach COVID-19-Infektion treten vermehrt Herzprobleme auf,Issue Highlights.
6jjeoa3q,m5wlk26r,0.021710852,Contemporary Issues in Mediation,COVID-19 trifft auf angeborene Herzfehler
bbub2bss,fx92xnzt,0.021718986,Safety Events in Children's Hospitals During the COVID-19 Pandemic,Welche Phytos gegen Husten?
ript90ig,m5wlk26r,0.02172682,Stressors and Other Pandemic-related Predictors of Prospective Changes in Psychological Distress,COVID-19 trifft auf angeborene Herzfehler
6ho4ox2e,zudabpei,0.021736158,Pädiatrie aktuell – Forschung kurz notiert,COVID-19 Deaths: Reasons and Rationale
ndj0v4gh,m5wlk26r,0.021741137,COVID-19 - Considerations and Implications for Surgical Learners.,COVID-19 trifft auf angeborene Herzfehler
v81vl0ue,6ho4ox2e,0.021746522,Covid-19: equal response and unequal interests,Pädiatrie aktuell – Forschung kurz notiert
mdvcig87,eej8qb9t,0.02174699,"""Wir unterstützen den kollektiven Lernprozess""",Acknowledgement to Referees.
mdd60ic7,mdvcig87,0.021747,Acknowledgement to Referees,"""Wir unterstützen den kollektiven Lernprozess"""
mdvcig87,0ngl3naa,0.021747,"""Wir unterstützen den kollektiven Lernprozess""",Acknowledgement to Referees
mdvcig87,se2s9c5j,0.021747,"""Wir unterstützen den kollektiven Lernprozess""",Acknowledgement to Referees
mdvcig87,2un48l2e,0.021747,"""Wir unterstützen den kollektiven Lernprozess""",Acknowledgement to Referees
mdvcig87,s4bobqls,0.021747,"""Wir unterstützen den kollektiven Lernprozess""",Acknowledgement to referees
mdvcig87,dbo18qfk,0.021747,"""Wir unterstützen den kollektiven Lernprozess""",Acknowledgement to Referees
mdvcig87,rh9bx841,0.021747,"""Wir unterstützen den kollektiven Lernprozess""",Acknowledgement to Referees
qq869cuh,10jkk9mf,0.02175231,Chronische Krankheiten machen COVID-19 so gefährlich,Celebrating our wins.
srptphrz,kux9vzn8,0.021754954,[Analysis on the epidemic factors for COVID-19],Bauchlage senkt Intubationsrate bei wachen COVID-19-Patienten auf Intensivstation
3dx56fet,17trii16,0.02175504,"COVID-19, Your Pet and Other Animals: Are You at Risk?",Endlich mehr Honorar für COVID-19-lmpfungen
hq6y67rz,ikfd5xfl,0.02175617,Courses and Conferences,Folgen von COVID-19 - das sieht der Kliniker
bzu0vp9q,0vlkahyu,0.02175699,Risk factors and electrocardiogram characteristics for mortality of critical inpatients with COVID-19,Wirksamkeit von Pflanzenprodukten gegen Herpesinfektionen
0vlkahyu,gqsgldzr,0.021757826,Wirksamkeit von Pflanzenprodukten gegen Herpesinfektionen,Characteristics of COVID-2019 in areas epidemic from imported cases
zku020ww,d6su39tw,0.021758692,"Educating heads, hands, and hearts in the COVID-19 Classroom",Erfolgreiche Behandlung eines drittgradigen Pleuraempyems infolge einer COVID-19-Infektion
p6m0m41f,m5wlk26r,0.021764085,Registering ethnicity for covid-19 research: is the law an obstacle?,COVID-19 trifft auf angeborene Herzfehler
y8rkyux1,zpo4us36,0.021777388,Personal Cleanliness Activities in Preschool Classrooms,Versorgung von Krebspatienten leidet
lq92mlhs,e6a03b5e,0.021779649,Nachhaltiges Wirtschaften setzt eine nachhaltige Arbeitswelt voraus,Government agencies.
d73wl30t,zgtghspt,0.021780213,UOG now and beyond!,An EUA for Bamlanivimab-A Monoclonal Antibody for COVID-19.
ywlwa4ii,0vlkahyu,0.021782009,"Intergovernmental organizations, institutional schisms, and business environments",Wirksamkeit von Pflanzenprodukten gegen Herpesinfektionen
3dqljzjm,21k2wltf,0.021784253,An EUA for tocilizumab (Actemra) for COVID-19,A Return to Normal Is Not Good Enough
99btzh9a,xqhxra2p,0.021786932,News & Notes,Akutrehabilitation nach COVID‑19‑Infektion: Eine ausgewählte Fallserie
12szumnb,8xtexo2z,0.02179268,Pandemic Risk and Diversification,Marktführer gesucht
7ljhd62b,rcdui9rm,0.02179298,COVID-19 – Eine neue Herausforderung,Outcomes of Patients on Maintenance Dialysis Hospitalized with COVID-19
7ljhd62b,5v0fzzo9,0.02179298,COVID-19 – Eine neue Herausforderung,Outcomes of Patients on Maintenance Dialysis Hospitalized with COVID-19.
0vlkahyu,1zc35p2d,0.021795573,Wirksamkeit von Pflanzenprodukten gegen Herpesinfektionen,"Rural-urban interdependencies: thinking through the implications of space, leisure, politics and health. (Special Issue: Leisure in the time of Covid-19.)"
fouh4jhs,47ol5hek,0.021798907,Konjunkturpaket notwendig — Rückkehr zur Schuldenbremse nicht forcieren,Association between Variability of Metabolic Risk Factors and Cardiometabolic Outcomes
2zk9t7ij,17trii16,0.021803679,Parasites and Diseases,Endlich mehr Honorar für COVID-19-lmpfungen
pcj8a0n6,zpo4us36,0.021804383,Internationalizing Service Businesses,Versorgung von Krebspatienten leidet
8ezcu225,iqz3va6i,0.02181561,Enquiring minds.,Gobernanza y comunicación en la universidad: Estudio a partir del COVID-19
r7rzkhmy,0vlkahyu,0.021816358,Protecting global health security through the International Health Regulations: requirements and challenges.,Wirksamkeit von Pflanzenprodukten gegen Herpesinfektionen
sfarwvit,t7pxcsq2,0.021827606,So machen Vermittler ihren Betrieb zukunftsfest,Cerebrovascular events and outcomes in hospitalized patients with COVID-19: The SVIN COVID-19 Multinational Registry
nz3rwwbb,sfarwvit,0.021827735,Corticosteroid Pulses for Hospitalized Patients with COVID-19: Effects on Mortality,So machen Vermittler ihren Betrieb zukunftsfest
kux9vzn8,y98clqzz,0.021827923,Bauchlage senkt Intubationsrate bei wachen COVID-19-Patienten auf Intensivstation,A Solution to the Kermack and McKendrick Integro-Differential Equations
hqhm83y2,m5wlk26r,0.021828853,COVID-19 Coagulopathy and Inflammation: The Knowns and Unknowns.,COVID-19 trifft auf angeborene Herzfehler
1qwwc2i7,fx92xnzt,0.021848984,The Political Economy of the COVID-19 Fiscal Stimulus Packages of 2020,Welche Phytos gegen Husten?
sfarwvit,s3h1rbbg,0.021849979,So machen Vermittler ihren Betrieb zukunftsfest,Clinical Radiology Exhibits
4tmqfzeb,17trii16,0.02185855,Concerns About Research Ethics in COVID-19 Publications,Endlich mehr Honorar für COVID-19-lmpfungen
nqzsbtp8,hq6y67rz,0.0218589,In diesen Fällen kann nun telefonisch eine AU ausgestellt werden,Courses and Conferences
8xtexo2z,md38gqg2,0.021858914,Marktführer gesucht,Impact of COVID-19 predicts perceived risk more strongly than known demographic risk factors
2ootfjhk,vskya7f0,0.0218647,Risk factors for disease progression in COVID-19 patients,So viele Praxen haben Kurzarbeit angemeldet
88n6hwyo,vskya7f0,0.0218647,Risk factors for disease progression in COVID-19 patients,So viele Praxen haben Kurzarbeit angemeldet
2w9zsz4m,v8fm3r9u,0.021869875,Aktuelles zur Brustkrebstherapie,The political economy of COVID-19
fx2tuak5,fx92xnzt,0.021871287,Insight into COVID‐2019 for pediatricians,Welche Phytos gegen Husten?
cmi5pizh,17trii16,0.021874392,Clinical Perspectives on the Notion of Presence.,Endlich mehr Honorar für COVID-19-lmpfungen
z1p8tsyg,0vlkahyu,0.021881191,Cognitive and Affective-Motivational Factors as Predictors of Students’ Home Learning During the School Lockdown,Wirksamkeit von Pflanzenprodukten gegen Herpesinfektionen
x1zun8qe,m5wlk26r,0.021885373,Therapeutic Potential of B-1a Cells in COVID-19,COVID-19 trifft auf angeborene Herzfehler
spd3t0zb,hrbxg1yg,0.021892695,A snapshot of the ongoing clinical research on COVID-19,Es gibt Hoffnung
8rusyq0n,m5wlk26r,0.021899134,"Ethical dilemmas faced by health care workers during COVID-19 pandemic: Issues, implications and suggestions",COVID-19 trifft auf angeborene Herzfehler
rcib6e0m,fx92xnzt,0.021899918,Cities 2021 Preface,Welche Phytos gegen Husten?
lzlqpbzz,fx92xnzt,0.02190443,Evolution of research in health geographics through the International Journal of Health Geographics (2002–2015),Welche Phytos gegen Husten?
u2t1ugyz,fx92xnzt,0.021915784,Sustainable Cultural Heritage Planning and Management of Overtourism in Art Cities: Lessons from Atlas World Heritage,Welche Phytos gegen Husten?
xqhxra2p,ig8h7ym4,0.021917203,Akutrehabilitation nach COVID‑19‑Infektion: Eine ausgewählte Fallserie,COVID-19: Protecting yourself and others
2w9zsz4m,dmtndvi4,0.021917535,Aktuelles zur Brustkrebstherapie,Outcome and prognostic factors in infective endocarditis in dogs: 113 cases (2005-2020)
w6n32mfk,f608irm6,0.021917865,Flavivirus Persistence in Wildlife Populations,Kardiale Folgen von COVID-19
kux9vzn8,y8rkyux1,0.021936765,Bauchlage senkt Intubationsrate bei wachen COVID-19-Patienten auf Intensivstation,Personal Cleanliness Activities in Preschool Classrooms
sfarwvit,nggz2d9j,0.021944955,So machen Vermittler ihren Betrieb zukunftsfest,"The Effects of COVID-19 on U.S. Small Businesses: Evidence from Owners, Managers, and Employees"
v5h0pg1p,m5wlk26r,0.021952,Human Coronaviruses,COVID-19 trifft auf angeborene Herzfehler
kux9vzn8,jasji5gs,0.021955935,Bauchlage senkt Intubationsrate bei wachen COVID-19-Patienten auf Intensivstation,The eye and COVID-19 pandemic
sfarwvit,q0222g6g,0.021963991,So machen Vermittler ihren Betrieb zukunftsfest,Clinical aspects of immunosuppression in poultry.
m5wlk26r,xyg5hjv1,0.021964215,COVID-19 trifft auf angeborene Herzfehler,From schoolification of children to schoolification of parents? – educational policies in COVID times
sfarwvit,1jprldcz,0.021967364,So machen Vermittler ihren Betrieb zukunftsfest,Potential neurological symptoms of COVID-19
d6su39tw,xpx7yykw,0.021967618,Erfolgreiche Behandlung eines drittgradigen Pleuraempyems infolge einer COVID-19-Infektion,In Praise of Veterans.
kux9vzn8,vf8z02nh,0.021973168,Bauchlage senkt Intubationsrate bei wachen COVID-19-Patienten auf Intensivstation,Clinical Virology of Rhinoviruses
sfarwvit,2ryud8q9,0.021978147,So machen Vermittler ihren Betrieb zukunftsfest,"The COVID-19 Vaccines: Recent Development, Challenges and Prospects"
kaiyyc6h,ffbchp74,0.021978483,The Imperative of Civility in Uncertain Times,Rechtsprechung kurz berichtet
6eewbhh3,6ho4ox2e,0.02197867,Interpreting Transmissibility of COVID-19 in Children,Pädiatrie aktuell – Forschung kurz notiert
7ljhd62b,xppum4qg,0.021979477,COVID-19 – Eine neue Herausforderung,Boards in Information Governance
kux9vzn8,mxfg6ycb,0.021980455,Bauchlage senkt Intubationsrate bei wachen COVID-19-Patienten auf Intensivstation,The enigmatic COVID-19 pandemic
y76h5hht,17trii16,0.021987874,Ivermectin buyers clubs,Endlich mehr Honorar für COVID-19-lmpfungen
17trii16,pkfckyfk,0.021988392,Endlich mehr Honorar für COVID-19-lmpfungen,Cell Surface Transporters and Novel Drug Developments
o3rwq9az,fx92xnzt,0.021992192,News View,Welche Phytos gegen Husten?
sfarwvit,jg2o5yyx,0.021992465,So machen Vermittler ihren Betrieb zukunftsfest,"COVID-19 vaccination, issues and future prospects"
mfl60aed,sfarwvit,0.021993386,"To My Residents, In a Pandemic",So machen Vermittler ihren Betrieb zukunftsfest
2w9zsz4m,ca2jrxat,0.021994933,Aktuelles zur Brustkrebstherapie,Potential drug candidates for treatment of Covid-19
tucs5o3u,xqhxra2p,0.021995043,Interim Guidance for Businesses and Employers,Akutrehabilitation nach COVID‑19‑Infektion: Eine ausgewählte Fallserie
u8ysd4wr,fx92xnzt,0.021999218,Household infection: The predominant risk factor for close contacts of patients with COVID-19,Welche Phytos gegen Husten?
fx92xnzt,p7af60gi,0.021999218,Welche Phytos gegen Husten?,Household infection: The predominant risk factor for close contacts of patients with COVID-19
tzcv3v7j,17trii16,0.022002012,Perspectives: Thoughts on rural health.,Endlich mehr Honorar für COVID-19-lmpfungen
xqhxra2p,ysqsfkcn,0.022002326,Akutrehabilitation nach COVID‑19‑Infektion: Eine ausgewählte Fallserie,Contemporary Issues in Women's Health.
xqhxra2p,gd37nhjf,0.022002326,Akutrehabilitation nach COVID‑19‑Infektion: Eine ausgewählte Fallserie,Contemporary Issues in Women's Health.
r50tot46,0vlkahyu,0.02200895,"COVID-19, psychosocial issues, politics, and public mental health care",Wirksamkeit von Pflanzenprodukten gegen Herpesinfektionen
xqhxra2p,ld0f14a4,0.02200995,Akutrehabilitation nach COVID‑19‑Infektion: Eine ausgewählte Fallserie,"Human Factors and Ergonomics by Distance Learning: Successes, Challenges and Opportunities"
gfoe9x2c,0vlkahyu,0.022010548,Predictors of morbidity and mortality in COVID-19,Wirksamkeit von Pflanzenprodukten gegen Herpesinfektionen
5xxqrr7s,fx92xnzt,0.02201082,Cooperation and conflict in romantic partners’ personal projects: the role of life domains,Welche Phytos gegen Husten?
oamviy6s,m5wlk26r,0.022011142,Investigations of Pathologists as a Key to Understanding Coronavirus Disease 2019,COVID-19 trifft auf angeborene Herzfehler
uwkla2tj,m5wlk26r,0.022011142,Investigations of Pathologists as a Key to Understanding Coronavirus Disease 2019,COVID-19 trifft auf angeborene Herzfehler
q5yb36ll,6ho4ox2e,0.022019349,The Grassroots Intellectuals,Pädiatrie aktuell – Forschung kurz notiert
y1wpc0dk,kylka2rh,0.022021359,People + Companies,Zur gesellschaftlichen Akzeptanz von einmaligen Vermögensabgaben
9bdiz5pz,kylka2rh,0.022021359,People + Companies,Zur gesellschaftlichen Akzeptanz von einmaligen Vermögensabgaben
x0ck5v02,ffbchp74,0.022022383,"COVID-19 in Clinicians-More Cases in Women, More Deaths in Men",Rechtsprechung kurz berichtet
tdm5ymr9,y1wpc0dk,0.02202974,"Bereitschaft zur Impfung mit einem COVID‑19-Vakzin – Risikoeinschätzung, Impferfahrungen und Einstellung zu Behandlungsverfahren",People + Companies
tdm5ymr9,9bdiz5pz,0.02202974,"Bereitschaft zur Impfung mit einem COVID‑19-Vakzin – Risikoeinschätzung, Impferfahrungen und Einstellung zu Behandlungsverfahren",People + Companies
0vlkahyu,p1qlmfcw,0.022036482,Wirksamkeit von Pflanzenprodukten gegen Herpesinfektionen,COVID-19 stressful life events and mental health: Personality and coping styles as moderators
0tyz47uz,17trii16,0.022037426,World Bank Loans and Grants,Endlich mehr Honorar für COVID-19-lmpfungen
jxuhduqx,0vlkahyu,0.022039132,P20 Anatomical Education during Covid-19: Ramifications for Students’ Learning,Wirksamkeit von Pflanzenprodukten gegen Herpesinfektionen
8ezcu225,5yg5ts1g,0.022042936,Enquiring minds.,Los inhibidores de la bomba de protones en la pandemia por la COVID-19
y76h5hht,5r2leevd,0.022050275,Ivermectin buyers clubs,Kündigung – Maskenpflicht – Anforderungen an ein Attest zur Befreiung : KSchG 1;BGB 242
nxmauvpu,0vlkahyu,0.022051109,Reasons for HOPE.,Wirksamkeit von Pflanzenprodukten gegen Herpesinfektionen
k7qibllm,tu4v0j1e,0.022053905,Are children and schools a COVID-19 threat?,Seite eins
2w9zsz4m,ei1v67hy,0.022057438,Aktuelles zur Brustkrebstherapie,Changes to Family Caregiving of Older Adults and Adults with Disabilities during COVID-19
2w9zsz4m,65tixsmv,0.02205968,Aktuelles zur Brustkrebstherapie,Vaccine for Covid-19 and Pregnant Women.
kux9vzn8,ript90ig,0.022060247,Bauchlage senkt Intubationsrate bei wachen COVID-19-Patienten auf Intensivstation,Stressors and Other Pandemic-related Predictors of Prospective Changes in Psychological Distress
upomoaij,8xtexo2z,0.022064554,COVID-19 and the Energy Price Volatility,Marktführer gesucht
xqhxra2p,4gyoxd6j,0.022072703,Akutrehabilitation nach COVID‑19‑Infektion: Eine ausgewählte Fallserie,"Characteristics and outcomes of an international cohort of 400,000 hospitalised patients with Covid-19"
kux9vzn8,lw7bnxy6,0.02207701,Bauchlage senkt Intubationsrate bei wachen COVID-19-Patienten auf Intensivstation,Keep mental health in mind
kux9vzn8,agbaiplw,0.02207701,Bauchlage senkt Intubationsrate bei wachen COVID-19-Patienten auf Intensivstation,Keep mental health in mind.
sfarwvit,jsrm2w7z,0.022080034,So machen Vermittler ihren Betrieb zukunftsfest,2020 Crisis Preparedness Exercise with EFSA Focal Points &Observers
4coluqp2,m5wlk26r,0.02208238,Structures of the Mononegavirales Polymerases,COVID-19 trifft auf angeborene Herzfehler
2w9zsz4m,3dctwtjl,0.022083687,Aktuelles zur Brustkrebstherapie,Bacterial infections in COVID-19 patients and their possible treatments
oixxx7vg,0vlkahyu,0.022083746,Health coaching.,Wirksamkeit von Pflanzenprodukten gegen Herpesinfektionen
c138wl7v,0vlkahyu,0.02208537,"The event study in international business research: Opportunities, challenges, and practical solutions",Wirksamkeit von Pflanzenprodukten gegen Herpesinfektionen
zpo4us36,lm55pt80,0.022088062,Versorgung von Krebspatienten leidet,Key pathways as therapeutic targets
tucs5o3u,f608irm6,0.022091817,Interim Guidance for Businesses and Employers,Kardiale Folgen von COVID-19
0l41f0xj,6ho4ox2e,0.02209569,COVID-19 and pregnancy: are they friends or enemies?,Pädiatrie aktuell – Forschung kurz notiert
x3hyaq3o,m5wlk26r,0.022096066,Cultural Differences in People’s Psychological Response to COVID-19,COVID-19 trifft auf angeborene Herzfehler
17trii16,cm91em81,0.022104288,Endlich mehr Honorar für COVID-19-lmpfungen,National scientific medical meeting 1997 abstracts
76xvzvdg,17trii16,0.022104308,National scientific medical meeting 1996 abstracts,Endlich mehr Honorar für COVID-19-lmpfungen
m5wlk26r,ccvxeudk,0.022108315,COVID-19 trifft auf angeborene Herzfehler,Framing a Theological Response to COVID-19 in the Presence of the Religious Other
vttwtrbc,0vlkahyu,0.022123672,Error in Dates in Figures,Wirksamkeit von Pflanzenprodukten gegen Herpesinfektionen
4coluqp2,negmc6kz,0.022126595,Structures of the Mononegavirales Polymerases,Johnson & Johnson
k54sl1pb,hrbxg1yg,0.022126665,COVID-19 in Adults With Hypertrophic Cardiomyopathy,Es gibt Hoffnung
nh6xrfpx,0vlkahyu,0.02213312,"Mapping 2 Decades of Research in Health Services Research, Health Policy, and Health Economics Journals.",Wirksamkeit von Pflanzenprodukten gegen Herpesinfektionen
3ekxc20y,vld2nemc,0.022134868,dvs Informationen,Up front
3ekxc20y,aqa6kvks,0.022134868,dvs Informationen,Up front
zeu6g8jb,fx92xnzt,0.022136612,Philosophy in the time of COVID,Welche Phytos gegen Husten?
kux9vzn8,e2oz44es,0.02214005,Bauchlage senkt Intubationsrate bei wachen COVID-19-Patienten auf Intensivstation,"COVID-19 and employees’ mental health: stressors, moderators and agenda for organizational actions"
9yknh486,6ho4ox2e,0.022143267,Coinfections with Other Respiratory Pathogens among Patients with COVID-19,Pädiatrie aktuell – Forschung kurz notiert
ioczivzz,m5wlk26r,0.022144321,Psychological Factors Explaining Perceived Impact of COVID-19 on Travel,COVID-19 trifft auf angeborene Herzfehler
p81l6zvz,q1gecucn,0.022146404,Systemische Immunsuppression in Zeiten von COVID‐19: Müssen wir umdenken?,Tackling debt
fkx0iplt,sfarwvit,0.022146728,Epidemiological and Clinical Characteristics of Deceased COVID-19 Patients,So machen Vermittler ihren Betrieb zukunftsfest
8jtlw9jd,0vlkahyu,0.022158097,Mapping environmental richness,Wirksamkeit von Pflanzenprodukten gegen Herpesinfektionen
p81l6zvz,8glz0c1z,0.022159478,Systemische Immunsuppression in Zeiten von COVID‐19: Müssen wir umdenken?,A Symposium on the Clinic of the Future and Telehealth: Highlights and Future Directions
mraycufh,0olw46sz,0.022170102,"(±)-2-(2-Fluoro-[1,1′-biphenyl]-4-yl)-N-(1-phenylpropan-2-yl)propanamide",A timely reminder.
17trii16,6gwj6d9i,0.022173913,Endlich mehr Honorar für COVID-19-lmpfungen,Thieves' Market
p81l6zvz,0sl4xp50,0.02218356,Systemische Immunsuppression in Zeiten von COVID‐19: Müssen wir umdenken?,Neuropathological Features of COVID-19
eyerwtk9,vskya7f0,0.022185396,Clinical news,So viele Praxen haben Kurzarbeit angemeldet
jpjyoxxi,fx92xnzt,0.022186011,Mental health interest groups: a strategy by students for students in times of COVID-19,Welche Phytos gegen Husten?
zolz5rj8,sfarwvit,0.022186551,Health insurance coverage and sources of advice in entrepreneurship: Gender differences,So machen Vermittler ihren Betrieb zukunftsfest
xvfvjas9,d6su39tw,0.022187185,Room to Grieve,Erfolgreiche Behandlung eines drittgradigen Pleuraempyems infolge einer COVID-19-Infektion
kux9vzn8,excu8l4d,0.022190196,Bauchlage senkt Intubationsrate bei wachen COVID-19-Patienten auf Intensivstation,"1189 Sociodemographic, clinical and morbidity factors associated with COVID 19 mortality : A retrospective observational study"
8xtexo2z,d8jzbop2,0.022191169,Marktführer gesucht,Balancing resistance and resilience
5nrul4jw,0vlkahyu,0.022195665,Mandated societal lockdown and road traffic accidents,Wirksamkeit von Pflanzenprodukten gegen Herpesinfektionen
2zk9t7ij,5r2leevd,0.022196168,Parasites and Diseases,Kündigung – Maskenpflicht – Anforderungen an ein Attest zur Befreiung : KSchG 1;BGB 242
p3siskod,ffbchp74,0.02219641,Contents 2 pages,Rechtsprechung kurz berichtet
tpm2594i,fx92xnzt,0.022200942,Integrating Landscape Hierarchies in the Discovery and Modeling of Ecological Drivers of Zoonotically Transmitted Disease from Wildlife,Welche Phytos gegen Husten?
yl0gtmu9,m5wlk26r,0.022202618,"An analysis of the relationships between human, technological and physical factors in the retail banking sector",COVID-19 trifft auf angeborene Herzfehler
97xr4pjd,fx92xnzt,0.022210943,County-Level Socioeconomic and Political Predictors of Distancing for COVID-19,Welche Phytos gegen Husten?
7w1tc6tm,fx92xnzt,0.022212548,Mentoring Library School Interns at a Distance: Insights Gained from a Remote Community of Practice,Welche Phytos gegen Husten?
f608irm6,etrtg1hj,0.02221286,Kardiale Folgen von COVID-19,"Complicated Grief: Risk Factors, Protective Factors, and Interventions."
rpqda9pq,m5wlk26r,0.022213208,COVID-19 targets human adrenal glands,COVID-19 trifft auf angeborene Herzfehler
ekkf4hc2,vskya7f0,0.022218188,Physicians Abstracts,So viele Praxen haben Kurzarbeit angemeldet
defbarkz,3ekxc20y,0.022220042,Time (f)or Competency,dvs Informationen
ujijpuaa,0vlkahyu,0.022225417,Injury Rates in Major League Baseball During the 2020 COVID-19 Season,Wirksamkeit von Pflanzenprodukten gegen Herpesinfektionen
tu4v0j1e,amm625ic,0.022230549,Seite eins,"Weighing the Costs of Disaster: Consequences, Risks, and Resilience in Individuals, Families, and Communities."
rni7ct45,17trii16,0.022235563,Chemical Constituents of the Plants of the Genus Calophyllum,Endlich mehr Honorar für COVID-19-lmpfungen
q5yb36ll,tdm5ymr9,0.022237157,The Grassroots Intellectuals,"Bereitschaft zur Impfung mit einem COVID‑19-Vakzin – Risikoeinschätzung, Impferfahrungen und Einstellung zu Behandlungsverfahren"
tu4v0j1e,92ivie3y,0.022237655,Seite eins,Our Responsibility to All of Our Patients and Families
b0d4x2io,2w9zsz4m,0.022240037,Factors associated with parent and youth athlete concussion knowledge.,Aktuelles zur Brustkrebstherapie
xqhxra2p,xyg5hjv1,0.022243692,Akutrehabilitation nach COVID‑19‑Infektion: Eine ausgewählte Fallserie,From schoolification of children to schoolification of parents? – educational policies in COVID times
d6su39tw,lm55pt80,0.022248784,Erfolgreiche Behandlung eines drittgradigen Pleuraempyems infolge einer COVID-19-Infektion,Key pathways as therapeutic targets
yfe3vrtg,f608irm6,0.02225402,Receptors | Angiotensin Receptors,Kardiale Folgen von COVID-19
30097lan,l720mqb6,0.022255834,Hematological Aspects of COVID-19,Aus der Not eine Tugend gemacht
g1rr468n,0vlkahyu,0.022259481,Data Quality in a Decentralized Environment,Wirksamkeit von Pflanzenprodukten gegen Herpesinfektionen
fu6abqtb,6ho4ox2e,0.02226115,Once Upon a Time.,Pädiatrie aktuell – Forschung kurz notiert
7as9oxyc,6ho4ox2e,0.02226115,"Once Upon a Time, in AmeriFlux",Pädiatrie aktuell – Forschung kurz notiert
7ljhd62b,3dctwtjl,0.02226393,COVID-19 – Eine neue Herausforderung,Bacterial infections in COVID-19 patients and their possible treatments
5jky7m12,fouh4jhs,0.022265166,Articles of Public Interest.,Konjunkturpaket notwendig — Rückkehr zur Schuldenbremse nicht forcieren
j7wcqqbx,fouh4jhs,0.022265166,Articles of Public Interest.,Konjunkturpaket notwendig — Rückkehr zur Schuldenbremse nicht forcieren
17trii16,ikf993qk,0.022265192,Endlich mehr Honorar für COVID-19-lmpfungen,Risk Factors in Patients with Diabetes Hospitalized for COVID-19: Findings from a Multicenter Retrospective Study
8xtexo2z,y3yku6n7,0.022266788,Marktführer gesucht,Obesity as a risk factor for COVID-19: an overview.
tbes7uke,5r2leevd,0.02227274,Infections in Travelers and Adoptees from Abroad,Kündigung – Maskenpflicht – Anforderungen an ein Attest zur Befreiung : KSchG 1;BGB 242
q8g8uci6,8xtexo2z,0.022276103,Economic recovery forecasts under impacts of COVID-19(),Marktführer gesucht
49xllcu2,hrbxg1yg,0.022280702,State of the climate in 2020,Es gibt Hoffnung
fd9vwx42,7ljhd62b,0.022282407,Focused and Other,COVID-19 – Eine neue Herausforderung
8d832rr6,3dqljzjm,0.022283386,[Connection in times of COVID-19].,An EUA for tocilizumab (Actemra) for COVID-19
xtvj6yyj,fouh4jhs,0.022283785,Legaltech in Public Administration: Prospects and Challenges,Konjunkturpaket notwendig — Rückkehr zur Schuldenbremse nicht forcieren
8xtexo2z,o4sbsf8s,0.02228762,Marktführer gesucht,Comorbidity and its Impact on Patients with COVID-19
pzxrnuuj,ffbchp74,0.022291476,Supporting our Fellows and Members through COVID-19,Rechtsprechung kurz berichtet
fouh4jhs,xyg5hjv1,0.022291668,Konjunkturpaket notwendig — Rückkehr zur Schuldenbremse nicht forcieren,From schoolification of children to schoolification of parents? – educational policies in COVID times
lqcmivkm,fbj6bolc,0.022295048,Ryzyko przeniesienia czynników zakaźnych przez transfuzje w Polsce,The changing demographics of COVID-19
29xi5zs5,sfarwvit,0.02229563,Hematologic Complications,So machen Vermittler ihren Betrieb zukunftsfest
3dqljzjm,3exvix5l,0.022297736,An EUA for tocilizumab (Actemra) for COVID-19,Looking Back on 9/11: Looking Forward to 2022
fx92xnzt,5ii9ws68,0.022299197,Welche Phytos gegen Husten?,Pandemics and firms: Drawing lessons from history
k7qibllm,wq612zzs,0.022299647,Are children and schools a COVID-19 threat?,Coronaimpfung: Ärztliche Beratung kann Impfbereitschaft steigern
jz4qhl5u,0vlkahyu,0.022301303,Notes and Trends,Wirksamkeit von Pflanzenprodukten gegen Herpesinfektionen
0ge2exge,m5wlk26r,0.022301557,"Coronapod: The state of the pandemic, six months in.",COVID-19 trifft auf angeborene Herzfehler
824iwid1,fx92xnzt,0.02230508,Road safety status during COVID-19 pandemic: exploring public and road safety expert's opinions,Welche Phytos gegen Husten?
negmc6kz,31qbazhh,0.022308428,Johnson & Johnson,Serology assays to manage COVID-19
46pn6jmc,mpje1c1p,0.02231166,Warum Austausch gerade jetzt wichtig ist,Careers and Employment
