cord_uid_a,cord_uid_b,similarity,title_a,title_b
84yq3oyz,fnhqcpru,-0.16612639,COVID-19: No Visitors.,COVID-19 – (k)eine Zumutung?!
ujsb6ebp,fnhqcpru,-0.14753692,Hearts of Athletes,COVID-19 – (k)eine Zumutung?!
e97bazt5,fnhqcpru,-0.14236,"Covid, Colleges, and Classes",COVID-19 – (k)eine Zumutung?!
eej8qb9t,fnhqcpru,-0.12614954,Acknowledgement to Referees.,COVID-19 – (k)eine Zumutung?!
gk6xm71j,fnhqcpru,-0.12250512,COVID-19 Claims Lives of Artists,COVID-19 – (k)eine Zumutung?!
z5s3mwnk,fnhqcpru,-0.11892875,Vaccines for travelers.,COVID-19 – (k)eine Zumutung?!
qvay40pd,gdqv1q45,-0.11371739,All People.,Komplexe Gerinnungsstörungen
q8wjcvxx,fnhqcpru,-0.11308698,From editors,COVID-19 – (k)eine Zumutung?!
wwie0iem,jvvzu4aj,-0.11292844,Allergikern Ängste nehmen,Concluding Reflections
s86t1am9,fnhqcpru,-0.111189604,Courses and Conferences.,COVID-19 – (k)eine Zumutung?!
92ivie3y,fnhqcpru,-0.110380724,Our Responsibility to All of Our Patients and Families,COVID-19 – (k)eine Zumutung?!
563ftqw3,4s2t1jzq,-0.109126456,hpO: Berufsvereinigung für heilkundlich praktizierte Osteopathie e.V.,"COVID-19, a lesson to be learned from"
qenoivq9,fnhqcpru,-0.10757867,Infections in Travelers,COVID-19 – (k)eine Zumutung?!
zen3876u,8f2e9fxq,-0.10734274,"COVID-19, Naturally.",Onze hersenen: onze achtbaan
wwie0iem,4p6wbd0h,-0.10385105,Allergikern Ängste nehmen,Screening figures
563ftqw3,asqisbn2,-0.10336762,hpO: Berufsvereinigung für heilkundlich praktizierte Osteopathie e.V.,"Book Review: Judgment, Decision-Making, and Embodied Choices"
563ftqw3,wt1npgpc,-0.1030393,hpO: Berufsvereinigung für heilkundlich praktizierte Osteopathie e.V.,Exceptional matters
7hiqld8n,fnhqcpru,-0.10216969,Digestional diseases in Covid-19 in children,COVID-19 – (k)eine Zumutung?!
563ftqw3,cg8k7poz,-0.10207382,hpO: Berufsvereinigung für heilkundlich praktizierte Osteopathie e.V.,Beyond This Book
w5pwoo15,fnhqcpru,-0.10007848,From the pages of AllergyWatch®,COVID-19 – (k)eine Zumutung?!
taylx8ax,fnhqcpru,-0.099942215,ESICM LIVES 2020,COVID-19 – (k)eine Zumutung?!
sw66w64t,fnhqcpru,-0.098771445,Bats and COVID-19: villains or victims?,COVID-19 – (k)eine Zumutung?!
563ftqw3,caj01hf7,-0.09772008,hpO: Berufsvereinigung für heilkundlich praktizierte Osteopathie e.V.,27144 Patient expectations and willingness with teledermatology
jvvzu4aj,xmb4eywi,-0.09751562,Concluding Reflections,"Strategieentwicklung ""einfach"" machen"
5pp8qvx0,fnhqcpru,-0.097487606,From the editors: research in times of COVID,COVID-19 – (k)eine Zumutung?!
563ftqw3,8y6y9yxm,-0.0970303,hpO: Berufsvereinigung für heilkundlich praktizierte Osteopathie e.V.,Professionalism: COVID-19 made me do it!
t8vb3vii,fnhqcpru,-0.096152805,Complications in Patients With COVID-19,COVID-19 – (k)eine Zumutung?!
563ftqw3,agrj7vff,-0.09539847,hpO: Berufsvereinigung für heilkundlich praktizierte Osteopathie e.V.,Managing patient expectations
563ftqw3,x2bfrpo8,-0.093783155,hpO: Berufsvereinigung für heilkundlich praktizierte Osteopathie e.V.,COVID-19 Guidelines for Assisted Living Facilities: Lessons Learned.
70ikknhe,fnhqcpru,-0.093702905,Guest Editors,COVID-19 – (k)eine Zumutung?!
563ftqw3,43x0owa9,-0.09366242,hpO: Berufsvereinigung für heilkundlich praktizierte Osteopathie e.V.,What matters to you? Embracing shared decision making in ophthalmology
gdqv1q45,84yq3oyz,-0.09361972,Komplexe Gerinnungsstörungen,COVID-19: No Visitors.
563ftqw3,65pc7297,-0.09355383,hpO: Berufsvereinigung für heilkundlich praktizierte Osteopathie e.V.,Communicating with children about COVID-19
uxn7jopb,fnhqcpru,-0.09315592,Men's feelings and emotions in the Covid-19 framing,COVID-19 – (k)eine Zumutung?!
563ftqw3,kqvgsbek,-0.09258337,hpO: Berufsvereinigung für heilkundlich praktizierte Osteopathie e.V.,Choosing our narrative wisely.
ptxwnbhf,fnhqcpru,-0.09151502,Investigating people's anxieties and concerns about COVID-19,COVID-19 – (k)eine Zumutung?!
563ftqw3,m5mo9kfs,-0.091401525,hpO: Berufsvereinigung für heilkundlich praktizierte Osteopathie e.V.,COVID-19: Lost opportunities and lessons for the future.
ye7fqh6a,00ec5g3a,-0.09124632,Jetzt anmelden!,Risk Factors for COVID-19
1w677dta,eej8qb9t,-0.089853525,Bundesweites Belastungsmodell für Intensivstationen durch COVID-19,Acknowledgement to Referees.
563ftqw3,22e3bo97,-0.08926054,hpO: Berufsvereinigung für heilkundlich praktizierte Osteopathie e.V.,Forecasting Principles from Experience with Forecasting Competitions
84yq3oyz,d6su39tw,-0.08923921,COVID-19: No Visitors.,Erfolgreiche Behandlung eines drittgradigen Pleuraempyems infolge einer COVID-19-Infektion
563ftqw3,08gj3z7o,-0.08907205,hpO: Berufsvereinigung für heilkundlich praktizierte Osteopathie e.V.,Our vcreate experience
563ftqw3,jt405bba,-0.0889913,hpO: Berufsvereinigung für heilkundlich praktizierte Osteopathie e.V.,Shared Decision Making during the COVID-19 Pandemic.
d6su39tw,eej8qb9t,-0.08812143,Erfolgreiche Behandlung eines drittgradigen Pleuraempyems infolge einer COVID-19-Infektion,Acknowledgement to Referees.
563ftqw3,yp2le1bc,-0.08799569,hpO: Berufsvereinigung für heilkundlich praktizierte Osteopathie e.V.,Making allowances for COVID-19
563ftqw3,gf5o0tge,-0.08765309,hpO: Berufsvereinigung für heilkundlich praktizierte Osteopathie e.V.,Living with covid-19.
563ftqw3,otbj86xd,-0.0872661,hpO: Berufsvereinigung für heilkundlich praktizierte Osteopathie e.V.,Lessons Learned: Teaching In-Person During the COVID-19 Pandemic
563ftqw3,jkhcekzc,-0.08715312,hpO: Berufsvereinigung für heilkundlich praktizierte Osteopathie e.V.,COVID-19 Contingency Plans: The Impact on Students' Future Choices
wuyuff46,fnhqcpru,-0.08708418,"“I'm a Referee, Not a Female Referee”: The Experiences of Women Involved in Football as Coaches and Referees",COVID-19 – (k)eine Zumutung?!
qvay40pd,fnhqcpru,-0.087054536,All People.,COVID-19 – (k)eine Zumutung?!
8k3nkkol,fnhqcpru,-0.08697324,Scientists' lanes and headwinds,COVID-19 – (k)eine Zumutung?!
4p6wbd0h,xmb4eywi,-0.08677784,Screening figures,"Strategieentwicklung ""einfach"" machen"
563ftqw3,skkhy6cw,-0.08674135,hpO: Berufsvereinigung für heilkundlich praktizierte Osteopathie e.V.,Teledermatology During the COVID-19 Pandemic: Lessons Learned and Future Directions
563ftqw3,zzv26tok,-0.08642384,hpO: Berufsvereinigung für heilkundlich praktizierte Osteopathie e.V.,The Whiplash of a COVID-19 Teaching Pivot and the Lessons Learned for the Future
wwie0iem,eej8qb9t,-0.086277716,Allergikern Ängste nehmen,Acknowledgement to Referees.
p722u4s5,fnhqcpru,-0.08614226,"Antibodies: Friends, Foes, or Both? Lessons From COVID-19 for the Rheumatologist.",COVID-19 – (k)eine Zumutung?!
06qmcdse,fnhqcpru,-0.08557819,"[Prisoners, caregivers and volunteers faced with COVID-19].",COVID-19 – (k)eine Zumutung?!
563ftqw3,x4r8dcz8,-0.08554293,hpO: Berufsvereinigung für heilkundlich praktizierte Osteopathie e.V.,Future Challenges
o0okucwu,fnhqcpru,-0.08486947,Should Institutions Disclose the Names of Employees with Covid‐19?,COVID-19 – (k)eine Zumutung?!
ye7fqh6a,mjeugi0q,-0.0841258,Jetzt anmelden!,EMarket for Local Farmers
563ftqw3,6g4n2320,-0.08409884,hpO: Berufsvereinigung für heilkundlich praktizierte Osteopathie e.V.,The Impact of COVID-19 on Trainees: Lessons Learned and Unanticipated Opportunities
563ftqw3,uf9llz1p,-0.08348685,hpO: Berufsvereinigung für heilkundlich praktizierte Osteopathie e.V.,Geriatric rehabilitation during COVID-19: a lesson learned
wwie0iem,j710m8je,-0.08320302,Allergikern Ängste nehmen,Floriculture and Covid-19
qvemq0r4,xmb4eywi,-0.08308749,NOTICES OF RECENT PUBLICATIONS,"Strategieentwicklung ""einfach"" machen"
563ftqw3,ktg7lch8,-0.082498476,hpO: Berufsvereinigung für heilkundlich praktizierte Osteopathie e.V.,Lessons learned: the long view
563ftqw3,csy5fekx,-0.082409196,hpO: Berufsvereinigung für heilkundlich praktizierte Osteopathie e.V.,Living in a Covid‐19 World
wwie0iem,96d5unge,-0.08224719,Allergikern Ängste nehmen,The Circle
84yq3oyz,uocadc35,-0.082205944,COVID-19: No Visitors.,Gedanken zur Differentialdiagnostik*
563ftqw3,n3wab1qv,-0.082185455,hpO: Berufsvereinigung für heilkundlich praktizierte Osteopathie e.V.,Fairness and Protection for the Vulnerable: Lessons from Esketamine
563ftqw3,hdg2yxmp,-0.08203746,hpO: Berufsvereinigung für heilkundlich praktizierte Osteopathie e.V.,COVID‐19 vaccination challenge: history lessons from a dermatologist’s perspective
563ftqw3,d8v6p6td,-0.081882186,hpO: Berufsvereinigung für heilkundlich praktizierte Osteopathie e.V.,2021 AMSSM Case Podium Presentations
563ftqw3,f4eglmef,-0.081882186,hpO: Berufsvereinigung für heilkundlich praktizierte Osteopathie e.V.,2021 AMSSM Case Podium Presentations.
563ftqw3,mgtxchud,-0.081764445,hpO: Berufsvereinigung für heilkundlich praktizierte Osteopathie e.V.,COVID-19—Lessons Learned and Questions Remaining
563ftqw3,c5vzbed3,-0.08174376,hpO: Berufsvereinigung für heilkundlich praktizierte Osteopathie e.V.,Leadership matters
563ftqw3,9peb7bwv,-0.08169337,hpO: Berufsvereinigung für heilkundlich praktizierte Osteopathie e.V.,"GeoSentinel: past, present and future"
84yq3oyz,b3grnj7r,-0.081522875,COVID-19: No Visitors.,"""Ein guter Vertriebler braucht Gespür für das Machbare"""
563ftqw3,q6gp3ayd,-0.08095907,hpO: Berufsvereinigung für heilkundlich praktizierte Osteopathie e.V.,A challenging year
65pc7297,fnhqcpru,-0.08080835,Communicating with children about COVID-19,COVID-19 – (k)eine Zumutung?!
ye7fqh6a,jvvzu4aj,-0.08080706,Jetzt anmelden!,Concluding Reflections
563ftqw3,5v8jrpw9,-0.08074984,hpO: Berufsvereinigung für heilkundlich praktizierte Osteopathie e.V.,Could COVID-19 Offer Lessons on Back Care in the Future?
563ftqw3,kdfg0glv,-0.080437906,hpO: Berufsvereinigung für heilkundlich praktizierte Osteopathie e.V.,Books reviewed
z6pchusp,fnhqcpru,-0.08030446,Clinical features of covid-19 in children,COVID-19 – (k)eine Zumutung?!
563ftqw3,5o7m935w,-0.08011702,hpO: Berufsvereinigung für heilkundlich praktizierte Osteopathie e.V.,Confronting the reality of COVID.
2hnrmkxa,fnhqcpru,-0.07981683,NATIONAL SPEAKERS.,COVID-19 – (k)eine Zumutung?!
wwie0iem,ej2zhlin,-0.07976977,Allergikern Ängste nehmen,Introductory Chapter
563ftqw3,w7tbegc7,-0.07971392,hpO: Berufsvereinigung für heilkundlich praktizierte Osteopathie e.V.,2019-nCoV: Polite with children!
9t7huohi,fnhqcpru,-0.07969476,Polymorbidity in seniors hospitalized for COVID-19,COVID-19 – (k)eine Zumutung?!
e1txv74n,fnhqcpru,-0.07969051,A Safety Network for Patients in Times of COVID-19,COVID-19 – (k)eine Zumutung?!
563ftqw3,z8pxlsf8,-0.07941093,hpO: Berufsvereinigung für heilkundlich praktizierte Osteopathie e.V.,Covid 19- An Orthodontists’ perspective
563ftqw3,4pefeyre,-0.07898936,hpO: Berufsvereinigung für heilkundlich praktizierte Osteopathie e.V.,Planning for Pandemics: Lessons From the Past Decade
563ftqw3,youvbltl,-0.0789583,hpO: Berufsvereinigung für heilkundlich praktizierte Osteopathie e.V.,Does age matter? A patient's perspective
563ftqw3,7q9swq94,-0.07885811,hpO: Berufsvereinigung für heilkundlich praktizierte Osteopathie e.V.,Teaching in times of COVID-19. Challenges and opportunities for digital teaching. Part 2
tbes7uke,fnhqcpru,-0.07871939,Infections in Travelers and Adoptees from Abroad,COVID-19 – (k)eine Zumutung?!
563ftqw3,tbt4g4pa,-0.0786329,hpO: Berufsvereinigung für heilkundlich praktizierte Osteopathie e.V.,Students' Perceptions on Cataloging Course
af3ojiob,fnhqcpru,-0.07854173,Cerebrovascular events in COVID-19 patients,COVID-19 – (k)eine Zumutung?!
5yeb7mhd,fnhqcpru,-0.07854173,Cerebrovascular events in COVID-19 patients.,COVID-19 – (k)eine Zumutung?!
563ftqw3,739098pb,-0.07839161,hpO: Berufsvereinigung für heilkundlich praktizierte Osteopathie e.V.,Covid‐19: the opportunities and challenges from an unprecedented year
60eo1w1k,fnhqcpru,-0.078368165,"[Mapping the intricacies of care networks for persons with disabilities, from the perspectives of users-citizens-guides].",COVID-19 – (k)eine Zumutung?!
wwie0iem,jgnvylhl,-0.07834009,Allergikern Ängste nehmen,The Biodefense Field
ye7fqh6a,t8vb3vii,-0.07831024,Jetzt anmelden!,Complications in Patients With COVID-19
563ftqw3,mrxy2mr8,-0.07813799,hpO: Berufsvereinigung für heilkundlich praktizierte Osteopathie e.V.,Lessons Learned: Patient Communication During the Pandemic
563ftqw3,4ji8tfut,-0.07809445,hpO: Berufsvereinigung für heilkundlich praktizierte Osteopathie e.V.,Understanding students as hosts: moving beyond sightseeing
0wl6zgm3,fnhqcpru,-0.07805812,Teaching Architecture for Tertiary Students during Covid-19: Issues & Reflections,COVID-19 – (k)eine Zumutung?!
563ftqw3,g0mnxyj7,-0.0780272,hpO: Berufsvereinigung für heilkundlich praktizierte Osteopathie e.V.,"COVID‐19, leadership and lessons from physics"
563ftqw3,ahjxurr7,-0.0780272,hpO: Berufsvereinigung für heilkundlich praktizierte Osteopathie e.V.,"COVID-19, leadership and lessons from physics"
563ftqw3,vbfzkl3f,-0.077804096,hpO: Berufsvereinigung für heilkundlich praktizierte Osteopathie e.V.,Future
pksbj1cp,fnhqcpru,-0.0777878,Three updates,COVID-19 – (k)eine Zumutung?!
563ftqw3,kop4f0p4,-0.0775545,hpO: Berufsvereinigung für heilkundlich praktizierte Osteopathie e.V.,Not taking anything for granted
563ftqw3,84yq3oyz,-0.076962434,hpO: Berufsvereinigung für heilkundlich praktizierte Osteopathie e.V.,COVID-19: No Visitors.
5pinbc6k,fnhqcpru,-0.076952346,"Animals, Vaccines, and COVID-19",COVID-19 – (k)eine Zumutung?!
84yq3oyz,rzi8b2gi,-0.0768055,COVID-19: No Visitors.,Empfehlungen zur Durchführung einer Bronchoskopie in Zeiten der COVID-19-Pandemie
iftywp5d,84yq3oyz,-0.076554894,Kommerell diverticulum - egy ritka betegség ritka szövodményei,COVID-19: No Visitors.
563ftqw3,omm5akkj,-0.07644534,hpO: Berufsvereinigung für heilkundlich praktizierte Osteopathie e.V.,Earning opportunities and informal payment as influencing factors in medical students’ speciality choice
gdqv1q45,4j45ryik,-0.076317,Komplexe Gerinnungsstörungen,MTNA is Here for You
2oitj7yl,fnhqcpru,-0.076207384,COVID-19 Healthcare Workers: 70% Are Women,COVID-19 – (k)eine Zumutung?!
84yq3oyz,baealvju,-0.07566487,COVID-19: No Visitors.,Das schwere Thoraxtrauma – ein Fallbericht
84yq3oyz,d4bsohpm,-0.07542635,COVID-19: No Visitors.,Parodontitis – Therapie einer Volkskrankheit
igk0ncq4,rhtlyz6t,-0.07524663,Mehr Impfschutz für Herzkranke,Adenoviruses of Vertebrate Animals
pd16xppm,fnhqcpru,-0.07516145,"Schools for healthy lives, not for corporate interests",COVID-19 – (k)eine Zumutung?!
563ftqw3,eej8qb9t,-0.07513342,hpO: Berufsvereinigung für heilkundlich praktizierte Osteopathie e.V.,Acknowledgement to Referees.
563ftqw3,1oi5p6jl,-0.07511543,hpO: Berufsvereinigung für heilkundlich praktizierte Osteopathie e.V.,A Limited Opportunity: COVID-19 and Promotion of Advance Care Planning
563ftqw3,7x5xbftp,-0.07487669,hpO: Berufsvereinigung für heilkundlich praktizierte Osteopathie e.V.,Making Choices from the Choices we have: The Contextual-Embeddedness of Occupational Choice.
wwie0iem,4xfipd3x,-0.07486627,Allergikern Ängste nehmen,Superspreading genomes.
wwie0iem,cm345pyo,-0.07486627,Allergikern Ängste nehmen,Superspreading genomes
s9bgr6mt,fnhqcpru,-0.07471069,Scooting injuries . . . and other stories,COVID-19 – (k)eine Zumutung?!
wwie0iem,5tdcvfaz,-0.07452695,Allergikern Ängste nehmen,Chapter 4. Concluding Observations and Resources
6071hutb,fnhqcpru,-0.07452482,Professional development for prospective epidemiology teachers in grades 6-12.,COVID-19 – (k)eine Zumutung?!
563ftqw3,zc2a1qou,-0.074496046,hpO: Berufsvereinigung für heilkundlich praktizierte Osteopathie e.V.,Bringing geography to the community: community-based learning and the geography classroom
fnhqcpru,tbh2fwk5,-0.074441575,COVID-19 – (k)eine Zumutung?!,Secondary Transmission of COVID-19 in K-12 Schools: Findings From Two States
563ftqw3,6zkyf79s,-0.07438147,hpO: Berufsvereinigung für heilkundlich praktizierte Osteopathie e.V.,The place-based challenge
563ftqw3,2639aqww,-0.07425408,hpO: Berufsvereinigung für heilkundlich praktizierte Osteopathie e.V.,Sharing expertise could have saved lives
563ftqw3,fagdaf2q,-0.074164875,hpO: Berufsvereinigung für heilkundlich praktizierte Osteopathie e.V.,LESSONS LEARNED from COVID-19 and Pizza Chains
563ftqw3,kp1oco8q,-0.07392145,hpO: Berufsvereinigung für heilkundlich praktizierte Osteopathie e.V.,"“We aren't your reincarnation!” workplace motivation across X, Y and Z generations"
bmmp5a2j,xmb4eywi,-0.07378476,Recent Developments in NAFLD,"Strategieentwicklung ""einfach"" machen"
563ftqw3,s3k3fcom,-0.07361219,hpO: Berufsvereinigung für heilkundlich praktizierte Osteopathie e.V.,Revisit the implementation of E-Learning: Lesson Learned from COVID-19 pandemic
563ftqw3,514cbye0,-0.07360913,hpO: Berufsvereinigung für heilkundlich praktizierte Osteopathie e.V.,"Welcoming, supportive care in US birthing facilities and realization of breastfeeding goals"
97fsnlmg,wwie0iem,-0.07344442,An overview on engineering the surface area and porosity of biochar.,Allergikern Ängste nehmen
wwie0iem,g0x7kb9f,-0.073443994,Allergikern Ängste nehmen,Scenes From Masked and Anonymousi
563ftqw3,52wnn2kz,-0.07336041,hpO: Berufsvereinigung für heilkundlich praktizierte Osteopathie e.V.,Announcing the winners of our COVID-19 Creative Communication Competition.
wwie0iem,86lynlxn,-0.07321913,Allergikern Ängste nehmen,Coronaviruses in the Limelight
563ftqw3,itzoelqz,-0.07320605,hpO: Berufsvereinigung für heilkundlich praktizierte Osteopathie e.V.,Covid-19: a disaster five years in the making.
74rscxhf,fnhqcpru,-0.07305904,COVID-19 in Patients with Hematologic Malignancies: Outcomes and Options for Treatments,COVID-19 – (k)eine Zumutung?!
563ftqw3,sk5j1gos,-0.07283302,hpO: Berufsvereinigung für heilkundlich praktizierte Osteopathie e.V.,Injuries in the time of COVID-19.
84yq3oyz,5r2leevd,-0.072709836,COVID-19: No Visitors.,Kündigung – Maskenpflicht – Anforderungen an ein Attest zur Befreiung : KSchG 1;BGB 242
563ftqw3,uh6ydwjy,-0.072668456,hpO: Berufsvereinigung für heilkundlich praktizierte Osteopathie e.V.,[Past and present of plasmatrix]
9h6juo4i,fnhqcpru,-0.07256993,Items of Interest,COVID-19 – (k)eine Zumutung?!
563ftqw3,w816fcff,-0.07256442,hpO: Berufsvereinigung für heilkundlich praktizierte Osteopathie e.V.,ESICM LIVES 2021: Part 1
563ftqw3,w7wuy61w,-0.07256442,hpO: Berufsvereinigung für heilkundlich praktizierte Osteopathie e.V.,ESICM LIVES 2021: Part 2
wwie0iem,hkwnm51e,-0.0725207,Allergikern Ängste nehmen,Nabaltec reports ‘modest’ quarterly figures in challenging environment
563ftqw3,dsrtte7r,-0.07249698,hpO: Berufsvereinigung für heilkundlich praktizierte Osteopathie e.V.,50 Years and Counting …
ye7fqh6a,l1nvnvkg,-0.07237318,Jetzt anmelden!,Transmission and risk factors of OF COVID-19.
twrf3r2y,fnhqcpru,-0.07224401,"Prices of Music Monographs and Scores as Reflected in Notes, 2014-2020",COVID-19 – (k)eine Zumutung?!
q29yobas,kkflrybw,-0.07205634,ECMO veinoveineuse,Nachrichtenteil für Grundwasser-Heft 2/2021
9731qqp8,fnhqcpru,-0.071832806,Hematology and COVID-19,COVID-19 – (k)eine Zumutung?!
wwie0iem,0jushflz,-0.07181479,Allergikern Ängste nehmen,COVID-19: Inflammatory Profile.
563ftqw3,gn7izuwl,-0.07175569,hpO: Berufsvereinigung für heilkundlich praktizierte Osteopathie e.V.,Experience conference on covid-19
5tdcvfaz,xmb4eywi,-0.07171946,Chapter 4. Concluding Observations and Resources,"Strategieentwicklung ""einfach"" machen"
563ftqw3,x772l0jj,-0.07148032,hpO: Berufsvereinigung für heilkundlich praktizierte Osteopathie e.V.,Lessons Learnt From the COVID-19 Pandemic
ye7fqh6a,ujsb6ebp,-0.07146089,Jetzt anmelden!,Hearts of Athletes
wwie0iem,xopcilm8,-0.07131162,Allergikern Ängste nehmen,State of the Field: The History of Political Thought
00ec5g3a,fnhqcpru,-0.07123464,Risk Factors for COVID-19,COVID-19 – (k)eine Zumutung?!
563ftqw3,oxah5stt,-0.07113661,hpO: Berufsvereinigung für heilkundlich praktizierte Osteopathie e.V.,Experiences of breastfeeding during COVID-19: Lessons for future practical and emotional support
dei0xd1b,ye7fqh6a,-0.071101956,COVID-19: Zoonotic aspects,Jetzt anmelden!
5b7at0ye,fnhqcpru,-0.07103653,Neurological Manifestations of COVID-19 in Children.,COVID-19 – (k)eine Zumutung?!
367c1yt3,fnhqcpru,-0.07097586,"COVID-19, indications for professional football teams and referees training resumption.",COVID-19 – (k)eine Zumutung?!
nz1p2jr4,xmb4eywi,-0.07077744,Experiments of Concern,"Strategieentwicklung ""einfach"" machen"
jvvzu4aj,egkvbqhd,-0.07075611,Concluding Reflections,Alles sauber?
563ftqw3,oww1griq,-0.070723675,hpO: Berufsvereinigung für heilkundlich praktizierte Osteopathie e.V.,Preparing students for the future of work: Lessons learned from telecommuting in public accounting
563ftqw3,johc1pvr,-0.07062926,hpO: Berufsvereinigung für heilkundlich praktizierte Osteopathie e.V.,Mitigating the COVID-19 spread: a challenge and an opportunity
563ftqw3,3vghq488,-0.0706259,hpO: Berufsvereinigung für heilkundlich praktizierte Osteopathie e.V.,8 Lessons Learned from the COVID-19 Pandemic
563ftqw3,5i6502ov,-0.0706259,hpO: Berufsvereinigung für heilkundlich praktizierte Osteopathie e.V.,Lessons learned from the COVID-19 pandemic
563ftqw3,cf7h96cb,-0.07052692,hpO: Berufsvereinigung für heilkundlich praktizierte Osteopathie e.V.,Teaching and teacher education in the time of COVID-19
563ftqw3,omumqzwb,-0.07050447,hpO: Berufsvereinigung für heilkundlich praktizierte Osteopathie e.V.,The role of women as past and present advocates for vaccinations: relevance in the Covid-19 setting
2jtnaobs,o49uclco,-0.07034911,Staging,Keine zusätzliche Gefahr für Allergiker
84yq3oyz,l3yvi2jg,-0.070223466,COVID-19: No Visitors.,"411 Mrd. €, 11,9 %"
k88q5135,e97bazt5,-0.07008255,Endlich wieder: Austausch von Angesicht zu Angesicht,"Covid, Colleges, and Classes"
y1re2n97,igk0ncq4,-0.07007723,Business,Mehr Impfschutz für Herzkranke
563ftqw3,1est473q,-0.069880754,hpO: Berufsvereinigung für heilkundlich praktizierte Osteopathie e.V.,Lessons from the pandemic: the award of honours.
563ftqw3,6fykkipd,-0.069658816,hpO: Berufsvereinigung für heilkundlich praktizierte Osteopathie e.V.,Poster: Physical Games in K-12 despite COVID-19
563ftqw3,zt79wp60,-0.06963321,hpO: Berufsvereinigung für heilkundlich praktizierte Osteopathie e.V.,Presentation and Outcomes of Patients with ESKD and COVID-19
prp5az2x,fnhqcpru,-0.06954302,"COVID-19 by numbers - infections, cases and deaths",COVID-19 – (k)eine Zumutung?!
563ftqw3,xjusx0zv,-0.06952758,hpO: Berufsvereinigung für heilkundlich praktizierte Osteopathie e.V.,Time Series Forecasting
563ftqw3,mcbsvqtf,-0.06952116,hpO: Berufsvereinigung für heilkundlich praktizierte Osteopathie e.V.,Households Living in Close Quarters
563ftqw3,7fzn2jvu,-0.069414996,hpO: Berufsvereinigung für heilkundlich praktizierte Osteopathie e.V.,Ensuring equity for people living with disabilities in the age of COVID-19
dei0xd1b,xmb4eywi,-0.06933771,COVID-19: Zoonotic aspects,"Strategieentwicklung ""einfach"" machen"
563ftqw3,inr29yer,-0.06927007,hpO: Berufsvereinigung für heilkundlich praktizierte Osteopathie e.V.,Teaching history and bringing the past back to life with serious games
ye7fqh6a,e97bazt5,-0.069185115,Jetzt anmelden!,"Covid, Colleges, and Classes"
ye7fqh6a,taylx8ax,-0.06915749,Jetzt anmelden!,ESICM LIVES 2020
563ftqw3,2sx4qox6,-0.06913266,hpO: Berufsvereinigung für heilkundlich praktizierte Osteopathie e.V.,Reflecting on an unprecedented year.
563ftqw3,mxlgr2b9,-0.06913266,hpO: Berufsvereinigung für heilkundlich praktizierte Osteopathie e.V.,Reflecting on an unprecedented year
5vmu7nbg,gdqv1q45,-0.06913035,Internationally displaced people,Komplexe Gerinnungsstörungen
l3yvi2jg,8xq60k22,-0.06899661,"411 Mrd. €, 11,9 %",Popular Geopolitics
s7snwyn0,fnhqcpru,-0.068969004,Societies‘ Communications,COVID-19 – (k)eine Zumutung?!
ye7fqh6a,ewersik9,-0.06885548,Jetzt anmelden!,While we have your attention
563ftqw3,9oxi06wb,-0.06882635,hpO: Berufsvereinigung für heilkundlich praktizierte Osteopathie e.V.,Challenges and Future Implications for Ophthalmologists in COVID-19 Environment
73k939q5,fnhqcpru,-0.06873963,Developmental Manifestations of Grief in Children and Adolescents: Caregivers as Key Grief Facilitators,COVID-19 – (k)eine Zumutung?!
ye7fqh6a,zfjzixe6,-0.0686765,Jetzt anmelden!,Cities and communities beyond COVID-19
ye7fqh6a,gk6xm71j,-0.06858378,Jetzt anmelden!,COVID-19 Claims Lives of Artists
563ftqw3,3l9w770n,-0.0683865,hpO: Berufsvereinigung für heilkundlich praktizierte Osteopathie e.V.,Business continuity management lessons learned from COVID-19.
hl1apuv9,fnhqcpru,-0.068378784,Meeting Announcements,COVID-19 – (k)eine Zumutung?!
ipq1mohn,fnhqcpru,-0.06833917,Paramedics feelings and beliefs about COVID-19,COVID-19 – (k)eine Zumutung?!
wwie0iem,jqu7u1hr,-0.0682745,Allergikern Ängste nehmen,Contents of volume 21
wwie0iem,lhpy3d3p,-0.0682745,Allergikern Ängste nehmen,Contents to volume 14
wwie0iem,vv7k71um,-0.0682745,Allergikern Ängste nehmen,Contents of Volume 138
wwie0iem,pt0a7atz,-0.0682745,Allergikern Ängste nehmen,Contents of volume 13
wwie0iem,oej9epsl,-0.0682745,Allergikern Ängste nehmen,Contents of volume 301 (2005)
wwie0iem,mmcs3gmx,-0.0682745,Allergikern Ängste nehmen,Contents of volume 45
wwie0iem,moeb0enb,-0.06826672,Allergikern Ängste nehmen,Curriculum Internistische Intensivmedizin
84yq3oyz,mav7o21s,-0.0681917,COVID-19: No Visitors.,"Was ist denn „Molekularbiologie“, bitteschön?"
wwie0iem,1em17ixa,-0.06812743,Allergikern Ängste nehmen,Annual Meeting Highlights
563ftqw3,gcvb3z95,-0.06807536,hpO: Berufsvereinigung für heilkundlich praktizierte Osteopathie e.V.,"Making, Together, Alone: Experiences from Teaching a Hardware-Oriented Course Remotely"
563ftqw3,422m97s8,-0.068030626,hpO: Berufsvereinigung für heilkundlich praktizierte Osteopathie e.V.,Goals of care conversations and telemedicine
563ftqw3,ce374ztt,-0.06772035,hpO: Berufsvereinigung für heilkundlich praktizierte Osteopathie e.V.,Making Equity the Priority
ujsb6ebp,uocadc35,-0.06760914,Hearts of Athletes,Gedanken zur Differentialdiagnostik*
hxtvdfe3,fnhqcpru,-0.06755722,Dysmagnesemia in Covid-19 cohort patients: prevalence and associated factors,COVID-19 – (k)eine Zumutung?!
opnjwm3c,xmb4eywi,-0.067540444,Lipophagy at a glance.,"Strategieentwicklung ""einfach"" machen"
5oy6g7r5,fnhqcpru,-0.06751829,Football Worlds: business and networks during COVID-19,COVID-19 – (k)eine Zumutung?!
ye7fqh6a,l0hm3k2t,-0.06750406,Jetzt anmelden!,Perceptions of COVID Fears
563ftqw3,ha4624g4,-0.06748221,hpO: Berufsvereinigung für heilkundlich praktizierte Osteopathie e.V.,Challenges of COVID-19
563ftqw3,sg8x5hqp,-0.06744072,hpO: Berufsvereinigung für heilkundlich praktizierte Osteopathie e.V.,Conclusion: final thoughts and future directions
563ftqw3,myakvedq,-0.067373775,hpO: Berufsvereinigung für heilkundlich praktizierte Osteopathie e.V.,What Has It Meant for Me to Be an Epidemiologist in 2020? Unprecedented Times and Lessons Learned
xwp63k5a,fnhqcpru,-0.067212544,Contemplating distress factors among college students,COVID-19 – (k)eine Zumutung?!
563ftqw3,qzzer9ul,-0.06712926,hpO: Berufsvereinigung für heilkundlich praktizierte Osteopathie e.V.,Language games and scholarly writing
chaos58y,84yq3oyz,-0.06704088,Pflege während der COVID-19 Pandemie: Eine besondere Herausforderung,COVID-19: No Visitors.
wwie0iem,7rsv9lwd,-0.06702987,Allergikern Ängste nehmen,Highlights of genetic programming 2020 events
563ftqw3,5cuchxlj,-0.06700913,hpO: Berufsvereinigung für heilkundlich praktizierte Osteopathie e.V.,Rediscovering the rewards of teamwork.
563ftqw3,vglky4fs,-0.06699141,hpO: Berufsvereinigung für heilkundlich praktizierte Osteopathie e.V.,Physical exercise and COVID-19: a summary of the recommendations
563ftqw3,tll02t9u,-0.0668763,hpO: Berufsvereinigung für heilkundlich praktizierte Osteopathie e.V.,Lessons learned from a pandemic: implications for a combined exercise and educational programme for medical students
en3ebdi5,fnhqcpru,-0.06685907,Characteristics of COVID‒19 in hemodialysis patients,COVID-19 – (k)eine Zumutung?!
563ftqw3,2tnat43f,-0.06672635,hpO: Berufsvereinigung für heilkundlich praktizierte Osteopathie e.V.,A Paucity of Outcomes.
563ftqw3,n0rkbf7i,-0.06662622,hpO: Berufsvereinigung für heilkundlich praktizierte Osteopathie e.V.,Shared Decision Making for Surgical Care in the Era of COVID-19
563ftqw3,fnhhdroj,-0.066545025,hpO: Berufsvereinigung für heilkundlich praktizierte Osteopathie e.V.,Does Covid-19 Impact Photovoltaics?
ye7fqh6a,dbqnvinu,-0.06650777,Jetzt anmelden!,Attitudes of healthcare workers towards COVID-19 and affecting factors
563ftqw3,uf6sn38r,-0.06650039,hpO: Berufsvereinigung für heilkundlich praktizierte Osteopathie e.V.,Champions of versatility.
563ftqw3,6xmluo6e,-0.0664276,hpO: Berufsvereinigung für heilkundlich praktizierte Osteopathie e.V.,Online teaching in the time of covid 19-effectiveness and challenge
563ftqw3,svp7583d,-0.06633345,hpO: Berufsvereinigung für heilkundlich praktizierte Osteopathie e.V.,"Balanced scorecard in the hospitality and tourism industry: Past, present and future"
563ftqw3,hizphxp7,-0.06629275,hpO: Berufsvereinigung für heilkundlich praktizierte Osteopathie e.V.,"COVID-19, history, and humility"
563ftqw3,41378qru,-0.06628396,hpO: Berufsvereinigung für heilkundlich praktizierte Osteopathie e.V.,COVID-19 breakthroughs: separating fact from fiction
o85b3q0b,budg3cw8,-0.06623962,Questions and answers,Wensen en ambities
563ftqw3,vunfj5ig,-0.06608502,hpO: Berufsvereinigung für heilkundlich praktizierte Osteopathie e.V.,Preparedness for pandemic COVID-19: lesson learnt.
ye7fqh6a,eej8qb9t,-0.06605614,Jetzt anmelden!,Acknowledgement to Referees.
hg7j0d6m,fnhqcpru,-0.06594406,People and their pets in the times of the COVID-19 pandemic,COVID-19 – (k)eine Zumutung?!
ztjikyxk,fnhqcpru,-0.06588969,"Understanding Sustainability of Construction Products: Answers from Investors, Contractors, and Sellers of Building Materials",COVID-19 – (k)eine Zumutung?!
563ftqw3,bljao4yd,-0.06571232,hpO: Berufsvereinigung für heilkundlich praktizierte Osteopathie e.V.,The postdictive effect of choice reflects the modulation of attention on choice
ye7fqh6a,e9oxvgar,-0.06570174,Jetzt anmelden!,"Sociality, Parasites, and Pathogens in Bats"
563ftqw3,sniy779d,-0.06564236,hpO: Berufsvereinigung für heilkundlich praktizierte Osteopathie e.V.,Work From Home - lessons for future
563ftqw3,8ksu9pyf,-0.0656203,hpO: Berufsvereinigung für heilkundlich praktizierte Osteopathie e.V.,Have the Rules of Engagement Changed? Clinic Visits in 2022 and Beyond
563ftqw3,qpezomyn,-0.065548345,hpO: Berufsvereinigung für heilkundlich praktizierte Osteopathie e.V.,Travel – not without consequence
r4z5v9x3,8f2e9fxq,-0.06549396,Inequalities and covid-191,Onze hersenen: onze achtbaan
no41vkcd,563ftqw3,-0.06548141,IMPACT Highlights.,hpO: Berufsvereinigung für heilkundlich praktizierte Osteopathie e.V.
xqhxra2p,84yq3oyz,-0.065445825,Akutrehabilitation nach COVID‑19‑Infektion: Eine ausgewählte Fallserie,COVID-19: No Visitors.
84yq3oyz,xmb4eywi,-0.06535907,COVID-19: No Visitors.,"Strategieentwicklung ""einfach"" machen"
i01pdngb,xmb4eywi,-0.06524608,Chapter 9 Pathogenic agents,"Strategieentwicklung ""einfach"" machen"
563ftqw3,p03dvkm5,-0.06521746,hpO: Berufsvereinigung für heilkundlich praktizierte Osteopathie e.V.,Video Lessons and E-learning Can Overcome Ban of Face-to-face Lessons in Teaching Mathematics
cfncsjj2,q8wjcvxx,-0.06521099,Eular 2020: Kurzer Überblick – Praxisrelevant …!,From editors
jpjyoxxi,fnhqcpru,-0.065146565,Mental health interest groups: a strategy by students for students in times of COVID-19,COVID-19 – (k)eine Zumutung?!
563ftqw3,x3niof1v,-0.06511519,hpO: Berufsvereinigung für heilkundlich praktizierte Osteopathie e.V.,"Covid-19. Borders, world-making, and fear of others"
10v88wi6,84yq3oyz,-0.0650972,Desinfektionsmittel in der COVID-19-Pandemie: eine Herausforderung,COVID-19: No Visitors.
563ftqw3,9c1fk8ca,-0.065032035,hpO: Berufsvereinigung für heilkundlich praktizierte Osteopathie e.V.,Living the learning life in a time of COVID 19
wwie0iem,b1zixcgy,-0.06501057,Allergikern Ängste nehmen,Contents list including Graphcal Abstracts
563ftqw3,iujomndl,-0.06498813,hpO: Berufsvereinigung für heilkundlich praktizierte Osteopathie e.V.,"Asynchronicity, Access, and Content: Teaching Economics in a Shifting Landscape"
olmein3q,fnhqcpru,-0.064980134,Bats and Coronaviruses,COVID-19 – (k)eine Zumutung?!
5d3546nd,fnhqcpru,-0.064980134,Coronaviruses in Bats,COVID-19 – (k)eine Zumutung?!
563ftqw3,pd8gpgsq,-0.06482775,hpO: Berufsvereinigung für heilkundlich praktizierte Osteopathie e.V.,A Glimpse Into the Future
563ftqw3,fw5vg1xk,-0.06478667,hpO: Berufsvereinigung für heilkundlich praktizierte Osteopathie e.V.,Accurate Statistics on COVID-19 Are Essential for Policy Guidance and Decisions
563ftqw3,ni7iade9,-0.064782105,hpO: Berufsvereinigung für heilkundlich praktizierte Osteopathie e.V.,Neighbours in time of COVID-19
563ftqw3,naegn0uj,-0.06472073,hpO: Berufsvereinigung für heilkundlich praktizierte Osteopathie e.V.,About the fair balance of competing rights in the context of the covid-19 pandemic
563ftqw3,sds6ir96,-0.06463784,hpO: Berufsvereinigung für heilkundlich praktizierte Osteopathie e.V.,Revitalizing child health: lessons from the past
563ftqw3,atpo7gjd,-0.064628184,hpO: Berufsvereinigung für heilkundlich praktizierte Osteopathie e.V.,Publishing in the time of covid
qz6rka14,wwie0iem,-0.06444478,Pipeline Predictions,Allergikern Ängste nehmen
563ftqw3,ibmj92hp,-0.064437315,hpO: Berufsvereinigung für heilkundlich praktizierte Osteopathie e.V.,TIME COURSE OF THE DEVELOPMENT OF IMMUNOTHROMBOSIS DURING COVID-19 HOSPITALIZATION
563ftqw3,ycwfx160,-0.06438279,hpO: Berufsvereinigung für heilkundlich praktizierte Osteopathie e.V.,Making a Connection
ofz4dywk,zmjzvihk,-0.06429815,/ Aktuell /,Masked Faces with Faced Masks
563ftqw3,c6okdeq9,-0.06426553,hpO: Berufsvereinigung für heilkundlich praktizierte Osteopathie e.V.,Capturing and promoting the autonomy of capacitous vulnerable adults.
563ftqw3,h5tfgk3s,-0.06411423,hpO: Berufsvereinigung für heilkundlich praktizierte Osteopathie e.V.,Communities Matter
563ftqw3,oih2mk6y,-0.06411423,hpO: Berufsvereinigung für heilkundlich praktizierte Osteopathie e.V.,Communities Matter.
25xi2vjf,fnhqcpru,-0.064087585,Reactions and feelings of health professionals in the care of hospitalized patients with suspected covid-19,COVID-19 – (k)eine Zumutung?!
563ftqw3,631fxoxr,-0.06408158,hpO: Berufsvereinigung für heilkundlich praktizierte Osteopathie e.V.,Recycling the past.
563ftqw3,5uwe4mro,-0.064021215,hpO: Berufsvereinigung für heilkundlich praktizierte Osteopathie e.V.,The Five A's of Access for TechQuity
bipaceqy,fnhqcpru,-0.063994326,Medical issues associated with commercial flights,COVID-19 – (k)eine Zumutung?!
563ftqw3,ex0u4tjz,-0.06393905,hpO: Berufsvereinigung für heilkundlich praktizierte Osteopathie e.V.,The challenges facing evidence-based decision making in the initial response to COVID-19
ye7fqh6a,t1uikg0o,-0.06384353,Jetzt anmelden!,Coinfection with other respiratory pathogens in COVID-19 patients
sxawqlco,fnhqcpru,-0.06376944,Antimicrobials from animals,COVID-19 – (k)eine Zumutung?!
aocpkdn1,cfncsjj2,-0.06368819,Acknowledgment to reviewers—2021,Eular 2020: Kurzer Überblick – Praxisrelevant …!
x0da3bw0,fnhqcpru,-0.06367656,Staffing Levels and COVID-19 Cases and Outbreaks in U.S. Nursing Homes,COVID-19 – (k)eine Zumutung?!
fnhqcpru,716jsv5j,-0.06367456,COVID-19 – (k)eine Zumutung?!,Coronaviruses in poultry and other birds.
ye7fqh6a,fdvi9fdw,-0.06363014,Jetzt anmelden!,Risk factors for mortality in COVID‐19 patients in a community teaching hospital
fnhqcpru,jhil88q7,-0.06356957,COVID-19 – (k)eine Zumutung?!,Considerations for women with COVID-19 admitted to hospital
ja687t28,fnhqcpru,-0.063540585,Eight hospitalized patients with COVID-19,COVID-19 – (k)eine Zumutung?!
l3yvi2jg,ovjcrjg9,-0.06344131,"411 Mrd. €, 11,9 %",Organic Electrosynthesis Towards Sustainability: Fundamentals and Greener Methodologies.
563ftqw3,j0ls7lmn,-0.063407436,hpO: Berufsvereinigung für heilkundlich praktizierte Osteopathie e.V.,No child ignored
8s6v1c9z,fnhqcpru,-0.06327565,Representative Committees of Peers,COVID-19 – (k)eine Zumutung?!
mqvv9992,fnhqcpru,-0.06325501,Acknowledgment of Guest Reviewers,COVID-19 – (k)eine Zumutung?!
e97bazt5,0c2omvxl,-0.06322964,"Covid, Colleges, and Classes",Verantwortung braucht Freiheit
563ftqw3,ueszs7m2,-0.06315902,hpO: Berufsvereinigung für heilkundlich praktizierte Osteopathie e.V.,PSII-B-20 Benefits of a lecture teaching assistant in hiflex courses
fnhqcpru,at86xfid,-0.06315025,COVID-19 – (k)eine Zumutung?!,Communications with lab and POCT users
kdfg0glv,fnhqcpru,-0.06313078,Books reviewed,COVID-19 – (k)eine Zumutung?!
563ftqw3,buuyynle,-0.06295795,hpO: Berufsvereinigung für heilkundlich praktizierte Osteopathie e.V.,An unusual pseudomelanosis in toddlers
l0hm3k2t,fnhqcpru,-0.06291382,Perceptions of COVID Fears,COVID-19 – (k)eine Zumutung?!
563ftqw3,jwdz3d7f,-0.06289691,hpO: Berufsvereinigung für heilkundlich praktizierte Osteopathie e.V.,Preparing Doctoral Students to Teach in an Increasingly Virtual World: A Response to COVID-19 and Beyond
ye7fqh6a,viev875z,-0.06287408,Jetzt anmelden!,Clinical Characteristics of 5732 Patients with 2019-nCoV Infection
fbzzxa2j,fnhqcpru,-0.06286787,Considerations for mitigating COVID-19 related risks in schools,COVID-19 – (k)eine Zumutung?!
563ftqw3,ew2mt9o5,-0.062844835,hpO: Berufsvereinigung für heilkundlich praktizierte Osteopathie e.V.,"Correction to: Education to save lives: C19SPACE, the COVID19 Skills PrepAration CoursE"
563ftqw3,p7sto61k,-0.06283698,hpO: Berufsvereinigung für heilkundlich praktizierte Osteopathie e.V.,Teledermatology: The Future Is Now
563ftqw3,7qgkn86g,-0.062707834,hpO: Berufsvereinigung für heilkundlich praktizierte Osteopathie e.V.,The Impact of COVID-19 on Playwork Practice
563ftqw3,438c9bwa,-0.06270256,hpO: Berufsvereinigung für heilkundlich praktizierte Osteopathie e.V.,Examining e-satisfaction during COVID-19: Do personal perseverance and digital lecturing skill matter?
8ow3agh0,fnhqcpru,-0.06266601,Concerns of Family Caregivers during COVID-19: The Concerns of Caregivers and the Surprising Silver Linings,COVID-19 – (k)eine Zumutung?!
o49uclco,e97bazt5,-0.062573805,Keine zusätzliche Gefahr für Allergiker,"Covid, Colleges, and Classes"
563ftqw3,xitie4gz,-0.0625255,hpO: Berufsvereinigung für heilkundlich praktizierte Osteopathie e.V.,"Respirology Case Reports : Past, present and future"
563ftqw3,z5hz0twq,-0.062519155,hpO: Berufsvereinigung für heilkundlich praktizierte Osteopathie e.V.,Locational Choices: Modeling Consumer Preferences for Proximity to Others in Reserved Seating Venues
l3yvi2jg,5brhy68i,-0.062500976,"411 Mrd. €, 11,9 %",Nanovaccine: an emerging strategy.
563ftqw3,44z3jay7,-0.062470343,hpO: Berufsvereinigung für heilkundlich praktizierte Osteopathie e.V.,"Reasons, Respect, and Identity in Public Health Decision Making."
563ftqw3,xh9g7pq9,-0.062432285,hpO: Berufsvereinigung für heilkundlich praktizierte Osteopathie e.V.,Pivoting to stay the course: How women entrepreneurs take advantage of opportunities created by the COVID-19 pandemic
563ftqw3,wy0uq828,-0.062423196,hpO: Berufsvereinigung für heilkundlich praktizierte Osteopathie e.V.,COVID-19: One patient at a time
wwie0iem,taylx8ax,-0.06239312,Allergikern Ängste nehmen,ESICM LIVES 2020
563ftqw3,ihqwrbwp,-0.062370487,hpO: Berufsvereinigung für heilkundlich praktizierte Osteopathie e.V.,Commentary: Gift of life in the time of COVID-19.
563ftqw3,zd2eta2y,-0.062294804,hpO: Berufsvereinigung für heilkundlich praktizierte Osteopathie e.V.,Selection of virtual simulation products: making the right choice
fnhqcpru,wm0fn77m,-0.06217232,COVID-19 – (k)eine Zumutung?!,News about COVID-19
563ftqw3,bxwsii19,-0.062170878,hpO: Berufsvereinigung für heilkundlich praktizierte Osteopathie e.V.,"Readers reflect on opportunities, challenges following COVID"
563ftqw3,epjh1or0,-0.0621186,hpO: Berufsvereinigung für heilkundlich praktizierte Osteopathie e.V.,Children's Designs for the Future of Telehealth.
563ftqw3,i2n04v89,-0.0621186,hpO: Berufsvereinigung für heilkundlich praktizierte Osteopathie e.V.,Children's Designs for the Future of Telehealth
cfncsjj2,e7zvp3uj,-0.062115308,Eular 2020: Kurzer Überblick – Praxisrelevant …!,Imagine
i6n1s6pq,mn7hrkrn,-0.062105667,Erst einmal durchatmen!,Phlorotannins
563ftqw3,hgqog6p1,-0.061994515,hpO: Berufsvereinigung für heilkundlich praktizierte Osteopathie e.V.,Team debriefings in healthcare: aligning intention and impact
nz1p2jr4,wwie0iem,-0.061989456,Experiments of Concern,Allergikern Ängste nehmen
ye7fqh6a,pd16xppm,-0.061982457,Jetzt anmelden!,"Schools for healthy lives, not for corporate interests"
563ftqw3,2skyt3zm,-0.061840698,hpO: Berufsvereinigung für heilkundlich praktizierte Osteopathie e.V.,"An Uneasy, Challenging, Yet Meaningful Experience: A Reflection on a Face-to-Face to Online Synchronous COVID-19 Course Transition"
7wic7uzw,l3yvi2jg,-0.061826628,Decolonising COVID-19,"411 Mrd. €, 11,9 %"
kzgi9x2v,fnhqcpru,-0.061822444,COVID-19 in Pregnant Women and Their Newborn Infants,COVID-19 – (k)eine Zumutung?!
1w677dta,70ikknhe,-0.06165983,Bundesweites Belastungsmodell für Intensivstationen durch COVID-19,Guest Editors
563ftqw3,ay54pkgi,-0.061609626,hpO: Berufsvereinigung für heilkundlich praktizierte Osteopathie e.V.,Conduct of neuroanesthesiology and neurocritical care final examination during COVID-19: Challenges and experience!
563ftqw3,kqadjgvk,-0.061541367,hpO: Berufsvereinigung für heilkundlich praktizierte Osteopathie e.V.,Language choice about COVID-19 vaccines can save lives
ye7fqh6a,8k3nkkol,-0.061530624,Jetzt anmelden!,Scientists' lanes and headwinds
563ftqw3,ovs5beb2,-0.061520617,hpO: Berufsvereinigung für heilkundlich praktizierte Osteopathie e.V.,Age-Friendly Ecosystems: An Aspirational Goal
1595fils,fnhqcpru,-0.06147522,Lessons on COVID-19 from Home and Community: Perspectives of Nursing Leaders at All Levels.,COVID-19 – (k)eine Zumutung?!
563ftqw3,m04pcwoo,-0.061471768,hpO: Berufsvereinigung für heilkundlich praktizierte Osteopathie e.V.,"COVID-19: What have we learnt, and plan for the future"
i66uzijr,fnhqcpru,-0.061397135,Of mice and men: COVID‐19 challenges translational neuroscience,COVID-19 – (k)eine Zumutung?!
563ftqw3,n2d4vqri,-0.061327625,hpO: Berufsvereinigung für heilkundlich praktizierte Osteopathie e.V.,Planning in the Face of Extraordinary Uncertainty: Lessons from the COVID-19 Pandemic
563ftqw3,rjxawa76,-0.061300963,hpO: Berufsvereinigung für heilkundlich praktizierte Osteopathie e.V.,"'Visioning the future of health promotion: learning from the past, shaping the future'."
wwie0iem,rprjmckz,-0.061286207,Allergikern Ängste nehmen,Discriminating performance profiles of cycling disciplines
wwie0iem,18fs6din,-0.061283633,Allergikern Ängste nehmen,Prevalence threshold (ϕe) and the geometry of screening curves
563ftqw3,o0lvfnbv,-0.06125686,hpO: Berufsvereinigung für heilkundlich praktizierte Osteopathie e.V.,Covid-19 Challenges to the Child Abduction Proceedings
wwie0iem,ekgdlyfg,-0.061141938,Allergikern Ängste nehmen,Private Struggles in Public Spaces: Documenting COVID-19 Material Culture and Landscapes
ye7fqh6a,r90ty04i,-0.061125956,Jetzt anmelden!,Risk factors for the evolutionary emergence of pathogens
8rhvni4t,fnhqcpru,-0.061123826,The many uncertainties of COVID-19,COVID-19 – (k)eine Zumutung?!
563ftqw3,1tomqy3p,-0.06111566,hpO: Berufsvereinigung für heilkundlich praktizierte Osteopathie e.V.,COVID-19 and Interculturality: First lessons for Teacher educators
aocpkdn1,fnhqcpru,-0.06107655,Acknowledgment to reviewers—2021,COVID-19 – (k)eine Zumutung?!
563ftqw3,s9hf94t7,-0.06104967,hpO: Berufsvereinigung für heilkundlich praktizierte Osteopathie e.V.,Shaping the future of microsurgery: Combination of exoscope and smart glasses.
563ftqw3,3ou1hb67,-0.060986638,hpO: Berufsvereinigung für heilkundlich praktizierte Osteopathie e.V.,Considering Mandatory Vaccination of Children for COVID-19.
ye7fqh6a,vvop22nv,-0.06097821,Jetzt anmelden!,Clinical characteristics of COVID-19 patients with complications: implications for management
563ftqw3,wuyuff46,-0.060946956,hpO: Berufsvereinigung für heilkundlich praktizierte Osteopathie e.V.,"“I'm a Referee, Not a Female Referee”: The Experiences of Women Involved in Football as Coaches and Referees"
563ftqw3,lhyqvnrg,-0.060942013,hpO: Berufsvereinigung für heilkundlich praktizierte Osteopathie e.V.,Part 1: COVID-19 and knowledge for midwifery practice—impact and care of pregnant women
563ftqw3,f5jfo9nb,-0.0609321,hpO: Berufsvereinigung für heilkundlich praktizierte Osteopathie e.V.,Impact of COVID-19 on Residency Training.
ye7fqh6a,ho7niqje,-0.060904596,Jetzt anmelden!,These are the hands that care
qc17no6c,fnhqcpru,-0.060868192,Hematologic parameters in patients with COVID-19 infection.,COVID-19 – (k)eine Zumutung?!
563ftqw3,mkv6er7p,-0.0608238,hpO: Berufsvereinigung für heilkundlich praktizierte Osteopathie e.V.,Trust in Robots: Challenges and Opportunities
563ftqw3,h41vqula,-0.060806405,hpO: Berufsvereinigung für heilkundlich praktizierte Osteopathie e.V.,2021 AMSSM Research Podium Presentations.
t46giw1h,fnhqcpru,-0.06075376,Neuropathologic features of four autopsied COVID‐19 patients,COVID-19 – (k)eine Zumutung?!
563ftqw3,xtzen0xu,-0.060751624,hpO: Berufsvereinigung für heilkundlich praktizierte Osteopathie e.V.,"Enhanced Student Engagement through Teamwork, Gamification, and Diversity Inclusion Best Practices in an Electromagnetics Course"
wwie0iem,gk6xm71j,-0.06072148,Allergikern Ängste nehmen,COVID-19 Claims Lives of Artists
egkvbqhd,opnjwm3c,-0.060700748,Alles sauber?,Lipophagy at a glance.
wwie0iem,5o7m935w,-0.060692087,Allergikern Ängste nehmen,Confronting the reality of COVID.
563ftqw3,5t8tus6o,-0.060682684,hpO: Berufsvereinigung für heilkundlich praktizierte Osteopathie e.V.,Sustainable Development Goals in the Time of Crisis
lq7r3spv,igk0ncq4,-0.06068146,Small mammal virology,Mehr Impfschutz für Herzkranke
563ftqw3,hv44s83l,-0.06064966,hpO: Berufsvereinigung für heilkundlich praktizierte Osteopathie e.V.,Designing meaningful dementia care
563ftqw3,h9le33u9,-0.06061886,hpO: Berufsvereinigung für heilkundlich praktizierte Osteopathie e.V.,Kindness in the time of COVID‐19: a personal viewpoint
fkf7hsqp,fnhqcpru,-0.060605697,Interim Guidance: Airline workers and employers,COVID-19 – (k)eine Zumutung?!
563ftqw3,795tgnn2,-0.060583033,hpO: Berufsvereinigung für heilkundlich praktizierte Osteopathie e.V.,"DNACPR Decisions: Aligning Law, Guidance, and Practice"
563ftqw3,dx7i3z4m,-0.060539212,hpO: Berufsvereinigung für heilkundlich praktizierte Osteopathie e.V.,Information-giving: an approach for contemporary practice
i35eemj0,wwie0iem,-0.060537748,Image in keeping in mind,Allergikern Ängste nehmen
563ftqw3,r9s8833n,-0.060439866,hpO: Berufsvereinigung für heilkundlich praktizierte Osteopathie e.V.,COVID-19: Clear communication
wwie0iem,06vqlhoz,-0.060423054,Allergikern Ängste nehmen,Editors’ Comments Regarding Special Feature Articles on COVID-19 in 2020
33alavtn,xmb4eywi,-0.060391635,Performances of clinical characteristics and radiological findings in identifying COVID-19 from suspected cases,"Strategieentwicklung ""einfach"" machen"
563ftqw3,ipigf8cs,-0.06033032,hpO: Berufsvereinigung für heilkundlich praktizierte Osteopathie e.V.,"Opportunities, challenges, and the future of cruise ship tourism: beyond COVID-19 with ubiquitous information sharing and decision-making"
5715bqsf,fnhqcpru,-0.060295835,Smiling faces,COVID-19 – (k)eine Zumutung?!
563ftqw3,wsw2s7il,-0.060241126,hpO: Berufsvereinigung für heilkundlich praktizierte Osteopathie e.V.,Instructor Presence in a Virtual Classroom
6h4dexf6,fnhqcpru,-0.060201954,Lymphangiosarcoma in two cats,COVID-19 – (k)eine Zumutung?!
563ftqw3,fecii2lj,-0.06015306,hpO: Berufsvereinigung für heilkundlich praktizierte Osteopathie e.V.,COVID-19 lessons learned: a global perspective
1w677dta,2hnrmkxa,-0.06011142,Bundesweites Belastungsmodell für Intensivstationen durch COVID-19,NATIONAL SPEAKERS.
1w677dta,mqvv9992,-0.06009313,Bundesweites Belastungsmodell für Intensivstationen durch COVID-19,Acknowledgment of Guest Reviewers
ye7fqh6a,nfpiv4vs,-0.060040813,Jetzt anmelden!,Epidemiological Characteristics of 55 Patients with COVID-19 and Influencing Factors of Critically Ill Patients/ 55例新型冠状病毒肺炎流行病学特征及重症影响因素
wwie0iem,djv7xlgg,-0.06002769,Allergikern Ängste nehmen,Negative pressure rooms and COVID-19.
563ftqw3,91ozc1zr,-0.06002459,hpO: Berufsvereinigung für heilkundlich praktizierte Osteopathie e.V.,Measurement of E-Learning Readiness for Students with and without Disabilities
563ftqw3,wf4joh3f,-0.059965428,hpO: Berufsvereinigung für heilkundlich praktizierte Osteopathie e.V.,Time for leadership and conversations
563ftqw3,w5yj1920,-0.059903126,hpO: Berufsvereinigung für heilkundlich praktizierte Osteopathie e.V.,Future Perspectives
mn7hrkrn,evqgpmio,-0.059888676,Phlorotannins,Bewährungsprobe Coronapandemie
wwie0iem,kd5k57hx,-0.059881724,Allergikern Ängste nehmen,COVID-19: clinical or laboratory diagnosis? A matter of debate
563ftqw3,toh3ngy9,-0.059845876,hpO: Berufsvereinigung für heilkundlich praktizierte Osteopathie e.V.,COVID-19 - neurologists stay aware!
563ftqw3,swxcxurh,-0.05984483,hpO: Berufsvereinigung für heilkundlich praktizierte Osteopathie e.V.,Impact of COVID-19 on neurosurgery resident training and education
wwie0iem,d5wciitf,-0.059844054,Allergikern Ängste nehmen,Chapter 3 The Atmosphere
ye7fqh6a,716jsv5j,-0.05980102,Jetzt anmelden!,Coronaviruses in poultry and other birds.
563ftqw3,tfh1dev6,-0.059779912,hpO: Berufsvereinigung für heilkundlich praktizierte Osteopathie e.V.,Mitigating the impact of conference and travel cancellations on researchers’ futures
563ftqw3,5dweldyr,-0.05976929,hpO: Berufsvereinigung für heilkundlich praktizierte Osteopathie e.V.,Enhancing workplace learning at the transition into practice: Lessons from a pandemic
21jy6zcr,wwie0iem,-0.05976144,Defining Events,Allergikern Ängste nehmen
rhwlsp1n,l3yvi2jg,-0.059732147,The Shooting,"411 Mrd. €, 11,9 %"
563ftqw3,d1zbfvjt,-0.05972778,hpO: Berufsvereinigung für heilkundlich praktizierte Osteopathie e.V.,Algorithmic fairness in pandemic forecasting: lessons from COVID-19
wwie0iem,om2d3sai,-0.059635628,Allergikern Ängste nehmen,COVID-19 information in news media: room for greater transparency
563ftqw3,v1s6dy8f,-0.059617106,hpO: Berufsvereinigung für heilkundlich praktizierte Osteopathie e.V.,Adjustments in the range of activities offered in long‐term care facilities during the COVID‐19 visitor ban: Lessons learned
96d5unge,igk0ncq4,-0.05960152,The Circle,Mehr Impfschutz für Herzkranke
ye7fqh6a,ptxwnbhf,-0.059380114,Jetzt anmelden!,Investigating people's anxieties and concerns about COVID-19
563ftqw3,gibfw0qt,-0.059350338,hpO: Berufsvereinigung für heilkundlich praktizierte Osteopathie e.V.,Presidential Spotlight: A Time of Firsts
ua7xdaj9,wwie0iem,-0.059318796,"Cover Image, Volume 13, Issue 5",Allergikern Ängste nehmen
wwie0iem,w4hbh2sa,-0.05931863,Allergikern Ängste nehmen,Communication is key
wwie0iem,80fai5oo,-0.05925719,Allergikern Ängste nehmen,Clinical Features and Laboratory Findings of COVID-19 in Children: A Tertiary Center Experience
563ftqw3,ajfy7asa,-0.059219394,hpO: Berufsvereinigung für heilkundlich praktizierte Osteopathie e.V.,The personal impact of covid-19 on trainees.
ye7fqh6a,bgmvn8kb,-0.05920384,Jetzt anmelden!,Newborns at risk of COVID-19
wug3v0ji,wwie0iem,-0.059201192,Highlights of the May issue,Allergikern Ängste nehmen
563ftqw3,g0ob7t3l,-0.059160993,hpO: Berufsvereinigung für heilkundlich praktizierte Osteopathie e.V.,"In the face of the future, what do we learn from COVID-19?"
563ftqw3,3glk6b8d,-0.059124775,hpO: Berufsvereinigung für heilkundlich praktizierte Osteopathie e.V.,Chapter Thirteen Ten statements for simplifying your life with embodied choices
563ftqw3,10uifml1,-0.059032887,hpO: Berufsvereinigung für heilkundlich praktizierte Osteopathie e.V.,The year of living dangerously: lessons from the rapid preparation for COVID-19.
563ftqw3,q6vhduh8,-0.05901843,hpO: Berufsvereinigung für heilkundlich praktizierte Osteopathie e.V.,Residency Match in the Virtual World
wwie0iem,2fc95r13,-0.059010267,Allergikern Ängste nehmen,Debunking Rumors in Networks
563ftqw3,ct5n7kak,-0.059000403,hpO: Berufsvereinigung für heilkundlich praktizierte Osteopathie e.V.,Past-Future Synergies: Commentary on Schoemaker 2020
563ftqw3,2g2mv711,-0.05898582,hpO: Berufsvereinigung für heilkundlich praktizierte Osteopathie e.V.,A Psychiatrist's Own Experience of Long Covid: Looking Beyond the Psychosomatic Perspective
lm1tiprk,wwie0iem,-0.058927365,Epidemiological and Clinical Aspects of COVID-19; a Narrative Review.,Allergikern Ängste nehmen
563ftqw3,crdt5csf,-0.058884084,hpO: Berufsvereinigung für heilkundlich praktizierte Osteopathie e.V.,Understanding Factors that Shape Children's Long Term Engagement with an In-Home Learning Companion Robot
ye7fqh6a,xbc1szjd,-0.058881365,Jetzt anmelden!,[Risk Factors for COVID-19 transmission among healthcare workers].
563ftqw3,9bxx8iu3,-0.058835708,hpO: Berufsvereinigung für heilkundlich praktizierte Osteopathie e.V.,The impact of COVID-19
563ftqw3,66zmersr,-0.058827765,hpO: Berufsvereinigung für heilkundlich praktizierte Osteopathie e.V.,Winning leaders
563ftqw3,y6wyxo9s,-0.058825195,hpO: Berufsvereinigung für heilkundlich praktizierte Osteopathie e.V.,COVID-19 and Extremeness Aversion: The Role of Safety Seeking in Travel Decision Making
hwy9qtzo,kkflrybw,-0.058814835,Menulis Pandemi,Nachrichtenteil für Grundwasser-Heft 2/2021
igk0ncq4,70yi1yhf,-0.058813807,Mehr Impfschutz für Herzkranke,Bacterial vaccines in poultry
65oil4fb,fnhqcpru,-0.058812384,Influenza A (H1N1) transmission by road traffic between cities and towns,COVID-19 – (k)eine Zumutung?!
cfncsjj2,eej8qb9t,-0.05880792,Eular 2020: Kurzer Überblick – Praxisrelevant …!,Acknowledgement to Referees.
vbwgzekm,fnhqcpru,-0.058806513,Updates in pediatrics,COVID-19 – (k)eine Zumutung?!
563ftqw3,675nx6o2,-0.058803316,hpO: Berufsvereinigung für heilkundlich praktizierte Osteopathie e.V.,"Ownership: A Perennial Prize or a Fading Goal? A Curation, Framework, and Agenda for Future Research"
wwie0iem,fx1zik3w,-0.058757935,Allergikern Ängste nehmen,Special considerations in the management of COVID-19 in rural and remote areas
ye7fqh6a,7hiqld8n,-0.058736872,Jetzt anmelden!,Digestional diseases in Covid-19 in children
563ftqw3,c8zfa38b,-0.058718003,hpO: Berufsvereinigung für heilkundlich praktizierte Osteopathie e.V.,"Space, place, and the evidence base: Part I--An introduction to health geography."
563ftqw3,z2emidbf,-0.05869949,hpO: Berufsvereinigung für heilkundlich praktizierte Osteopathie e.V.,Customers’ psychological ownership toward the third place
fnhqcpru,rhtlyz6t,-0.058698818,COVID-19 – (k)eine Zumutung?!,Adenoviruses of Vertebrate Animals
563ftqw3,qle4dopc,-0.05868999,hpO: Berufsvereinigung für heilkundlich praktizierte Osteopathie e.V.,COVID‐19 Lessons: Compassion and Flexibility are Critical to Equitable Learning
563ftqw3,4zwsrep6,-0.05868344,hpO: Berufsvereinigung für heilkundlich praktizierte Osteopathie e.V.,The right care at the right place with the right specialist
7a1oo55e,xmb4eywi,-0.058662113,Assessment of risk scores in Covid-19,"Strategieentwicklung ""einfach"" machen"
m5c78wyt,xmb4eywi,-0.058662113,"""Assessment of risk scores in covid-19"".","Strategieentwicklung ""einfach"" machen"
563ftqw3,u35l3qno,-0.058657236,hpO: Berufsvereinigung für heilkundlich praktizierte Osteopathie e.V.,Primary health care for all: lessons from its failure to achieve its goal and COVID-19
jnmoxf68,vzsmjjwo,-0.058648072,Seltene Ursache eines perinephritischen Abszesses,Covid-19 - A Reminder to Reason
563ftqw3,j0vdluhq,-0.058643267,hpO: Berufsvereinigung für heilkundlich praktizierte Osteopathie e.V.,Roles for Health Care Professionals in Addressing Patient-Held Misinformation Beyond Fact Correction.
563ftqw3,oq16zw7a,-0.058632396,hpO: Berufsvereinigung für heilkundlich praktizierte Osteopathie e.V.,Prioritize care for a more resilient future
563ftqw3,uk0t4lgm,-0.05863016,hpO: Berufsvereinigung für heilkundlich praktizierte Osteopathie e.V.,Illusion
563ftqw3,9p876hg7,-0.058535155,hpO: Berufsvereinigung für heilkundlich praktizierte Osteopathie e.V.,Earth stewardship: Shaping a sustainable future through interacting policy and norm shifts
v7drwi0k,fnhqcpru,-0.058516383,[COVID-19 andcardiovascular diseases],COVID-19 – (k)eine Zumutung?!
ye7fqh6a,ymvbbxju,-0.058459163,Jetzt anmelden!,"Interest groups, local politics, and police unions"
563ftqw3,7gdfb1vu,-0.05837374,hpO: Berufsvereinigung für heilkundlich praktizierte Osteopathie e.V.,Environmental impact of the COVID-19 pandemic–a lesson for the future
563ftqw3,00i06mf1,-0.05831928,hpO: Berufsvereinigung für heilkundlich praktizierte Osteopathie e.V.,Lessons from Leading through COVID-19: Secondary Principals' Perspectives
563ftqw3,rauqjdlt,-0.058293402,hpO: Berufsvereinigung für heilkundlich praktizierte Osteopathie e.V.,Shared Decision Making in Primary Care Based Depression Treatment: Communication and Decision-Making Preferences Among an Underserved Patient Population
563ftqw3,zooaehtt,-0.058286972,hpO: Berufsvereinigung für heilkundlich praktizierte Osteopathie e.V.,Memorable Tourism Experiences Inspired by the Beauty of Nature
563ftqw3,ktzcwd52,-0.05812923,hpO: Berufsvereinigung für heilkundlich praktizierte Osteopathie e.V.,"Plague: Past, Present, and Future"
563ftqw3,qzgognv9,-0.058129054,hpO: Berufsvereinigung für heilkundlich praktizierte Osteopathie e.V.,Communication in the time of COVID.
563ftqw3,cnc3dgcc,-0.058023702,hpO: Berufsvereinigung für heilkundlich praktizierte Osteopathie e.V.,COVID-19: working together and making a difference for decision-makers.
ye7fqh6a,3quxhorv,-0.057986975,Jetzt anmelden!,Worksite tobacco control – a qualitative study on perspectives from employers and employees at small worksites
k88q5135,eej8qb9t,-0.057970684,Endlich wieder: Austausch von Angesicht zu Angesicht,Acknowledgement to Referees.
563ftqw3,4m7hl3nd,-0.0579621,hpO: Berufsvereinigung für heilkundlich praktizierte Osteopathie e.V.,Move: Durational Dance-Making as We Age
igk0ncq4,e97bazt5,-0.05790501,Mehr Impfschutz für Herzkranke,"Covid, Colleges, and Classes"
ye7fqh6a,4xfipd3x,-0.057861943,Jetzt anmelden!,Superspreading genomes.
ye7fqh6a,cm345pyo,-0.057861943,Jetzt anmelden!,Superspreading genomes
563ftqw3,6bxosfcz,-0.057860922,hpO: Berufsvereinigung für heilkundlich praktizierte Osteopathie e.V.,The makings of an exclusive community: students’ perceptions of dangerous others
00ec5g3a,xmb4eywi,-0.057819817,Risk Factors for COVID-19,"Strategieentwicklung ""einfach"" machen"
twrf3r2y,wwie0iem,-0.05777566,"Prices of Music Monographs and Scores as Reflected in Notes, 2014-2020",Allergikern Ängste nehmen
563ftqw3,juyf2gi9,-0.057759978,hpO: Berufsvereinigung für heilkundlich praktizierte Osteopathie e.V.,Telehealth Beyond COVID-19
563ftqw3,vyu1dclm,-0.057740763,hpO: Berufsvereinigung für heilkundlich praktizierte Osteopathie e.V.,Unsupervised Part Discovery by Unsupervised Disentanglement
563ftqw3,w4ta3dzs,-0.05768495,hpO: Berufsvereinigung für heilkundlich praktizierte Osteopathie e.V.,Which travel risks are more salient for destination choice? An examination of the tourist's decision-making process
6591nkx1,zp4uy1v7,-0.057674576,Reply to Nagappa and Marimuthu,CORONAVIRUSES (CORONAVIRIDAE)
zp4uy1v7,jfrk3o5d,-0.057674576,CORONAVIRUSES (CORONAVIRIDAE),Reply to M Speeckaert and J Delanghe.
zp4uy1v7,sbpd99n0,-0.057674576,CORONAVIRUSES (CORONAVIRIDAE),Reply to I. Nishino and J. Tanboon.
zp4uy1v7,9baisu73,-0.057674576,CORONAVIRUSES (CORONAVIRIDAE),In Reply to Guragai
563ftqw3,zpddtf71,-0.05762871,hpO: Berufsvereinigung für heilkundlich praktizierte Osteopathie e.V.,Engagement in Assisted Living During the COVID-19 Pandemic: Challenges and Promising Practices.
zlx4etkg,mn7hrkrn,-0.05758469,Beatmung geriatrischer Patienten - ein ethisches Dilemma?,Phlorotannins
563ftqw3,ho7niqje,-0.057542276,hpO: Berufsvereinigung für heilkundlich praktizierte Osteopathie e.V.,These are the hands that care
563ftqw3,garj77x1,-0.057483155,hpO: Berufsvereinigung für heilkundlich praktizierte Osteopathie e.V.,Decision-Making in Sport During a Pandemic.
563ftqw3,rt4vq4m2,-0.05742172,hpO: Berufsvereinigung für heilkundlich praktizierte Osteopathie e.V.,Challenges of an 'infodemic': Separating fact from fiction in a pandemic
fr6tme32,fnhqcpru,-0.05740028,Infectious Hepatopathies in Dogs and Cats,COVID-19 – (k)eine Zumutung?!
ye7fqh6a,65oil4fb,-0.05739487,Jetzt anmelden!,Influenza A (H1N1) transmission by road traffic between cities and towns
563ftqw3,whchibkk,-0.05739058,hpO: Berufsvereinigung für heilkundlich praktizierte Osteopathie e.V.,COVID-19 lessons for research.
563ftqw3,jw72fi4l,-0.057287216,hpO: Berufsvereinigung für heilkundlich praktizierte Osteopathie e.V.,Comment AGREEING ON COVID‐19
563ftqw3,uzk8vvuh,-0.05725196,hpO: Berufsvereinigung für heilkundlich praktizierte Osteopathie e.V.,"Household finances, financial planning, and COVID‐19"
wwie0iem,28337mpq,-0.05724688,Allergikern Ängste nehmen,The world haunted by Covid-19.
84yq3oyz,p06x5kjt,-0.057226613,COVID-19: No Visitors.,Kommerell diverticulum - egy ritka betegség ritka szövődményei.
wwie0iem,rv5yu1tj,-0.05710984,Allergikern Ängste nehmen,"Reflections on 2020, the year of COVID"
563ftqw3,kyabkjbb,-0.05699282,hpO: Berufsvereinigung für heilkundlich praktizierte Osteopathie e.V.,Decision-making and Effectiveness of Business Results in Times of COVID-19
563ftqw3,wvoeklyx,-0.056984726,hpO: Berufsvereinigung für heilkundlich praktizierte Osteopathie e.V.,Learn from the past and prepare for the future: A critical assessment of crisis management research in hospitality
563ftqw3,hoe8ia10,-0.05691749,hpO: Berufsvereinigung für heilkundlich praktizierte Osteopathie e.V.,Changes we learned to love in the time of COVID
563ftqw3,yo9996da,-0.056847125,hpO: Berufsvereinigung für heilkundlich praktizierte Osteopathie e.V.,Will the fourth time be a charm?
5i9ouv6r,xmb4eywi,-0.05680886,News at a glance,"Strategieentwicklung ""einfach"" machen"
ye7fqh6a,tbh2fwk5,-0.05679062,Jetzt anmelden!,Secondary Transmission of COVID-19 in K-12 Schools: Findings From Two States
563ftqw3,abrriotu,-0.056785308,hpO: Berufsvereinigung für heilkundlich praktizierte Osteopathie e.V.,UEG Week 2020 Poster Presentations.
mn7hrkrn,fnhqcpru,-0.05675499,Phlorotannins,COVID-19 – (k)eine Zumutung?!
563ftqw3,223kb3gs,-0.05662299,hpO: Berufsvereinigung für heilkundlich praktizierte Osteopathie e.V.,"Effective electromagnetics teaching, no matter what!"
563ftqw3,mjcwpe1c,-0.056609124,hpO: Berufsvereinigung für heilkundlich praktizierte Osteopathie e.V.,2020 Rise to the challenge
ir4dogwr,fnhqcpru,-0.056501437,3D printed parts: calling all dentists and technicians,COVID-19 – (k)eine Zumutung?!
wwie0iem,8p9hh6rp,-0.056453492,Allergikern Ängste nehmen,Key Factors in the contigency plan for COVID-19 during the Magal Celebration in 2020
gdqv1q45,ptxwnbhf,-0.056434568,Komplexe Gerinnungsstörungen,Investigating people's anxieties and concerns about COVID-19
l0hm3k2t,xmb4eywi,-0.056402776,Perceptions of COVID Fears,"Strategieentwicklung ""einfach"" machen"
563ftqw3,ltugjc1h,-0.0563728,hpO: Berufsvereinigung für heilkundlich praktizierte Osteopathie e.V.,Reflecting on 2020 for AORN and looking to the future
dovqr4pg,jnmoxf68,-0.056340694,I worry,Seltene Ursache eines perinephritischen Abszesses
563ftqw3,v0nl7x2u,-0.05633483,hpO: Berufsvereinigung für heilkundlich praktizierte Osteopathie e.V.,Collaboration in the time of COVID
563ftqw3,po54hgw1,-0.05631582,hpO: Berufsvereinigung für heilkundlich praktizierte Osteopathie e.V.,Virtually EWMA - telemedicine and the future.
563ftqw3,ge32fz6t,-0.056297444,hpO: Berufsvereinigung für heilkundlich praktizierte Osteopathie e.V.,Making It Personal: Engaging Learners Around Geriatrics.
86lynlxn,xmb4eywi,-0.0562594,Coronaviruses in the Limelight,"Strategieentwicklung ""einfach"" machen"
ye7fqh6a,ahgsopes,-0.056212567,Jetzt anmelden!,Historical Perspectives: Reflections on Infectious Diseases in 2020.
l3yvi2jg,7u5rldc0,-0.056191187,"411 Mrd. €, 11,9 %",Protecting Our Front Line
fnhqcpru,xq82qc8p,-0.05619042,COVID-19 – (k)eine Zumutung?!,Dynamics of transmission of COVID-19 cases and household contacts: A prospective cohort study
wwie0iem,fbhrx81b,-0.056116294,Allergikern Ängste nehmen,Focus on concrete solutions
563ftqw3,s4o0qvtt,-0.05609272,hpO: Berufsvereinigung für heilkundlich praktizierte Osteopathie e.V.,COVID-19 pandemic: Lessons from physics
fnhqcpru,rriryh6d,-0.056085464,COVID-19 – (k)eine Zumutung?!,COVID‐19 Apps and Privacy Protections from Users' Perspective
563ftqw3,7zywtojb,-0.056071468,hpO: Berufsvereinigung für heilkundlich praktizierte Osteopathie e.V.,Making hard choices. Rationing health care services.
wwie0iem,o4da6er5,-0.05606528,Allergikern Ängste nehmen,The Psychological Aspects of COVID-19: A Review
wwie0iem,k5ntihwg,-0.056065273,Allergikern Ängste nehmen,A Review on the Psychological Aspects of COVID-19
563ftqw3,mpv0l9z3,-0.05605864,hpO: Berufsvereinigung für heilkundlich praktizierte Osteopathie e.V.,‘Graphomania is a writer’s first and indispensable prerequisite’
wwie0iem,w816fcff,-0.055996213,Allergikern Ängste nehmen,ESICM LIVES 2021: Part 1
wwie0iem,w7wuy61w,-0.055996213,Allergikern Ängste nehmen,ESICM LIVES 2021: Part 2
wwie0iem,ilv7622z,-0.055844348,Allergikern Ängste nehmen,Covid-19: a Message from the Society
wwie0iem,ef4ughzi,-0.05583515,Allergikern Ängste nehmen,Disclosure List.
563ftqw3,dyp327tg,-0.055829346,hpO: Berufsvereinigung für heilkundlich praktizierte Osteopathie e.V.,Healthcare Professionals’ Ethical Responsibility in COVID-19 Vaccination Decision-Making
563ftqw3,nyzx2bch,-0.05581263,hpO: Berufsvereinigung für heilkundlich praktizierte Osteopathie e.V.,Impact of COVID-19 lockdown on match activity and physical performance in professional football referees
563ftqw3,3eluuq4j,-0.055781055,hpO: Berufsvereinigung für heilkundlich praktizierte Osteopathie e.V.,"The making of racialized subjects: Practices, history, struggles"
563ftqw3,ant68nv5,-0.055776212,hpO: Berufsvereinigung für heilkundlich praktizierte Osteopathie e.V.,Virtual Reality in Neurosurgery: Beyond Neurosurgical Planning
563ftqw3,wd7s1aeh,-0.05576126,hpO: Berufsvereinigung für heilkundlich praktizierte Osteopathie e.V.,Fairer shares
563ftqw3,vzjs0l8f,-0.05576126,hpO: Berufsvereinigung für heilkundlich praktizierte Osteopathie e.V.,Fairer shares.
l3yvi2jg,3mf5zw9n,-0.05574518,"411 Mrd. €, 11,9 %",Circuit bases for randomisation
pmzdovna,fnhqcpru,-0.0557351,"Politics, media and microbiologists",COVID-19 – (k)eine Zumutung?!
563ftqw3,gemmt4lh,-0.055730682,hpO: Berufsvereinigung für heilkundlich praktizierte Osteopathie e.V.,Reading Covered Faces
563ftqw3,e7n5qu4j,-0.055725932,hpO: Berufsvereinigung für heilkundlich praktizierte Osteopathie e.V.,Long-term impact of COVID-19 on disabled children
m0r9109y,fnhqcpru,-0.055707034,"Publishing in a time of COVID-19: A message to our readers, authors, reviewers and production team",COVID-19 – (k)eine Zumutung?!
563ftqw3,0r6nnqcm,-0.055690937,hpO: Berufsvereinigung für heilkundlich praktizierte Osteopathie e.V.,Consider role of contractual obligations in decision‐making during times of crisis
cnzf9xll,fnhqcpru,-0.055608664,THROMBOEMBOLISM in PATIENTS with COVID-19,COVID-19 – (k)eine Zumutung?!
wwie0iem,s5v15iba,-0.055604704,Allergikern Ängste nehmen,Insights into accounting education in a COVID-19 world
frnpyq9c,fnhqcpru,-0.055594407,Factors Associated with the Development of Gastrointestinal Symptoms in Patients Hospitalized with Covid-19,COVID-19 – (k)eine Zumutung?!
pd16xppm,wwie0iem,-0.05557663,"Schools for healthy lives, not for corporate interests",Allergikern Ängste nehmen
wwie0iem,q17fmf5i,-0.055560444,Allergikern Ängste nehmen,Audio Interview: Covid-19 and the Media
ha4624g4,xmb4eywi,-0.055552546,Challenges of COVID-19,"Strategieentwicklung ""einfach"" machen"
wwie0iem,k3lf5m8f,-0.05552284,Allergikern Ängste nehmen,Living with COVID-19: Voices from the grassroots.
563ftqw3,oai3cv0b,-0.05546954,hpO: Berufsvereinigung für heilkundlich praktizierte Osteopathie e.V.,Noncompetes in a Downsizing World
563ftqw3,s76j0c6e,-0.055397436,hpO: Berufsvereinigung für heilkundlich praktizierte Osteopathie e.V.,"“Focus on Pedagogy, Not Technology”: Lessons Learned from the Pandemic"
ye7fqh6a,qftcnadz,-0.055387467,Jetzt anmelden!,Laboratory parameters as predictors of mortality in COVID-19 patients on hospital admission
l3yvi2jg,pd8gpgsq,-0.055382617,"411 Mrd. €, 11,9 %",A Glimpse Into the Future
j078gcjo,fnhqcpru,-0.05536443,Celebrating Nurses.,COVID-19 – (k)eine Zumutung?!
yc1iny0d,fnhqcpru,-0.05536441,Celebrating Nurses,COVID-19 – (k)eine Zumutung?!
pghhgf0h,wwie0iem,-0.055362128,Learning from Covid: Three Key Variables,Allergikern Ängste nehmen
yj37kbun,l3yvi2jg,-0.055359885,Can the Front Line Hold?,"411 Mrd. €, 11,9 %"
ktxwbzme,84yq3oyz,-0.05535538,COVID-19- und influenzaassoziierte Sterbefälle in München ab März 2020 – eine standardisierte Auswertung von Todesbescheinigungen,COVID-19: No Visitors.
563ftqw3,fr9kvfeb,-0.055337522,hpO: Berufsvereinigung für heilkundlich praktizierte Osteopathie e.V.,Preface: Shifting Career Realities and Navigating Career Journeys
563ftqw3,oaml0ipm,-0.055327315,hpO: Berufsvereinigung für heilkundlich praktizierte Osteopathie e.V.,Playing and virtual reality: Teleanalysis with children and adolescents during the COVID-19 pandemic
563ftqw3,qj0nwynn,-0.055303447,hpO: Berufsvereinigung für heilkundlich praktizierte Osteopathie e.V.,Innovating past barriers
igk0ncq4,5pinbc6k,-0.05525436,Mehr Impfschutz für Herzkranke,"Animals, Vaccines, and COVID-19"
563ftqw3,63owuhev,-0.055206258,hpO: Berufsvereinigung für heilkundlich praktizierte Osteopathie e.V.,Translating Best Evidence into Best Care.
563ftqw3,xnziltvr,-0.0552049,hpO: Berufsvereinigung für heilkundlich praktizierte Osteopathie e.V.,Navigating Globalization in the Aftermath of COVID-19
563ftqw3,d40swppq,-0.055198055,hpO: Berufsvereinigung für heilkundlich praktizierte Osteopathie e.V.,Telephone consultation simulations: making the most of virtual teaching during COVID-19
y1re2n97,fnhqcpru,-0.055177234,Business,COVID-19 – (k)eine Zumutung?!
l3yvi2jg,acb05cm6,-0.055153947,"411 Mrd. €, 11,9 %",Is the front line a place for students?
563ftqw3,cbvbaa6q,-0.055135686,hpO: Berufsvereinigung für heilkundlich praktizierte Osteopathie e.V.,Critical decisions for crisis management: An introduction
563ftqw3,lhmo9k4p,-0.055122208,hpO: Berufsvereinigung für heilkundlich praktizierte Osteopathie e.V.,Making Resolutions Last.
563ftqw3,kix9qx7l,-0.0550992,hpO: Berufsvereinigung für heilkundlich praktizierte Osteopathie e.V.,2020: A year we will remember.
b1zixcgy,fnhqcpru,-0.05508354,Contents list including Graphcal Abstracts,COVID-19 – (k)eine Zumutung?!
563ftqw3,tm8yl4q1,-0.05507627,hpO: Berufsvereinigung für heilkundlich praktizierte Osteopathie e.V.,Love in the time of COVID‐19
l3yvi2jg,qkweeaqh,-0.05506689,"411 Mrd. €, 11,9 %",Beneath Mainstream Approaches
oqsljbww,xmb4eywi,-0.055060323,"Lyssaviruses and rabies: current conundrums, concerns, contradictions and controversies","Strategieentwicklung ""einfach"" machen"
wwie0iem,hekod41k,-0.05504986,Allergikern Ängste nehmen,Covid-19: virological aspects and pathogenesis
563ftqw3,amhngitr,-0.055035405,hpO: Berufsvereinigung für heilkundlich praktizierte Osteopathie e.V.,Taking Creativity to the Classroom
xqhxra2p,eej8qb9t,-0.055021614,Akutrehabilitation nach COVID‑19‑Infektion: Eine ausgewählte Fallserie,Acknowledgement to Referees.
ddmyq4on,aaj9e3v9,-0.055020425,A year of Covid.,9 vragen over vaccineren
enu1bqy1,aaj9e3v9,-0.055020425,2020-The Year of COVID,9 vragen over vaccineren
nysmx46f,aaj9e3v9,-0.055020425,2020—the Year That Was!,9 vragen over vaccineren
e1emg8b6,aaj9e3v9,-0.055020425,The year of COVID-19.,9 vragen over vaccineren
mjeugi0q,fnhqcpru,-0.055003874,EMarket for Local Farmers,COVID-19 – (k)eine Zumutung?!
563ftqw3,wdgdjtb5,-0.05499026,hpO: Berufsvereinigung für heilkundlich praktizierte Osteopathie e.V.,Engagement
s5t2piar,aaj9e3v9,-0.0549887,Volpocalypse Now,9 vragen over vaccineren
563ftqw3,wvf3sns3,-0.05495635,hpO: Berufsvereinigung für heilkundlich praktizierte Osteopathie e.V.,Justice reimagined: challenges and opportunities with implementing virtual courts
6peibscl,xmb4eywi,-0.054919347,Clinical characteristics of 50 cases of suspected COVID-19 in Nanning,"Strategieentwicklung ""einfach"" machen"
bgmvn8kb,fnhqcpru,-0.054884866,Newborns at risk of COVID-19,COVID-19 – (k)eine Zumutung?!
563ftqw3,kk45549w,-0.05487999,hpO: Berufsvereinigung für heilkundlich praktizierte Osteopathie e.V.,Conclusion and Recommendations: Implications and Way Forward
563ftqw3,98cbizgj,-0.054812774,hpO: Berufsvereinigung für heilkundlich praktizierte Osteopathie e.V.,Protecting the University as a Physical Place in the Age of Postdigitization
r0kjp11i,fnhqcpru,-0.054782264,299S1 DGHM Abstracts,COVID-19 – (k)eine Zumutung?!
c4ieb5t3,fnhqcpru,-0.054782264,IPTA 2022 abstracts,COVID-19 – (k)eine Zumutung?!
fnhqcpru,foymxwoe,-0.054782264,COVID-19 – (k)eine Zumutung?!,2016 ASPHO ABSTRACTS
fnhqcpru,v7l7rged,-0.054782264,COVID-19 – (k)eine Zumutung?!,PANLAR Abstracts 2021
ye7fqh6a,thpiab1f,-0.054771442,Jetzt anmelden!,"Health Care Disparities, Neurologic Risk Factors, and COVID-19"
84yq3oyz,o49uclco,-0.05472872,COVID-19: No Visitors.,Keine zusätzliche Gefahr für Allergiker
84yq3oyz,q5v3w8rm,-0.054693535,COVID-19: No Visitors.,Das Stethoskop bleibt wichtig — auch in COVID-19-Zeiten: Kein Auslaufmodell
wwie0iem,k1prb1zo,-0.054679133,Allergikern Ängste nehmen,Believe it or not: Public opinion and rumors about Covid-19
563ftqw3,eu79w56z,-0.054661456,hpO: Berufsvereinigung für heilkundlich praktizierte Osteopathie e.V.,Students’ Views on Physics Teaching at a Distance in the Context of COVID-19 Pandemic
ziashmgo,fnhqcpru,-0.054590177,Women Heads of State and Covid-19 Policy Responses,COVID-19 – (k)eine Zumutung?!
563ftqw3,3i0ds40m,-0.05448985,hpO: Berufsvereinigung für heilkundlich praktizierte Osteopathie e.V.,Education in a Datafied World: Balancing Children's Rights and School's Responsibilities in the age of Covid 19
563ftqw3,9267wmk5,-0.054489724,hpO: Berufsvereinigung für heilkundlich praktizierte Osteopathie e.V.,SBiRM in the time of COVID-19
563ftqw3,nd04s2mc,-0.054489724,hpO: Berufsvereinigung für heilkundlich praktizierte Osteopathie e.V.,ISBER in the Time of COVID.
l48sa4h0,fnhqcpru,-0.054447066,Nanoparticles: Antimicrobial Applications and Its Prospects,COVID-19 – (k)eine Zumutung?!
563ftqw3,fxysc48g,-0.054432616,hpO: Berufsvereinigung für heilkundlich praktizierte Osteopathie e.V.,Financing the Sustainable Development Goals
563ftqw3,5bzxd1g2,-0.054432593,hpO: Berufsvereinigung für heilkundlich praktizierte Osteopathie e.V.,Scattered Factor-Universality of Words
563ftqw3,x4qv36bb,-0.054429777,hpO: Berufsvereinigung für heilkundlich praktizierte Osteopathie e.V.,Lessons in case management for the physician.
2hpqrjul,563ftqw3,-0.05441223,Future implications of COVID-19 through Mathematical modeling,hpO: Berufsvereinigung für heilkundlich praktizierte Osteopathie e.V.
563ftqw3,uxwzzace,-0.054380827,hpO: Berufsvereinigung für heilkundlich praktizierte Osteopathie e.V.,Managing emergencies
563ftqw3,u47mlst8,-0.05433122,hpO: Berufsvereinigung für heilkundlich praktizierte Osteopathie e.V.,The elderly and COVID-19: cocooning or culling-the choice is ours
563ftqw3,g9vxj5mx,-0.05432498,hpO: Berufsvereinigung für heilkundlich praktizierte Osteopathie e.V.,Adapting your practice to COVID-19
563ftqw3,o1g7v4mi,-0.054321427,hpO: Berufsvereinigung für heilkundlich praktizierte Osteopathie e.V.,"Fair Dealing, Online Teaching and Technological Neutrality: Lessons From the COVID-19 Crisis"
563ftqw3,cj5k8m9c,-0.054312013,hpO: Berufsvereinigung für heilkundlich praktizierte Osteopathie e.V.,"Editorial: Acquiring housing – understanding outcomes, improving choices and “leaving no one behind”"
563ftqw3,w9lndhe8,-0.054252043,hpO: Berufsvereinigung für heilkundlich praktizierte Osteopathie e.V.,Prioritising teaching modalities by extending TOPSIS to single-valued neutrosophic environment
ma8s803j,fnhqcpru,-0.05423275,Community nursing stories during Covid-19,COVID-19 – (k)eine Zumutung?!
563ftqw3,9m7lt80l,-0.054210316,hpO: Berufsvereinigung für heilkundlich praktizierte Osteopathie e.V.,Veteran Experiences with Telehealth
ye7fqh6a,riuc8vl2,-0.054210007,Jetzt anmelden!,Do national cultures matter in the containment of COVID-19?
reo51jgp,fnhqcpru,-0.054206107,Issues and Challenges for Clinical Research in International Settings,COVID-19 – (k)eine Zumutung?!
563ftqw3,sndbl4f2,-0.0541996,hpO: Berufsvereinigung für heilkundlich praktizierte Osteopathie e.V.,"Covid-19, Place-making and Health"
3ny0ams3,l3yvi2jg,-0.05419843,In Briefs,"411 Mrd. €, 11,9 %"
563ftqw3,nmmubkl8,-0.05418161,hpO: Berufsvereinigung für heilkundlich praktizierte Osteopathie e.V.,Work-life balance and beyond: Premises and challenges
dei0xd1b,igk0ncq4,-0.054153036,COVID-19: Zoonotic aspects,Mehr Impfschutz für Herzkranke
563ftqw3,qsfnibct,-0.05414951,hpO: Berufsvereinigung für heilkundlich praktizierte Osteopathie e.V.,Rethinking the Curriculum in the Context of Education for Sustainability: Lessons from the COVID-19 Pandemic
563ftqw3,rzzxno00,-0.05405524,hpO: Berufsvereinigung für heilkundlich praktizierte Osteopathie e.V.,Climate justice and home-buyout programs: renters as a forgotten population in managed retreat actions
563ftqw3,vftym9y2,-0.054047372,hpO: Berufsvereinigung für heilkundlich praktizierte Osteopathie e.V.,Introduction. COVID-19 and neurosurgery
6peibscl,fnhqcpru,-0.054034047,Clinical characteristics of 50 cases of suspected COVID-19 in Nanning,COVID-19 – (k)eine Zumutung?!
l3yvi2jg,pl5pja7p,-0.05402901,"411 Mrd. €, 11,9 %",Interbellum.
563ftqw3,vzsmjjwo,-0.054017033,hpO: Berufsvereinigung für heilkundlich praktizierte Osteopathie e.V.,Covid-19 - A Reminder to Reason
563ftqw3,v0mzw9j7,-0.054003395,hpO: Berufsvereinigung für heilkundlich praktizierte Osteopathie e.V.,Patient Satisfaction During a Pandemic – Virtually Impossible?
563ftqw3,d9o62bqs,-0.05399235,hpO: Berufsvereinigung für heilkundlich praktizierte Osteopathie e.V.,Atypical course of COVID-19 in patient with Bruton agammaglobulinemia.
d4bsohpm,eej8qb9t,-0.05396112,Parodontitis – Therapie einer Volkskrankheit,Acknowledgement to Referees.
dei0xd1b,wwie0iem,-0.053924788,COVID-19: Zoonotic aspects,Allergikern Ängste nehmen
t1uikg0o,fnhqcpru,-0.053894695,Coinfection with other respiratory pathogens in COVID-19 patients,COVID-19 – (k)eine Zumutung?!
l1nvnvkg,fnhqcpru,-0.05387889,Transmission and risk factors of OF COVID-19.,COVID-19 – (k)eine Zumutung?!
563ftqw3,cq67alv0,-0.05387467,hpO: Berufsvereinigung für heilkundlich praktizierte Osteopathie e.V.,Serving kinship families During COVID: Pivotal moments
qhyohe3m,igk0ncq4,-0.053854097,It's a numbers game,Mehr Impfschutz für Herzkranke
563ftqw3,h2xn9n20,-0.05382311,hpO: Berufsvereinigung für heilkundlich praktizierte Osteopathie e.V.,Fighting COVID-19.
wwie0iem,np9kbu0e,-0.053791594,Allergikern Ängste nehmen,Hematologic Parameters of COVID - 19: A Review on Alteration of Hematologic Laboratory Findings
igk0ncq4,9ykwgtxj,-0.053786337,Mehr Impfschutz für Herzkranke,Reportable diseases.
wwie0iem,cpu9cl0i,-0.05378597,Allergikern Ängste nehmen,Chapter 11 Laboratory Biosafety and Good Laboratory Practices
d6su39tw,e7zvp3uj,-0.053784546,Erfolgreiche Behandlung eines drittgradigen Pleuraempyems infolge einer COVID-19-Infektion,Imagine
wwie0iem,5m7solzj,-0.053775333,Allergikern Ängste nehmen,Recent advances on porous interfaces for biomedical applications
ye7fqh6a,zt79wp60,-0.053767912,Jetzt anmelden!,Presentation and Outcomes of Patients with ESKD and COVID-19
zt79wp60,fnhqcpru,-0.053754292,Presentation and Outcomes of Patients with ESKD and COVID-19,COVID-19 – (k)eine Zumutung?!
0575yava,fnhqcpru,-0.05373945,Challenges for indigenous children and youth,COVID-19 – (k)eine Zumutung?!
b581u9aj,fnhqcpru,-0.053728648,"We, the frontliners.",COVID-19 – (k)eine Zumutung?!
wwie0iem,eubr78tt,-0.05369919,Allergikern Ängste nehmen,News and insights
ye7fqh6a,dxx0bfis,-0.05369069,Jetzt anmelden!,Disease X and other unknowns
1w677dta,5715bqsf,-0.053687584,Bundesweites Belastungsmodell für Intensivstationen durch COVID-19,Smiling faces
5i9ouv6r,fnhqcpru,-0.053656537,News at a glance,COVID-19 – (k)eine Zumutung?!
563ftqw3,wrfkf2mc,-0.053547155,hpO: Berufsvereinigung für heilkundlich praktizierte Osteopathie e.V.,Our Shared Purpose: Strength in Community.
563ftqw3,1286f0mq,-0.053533304,hpO: Berufsvereinigung für heilkundlich praktizierte Osteopathie e.V.,Achieving innovation requires knowing history
ye7fqh6a,8rhvni4t,-0.053531796,Jetzt anmelden!,The many uncertainties of COVID-19
tbt4g4pa,fnhqcpru,-0.05351371,Students' Perceptions on Cataloging Course,COVID-19 – (k)eine Zumutung?!
00ec5g3a,8f2e9fxq,-0.05350947,Risk Factors for COVID-19,Onze hersenen: onze achtbaan
wwie0iem,5mlrtke7,-0.053492405,Allergikern Ängste nehmen,A resolution record for cryoEM.
563ftqw3,b4fk0dr5,-0.053486697,hpO: Berufsvereinigung für heilkundlich praktizierte Osteopathie e.V.,Geriatrics in the Rest of the World
zd185g69,fnhqcpru,-0.053485528,COVID-19 vaccines: the facts,COVID-19 – (k)eine Zumutung?!
1vrpayry,fnhqcpru,-0.053485528,[COVID-19 vaccines: the facts].,COVID-19 – (k)eine Zumutung?!
3fhn9pn7,l3yvi2jg,-0.053474635,Inside EJVES - The Team Behind the Scenes,"411 Mrd. €, 11,9 %"
e9oxvgar,fnhqcpru,-0.053474598,"Sociality, Parasites, and Pathogens in Bats",COVID-19 – (k)eine Zumutung?!
563ftqw3,htjkl92t,-0.053469725,hpO: Berufsvereinigung für heilkundlich praktizierte Osteopathie e.V.,Moving conferences online: lessons learned from an international virtual meeting
dovqr4pg,d6su39tw,-0.05344726,I worry,Erfolgreiche Behandlung eines drittgradigen Pleuraempyems infolge einer COVID-19-Infektion
563ftqw3,nkay8xs2,-0.05340293,hpO: Berufsvereinigung für heilkundlich praktizierte Osteopathie e.V.,Challenging times
563ftqw3,s0godwzr,-0.053397257,hpO: Berufsvereinigung für heilkundlich praktizierte Osteopathie e.V.,Final Reflections
ptxwnbhf,xmb4eywi,-0.053373497,Investigating people's anxieties and concerns about COVID-19,"Strategieentwicklung ""einfach"" machen"
bw6uwcy1,eej8qb9t,-0.053370137,Notkoniotomie bei einem COVID-19-Patienten nach vorangegangener nichtinvasiver Beatmung,Acknowledgement to Referees.
lj0tasne,yo3cp5vs,-0.053336255,Welcome,KAPITEL 13 Infektionskrankheiten
ye7fqh6a,osafuymj,-0.053306732,Jetzt anmelden!,Hospital-Level Variability in Outcomes of Patients With COVID-19
igk0ncq4,tbi2w9ug,-0.053269636,Mehr Impfschutz für Herzkranke,Journal-Club.
563ftqw3,qy7r5d7r,-0.053177997,hpO: Berufsvereinigung für heilkundlich praktizierte Osteopathie e.V.,A Match Made in Cyberspace: Applicant Perspectives on Virtual Residency Interviews
563ftqw3,4n04oyuf,-0.05309608,hpO: Berufsvereinigung für heilkundlich praktizierte Osteopathie e.V.,Losing touch.
563ftqw3,6f1lz5gi,-0.053094458,hpO: Berufsvereinigung für heilkundlich praktizierte Osteopathie e.V.,"Is sabbatical a dirty word?: Sabbatical is a privilege and a challenge and too often becomes a ""staybatical"" to finally tackle the demanding projects."
563ftqw3,1swjh13y,-0.05305624,hpO: Berufsvereinigung für heilkundlich praktizierte Osteopathie e.V.,COVID-19 and planning history: a space oddity
563ftqw3,lmkk07yn,-0.053046376,hpO: Berufsvereinigung für heilkundlich praktizierte Osteopathie e.V.,An advance care planning long-term care initiative in response to COVID-19
guxghgmx,l3yvi2jg,-0.053000588,Emerging therapeutic approaches to COVID-19,"411 Mrd. €, 11,9 %"
rd3hwj8g,fnhqcpru,-0.05297153,"Nurses as Content Experts, Mentors, and Judges at Collaborative Innovation Sprints",COVID-19 – (k)eine Zumutung?!
563ftqw3,4ck4q0vu,-0.05295461,hpO: Berufsvereinigung für heilkundlich praktizierte Osteopathie e.V.,UNIDROIT: Tackling COVID-19 through Private Law
563ftqw3,9jq9izqd,-0.0529217,hpO: Berufsvereinigung für heilkundlich praktizierte Osteopathie e.V.,Beyond Borders: Glimpsing the Underlying Purposes of Day School Education in the Midst of a Pandemic
563ftqw3,aqpfpu7v,-0.052919205,hpO: Berufsvereinigung für heilkundlich praktizierte Osteopathie e.V.,Lesson learned from the pandemic: the need for sustainable employment
563ftqw3,8yopp281,-0.052907445,hpO: Berufsvereinigung für heilkundlich praktizierte Osteopathie e.V.,"Awareness, Attitude and Expectations of Physiotherapy Students on Telerehabilitation"
4p6wbd0h,fnhqcpru,-0.05290406,Screening figures,COVID-19 – (k)eine Zumutung?!
swxndtaz,l3yvi2jg,-0.052844506,Illuminating places,"411 Mrd. €, 11,9 %"
yvgzkt8a,fnhqcpru,-0.052820202,"Journals, Academics, and Pandemics",COVID-19 – (k)eine Zumutung?!
563ftqw3,cz4bjq29,-0.052807376,hpO: Berufsvereinigung für heilkundlich praktizierte Osteopathie e.V.,Excess Medical Care Spending: An Opportunity but a Communication Challenge
563ftqw3,mbtnl81s,-0.052794237,hpO: Berufsvereinigung für heilkundlich praktizierte Osteopathie e.V.,Disability and COVID-19: ensuring no one is left behind
ye7fqh6a,xwp63k5a,-0.052788444,Jetzt anmelden!,Contemplating distress factors among college students
563ftqw3,7cic9roa,-0.052749813,hpO: Berufsvereinigung für heilkundlich praktizierte Osteopathie e.V.,"Researching and Practicing Positive Psychology in Second/Foreign Language Learning and Teaching: The Past, Current Status and Future Directions"
563ftqw3,ix9x25sc,-0.052746188,hpO: Berufsvereinigung für heilkundlich praktizierte Osteopathie e.V.,"Management of COVID-19: the risks associated with treatment are clear, but the benefits remain uncertain."
0tm49m0h,fnhqcpru,-0.05265721,Calendar of Events,COVID-19 – (k)eine Zumutung?!
563ftqw3,7m25vf0b,-0.052605383,hpO: Berufsvereinigung für heilkundlich praktizierte Osteopathie e.V.,Can We Ensure That Workshops Are Effective in Their Goal? Impact of a National Education Workshop on Participants’ Subsequent Scholarship
kvtg8gri,fnhqcpru,-0.05259844,Electrolyte abnormalities in hospitalized patients with COVID-19,COVID-19 – (k)eine Zumutung?!
ye7fqh6a,92ivie3y,-0.05259699,Jetzt anmelden!,Our Responsibility to All of Our Patients and Families
no41vkcd,wwie0iem,-0.052591458,IMPACT Highlights.,Allergikern Ängste nehmen
v5u2nth8,8xq60k22,-0.052590728,Mobilität erhalten - Immobilität vorbeugen,Popular Geopolitics
x7apg7fx,fnhqcpru,-0.052585553,"Tylophorine: Sources, Properties, Applications and Biotechnological Production",COVID-19 – (k)eine Zumutung?!
84yq3oyz,tjd3wkvu,-0.05255637,COVID-19: No Visitors.,Dynamische Übergabeschurre zur Effizienzsteigerung von Gurtbandförderern
563ftqw3,wuh83wik,-0.052527953,hpO: Berufsvereinigung für heilkundlich praktizierte Osteopathie e.V.,The natural course of COVID‐19 patients without clinical intervention
563ftqw3,r0spdohh,-0.052527953,hpO: Berufsvereinigung für heilkundlich praktizierte Osteopathie e.V.,The natural course of COVID-19 patients without clinical intervention
563ftqw3,z2qfloi3,-0.052523844,hpO: Berufsvereinigung für heilkundlich praktizierte Osteopathie e.V.,"Mobile Technology for Learning During Covid-19: Opportunities, Lessons, and Challenges"
ye7fqh6a,wt1npgpc,-0.05245953,Jetzt anmelden!,Exceptional matters
563ftqw3,gn6j7yzc,-0.05244644,hpO: Berufsvereinigung für heilkundlich praktizierte Osteopathie e.V.,Emergency department COVID management policies: one institution's experience and lessons learned
gdqv1q45,8rhvni4t,-0.05243399,Komplexe Gerinnungsstörungen,The many uncertainties of COVID-19
563ftqw3,stsq3zj2,-0.052394796,hpO: Berufsvereinigung für heilkundlich praktizierte Osteopathie e.V.,The Future of Nursing 2022: It Is Time for Us to Take the Lead
563ftqw3,8abhq085,-0.052384056,hpO: Berufsvereinigung für heilkundlich praktizierte Osteopathie e.V.,"Identifying and Serving Students With Learning Disabilities, Including Dyslexia, in the Context of Multitiered Supports and Response to Intervention."
563ftqw3,6vf3km5i,-0.05236441,hpO: Berufsvereinigung für heilkundlich praktizierte Osteopathie e.V.,Making difficult ethical decisions in patient care during natural disasters and other mass casualty events
ipq1mohn,ye7fqh6a,-0.052361734,Paramedics feelings and beliefs about COVID-19,Jetzt anmelden!
563ftqw3,5cj6ht4g,-0.05234349,hpO: Berufsvereinigung für heilkundlich praktizierte Osteopathie e.V.,Deciding Classes of Regular Languages: The Covering Approach
563ftqw3,9a4ct3na,-0.052307423,hpO: Berufsvereinigung für heilkundlich praktizierte Osteopathie e.V.,Students’ engagement across a typology of teacher feedback practices
563ftqw3,yx5f6p9e,-0.052278586,hpO: Berufsvereinigung für heilkundlich praktizierte Osteopathie e.V.,"Telemedicine and the COVID-19 Pandemic, Lessons for the Future"
563ftqw3,yg3bmqxh,-0.052263126,hpO: Berufsvereinigung für heilkundlich praktizierte Osteopathie e.V.,The First COVIDecade.
563ftqw3,vpflu6vi,-0.05225609,hpO: Berufsvereinigung für heilkundlich praktizierte Osteopathie e.V.,Lack of respect and balance
563ftqw3,m61887pm,-0.05225563,hpO: Berufsvereinigung für heilkundlich praktizierte Osteopathie e.V.,COVID-19: Tasked to Respond
563ftqw3,87r0p0zh,-0.05224185,hpO: Berufsvereinigung für heilkundlich praktizierte Osteopathie e.V.,Lessons Learned from Active Engagement in a Large-Enrollment Introductory Biochemistry Course during a Remote Quarter
j3csn0gk,fnhqcpru,-0.052235737,COVID-19 Vaccines in Patients with Maintenance Hemodialysis,COVID-19 – (k)eine Zumutung?!
gdqv1q45,4udt5fyx,-0.05221726,Komplexe Gerinnungsstörungen,Listen Up
563ftqw3,kk234b6b,-0.052194133,hpO: Berufsvereinigung für heilkundlich praktizierte Osteopathie e.V.,Impact of COVID-19 on portfolio allocation decisions of individual investors
563ftqw3,e15swxek,-0.052188706,hpO: Berufsvereinigung für heilkundlich praktizierte Osteopathie e.V.,Meeting the Challenges of COVID-19 at the Close of 2020
ye7fqh6a,6h4dexf6,-0.052161403,Jetzt anmelden!,Lymphangiosarcoma in two cats
d9ph8jnw,fnhqcpru,-0.05210187,Neonates and COVID-19,COVID-19 – (k)eine Zumutung?!
563ftqw3,psbvzfav,-0.052092277,hpO: Berufsvereinigung für heilkundlich praktizierte Osteopathie e.V.,Diversity of the physician workforce: Specialty choice decisions during medical school.
egkvbqhd,qvemq0r4,-0.052086603,Alles sauber?,NOTICES OF RECENT PUBLICATIONS
ofz4dywk,e7zvp3uj,-0.05205851,/ Aktuell /,Imagine
563ftqw3,0os77mfd,-0.05205195,hpO: Berufsvereinigung für heilkundlich praktizierte Osteopathie e.V.,Teaching “Crafty Microbiology”: Safely Teaching Hands-On Microbiology Skills at Home
wwie0iem,78r4mq9x,-0.052051574,Allergikern Ängste nehmen,Chapter 2 - Fundamental aspects of the structural biology of coronaviruses
wwie0iem,3mf5zw9n,-0.05204986,Allergikern Ängste nehmen,Circuit bases for randomisation
wwie0iem,2hnrmkxa,-0.052007355,Allergikern Ängste nehmen,NATIONAL SPEAKERS.
9hqmvrwr,ye7fqh6a,-0.052003145,Asthma care during COVID-19: Differences in attitudes and expectations between physicians and patients.,Jetzt anmelden!
563ftqw3,26som3m8,-0.051999547,hpO: Berufsvereinigung für heilkundlich praktizierte Osteopathie e.V.,Digital Technology Application for Improved Responses to Healthcare Challenges: Lessons Learned from COVID-19
563ftqw3,l9aqwlz5,-0.051982302,hpO: Berufsvereinigung für heilkundlich praktizierte Osteopathie e.V.,Five Steps Towards Avoiding Narrative Traps in Decision-Making
qwbptvzr,utw9bk4v,-0.051974267,JES We Can 企画,COVID–19 and NeuroRehabilitation
wwie0iem,aaw24bs3,-0.051957786,Allergikern Ängste nehmen,Prognostic value of maximum NEWS-2 scores in addition to ISARIC 4C scores for patients admitted to hospital with COVID-19
wwie0iem,vkdgoc0q,-0.051957775,Allergikern Ängste nehmen,"Codes, Coding, and COVID-19"
ye7fqh6a,mq9wp5c2,-0.051951993,Jetzt anmelden!,Risk factors for hospital admission among COVID-19 patients with diabetes
563ftqw3,qec4d4j9,-0.051931445,hpO: Berufsvereinigung für heilkundlich praktizierte Osteopathie e.V.,"Reexamining ""Perfect"" Attendance in Schools"
ye7fqh6a,fr6tme32,-0.051923875,Jetzt anmelden!,Infectious Hepatopathies in Dogs and Cats
wwie0iem,iq3upmul,-0.05191547,Allergikern Ängste nehmen,Audio Highlights
563ftqw3,t2p03nv1,-0.051906817,hpO: Berufsvereinigung für heilkundlich praktizierte Osteopathie e.V.,Guest editorial: Managing Community Care
563ftqw3,mbvtoj57,-0.0518701,hpO: Berufsvereinigung für heilkundlich praktizierte Osteopathie e.V.,"The impact of race and ethnicity on outcomes in 19,584 adults hospitalized with COVID-19"
1rs38hyj,gq4a0vnw,-0.051847674,False hope?,Stanowisko Komitetu Zdrowia Publicznego Polskiej Akademii Nauk w sprawie szczepień przeciw COVID-19
ye7fqh6a,w7adbxzm,-0.051841576,Jetzt anmelden!,COVID-19 Illness in Children
wwie0iem,r4495jpa,-0.051819507,Allergikern Ängste nehmen,Covid-19: Validity of key studies in doubt after leading journals issue expressions of concern
famj76lk,fnhqcpru,-0.051808186,COVID-19 resources,COVID-19 – (k)eine Zumutung?!
84yq3oyz,baoycc2p,-0.051803637,COVID-19: No Visitors.,Cuando la neumonía no es COVID-19
563ftqw3,ewersik9,-0.051801283,hpO: Berufsvereinigung für heilkundlich praktizierte Osteopathie e.V.,While we have your attention
563ftqw3,58g19w1b,-0.0517843,hpO: Berufsvereinigung für heilkundlich praktizierte Osteopathie e.V.,Teaching and Learning During and After COVID-19: Lessons Learned from the Social Work Classroom
563ftqw3,iisaqopn,-0.051749893,hpO: Berufsvereinigung für heilkundlich praktizierte Osteopathie e.V.,Helping Patients Flourish in the Midst of COVID-19.
563ftqw3,eldkoonw,-0.051713765,hpO: Berufsvereinigung für heilkundlich praktizierte Osteopathie e.V.,Schooling Beyond COVID-19: An Unevenly Distributed Future
v7drwi0k,igk0ncq4,-0.05169887,[COVID-19 andcardiovascular diseases],Mehr Impfschutz für Herzkranke
563ftqw3,ttdlqh0z,-0.051670514,hpO: Berufsvereinigung für heilkundlich praktizierte Osteopathie e.V.,Lessons Learned about Faith Formation in the Midst of a Pandemic
4xfipd3x,igk0ncq4,-0.051647134,Superspreading genomes.,Mehr Impfschutz für Herzkranke
cm345pyo,igk0ncq4,-0.051647134,Superspreading genomes,Mehr Impfschutz für Herzkranke
42zgl2t3,fnhqcpru,-0.0516435,COVID-19: Considering impacts to employees and the workplace,COVID-19 – (k)eine Zumutung?!
wwie0iem,riuc8vl2,-0.051604122,Allergikern Ängste nehmen,Do national cultures matter in the containment of COVID-19?
ye7fqh6a,v2yktx51,-0.05159329,Jetzt anmelden!,COVID‐19 consequences in the management of persons with wounds
l3yvi2jg,uf6sn38r,-0.051577926,"411 Mrd. €, 11,9 %",Champions of versatility.
563ftqw3,v04vu1f5,-0.051560856,hpO: Berufsvereinigung für heilkundlich praktizierte Osteopathie e.V.,COVID-19: Moving beyond the pandemic
563ftqw3,g3vdqzus,-0.0515269,hpO: Berufsvereinigung für heilkundlich praktizierte Osteopathie e.V.,Impact that the COVID‐19 pandemic on routine childhood vaccinations and challenges ahead: A narrative review
563ftqw3,e21iacy7,-0.051498923,hpO: Berufsvereinigung für heilkundlich praktizierte Osteopathie e.V.,Role of traditional knowledge in the COVID‐19 battle
c5vzbed3,fnhqcpru,-0.05147061,Leadership matters,COVID-19 – (k)eine Zumutung?!
l3yvi2jg,jntu7rnt,-0.0514456,"411 Mrd. €, 11,9 %",Resurgence?
gdqv1q45,e7zvp3uj,-0.051440317,Komplexe Gerinnungsstörungen,Imagine
563ftqw3,k52ef2i5,-0.051396254,hpO: Berufsvereinigung für heilkundlich praktizierte Osteopathie e.V.,Navigating play in a pandemic: examining children’s outdoor neighborhood play experiences
563ftqw3,f1xvat4p,-0.05137611,hpO: Berufsvereinigung für heilkundlich praktizierte Osteopathie e.V.,Disaster scholarship
563ftqw3,ay7d00xn,-0.051361788,hpO: Berufsvereinigung für heilkundlich praktizierte Osteopathie e.V.,Development of a Simplified Portion Size Selection Task
563ftqw3,2hm5goz2,-0.05130091,hpO: Berufsvereinigung für heilkundlich praktizierte Osteopathie e.V.,COVID-19 and long-term care
563ftqw3,tdh83o9k,-0.051288337,hpO: Berufsvereinigung für heilkundlich praktizierte Osteopathie e.V.,Learning in the Year 2030
4656bo8g,fnhqcpru,-0.05127878,Passages 2021,COVID-19 – (k)eine Zumutung?!
563ftqw3,0b58uqts,-0.05126532,hpO: Berufsvereinigung für heilkundlich praktizierte Osteopathie e.V.,Vision of the future.
wwie0iem,iixi36a5,-0.051256854,Allergikern Ängste nehmen,COVID-19: Level of Concern Explained
563ftqw3,5hs5jl31,-0.051216464,hpO: Berufsvereinigung für heilkundlich praktizierte Osteopathie e.V.,Lost Space
ye7fqh6a,9ivzjp4g,-0.051194947,Jetzt anmelden!,Demographic and Laboratory Findings of Symptomatic and Asymptomatic COVID-19 in Children
fe2d5b9b,l3yvi2jg,-0.051193167,Telepsychiatry,"411 Mrd. €, 11,9 %"
563ftqw3,n5r2riut,-0.051149026,hpO: Berufsvereinigung für heilkundlich praktizierte Osteopathie e.V.,Leading in challenging times.
563ftqw3,ytlv3ivj,-0.05113916,hpO: Berufsvereinigung für heilkundlich praktizierte Osteopathie e.V.,Reimagining an Experiential Learning Exercise in Times of Crisis: Lessons Learned and a Proposed Framework
icbqlxjq,igk0ncq4,-0.0511302,The COVID-19 challenge: zoonotic diseases and wildlife,Mehr Impfschutz für Herzkranke
wwie0iem,falxq5o7,-0.051127087,Allergikern Ängste nehmen,Introduction to special section on COVID-19 in primatology.
563ftqw3,mm9mpu3a,-0.05106415,hpO: Berufsvereinigung für heilkundlich praktizierte Osteopathie e.V.,Exploring the Experiences of Persons Living With Dementia and Their Care Partners During the COVID-19 Pandemic
4hpi1oho,563ftqw3,-0.05105526,"Foreign Language Learning in Older Adults: Benefits, Challenges, and Suggestions for Teaching",hpO: Berufsvereinigung für heilkundlich praktizierte Osteopathie e.V.
2sx4qox6,aaj9e3v9,-0.05105044,Reflecting on an unprecedented year.,9 vragen over vaccineren
mxlgr2b9,aaj9e3v9,-0.05105044,Reflecting on an unprecedented year,9 vragen over vaccineren
wwie0iem,dovqr4pg,-0.05104916,Allergikern Ängste nehmen,I worry
563ftqw3,41eznb4t,-0.05102938,hpO: Berufsvereinigung für heilkundlich praktizierte Osteopathie e.V.,Rethinking race in medical decision making
563ftqw3,fx5w45xh,-0.05102938,hpO: Berufsvereinigung für heilkundlich praktizierte Osteopathie e.V.,Rethinking race in medical decision making.
563ftqw3,o5nywr5l,-0.05102812,hpO: Berufsvereinigung für heilkundlich praktizierte Osteopathie e.V.,"COVID-19: US federal accountability for entry, spread, and inequities-lessons for the future"
563ftqw3,pivytsbg,-0.05100557,hpO: Berufsvereinigung für heilkundlich praktizierte Osteopathie e.V.,Conclusion and Future Development
jvvzu4aj,fnhqcpru,-0.050992005,Concluding Reflections,COVID-19 – (k)eine Zumutung?!
563ftqw3,g5cqc2iy,-0.050979916,hpO: Berufsvereinigung für heilkundlich praktizierte Osteopathie e.V.,Looking beyond the narrative
563ftqw3,3jgfoi5s,-0.05097074,hpO: Berufsvereinigung für heilkundlich praktizierte Osteopathie e.V.,106 Learning from the Long Term Experiences of Patients Recovering from COVID-19: Utilizing a Novel Approach to a Transition of Care Curriculum to Benefit Students and Patients
563ftqw3,7ou4ys3n,-0.0509457,hpO: Berufsvereinigung für heilkundlich praktizierte Osteopathie e.V.,Taking into account patient preferences in personalised care: Blending types of nursing knowledge in evidence-based practice
563ftqw3,0h2zd8x7,-0.050920207,hpO: Berufsvereinigung für heilkundlich praktizierte Osteopathie e.V.,"Exploring Privilege in the Digital Divide: Implications for Theory, Policy, and Practice."
563ftqw3,bmg44q1d,-0.050918285,hpO: Berufsvereinigung für heilkundlich praktizierte Osteopathie e.V.,COVID-19 and children returning to school
d6su39tw,vzsmjjwo,-0.05090911,Erfolgreiche Behandlung eines drittgradigen Pleuraempyems infolge einer COVID-19-Infektion,Covid-19 - A Reminder to Reason
n6upaem2,fnhqcpru,-0.050872363,Webinars and Other Videos for Online Gemmological Education,COVID-19 – (k)eine Zumutung?!
563ftqw3,0dibcc8y,-0.05086703,hpO: Berufsvereinigung für heilkundlich praktizierte Osteopathie e.V.,On Miracles and Moving on (ADFM).
ye7fqh6a,o1aatvy4,-0.050849557,Jetzt anmelden!,Independent Predictors of Mortality Among Patients With NAFLD Hospitalized With COVID‐19 Infection
563ftqw3,einxneuh,-0.050846748,hpO: Berufsvereinigung für heilkundlich praktizierte Osteopathie e.V.,Psychotherapy of Children in the Age of COVID-19.
563ftqw3,x9i7nw7y,-0.050838687,hpO: Berufsvereinigung für heilkundlich praktizierte Osteopathie e.V.,Publishing in 2@84
ye7fqh6a,qh0g5rfh,-0.050823998,Jetzt anmelden!,Prioritizing Multidimensional Interdependent Factors Influencing COVID‐19 Risk
563ftqw3,wro1w5y2,-0.050811466,hpO: Berufsvereinigung für heilkundlich praktizierte Osteopathie e.V.,A Divide and Conquer Strategy against the Covid-19 Pandemic?!
563ftqw3,hp68qv9y,-0.05079281,hpO: Berufsvereinigung für heilkundlich praktizierte Osteopathie e.V.,Goals-of-Care Course for Emergency Physicians during the COVID-19 Pandemic
ye7fqh6a,rle421d3,-0.050781187,Jetzt anmelden!,[DISEASES OF THE NEWBORN].
ye7fqh6a,jhil88q7,-0.050776683,Jetzt anmelden!,Considerations for women with COVID-19 admitted to hospital
563ftqw3,ng5zd1xp,-0.05077608,hpO: Berufsvereinigung für heilkundlich praktizierte Osteopathie e.V.,What Am I Entitled To?
ytuhhiwf,fnhqcpru,-0.050774254,Perspectives: Research for all.,COVID-19 – (k)eine Zumutung?!
1w677dta,e97bazt5,-0.050766975,Bundesweites Belastungsmodell für Intensivstationen durch COVID-19,"Covid, Colleges, and Classes"
563ftqw3,ev7dk0wp,-0.050758876,hpO: Berufsvereinigung für heilkundlich praktizierte Osteopathie e.V.,The Fourth Dimension of the Quadruple Aim: Empowering the Workforce to Become Partners in Health and Care
563ftqw3,57mv4o2m,-0.05074891,hpO: Berufsvereinigung für heilkundlich praktizierte Osteopathie e.V.,Designing and delivering representation-focused science lessons in a digital learning environment
wwie0iem,84wpwb1k,-0.050734885,Allergikern Ängste nehmen,Encapsidation studies of poliovirus subgenomic replicons.
563ftqw3,lkukwoo7,-0.050726123,hpO: Berufsvereinigung für heilkundlich praktizierte Osteopathie e.V.,WHO at 60: Snapshots from its first six decades.
wwie0iem,rtaidd15,-0.050722808,Allergikern Ängste nehmen,Cultural images
gk6xm71j,xmb4eywi,-0.050684698,COVID-19 Claims Lives of Artists,"Strategieentwicklung ""einfach"" machen"
jc7fy3fy,fnhqcpru,-0.05067054,"FCAA related news, events and books (FCAA–Volume 23–2–2020)",COVID-19 – (k)eine Zumutung?!
563ftqw3,dvcqxq98,-0.05066649,hpO: Berufsvereinigung für heilkundlich praktizierte Osteopathie e.V.,Opportunities and obstacles faced during work from home in teaching faculties
wwie0iem,5oy6g7r5,-0.050638117,Allergikern Ängste nehmen,Football Worlds: business and networks during COVID-19
563ftqw3,swxndtaz,-0.05059025,hpO: Berufsvereinigung für heilkundlich praktizierte Osteopathie e.V.,Illuminating places
83wdve1i,fnhqcpru,-0.050577614,Neurological effects of COVID‐19 in infants and children,COVID-19 – (k)eine Zumutung?!
i6n1s6pq,eej8qb9t,-0.05056501,Erst einmal durchatmen!,Acknowledgement to Referees.
vro86qqp,fnhqcpru,-0.05055363,"Concepts of Security Threats, Challenges, Vulnerabilities and Risks",COVID-19 – (k)eine Zumutung?!
wwie0iem,ziwx86m7,-0.05054449,Allergikern Ängste nehmen,"Discovering research topics, trends, and perspectives in COVID-19-related transportation journal articles"
563ftqw3,q8wgxf9a,-0.050537046,hpO: Berufsvereinigung für heilkundlich praktizierte Osteopathie e.V.,Mindful unlearning in unprecedented times: Implications for management and organizations
4tmqfzeb,fnhqcpru,-0.05048374,Concerns About Research Ethics in COVID-19 Publications,COVID-19 – (k)eine Zumutung?!
563ftqw3,mlh6d734,-0.05047441,hpO: Berufsvereinigung für heilkundlich praktizierte Osteopathie e.V.,"Artificial Intelligence: Promise, Pitfalls, and Perspective."
0tj4819d,fnhqcpru,-0.050428513,"Masks, humidity . . . and other stories",COVID-19 – (k)eine Zumutung?!
ooh2dsem,fnhqcpru,-0.05041076,Clinical Research Updates,COVID-19 – (k)eine Zumutung?!
563ftqw3,uxyhy9bv,-0.050407805,hpO: Berufsvereinigung für heilkundlich praktizierte Osteopathie e.V.,Clinical Decision Making in Older Adults with Covid-19 in Developing Countries: Looking beyond Chronological Age
563ftqw3,zfsbm6m0,-0.050407756,hpO: Berufsvereinigung für heilkundlich praktizierte Osteopathie e.V.,CLINICAL DECISION MAKING IN OLDER ADULTS WITH COVID-19 IN DEVELOPING COUNTRIES: LOOKING BEYOND CHRONOLOGICAL AGE.
7nvu7m7x,563ftqw3,-0.05038952,Framing the meaning of COVID-19 and the psychological responses to it: Insights gleaned from selected theoretical approaches.,hpO: Berufsvereinigung für heilkundlich praktizierte Osteopathie e.V.
563ftqw3,u63rey2s,-0.050389454,hpO: Berufsvereinigung für heilkundlich praktizierte Osteopathie e.V.,Approaches to Supporting Effective Parent Management beyond the Identified Patient
fnhqcpru,ymvbbxju,-0.05038735,COVID-19 – (k)eine Zumutung?!,"Interest groups, local politics, and police unions"
dx7yqwby,fnhqcpru,-0.050304014,COVID-19 and people with intellectual disabilities,COVID-19 – (k)eine Zumutung?!
563ftqw3,88qnksup,-0.050300695,hpO: Berufsvereinigung für heilkundlich praktizierte Osteopathie e.V.,Children’s views on social distancing and playing on an adventure playground
i0g4i688,mn7hrkrn,-0.050287444,JCD editorial - December 2021.,Phlorotannins
mn7hrkrn,7gf2ho6v,-0.050287444,Phlorotannins,"JCD-Editorial for December, 2020"
mn7hrkrn,16j8kdij,-0.050287444,Phlorotannins,"JCD-Editorial for December, 2020."
eej8qb9t,xmb4eywi,-0.050273098,Acknowledgement to Referees.,"Strategieentwicklung ""einfach"" machen"
jvvzu4aj,o49uclco,-0.050260354,Concluding Reflections,Keine zusätzliche Gefahr für Allergiker
563ftqw3,jrkh5qe2,-0.050240025,hpO: Berufsvereinigung für heilkundlich praktizierte Osteopathie e.V.,The Addition of Active Stretching to Balance Strategy Exercise is the Most Effective as a Home-Based Exercise Program in Improving the Balance of the Elderly
563ftqw3,37o8vgbl,-0.0502387,hpO: Berufsvereinigung für heilkundlich praktizierte Osteopathie e.V.,Impact of the COVID-19 Pandemic on Patient Preferences and Decision Making for Symptomatic Urolithiasis
563ftqw3,fguac7do,-0.050230034,hpO: Berufsvereinigung für heilkundlich praktizierte Osteopathie e.V.,[The balance of healthcare students in jeopardy].
563ftqw3,f3j4oi5s,-0.050188698,hpO: Berufsvereinigung für heilkundlich praktizierte Osteopathie e.V.,Home-based exercise program for women with osteoporosis: focus on adherence
9mda2hic,l3yvi2jg,-0.05018273,Maintaining connections,"411 Mrd. €, 11,9 %"
wwie0iem,mqv2dz0e,-0.050169706,Allergikern Ängste nehmen,Meeting Report
563ftqw3,zw91mx07,-0.05015837,hpO: Berufsvereinigung für heilkundlich praktizierte Osteopathie e.V.,Telehealth and Medical Student Education in the Time of COVID-19—and Beyond
wwie0iem,xq82qc8p,-0.050156277,Allergikern Ängste nehmen,Dynamics of transmission of COVID-19 cases and household contacts: A prospective cohort study
wwie0iem,4ptprsxg,-0.050143305,Allergikern Ängste nehmen,Mentorship at a distance.
563ftqw3,xq2artvm,-0.05011073,hpO: Berufsvereinigung für heilkundlich praktizierte Osteopathie e.V.,"Healthcare Teams: Terminology, Confusion, and Ramifications"
rzx3wt5c,fnhqcpru,-0.050084304,Nurses as substitutes for doctors in primary care.,COVID-19 – (k)eine Zumutung?!
xqhxra2p,e97bazt5,-0.050049003,Akutrehabilitation nach COVID‑19‑Infektion: Eine ausgewählte Fallserie,"Covid, Colleges, and Classes"
563ftqw3,04mrmiqe,-0.05004752,hpO: Berufsvereinigung für heilkundlich praktizierte Osteopathie e.V.,Going Virtual: Objective Structured Teaching Exercises as an Innovative Method for Formative Resident Education
563ftqw3,9zbrxzez,-0.05003984,hpO: Berufsvereinigung für heilkundlich praktizierte Osteopathie e.V.,Narrative review of theoretical considerations regarding HITHOC between past and future.
563ftqw3,cs1qoxs6,-0.050039265,hpO: Berufsvereinigung für heilkundlich praktizierte Osteopathie e.V.,Discussing Around a Virtual fire: Citizen Engagement in a Shared Decision-Making Conference.
bgmvn8kb,8f2e9fxq,-0.050003264,Newborns at risk of COVID-19,Onze hersenen: onze achtbaan
563ftqw3,ge5bswvk,-0.049990036,hpO: Berufsvereinigung für heilkundlich praktizierte Osteopathie e.V.,Ten simple rules for building an enthusiastic iGEM team.
563ftqw3,61ntih6q,-0.049987737,hpO: Berufsvereinigung für heilkundlich praktizierte Osteopathie e.V.,Contractual Variations: Long Live the Doctrine of Consideration?
ye7fqh6a,73k939q5,-0.04998661,Jetzt anmelden!,Developmental Manifestations of Grief in Children and Adolescents: Caregivers as Key Grief Facilitators
fnhqcpru,nxj0zupy,-0.049939588,COVID-19 – (k)eine Zumutung?!,"Clinicians, Cooks and Cashiers: Examining Health Equity and the Covid-19 Risks to Essential Workers"
563ftqw3,73yobj33,-0.049928676,hpO: Berufsvereinigung für heilkundlich praktizierte Osteopathie e.V.,Now is the time to redefine safety in healthcare
563ftqw3,x9jyps5r,-0.049897473,hpO: Berufsvereinigung für heilkundlich praktizierte Osteopathie e.V.,Covid Saved My Life
ozyazewv,eej8qb9t,-0.049861398,Zertifizierungen von EndoCert: in Zeiten von COVID-19,Acknowledgement to Referees.
563ftqw3,syj74vs1,-0.04984518,hpO: Berufsvereinigung für heilkundlich praktizierte Osteopathie e.V.,The Secured Credit Premium and the Issuance of Secured Debt
olvc4s34,aaj9e3v9,-0.049799547,... And then there was COVID!,9 vragen over vaccineren
o92qw9ce,aaj9e3v9,-0.049799547,Are You There?,9 vragen over vaccineren
563ftqw3,jcx80yqn,-0.049798477,hpO: Berufsvereinigung für heilkundlich praktizierte Osteopathie e.V.,Opinion: The importance of offering vaccine choice in the fight against COVID-19
ye7fqh6a,4crh67rs,-0.049790062,Jetzt anmelden!,Remote Wound Care
563ftqw3,eiddigf9,-0.049776796,hpO: Berufsvereinigung für heilkundlich praktizierte Osteopathie e.V.,COVID's Impact on Golf Fundraisers
563ftqw3,dx3w5vsy,-0.04976969,hpO: Berufsvereinigung für heilkundlich praktizierte Osteopathie e.V.,Timely book tells the CRISPR story so far.
563ftqw3,b17a2l83,-0.049761962,hpO: Berufsvereinigung für heilkundlich praktizierte Osteopathie e.V.,Academic Games as a Form of Increasing Student Engagement in Remote Teaching
563ftqw3,gsfniskf,-0.049755223,hpO: Berufsvereinigung für heilkundlich praktizierte Osteopathie e.V.,COVID-19 learning concerning financial planning importance and household accounting
tq9k1kj8,fnhqcpru,-0.049736254,Perceptions of Teachers in Training on Water Issues and Their Relationship to the SDGs,COVID-19 – (k)eine Zumutung?!
ye7fqh6a,qm3wwcgx,-0.049712658,Jetzt anmelden!,Do patients’ characteristics influence their healthcare concerns?—A hospital care survey
563ftqw3,pwjkl5kt,-0.04969912,hpO: Berufsvereinigung für heilkundlich praktizierte Osteopathie e.V.,"COVID‐19 and Management Education: Reflections on Challenges, Opportunities, and Potential Futures"
563ftqw3,fb4y86tz,-0.049698003,hpO: Berufsvereinigung für heilkundlich praktizierte Osteopathie e.V.,Long Term Implications of Covid-19 Around the Globe
563ftqw3,o976c8h0,-0.049692586,hpO: Berufsvereinigung für heilkundlich praktizierte Osteopathie e.V.,Unexpected Learning Opportunities for Nursing Students
wwie0iem,ih0z0ohw,-0.049681216,Allergikern Ängste nehmen,Expression profile and promoter analysis of HEPIS.
wwie0iem,u0x5odh1,-0.04967232,Allergikern Ängste nehmen,Covid 19 – observations and speculations – a trend analysis
563ftqw3,jnys4kjp,-0.049653847,hpO: Berufsvereinigung für heilkundlich praktizierte Osteopathie e.V.,Food safety lessons learned from the COVID-19 pandemic
ye7fqh6a,tzlxsa6d,-0.04965145,Jetzt anmelden!,Characteristics and outcomes of COVID-19 patients with fungal infections
ye7fqh6a,5oy6g7r5,-0.049649775,Jetzt anmelden!,Football Worlds: business and networks during COVID-19
563ftqw3,gk68hr1n,-0.04963668,hpO: Berufsvereinigung für heilkundlich praktizierte Osteopathie e.V.,Prepared for Anything
egkvbqhd,5tdcvfaz,-0.049631584,Alles sauber?,Chapter 4. Concluding Observations and Resources
s86t1am9,0c2omvxl,-0.049584504,Courses and Conferences.,Verantwortung braucht Freiheit
563ftqw3,iq0bytd3,-0.04955735,hpO: Berufsvereinigung für heilkundlich praktizierte Osteopathie e.V.,Learning to treat covid-19
563ftqw3,9omrusu2,-0.04955114,hpO: Berufsvereinigung für heilkundlich praktizierte Osteopathie e.V.,Providing excellent care to older adults in long-term care.
wwie0iem,qof6ka0g,-0.0495477,Allergikern Ängste nehmen,Second RCVS survey shows positive trends.
wwie0iem,ln1bo043,-0.049542747,Allergikern Ängste nehmen,Rumors clarification with minimum credibility in social networks
563ftqw3,mwioqpkh,-0.049513042,hpO: Berufsvereinigung für heilkundlich praktizierte Osteopathie e.V.,Legislation on Disability and Employment: To What Extent Are Employment Rights Guaranteed for Persons with Disabilities?
ye7fqh6a,86lynlxn,-0.049511906,Jetzt anmelden!,Coronaviruses in the Limelight
fsl880ul,fnhqcpru,-0.04947965,Covid-19 and Healthcare Workers.,COVID-19 – (k)eine Zumutung?!
563ftqw3,yoomc96m,-0.049462225,hpO: Berufsvereinigung für heilkundlich praktizierte Osteopathie e.V.,"Virtual On Treatment Visits: Implementation, Patient Perspectives, Barriers, Limitations, Benefits and Opportunities"
563ftqw3,98ozn4bm,-0.049443368,hpO: Berufsvereinigung für heilkundlich praktizierte Osteopathie e.V.,COVID-19 vaccination expanded for people with learning disabilities
563ftqw3,q82iue4r,-0.04943941,hpO: Berufsvereinigung für heilkundlich praktizierte Osteopathie e.V.,The rights of children with disabilities during armed conflict.
563ftqw3,mshwqnu5,-0.04943506,hpO: Berufsvereinigung für heilkundlich praktizierte Osteopathie e.V.,"Play it again, this time with meaning"
563ftqw3,w52y1fx9,-0.04943008,hpO: Berufsvereinigung für heilkundlich praktizierte Osteopathie e.V.,The Impact of COVID‐19 on Weather Forecasts: A Balanced View
563ftqw3,aly533by,-0.04942466,hpO: Berufsvereinigung für heilkundlich praktizierte Osteopathie e.V.,Lessons Learned From the COVID-19 Pandemic as Experienced by Older Adults Treated for COVID-19
563ftqw3,qihsv8hh,-0.049420957,hpO: Berufsvereinigung für heilkundlich praktizierte Osteopathie e.V.,Smart Approaches to Food Waste Final Disposal.
563ftqw3,x8elw4vu,-0.049419805,hpO: Berufsvereinigung für heilkundlich praktizierte Osteopathie e.V.,Setting the Limits of Consultations.
563ftqw3,v10pr17o,-0.049419608,hpO: Berufsvereinigung für heilkundlich praktizierte Osteopathie e.V.,Celebrations and opportunities in the midst of change
563ftqw3,g3f2a02m,-0.049405027,hpO: Berufsvereinigung für heilkundlich praktizierte Osteopathie e.V.,Sustainable Development Goals (SDGs) and Pandemic Planning
aw8p35c5,igk0ncq4,-0.04936154,Adenoviruses as vaccine vectors,Mehr Impfschutz für Herzkranke
563ftqw3,wr2xysep,-0.049356658,hpO: Berufsvereinigung für heilkundlich praktizierte Osteopathie e.V.,Lessons Learned from the COVID-19 Crisis: Adjusting Assessment Approaches within Introductory Organic Courses
563ftqw3,oanlymb3,-0.04934044,hpO: Berufsvereinigung für heilkundlich praktizierte Osteopathie e.V.,A Comprehensive Review on Smart Grids: Challenges and Opportunities.
563ftqw3,aqmd55m8,-0.049339544,hpO: Berufsvereinigung für heilkundlich praktizierte Osteopathie e.V.,Competitive Golf: How Longer Courses Are Changing Athletes and Their Approach to the Game.
wwie0iem,wm0fn77m,-0.049289398,Allergikern Ängste nehmen,News about COVID-19
563ftqw3,0bufwlg3,-0.04928141,hpO: Berufsvereinigung für heilkundlich praktizierte Osteopathie e.V.,The Longer‐Term Impact of COVID‐19 on K–12 Student Learning and Assessment
563ftqw3,1es9aa8b,-0.049280066,hpO: Berufsvereinigung für heilkundlich praktizierte Osteopathie e.V.,Impact of Remedsiver on outcome of hospitalized COVID-19 patients
563ftqw3,1bokykrt,-0.049259443,hpO: Berufsvereinigung für heilkundlich praktizierte Osteopathie e.V.,Time to Rethink: Educating for a Technology-Transformed World
5o7m935w,v5u2nth8,-0.049258396,Confronting the reality of COVID.,Mobilität erhalten - Immobilität vorbeugen
wwie0iem,4edfxmzr,-0.049253687,Allergikern Ängste nehmen,Reflection: Spirituality during COVID-19
wug3v0ji,xmb4eywi,-0.049251094,Highlights of the May issue,"Strategieentwicklung ""einfach"" machen"
563ftqw3,bz74pt9n,-0.049232252,hpO: Berufsvereinigung für heilkundlich praktizierte Osteopathie e.V.,Access-to-Care and Conscience: Conflicting or Coherent?
4kulb2nx,fnhqcpru,-0.04922764,The transmission of psychological distress and lifestyles from parents to children during COVID-19,COVID-19 – (k)eine Zumutung?!
563ftqw3,xjt6yzhi,-0.04921746,hpO: Berufsvereinigung für heilkundlich praktizierte Osteopathie e.V.,The impact of COVID-19 in pregnancy: Part I. Clinical presentations and untoward outcomes of pregnant women with COVID-19.
ye7fqh6a,33alavtn,-0.049196582,Jetzt anmelden!,Performances of clinical characteristics and radiological findings in identifying COVID-19 from suspected cases
563ftqw3,n5bp8bou,-0.049185425,hpO: Berufsvereinigung für heilkundlich praktizierte Osteopathie e.V.,An Interdisciplinary Home-Based Medical Care Program to Reach Homebound Adults Living With Dementia
563ftqw3,my5adpyf,-0.049179584,hpO: Berufsvereinigung für heilkundlich praktizierte Osteopathie e.V.,Parent decision-making regarding youth sport participation during the COVID-19 pandemic
563ftqw3,nxm6f3xx,-0.04917006,hpO: Berufsvereinigung für heilkundlich praktizierte Osteopathie e.V.,Teaching Programming for Mathematical Scientists
563ftqw3,rowiu1x5,-0.04916972,hpO: Berufsvereinigung für heilkundlich praktizierte Osteopathie e.V.,IHPBA: the first 25 years.
563ftqw3,3z042gnr,-0.049160507,hpO: Berufsvereinigung für heilkundlich praktizierte Osteopathie e.V.,Reclaiming or rebranding marketing: implications beyond digital
ye7fqh6a,vtya2j67,-0.049160246,Jetzt anmelden!,H1N1 influenza: critical care aspects.
563ftqw3,mfsxxti6,-0.049142323,hpO: Berufsvereinigung für heilkundlich praktizierte Osteopathie e.V.,The future is now.
563ftqw3,sr1hcqq6,-0.04914204,hpO: Berufsvereinigung für heilkundlich praktizierte Osteopathie e.V.,Gaming in the Time of COVID-19
wwie0iem,owqupyf1,-0.04909917,Allergikern Ängste nehmen,On the Role of Images for Analyzing Claims in Social Media
yrcbqi3j,fnhqcpru,-0.049063843,"Contacts of healthcare workers, patients and visitors in general wards in Singapore.",COVID-19 – (k)eine Zumutung?!
563ftqw3,mja4ac2v,-0.049047247,hpO: Berufsvereinigung für heilkundlich praktizierte Osteopathie e.V.,Science and evidence: separating fact from fiction.
563ftqw3,6omjdi19,-0.0490451,hpO: Berufsvereinigung für heilkundlich praktizierte Osteopathie e.V.,"Virtual care: The future, but to what extent?"
i9x5edoc,xmb4eywi,-0.049023777,Current Developments,"Strategieentwicklung ""einfach"" machen"
563ftqw3,ibnk3v0y,-0.049013793,hpO: Berufsvereinigung für heilkundlich praktizierte Osteopathie e.V.,Book Review: Covid-19
563ftqw3,0fy6ls5r,-0.04898645,hpO: Berufsvereinigung für heilkundlich praktizierte Osteopathie e.V.,Living in Interesting Times
inoelxh8,fnhqcpru,-0.04897819,The Powerlessness of Families.,COVID-19 – (k)eine Zumutung?!
f836hjhr,fnhqcpru,-0.048972186,Lay beliefs about scientists' relations with their employers.,COVID-19 – (k)eine Zumutung?!
563ftqw3,afq5d67f,-0.048971243,hpO: Berufsvereinigung für heilkundlich praktizierte Osteopathie e.V.,“Be perfect in every respect”: the mediating role of career adaptability in the relationship between perfectionism and career decision-making difficulties of college students
c7pycoi6,dlwdrs37,-0.04896578,Gesellschaft für Toxikologische Pathologie,While We Wait
118w4k85,dlwdrs37,-0.04896578,Österreichische Kardiologische Gesellschaft Jahrestagung 2020,While We Wait
ye7fqh6a,acs7czcs,-0.04896361,Jetzt anmelden!,Attitudes of Communities in Rural Areas towards the Development of Wind Energy
563ftqw3,75xhfyn6,-0.048956033,hpO: Berufsvereinigung für heilkundlich praktizierte Osteopathie e.V.,What Is the Future of Healthcare?
rle421d3,fnhqcpru,-0.048941664,[DISEASES OF THE NEWBORN].,COVID-19 – (k)eine Zumutung?!
33alavtn,fnhqcpru,-0.04890524,Performances of clinical characteristics and radiological findings in identifying COVID-19 from suspected cases,COVID-19 – (k)eine Zumutung?!
563ftqw3,xlii4cnq,-0.0488542,hpO: Berufsvereinigung für heilkundlich praktizierte Osteopathie e.V.,Remote Orthopaedic Clinics during COVID-19: Lessons for a Sustainable Future
wwie0iem,qvemq0r4,-0.04883422,Allergikern Ängste nehmen,NOTICES OF RECENT PUBLICATIONS
ye7fqh6a,6peibscl,-0.04882225,Jetzt anmelden!,Clinical characteristics of 50 cases of suspected COVID-19 in Nanning
563ftqw3,drtwtnez,-0.04881381,hpO: Berufsvereinigung für heilkundlich praktizierte Osteopathie e.V.,"Impact of the COVID-19 pandemic on substance use among adults without children, parents, and adolescents"
ye7fqh6a,p850w5eu,-0.048794676,Jetzt anmelden!,Factors Predicting the Scientific Wealth of Nations
eej8qb9t,zg3ghl2m,-0.048747484,Acknowledgement to Referees.,COVID-19 – eine neue und vielseitige Herausforderung
l3yvi2jg,g5cqc2iy,-0.048744246,"411 Mrd. €, 11,9 %",Looking beyond the narrative
563ftqw3,fky1v5vx,-0.048721287,hpO: Berufsvereinigung für heilkundlich praktizierte Osteopathie e.V.,Emerging from the COVID-19 pandemic: the numbers and lessons that will stay with us forever
563ftqw3,mizzp4m5,-0.04868928,hpO: Berufsvereinigung für heilkundlich praktizierte Osteopathie e.V.,The Strategic Role of Design for Space
moeb0enb,fnhqcpru,-0.048672453,Curriculum Internistische Intensivmedizin,COVID-19 – (k)eine Zumutung?!
563ftqw3,2fyq52f4,-0.048671443,hpO: Berufsvereinigung für heilkundlich praktizierte Osteopathie e.V.,Narrative Matters: 'The third space' in adolescent and young adult fiction.
563ftqw3,0d2u23nv,-0.0486623,hpO: Berufsvereinigung für heilkundlich praktizierte Osteopathie e.V.,The Missing Pieces of the COVID‐19 Puzzle
563ftqw3,ig9t3brm,-0.0486623,hpO: Berufsvereinigung für heilkundlich praktizierte Osteopathie e.V.,The Missing Pieces of the COVID-19 Puzzle
ye7fqh6a,sxawqlco,-0.048634995,Jetzt anmelden!,Antimicrobials from animals
563ftqw3,a89lzak4,-0.04861799,hpO: Berufsvereinigung für heilkundlich praktizierte Osteopathie e.V.,By Way of Conclusion: The Present Crisis and the Religions of the Future
563ftqw3,zu3bk87a,-0.04856966,hpO: Berufsvereinigung für heilkundlich praktizierte Osteopathie e.V.,"Mobilising a workforce to combat COVID-19: An account, reflections, and lessons learned"
be9oz21r,wwie0iem,-0.048568405,Error in Key Points and Omission of Collaborators in Article Information,Allergikern Ängste nehmen
ye7fqh6a,xj8wkhej,-0.04854928,Jetzt anmelden!,Racial Differences and In-Hospital Outcomes Among Hospitalized Patients with COVID-19
563ftqw3,ux67e68c,-0.048548188,hpO: Berufsvereinigung für heilkundlich praktizierte Osteopathie e.V.,Editorial: Discipline and training.
o49uclco,omflepy8,-0.048542712,Keine zusätzliche Gefahr für Allergiker,Priority Areas for Public Administration in the Field of Culture and Leisure
563ftqw3,pl56tsqc,-0.048539985,hpO: Berufsvereinigung für heilkundlich praktizierte Osteopathie e.V.,How challenges made us stronger
563ftqw3,lbmxfhiv,-0.04852857,hpO: Berufsvereinigung für heilkundlich praktizierte Osteopathie e.V.,Hand Hygiene: A Frequently Missed Lifesaving Opportunity During Patient Care
563ftqw3,pnzxa96f,-0.048523888,hpO: Berufsvereinigung für heilkundlich praktizierte Osteopathie e.V.,The Concept of Shared Value in Ensuring Territories Inclusive Development
8qvdub9y,l3yvi2jg,-0.04852232,P-ODN: Prototype based Open Deep Network for Open Set Recognition,"411 Mrd. €, 11,9 %"
wpuujmjx,fnhqcpru,-0.04852137,"Assessing Mental Health Apps Marketplaces with Objective Metrics from 29,190 Data Points from 278 Apps.",COVID-19 – (k)eine Zumutung?!
563ftqw3,xsbvoufo,-0.04850017,hpO: Berufsvereinigung für heilkundlich praktizierte Osteopathie e.V.,Infrastructure investment must incorporate Nature’s lessons in a rapidly changing world
563ftqw3,bm9yzfsu,-0.048495624,hpO: Berufsvereinigung für heilkundlich praktizierte Osteopathie e.V.,“COVID-19 and its Impact on GSJ & the Publishing Industry”
563ftqw3,fieb5dut,-0.048466153,hpO: Berufsvereinigung für heilkundlich praktizierte Osteopathie e.V.,"Enhancing Memorable Experiences, Tourist Satisfaction, and Revisit Intention through Smart Tourism Technologies"
ye7fqh6a,0ctsanxk,-0.048458688,Jetzt anmelden!,Providing Postpartum Care to Patients in COVID-19 Wards
fq62bevu,fnhqcpru,-0.0484215,COVID‐19 Vaccines,COVID-19 – (k)eine Zumutung?!
6uvcx4oy,fnhqcpru,-0.0484215,Vaccines of Covid-19,COVID-19 – (k)eine Zumutung?!
563ftqw3,4hcxyd24,-0.048384506,hpO: Berufsvereinigung für heilkundlich praktizierte Osteopathie e.V.,Learning as an Important Privilege: A Life Span Perspective with Implications for Successful Aging
563ftqw3,c9o7m9ci,-0.04837223,hpO: Berufsvereinigung für heilkundlich praktizierte Osteopathie e.V.,A Sports Practitioner’s Perspective on the Return to Play During the Early Months of the COVID-19 Pandemic: Lessons Learned and Next Steps
14oqniwl,563ftqw3,-0.04835731,Looking Beyond the COVID-19 Pandemic: What Does Our Future Hold?,hpO: Berufsvereinigung für heilkundlich praktizierte Osteopathie e.V.
rwnp2fh5,fnhqcpru,-0.048345365,Audiovestibular symptoms and sequelae in COVID-19 patients.,COVID-19 – (k)eine Zumutung?!
wwie0iem,ytuhhiwf,-0.048321918,Allergikern Ängste nehmen,Perspectives: Research for all.
wwie0iem,3issfqqa,-0.048289347,Allergikern Ängste nehmen,International Sharing of the Remote Laboratory NetLab
fnhqcpru,l0fcmd1n,-0.04828864,COVID-19 – (k)eine Zumutung?!,HOTELS' COVID-19 innovation and performance
563ftqw3,kikguo1u,-0.04826166,hpO: Berufsvereinigung für heilkundlich praktizierte Osteopathie e.V.,2019 impact factor: Special announcement.
ye7fqh6a,y1re2n97,-0.04821325,Jetzt anmelden!,Business
563ftqw3,b4vv3sob,-0.048168544,hpO: Berufsvereinigung für heilkundlich praktizierte Osteopathie e.V.,"Perspectives, Challenges, and Opportunities: The Pandemic Teaching Experiences in Science Courses"
wwie0iem,jrkt1kvi,-0.04813974,Allergikern Ängste nehmen,Conflict of interest disclosures.
9wcz7i7h,l3yvi2jg,-0.04811185,20/20 Vision.,"411 Mrd. €, 11,9 %"
o49uclco,moeb0enb,-0.04809655,Keine zusätzliche Gefahr für Allergiker,Curriculum Internistische Intensivmedizin
563ftqw3,x0gqvoyc,-0.048092283,hpO: Berufsvereinigung für heilkundlich praktizierte Osteopathie e.V.,Planned home birth assistance: challenges during the COVID-19 pandemic
563ftqw3,bxpmxvkk,-0.04809028,hpO: Berufsvereinigung für heilkundlich praktizierte Osteopathie e.V.,A Moment in Time: Leisure and the Manifestation of Purpose
563ftqw3,rkil0qdl,-0.048045926,hpO: Berufsvereinigung für heilkundlich praktizierte Osteopathie e.V.,Moving From In-Person to Telehealth Group Visits for a Mindful-Eating Healthy Nutrition Program
ewxeh9h8,8f2e9fxq,-0.04804311,Thinking about risk and vulnerability in CSMM,Onze hersenen: onze achtbaan
563ftqw3,da8wmanm,-0.048032828,hpO: Berufsvereinigung für heilkundlich praktizierte Osteopathie e.V.,Narrating Pandemics across Time and Space
563ftqw3,d8suzvkz,-0.048030496,hpO: Berufsvereinigung für heilkundlich praktizierte Osteopathie e.V.,8.C. Round table: Round table: COVID-19: What have we learned? What are the public health challenges?
0uxv9iqy,fnhqcpru,-0.048022002,Sources of healthcare workers' COVID‑19 infections and related safety guidelines.,COVID-19 – (k)eine Zumutung?!
8ts6v22g,e97bazt5,-0.048010826,"""Was bleibt? - Was kommt?"": Ausblick auf den VSOU 2022","Covid, Colleges, and Classes"
xime83oq,fnhqcpru,-0.048010275,[Women as Leaders: Chances and Risks of the COVID-19 Pandemic],COVID-19 – (k)eine Zumutung?!
563ftqw3,jzh5wwwg,-0.04798372,hpO: Berufsvereinigung für heilkundlich praktizierte Osteopathie e.V.,Designing Conversational Robots with Children during the Pandemic
563ftqw3,llrunceu,-0.04797449,hpO: Berufsvereinigung für heilkundlich praktizierte Osteopathie e.V.,A brief history of medical uniforms: from ancient history to the COVID-19 time
563ftqw3,uyvf5rep,-0.04796857,hpO: Berufsvereinigung für heilkundlich praktizierte Osteopathie e.V.,The Economics of Walking About and Predicting Unemployment
563ftqw3,r5myvtui,-0.047955446,hpO: Berufsvereinigung für heilkundlich praktizierte Osteopathie e.V.,Harnessing Globalization: An Everlasting Challenge
563ftqw3,8mybh6zn,-0.047943868,hpO: Berufsvereinigung für heilkundlich praktizierte Osteopathie e.V.,One Year of COVID-19: Lessons Learned in a Hand Trauma Center
4rn7vhpk,fnhqcpru,-0.047943857,Biosafety Guidelines for COVID-19 Specimens in Biobanks,COVID-19 – (k)eine Zumutung?!
5g9ey035,fnhqcpru,-0.04793458,COVID generation of residents,COVID-19 – (k)eine Zumutung?!
563ftqw3,st0arsr7,-0.047932155,hpO: Berufsvereinigung für heilkundlich praktizierte Osteopathie e.V.,Love in the age of COVID-19
563ftqw3,wiwzstlf,-0.047922056,hpO: Berufsvereinigung für heilkundlich praktizierte Osteopathie e.V.,"Four Women, One Evening."
97u1uvpc,fnhqcpru,-0.04789912,COVID-19 in adults with dementia: clinical features and risk factors of mortality—a clinical cohort study on 125 patients,COVID-19 – (k)eine Zumutung?!
563ftqw3,4bunno0p,-0.04789491,hpO: Berufsvereinigung für heilkundlich praktizierte Osteopathie e.V.,The Challenges and Rewards of Teledentistry
563ftqw3,7pr0uodt,-0.0478942,hpO: Berufsvereinigung für heilkundlich praktizierte Osteopathie e.V.,Management in times of crisis: Can collective plans prepare teams to make and implement good decisions?
563ftqw3,torymthk,-0.047886077,hpO: Berufsvereinigung für heilkundlich praktizierte Osteopathie e.V.,Decision Making Dynamics in the Defense Industry during Work from Home Circumstances
563ftqw3,gf18liqe,-0.047879532,hpO: Berufsvereinigung für heilkundlich praktizierte Osteopathie e.V.,"Physical Activity in Children, Women and the Elderly People: Covid 19 Process"
563ftqw3,vx8equqs,-0.047867004,hpO: Berufsvereinigung für heilkundlich praktizierte Osteopathie e.V.,Providing beds for children
bgmvn8kb,xmb4eywi,-0.04784668,Newborns at risk of COVID-19,"Strategieentwicklung ""einfach"" machen"
563ftqw3,fj6wc97d,-0.04782423,hpO: Berufsvereinigung für heilkundlich praktizierte Osteopathie e.V.,Parents on the front lines of COVID-19 face tough choices
563ftqw3,rehd13dm,-0.047820285,hpO: Berufsvereinigung für heilkundlich praktizierte Osteopathie e.V.,Perspectives on team communication challenges in caring for children with medical complexity
27e68fwy,fnhqcpru,-0.047790334,Clinic in the times of COVID19,COVID-19 – (k)eine Zumutung?!
563ftqw3,psfbe6b6,-0.047774725,hpO: Berufsvereinigung für heilkundlich praktizierte Osteopathie e.V.,Helping Ambivalent Patients Make Healthy Decision About COVID-19.
563ftqw3,fspj52xm,-0.04775748,hpO: Berufsvereinigung für heilkundlich praktizierte Osteopathie e.V.,Teaching Pharmacy Students and Residents Patient-Centered Care Through Interviewing Veterans.
563ftqw3,k0c2aq76,-0.047701687,hpO: Berufsvereinigung für heilkundlich praktizierte Osteopathie e.V.,"Next generation of chemistry and biochemistry conference posters: Animation, augmented reality, visitor statistics, and visitors' attention."
563ftqw3,qox1tndg,-0.047692366,hpO: Berufsvereinigung für heilkundlich praktizierte Osteopathie e.V.,Adapting Student Teaching during the COVID-19 Pandemic: A Comparison of Perspectives and Experiences
o85b3q0b,pq6tintr,-0.047682174,Questions and answers,Zorgvuldig en verantwoord handelen in de basiszorg
rprjmckz,fnhqcpru,-0.047649596,Discriminating performance profiles of cycling disciplines,COVID-19 – (k)eine Zumutung?!
eubr78tt,fnhqcpru,-0.04763202,News and insights,COVID-19 – (k)eine Zumutung?!
ye7fqh6a,hh2pqur3,-0.047630105,Jetzt anmelden!,Gender Differences in the Presentation and Outcomes of Hospitalized Patients With COVID-19
z788jisl,fnhqcpru,-0.04760585,Administrative contracts in times of COVID-19,COVID-19 – (k)eine Zumutung?!
7kt3imkw,fnhqcpru,-0.047565877,Covid-19 and Kidneys,COVID-19 – (k)eine Zumutung?!
wwie0iem,zfjzixe6,-0.0475646,Allergikern Ängste nehmen,Cities and communities beyond COVID-19
563ftqw3,nope5cmb,-0.04756087,hpO: Berufsvereinigung für heilkundlich praktizierte Osteopathie e.V.,Hands-on horticulture: Lessons learned teaching online experiential horticulture during COVID-19
563ftqw3,tomd2zqs,-0.047551684,hpO: Berufsvereinigung für heilkundlich praktizierte Osteopathie e.V.,Scenes from the Class Struggle in Picture Books: Depictions of Housing and Home in Books for Young Children
563ftqw3,4281veeh,-0.047511477,hpO: Berufsvereinigung für heilkundlich praktizierte Osteopathie e.V.,Having confidence in delivering information on Covid-19
563ftqw3,tmk2c9eh,-0.04749664,hpO: Berufsvereinigung für heilkundlich praktizierte Osteopathie e.V.,"Neurosurgery Residents Perspective on the COVID-19: Knowledge, Readiness, and Impact of this Pandemic."
lmscgxz8,fnhqcpru,-0.047487576,Lab leaks? . . . and other stories,COVID-19 – (k)eine Zumutung?!
wwie0iem,8wrctok7,-0.047458433,Allergikern Ängste nehmen,MMWR summary: COVID-19 reports
wwie0iem,xrog71lf,-0.047439333,Allergikern Ängste nehmen,"Editor's Notes: Key Success Factors in Strengthening and Supporting Institutionwide Goals for Learning: Key Success Factor #2, Professional Development"
563ftqw3,8jdm5kxo,-0.04741537,hpO: Berufsvereinigung für heilkundlich praktizierte Osteopathie e.V.,Home advantage revisited. did COVID level the playing fields?
563ftqw3,5mlrtke7,-0.047409598,hpO: Berufsvereinigung für heilkundlich praktizierte Osteopathie e.V.,A resolution record for cryoEM.
zn0iorvs,gdqv1q45,-0.047401406,[Two years of Covid],Komplexe Gerinnungsstörungen
afdraqzw,fnhqcpru,-0.0474006,COVID-19 in a cohort of pregnant women and their descendants. Cohort profile in the MOACC-19 study,COVID-19 – (k)eine Zumutung?!
563ftqw3,hvdm23q9,-0.047383938,hpO: Berufsvereinigung für heilkundlich praktizierte Osteopathie e.V.,The COVID-19 pandemic challenges the future.
563ftqw3,4h8g1rym,-0.047376957,hpO: Berufsvereinigung für heilkundlich praktizierte Osteopathie e.V.,Debt and climate: entangled emergencies derailing women’s rights and gender justice
563ftqw3,dmr57e3q,-0.04737638,hpO: Berufsvereinigung für heilkundlich praktizierte Osteopathie e.V.,"Living through a pandemic – A time for clarity, courage and truth"
ye7fqh6a,yj0to68r,-0.04736311,Jetzt anmelden!,Outcomes for Patients Following Hospitalization for COVID-19
563ftqw3,onvf4o0n,-0.047362812,hpO: Berufsvereinigung für heilkundlich praktizierte Osteopathie e.V.,Long COVID - One Year On
563ftqw3,onk6s3jh,-0.047356106,hpO: Berufsvereinigung für heilkundlich praktizierte Osteopathie e.V.,Origins and Ownership of Remdesivir: Implications for Pricing
tkaoe000,fnhqcpru,-0.04735575,"[COVID-19, vaccines, and thrombotic events].",COVID-19 – (k)eine Zumutung?!
563ftqw3,83p9qzkh,-0.04732322,hpO: Berufsvereinigung für heilkundlich praktizierte Osteopathie e.V.,Demonstrating the vital role of physiatry throughout the health care continuum: Lessons learned from impacts of the COVID‐19 pandemic on the disability community
azu8l317,fnhqcpru,-0.0473036,COVID-19 and the Pakhtun pregnant women,COVID-19 – (k)eine Zumutung?!
b6qpx8bb,fnhqcpru,-0.047300197,"Statistical Issues and Challenges in Clinical Trials for COVID-19 Treatments, Vaccines, Medical Devices and Diagnostics",COVID-19 – (k)eine Zumutung?!
563ftqw3,lvp76g96,-0.047268495,hpO: Berufsvereinigung für heilkundlich praktizierte Osteopathie e.V.,Remote Electronic Engineering Teaching during Lockdown: Lessons Learned
aocpkdn1,e66s7chx,-0.047259808,Acknowledgment to reviewers—2021,In Bewegung bleiben
563ftqw3,jfuw8jac,-0.04725368,hpO: Berufsvereinigung für heilkundlich praktizierte Osteopathie e.V.,Covid-19: What counts in a Crisis - About Philosophy in Real Time
563ftqw3,5g5v1uss,-0.047248278,hpO: Berufsvereinigung für heilkundlich praktizierte Osteopathie e.V.,Blackness as Fighting Words
563ftqw3,jpkmum4d,-0.047219705,hpO: Berufsvereinigung für heilkundlich praktizierte Osteopathie e.V.,Advertising and COVID-19
gvccf8kn,xmb4eywi,-0.047200292,Clinical Manifestations of COVID-19.,"Strategieentwicklung ""einfach"" machen"
563ftqw3,taylx8ax,-0.047190133,hpO: Berufsvereinigung für heilkundlich praktizierte Osteopathie e.V.,ESICM LIVES 2020
1w677dta,4xfipd3x,-0.04718929,Bundesweites Belastungsmodell für Intensivstationen durch COVID-19,Superspreading genomes.
1w677dta,cm345pyo,-0.04718929,Bundesweites Belastungsmodell für Intensivstationen durch COVID-19,Superspreading genomes
563ftqw3,31f3s2qo,-0.047187146,hpO: Berufsvereinigung für heilkundlich praktizierte Osteopathie e.V.,Devastatingly beautiful
563ftqw3,6w4ax1xj,-0.04717105,hpO: Berufsvereinigung für heilkundlich praktizierte Osteopathie e.V.,Suffering and end-of-life decision making.
563ftqw3,uefgdk8f,-0.04716267,hpO: Berufsvereinigung für heilkundlich praktizierte Osteopathie e.V.,Epidemiology: Grappling with the Concept
ye7fqh6a,avzexn4b,-0.047138102,Jetzt anmelden!,"Public knowledge, attitudes and practices towards COVID-19"
563ftqw3,7eqydt99,-0.04712021,hpO: Berufsvereinigung für heilkundlich praktizierte Osteopathie e.V.,Factors Affecting Young Adults’ Decision Making to Undergo COVID-19 Vaccination: A Patient Preference Study
ye7fqh6a,wdw2pj9g,-0.047110494,Jetzt anmelden!,CEACAM1 recognition by bacterial pathogens is species-specific
563ftqw3,7i700att,-0.04710993,hpO: Berufsvereinigung für heilkundlich praktizierte Osteopathie e.V.,Virtual surface acting in workplace interactions: Choosing the best technology to fit the task
563ftqw3,tgxarqfj,-0.04710622,hpO: Berufsvereinigung für heilkundlich praktizierte Osteopathie e.V.,COVID-19 and tourism: What can we learn from the past?
ye7fqh6a,i01pdngb,-0.04708219,Jetzt anmelden!,Chapter 9 Pathogenic agents
gfy7bzfi,wwie0iem,-0.04706508,News from academia: Biotechnoloy Journal 3/2007,Allergikern Ängste nehmen
df11ovar,d6su39tw,-0.047063116,Hints of hope with remdesivir,Erfolgreiche Behandlung eines drittgradigen Pleuraempyems infolge einer COVID-19-Infektion
563ftqw3,2pc094k1,-0.047061663,hpO: Berufsvereinigung für heilkundlich praktizierte Osteopathie e.V.,Shaping medical education and training for an ever-changing workforce.
wwie0iem,4f2o4kpz,-0.047051523,Allergikern Ängste nehmen,APICURON: a database to credit and acknowledge the work of biocurators
563ftqw3,pxrkvi8i,-0.0470485,hpO: Berufsvereinigung für heilkundlich praktizierte Osteopathie e.V.,Acceptance and forgiveness contribution to resilience of student's affected by Covid-19
563ftqw3,4num5e4w,-0.047043614,hpO: Berufsvereinigung für heilkundlich praktizierte Osteopathie e.V.,Reflections on a Verbatim Approach to Staging Age
563ftqw3,8doph45w,-0.04703692,hpO: Berufsvereinigung für heilkundlich praktizierte Osteopathie e.V.,COVID-19 is here to stay: How to teach protection
wwie0iem,n0oc62t2,-0.047017176,Allergikern Ängste nehmen,"Haloferax volcanii for biotechnology applications: challenges, current state and perspectives"
ye7fqh6a,nt70adya,-0.046976727,Jetzt anmelden!,Learnings from critical care on COVID-19
563ftqw3,6mqy70dp,-0.04696935,hpO: Berufsvereinigung für heilkundlich praktizierte Osteopathie e.V.,Investigating Rhetorical Aspects of Writing Argumentative Essays and Persuasive Posters: Students' Perspective
olmein3q,ye7fqh6a,-0.04694251,Bats and Coronaviruses,Jetzt anmelden!
ye7fqh6a,5d3546nd,-0.04694251,Jetzt anmelden!,Coronaviruses in Bats
563ftqw3,wxn5jwt4,-0.046934485,hpO: Berufsvereinigung für heilkundlich praktizierte Osteopathie e.V.,Seeking a better future
l3yvi2jg,0thf40g5,-0.04692021,"411 Mrd. €, 11,9 %",Taking back vacant property
6vxmj9uo,l3yvi2jg,-0.046909623,Fresh evidence of the scale and scope of long covid.,"411 Mrd. €, 11,9 %"
l3yvi2jg,7y4aikax,-0.046909623,"411 Mrd. €, 11,9 %",Fresh evidence of the scale and scope of long covid
563ftqw3,0zdn966b,-0.046878204,hpO: Berufsvereinigung für heilkundlich praktizierte Osteopathie e.V.,At the frontier of teaching and practice: Relevant issues for nontraditional undergraduate I-O psychology
563ftqw3,oy33svky,-0.046857107,hpO: Berufsvereinigung für heilkundlich praktizierte Osteopathie e.V.,Workplace justice and intention to leave the nursing profession.
bdds4kaj,ozyazewv,-0.046842653,"Breastfeeding and COVID-19, 20 May 2020",Zertifizierungen von EndoCert: in Zeiten von COVID-19
9dy2gfs6,ozyazewv,-0.046842653,Breastfeeding and COVID-19.,Zertifizierungen von EndoCert: in Zeiten von COVID-19
563ftqw3,ryvzv8dw,-0.046842504,hpO: Berufsvereinigung für heilkundlich praktizierte Osteopathie e.V.,Is my employee still attracted to me? Understanding the impact of integrated communication and choice of communication channels on employee attraction
563ftqw3,73g5irog,-0.046833023,hpO: Berufsvereinigung für heilkundlich praktizierte Osteopathie e.V.,Beyond COVID‐19: Five commentaries on reimagining governance for future crises and resilience
563ftqw3,ylscxogb,-0.04683107,hpO: Berufsvereinigung für heilkundlich praktizierte Osteopathie e.V.,Individualized learning in a course with a tight schedule
7kt3imkw,igk0ncq4,-0.04682236,Covid-19 and Kidneys,Mehr Impfschutz für Herzkranke
563ftqw3,azggzdnd,-0.046812955,hpO: Berufsvereinigung für heilkundlich praktizierte Osteopathie e.V.,A Free and Fair Economy: A Game of Justice and Inclusion
563ftqw3,0kphcow9,-0.046788298,hpO: Berufsvereinigung für heilkundlich praktizierte Osteopathie e.V.,Conditions and Potential for Remote Student Teaching
p6usna7z,fnhqcpru,-0.04677128,Colonoscopy in the over 75s . . . and other stories,COVID-19 – (k)eine Zumutung?!
563ftqw3,md060bk9,-0.046757646,hpO: Berufsvereinigung für heilkundlich praktizierte Osteopathie e.V.,Exploring the impact of COVID-19 on the willingness of older adults to participate in physiology research: views from past and potential volunteers.
563ftqw3,r4lxowty,-0.04674451,hpO: Berufsvereinigung für heilkundlich praktizierte Osteopathie e.V.,The University as Meeting Place
563ftqw3,8mv2ov01,-0.046742033,hpO: Berufsvereinigung für heilkundlich praktizierte Osteopathie e.V.,Stay-at-Home Orders and the Willingness to Stay Home During the COVID-19 Pandemic: A Stated-Preference Discrete Choice Experiment (preprint)
ye7fqh6a,phyl4sfa,-0.046730235,Jetzt anmelden!,Nursing actions in human milk banks in times of COVID-19.
wwie0iem,rx1zmajl,-0.046724837,Allergikern Ängste nehmen,Calculate the COVID-19 Equation With the People’s Energy as Key Variable
wwie0iem,84zvrddq,-0.046724837,Allergikern Ängste nehmen,Calculate the COVID-19 Equation With People's Energy as a Key Variable
gbdsypsr,fnhqcpru,-0.046707317,"The introduction of registered undergraduate students of midwifery in a tertiary hospital: Experiences of staff, supervisors, and women",COVID-19 – (k)eine Zumutung?!
l3yvi2jg,ynx4yplf,-0.04670592,"411 Mrd. €, 11,9 %",Framework for Sustainable Recovery of Tourism in Protected Areas
wwie0iem,2tr2jfew,-0.046702757,Allergikern Ängste nehmen,Political and structural elements influencing the credibility of news on social networking sites
563ftqw3,4ov20s2s,-0.04668843,hpO: Berufsvereinigung für heilkundlich praktizierte Osteopathie e.V.,"Emotional Justice as an antidote to loneliness: children's books, listening and connection"
563ftqw3,zeetbol2,-0.046676714,hpO: Berufsvereinigung für heilkundlich praktizierte Osteopathie e.V.,Professionalism in Family Planning Care Workshop
ye7fqh6a,knv5i1en,-0.04667365,Jetzt anmelden!,Labor issues and COVID-19
zuw8d3p5,fnhqcpru,-0.046672586,Recruiting and Retaining Dyads of Hospitalized Persons with Dementia and Family Caregivers.,COVID-19 – (k)eine Zumutung?!
1j5z5g00,xmb4eywi,-0.0466644,Individual risk evaluation for landslides: key details,"Strategieentwicklung ""einfach"" machen"
ha4624g4,fnhqcpru,-0.046655297,Challenges of COVID-19,COVID-19 – (k)eine Zumutung?!
l3yvi2jg,5172nhqx,-0.04665425,"411 Mrd. €, 11,9 %",Charting a sustainable course for batteries
ye7fqh6a,2oitj7yl,-0.046652947,Jetzt anmelden!,COVID-19 Healthcare Workers: 70% Are Women
wwie0iem,53r31qp5,-0.046632815,Allergikern Ängste nehmen,Molecular Insights into the Flavivirus Replication Complex
wwie0iem,pmzdovna,-0.04662566,Allergikern Ängste nehmen,"Politics, media and microbiologists"
ay37hhyi,wwie0iem,-0.04661655,Identifying features of source and message that influence the retweeting of health information on social media during the COVID-19 pandemic,Allergikern Ängste nehmen
3uaf2tle,z7tvt0i1,-0.046615794,COVID-19 and FIP,Informed consent
563ftqw3,m3lbfrcx,-0.04657899,hpO: Berufsvereinigung für heilkundlich praktizierte Osteopathie e.V.,Short-term outcomes of COVID-19 and risk factors for progression
2cjd12t9,eej8qb9t,-0.046576485,Welche Krebsarten am häufigsten diagnostiziert werden,Acknowledgement to Referees.
wwie0iem,08chmwfu,-0.046575177,Allergikern Ängste nehmen,Is clinical expertise a conflict of interest in research?
563ftqw3,4ksx11uc,-0.04656859,hpO: Berufsvereinigung für heilkundlich praktizierte Osteopathie e.V.,Blockchain’s role in e-commerce sellers’ decision-making on information disclosure under competition
ozyazewv,moeb0enb,-0.0465646,Zertifizierungen von EndoCert: in Zeiten von COVID-19,Curriculum Internistische Intensivmedizin
563ftqw3,w3o9lu0t,-0.04655949,hpO: Berufsvereinigung für heilkundlich praktizierte Osteopathie e.V.,COVID-19 Challenges Basic Researchers
wwie0iem,5i9ouv6r,-0.046541046,Allergikern Ängste nehmen,News at a glance
fnhqcpru,7unoulkx,-0.04654034,COVID-19 – (k)eine Zumutung?!,"Fertility treatment delays during COVID-19: Profiles, feelings and concerns of impacted patients"
563ftqw3,rd70f6te,-0.046532318,hpO: Berufsvereinigung für heilkundlich praktizierte Osteopathie e.V.,Stay Home or Not? Modeling Individuals' Decisions During the COVID-19 Pandemic
563ftqw3,dd43r75v,-0.046531845,hpO: Berufsvereinigung für heilkundlich praktizierte Osteopathie e.V.,The Impact of COVID Restrictions Among Rates of Falling in Assisted Living Residents
y9o3ofqc,fnhqcpru,-0.04651098,Dapagliflozin in patients with COVID-19: mind the kidneys,COVID-19 – (k)eine Zumutung?!
dj4y1deh,xmb4eywi,-0.04650807,Aggregating data from COVID-19 trials,"Strategieentwicklung ""einfach"" machen"
igk0ncq4,1ses23oz,-0.04649667,Mehr Impfschutz für Herzkranke,Airspace-Occupying Diseases
563ftqw3,7xg737kb,-0.04648511,hpO: Berufsvereinigung für heilkundlich praktizierte Osteopathie e.V.,Transfer of the presence seminar concept “Peer-support and Patient Competence” with participation of patients sharing their experience into a virtual teaching format
wwie0iem,94sz2u4i,-0.046480007,Allergikern Ängste nehmen,"Common Scaffolds, Diverse Recognition Profiles"
563ftqw3,eeqgtk34,-0.046421647,hpO: Berufsvereinigung für heilkundlich praktizierte Osteopathie e.V.,COVID-19 and Nursing Home Residents’ Rights
563ftqw3,q6mgpict,-0.04641975,hpO: Berufsvereinigung für heilkundlich praktizierte Osteopathie e.V.,The WHO safe childbirth checklist after 5 years: future directions for improving outcomes
563ftqw3,96qeyqdu,-0.046411585,hpO: Berufsvereinigung für heilkundlich praktizierte Osteopathie e.V.,Factors affecting the quality of online learning in a task-based college course
k1mpbti9,563ftqw3,-0.046354156,Impact of Online Game on Academic Skills of the Child,hpO: Berufsvereinigung für heilkundlich praktizierte Osteopathie e.V.
aocpkdn1,wwie0iem,-0.046319086,Acknowledgment to reviewers—2021,Allergikern Ängste nehmen
ye7fqh6a,caj01hf7,-0.046318192,Jetzt anmelden!,27144 Patient expectations and willingness with teledermatology
84yq3oyz,mmh924en,-0.046290725,COVID-19: No Visitors.,eHealth - ein spannendes Forschungsfeld
563ftqw3,r7u9pwck,-0.046289578,hpO: Berufsvereinigung für heilkundlich praktizierte Osteopathie e.V.,The role of medical technology in supported shared care
mqv2dz0e,xmb4eywi,-0.046270277,Meeting Report,"Strategieentwicklung ""einfach"" machen"
563ftqw3,w7adbxzm,-0.046216086,hpO: Berufsvereinigung für heilkundlich praktizierte Osteopathie e.V.,COVID-19 Illness in Children
abz708bd,fnhqcpru,-0.04620627,Neurologic Manifestations in a Prospective Unselected Series of Hospitalized Patients With COVID-19.,COVID-19 – (k)eine Zumutung?!
563ftqw3,nytq68ag,-0.046205416,hpO: Berufsvereinigung für heilkundlich praktizierte Osteopathie e.V.,Patient Perceptions of COVID-19 Impact on their Fertility Care
563ftqw3,ct0i92qd,-0.046163034,hpO: Berufsvereinigung für heilkundlich praktizierte Osteopathie e.V.,Highlights from the first virtual AAIC.
563ftqw3,m9698r0u,-0.046155684,hpO: Berufsvereinigung für heilkundlich praktizierte Osteopathie e.V.,Moving beyond the measure: Understanding patients' experiences of communication with nurses
563ftqw3,xgg4028p,-0.046155684,hpO: Berufsvereinigung für heilkundlich praktizierte Osteopathie e.V.,Moving beyond the measure: Understanding patients' experiences of communication with nurses.
563ftqw3,x4zpab7y,-0.046151146,hpO: Berufsvereinigung für heilkundlich praktizierte Osteopathie e.V.,Celebrating 20 years of FOCIS
l3yvi2jg,dpnu0xqs,-0.04612542,"411 Mrd. €, 11,9 %",Looking back and looking ahead.
l3yvi2jg,86roehsk,-0.04612542,"411 Mrd. €, 11,9 %","Looking back, looking ahead"
ye7fqh6a,rzx3wt5c,-0.04611731,Jetzt anmelden!,Nurses as substitutes for doctors in primary care.
fdvi9fdw,fnhqcpru,-0.04611698,Risk factors for mortality in COVID‐19 patients in a community teaching hospital,COVID-19 – (k)eine Zumutung?!
wwie0iem,47jze89g,-0.046086043,Allergikern Ängste nehmen,Mining Trajectory Patterns with Point-of-Interest and Behavior-of-Interest
563ftqw3,f7e5nu2m,-0.046065178,hpO: Berufsvereinigung für heilkundlich praktizierte Osteopathie e.V.,Measuring what matters: supporting cities in tackling climate and health challenges
4xfipd3x,rl5ovh93,-0.046059247,Superspreading genomes.,Wenn Schreien sinnlos ist
cm345pyo,rl5ovh93,-0.046059247,Superspreading genomes,Wenn Schreien sinnlos ist
wwie0iem,7by5va2d,-0.046036396,Allergikern Ängste nehmen,Assessment of the dissemination of COVID-19 articles across social media- An Altmetrics and PlumX Study
wwie0iem,54r4rq2f,-0.046014134,Allergikern Ängste nehmen,Persistence of Pathogens on Inanimate Surfaces: A Narrative Review
wwie0iem,5d5923zf,-0.045985833,Allergikern Ängste nehmen,Performance Evaluation of Regression Models for the Prediction of the COVID-19 Reproduction Rate
00ec5g3a,tjd3wkvu,-0.0459682,Risk Factors for COVID-19,Dynamische Übergabeschurre zur Effizienzsteigerung von Gurtbandförderern
563ftqw3,s02s305z,-0.045967974,hpO: Berufsvereinigung für heilkundlich praktizierte Osteopathie e.V.,Surviving the COVID — 19 Pandemic Resurgence: Not Easy but Achievable
wwie0iem,3fmdriu7,-0.04595804,Allergikern Ängste nehmen,Key Positions in the Contemporary Scientific Realism/Antirealism Debate
mjcwpe1c,l3yvi2jg,-0.045947596,2020 Rise to the challenge,"411 Mrd. €, 11,9 %"
6m1cla18,l3yvi2jg,-0.04594159,High-stakes gamble,"411 Mrd. €, 11,9 %"
563ftqw3,0hqu5jdc,-0.04592834,hpO: Berufsvereinigung für heilkundlich praktizierte Osteopathie e.V.,"Location, Type And Time: Understanding Physical Activity In Adults And Children During Covid-19"
563ftqw3,dawk3t47,-0.04592183,hpO: Berufsvereinigung für heilkundlich praktizierte Osteopathie e.V.,Exploring the inclusive leadership and employee change participation relationship: the role of workplace belongingness and meaning-making
5715bqsf,ofz4dywk,-0.045916058,Smiling faces,/ Aktuell /
563ftqw3,suxm13j4,-0.0458921,hpO: Berufsvereinigung für heilkundlich praktizierte Osteopathie e.V.,Responding to the Needs of Persons Living With Dementia and Their Caregivers During the COVID-19 Pandemic: Lessons From the Care Ecosystem
563ftqw3,f05cymw9,-0.04585036,hpO: Berufsvereinigung für heilkundlich praktizierte Osteopathie e.V.,One year on
zp4uy1v7,subza3ch,-0.045845404,CORONAVIRUSES (CORONAVIRIDAE),"November 9–15, 2013"
qrp8r5bi,ozyazewv,-0.045844607,Characteristics of Mortgage Borrowers During the COVID-19 Pandemic,Zertifizierungen von EndoCert: in Zeiten von COVID-19
563ftqw3,lub2pjv1,-0.045831695,hpO: Berufsvereinigung für heilkundlich praktizierte Osteopathie e.V.,Vision of teaching in ensuring continuity of clinical teaching in medical training post COVID-19 and beyond
563ftqw3,copaj5yt,-0.0458233,hpO: Berufsvereinigung für heilkundlich praktizierte Osteopathie e.V.,Safeguarding children with long-term conditions from COVID-19
563ftqw3,8xq60k22,-0.045820817,hpO: Berufsvereinigung für heilkundlich praktizierte Osteopathie e.V.,Popular Geopolitics
tjd3wkvu,e97bazt5,-0.045787495,Dynamische Übergabeschurre zur Effizienzsteigerung von Gurtbandförderern,"Covid, Colleges, and Classes"
563ftqw3,333rnust,-0.045787413,hpO: Berufsvereinigung für heilkundlich praktizierte Osteopathie e.V.,Immune interventions in COVID-19: a matter of time?
l3yvi2jg,8qjzzbru,-0.045785118,"411 Mrd. €, 11,9 %","Appealing to the senses: Approaching, sensing, and interacting at the market's stall"
563ftqw3,nfy7i7h1,-0.045782298,hpO: Berufsvereinigung für heilkundlich praktizierte Osteopathie e.V.,Capital Markets: Revisiting Risk and Return in the Face of Uncertainty
1w677dta,zmjzvihk,-0.04575454,Bundesweites Belastungsmodell für Intensivstationen durch COVID-19,Masked Faces with Faced Masks
563ftqw3,g7bue0bc,-0.045751017,hpO: Berufsvereinigung für heilkundlich praktizierte Osteopathie e.V.,"Negotiating digital marginalization: Immigrants, computers, and the adult learning classroom"
563ftqw3,42zgl2t3,-0.045734286,hpO: Berufsvereinigung für heilkundlich praktizierte Osteopathie e.V.,COVID-19: Considering impacts to employees and the workplace
563ftqw3,lhbctlwl,-0.045729235,hpO: Berufsvereinigung für heilkundlich praktizierte Osteopathie e.V.,Preparing children for climate-related disasters
563ftqw3,7jii3rvr,-0.045728922,hpO: Berufsvereinigung für heilkundlich praktizierte Osteopathie e.V.,COVID-19: lessons in risk communication and public trust
wwie0iem,z7siebce,-0.04570945,Allergikern Ängste nehmen,Optimizing conservation in species-specific agricultural landscapes
563ftqw3,n6vkdtff,-0.045673087,hpO: Berufsvereinigung für heilkundlich praktizierte Osteopathie e.V.,VRCHIVE: experiences conducting an online workshop teaching intergenerational participants to create virtual reality films about their lives during the COVID pandemic
6ola5dx1,d9ph8jnw,-0.04560495,La Pandemia,Neonates and COVID-19
wwie0iem,h4dev2kz,-0.045588057,Allergikern Ängste nehmen,Magnetic Resonance Imaging and Histopathological Aspects of Botryomycosis.
wwie0iem,qwdasarz,-0.045582134,Allergikern Ängste nehmen,Cities in a post-COVID world
563ftqw3,9ppg80x4,-0.04557134,hpO: Berufsvereinigung für heilkundlich praktizierte Osteopathie e.V.,What health preparations do international students make for their academic sojourn?
wwie0iem,21egufwn,-0.045565568,Allergikern Ängste nehmen,Hyperbolastic Models from a Stochastic Differential Equation Point of View
563ftqw3,e6j35rwd,-0.045564275,hpO: Berufsvereinigung für heilkundlich praktizierte Osteopathie e.V.,Distance learning during the pandemic: Managing the challenges
5jbyxoyb,fnhqcpru,-0.04555224,Circulating Osteopontin Levels and Outcomes in Patients Hospitalized for COVID-19,COVID-19 – (k)eine Zumutung?!
563ftqw3,uja6deij,-0.045548365,hpO: Berufsvereinigung für heilkundlich praktizierte Osteopathie e.V.,Introduction: The Time Elapsed
563ftqw3,96o1aao5,-0.045544844,hpO: Berufsvereinigung für heilkundlich praktizierte Osteopathie e.V.,The end of a challenging year
563ftqw3,dauw392l,-0.045542285,hpO: Berufsvereinigung für heilkundlich praktizierte Osteopathie e.V.,How instructional context can impact learning with educational technology: Lessons from a study with a digital learning game
563ftqw3,q817gwqg,-0.045534592,hpO: Berufsvereinigung für heilkundlich praktizierte Osteopathie e.V.,It’s Time to Move Beyond Traditional Health Care Worker Training Approaches
563ftqw3,4gdsucr6,-0.04552747,hpO: Berufsvereinigung für heilkundlich praktizierte Osteopathie e.V.,2020: A series of unprecedented events.
wwie0iem,omflepy8,-0.045522664,Allergikern Ängste nehmen,Priority Areas for Public Administration in the Field of Culture and Leisure
wwie0iem,gemmt4lh,-0.045515373,Allergikern Ängste nehmen,Reading Covered Faces
563ftqw3,ook4oj5o,-0.045514002,hpO: Berufsvereinigung für heilkundlich praktizierte Osteopathie e.V.,Preparing for the aftermath of COVID-19: important considerations for healthcare providers and hospital administrators
ye7fqh6a,8p9hh6rp,-0.04550641,Jetzt anmelden!,Key Factors in the contigency plan for COVID-19 during the Magal Celebration in 2020
563ftqw3,hygy96zq,-0.045500793,hpO: Berufsvereinigung für heilkundlich praktizierte Osteopathie e.V.,The role of world the fight against covid-19
zp4uy1v7,q8j13uur,-0.04549247,CORONAVIRUSES (CORONAVIRIDAE),February–May 2020
563ftqw3,5mcsy2uu,-0.045478847,hpO: Berufsvereinigung für heilkundlich praktizierte Osteopathie e.V.,Language Changes Medical Judgments and Beliefs.
563ftqw3,w1aiuhmq,-0.045474112,hpO: Berufsvereinigung für heilkundlich praktizierte Osteopathie e.V.,Challenges of students and residents of human medicine in the first four months of the fight against the Covid-19 pandemic – Implications for future waves and scenarios
563ftqw3,56vnvms3,-0.04546873,hpO: Berufsvereinigung für heilkundlich praktizierte Osteopathie e.V.,"From Readership to Usership: Communicating Heritage Digitally through Presence, Embodiment and Aesthetic Experience"
wwie0iem,ahgsopes,-0.045451228,Allergikern Ängste nehmen,Historical Perspectives: Reflections on Infectious Diseases in 2020.
563ftqw3,dj5z2a3o,-0.04544954,hpO: Berufsvereinigung für heilkundlich praktizierte Osteopathie e.V.,The Role of Preschool Hours in Achieving Physical Activity Recommendations for Preschoolers
563ftqw3,5dtwjns9,-0.04544483,hpO: Berufsvereinigung für heilkundlich praktizierte Osteopathie e.V.,Addressing consistency and demand uncertainty in the Home Care planning problem
563ftqw3,vrnydg9d,-0.045432422,hpO: Berufsvereinigung für heilkundlich praktizierte Osteopathie e.V.,Considerations for educators in supporting student learning in the midst of COVID‐19
563ftqw3,w68sk8y7,-0.045421142,hpO: Berufsvereinigung für heilkundlich praktizierte Osteopathie e.V.,Young children’s ability to make predictions about novel illnesses
wwie0iem,hebk8sco,-0.045421116,Allergikern Ängste nehmen,In praise of social distance in public spaces
563ftqw3,dyxu5fan,-0.045413334,hpO: Berufsvereinigung für heilkundlich praktizierte Osteopathie e.V.,Half Title.
sav195hh,fnhqcpru,-0.04540321,Arts majors as entrepreneurs and innovators,COVID-19 – (k)eine Zumutung?!
wwie0iem,185rrhlu,-0.04539945,Allergikern Ängste nehmen,Trends in herbgenomics.
563ftqw3,cs9admba,-0.04539441,hpO: Berufsvereinigung für heilkundlich praktizierte Osteopathie e.V.,Expanding coverage for essential care during COVID-19
563ftqw3,nf28t1li,-0.045391236,hpO: Berufsvereinigung für heilkundlich praktizierte Osteopathie e.V.,Welcome to the year 2022
563ftqw3,qcjxop54,-0.045389358,hpO: Berufsvereinigung für heilkundlich praktizierte Osteopathie e.V.,Conclusion - tourism: how to achieve the sustainable development goals? (Special Issue: Tourism: how to achieve the sustainable development goals?)
563ftqw3,rrjjaunh,-0.04537691,hpO: Berufsvereinigung für heilkundlich praktizierte Osteopathie e.V.,Smart Speaker Recommendations: Impact of Gender Congruence and Amount of Information on Users' Engagement and Choice
j078gcjo,ye7fqh6a,-0.045368344,Celebrating Nurses.,Jetzt anmelden!
ye7fqh6a,yc1iny0d,-0.045368344,Jetzt anmelden!,Celebrating Nurses
563ftqw3,n3teqzrr,-0.045367524,hpO: Berufsvereinigung für heilkundlich praktizierte Osteopathie e.V.,COVID-19: How It Shaped Nursing Home Care and Elder Justice
563ftqw3,srpeg2rm,-0.045333173,hpO: Berufsvereinigung für heilkundlich praktizierte Osteopathie e.V.,Neurological research and practice: the first milestone has been reached
563ftqw3,9pknz6rv,-0.045317695,hpO: Berufsvereinigung für heilkundlich praktizierte Osteopathie e.V.,CalmResponses: Displaying Collective Audience Reactions in Remote Communication
563ftqw3,wcl8z530,-0.04531362,hpO: Berufsvereinigung für heilkundlich praktizierte Osteopathie e.V.,Beyond the Linguistic/Medical Anthropology Divide: Retooling Anthropology to Face COVID-19.
563ftqw3,2an4ebq3,-0.04531362,hpO: Berufsvereinigung für heilkundlich praktizierte Osteopathie e.V.,Beyond the Linguistic/Medical Anthropology Divide: Retooling Anthropology to Face COVID-19
563ftqw3,cap6u147,-0.045306854,hpO: Berufsvereinigung für heilkundlich praktizierte Osteopathie e.V.,The Impact of a Messaging Intervention on Parents' School Hesitancy During COVID-19
563ftqw3,x2odypzy,-0.045299567,hpO: Berufsvereinigung für heilkundlich praktizierte Osteopathie e.V.,Diversity of Experience and Perspective in Bioethics
563ftqw3,2syiky7t,-0.04529237,hpO: Berufsvereinigung für heilkundlich praktizierte Osteopathie e.V.,Computational Statistics and Machine Learning Techniques for Effective Decision Making on Student’s Employment for Real-Time
wwie0iem,wiyn3i29,-0.045290746,Allergikern Ängste nehmen,Chapter 30 The National Bioforensic Analysis Center
563ftqw3,06ot77dh,-0.045268722,hpO: Berufsvereinigung für heilkundlich praktizierte Osteopathie e.V.,"Care at Home for People Living with Dementia: Delaying Institutionalization, Sustaining Families"
ye7fqh6a,yehr8orl,-0.045252297,Jetzt anmelden!,Animals Hazardous to Humans
563ftqw3,nm79iua4,-0.045250792,hpO: Berufsvereinigung für heilkundlich praktizierte Osteopathie e.V.,First Person: An unexpected goodbye
563ftqw3,e3tgppzf,-0.04524902,hpO: Berufsvereinigung für heilkundlich praktizierte Osteopathie e.V.,Child protection in the time of COVID-19
4xfipd3x,fnhqcpru,-0.045236923,Superspreading genomes.,COVID-19 – (k)eine Zumutung?!
cm345pyo,fnhqcpru,-0.045236923,Superspreading genomes,COVID-19 – (k)eine Zumutung?!
563ftqw3,7wzhye96,-0.045236588,hpO: Berufsvereinigung für heilkundlich praktizierte Osteopathie e.V.,Playing and Digital Reality: Treating Kids and Adolescents in a Pandemic
gdqv1q45,wiwzstlf,-0.045235485,Komplexe Gerinnungsstörungen,"Four Women, One Evening."
wwie0iem,e35ovppt,-0.045228668,Allergikern Ängste nehmen,An Empirical Study on Impact of COVID-19 on the Businesses
563ftqw3,j7qb1yny,-0.0452111,hpO: Berufsvereinigung für heilkundlich praktizierte Osteopathie e.V.,Digital disparities: lessons learned from a patient reported outcomes program during the COVID-19 pandemic
ewo74ui2,fnhqcpru,-0.04518116,365 Dots in 2019: Quantifying Attention of News Sources,COVID-19 – (k)eine Zumutung?!
ye7fqh6a,gvccf8kn,-0.045176815,Jetzt anmelden!,Clinical Manifestations of COVID-19.
563ftqw3,pkue4y5t,-0.045171138,hpO: Berufsvereinigung für heilkundlich praktizierte Osteopathie e.V.,Couchsurfing as a Modern Way of Destination Exploring
563ftqw3,a64mawuc,-0.04516527,hpO: Berufsvereinigung für heilkundlich praktizierte Osteopathie e.V.,COVID‐19 and Teaching Theology and Religion
wwie0iem,3vaue2dq,-0.045156144,Allergikern Ängste nehmen,Corporate Communications Are Key to Success During a Pandemic
563ftqw3,qbcw799k,-0.045155987,hpO: Berufsvereinigung für heilkundlich praktizierte Osteopathie e.V.,COVID-19 pandemic: challenges ahead.
armmnwa4,84yq3oyz,-0.045155156,COVID-19: Zwischenbilanz nach einem Jahr,COVID-19: No Visitors.
563ftqw3,kvsb36r1,-0.045150116,hpO: Berufsvereinigung für heilkundlich praktizierte Osteopathie e.V.,Measuring COVID-19’s impact on international HE students and intervention satisfaction: implications for marketing theory and practice
563ftqw3,h3cav5e9,-0.045104153,hpO: Berufsvereinigung für heilkundlich praktizierte Osteopathie e.V.,Book Notes “Law” 1/2021
hl1apuv9,xmb4eywi,-0.04510004,Meeting Announcements,"Strategieentwicklung ""einfach"" machen"
563ftqw3,6yttyrsg,-0.045081064,hpO: Berufsvereinigung für heilkundlich praktizierte Osteopathie e.V.,Private Equity's Game Plan and Why it Should Matter to Us
6591nkx1,8kqbw5tu,-0.04508088,Reply to Nagappa and Marimuthu,α1-Antitrypsin.
8kqbw5tu,jfrk3o5d,-0.04508088,α1-Antitrypsin.,Reply to M Speeckaert and J Delanghe.
8kqbw5tu,sbpd99n0,-0.04508088,α1-Antitrypsin.,Reply to I. Nishino and J. Tanboon.
8kqbw5tu,9baisu73,-0.045080878,α1-Antitrypsin.,In Reply to Guragai
563ftqw3,uzp1w41u,-0.045057204,hpO: Berufsvereinigung für heilkundlich praktizierte Osteopathie e.V.,Students' perception on learning mathematic during the time of covid 19
6rcyiozs,wwie0iem,-0.045057137,Effectiveness of Area-to-Value Legends and Grid Lines in Contiguous Area Cartograms,Allergikern Ängste nehmen
563ftqw3,h3y6ta04,-0.045054838,hpO: Berufsvereinigung für heilkundlich praktizierte Osteopathie e.V.,COVID vaccination logistics: five steps to take now
563ftqw3,sjobu84f,-0.045038477,hpO: Berufsvereinigung für heilkundlich praktizierte Osteopathie e.V.,Maintaining certainty in the most uncertain of times.
5715bqsf,xmb4eywi,-0.04503614,Smiling faces,"Strategieentwicklung ""einfach"" machen"
563ftqw3,qnugz5ph,-0.0450311,hpO: Berufsvereinigung für heilkundlich praktizierte Osteopathie e.V.,Disability Rights and Healthcare Rationing during COVID-19
563ftqw3,ewx5y8uw,-0.04502385,hpO: Berufsvereinigung für heilkundlich praktizierte Osteopathie e.V.,Exploring the Knowledge Management Impact on Business Education
563ftqw3,ugk8wg6e,-0.045008212,hpO: Berufsvereinigung für heilkundlich praktizierte Osteopathie e.V.,Repositioning Sustainability
ev6vyun3,fnhqcpru,-0.045000087,"Medical students as service learners: opportunities, risks and recommendations",COVID-19 – (k)eine Zumutung?!
ye7fqh6a,ie1oz85q,-0.044999734,Jetzt anmelden!,Clinical characteristics of COVID-19: an analysis of 11 cases
563ftqw3,pzg8o2cx,-0.044979014,hpO: Berufsvereinigung für heilkundlich praktizierte Osteopathie e.V.,To Anticoagulate or Not to Anticoagulate in COVID-19: Lessons after 2 Years
wwie0iem,px1wifhq,-0.044939727,Allergikern Ängste nehmen,Analyzing the Intensity of Complaints on Social Media
563ftqw3,tkh7b0dd,-0.044905324,hpO: Berufsvereinigung für heilkundlich praktizierte Osteopathie e.V.,COVID-19-Future of dentistry.
563ftqw3,16ot2teg,-0.044891644,hpO: Berufsvereinigung für heilkundlich praktizierte Osteopathie e.V.,Impact of COVID-19 on Psychology among the University Students
cs9admba,l3yvi2jg,-0.044888988,Expanding coverage for essential care during COVID-19,"411 Mrd. €, 11,9 %"
563ftqw3,6wk8u9l3,-0.044850234,hpO: Berufsvereinigung für heilkundlich praktizierte Osteopathie e.V.,A Grounded Theory Approach to Uncovering the Process of How Sustainability Topics Influence Women Engineers’ Career Choice and Engagement
563ftqw3,p9bhlcpu,-0.044845235,hpO: Berufsvereinigung für heilkundlich praktizierte Osteopathie e.V.,Transforming challenges into opportunities: conducting health preference research during the COVID-19 pandemic and beyond
563ftqw3,cptocm9l,-0.044838306,hpO: Berufsvereinigung für heilkundlich praktizierte Osteopathie e.V.,"How do adolescents navigate COVID-19 information, and why does it matter?"
ye7fqh6a,ywwsbzvd,-0.044825524,Jetzt anmelden!,Echocardiographic Abnormalities as Independent Prognostic Factors of In-Hospital Mortality among COVID-19 Patients.
gw07xp2e,8f2e9fxq,-0.044793885,Similarities in Risk for COVID-19 and Cancer Disparities.,Onze hersenen: onze achtbaan
2t406gm3,8f2e9fxq,-0.044793885,Similarities in Risk for COVID-19 and Cancer Disparities,Onze hersenen: onze achtbaan
563ftqw3,5zxw4749,-0.04478146,hpO: Berufsvereinigung für heilkundlich praktizierte Osteopathie e.V.,Rationale for targeting Complement in COVID‐19
wwie0iem,yp9dj2yb,-0.04478145,Allergikern Ängste nehmen,The will not to know
ha4624g4,ostng96s,-0.044778332,Challenges of COVID-19,"Anmerkung zu OVG Berlin-Brandenburg, Beschl. v. 4.1.2021 – OVG 11 S 132/20:"
wwie0iem,4qalhiff,-0.044755995,Allergikern Ängste nehmen,Acoustics 2021
swxndtaz,xmb4eywi,-0.044750035,Illuminating places,"Strategieentwicklung ""einfach"" machen"
ye7fqh6a,42zgl2t3,-0.044727862,Jetzt anmelden!,COVID-19: Considering impacts to employees and the workplace
xmb4eywi,xq82qc8p,-0.044691563,"Strategieentwicklung ""einfach"" machen",Dynamics of transmission of COVID-19 cases and household contacts: A prospective cohort study
563ftqw3,dv2as9dm,-0.04467974,hpO: Berufsvereinigung für heilkundlich praktizierte Osteopathie e.V.,Practice Considerations for Adapting in-Person Groups to Telerehabilitation
563ftqw3,3de46h4a,-0.044669084,hpO: Berufsvereinigung für heilkundlich praktizierte Osteopathie e.V.,What's Your Reality?
563ftqw3,i0s6ysve,-0.04466683,hpO: Berufsvereinigung für heilkundlich praktizierte Osteopathie e.V.,Vaccination Disagreement Between Parents.
ye7fqh6a,4p6wbd0h,-0.044648964,Jetzt anmelden!,Screening figures
563ftqw3,b2vmrin1,-0.044648718,hpO: Berufsvereinigung für heilkundlich praktizierte Osteopathie e.V.,COVID-19 and the Safety of In-Person Schooling
563ftqw3,rbgnrn3l,-0.044648718,hpO: Berufsvereinigung für heilkundlich praktizierte Osteopathie e.V.,COVID-19 and the Safety of In-Person Schooling.
563ftqw3,zxaw1qci,-0.04464535,hpO: Berufsvereinigung für heilkundlich praktizierte Osteopathie e.V.,Digital Transformation – Simplicities of the Simple Task
563ftqw3,zbnmdcy4,-0.04462239,hpO: Berufsvereinigung für heilkundlich praktizierte Osteopathie e.V.,Opinion & Special Articles: Shared Decision-Making During the COVID-19 Pandemic: Three Bullets in 3 Hemispheres
563ftqw3,jvvzu4aj,-0.044619843,hpO: Berufsvereinigung für heilkundlich praktizierte Osteopathie e.V.,Concluding Reflections
cjur5dbx,eej8qb9t,-0.04460997,Systemische Immunsuppression in Zeiten von COVID-19: Mussen wir umdenken?,Acknowledgement to Referees.
563ftqw3,2mgprs1j,-0.044605706,hpO: Berufsvereinigung für heilkundlich praktizierte Osteopathie e.V.,Delivering training during pandemic times and beyond
563ftqw3,41ucn0ro,-0.04459854,hpO: Berufsvereinigung für heilkundlich praktizierte Osteopathie e.V.,Special education teachers’ experiences of addressing challenging behaviour during the pandemic
563ftqw3,fvy40xjs,-0.04458389,hpO: Berufsvereinigung für heilkundlich praktizierte Osteopathie e.V.,Impact in the Fight Against COVID-19
563ftqw3,453htlq5,-0.04458123,hpO: Berufsvereinigung für heilkundlich praktizierte Osteopathie e.V.,The missing strategy in addressing language barriers.
wwie0iem,5gy3eahv,-0.044558473,Allergikern Ängste nehmen,A Study on the Performance of Classification Models for COVID-19 Datasets
gdqv1q45,ewersik9,-0.04455156,Komplexe Gerinnungsstörungen,While we have your attention
563ftqw3,2fqglw2l,-0.044538103,hpO: Berufsvereinigung für heilkundlich praktizierte Osteopathie e.V.,The Future and Evolution of COVID-19 Worldwide
o6ywpuuz,fnhqcpru,-0.04451892,Should pets be tested for coronavirus?,COVID-19 – (k)eine Zumutung?!
aeneu2es,fnhqcpru,-0.04451047,COVID-19 impacts on U.S. lumber markets,COVID-19 – (k)eine Zumutung?!
wwie0iem,7bttrllm,-0.04450233,Allergikern Ängste nehmen,Addressing Contingency in REEES Fields
wwie0iem,cesj7dif,-0.04449194,Allergikern Ängste nehmen,A room with a view: a special issue with a special perspective
whchibkk,fnhqcpru,-0.044489264,COVID-19 lessons for research.,COVID-19 – (k)eine Zumutung?!
ye7fqh6a,c5vzbed3,-0.044473145,Jetzt anmelden!,Leadership matters
563ftqw3,p8jjca24,-0.044461958,hpO: Berufsvereinigung für heilkundlich praktizierte Osteopathie e.V.,Future Design: Bequeathing Sustainable Natural Environments and Sustainable Societies to Future Generations
knv5i1en,fnhqcpru,-0.044456277,Labor issues and COVID-19,COVID-19 – (k)eine Zumutung?!
0hn13lqz,fnhqcpru,-0.04445149,Enabling the Voices of Marginalized Groups of People in Theoretical Business Ethics Research,COVID-19 – (k)eine Zumutung?!
wwie0iem,auffsn58,-0.044441693,Allergikern Ängste nehmen,Reflecting on grounded: A lens on covid through screendance
563ftqw3,4mcme44z,-0.04442804,hpO: Berufsvereinigung für heilkundlich praktizierte Osteopathie e.V.,"Past Attacks, Future Risks: Where Are We 20-Years After 9/11?"
whchibkk,o49uclco,-0.044395797,COVID-19 lessons for research.,Keine zusätzliche Gefahr für Allergiker
563ftqw3,4irb2b2j,-0.044393092,hpO: Berufsvereinigung für heilkundlich praktizierte Osteopathie e.V.,Employment Consequences of COVID-19 on “Long-Haul” Survivors
wwie0iem,qvz4p10h,-0.04439081,Allergikern Ängste nehmen,Breaking News: All We Know about COVID-19 Transmission
bgmvn8kb,tjd3wkvu,-0.044365715,Newborns at risk of COVID-19,Dynamische Übergabeschurre zur Effizienzsteigerung von Gurtbandförderern
l3yvi2jg,2ehb4o4l,-0.04436357,"411 Mrd. €, 11,9 %","""Back to the future""projections for COVID-19 surges"
ye7fqh6a,xunyqlr5,-0.044359423,Jetzt anmelden!,Pathogen-Inaktivierungssysteme für Thrombozytenkonzentrate: Stellungnahme
563ftqw3,m0ylvz3y,-0.044356167,hpO: Berufsvereinigung für heilkundlich praktizierte Osteopathie e.V.,In the Words of My Mother: “I’m fighting hard for me but mostly for you”
9ivzjp4g,xmb4eywi,-0.04435358,Demographic and Laboratory Findings of Symptomatic and Asymptomatic COVID-19 in Children,"Strategieentwicklung ""einfach"" machen"
wwie0iem,42ocgz4f,-0.04435198,Allergikern Ängste nehmen,A Review of Remdesivir for COVID-19: Data to Date.
wwie0iem,s7snwyn0,-0.044343933,Allergikern Ängste nehmen,Societies‘ Communications
y1re2n97,tjd3wkvu,-0.044318695,Business,Dynamische Übergabeschurre zur Effizienzsteigerung von Gurtbandförderern
563ftqw3,z1ra7rth,-0.0443132,hpO: Berufsvereinigung für heilkundlich praktizierte Osteopathie e.V.,Reimagining public defense advocacy in times of Covid-19: lessons from a task force
wwie0iem,ll3jwiwq,-0.044293467,Allergikern Ängste nehmen,Building a laboratory and networks during the COVID-19 pandemic
563ftqw3,tn8iykc7,-0.044281587,hpO: Berufsvereinigung für heilkundlich praktizierte Osteopathie e.V.,Moving Forward with Intent
563ftqw3,u3mtac3j,-0.044266928,hpO: Berufsvereinigung für heilkundlich praktizierte Osteopathie e.V.,Impact of Telemedicine During the COVID‐19 Pandemic on Patient Attendance
563ftqw3,l8q4sw1k,-0.044265382,hpO: Berufsvereinigung für heilkundlich praktizierte Osteopathie e.V.,Collaborative Planning Principles for Disaster Preparedness
563ftqw3,rdfkx4qa,-0.044245157,hpO: Berufsvereinigung für heilkundlich praktizierte Osteopathie e.V.,"Watching, being watched, and human interactions: evidence from trust games"
8wrctok7,xmb4eywi,-0.044240605,MMWR summary: COVID-19 reports,"Strategieentwicklung ""einfach"" machen"
563ftqw3,sf3q663s,-0.04423732,hpO: Berufsvereinigung für heilkundlich praktizierte Osteopathie e.V.,COVID-19 and the importance of effective risk communication with children
563ftqw3,opnjwm3c,-0.04423477,hpO: Berufsvereinigung für heilkundlich praktizierte Osteopathie e.V.,Lipophagy at a glance.
563ftqw3,8ts51inr,-0.044192083,hpO: Berufsvereinigung für heilkundlich praktizierte Osteopathie e.V.,"Understanding and Mitigating Health Inequities - Past, Current, and Future Directions."
z8pxlsf8,fnhqcpru,-0.044172745,Covid 19- An Orthodontists’ perspective,COVID-19 – (k)eine Zumutung?!
563ftqw3,eb2uvdsa,-0.044166155,hpO: Berufsvereinigung für heilkundlich praktizierte Osteopathie e.V.,Thromboprophylaxis in COVID-19 – Rationale and considerations
563ftqw3,zuogud5k,-0.044146888,hpO: Berufsvereinigung für heilkundlich praktizierte Osteopathie e.V.,Covid-19 time series prediction
ye7fqh6a,icwzey8o,-0.044144448,Jetzt anmelden!,Horses and the risk of zoonotic infections
563ftqw3,vgp4ix5n,-0.04413602,hpO: Berufsvereinigung für heilkundlich praktizierte Osteopathie e.V.,The Concept of Resilience: Security Implications and Implementation Challenges
si131i3b,l3yvi2jg,-0.044124402,Back to Business?,"411 Mrd. €, 11,9 %"
ye7fqh6a,nz1p2jr4,-0.044120222,Jetzt anmelden!,Experiments of Concern
563ftqw3,k73hz6qt,-0.04411114,hpO: Berufsvereinigung für heilkundlich praktizierte Osteopathie e.V.,"COVID-19 and children’s rights: Space for reflection, tracing the problems and facing the future"
wwie0iem,kpkmyz7v,-0.044101067,Allergikern Ängste nehmen,[COVID-19: a cardiological point-of-view].
563ftqw3,0faki3ui,-0.044100724,hpO: Berufsvereinigung für heilkundlich praktizierte Osteopathie e.V.,The Role Complexities in Advance Care Planning for End-of-Life Care-Nursing Students' Perception of the Nursing Profession
563ftqw3,l16q5o48,-0.044093,hpO: Berufsvereinigung für heilkundlich praktizierte Osteopathie e.V.,'Evidence' within local authority decision making.
563ftqw3,y7mazy78,-0.04407586,hpO: Berufsvereinigung für heilkundlich praktizierte Osteopathie e.V.,Addressing the Experience of Children and Adolescents During the COVID-19 Pandemic.
563ftqw3,hrcjwvou,-0.044062905,hpO: Berufsvereinigung für heilkundlich praktizierte Osteopathie e.V.,The first 10000 COVID-19 papers in perspective: are we publishing what we should be publishing?
563ftqw3,21u32hef,-0.044035498,hpO: Berufsvereinigung für heilkundlich praktizierte Osteopathie e.V.,Lessons From the COVID-19 Pandemic: Clinical Guidance and Respect for Science
d6su39tw,e97bazt5,-0.04402826,Erfolgreiche Behandlung eines drittgradigen Pleuraempyems infolge einer COVID-19-Infektion,"Covid, Colleges, and Classes"
563ftqw3,pjy3opkq,-0.044016574,hpO: Berufsvereinigung für heilkundlich praktizierte Osteopathie e.V.,"Responsibilities, Opportunities, and Challenges for Human Factors in the Digital Age."
m3wxjzl5,fnhqcpru,-0.044014383,"Local News Online and COVID in the U.S.: Relationships among Coverage, Cases, Deaths, and Audience",COVID-19 – (k)eine Zumutung?!
563ftqw3,3yrtbdn9,-0.044006594,hpO: Berufsvereinigung für heilkundlich praktizierte Osteopathie e.V.,Ten simple rules for supporting historically underrepresented students in science
563ftqw3,4f1l6g7v,-0.044001102,hpO: Berufsvereinigung für heilkundlich praktizierte Osteopathie e.V.,Encouraging Undergraduate Marketing Students to Reflect on Critical Thinking and the Digital Gender Divide
gemmt4lh,fnhqcpru,-0.043995615,Reading Covered Faces,COVID-19 – (k)eine Zumutung?!
wwie0iem,fr6fsh5x,-0.04397562,Allergikern Ängste nehmen,Virtual conference design: features and obstacles
wwie0iem,j4qorvub,-0.043975487,Allergikern Ängste nehmen,Report on the 2021 IACFS/ME research and clinical conference
tjd3wkvu,eej8qb9t,-0.043946862,Dynamische Übergabeschurre zur Effizienzsteigerung von Gurtbandförderern,Acknowledgement to Referees.
6pn15t0n,l3yvi2jg,-0.043931346,Policies for Sustainable Governance,"411 Mrd. €, 11,9 %"
wwie0iem,uqw1992l,-0.04389841,Allergikern Ängste nehmen,Collection and Interpretation of Laboratory Data
ye7fqh6a,6vyqcid0,-0.043891124,Jetzt anmelden!,Inflammation-associated factors for predicting in-hospital mortality in patients with COVID-19.
563ftqw3,nzm5hxpn,-0.043864984,hpO: Berufsvereinigung für heilkundlich praktizierte Osteopathie e.V.,In Praise of Veterans
o1p4w16g,wwie0iem,-0.043849498,Vaccination debates may obscure access issues.,Allergikern Ängste nehmen
ye7fqh6a,wbaidffe,-0.043846875,Jetzt anmelden!,Fishing over the millennia: zooarchaeological perspectives
563ftqw3,9ilzpcl6,-0.04381198,hpO: Berufsvereinigung für heilkundlich praktizierte Osteopathie e.V.,Impact of COVID-19 on individuals with multimorbidity in primary care
13un75zz,wwie0iem,-0.043798324,Selected Bibliography,Allergikern Ängste nehmen
563ftqw3,ufnxjeo1,-0.043766495,hpO: Berufsvereinigung für heilkundlich praktizierte Osteopathie e.V.,Parents’ Intentions to Vaccinate Their Children Against COVID-19
l3yvi2jg,8fl3jxt2,-0.043765675,"411 Mrd. €, 11,9 %",The Importance of Connectivity
x6gdagf8,fnhqcpru,-0.043765146,[Ethics of clinical trials].,COVID-19 – (k)eine Zumutung?!
wwie0iem,77gotbzm,-0.04376419,Allergikern Ängste nehmen,Variable domain N-linked glycosylation and negative surface charge are key features of monoclonal ACPA: implications for B-cell selection
563ftqw3,w0dteuvi,-0.043760277,hpO: Berufsvereinigung für heilkundlich praktizierte Osteopathie e.V.,Speaking Visually: COVID-19 Education for Kids.
563ftqw3,3ny0ams3,-0.043735046,hpO: Berufsvereinigung für heilkundlich praktizierte Osteopathie e.V.,In Briefs
563ftqw3,o16seha1,-0.043719757,hpO: Berufsvereinigung für heilkundlich praktizierte Osteopathie e.V.,Veteran Patient Experience Academy: Putting Veterans First
ohxt83d5,l3yvi2jg,-0.043716494,Best practices for minimally invasive procedures.,"411 Mrd. €, 11,9 %"
ye7fqh6a,k2hu97o5,-0.043712027,Jetzt anmelden!,Perspectives in Foodborne Illness
mn7hrkrn,subza3ch,-0.043699425,Phlorotannins,"November 9–15, 2013"
5g9ey035,xmb4eywi,-0.0436952,COVID generation of residents,"Strategieentwicklung ""einfach"" machen"
lamfknpt,fnhqcpru,-0.043684524,Sports-Related Injuries and Deaths,COVID-19 – (k)eine Zumutung?!
fynzmq2l,xmb4eywi,-0.043662425,Abatement figures confirmed,"Strategieentwicklung ""einfach"" machen"
563ftqw3,nxdk6fy5,-0.043647703,hpO: Berufsvereinigung für heilkundlich praktizierte Osteopathie e.V.,Making a Commitment to Your Future: Investigating the Effect of Career Exploration and Career Decision-Making Self-Efficacy on the Relationship between Career Concern and Career Commitment
563ftqw3,9spy8d4f,-0.04364416,hpO: Berufsvereinigung für heilkundlich praktizierte Osteopathie e.V.,Covid-19: trainee healthcare scientists are crucial to surviving the long road ahead
ye7fqh6a,en3ebdi5,-0.043625783,Jetzt anmelden!,Characteristics of COVID‒19 in hemodialysis patients
563ftqw3,f992jtlp,-0.043618448,hpO: Berufsvereinigung für heilkundlich praktizierte Osteopathie e.V.,Pandemics: learning from the past
563ftqw3,2qogv5x6,-0.043615296,hpO: Berufsvereinigung für heilkundlich praktizierte Osteopathie e.V.,Principalism in public health decision making in the context of the COVID-19 pandemic
563ftqw3,fy4xmjpw,-0.043615106,hpO: Berufsvereinigung für heilkundlich praktizierte Osteopathie e.V.,"Security awareness of single sign-on account in the academic community: the roles of demographics, privacy concerns, and Big-Five personality"
563ftqw3,2f9rvmsj,-0.0436081,hpO: Berufsvereinigung für heilkundlich praktizierte Osteopathie e.V.,"Where is the age of digitalization heading? The meaning, characteristics and implications of contemporary digital transformation"
5tdcvfaz,fnhqcpru,-0.0436063,Chapter 4. Concluding Observations and Resources,COVID-19 – (k)eine Zumutung?!
563ftqw3,v2tsx31r,-0.04359898,hpO: Berufsvereinigung für heilkundlich praktizierte Osteopathie e.V.,Conceptualizing Opportunities and Challenges Relevant to the Inclusion of Humanoid Service Robots in the Context of COVID-19
wwie0iem,ry9crpjw,-0.04359399,Allergikern Ängste nehmen,Mismatched expectations
563ftqw3,81c8jdod,-0.043590374,hpO: Berufsvereinigung für heilkundlich praktizierte Osteopathie e.V.,Pandemic Privilege: A Student's Perspective
h5tfgk3s,fnhqcpru,-0.043588605,Communities Matter,COVID-19 – (k)eine Zumutung?!
oih2mk6y,fnhqcpru,-0.043588605,Communities Matter.,COVID-19 – (k)eine Zumutung?!
563ftqw3,uals76oe,-0.043576688,hpO: Berufsvereinigung für heilkundlich praktizierte Osteopathie e.V.,Welcome and introduction
q6gp3ayd,aaj9e3v9,-0.04356738,A challenging year,9 vragen over vaccineren
563ftqw3,spgyqdou,-0.043556806,hpO: Berufsvereinigung für heilkundlich praktizierte Osteopathie e.V.,The Impact of the COVID-19 pandemic on traumatic brain injury management: Lessons learned over the first year
563ftqw3,wvigk20o,-0.043554578,hpO: Berufsvereinigung für heilkundlich praktizierte Osteopathie e.V.,PERSONAL
wwie0iem,mqvv9992,-0.043546095,Allergikern Ängste nehmen,Acknowledgment of Guest Reviewers
gvccf8kn,wwie0iem,-0.043526247,Clinical Manifestations of COVID-19.,Allergikern Ängste nehmen
563ftqw3,qhpqs0pi,-0.04350917,hpO: Berufsvereinigung für heilkundlich praktizierte Osteopathie e.V.,COVID-19 therapeutic approaches: Therapeutic restraint
563ftqw3,3014grzd,-0.04350301,hpO: Berufsvereinigung für heilkundlich praktizierte Osteopathie e.V.,Ten considerations for effectively managing the COVID-19 transition.
563ftqw3,78tuunzr,-0.04349516,hpO: Berufsvereinigung für heilkundlich praktizierte Osteopathie e.V.,Gender and medical education authorship: Moving forward comfortably with necessary conversations.
563ftqw3,ree1uv9o,-0.043490857,hpO: Berufsvereinigung für heilkundlich praktizierte Osteopathie e.V.,Collaborative Learning in Chemistry: Impact of COVID-19
l3yvi2jg,f2tezlwt,-0.043484975,"411 Mrd. €, 11,9 %",Attention to detail and a permissive set-up: crucial for an effective TURBT
563ftqw3,ogdih0m0,-0.04347782,hpO: Berufsvereinigung für heilkundlich praktizierte Osteopathie e.V.,Medical workers in traditional medicine who sacrificed their lives in the battle against COVID-19 deserve to be remembered forever
563ftqw3,wttgn1j5,-0.043475963,hpO: Berufsvereinigung für heilkundlich praktizierte Osteopathie e.V.,The Impact of Pandemic into Sport Statistics Learning - Students' Opinion
ye7fqh6a,sqqwltxo,-0.043462303,Jetzt anmelden!,Retrospective analysis of clinical characteristics and laboratory results of COVID-19 patients
fnhqcpru,nul17xqk,-0.04345567,COVID-19 – (k)eine Zumutung?!,"From mice to monkeys, animals studied for coronavirus answers."
563ftqw3,k4x7vq4m,-0.04344975,hpO: Berufsvereinigung für heilkundlich praktizierte Osteopathie e.V.,Revisiting Clinical Autopsies: Lessons to be Taken from the COVID-19 Pandemic
ye7fqh6a,hyjweuze,-0.043438744,Jetzt anmelden!,COVID‐19 and nursing research across five countries/regions: Commonalities and recommendations
563ftqw3,nt70adya,-0.043433048,hpO: Berufsvereinigung für heilkundlich praktizierte Osteopathie e.V.,Learnings from critical care on COVID-19
563ftqw3,714fjj3n,-0.04343087,hpO: Berufsvereinigung für heilkundlich praktizierte Osteopathie e.V.,Honing action competence in sustainable development: what happens in classrooms matters
563ftqw3,csxxo9ds,-0.043429736,hpO: Berufsvereinigung für heilkundlich praktizierte Osteopathie e.V.,The Democracy of Everyday Life in Disaster Holding Our Lives in Their Hands
563ftqw3,8lf9dml0,-0.04340975,hpO: Berufsvereinigung für heilkundlich praktizierte Osteopathie e.V.,"Tragic Choices, Revisited: COVID-19 and the Hidden Ethics of Rationing"
pb09quln,fnhqcpru,-0.043403562,Tackling anxiety in schools: Lessons for children aged 3-13,COVID-19 – (k)eine Zumutung?!
563ftqw3,siw0c44p,-0.043396488,hpO: Berufsvereinigung für heilkundlich praktizierte Osteopathie e.V.,Sasol taking decisive action to address challenges created by current market
563ftqw3,5bjyi452,-0.04337706,hpO: Berufsvereinigung für heilkundlich praktizierte Osteopathie e.V.,Investigating Teamwork in the Operating Room: Engaging Stakeholders and Setting the Agenda.
563ftqw3,4f5cp5ql,-0.043372966,hpO: Berufsvereinigung für heilkundlich praktizierte Osteopathie e.V.,Understanding and Tackling the Complex Challenges of Homelessness and Health
563ftqw3,obnbjr74,-0.043372363,hpO: Berufsvereinigung für heilkundlich praktizierte Osteopathie e.V.,Guest Editors’ Introduction: SBCCI 2020
taylx8ax,xmb4eywi,-0.04337036,ESICM LIVES 2020,"Strategieentwicklung ""einfach"" machen"
dei0xd1b,k88q5135,-0.043369222,COVID-19: Zoonotic aspects,Endlich wieder: Austausch von Angesicht zu Angesicht
ujsb6ebp,tjd3wkvu,-0.0433667,Hearts of Athletes,Dynamische Übergabeschurre zur Effizienzsteigerung von Gurtbandförderern
563ftqw3,tv1pj5fp,-0.04336581,hpO: Berufsvereinigung für heilkundlich praktizierte Osteopathie e.V.,A qualitative investigation into the results of a discrete choice experiment and the impact of COVID-19 on patient preferences for virtual consultations
gg0466lc,fnhqcpru,-0.043348517,Diseases with health disparities as drivers of COVID‐19 outcome,COVID-19 – (k)eine Zumutung?!
gmg28g89,fnhqcpru,-0.043348517,Diseases with health disparities as drivers of COVID-19 outcome,COVID-19 – (k)eine Zumutung?!
563ftqw3,8suhuchl,-0.04333028,hpO: Berufsvereinigung für heilkundlich praktizierte Osteopathie e.V.,COVID-19 stories of success: Teaching and Learning in a Clinical Setting During a Pandemic
563ftqw3,cyrs8pus,-0.043329865,hpO: Berufsvereinigung für heilkundlich praktizierte Osteopathie e.V.,Teaching residents how to deliver active learning during didactic lectures.
563ftqw3,5bcfnm80,-0.04326301,hpO: Berufsvereinigung für heilkundlich praktizierte Osteopathie e.V.,Demonstrating the vital role of physiatry throughout the health care continuum: Lessons learned from the impacts of the COVID-19 pandemic on private practice musculoskeletal care
pg7rcdxl,fnhqcpru,-0.043260027,"Research on COVID-19: Stories from IRB Members, Research Administrators, & Investigators",COVID-19 – (k)eine Zumutung?!
ry9crpjw,fnhqcpru,-0.043255165,Mismatched expectations,COVID-19 – (k)eine Zumutung?!
563ftqw3,fcqccdpg,-0.043245975,hpO: Berufsvereinigung für heilkundlich praktizierte Osteopathie e.V.,Challenging glass in challenging times
563ftqw3,afhb8e37,-0.043239698,hpO: Berufsvereinigung für heilkundlich praktizierte Osteopathie e.V.,Comments on 'Seven reasons why the physical examination remains important'.
2musdhq8,fnhqcpru,-0.043239422,Contents page 2,COVID-19 – (k)eine Zumutung?!
7a1oo55e,fnhqcpru,-0.043234084,Assessment of risk scores in Covid-19,COVID-19 – (k)eine Zumutung?!
fnhqcpru,m5c78wyt,-0.043234084,COVID-19 – (k)eine Zumutung?!,"""Assessment of risk scores in covid-19""."
563ftqw3,66re2jcq,-0.04323149,hpO: Berufsvereinigung für heilkundlich praktizierte Osteopathie e.V.,Leadership during the COVID-19 crisis and beyond.
563ftqw3,wa9ltsh4,-0.04321729,hpO: Berufsvereinigung für heilkundlich praktizierte Osteopathie e.V.,Touch: knowledge and considerations for nursing practice
0wkwurbe,gdqv1q45,-0.04320982,One‐year follow‐up of 18 women who infected COVID‐19 while pregnant,Komplexe Gerinnungsstörungen
563ftqw3,d2qzqk1g,-0.043167997,hpO: Berufsvereinigung für heilkundlich praktizierte Osteopathie e.V.,Accessibility of educational virtual reality for children during the COVID-19 pandemic
563ftqw3,7jqv8m0s,-0.043164715,hpO: Berufsvereinigung für heilkundlich praktizierte Osteopathie e.V.,Crafting Conscious Employee Engagement through Wellbeing: A Key Differentiator to Long-Term Organizational Success within the Hospitality Industry
wwie0iem,i9x5edoc,-0.043159116,Allergikern Ängste nehmen,Current Developments
563ftqw3,296dw61q,-0.043154996,hpO: Berufsvereinigung für heilkundlich praktizierte Osteopathie e.V.,Five Hypotheses About the Future World
84yq3oyz,zg3ghl2m,-0.0431503,COVID-19: No Visitors.,COVID-19 – eine neue und vielseitige Herausforderung
563ftqw3,xn3rd7bd,-0.043150008,hpO: Berufsvereinigung für heilkundlich praktizierte Osteopathie e.V.,Understanding the relationship between age and information-seeking in the context of COVID-19
wwie0iem,q5i734or,-0.043134846,Allergikern Ängste nehmen,"Biochemical, molecular genetic and clinical aspects of COVID-2019"
563ftqw3,zig442dl,-0.043115795,hpO: Berufsvereinigung für heilkundlich praktizierte Osteopathie e.V.,Improving Outcomes of Chemotherapy: Established and Novel Options for Myeloprotection in the COVID-19 Era
563ftqw3,09rn3txn,-0.043115683,hpO: Berufsvereinigung für heilkundlich praktizierte Osteopathie e.V.,Withdrawal phenomenon of students with learning difficulties in distance learning in the context of covid-19
wwie0iem,dyl6rg0k,-0.04311029,Allergikern Ängste nehmen,[Introduction to the quality of medical journalism and initial assessments of COVID-19 media coverage]
563ftqw3,v8xmnfko,-0.043092947,hpO: Berufsvereinigung für heilkundlich praktizierte Osteopathie e.V.,How and Why Overcome the Impediments to Resolution: Lessons from rhinolophid and hipposiderid Bats
j75ozbmo,fnhqcpru,-0.043080337,"Gatekeepers, guides and ghosts: intermediaries impacting access to schools during COVID-19",COVID-19 – (k)eine Zumutung?!
ye7fqh6a,mcbsvqtf,-0.04306938,Jetzt anmelden!,Households Living in Close Quarters
563ftqw3,25lagzpr,-0.04306419,hpO: Berufsvereinigung für heilkundlich praktizierte Osteopathie e.V.,Special care dentistry in the world of COVID-19
563ftqw3,bsxxvvoq,-0.04306372,hpO: Berufsvereinigung für heilkundlich praktizierte Osteopathie e.V.,Why I . . . have an allotment
563ftqw3,e7zvp3uj,-0.043014877,hpO: Berufsvereinigung für heilkundlich praktizierte Osteopathie e.V.,Imagine
l3yvi2jg,9sdbdsqw,-0.04301364,"411 Mrd. €, 11,9 %",Should we open the reviewing process
563ftqw3,ddmyq4on,-0.043010507,hpO: Berufsvereinigung für heilkundlich praktizierte Osteopathie e.V.,A year of Covid.
563ftqw3,enu1bqy1,-0.043010507,hpO: Berufsvereinigung für heilkundlich praktizierte Osteopathie e.V.,2020-The Year of COVID
563ftqw3,nysmx46f,-0.043010507,hpO: Berufsvereinigung für heilkundlich praktizierte Osteopathie e.V.,2020—the Year That Was!
563ftqw3,e1emg8b6,-0.043010507,hpO: Berufsvereinigung für heilkundlich praktizierte Osteopathie e.V.,The year of COVID-19.
wwie0iem,88c6qsek,-0.042999703,Allergikern Ängste nehmen,On nonlinear incidence rate of Covid-19
563ftqw3,1em17ixa,-0.04297522,hpO: Berufsvereinigung für heilkundlich praktizierte Osteopathie e.V.,Annual Meeting Highlights
ye7fqh6a,fx1zik3w,-0.04296602,Jetzt anmelden!,Special considerations in the management of COVID-19 in rural and remote areas
wwie0iem,x5u2w0nn,-0.04296393,Allergikern Ängste nehmen,Isolating salient variations of interest in single-cell transcriptomic data with contrastiveVI
563ftqw3,qjuoco9w,-0.042960577,hpO: Berufsvereinigung für heilkundlich praktizierte Osteopathie e.V.,Responding to COVID-19 [fact sheet]
wnesrpmm,fnhqcpru,-0.042957764,[Clinical outcomes of COVID-19 cases and influencing factors in Guangdong province],COVID-19 – (k)eine Zumutung?!
563ftqw3,0p7lr9z5,-0.042946164,hpO: Berufsvereinigung für heilkundlich praktizierte Osteopathie e.V.,Managing the Surge: Lessons from the Country’s Largest Freestanding Children’s Hospital
wwie0iem,psfiockb,-0.042945586,Allergikern Ängste nehmen,"Universality, criticality and complexity of information propagation in social media"
wwie0iem,3b7gokf9,-0.042943764,Allergikern Ängste nehmen,Research monitoring practices in critical care research: a survey of current state and attitudes
wwie0iem,7zuekk7p,-0.04293472,Allergikern Ängste nehmen,Reflections on the Decline of Academia: Large Problems and Small Minds
563ftqw3,8xodecfo,-0.042931646,hpO: Berufsvereinigung für heilkundlich praktizierte Osteopathie e.V.,Isolated but not alone: critical care communication in the time of covid-19
563ftqw3,piyk8hyq,-0.042917177,hpO: Berufsvereinigung für heilkundlich praktizierte Osteopathie e.V.,Vaccination decision-making problems among parents. Implications for the doctor–patient relationship
563ftqw3,yvp9rhg3,-0.042904854,hpO: Berufsvereinigung für heilkundlich praktizierte Osteopathie e.V.,Teaching remote consultation
563ftqw3,vvzig6ie,-0.04290004,hpO: Berufsvereinigung für heilkundlich praktizierte Osteopathie e.V.,The fight for justice and freedom continues
563ftqw3,3s3k7qyk,-0.042896062,hpO: Berufsvereinigung für heilkundlich praktizierte Osteopathie e.V.,Key Considerations in Drafting Dispute Resolution Clause in the COVID-19 Era;Pitfalls to Avoid
563ftqw3,5g30m8us,-0.042877883,hpO: Berufsvereinigung für heilkundlich praktizierte Osteopathie e.V.,Navigating the COVID-19 Pandemic: The Future of Children and Young People
563ftqw3,03izdr16,-0.042877838,hpO: Berufsvereinigung für heilkundlich praktizierte Osteopathie e.V.,Editorial COVID-19: Turning a huge challenge into an opportunity
563ftqw3,qawqet4l,-0.04286842,hpO: Berufsvereinigung für heilkundlich praktizierte Osteopathie e.V.,Covid-19: Comparisons by Country and Implications for Future Pandemics
563ftqw3,cgfrhpcc,-0.042858914,hpO: Berufsvereinigung für heilkundlich praktizierte Osteopathie e.V.,Lessons learned from frontline skilled nursing facility staff regarding COVID-19 vaccine hesitancy
wwie0iem,n5pp5ztp,-0.04284291,Allergikern Ängste nehmen,"Hybridoma technology; advancements, clinical significance, and future aspects"
563ftqw3,lx4qva7t,-0.04282327,hpO: Berufsvereinigung für heilkundlich praktizierte Osteopathie e.V.,Pharmacotherapeutic options for children with covid-19: A narrative review
563ftqw3,ef8gqwmy,-0.042807724,hpO: Berufsvereinigung für heilkundlich praktizierte Osteopathie e.V.,Natural Variability in Parent-Child Puzzle Play at Home
b581u9aj,l3yvi2jg,-0.042807087,"We, the frontliners.","411 Mrd. €, 11,9 %"
563ftqw3,vvif7sb1,-0.0427924,hpO: Berufsvereinigung für heilkundlich praktizierte Osteopathie e.V.,Distance Learning in the Covid-19 Period
563ftqw3,m2kccqx3,-0.042786904,hpO: Berufsvereinigung für heilkundlich praktizierte Osteopathie e.V.,Studying Children’s Eating at Home: Using Synchronous Videoconference Sessions to Adapt to COVID-19 and Beyond
563ftqw3,jhil88q7,-0.04278621,hpO: Berufsvereinigung für heilkundlich praktizierte Osteopathie e.V.,Considerations for women with COVID-19 admitted to hospital
422m97s8,fnhqcpru,-0.04278499,Goals of care conversations and telemedicine,COVID-19 – (k)eine Zumutung?!
563ftqw3,gggen6l9,-0.042781703,hpO: Berufsvereinigung für heilkundlich praktizierte Osteopathie e.V.,Impact of the initial response to COVID‐19 on long‐term care for people with intellectual disability: an interrupted time series analysis of incident reports
563ftqw3,gny6o3ce,-0.042781703,hpO: Berufsvereinigung für heilkundlich praktizierte Osteopathie e.V.,Impact of the initial response to COVID-19 on long-term care for people with intellectual disability: an interrupted time series analysis of incident reports
563ftqw3,9u1zgln0,-0.042778604,hpO: Berufsvereinigung für heilkundlich praktizierte Osteopathie e.V.,Access denied: the shortage of digitized fitness resources for people with disabilities
7rsv9lwd,fnhqcpru,-0.042772483,Highlights of genetic programming 2020 events,COVID-19 – (k)eine Zumutung?!
xmb4eywi,o5uklp5a,-0.042762134,"Strategieentwicklung ""einfach"" machen",Mutating states
563ftqw3,or9ztlyc,-0.042735163,hpO: Berufsvereinigung für heilkundlich praktizierte Osteopathie e.V.,Transitioning to a Large-Scale Distributed Programming Course
6zkyf79s,l3yvi2jg,-0.042727254,The place-based challenge,"411 Mrd. €, 11,9 %"
wwie0iem,9wd6196b,-0.04269978,Allergikern Ängste nehmen,Comparative genome organization of the major histocompatibility complex: lessons from the Felidae
aqhyt7jg,igk0ncq4,-0.04269308,Cryptosporidiosis in Farmed Animals,Mehr Impfschutz für Herzkranke
ye7fqh6a,g1lrqtib,-0.04269134,Jetzt anmelden!,Experiments@home
563ftqw3,otw6b38m,-0.042669415,hpO: Berufsvereinigung für heilkundlich praktizierte Osteopathie e.V.,Reflecting on 2020 and Planning for Pediatrics in 2021: Finding Opportunity in the Midst of Difficulty
563ftqw3,6tb6i6he,-0.04266031,hpO: Berufsvereinigung für heilkundlich praktizierte Osteopathie e.V.,A Methodology for the Sport Industry to Capture Public Perceptions and Responses in the Time of COVID-19
ye7fqh6a,j7ij6gwc,-0.042643033,Jetzt anmelden!,Current perspective on determinants and deterrents of COVID-19
21jy6zcr,563ftqw3,-0.042611673,Defining Events,hpO: Berufsvereinigung für heilkundlich praktizierte Osteopathie e.V.
563ftqw3,b493qg5f,-0.0426003,hpO: Berufsvereinigung für heilkundlich praktizierte Osteopathie e.V.,Technology We Can't Live Without! (COVID-19 edition)
wwie0iem,l0hm3k2t,-0.04259337,Allergikern Ängste nehmen,Perceptions of COVID Fears
563ftqw3,izvspdl5,-0.042592075,hpO: Berufsvereinigung für heilkundlich praktizierte Osteopathie e.V.,Transitioning the anatomy curriculum to an online platform - lessons learned.
563ftqw3,vadqt6y9,-0.042583812,hpO: Berufsvereinigung für heilkundlich praktizierte Osteopathie e.V.,Ethics-based decision-making in a COVID-19 pandemic crisis
563ftqw3,u0z63vv1,-0.04258175,hpO: Berufsvereinigung für heilkundlich praktizierte Osteopathie e.V.,Virtual care and the pursuit of the quadruple aim: A case example
l3yvi2jg,2ihmsuyg,-0.042580027,"411 Mrd. €, 11,9 %",COVID-19 and competitive markets of securitisation
563ftqw3,62l0yksn,-0.042576615,hpO: Berufsvereinigung für heilkundlich praktizierte Osteopathie e.V.,Revisiting interdependence in times and terms of crisis
563ftqw3,xfw6v05e,-0.042573847,hpO: Berufsvereinigung für heilkundlich praktizierte Osteopathie e.V.,Addressing the challenges of interaction in online language courses
563ftqw3,3y7vg5b1,-0.042560257,hpO: Berufsvereinigung für heilkundlich praktizierte Osteopathie e.V.,Involvement of Machine Learning Tools in Healthcare Decision Making
563ftqw3,43i4b9j6,-0.042549726,hpO: Berufsvereinigung für heilkundlich praktizierte Osteopathie e.V.,Hospital Care for COVID‐19: What Have We Learned?
563ftqw3,8pvxrg4y,-0.04254403,hpO: Berufsvereinigung für heilkundlich praktizierte Osteopathie e.V.,E-learning challenges faced by learners in education institutions
563ftqw3,nbj05lv6,-0.042532623,hpO: Berufsvereinigung für heilkundlich praktizierte Osteopathie e.V.,Time to adapt
wwie0iem,zf1mng24,-0.04253107,Allergikern Ängste nehmen,COVID-19 in special populations
563ftqw3,aypck5dp,-0.04249099,hpO: Berufsvereinigung für heilkundlich praktizierte Osteopathie e.V.,Actualization of Defending the Country in the Face of the COVID-19 Pandemic
563ftqw3,d8ab87ol,-0.042484466,hpO: Berufsvereinigung für heilkundlich praktizierte Osteopathie e.V.,E-learning and academic performance during covid-19: The case of teaching integral calculus
06yfjmeh,fnhqcpru,-0.042481415,P139 Women's Health Care during COVID-19,COVID-19 – (k)eine Zumutung?!
563ftqw3,s5v15iba,-0.04247217,hpO: Berufsvereinigung für heilkundlich praktizierte Osteopathie e.V.,Insights into accounting education in a COVID-19 world
563ftqw3,1kik33l8,-0.042421546,hpO: Berufsvereinigung für heilkundlich praktizierte Osteopathie e.V.,Rethinking the geography of gentrification: From a scale perspective
wwie0iem,0tj4819d,-0.04241328,Allergikern Ängste nehmen,"Masks, humidity . . . and other stories"
563ftqw3,j2hgt8ba,-0.042412657,hpO: Berufsvereinigung für heilkundlich praktizierte Osteopathie e.V.,AASLD Educating and Engaging in the Digital Age.
563ftqw3,9fqbbkkw,-0.042397916,hpO: Berufsvereinigung für heilkundlich praktizierte Osteopathie e.V.,"Advanced Practice Nurses Globally: Responding to Health Challenges, Improving Outcomes"
563ftqw3,0e9thiii,-0.04237245,hpO: Berufsvereinigung für heilkundlich praktizierte Osteopathie e.V.,Lessons Learned from a Pandemic: One Medical School’s Response to COVID-19
wwie0iem,4hz2bfup,-0.042370472,Allergikern Ängste nehmen,Passing the microphone: broadening perspectives by amplifying underrepresented voices
563ftqw3,e7ex93se,-0.042367354,hpO: Berufsvereinigung für heilkundlich praktizierte Osteopathie e.V.,Telephone-based support for physical activity: Results and lessons learned during the COVID-19 pandemic
swxndtaz,wwie0iem,-0.04236641,Illuminating places,Allergikern Ängste nehmen
gdqv1q45,92ivie3y,-0.04233658,Komplexe Gerinnungsstörungen,Our Responsibility to All of Our Patients and Families
563ftqw3,tkima2w8,-0.042333648,hpO: Berufsvereinigung für heilkundlich praktizierte Osteopathie e.V.,Teaching medical students remotely during a pandemic - what can psychiatry offer?
563ftqw3,rtemkq87,-0.04232651,hpO: Berufsvereinigung für heilkundlich praktizierte Osteopathie e.V.,"COVID-19, rules of conduct for dental care in children during pandemic."
igk0ncq4,3897mwfv,-0.04231731,Mehr Impfschutz für Herzkranke,In Defense of Public Health
ye7fqh6a,x0da3bw0,-0.04230609,Jetzt anmelden!,Staffing Levels and COVID-19 Cases and Outbreaks in U.S. Nursing Homes
wwie0iem,calv80j3,-0.042299476,Allergikern Ängste nehmen,Recent trends in biocatalysis
pi4s2ny0,fnhqcpru,-0.042293392,Webinars and Other Online Resources for Gemmological Education,COVID-19 – (k)eine Zumutung?!
wwie0iem,c3em5o7p,-0.042288173,Allergikern Ängste nehmen,News and Views on STAT3 Psychopathology
wwie0iem,1mw0k5yu,-0.04226242,Allergikern Ängste nehmen,Entrepreneurial entry: The role of social media
563ftqw3,kp7vso1k,-0.04225886,hpO: Berufsvereinigung für heilkundlich praktizierte Osteopathie e.V.,The youngest surviving COVID-19 patient: A case report
wwie0iem,i01pdngb,-0.042248636,Allergikern Ängste nehmen,Chapter 9 Pathogenic agents
eprd38kq,fnhqcpru,-0.0422261,Deaths From COVID-19.,COVID-19 – (k)eine Zumutung?!
563ftqw3,myaicqou,-0.04222432,hpO: Berufsvereinigung für heilkundlich praktizierte Osteopathie e.V.,"It's Not You, It's Me: Learning to Navigate the Patient-Physician Relationship"
563ftqw3,hl1apuv9,-0.042210784,hpO: Berufsvereinigung für heilkundlich praktizierte Osteopathie e.V.,Meeting Announcements
52dxj4i4,fnhqcpru,-0.042187836,"It’s Not Homeschool, It’s School at Home: Parents’ Experiences as Teachers during the COVID-19 Pandemic",COVID-19 – (k)eine Zumutung?!
563ftqw3,gk2398zz,-0.042171817,hpO: Berufsvereinigung für heilkundlich praktizierte Osteopathie e.V.,A First Set of Conclusions
563ftqw3,xt8q3wi9,-0.04217114,hpO: Berufsvereinigung für heilkundlich praktizierte Osteopathie e.V.,Younger Adults Caught in COVID-19 Crosshairs as Demographics Shift
563ftqw3,ayrkukh2,-0.042169247,hpO: Berufsvereinigung für heilkundlich praktizierte Osteopathie e.V.,The Transformational Experience of Junior Nurses Resulting from Providing Care to COVID-19 Patients: From Facing Hurdles to Achieving Psychological Growth
563ftqw3,ythfy5be,-0.042165983,hpO: Berufsvereinigung für heilkundlich praktizierte Osteopathie e.V.,The making of a joint E-learning platform for remote sensing education: Experiences and lessons learned
wwie0iem,l07pih6p,-0.042163048,Allergikern Ängste nehmen,The wave of “opinion articles” in the coverage of COVID-19 in surgical literature
563ftqw3,cznl7f7w,-0.0421594,hpO: Berufsvereinigung für heilkundlich praktizierte Osteopathie e.V.,Policy Lessons learned during the COVID-19 pandemic: a single institution radiology chief resident experience
563ftqw3,zz7ay71t,-0.042155277,hpO: Berufsvereinigung für heilkundlich praktizierte Osteopathie e.V.,Relationship integrity and well-being: Our shared humanity matters.
563ftqw3,lg5ypzpr,-0.042153362,hpO: Berufsvereinigung für heilkundlich praktizierte Osteopathie e.V.,30.4 TECHNOLOGY IN PRACTICE: IMPROVING COMPLIANCE AND OUTCOMES
6591nkx1,9tcgudc1,-0.042150892,Reply to Nagappa and Marimuthu,COVID-19 and hypopituitarism
9tcgudc1,jfrk3o5d,-0.042150892,COVID-19 and hypopituitarism,Reply to M Speeckaert and J Delanghe.
9tcgudc1,sbpd99n0,-0.042150892,COVID-19 and hypopituitarism,Reply to I. Nishino and J. Tanboon.
9tcgudc1,9baisu73,-0.042150892,COVID-19 and hypopituitarism,In Reply to Guragai
563ftqw3,g5kkh3i6,-0.042139757,hpO: Berufsvereinigung für heilkundlich praktizierte Osteopathie e.V.,Part 2: COVID-19 and knowledge for midwifery practice—impact and care of the baby
egkvbqhd,ej2zhlin,-0.04213411,Alles sauber?,Introductory Chapter
uk9d3w6e,fnhqcpru,-0.042110063,COVID-19 in Women's health: Epidemiology,COVID-19 – (k)eine Zumutung?!
563ftqw3,ps0aqdvg,-0.04209953,hpO: Berufsvereinigung für heilkundlich praktizierte Osteopathie e.V.,Applying Situational Leadership to Redeployment Duties During COVID-19: Lessons Learned
qvay40pd,ofz4dywk,-0.042098757,All People.,/ Aktuell /
ye7fqh6a,pebhhmz3,-0.042092804,Jetzt anmelden!,Prognostic Factors for Adverse Outcomes in COVID-19 Infection
563ftqw3,t708ooc9,-0.042079818,hpO: Berufsvereinigung für heilkundlich praktizierte Osteopathie e.V.,Transformation of EUROCONTROL's classroom courses into remote learning
wwie0iem,wykq3li6,-0.042048734,Allergikern Ängste nehmen,COVIDium: a COVID-19 resource compendium
83x9wajq,fnhqcpru,-0.042031296,Getting Through COVID-19: Keeping Clinicians in the Workforce.,COVID-19 – (k)eine Zumutung?!
563ftqw3,ras9o3zw,-0.04201321,hpO: Berufsvereinigung für heilkundlich praktizierte Osteopathie e.V.,"COVID-19 Pandemic: An analysis of what is working, what we have learned thus far, and the challenges that remain ahead."
ziwx86m7,fnhqcpru,-0.042010613,"Discovering research topics, trends, and perspectives in COVID-19-related transportation journal articles",COVID-19 – (k)eine Zumutung?!
n0oc62t2,xmb4eywi,-0.041996095,"Haloferax volcanii for biotechnology applications: challenges, current state and perspectives","Strategieentwicklung ""einfach"" machen"
wwie0iem,hg3r12df,-0.04199543,Allergikern Ängste nehmen,A Turbulent World.
ye7fqh6a,ziashmgo,-0.041988295,Jetzt anmelden!,Women Heads of State and Covid-19 Policy Responses
ujsb6ebp,5r2leevd,-0.041973665,Hearts of Athletes,Kündigung – Maskenpflicht – Anforderungen an ein Attest zur Befreiung : KSchG 1;BGB 242
wwie0iem,4hvhy6q9,-0.041961852,Allergikern Ängste nehmen,Spectrum of hematological changes in COVID-19
563ftqw3,kohlxei0,-0.04195681,hpO: Berufsvereinigung für heilkundlich praktizierte Osteopathie e.V.,Academic women and their children: Parenting during COVID-19 and the impact on scholarly productivity
4656bo8g,xmb4eywi,-0.04195012,Passages 2021,"Strategieentwicklung ""einfach"" machen"
wwie0iem,4nh3no7s,-0.04194483,Allergikern Ängste nehmen,COVID 19–laboratory scenario
563ftqw3,uh0d0juj,-0.041937456,hpO: Berufsvereinigung für heilkundlich praktizierte Osteopathie e.V.,Covidaroundus: Social distancing made easier
ydffxqt8,l3yvi2jg,-0.041924596,"Lanxess withstands challenging environment in 2019, achieves record margin","411 Mrd. €, 11,9 %"
xbc1szjd,fnhqcpru,-0.041913982,[Risk Factors for COVID-19 transmission among healthcare workers].,COVID-19 – (k)eine Zumutung?!
563ftqw3,qt9tmuwe,-0.04189425,hpO: Berufsvereinigung für heilkundlich praktizierte Osteopathie e.V.,Moral Judgments Impact Perceived Risks from COVID-19 Exposure
ye7fqh6a,rct75k3i,-0.04186956,Jetzt anmelden!,Human factors and ergonomics and the response to COVID-19
563ftqw3,gpp945mx,-0.041868895,hpO: Berufsvereinigung für heilkundlich praktizierte Osteopathie e.V.,Nine Months and Going Strong: Reflecting on an Unprecedented Year.
563ftqw3,876sj53c,-0.041866295,hpO: Berufsvereinigung für heilkundlich praktizierte Osteopathie e.V.,Storytelling
563ftqw3,3hlxm3ml,-0.04185181,hpO: Berufsvereinigung für heilkundlich praktizierte Osteopathie e.V.,Moving Closer to the Way Neuroscience Education Was before the COVID-19 Pandemic.
ye7fqh6a,z5s3mwnk,-0.041850694,Jetzt anmelden!,Vaccines for travelers.
1em17ixa,xmb4eywi,-0.041844107,Annual Meeting Highlights,"Strategieentwicklung ""einfach"" machen"
wwie0iem,x7apg7fx,-0.041832358,Allergikern Ängste nehmen,"Tylophorine: Sources, Properties, Applications and Biotechnological Production"
563ftqw3,ho76yigr,-0.04181423,hpO: Berufsvereinigung für heilkundlich praktizierte Osteopathie e.V.,Who gets a COVID vaccine first? Access plans are taking shape
563ftqw3,5hoo8pi3,-0.041811183,hpO: Berufsvereinigung für heilkundlich praktizierte Osteopathie e.V.,Practitioner Application: Variations in Workplace Safety Climate Perceptions and Outcomes Across Healthcare Provider Positions.
563ftqw3,olnjrpqu,-0.041794047,hpO: Berufsvereinigung für heilkundlich praktizierte Osteopathie e.V.,Rebuilding a Teaching Conference in a Pandemic: User-Centered Guiding Principles and Lessons Learned
563ftqw3,x4kyzysm,-0.041784894,hpO: Berufsvereinigung für heilkundlich praktizierte Osteopathie e.V.,Three-Way Decision for Handling Uncertainty in Machine Learning: A Narrative Review
a2zifi5m,fnhqcpru,-0.041784115,Frequency of detection of picornaviruses and seven other respiratory pathogens in infants.,COVID-19 – (k)eine Zumutung?!
sv60njxl,563ftqw3,-0.041783504,One-year into COVID-19 pandemic: Decision-making and mental-health outcomes and their risk factors,hpO: Berufsvereinigung für heilkundlich praktizierte Osteopathie e.V.
563ftqw3,r50n3u40,-0.04178298,hpO: Berufsvereinigung für heilkundlich praktizierte Osteopathie e.V.,Growing the pattern: Our first year
563ftqw3,k2gdgxkx,-0.04177992,hpO: Berufsvereinigung für heilkundlich praktizierte Osteopathie e.V.,Medical waste: Current challenges and future opportunities for sustainable management
wwie0iem,x6s34z1s,-0.041771393,Allergikern Ängste nehmen,Cyberbiosecurity Challenges of Pathogen Genome Databases
swxndtaz,fnhqcpru,-0.0417658,Illuminating places,COVID-19 – (k)eine Zumutung?!
563ftqw3,m4lv4g4b,-0.041744772,hpO: Berufsvereinigung für heilkundlich praktizierte Osteopathie e.V.,Accommodating vaccine preferences among women of childbearing age
563ftqw3,09gp99xs,-0.04174342,hpO: Berufsvereinigung für heilkundlich praktizierte Osteopathie e.V.,Development of the WHO-INTEGRATE evidence-to-decision framework: an overview of systematic reviews of decision criteria for health decision-making
563ftqw3,j0zf0flv,-0.041733883,hpO: Berufsvereinigung für heilkundlich praktizierte Osteopathie e.V.,The teachings of Long COVID
563ftqw3,mee466ym,-0.04172823,hpO: Berufsvereinigung für heilkundlich praktizierte Osteopathie e.V.,MyDispense impact in compensating summer field training course during COVID-19 pandemic
ye7fqh6a,70yi1yhf,-0.041719608,Jetzt anmelden!,Bacterial vaccines in poultry
563ftqw3,l1ff0qkh,-0.0416928,hpO: Berufsvereinigung für heilkundlich praktizierte Osteopathie e.V.,The Paradox of Information Access: Growing Isolation in the Age of Sharing
563ftqw3,evy2sxts,-0.041667964,hpO: Berufsvereinigung für heilkundlich praktizierte Osteopathie e.V.,How Can the World Avoid the Spread of Future Pandemics?
563ftqw3,xryqtfpw,-0.041665938,hpO: Berufsvereinigung für heilkundlich praktizierte Osteopathie e.V.,"Dermatologist Perceptions of Teledermatology Implementation and Future Use After COVID-19: Demographics, Barriers, and Insights."
igk0ncq4,eej8qb9t,-0.04163905,Mehr Impfschutz für Herzkranke,Acknowledgement to Referees.
563ftqw3,7p1byz97,-0.04162596,hpO: Berufsvereinigung für heilkundlich praktizierte Osteopathie e.V.,How Covid-19 Changes the Way We Live
563ftqw3,js84ruve,-0.041623212,hpO: Berufsvereinigung für heilkundlich praktizierte Osteopathie e.V.,Real-time time-series modelling for prediction of COVID-19 spread and intervention assessment
563ftqw3,gdv5nxw6,-0.041620545,hpO: Berufsvereinigung für heilkundlich praktizierte Osteopathie e.V.,Physical activity: Benefits and challenges during the COVID-19 pandemic
x75qpedc,xmb4eywi,-0.041573808,Neuropsychiatric manifestations of COVID-19,"Strategieentwicklung ""einfach"" machen"
ye7fqh6a,3wzxc8ch,-0.041570637,Jetzt anmelden!,The incidence of myopericarditis in patients with COVID-19
fnhqcpru,obnbjr74,-0.041547064,COVID-19 – (k)eine Zumutung?!,Guest Editors’ Introduction: SBCCI 2020
563ftqw3,kycmo0kv,-0.041542873,hpO: Berufsvereinigung für heilkundlich praktizierte Osteopathie e.V.,Using digital games in virtual classrooms to make attitudinal learning motivating and engaging
ye7fqh6a,06yfjmeh,-0.041535456,Jetzt anmelden!,P139 Women's Health Care during COVID-19
563ftqw3,z01d8gpf,-0.041515615,hpO: Berufsvereinigung für heilkundlich praktizierte Osteopathie e.V.,Determining the Impact of COVID-19 on End-of-Life Experiences of Family Caregivers for People Living With Dementia
563ftqw3,ro1o38og,-0.04149169,hpO: Berufsvereinigung für heilkundlich praktizierte Osteopathie e.V.,"Transparency in the Ophthalmology Residency Match: Background, Study, and Implications"
x8elw4vu,l3yvi2jg,-0.041485384,Setting the Limits of Consultations.,"411 Mrd. €, 11,9 %"
7m49ykl3,eej8qb9t,-0.041473806,Empfehlungen für einen gerechten und geregelten Zugang zu einem COVID-19-Impfstoff,Acknowledgement to Referees.
563ftqw3,f1y8v7d5,-0.041466236,hpO: Berufsvereinigung für heilkundlich praktizierte Osteopathie e.V.,COVID times make ‘deep listening’ explicit: changing the space between interviewer and participant
563ftqw3,367c1yt3,-0.041464243,hpO: Berufsvereinigung für heilkundlich praktizierte Osteopathie e.V.,"COVID-19, indications for professional football teams and referees training resumption."
563ftqw3,mijcewhv,-0.04146225,hpO: Berufsvereinigung für heilkundlich praktizierte Osteopathie e.V.,ECIO 2022 Book of Abstracts
563ftqw3,t5ojew6e,-0.0414526,hpO: Berufsvereinigung für heilkundlich praktizierte Osteopathie e.V.,Bullying in children: impact on child health
l3yvi2jg,jjmxj3fa,-0.041441385,"411 Mrd. €, 11,9 %",Within Reach
ye7fqh6a,qc17no6c,-0.041438807,Jetzt anmelden!,Hematologic parameters in patients with COVID-19 infection.
ye7fqh6a,ekgdlyfg,-0.041425884,Jetzt anmelden!,Private Struggles in Public Spaces: Documenting COVID-19 Material Culture and Landscapes
563ftqw3,ecuy5elv,-0.041410197,hpO: Berufsvereinigung für heilkundlich praktizierte Osteopathie e.V.,A helping hand for practices.
563ftqw3,ahjfie74,-0.041410197,hpO: Berufsvereinigung für heilkundlich praktizierte Osteopathie e.V.,A helping hand for practices
563ftqw3,klxbf9oe,-0.041408964,hpO: Berufsvereinigung für heilkundlich praktizierte Osteopathie e.V.,Teaching Pharmacology to Medical Students: Preference for Faculty Interaction Over Recorded Lectures
563ftqw3,6ifkgl05,-0.041407302,hpO: Berufsvereinigung für heilkundlich praktizierte Osteopathie e.V.,Growing occupation-centred therapists for the future: Understanding student experiences of learning about occupation and its place in occupational therapy practice
563ftqw3,ism067f0,-0.041402724,hpO: Berufsvereinigung für heilkundlich praktizierte Osteopathie e.V.,COVID-19 and the heart: what we have learnt so far.
563ftqw3,51gl060i,-0.041389596,hpO: Berufsvereinigung für heilkundlich praktizierte Osteopathie e.V.,"The past, present, and future of dentistry through lenses: A short communication"
wwie0iem,jc7fy3fy,-0.04138338,Allergikern Ängste nehmen,"FCAA related news, events and books (FCAA–Volume 23–2–2020)"
563ftqw3,xn7e29vg,-0.041366283,hpO: Berufsvereinigung für heilkundlich praktizierte Osteopathie e.V.,Sports Pedagogy at the Time of COVID-19
563ftqw3,tjmdurqs,-0.041358314,hpO: Berufsvereinigung für heilkundlich praktizierte Osteopathie e.V.,Peer interaction teaching-learning approaches for effective engagement of students in virtual classroom
563ftqw3,xs0g5npq,-0.04135541,hpO: Berufsvereinigung für heilkundlich praktizierte Osteopathie e.V.,The Potential Impact of COVID‐19 on Student Learning and How Schools Can Respond
563ftqw3,8o7ym03p,-0.04132731,hpO: Berufsvereinigung für heilkundlich praktizierte Osteopathie e.V.,Collaborative Learning: From Face-to-face to the Virtual Classroom in the COVID-19 Era
563ftqw3,eha8v1up,-0.04132085,hpO: Berufsvereinigung für heilkundlich praktizierte Osteopathie e.V.,Commentary: COVID-19: The Long(term) and Short(term) of It
i01pdngb,fnhqcpru,-0.04129551,Chapter 9 Pathogenic agents,COVID-19 – (k)eine Zumutung?!
wwie0iem,2gvdl0d6,-0.04127887,Allergikern Ängste nehmen,COVID-19 and the world of work dynamics: A critical review
563ftqw3,oswbu214,-0.041265823,hpO: Berufsvereinigung für heilkundlich praktizierte Osteopathie e.V.,Women’s experiences of mistreatment during childbirth and their satisfaction with care: findings from a multicountry community-based study in four countries
ikewv82j,fnhqcpru,-0.04124464,COVID-19: psychological issues for people with diabetes and health care staff,COVID-19 – (k)eine Zumutung?!
gwts1qgm,fnhqcpru,-0.04123217,Effectiveness of Healthcare and Fitness Influencers during COVID Times,COVID-19 – (k)eine Zumutung?!
563ftqw3,oef51pox,-0.041227054,hpO: Berufsvereinigung für heilkundlich praktizierte Osteopathie e.V.,The Year in Electrophysiology: Selected Highlights from 2021.
ye7fqh6a,0sk2j9dd,-0.04121908,Jetzt anmelden!,COVID‐19 response: the perspectives of infectious diseases physicians and clinical microbiologists
563ftqw3,ph7ij2pj,-0.04119287,hpO: Berufsvereinigung für heilkundlich praktizierte Osteopathie e.V.,COVID-19: Challenges and opportunities for dermatology response
563ftqw3,0575yava,-0.041188274,hpO: Berufsvereinigung für heilkundlich praktizierte Osteopathie e.V.,Challenges for indigenous children and youth
wwie0iem,e2p70d3x,-0.04118062,Allergikern Ängste nehmen,Remote Observation of Field Work on the Farm
563ftqw3,hnfcmh71,-0.04117484,hpO: Berufsvereinigung für heilkundlich praktizierte Osteopathie e.V.,"Biophilic Design as a Strategy for Accomplishing the Idea of Healthy, Sustainable, and Resilient Environments"
563ftqw3,yjbju5er,-0.04117143,hpO: Berufsvereinigung für heilkundlich praktizierte Osteopathie e.V.,Key advances and remaining challenges in childhood and adolescent tuberculosis.
mkk3uuv4,fnhqcpru,-0.041164808,CHAPTER 13 FERRETS,COVID-19 – (k)eine Zumutung?!
563ftqw3,czrl13xb,-0.0411458,hpO: Berufsvereinigung für heilkundlich praktizierte Osteopathie e.V.,Can Eating Make Us More Creative? A Multisensory Perspective
wwie0iem,ooh2dsem,-0.04113001,Allergikern Ängste nehmen,Clinical Research Updates
563ftqw3,8j9jiyhc,-0.04112792,hpO: Berufsvereinigung für heilkundlich praktizierte Osteopathie e.V.,[Evaluation of a general education course on sexuality for university students].
wwie0iem,ugduxs01,-0.041125227,Allergikern Ängste nehmen,Errors in Figure
i5gd64r3,fnhqcpru,-0.041119296,Analysis of Factors Influencing the Motivation of Production Workers: Experiences of Polish Family Businesses,COVID-19 – (k)eine Zumutung?!
ye7fqh6a,5pinbc6k,-0.041106272,Jetzt anmelden!,"Animals, Vaccines, and COVID-19"
ye7fqh6a,mh3r7j1l,-0.041092202,Jetzt anmelden!,Physicians' Perceptions Of People With Disability And Their Health Care.
wwie0iem,csy5fekx,-0.041089278,Allergikern Ängste nehmen,Living in a Covid‐19 World
563ftqw3,liafanhk,-0.04108896,hpO: Berufsvereinigung für heilkundlich praktizierte Osteopathie e.V.,"This Must Be the Place: Distraction, Connection, and “Space-Building” in the Time of Quarantine"
563ftqw3,9iakp4d7,-0.041088212,hpO: Berufsvereinigung für heilkundlich praktizierte Osteopathie e.V.,Improving the Assessment of Resident Competency: Physical Medicine and Rehabilitation Milestones 2.0.
563ftqw3,1djdru4x,-0.041084066,hpO: Berufsvereinigung für heilkundlich praktizierte Osteopathie e.V.,What to Teach and How to Teach Medical Students in the Middle of COVID-19? Guidance for Teachers in Psychiatry
m1qdtp1y,igk0ncq4,-0.041077696,Keeping current on patient safety.,Mehr Impfschutz für Herzkranke
2fnsb7ej,ye7fqh6a,-0.04105333,Caring for Patients at a COVID-19 Field Hospital,Jetzt anmelden!
563ftqw3,m65o2ncb,-0.04104724,hpO: Berufsvereinigung für heilkundlich praktizierte Osteopathie e.V.,"Long-Term Care Planning, Preparedness, and Response Among Rural Long-Term Care Providers."
563ftqw3,e4ue8h01,-0.041046917,hpO: Berufsvereinigung für heilkundlich praktizierte Osteopathie e.V.,"Lost in Transition? Thoughts on Retirement, Part 2. “Should I Stay or Should I Go Now?”"
563ftqw3,0xckvt5t,-0.041036107,hpO: Berufsvereinigung für heilkundlich praktizierte Osteopathie e.V.,Online learning: Students’ autonomy and attitudes
d6uvq34u,fnhqcpru,-0.041017123,To Study the Clinical Profile of Thromboembolic Events in Covid 19 Patients.,COVID-19 – (k)eine Zumutung?!
xqhxra2p,ha4624g4,-0.040999446,Akutrehabilitation nach COVID‑19‑Infektion: Eine ausgewählte Fallserie,Challenges of COVID-19
96d5unge,ofz4dywk,-0.0409577,The Circle,/ Aktuell /
563ftqw3,zen3876u,-0.04095727,hpO: Berufsvereinigung für heilkundlich praktizierte Osteopathie e.V.,"COVID-19, Naturally."
563ftqw3,x86cuw13,-0.040950254,hpO: Berufsvereinigung für heilkundlich praktizierte Osteopathie e.V.,The Development of the Love and Respect Marriage Scale.
wwie0iem,5uoa7y29,-0.0409307,Allergikern Ängste nehmen,"Media restrictions have ""cost lives"""
wwie0iem,xcvz174w,-0.0409307,Allergikern Ängste nehmen,"Media restrictions have ""cost lives""."
563ftqw3,3o6br1gz,-0.04092257,hpO: Berufsvereinigung für heilkundlich praktizierte Osteopathie e.V.,Choosing anaesthesia as a career: A postgraduate student's perspective
563ftqw3,xxo3jx5k,-0.04091777,hpO: Berufsvereinigung für heilkundlich praktizierte Osteopathie e.V.,Long-Term Care Nurses' Experiences With Patient Safety Incident Management: A Qualitative Study.
0t3dnn9x,fnhqcpru,-0.04090156,Vocational school teachers' perceptions of e-learning during covid-19,COVID-19 – (k)eine Zumutung?!
yehr8orl,fnhqcpru,-0.04089226,Animals Hazardous to Humans,COVID-19 – (k)eine Zumutung?!
xfdgk2j6,igk0ncq4,-0.0408836,VIRUS DISEASES OF DOMESTIC ANIMALS,Mehr Impfschutz für Herzkranke
egkvbqhd,ha4624g4,-0.040878993,Alles sauber?,Challenges of COVID-19
563ftqw3,3jkqpczc,-0.040875543,hpO: Berufsvereinigung für heilkundlich praktizierte Osteopathie e.V.,After the game is before the game!
563ftqw3,cvqbe746,-0.040873013,hpO: Berufsvereinigung für heilkundlich praktizierte Osteopathie e.V.,Future Directions in Food Safety
563ftqw3,h7jw5u10,-0.040869087,hpO: Berufsvereinigung für heilkundlich praktizierte Osteopathie e.V.,Reassessing advance care planning in the light of covid-19
563ftqw3,sf3ndqae,-0.040863946,hpO: Berufsvereinigung für heilkundlich praktizierte Osteopathie e.V.,How parents spent time at home with their preschool-aged children during the COVID-19 pandemic of 2020
563ftqw3,hew8c122,-0.040855385,hpO: Berufsvereinigung für heilkundlich praktizierte Osteopathie e.V.,The Unique Challenges Faced by Assisted Living Communities to Meet Federal Guidelines for COVID-19
563ftqw3,w31uh9dx,-0.040841244,hpO: Berufsvereinigung für heilkundlich praktizierte Osteopathie e.V.,Enhancing the use of Children's Rights Impact Assessments in ordinary and extraordinary times to understand the rights of children subject to statutory intervention in family life
563ftqw3,3fv8846h,-0.040840413,hpO: Berufsvereinigung für heilkundlich praktizierte Osteopathie e.V.,"Assessing Veterinary Practice and Practitioner Preparedness for Natural and Man-Made Disasters, Including COVID-19"
ye7fqh6a,p722u4s5,-0.0408378,Jetzt anmelden!,"Antibodies: Friends, Foes, or Both? Lessons From COVID-19 for the Rheumatologist."
563ftqw3,ad0m3r9d,-0.04083233,hpO: Berufsvereinigung für heilkundlich praktizierte Osteopathie e.V.,Factors Associated with the Patient’s Decision to Avoid Healthcare during the COVID-19 Pandemic
ye7fqh6a,7zuekk7p,-0.04081897,Jetzt anmelden!,Reflections on the Decline of Academia: Large Problems and Small Minds
563ftqw3,7stw760y,-0.040816855,hpO: Berufsvereinigung für heilkundlich praktizierte Osteopathie e.V.,Ensuring Quality in the Era of Virtual Care.
563ftqw3,4rq7lbaa,-0.04081257,hpO: Berufsvereinigung für heilkundlich praktizierte Osteopathie e.V.,Does Personality Shape COVID-19 Responses in Older Adults?
mh3r7j1l,fnhqcpru,-0.040811002,Physicians' Perceptions Of People With Disability And Their Health Care.,COVID-19 – (k)eine Zumutung?!
ie1oz85q,xmb4eywi,-0.040793218,Clinical characteristics of COVID-19: an analysis of 11 cases,"Strategieentwicklung ""einfach"" machen"
563ftqw3,4bv3ftxy,-0.04079223,hpO: Berufsvereinigung für heilkundlich praktizierte Osteopathie e.V.,Does a 'return to campus' translate to a return to the classroom?
wwie0iem,2y8ctfhc,-0.040780704,Allergikern Ängste nehmen,At-Home Laboratory Experiments for the Analytical Chemistry Curriculum
563ftqw3,bpoziji8,-0.040767446,hpO: Berufsvereinigung für heilkundlich praktizierte Osteopathie e.V.,The cost of a fair and sustainable COVID-19 grant for the world’s poorest economies
563ftqw3,63qzissw,-0.040760793,hpO: Berufsvereinigung für heilkundlich praktizierte Osteopathie e.V.,Avoiding Ineffective End‐of‐Life Care: A Lesson from Triage?
ye7fqh6a,726i98a4,-0.040757574,Jetzt anmelden!,Rural and Urban Differences in COVID-19 Prevention Behaviors
563ftqw3,o45sn9lb,-0.04074907,hpO: Berufsvereinigung für heilkundlich praktizierte Osteopathie e.V.,Interaction between the learners’ initial grasp of the object of learning and the learning resource afforded
563ftqw3,dtee9gpq,-0.04074327,hpO: Berufsvereinigung für heilkundlich praktizierte Osteopathie e.V.,Impact of COVID‐19 on changing consumer behaviour: Lessons from an emerging economy
ye7fqh6a,aqhyt7jg,-0.040742032,Jetzt anmelden!,Cryptosporidiosis in Farmed Animals
o85b3q0b,fnhqcpru,-0.04073295,Questions and answers,COVID-19 – (k)eine Zumutung?!
wwie0iem,xvof1gn4,-0.04073124,Allergikern Ängste nehmen,Microbial contamination screening and interpretation for biological laboratory environments
563ftqw3,1h7u3m20,-0.04072822,hpO: Berufsvereinigung für heilkundlich praktizierte Osteopathie e.V.,An Outline of the Story of Girls in Control and its Success in Motivating Girls Internationally
563ftqw3,ao0m8xlw,-0.040727094,hpO: Berufsvereinigung für heilkundlich praktizierte Osteopathie e.V.,You Are Courageous and Essential
563ftqw3,vucdwduw,-0.040725358,hpO: Berufsvereinigung für heilkundlich praktizierte Osteopathie e.V.,"Caregiver decision-making on young child schooling/care in the face of COVID-19: The influence of child, caregiver, and systemic factors()"
563ftqw3,0fu1fya0,-0.040709462,hpO: Berufsvereinigung für heilkundlich praktizierte Osteopathie e.V.,Safely conducting essential research in the face of COVID-19
wwie0iem,o0rpkt63,-0.040707465,Allergikern Ängste nehmen,Overlay journals: a study of the current landscape
563ftqw3,7pln5iet,-0.04070555,hpO: Berufsvereinigung für heilkundlich praktizierte Osteopathie e.V.,Skin manifestations of COVID‐19 in children: Part 3
wwie0iem,nw47ysg8,-0.040691808,Allergikern Ängste nehmen,Exploring the changing geographical pattern of international scientific collaborations through the prism of cities
563ftqw3,ba8s6h6z,-0.040678766,hpO: Berufsvereinigung für heilkundlich praktizierte Osteopathie e.V.,Challenges and Unexpected Affordances of Physical Computing Going Remote
ye7fqh6a,pmzdovna,-0.040668145,Jetzt anmelden!,"Politics, media and microbiologists"
563ftqw3,3xxnnf15,-0.040660594,hpO: Berufsvereinigung für heilkundlich praktizierte Osteopathie e.V.,The chairside experience in a COVID-19 world
563ftqw3,eh8tl6cb,-0.04065636,hpO: Berufsvereinigung für heilkundlich praktizierte Osteopathie e.V.,E-Therapy Critical Success Factors: The Immediate Impact of COVID-19
wdw2pj9g,igk0ncq4,-0.040648468,CEACAM1 recognition by bacterial pathogens is species-specific,Mehr Impfschutz für Herzkranke
563ftqw3,l9op4u83,-0.040642127,hpO: Berufsvereinigung für heilkundlich praktizierte Osteopathie e.V.,"RehabMove2018: active lifestyle for people with physical disabilities; mobility, exercise & sports."
563ftqw3,itzlt12z,-0.04064112,hpO: Berufsvereinigung für heilkundlich praktizierte Osteopathie e.V.,Effective Techniques of Teaching Foreign Languages to Bachelor Students under Distance Learning Conditions
563ftqw3,23q36tvx,-0.040635847,hpO: Berufsvereinigung für heilkundlich praktizierte Osteopathie e.V.,Public health: Life lessons
563ftqw3,j3osz66z,-0.040632937,hpO: Berufsvereinigung für heilkundlich praktizierte Osteopathie e.V.,Covid-19: An Impromptu or Trend-setting Factor in Research on Language and Education?
563ftqw3,06gkoo69,-0.04061998,hpO: Berufsvereinigung für heilkundlich praktizierte Osteopathie e.V.,Mindful Well-Being and Learning
563ftqw3,1crbs7u8,-0.040617764,hpO: Berufsvereinigung für heilkundlich praktizierte Osteopathie e.V.,Modelling Consent in the Time of COVID-19
563ftqw3,yhmc523l,-0.04061012,hpO: Berufsvereinigung für heilkundlich praktizierte Osteopathie e.V.,World's physics instruments turn their focus to COVID-19
563ftqw3,s6emmtcp,-0.04060987,hpO: Berufsvereinigung für heilkundlich praktizierte Osteopathie e.V.,Conferences in the time of COVID: Perspectives on organising ISXB-4 Virtual
wwie0iem,vewlrezk,-0.040568057,Allergikern Ängste nehmen,Genomic Variation Prediction: A Summary From Different Views
wwie0iem,oef51pox,-0.040567726,Allergikern Ängste nehmen,The Year in Electrophysiology: Selected Highlights from 2021.
563ftqw3,yhqo3qa2,-0.040561836,hpO: Berufsvereinigung für heilkundlich praktizierte Osteopathie e.V.,Lessons Learned or Forgotten? Impacts of COVID-19 on the Future Direction of Global (e-)Mental Health Care
563ftqw3,fa3r118h,-0.04053959,hpO: Berufsvereinigung für heilkundlich praktizierte Osteopathie e.V.,Can hesitancy be mitigated by free choice across COVID-19 vaccine types?
563ftqw3,bjpgd1ep,-0.04053809,hpO: Berufsvereinigung für heilkundlich praktizierte Osteopathie e.V.,The Impact of E-learning on University Students' Learning of Sport Skill Subjects during the Covid-19 Pandemic
563ftqw3,f76mxttr,-0.04053785,hpO: Berufsvereinigung für heilkundlich praktizierte Osteopathie e.V.,"Superposition of COVID-19 waves, anticipating a sustained wave, and lessons for the future"
563ftqw3,jrkt1kvi,-0.040535096,hpO: Berufsvereinigung für heilkundlich praktizierte Osteopathie e.V.,Conflict of interest disclosures.
wwie0iem,hl1apuv9,-0.04053278,Allergikern Ängste nehmen,Meeting Announcements
l3yvi2jg,7stmm0ds,-0.04053148,"411 Mrd. €, 11,9 %",Repeats Mimic Immunostimulatory Viral Features Across a Vast Evolutionary Landscape
563ftqw3,2j2ciql4,-0.040524308,hpO: Berufsvereinigung für heilkundlich praktizierte Osteopathie e.V.,Telehealth’s Time Has Come
ye7fqh6a,hekod41k,-0.040523708,Jetzt anmelden!,Covid-19: virological aspects and pathogenesis
563ftqw3,yfrl3nhb,-0.040509127,hpO: Berufsvereinigung für heilkundlich praktizierte Osteopathie e.V.,Clinical nursing care guidance for management of patient with COVID-19.
jw72fi4l,cxnaoem6,-0.04050435,Comment AGREEING ON COVID‐19,MPI and COVID-19
t89vb45g,fnhqcpru,-0.04048952,"COVID-19: Psychological symptoms and coping strategies in preschoolers, schoolchildren, and adolescents",COVID-19 – (k)eine Zumutung?!
wwie0iem,m9rdjjri,-0.040472873,Allergikern Ängste nehmen,The Complexity of Remote Learning: A Neuroergonomical Discussion
563ftqw3,a46p8jo1,-0.04046999,hpO: Berufsvereinigung für heilkundlich praktizierte Osteopathie e.V.,Real-world impact of the COVID-19 pandemic on the assessment of anaesthesiology residents
563ftqw3,mmn2juis,-0.04046999,hpO: Berufsvereinigung für heilkundlich praktizierte Osteopathie e.V.,Real-world impact of COVID-19 pandemic on the assessment of anaesthesiology residents
563ftqw3,vyut94v5,-0.040461242,hpO: Berufsvereinigung für heilkundlich praktizierte Osteopathie e.V.,Snapshot in Time
563ftqw3,6u7dpl4w,-0.04045813,hpO: Berufsvereinigung für heilkundlich praktizierte Osteopathie e.V.,Assessment of COVID-19 Knowledge Among University Students: Implications for Future Risk Communication Strategies.
563ftqw3,2q2swecz,-0.040446896,hpO: Berufsvereinigung für heilkundlich praktizierte Osteopathie e.V.,Protecting Children with Long-Term Conditions during the COVID-19 Pandemic.
wwie0iem,ohhe2qkh,-0.040432442,Allergikern Ängste nehmen,Comparison of prediction accuracies between mathematical models to make projections of confirmed cases during the COVID-19 pandamic by country/region
gdqv1q45,65pc7297,-0.040421993,Komplexe Gerinnungsstörungen,Communicating with children about COVID-19
cfncsjj2,84yq3oyz,-0.040420745,Eular 2020: Kurzer Überblick – Praxisrelevant …!,COVID-19: No Visitors.
563ftqw3,m51pplni,-0.040402703,hpO: Berufsvereinigung für heilkundlich praktizierte Osteopathie e.V.,The search for charmed states of matter
d14b7crf,l3yvi2jg,-0.040386196,Achievement Gaps in the Wake of COVID-19,"411 Mrd. €, 11,9 %"
563ftqw3,7ixe0ewp,-0.040360127,hpO: Berufsvereinigung für heilkundlich praktizierte Osteopathie e.V.,Smartphone applications for physical activity promotion from physical education
563ftqw3,dg6d91tl,-0.040358726,hpO: Berufsvereinigung für heilkundlich praktizierte Osteopathie e.V.,Public Health: Our Time of Challenge.
ye7fqh6a,46shldwo,-0.040355936,Jetzt anmelden!,Clinical Characteristics and Risk Factors for Myocardial Injury and Arrhythmia in COVID-19 patients
563ftqw3,9kh2s0ky,-0.040355016,hpO: Berufsvereinigung für heilkundlich praktizierte Osteopathie e.V.,Changes in Care Provision During COVID-19 Impact Patient Well-Being
563ftqw3,e1oijzl9,-0.04034307,hpO: Berufsvereinigung für heilkundlich praktizierte Osteopathie e.V.,Food defense—“Back to the basics”
563ftqw3,xefpg0zo,-0.040342994,hpO: Berufsvereinigung für heilkundlich praktizierte Osteopathie e.V.,What’s Important: Facing Fear in the Time of COVID-19
563ftqw3,zkorkkhy,-0.04033889,hpO: Berufsvereinigung für heilkundlich praktizierte Osteopathie e.V.,COVID-19 lockdown: Impact on college students' lives.
563ftqw3,0b3oatsw,-0.040338535,hpO: Berufsvereinigung für heilkundlich praktizierte Osteopathie e.V.,Required COVID-19 Vaccination Certification to Attend Certain U.S. Professional Football Games in Fall 2021: A Natural Experiment
563ftqw3,zkfgj825,-0.040320486,hpO: Berufsvereinigung für heilkundlich praktizierte Osteopathie e.V.,Understanding and managing uncertainty in health care: revisiting and advancing sociological contributions
563ftqw3,4jeq9zv6,-0.040320486,hpO: Berufsvereinigung für heilkundlich praktizierte Osteopathie e.V.,Understanding and managing uncertainty in health care: revisiting and advancing sociological contributions.
10v88wi6,e97bazt5,-0.04029787,Desinfektionsmittel in der COVID-19-Pandemie: eine Herausforderung,"Covid, Colleges, and Classes"
563ftqw3,zh31ewe7,-0.040280458,hpO: Berufsvereinigung für heilkundlich praktizierte Osteopathie e.V.,Staying (mentally) healthy - the impact of COVID19 on personal and professional lives
563ftqw3,fc44u8s5,-0.040270273,hpO: Berufsvereinigung für heilkundlich praktizierte Osteopathie e.V.,"A qualitative exploration of patients’ experiences, needs and expectations regarding online access to their primary care record"
akqd2ryd,l3yvi2jg,-0.04025261,Optimising Building-to-Building and Building-for-Grid Services under Uncertainty: A Robust Rolling Horizon Approach,"411 Mrd. €, 11,9 %"
d6su39tw,yp9dj2yb,-0.040249705,Erfolgreiche Behandlung eines drittgradigen Pleuraempyems infolge einer COVID-19-Infektion,The will not to know
563ftqw3,lnvqcjnu,-0.04023591,hpO: Berufsvereinigung für heilkundlich praktizierte Osteopathie e.V.,Forecasting the nearly unforecastable: why aren’t airline bookings adhering to the prediction algorithm?
gfor97jc,wwie0iem,-0.04023408,Observations and Considerations for Implementing Remote Acoustic Voice Recording and Analysis in Clinical Practice.,Allergikern Ängste nehmen
armmnwa4,eej8qb9t,-0.040212434,COVID-19: Zwischenbilanz nach einem Jahr,Acknowledgement to Referees.
563ftqw3,fgfzsjjz,-0.040204458,hpO: Berufsvereinigung für heilkundlich praktizierte Osteopathie e.V.,Five tips for moving teaching online as COVID-19 takes hold.
563ftqw3,favv0qjp,-0.040203128,hpO: Berufsvereinigung für heilkundlich praktizierte Osteopathie e.V.,The Gender and Education of Parents as Factors That Influence Their Views on Physical Education
4xfipd3x,k88q5135,-0.040184103,Superspreading genomes.,Endlich wieder: Austausch von Angesicht zu Angesicht
cm345pyo,k88q5135,-0.040184103,Superspreading genomes,Endlich wieder: Austausch von Angesicht zu Angesicht
563ftqw3,r7qu5axk,-0.04016887,hpO: Berufsvereinigung für heilkundlich praktizierte Osteopathie e.V.,"Distance learning during COVID-19 pandemic: satisfaction, opportunities and challenges as perceived by faculty members and students"
joy2fu1d,fnhqcpru,-0.04015629,Commentary on two reports on animal models of COVID-19,COVID-19 – (k)eine Zumutung?!
563ftqw3,i2cual2y,-0.04014831,hpO: Berufsvereinigung für heilkundlich praktizierte Osteopathie e.V.,Measuring the Impact of an Educational Intervention on Evidence-Based Practice
86lynlxn,l3yvi2jg,-0.040140554,Coronaviruses in the Limelight,"411 Mrd. €, 11,9 %"
ye7fqh6a,ovwhjj0s,-0.04013113,Jetzt anmelden!,Bats as ‘special’ reservoirs for emerging zoonotic pathogens
ye7fqh6a,9ykwgtxj,-0.04012362,Jetzt anmelden!,Reportable diseases.
563ftqw3,q0p4vlq1,-0.0401232,hpO: Berufsvereinigung für heilkundlich praktizierte Osteopathie e.V.,"The Artificial Intelligence in Digital Radiology: Part 1: The Challenges, Acceptance and Consensus"
563ftqw3,4w5ro2nt,-0.040104326,hpO: Berufsvereinigung für heilkundlich praktizierte Osteopathie e.V.,"Long-Term, Multicountry Perspective on Rental Market Regulations"
hi67qni2,fnhqcpru,-0.040100705,Of variants and vaccines,COVID-19 – (k)eine Zumutung?!
563ftqw3,2vzsmpba,-0.040092133,hpO: Berufsvereinigung für heilkundlich praktizierte Osteopathie e.V.,2021: A year that compels us to change perspective.
563ftqw3,pwj5ruo0,-0.0400849,hpO: Berufsvereinigung für heilkundlich praktizierte Osteopathie e.V.,Managing the spread of misinformation during COVID-19
wwie0iem,mkk3uuv4,-0.04007879,Allergikern Ängste nehmen,CHAPTER 13 FERRETS
wwie0iem,wgb2778f,-0.040078238,Allergikern Ängste nehmen,Field Note—Social Work Field Education in Quarantine: Administrative Lessons From the Field During a Worldwide Pandemic
gdqv1q45,vkzlz68y,-0.04007728,Komplexe Gerinnungsstörungen,Up to the challenge
kkflrybw,mn7hrkrn,-0.04007499,Nachrichtenteil für Grundwasser-Heft 2/2021,Phlorotannins
rr6i820n,wwie0iem,-0.040061403,Geometric invariant features for the detection and analysis of vehicle,Allergikern Ängste nehmen
ye7fqh6a,eplken4d,-0.04001653,Jetzt anmelden!,Individual risk perceptions and behavior*
563ftqw3,yk69q5e9,-0.040014766,hpO: Berufsvereinigung für heilkundlich praktizierte Osteopathie e.V.,The Effects of Iconic Gestures and Babble Language on Word Intelligibility in Sentence Context.
563ftqw3,5tti25g3,-0.04000579,hpO: Berufsvereinigung für heilkundlich praktizierte Osteopathie e.V.,Holding space for uncertainty and vulnerability: reclaiming humanity in teacher education through contemplative | equity pedagogy
563ftqw3,9rnl7dms,-0.040005375,hpO: Berufsvereinigung für heilkundlich praktizierte Osteopathie e.V.,Impact of the COVID-19 Pandemic on the Future of Nursing Education
ye7fqh6a,fvegnmrc,-0.040005166,Jetzt anmelden!,Morbidity Among Home Isolated COVID-19 Patients.
5715bqsf,tjd3wkvu,-0.040004138,Smiling faces,Dynamische Übergabeschurre zur Effizienzsteigerung von Gurtbandförderern
563ftqw3,pmg1dpxm,-0.040003914,hpO: Berufsvereinigung für heilkundlich praktizierte Osteopathie e.V.,Redesign your in‐person course for online: Creating connections and promoting engagement for better learning
563ftqw3,ol5lupy9,-0.04000102,hpO: Berufsvereinigung für heilkundlich praktizierte Osteopathie e.V.,"""It was close enough, but it wasn't close enough"": A qualitative exploration of the impact of direct-to-patient telemedicine abortion on access to abortion care"
563ftqw3,w9al9kb2,-0.03999493,hpO: Berufsvereinigung für heilkundlich praktizierte Osteopathie e.V.,Lessons from Internet Use and Performance during Covid-19
260rratv,fnhqcpru,-0.039991498,Expressions of multiple inflammation markers in the patients with COVID-19 and their clinical values,COVID-19 – (k)eine Zumutung?!
563ftqw3,u9sdc080,-0.039989144,hpO: Berufsvereinigung für heilkundlich praktizierte Osteopathie e.V.,Supporting Families with Children with Special Educational Needs and Disabilities During COVID-19
563ftqw3,y1qly8jf,-0.03998769,hpO: Berufsvereinigung für heilkundlich praktizierte Osteopathie e.V.,"#spinalcordinjury, #life, #climate, #sustainability"
563ftqw3,os6i1djq,-0.0399721,hpO: Berufsvereinigung für heilkundlich praktizierte Osteopathie e.V.,Acknowledging the current context.
7w6uh6b7,4xfipd3x,-0.039962698,Infektionsrisiken bei Ultraschalldiagnostik minimieren,Superspreading genomes.
7w6uh6b7,cm345pyo,-0.039962698,Infektionsrisiken bei Ultraschalldiagnostik minimieren,Superspreading genomes
wfuz46le,4xfipd3x,-0.039962698,Akutes Nierenversagen bei COVID-19,Superspreading genomes.
4xfipd3x,t07y9kzw,-0.039962698,Superspreading genomes.,COVID-19: Vorsicht bei steigenden Leberwerten
wfuz46le,cm345pyo,-0.039962698,Akutes Nierenversagen bei COVID-19,Superspreading genomes
4xfipd3x,l65bmye0,-0.039962698,Superspreading genomes.,Arzneipflanzen bei Covid-19
4xfipd3x,ye6wuwgd,-0.039962698,Superspreading genomes.,Pneumonien bei immunsupprimierten Patienten
4xfipd3x,jnmryxmr,-0.039962698,Superspreading genomes.,Kopfschmerz bei COVID-19
4xfipd3x,j759pbd2,-0.039962698,Superspreading genomes.,Infektionen bei Organtransplantationen
t07y9kzw,cm345pyo,-0.039962698,COVID-19: Vorsicht bei steigenden Leberwerten,Superspreading genomes
cm345pyo,ye6wuwgd,-0.039962698,Superspreading genomes,Pneumonien bei immunsupprimierten Patienten
cm345pyo,l65bmye0,-0.039962698,Superspreading genomes,Arzneipflanzen bei Covid-19
cm345pyo,jnmryxmr,-0.039962698,Superspreading genomes,Kopfschmerz bei COVID-19
cm345pyo,j759pbd2,-0.039962698,Superspreading genomes,Infektionen bei Organtransplantationen
563ftqw3,m0r9109y,-0.039957408,hpO: Berufsvereinigung für heilkundlich praktizierte Osteopathie e.V.,"Publishing in a time of COVID-19: A message to our readers, authors, reviewers and production team"
gdqv1q45,g0xwjdar,-0.039956264,Komplexe Gerinnungsstörungen,"When It Matters Most, The Best of Who We Are Shows Up"
gdqv1q45,mjeugi0q,-0.039937984,Komplexe Gerinnungsstörungen,EMarket for Local Farmers
wwie0iem,pa6ddkgd,-0.03993674,Allergikern Ängste nehmen,Dynamic profile and clinical implications of hematological and immunological parameters in COVID-19 patients. A retrospective study
563ftqw3,28rt9l8i,-0.03993311,hpO: Berufsvereinigung für heilkundlich praktizierte Osteopathie e.V.,What has COVID‐19 taken from us and brought instead?
563ftqw3,nh3p50gh,-0.039931893,hpO: Berufsvereinigung für heilkundlich praktizierte Osteopathie e.V.,A novel sentiment classification based on 'word-phrase' attention mechanism
563ftqw3,94a8ip4m,-0.03992227,hpO: Berufsvereinigung für heilkundlich praktizierte Osteopathie e.V.,"Experiences and learnings from professional psychology training partners during the covid-19 pandemic: Impacts, challenges, and opportunities"
563ftqw3,jrx7ryta,-0.03992051,hpO: Berufsvereinigung für heilkundlich praktizierte Osteopathie e.V.,COVID-19 and telehealth: a window of opportunity and its challenges
563ftqw3,6oghjzqa,-0.03992051,hpO: Berufsvereinigung für heilkundlich praktizierte Osteopathie e.V.,COVID-19 and telehealth: a window of opportunity and its challenges.
wwie0iem,5766s27p,-0.03991979,Allergikern Ängste nehmen,Introducing the Articles in This Issue.
563ftqw3,nu7be01n,-0.039910443,hpO: Berufsvereinigung für heilkundlich praktizierte Osteopathie e.V.,Navigating COVID-19 with emotional intelligence
563ftqw3,pcs3uwpv,-0.039909724,hpO: Berufsvereinigung für heilkundlich praktizierte Osteopathie e.V.,Psychiatry's Past Can Be Psychiatry's Future.
563ftqw3,zw3j9vez,-0.03990319,hpO: Berufsvereinigung für heilkundlich praktizierte Osteopathie e.V.,Opportunity Costs of Internal Promotions in Plastic Surgery: Are Women Given a Fair Shot?
ye7fqh6a,v7drwi0k,-0.039900962,Jetzt anmelden!,[COVID-19 andcardiovascular diseases]
563ftqw3,zwn3h1oe,-0.039900098,hpO: Berufsvereinigung für heilkundlich praktizierte Osteopathie e.V.,Should be both sides now
fnhqcpru,wk9nhom9,-0.039898515,COVID-19 – (k)eine Zumutung?!,PPG Posts 1Q 2020 Financial Results
zfjzixe6,o49uclco,-0.03989762,Cities and communities beyond COVID-19,Keine zusätzliche Gefahr für Allergiker
wfhqeb8k,l3yvi2jg,-0.03989689,Huge surge in the US,"411 Mrd. €, 11,9 %"
cbp5sxnp,l3yvi2jg,-0.039892867,Adapting for Unique Settings,"411 Mrd. €, 11,9 %"
563ftqw3,t4xgm70y,-0.039891794,hpO: Berufsvereinigung für heilkundlich praktizierte Osteopathie e.V.,The choices we make: Ethical challenges in trauma surgery.
ye7fqh6a,546e8gnj,-0.039875478,Jetzt anmelden!,Medicolegal aspects of teledermatology()
563ftqw3,dci5bvgh,-0.03987325,hpO: Berufsvereinigung für heilkundlich praktizierte Osteopathie e.V.,Keeping governments accountable: the COVID-19 Assessment Scorecard (COVID-SCORE)
563ftqw3,dx7yqwby,-0.039857265,hpO: Berufsvereinigung für heilkundlich praktizierte Osteopathie e.V.,COVID-19 and people with intellectual disabilities
563ftqw3,286al3ri,-0.039856672,hpO: Berufsvereinigung für heilkundlich praktizierte Osteopathie e.V.,This is way more complicated than anyone expected
wwie0iem,33alavtn,-0.039852142,Allergikern Ängste nehmen,Performances of clinical characteristics and radiological findings in identifying COVID-19 from suspected cases
563ftqw3,6fxeer6l,-0.039844196,hpO: Berufsvereinigung für heilkundlich praktizierte Osteopathie e.V.,Innovative Opportunities for Civility: Professional Development in a Time of COVID-19
y1re2n97,k88q5135,-0.03983694,Business,Endlich wieder: Austausch von Angesicht zu Angesicht
txayqbm9,fnhqcpru,-0.039834894,Sindbis Virus Targets Cancers in Mice,COVID-19 – (k)eine Zumutung?!
563ftqw3,hmt9pq03,-0.039817385,hpO: Berufsvereinigung für heilkundlich praktizierte Osteopathie e.V.,Fighting Against COVID-19 with One Health Concept
563ftqw3,suar1fgr,-0.039814245,hpO: Berufsvereinigung für heilkundlich praktizierte Osteopathie e.V.,Digital financial inclusion: next frontiers—challenges and opportunities
563ftqw3,nh2t1qsl,-0.039802954,hpO: Berufsvereinigung für heilkundlich praktizierte Osteopathie e.V.,"Conceptualising technology, its development and future: The six genres of technology"
5o7m935w,l3yvi2jg,-0.039800167,Confronting the reality of COVID.,"411 Mrd. €, 11,9 %"
563ftqw3,h3xpe2qc,-0.03975156,hpO: Berufsvereinigung für heilkundlich praktizierte Osteopathie e.V.,Closing our eyes to covid won't make it go away
563ftqw3,xu39pcw1,-0.039736047,hpO: Berufsvereinigung für heilkundlich praktizierte Osteopathie e.V.,Smart Tourism Destinations Influence a Tourist’s Satisfaction and Intention to Revisit
wwie0iem,rlc891ro,-0.03973289,Allergikern Ängste nehmen,Feasibility study of student telehealth interviews
563ftqw3,c2ovba1x,-0.03972783,hpO: Berufsvereinigung für heilkundlich praktizierte Osteopathie e.V.,Virtual Meetings during COVID-19 Pandemic: Is it time to say Goodbye to Physical Meetings?
563ftqw3,7bb04ofd,-0.039721996,hpO: Berufsvereinigung für heilkundlich praktizierte Osteopathie e.V.,Parents’ Experiences Regarding School Meals during the COVID-19 Pandemic
ye7fqh6a,e8tny4sh,-0.03971526,Jetzt anmelden!,“Mothers are Medicine”: U.S. Indigenous Media Emphasizing Indigenous Women's Roles in COVID-19 Coverage
563ftqw3,vjo6blx6,-0.03971154,hpO: Berufsvereinigung für heilkundlich praktizierte Osteopathie e.V.,Career-related teacher support: A review of roles that teachers play in supporting students' career planning
84yq3oyz,roqqkv6r,-0.03971073,COVID-19: No Visitors.,"""Geschärftes ESG-Zielbild"""
563ftqw3,qzbyry95,-0.039709922,hpO: Berufsvereinigung für heilkundlich praktizierte Osteopathie e.V.,TERMS: textual emotion recognition in multidimensional space
563ftqw3,zq14x06f,-0.03970751,hpO: Berufsvereinigung für heilkundlich praktizierte Osteopathie e.V.,Understanding COVID-19 immunity: reality and challenges
563ftqw3,8xajxtnt,-0.0397042,hpO: Berufsvereinigung für heilkundlich praktizierte Osteopathie e.V.,Levels of Transformation in Sustainable Curricula: The Case of Geography Education
563ftqw3,xqzkca3l,-0.039701976,hpO: Berufsvereinigung für heilkundlich praktizierte Osteopathie e.V.,Response and impact of the COVID-19 pandemic on mathematics education students
563ftqw3,9oj9lt8y,-0.039699525,hpO: Berufsvereinigung für heilkundlich praktizierte Osteopathie e.V.,Expanding remote ambulatory care learning environments from COVID-19 to beyond
wj5x7m7d,84yq3oyz,-0.03969885,COVID-19: Descifrando el acertijo cardiológico,COVID-19: No Visitors.
563ftqw3,ah4dcm3i,-0.039693825,hpO: Berufsvereinigung für heilkundlich praktizierte Osteopathie e.V.,"An immunization program for US-bound refugees: Development, challenges, and opportunities 2012-present"
563ftqw3,joosg5dy,-0.039692413,hpO: Berufsvereinigung für heilkundlich praktizierte Osteopathie e.V.,Acquiescence and submission to COVID-19 vaccination: ethics considerations
563ftqw3,7mxy1vkd,-0.039685555,hpO: Berufsvereinigung für heilkundlich praktizierte Osteopathie e.V.,Group-Fair Online Allocation in Continuous Time
563ftqw3,mg85kxbq,-0.039679144,hpO: Berufsvereinigung für heilkundlich praktizierte Osteopathie e.V.,Parenting Challenges and Opportunities among Families Living in Poverty
563ftqw3,osfgei2i,-0.0396728,hpO: Berufsvereinigung für heilkundlich praktizierte Osteopathie e.V.,Structured versus Decorated Cospans
563ftqw3,n711u0k4,-0.039667744,hpO: Berufsvereinigung für heilkundlich praktizierte Osteopathie e.V.,Expanding Teledermatology Educational Opportunities after COVID-19
563ftqw3,pqx2nduk,-0.039664406,hpO: Berufsvereinigung für heilkundlich praktizierte Osteopathie e.V.,Life and medicine: COVID-19 and beyond
563ftqw3,som5k0l9,-0.039661758,hpO: Berufsvereinigung für heilkundlich praktizierte Osteopathie e.V.,The impact of COVID‐19 visitor policy restrictions on birthing communities of colour
l8mlo49a,fnhqcpru,-0.039641198,Mitigating Risk and Volatility – A Conversation about Boards and Guiding Businesses through COVID‐19,COVID-19 – (k)eine Zumutung?!
71b0nyti,xmb4eywi,-0.03963208,Chapter 28 Selected Zoonoses,"Strategieentwicklung ""einfach"" machen"
ye7fqh6a,ytomv88y,-0.039625864,Jetzt anmelden!,Outcomes and Prognostic Factors in a Large Cohort of Hospitalized Cancer Patients With COVID-19
1w677dta,9h6juo4i,-0.039621286,Bundesweites Belastungsmodell für Intensivstationen durch COVID-19,Items of Interest
wwie0iem,s0godwzr,-0.039619185,Allergikern Ängste nehmen,Final Reflections
wwie0iem,z6pchusp,-0.039617646,Allergikern Ängste nehmen,Clinical features of covid-19 in children
dwz8n2aq,l3yvi2jg,-0.039609578,High‐Stakes Remote‐Access Open‐Book Examinations,"411 Mrd. €, 11,9 %"
l3yvi2jg,xjg96r6i,-0.039609578,"411 Mrd. €, 11,9 %",High-Stakes Remote-Access Open-Book Examinations
563ftqw3,jd5o2qep,-0.03960147,hpO: Berufsvereinigung für heilkundlich praktizierte Osteopathie e.V.,Remembering a trailblazing MRCVS
563ftqw3,ch63adm5,-0.03959022,hpO: Berufsvereinigung für heilkundlich praktizierte Osteopathie e.V.,"Resourcing primary care to tackle covid-19: cooperation, not competition"
563ftqw3,2t0pwun2,-0.03958415,hpO: Berufsvereinigung für heilkundlich praktizierte Osteopathie e.V.,Implementation of Complex Interventions: Lessons Learned From the Patient-Centered Outcomes Research Institute Transitional Care Portfolio
gdqv1q45,hpcgs04g,-0.039579254,Komplexe Gerinnungsstörungen,Opening up…
563ftqw3,f7mrdz22,-0.03957453,hpO: Berufsvereinigung für heilkundlich praktizierte Osteopathie e.V.,An apocalyptic agenda for mission in our time
563ftqw3,5g9ey035,-0.039568886,hpO: Berufsvereinigung für heilkundlich praktizierte Osteopathie e.V.,COVID generation of residents
wwie0iem,wxzyv15n,-0.039563183,Allergikern Ängste nehmen,Determinants of Major Choice and Academic Expectations: Testing a Prediction Model Across Gender
jpzvjl0i,igk0ncq4,-0.039550535,Types of Renal Disease in Avian Species,Mehr Impfschutz für Herzkranke
563ftqw3,2fup04js,-0.03954382,hpO: Berufsvereinigung für heilkundlich praktizierte Osteopathie e.V.,Antecedents and Outcomes of Resident Empowerment through Tourism
563ftqw3,w9i3m6xp,-0.0395433,hpO: Berufsvereinigung für heilkundlich praktizierte Osteopathie e.V.,Anywhere working and the future of work
wwie0iem,k0ee2l2i,-0.0395349,Allergikern Ängste nehmen,Liouville Numbers and the Computational Complexity of Changing Bases
563ftqw3,wxcs5t74,-0.039525468,hpO: Berufsvereinigung für heilkundlich praktizierte Osteopathie e.V.,The educational integration of digital technologies preCovid-19: Lessons for teacher education
563ftqw3,u76vppf5,-0.03952018,hpO: Berufsvereinigung für heilkundlich praktizierte Osteopathie e.V.,Policy-making for an ’unruly’ public?
l1nvnvkg,xmb4eywi,-0.039510272,Transmission and risk factors of OF COVID-19.,"Strategieentwicklung ""einfach"" machen"
563ftqw3,5172nhqx,-0.039505173,hpO: Berufsvereinigung für heilkundlich praktizierte Osteopathie e.V.,Charting a sustainable course for batteries
ye7fqh6a,ul7lx1y1,-0.039476953,Jetzt anmelden!,Point-of-Care Ultrasound
ye7fqh6a,n1lj0vyg,-0.039476953,Jetzt anmelden!,Point-of-care ultrasound and COVID-19
563ftqw3,q9r1bctl,-0.039463043,hpO: Berufsvereinigung für heilkundlich praktizierte Osteopathie e.V.,Responding to the Challenges of Adult Refugee Language Education through Action Research
ye7fqh6a,qxim9186,-0.03946211,Jetzt anmelden!,"Communication Between Infectious Disease Physicians and US State and Local Public Health Agencies: Strengths, Challenges, and Opportunities."
563ftqw3,jvqrrnu3,-0.039439537,hpO: Berufsvereinigung für heilkundlich praktizierte Osteopathie e.V.,Teaching Electromagnetics: Innovative Approaches and Pedagogical Strategies [Book Review]
udsfsv37,wwie0iem,-0.039431665,Transforming a national laboratory network to meet COVID-19 testing demand,Allergikern Ängste nehmen
5tdcvfaz,o49uclco,-0.03942977,Chapter 4. Concluding Observations and Resources,Keine zusätzliche Gefahr für Allergiker
aqhyt7jg,fnhqcpru,-0.03942862,Cryptosporidiosis in Farmed Animals,COVID-19 – (k)eine Zumutung?!
563ftqw3,wt92lqui,-0.039417952,hpO: Berufsvereinigung für heilkundlich praktizierte Osteopathie e.V.,Tackling inequality and governance challenges: Insights from the COVID-19 pandemic
84yq3oyz,ofz4dywk,-0.039413154,COVID-19: No Visitors.,/ Aktuell /
d2b5sy25,fnhqcpru,-0.039410476,Couples and COVID-19 vaccination: Frequency and reasons for discordance,COVID-19 – (k)eine Zumutung?!
563ftqw3,mqvv9992,-0.039403223,hpO: Berufsvereinigung für heilkundlich praktizierte Osteopathie e.V.,Acknowledgment of Guest Reviewers
563ftqw3,372eldc7,-0.039402682,hpO: Berufsvereinigung für heilkundlich praktizierte Osteopathie e.V.,Improving Patient Experience During the COVID-19 Pandemic: One Family's Reflections.
ye7fqh6a,k8raai03,-0.03939779,Jetzt anmelden!,Clinical neurological characteristics of geriatric patients with COVID-19 in Sanglah General Hospital from 2020 to 2021
83q0j4sy,fnhqcpru,-0.03939054,Histopathologic Findings in the Placentas of Pregnant Women With COVID-19,COVID-19 – (k)eine Zumutung?!
563ftqw3,v0xovtnv,-0.03937968,hpO: Berufsvereinigung für heilkundlich praktizierte Osteopathie e.V.,Willingness to pay tuition and risk-taking proclivities among students: A fundamental conundrum for universities
ewersik9,fnhqcpru,-0.03937737,While we have your attention,COVID-19 – (k)eine Zumutung?!
563ftqw3,ffkrnqyh,-0.039374765,hpO: Berufsvereinigung für heilkundlich praktizierte Osteopathie e.V.,Prospective Learning: Back to the Future
l3yvi2jg,ca648239,-0.03937231,"411 Mrd. €, 11,9 %",COVID-Based Edge-Drone Application Approach
upfyyaxl,e7zvp3uj,-0.03936425,Genetisk risiko for alvorlig covid-19-infeksjon,Imagine
563ftqw3,zgsrgxq1,-0.03935868,hpO: Berufsvereinigung für heilkundlich praktizierte Osteopathie e.V.,Considerations for conducting and reporting digitally supported cognitive interviews with children and adults
563ftqw3,2g3ksdul,-0.039345942,hpO: Berufsvereinigung für heilkundlich praktizierte Osteopathie e.V.,"COVID‐19 impact, sustainability performance and firm value: international evidence"
563ftqw3,lvhdp12f,-0.039343566,hpO: Berufsvereinigung für heilkundlich praktizierte Osteopathie e.V.,Student Perceptions of Academic Engagement and Student-Teacher Relationships in Problem-Based Learning
563ftqw3,u377y2z1,-0.039322324,hpO: Berufsvereinigung für heilkundlich praktizierte Osteopathie e.V.,Research on the impact of 5G technology on teaching behavior
armmnwa4,e97bazt5,-0.039256778,COVID-19: Zwischenbilanz nach einem Jahr,"Covid, Colleges, and Classes"
563ftqw3,9h3f4rlx,-0.039241623,hpO: Berufsvereinigung für heilkundlich praktizierte Osteopathie e.V.,The realities of lockdown and looking to the future
563ftqw3,vlnq1iws,-0.039236084,hpO: Berufsvereinigung für heilkundlich praktizierte Osteopathie e.V.,Conducting an international curriculum review meeting in the age of COVID-19.
563ftqw3,wdkxedb9,-0.039225783,hpO: Berufsvereinigung für heilkundlich praktizierte Osteopathie e.V.,Medium-Term Outcomes in COVID-19
wwie0iem,2233iv8q,-0.039208133,Allergikern Ängste nehmen,Epidemic models with discrete state structures
563ftqw3,l3kb7c80,-0.03919976,hpO: Berufsvereinigung für heilkundlich praktizierte Osteopathie e.V.,Meaningful use
vvop22nv,fnhqcpru,-0.039198358,Clinical characteristics of COVID-19 patients with complications: implications for management,COVID-19 – (k)eine Zumutung?!
563ftqw3,fd9r76l9,-0.039190467,hpO: Berufsvereinigung für heilkundlich praktizierte Osteopathie e.V.,Respecting Disability Rights - Toward Improved Crisis Standards of Care.
563ftqw3,br58b1mw,-0.039187923,hpO: Berufsvereinigung für heilkundlich praktizierte Osteopathie e.V.,Challenges and Responsibilities in Caring for the Most Vulnerable During the COVID-19 Pandemic
563ftqw3,itg2sxxk,-0.039187923,hpO: Berufsvereinigung für heilkundlich praktizierte Osteopathie e.V.,Challenges and Responsibilities in Caring for the Most Vulnerable During the COVID‐19 Pandemic
563ftqw3,qt9sblqk,-0.039184656,hpO: Berufsvereinigung für heilkundlich praktizierte Osteopathie e.V.,"Empire and the Making of Native Title: Sovereignty, Property and Indigenous People"
wt1npgpc,fnhqcpru,-0.039184596,Exceptional matters,COVID-19 – (k)eine Zumutung?!
v50svzsx,fnhqcpru,-0.03916224,COVID-19 in school settings: webinar aimed at both teachers and educators,COVID-19 – (k)eine Zumutung?!
563ftqw3,ssxs21uo,-0.039161127,hpO: Berufsvereinigung für heilkundlich praktizierte Osteopathie e.V.,Prioritizing pregnant women for COVID-19 vaccination
563ftqw3,lw4hhif7,-0.03915505,hpO: Berufsvereinigung für heilkundlich praktizierte Osteopathie e.V.,Adopting agile approaches to the classroom
563ftqw3,0vklw8ex,-0.0391505,hpO: Berufsvereinigung für heilkundlich praktizierte Osteopathie e.V.,Measuring the impact of COVID-19 on distance learning for educational sustainability
aocpkdn1,xmb4eywi,-0.03913769,Acknowledgment to reviewers—2021,"Strategieentwicklung ""einfach"" machen"
563ftqw3,cgh5r08f,-0.039124846,hpO: Berufsvereinigung für heilkundlich praktizierte Osteopathie e.V.,Considerations for fair prioritization of COVID-19 vaccine and its mandate among healthcare personnel
563ftqw3,ejpcsc0q,-0.039101515,hpO: Berufsvereinigung für heilkundlich praktizierte Osteopathie e.V.,"[Childhood hearing screening: achievements, difficulties, and possible ways to improve]."
563ftqw3,spsxzrfb,-0.039101295,hpO: Berufsvereinigung für heilkundlich praktizierte Osteopathie e.V.,Students' lived experience of online education challenges in the covid-19 era
563ftqw3,erq610xp,-0.0390779,hpO: Berufsvereinigung für heilkundlich praktizierte Osteopathie e.V.,Advancing learning cities: lifelong learning and the creation of a learning society
l3yvi2jg,of94j5mg,-0.03906191,"411 Mrd. €, 11,9 %",Luxury Supply Side
563ftqw3,nii84yij,-0.039059427,hpO: Berufsvereinigung für heilkundlich praktizierte Osteopathie e.V.,The impact of COVID-19 on the aesthetics industry
craehlw6,kkflrybw,-0.03903459,TIVA for ECMO and VAD,Nachrichtenteil für Grundwasser-Heft 2/2021
08gj3z7o,3uaf2tle,-0.03903212,Our vcreate experience,COVID-19 and FIP
563ftqw3,nx3uume6,-0.039024368,hpO: Berufsvereinigung für heilkundlich praktizierte Osteopathie e.V.,Dermatology virtual consultations - are we providing the best care for our patients?
563ftqw3,pj3fhfvq,-0.039024368,hpO: Berufsvereinigung für heilkundlich praktizierte Osteopathie e.V.,Dermatology virtual consultations: are we providing the best care for our patients?
5r2leevd,t8vb3vii,-0.03899836,Kündigung – Maskenpflicht – Anforderungen an ein Attest zur Befreiung : KSchG 1;BGB 242,Complications in Patients With COVID-19
563ftqw3,cmrd4vto,-0.03898995,hpO: Berufsvereinigung für heilkundlich praktizierte Osteopathie e.V.,"Emerging Adults and Covid-19: Exposure, Impact, and Distress"
563ftqw3,vnkm5a4e,-0.038979005,hpO: Berufsvereinigung für heilkundlich praktizierte Osteopathie e.V.,Teaching Practices Under the Shadow of COVID-19
563ftqw3,8n02xzww,-0.0389518,hpO: Berufsvereinigung für heilkundlich praktizierte Osteopathie e.V.,[Post-COVID-19 rehabilitation;a matter of customisation]
ozyazewv,elbuz2sj,-0.03894848,Zertifizierungen von EndoCert: in Zeiten von COVID-19,COVID-19 and the Health Workforce.
ooh2dsem,xmb4eywi,-0.03894538,Clinical Research Updates,"Strategieentwicklung ""einfach"" machen"
563ftqw3,mfsa5dyv,-0.038936894,hpO: Berufsvereinigung für heilkundlich praktizierte Osteopathie e.V.,Teaching Instrumental Analytical Chemistry in the Framework of COVID-19: Experiences and Outlook
563ftqw3,tthslech,-0.03892843,hpO: Berufsvereinigung für heilkundlich praktizierte Osteopathie e.V.,Impact of prior vaccination on clinical outcomes of patients with COVID-19
l3yvi2jg,kn03cht6,-0.038923893,"411 Mrd. €, 11,9 %",Looking back at 2021
563ftqw3,zvusvlpl,-0.038892083,hpO: Berufsvereinigung für heilkundlich praktizierte Osteopathie e.V.,"Communication technology improved staff, resident, and family interactions in a skilled nursing home during COVID-19"
563ftqw3,9ww8m8p3,-0.038880937,hpO: Berufsvereinigung für heilkundlich praktizierte Osteopathie e.V.,Prioritising paediatric staff and space so every child has access to care
563ftqw3,8nezpryq,-0.03888052,hpO: Berufsvereinigung für heilkundlich praktizierte Osteopathie e.V.,Documentary linguists and risk communication: views from the virALLanguages project experience
563ftqw3,3b1olwtg,-0.03887991,hpO: Berufsvereinigung für heilkundlich praktizierte Osteopathie e.V.,The impact of teaching from home during the covid-19 pandemic on the student evaluations of female academics
563ftqw3,o8yf9l6j,-0.038878176,hpO: Berufsvereinigung für heilkundlich praktizierte Osteopathie e.V.,Fair Packing of Independent Sets
wwie0iem,y1re2n97,-0.03887517,Allergikern Ängste nehmen,Business
563ftqw3,w9oritz2,-0.038865544,hpO: Berufsvereinigung für heilkundlich praktizierte Osteopathie e.V.,A Development Challenge: Embracing Technology in Leadership Development
563ftqw3,1x8ezmwd,-0.038865384,hpO: Berufsvereinigung für heilkundlich praktizierte Osteopathie e.V.,"An assessment of nurses’ participation in Health Promotion: a knowledge, perception, and practice perspective"
563ftqw3,fgi2sqwo,-0.038834948,hpO: Berufsvereinigung für heilkundlich praktizierte Osteopathie e.V.,Impacts of family and fieldwork on career/family balance among tenure-track and tenured anthropologists.
563ftqw3,iby0fo3z,-0.0388347,hpO: Berufsvereinigung für heilkundlich praktizierte Osteopathie e.V.,Scientists in a time of COVID-19.
563ftqw3,4wh5bc9t,-0.03881427,hpO: Berufsvereinigung für heilkundlich praktizierte Osteopathie e.V.,Guardian of the Snacks: Toward designing a companion for mindful snacking
l3yvi2jg,fzebhaya,-0.038803875,"411 Mrd. €, 11,9 %",Impact of a nighttime curfew on overnight mobility
563ftqw3,pztmiusy,-0.038794387,hpO: Berufsvereinigung für heilkundlich praktizierte Osteopathie e.V.,Developing Professional and Communication Skills of Students in Engineering Disciplines
563ftqw3,g03gll1p,-0.03879156,hpO: Berufsvereinigung für heilkundlich praktizierte Osteopathie e.V.,Incorporating Virtual Reality in Construction Management Education
563ftqw3,gpi48ax6,-0.03878854,hpO: Berufsvereinigung für heilkundlich praktizierte Osteopathie e.V.,Dignity humiliation as experienced by wives caring for a home-dwelling husband with dementia
f9ignr01,l3yvi2jg,-0.03877901,The burgeoning COVID-19 literature.,"411 Mrd. €, 11,9 %"
563ftqw3,5w0xt05d,-0.03877579,hpO: Berufsvereinigung für heilkundlich praktizierte Osteopathie e.V.,"Amid the COVID-19 Pandemic, Meaningful Communication between Family Caregivers and Residents of Long-Term Care Facilities is Imperative."
h59dldkv,e97bazt5,-0.038773302,Corona-Impfpflicht: Das kommt auf Praxisinhaber zu,"Covid, Colleges, and Classes"
wwie0iem,sq8t03c5,-0.03876846,Allergikern Ängste nehmen,Can We Predict the Appearance of the Most Virulent COVID-19 Outbreaks in the World?
563ftqw3,v5cbpiye,-0.038759597,hpO: Berufsvereinigung für heilkundlich praktizierte Osteopathie e.V.,Individuals' Perceptions as a Substitute for Guidelines and Evidence: Interview Study Among Clinicians on How They Choose Between In-Person and Remote Consultation
563ftqw3,urmhw450,-0.038759198,hpO: Berufsvereinigung für heilkundlich praktizierte Osteopathie e.V.,Translation in plants-rules and exceptions
563ftqw3,zs909ldm,-0.03874943,hpO: Berufsvereinigung für heilkundlich praktizierte Osteopathie e.V.,Patients’ Perceptions About Medical Record Privacy and Security: Implications for Withholding of Information During the COVID-19 Pandemic
563ftqw3,ib6s81xe,-0.03873857,hpO: Berufsvereinigung für heilkundlich praktizierte Osteopathie e.V.,Artificial intelligence-enabled and period-aware forecasting COVID-19 spread
b19bur43,563ftqw3,-0.038729392,Childhood Obesity Interventions-Going Beyond the Individual,hpO: Berufsvereinigung für heilkundlich praktizierte Osteopathie e.V.
563ftqw3,b6u19fq3,-0.03872918,hpO: Berufsvereinigung für heilkundlich praktizierte Osteopathie e.V.,"Cultivating Belonging and Creating Access: A Chapter on Diversity, Equity, and Inclusion"
563ftqw3,3w9hjwzf,-0.038727276,hpO: Berufsvereinigung für heilkundlich praktizierte Osteopathie e.V.,Who Knows What the Future Brings
563ftqw3,t2pcarri,-0.038719136,hpO: Berufsvereinigung für heilkundlich praktizierte Osteopathie e.V.,Feelings of uncertainty and powerlessness from Covid-19: Implications for advertising appeals in the restaurant industry
zzroat6l,igk0ncq4,-0.038713858,The life aquatic.,Mehr Impfschutz für Herzkranke
cjur5dbx,e97bazt5,-0.038703848,Systemische Immunsuppression in Zeiten von COVID-19: Mussen wir umdenken?,"Covid, Colleges, and Classes"
wwie0iem,pt4uk6w5,-0.038700733,Allergikern Ängste nehmen,Chapter 1 A History of Public Health
dovqr4pg,xmb4eywi,-0.038698483,I worry,"Strategieentwicklung ""einfach"" machen"
prbovfyy,igk0ncq4,-0.038691163,Tumor Boards during COVID-19 Pandemic.,Mehr Impfschutz für Herzkranke
igk0ncq4,5evzgapq,-0.038691163,Mehr Impfschutz für Herzkranke,Tumor Boards during COVID-19 Pandemic
563ftqw3,urgsuepk,-0.038690995,hpO: Berufsvereinigung für heilkundlich praktizierte Osteopathie e.V.,Revisiting Restrictions of Rights after COVID-19.
563ftqw3,nywekun3,-0.038658712,hpO: Berufsvereinigung für heilkundlich praktizierte Osteopathie e.V.,A qualitative exploration of attitudes to walking in the retirement life change
563ftqw3,jsxiggqi,-0.03865254,hpO: Berufsvereinigung für heilkundlich praktizierte Osteopathie e.V.,1.4 THE IMPACT OF COVID-19 ON SIBLING RELATIONSHIPS
mjeugi0q,ht0jfnpe,-0.03865068,EMarket for Local Farmers,Marzo es marzo es marzo es marzo
563ftqw3,rs7play2,-0.038593158,hpO: Berufsvereinigung für heilkundlich praktizierte Osteopathie e.V.,Practical considerations of developing and conducting a successful telehealth practice in response to COVID‐19
subza3ch,0sga30ch,-0.038579147,"November 9–15, 2013",Abbreviations.
563ftqw3,xzs516lf,-0.038574487,hpO: Berufsvereinigung für heilkundlich praktizierte Osteopathie e.V.,Ethnicity and covid-19
563ftqw3,jknzlxia,-0.03856369,hpO: Berufsvereinigung für heilkundlich praktizierte Osteopathie e.V.,Multiple secondary outcome analyses: precise interpretation is important
563ftqw3,eh1hngz0,-0.0385606,hpO: Berufsvereinigung für heilkundlich praktizierte Osteopathie e.V.,Applying to Dermatology Residency without a Home Program: Advice to Medical Students in the COVID-19 Pandemic and Beyond
mqv2dz0e,o49uclco,-0.038560137,Meeting Report,Keine zusätzliche Gefahr für Allergiker
563ftqw3,gylqlnf7,-0.03854523,hpO: Berufsvereinigung für heilkundlich praktizierte Osteopathie e.V.,Reinforcing the Importance of Maintaining Internship Support for College Student Engagement and Anticipated Employment
fbzzxa2j,xmb4eywi,-0.038543392,Considerations for mitigating COVID-19 related risks in schools,"Strategieentwicklung ""einfach"" machen"
xrg6gg9n,fnhqcpru,-0.03854243,The safety of vaccines,COVID-19 – (k)eine Zumutung?!
wwie0iem,hws5zrv6,-0.038539886,Allergikern Ängste nehmen,Emerging Trends in Genetic Engineering of Microalgae for Commercial Applications
563ftqw3,00zaajwp,-0.038538683,hpO: Berufsvereinigung für heilkundlich praktizierte Osteopathie e.V.,Professional Tennis's Constellational Response to COVID-19
563ftqw3,nsz4w7ax,-0.03853797,hpO: Berufsvereinigung für heilkundlich praktizierte Osteopathie e.V.,Taking Time for Staff Member Safety
563ftqw3,rv5yu1tj,-0.038535513,hpO: Berufsvereinigung für heilkundlich praktizierte Osteopathie e.V.,"Reflections on 2020, the year of COVID"
wwie0iem,zmmg7n3o,-0.03853294,Allergikern Ängste nehmen,Genotyping Arrays
563ftqw3,qw84cram,-0.03851843,hpO: Berufsvereinigung für heilkundlich praktizierte Osteopathie e.V.,Customizing a Program for Older Adults Living with Frailty in Primary Care
wwie0iem,zqx70r9x,-0.03851726,Allergikern Ängste nehmen,Member news
563ftqw3,kcmyk25x,-0.038508497,hpO: Berufsvereinigung für heilkundlich praktizierte Osteopathie e.V.,Ethical challenges for women’s healthcare highlighted by the COVID-19 pandemic
563ftqw3,olk10nfw,-0.0385049,hpO: Berufsvereinigung für heilkundlich praktizierte Osteopathie e.V.,Deprescribing in the time of covid-19.
7jl9zl01,opnjwm3c,-0.03850046,Resilienz ist gefragt,Lipophagy at a glance.
563ftqw3,0m7fn8mg,-0.03849657,hpO: Berufsvereinigung für heilkundlich praktizierte Osteopathie e.V.,Determinants of Effectiveness of Stay-At-Home against COVID-19
563ftqw3,zb6b82kn,-0.038490124,hpO: Berufsvereinigung für heilkundlich praktizierte Osteopathie e.V.,How COVID-19 has impacted the role of pharmacists around the world
mn7hrkrn,xmb4eywi,-0.038470786,Phlorotannins,"Strategieentwicklung ""einfach"" machen"
563ftqw3,p4hfh2mc,-0.038455006,hpO: Berufsvereinigung für heilkundlich praktizierte Osteopathie e.V.,Taking care of the researcher -a nature and art-related activity retreat: Sharing natural space puts humanity into perspective.
wwie0iem,oyo0yh8m,-0.038449973,Allergikern Ängste nehmen,A Recipe for Social Media Analysis
dovqr4pg,budg3cw8,-0.038446795,I worry,Wensen en ambities
563ftqw3,8ph80ql8,-0.038442243,hpO: Berufsvereinigung für heilkundlich praktizierte Osteopathie e.V.,Video intervention in statistics learning as a strategy to increase mathematics learning outcomes
ye7fqh6a,d1xopnw5,-0.038422264,Jetzt anmelden!,Toward respectful research with Indigenous people.
563ftqw3,5hb8gnkh,-0.038420748,hpO: Berufsvereinigung für heilkundlich praktizierte Osteopathie e.V.,Conditions of learning physics and students’ understanding of the concept of motion during the covid-19 pandemic
563ftqw3,w4xvcfu8,-0.03840865,hpO: Berufsvereinigung für heilkundlich praktizierte Osteopathie e.V.,"Getting to Patient-Centered Care in a Post–Covid-19 Digital World: A Proposal for Novel Surveys, Methodology, and Patient Experience Maturity Assessment"
563ftqw3,wqs3yvsz,-0.03838692,hpO: Berufsvereinigung für heilkundlich praktizierte Osteopathie e.V.,Respectful disagreement: the covid-19 shielding list
563ftqw3,rb7vgsli,-0.03838216,hpO: Berufsvereinigung für heilkundlich praktizierte Osteopathie e.V.,Teaching Guided Imagery and Relaxation Techniques in Undergraduate Nursing Education.
ye7fqh6a,qenoivq9,-0.038375583,Jetzt anmelden!,Infections in Travelers
ye7fqh6a,mrw3c2kl,-0.038365647,Jetzt anmelden!,Patients' perceptions of the quality of nursing services.
ye7fqh6a,v1qduxeb,-0.038358457,Jetzt anmelden!,Astrocyte—Microglia Interactions
563ftqw3,3jz7zhkj,-0.03835109,hpO: Berufsvereinigung für heilkundlich praktizierte Osteopathie e.V.,Tracheotomies in COVID-19 patient2 Protocols and outcomes
563ftqw3,3dioyten,-0.038350515,hpO: Berufsvereinigung für heilkundlich praktizierte Osteopathie e.V.,Surgical Jeopardy: Play to Learn
gdqv1q45,azu8l317,-0.03834853,Komplexe Gerinnungsstörungen,COVID-19 and the Pakhtun pregnant women
563ftqw3,hkyl6yyw,-0.038348336,hpO: Berufsvereinigung für heilkundlich praktizierte Osteopathie e.V.,Clinical placements in General Practice: concepts and considerations of implementing remote virtual placements in the COVID world
563ftqw3,wffdhywd,-0.03832621,hpO: Berufsvereinigung für heilkundlich praktizierte Osteopathie e.V.,"COVID-19 in the least developed, fragile, and conflict-affected countries - How can the most vulnerable be protected?"
563ftqw3,8bywy0uf,-0.0383226,hpO: Berufsvereinigung für heilkundlich praktizierte Osteopathie e.V.,"The Role, Importance of Timely Rehabilitation During the COVID-19 Pandemic"
cmexddcz,o49uclco,-0.038320314,Classification Results for Hyperovals of Generalized Quadrangles,Keine zusätzliche Gefahr für Allergiker
ye7fqh6a,0nkq73zy,-0.03831177,Jetzt anmelden!,Indicators of the Tourist Attractiveness of Urban-Rural Communes and Sustainability of Peripheral Areas
71b0nyti,wwie0iem,-0.038306378,Chapter 28 Selected Zoonoses,Allergikern Ängste nehmen
563ftqw3,ffwfi1he,-0.038290966,hpO: Berufsvereinigung für heilkundlich praktizierte Osteopathie e.V.,Time-to-change: dementia care in COVID-19.
563ftqw3,cmhwkrcw,-0.038286634,hpO: Berufsvereinigung für heilkundlich praktizierte Osteopathie e.V.,Do not resuscitate orders in the time of COVID-19: Exploring media representations and implications for public and professional understandings
563ftqw3,r4r2uncl,-0.038282044,hpO: Berufsvereinigung für heilkundlich praktizierte Osteopathie e.V.,Neighbourhood climate resilience: lessons from the Lighthouse Project
563ftqw3,rvovlq3t,-0.03827756,hpO: Berufsvereinigung für heilkundlich praktizierte Osteopathie e.V.,1555 Comparison of Face-To-Face Versus Online Delivery of a Preparatory Course for First Year Clinical Students
z6pchusp,xmb4eywi,-0.03825539,Clinical features of covid-19 in children,"Strategieentwicklung ""einfach"" machen"
563ftqw3,fjdwq6mb,-0.038251467,hpO: Berufsvereinigung für heilkundlich praktizierte Osteopathie e.V.,"The revelations of Revelation: The book that fits, even when it does not"
l3yvi2jg,l6dxvdt7,-0.038250394,"411 Mrd. €, 11,9 %",Green Roofs Towards Circular and Resilient Cities
wlbhktii,l3yvi2jg,-0.03823208,Policies for Enhanced Inclusivity,"411 Mrd. €, 11,9 %"
563ftqw3,tnlqdqso,-0.03821163,hpO: Berufsvereinigung für heilkundlich praktizierte Osteopathie e.V.,Innovative Approaches to Managing Scale
wwie0iem,546e8gnj,-0.038202036,Allergikern Ängste nehmen,Medicolegal aspects of teledermatology()
563ftqw3,xrog71lf,-0.03819106,hpO: Berufsvereinigung für heilkundlich praktizierte Osteopathie e.V.,"Editor's Notes: Key Success Factors in Strengthening and Supporting Institutionwide Goals for Learning: Key Success Factor #2, Professional Development"
563ftqw3,shyc3phk,-0.038167685,hpO: Berufsvereinigung für heilkundlich praktizierte Osteopathie e.V.,Increasing Participation in a Substance Misuse Programs: Lessons Learned for Implementing Telehealth Solutions During the COVID-19 Pandemic
ujsb6ebp,b3grnj7r,-0.03815698,Hearts of Athletes,"""Ein guter Vertriebler braucht Gespür für das Machbare"""
563ftqw3,fm1d74h1,-0.038144555,hpO: Berufsvereinigung für heilkundlich praktizierte Osteopathie e.V.,Vaccination of young people from 12 years of age for COVID-19 against parents' wishes.
563ftqw3,rigepu8b,-0.038115803,hpO: Berufsvereinigung für heilkundlich praktizierte Osteopathie e.V.,Fighting COVID-19 and Future Pandemics With the Internet of Things: Security and Privacy Perspectives
563ftqw3,4szxghsj,-0.038113873,hpO: Berufsvereinigung für heilkundlich praktizierte Osteopathie e.V.,Not everything is condemned by COVID-19
jm0iry7u,fnhqcpru,-0.038113486,The International Council of Nurses.,COVID-19 – (k)eine Zumutung?!
563ftqw3,wn21bfbc,-0.038106535,hpO: Berufsvereinigung für heilkundlich praktizierte Osteopathie e.V.,Addressing Resistance to a Fact-Based Approach
3df4zsrb,8f2e9fxq,-0.03810314,Covid-19: The E484K mutation and the risks it poses.,Onze hersenen: onze achtbaan
563ftqw3,4kwmsl1k,-0.038099132,hpO: Berufsvereinigung für heilkundlich praktizierte Osteopathie e.V.,Service Interruption: Managing Commitment to Community Partners during a Crisis
wwie0iem,7j3mz9mx,-0.038095206,Allergikern Ängste nehmen,The contributions of social comparison to social network site addiction
ry9crpjw,gq4a0vnw,-0.0380923,Mismatched expectations,Stanowisko Komitetu Zdrowia Publicznego Polskiej Akademii Nauk w sprawie szczepień przeciw COVID-19
wwie0iem,2xlfj2ci,-0.038069066,Allergikern Ängste nehmen,Do news media and citizens have the same agenda on COVID-19? an empirical comparison of twitter posts
fkx0iplt,xmb4eywi,-0.038045026,Epidemiological and Clinical Characteristics of Deceased COVID-19 Patients,"Strategieentwicklung ""einfach"" machen"
0mn5b0vv,3uaf2tle,-0.038034443,Response to Damiani and colleagues,COVID-19 and FIP
563ftqw3,z2thd1l2,-0.038024884,hpO: Berufsvereinigung für heilkundlich praktizierte Osteopathie e.V.,"COVID-19: The Biggest Lifesaver of All Time, But How Big?"
fjedzpu3,fnhqcpru,-0.038020592,Composite nonwovens in filters: applications,COVID-19 – (k)eine Zumutung?!
563ftqw3,912v1qj5,-0.03801531,hpO: Berufsvereinigung für heilkundlich praktizierte Osteopathie e.V.,Slowing the Spread and Minimizing the Impact of COVID-19: Lessons from the Past and Recommendations for the Plastic Surgeon.
563ftqw3,9mzgq7q9,-0.038003117,hpO: Berufsvereinigung für heilkundlich praktizierte Osteopathie e.V.,Defining Preferred and Natural Robot Motions in Immersive Telepresence from a First-Person Perspective
xrg6gg9n,igk0ncq4,-0.03798479,The safety of vaccines,Mehr Impfschutz für Herzkranke
563ftqw3,8wil17n9,-0.037971485,hpO: Berufsvereinigung für heilkundlich praktizierte Osteopathie e.V.,Revisiting Public Access to Private Gardens
l3yvi2jg,xo6bqhsb,-0.03796328,"411 Mrd. €, 11,9 %",Against the odds: unlikely COVID-19 recovery.
0rht2xe7,l3yvi2jg,-0.037955567,Secure Access Service Edge: A Multivocal Literature Review,"411 Mrd. €, 11,9 %"
563ftqw3,06yfjmeh,-0.037947103,hpO: Berufsvereinigung für heilkundlich praktizierte Osteopathie e.V.,P139 Women's Health Care during COVID-19
viev875z,fnhqcpru,-0.037935197,Clinical Characteristics of 5732 Patients with 2019-nCoV Infection,COVID-19 – (k)eine Zumutung?!
563ftqw3,xol31xnp,-0.03792616,hpO: Berufsvereinigung für heilkundlich praktizierte Osteopathie e.V.,Shared decision-making and person-centred care approaches in three African regions.
563ftqw3,546e8gnj,-0.03791569,hpO: Berufsvereinigung für heilkundlich praktizierte Osteopathie e.V.,Medicolegal aspects of teledermatology()
563ftqw3,72ynrq61,-0.03791149,hpO: Berufsvereinigung für heilkundlich praktizierte Osteopathie e.V.,A Case Series of MGUS and COVID‐19
qvemq0r4,fnhqcpru,-0.03790942,NOTICES OF RECENT PUBLICATIONS,COVID-19 – (k)eine Zumutung?!
wwie0iem,pxc3ah12,-0.0379041,Allergikern Ängste nehmen,Observation on COVID-19
l3yvi2jg,6mt3afar,-0.03790308,"411 Mrd. €, 11,9 %",Ensuring Sustainability during a Crisis Using an Innovative Flexible Methodology
wwie0iem,jl7070tt,-0.037896216,Allergikern Ängste nehmen,The Role of Social Entrepreneurship in Ensuring the Social Security of the State
563ftqw3,3gh62r9r,-0.03788208,hpO: Berufsvereinigung für heilkundlich praktizierte Osteopathie e.V.,Is Telehealth Here To Stay.
563ftqw3,o3b81j15,-0.037881877,hpO: Berufsvereinigung für heilkundlich praktizierte Osteopathie e.V.,Digital Learning Experience for University Student
563ftqw3,8il8i5ye,-0.037880257,hpO: Berufsvereinigung für heilkundlich praktizierte Osteopathie e.V.,The Sustainable Development Goals and Technological Capacity
wwie0iem,h5tfgk3s,-0.037859276,Allergikern Ängste nehmen,Communities Matter
wwie0iem,oih2mk6y,-0.037859276,Allergikern Ängste nehmen,Communities Matter.
563ftqw3,oyyb4js4,-0.037857026,hpO: Berufsvereinigung für heilkundlich praktizierte Osteopathie e.V.,Choosing our narrative wisely: Introducing the Choosing Wisely Canada 2020–2021 series
563ftqw3,nudskb7h,-0.037855614,hpO: Berufsvereinigung für heilkundlich praktizierte Osteopathie e.V.,Long-haul fight
563ftqw3,bf7fqypb,-0.03785371,hpO: Berufsvereinigung für heilkundlich praktizierte Osteopathie e.V.,"COVID-19 and the workplace: Implications, issues, and insights for future research and action."
563ftqw3,w8g6utm3,-0.0378511,hpO: Berufsvereinigung für heilkundlich praktizierte Osteopathie e.V.,COVID-19: Implications for healthcare managers
563ftqw3,fcyp5p1u,-0.037845444,hpO: Berufsvereinigung für heilkundlich praktizierte Osteopathie e.V.,The Virtual World: A Challenge for On-Site Action in Ergonomics
9ukxp6u1,l3yvi2jg,-0.037829556,Building an Architecture Career Amid COVID-19,"411 Mrd. €, 11,9 %"
l3yvi2jg,0dy43nkq,-0.03782126,"411 Mrd. €, 11,9 %",The Modern Practice of Creative Industries' Functioning under the Conditions of Sustainable Development
563ftqw3,4qlolpz8,-0.037815854,hpO: Berufsvereinigung für heilkundlich praktizierte Osteopathie e.V.,COVID-19: reflections on its impact on nursing
563ftqw3,fzk99ck2,-0.03780482,hpO: Berufsvereinigung für heilkundlich praktizierte Osteopathie e.V.,"Pivoting, partnering, and sensemaking: How teachers navigate the transition to remote teaching together"
563ftqw3,jjmxj3fa,-0.037803914,hpO: Berufsvereinigung für heilkundlich praktizierte Osteopathie e.V.,Within Reach
l3yvi2jg,hpcgs04g,-0.037800137,"411 Mrd. €, 11,9 %",Opening up…
eubr78tt,xmb4eywi,-0.03779309,News and insights,"Strategieentwicklung ""einfach"" machen"
ye7fqh6a,260rratv,-0.03778939,Jetzt anmelden!,Expressions of multiple inflammation markers in the patients with COVID-19 and their clinical values
563ftqw3,ydbb0avl,-0.037765328,hpO: Berufsvereinigung für heilkundlich praktizierte Osteopathie e.V.,An Exploration of the Potential Role of Digital Technologies for Promoting Learning in Foreign Language Classrooms: Lessons for a Pandemic
563ftqw3,erqlx0we,-0.037764978,hpO: Berufsvereinigung für heilkundlich praktizierte Osteopathie e.V.,Sustainable School Environment as a Landscape for Secondary School Students’ Engagement in Learning
563ftqw3,jiqofumr,-0.037762813,hpO: Berufsvereinigung für heilkundlich praktizierte Osteopathie e.V.,Exploring the Role of Self-Kindness in Making Healthier Eating Choices: A Preliminary Study
563ftqw3,1yactfvy,-0.037755705,hpO: Berufsvereinigung für heilkundlich praktizierte Osteopathie e.V.,Case Management in a Time of Uncertainties.
563ftqw3,eo9krx2v,-0.037742414,hpO: Berufsvereinigung für heilkundlich praktizierte Osteopathie e.V.,Impact of Different Styles of Online Course Videos on Students' Attention During the COVID-19 Pandemic
lekefmlq,wwie0iem,-0.037732985,Understanding peace through the world news,Allergikern Ängste nehmen
ye7fqh6a,97u1uvpc,-0.037728913,Jetzt anmelden!,COVID-19 in adults with dementia: clinical features and risk factors of mortality—a clinical cohort study on 125 patients
563ftqw3,md8sucm8,-0.037725925,hpO: Berufsvereinigung für heilkundlich praktizierte Osteopathie e.V.,Playing with friends - The importance of social play during the COVID-19 pandemic
563ftqw3,4o3325rz,-0.037725545,hpO: Berufsvereinigung für heilkundlich praktizierte Osteopathie e.V.,Time is flying: Discussing time in academia and science after covid-19
td786b01,wwie0iem,-0.037724003,Clinical Research in Vulnerable Populations: Variability and Focus of Institutional Review Boards' Responses.,Allergikern Ängste nehmen
wwie0iem,9h6juo4i,-0.037722535,Allergikern Ängste nehmen,Items of Interest
563ftqw3,igf20djl,-0.0377186,hpO: Berufsvereinigung für heilkundlich praktizierte Osteopathie e.V.,COVID‐19: Use of the Clinical Frailty Scale for Critical Care Decisions
563ftqw3,pak08ww8,-0.037715457,hpO: Berufsvereinigung für heilkundlich praktizierte Osteopathie e.V.,Sharing Knowledge to an Entrant for Production Investment Confronting COVID‐19: Incentive Alignment and Lose–Lose Dilemma
wwie0iem,0nkq73zy,-0.037706558,Allergikern Ängste nehmen,Indicators of the Tourist Attractiveness of Urban-Rural Communes and Sustainability of Peripheral Areas
563ftqw3,lkrkl13t,-0.037696697,hpO: Berufsvereinigung für heilkundlich praktizierte Osteopathie e.V.,Videoconferencing: Is It Satisfactory.
563ftqw3,z38qcd9y,-0.037695225,hpO: Berufsvereinigung für heilkundlich praktizierte Osteopathie e.V.,Section 8 Multiple Choice Questions
h2blz9ti,xmb4eywi,-0.037690382,Supporting patients during COVID-19,"Strategieentwicklung ""einfach"" machen"
563ftqw3,oqg34k5c,-0.03768556,hpO: Berufsvereinigung für heilkundlich praktizierte Osteopathie e.V.,I-generations communication psychology facing COVID-19 in terms of cognitive dissonance
ye7fqh6a,icbqlxjq,-0.037671342,Jetzt anmelden!,The COVID-19 challenge: zoonotic diseases and wildlife
wwie0iem,8jw411az,-0.037669983,Allergikern Ängste nehmen,Introduction for this Issue's Commentaries
l3yvi2jg,lf8kx7yb,-0.037666053,"411 Mrd. €, 11,9 %",Metaverse: Security and Privacy Concerns
b3grnj7r,eej8qb9t,-0.03766186,"""Ein guter Vertriebler braucht Gespür für das Machbare""",Acknowledgement to Referees.
563ftqw3,wxplgjou,-0.037659556,hpO: Berufsvereinigung für heilkundlich praktizierte Osteopathie e.V.,Commitment for Change
563ftqw3,aen84igh,-0.037659287,hpO: Berufsvereinigung für heilkundlich praktizierte Osteopathie e.V.,Predicting global death patterns not an easy task
wwie0iem,1j5z5g00,-0.037658513,Allergikern Ängste nehmen,Individual risk evaluation for landslides: key details
wwie0iem,3eluuq4j,-0.037652407,Allergikern Ängste nehmen,"The making of racialized subjects: Practices, history, struggles"
563ftqw3,8ug8fjpz,-0.03763832,hpO: Berufsvereinigung für heilkundlich praktizierte Osteopathie e.V.,Overweight: A risk factor for COVID-19 --- A medical conundrum or a reality?
ye7fqh6a,i7ohnpat,-0.037637904,Jetzt anmelden!,Prognostic factors of 90-day mortality in patients hospitalised with COVID-19
wwie0iem,j44gmvqf,-0.037632752,Allergikern Ängste nehmen,A Critical Historical and Scientific Overview of all Industrial Revolutions
v78w5h9v,563ftqw3,-0.037632532,"Compulsory Childhood Vaccination: Human Rights, Solidarity, and Best Interests",hpO: Berufsvereinigung für heilkundlich praktizierte Osteopathie e.V.
563ftqw3,bqjdmxvr,-0.03762206,hpO: Berufsvereinigung für heilkundlich praktizierte Osteopathie e.V.,A guide for incorporating e-teaching of physics in a post-COVID world
wwie0iem,tz9psjqv,-0.037611447,Allergikern Ängste nehmen,Covid-19 Success Stories of 3D Printing
563ftqw3,qlkczw5m,-0.037603557,hpO: Berufsvereinigung für heilkundlich praktizierte Osteopathie e.V.,"Informal settlements, the emerging response to COVID and the imperative of transforming the narrative"
nx45ej1r,fnhqcpru,-0.037601504,Interdependencies and civilization in times of covid-19,COVID-19 – (k)eine Zumutung?!
wwie0iem,73fdpwfc,-0.0376006,Allergikern Ängste nehmen,"Special issue: Modeling the biological, epidemiological, immunological, molecular, virological aspects of COVID-19"
563ftqw3,hj3v3fhp,-0.03758943,hpO: Berufsvereinigung für heilkundlich praktizierte Osteopathie e.V.,Why vaccines matter
563ftqw3,qmagpqhw,-0.037583865,hpO: Berufsvereinigung für heilkundlich praktizierte Osteopathie e.V.,Care/punishment dilemma in COVID-19 hospital treatment
563ftqw3,rfz1oyfl,-0.037579805,hpO: Berufsvereinigung für heilkundlich praktizierte Osteopathie e.V.,Technology and the Simultaneous Collapsing and Expanding of Organizational Space: A COVID-19 Experience
l3yvi2jg,5v8jrpw9,-0.037577197,"411 Mrd. €, 11,9 %",Could COVID-19 Offer Lessons on Back Care in the Future?
7m49ykl3,e97bazt5,-0.037561316,Empfehlungen für einen gerechten und geregelten Zugang zu einem COVID-19-Impfstoff,"Covid, Colleges, and Classes"
sh67dbej,o85b3q0b,-0.03754241,De verpleegkundestudent in 2025,Questions and answers
8898p7h5,o85b3q0b,-0.03754241,De-Interpersonalization,Questions and answers
o85b3q0b,i7l6q23k,-0.03754241,Questions and answers,Infectieziekten in de mondzorgpraktijk
epjh1or0,fnhqcpru,-0.037521873,Children's Designs for the Future of Telehealth.,COVID-19 – (k)eine Zumutung?!
fnhqcpru,i2n04v89,-0.037521873,COVID-19 – (k)eine Zumutung?!,Children's Designs for the Future of Telehealth
563ftqw3,3crzyaf0,-0.03752034,hpO: Berufsvereinigung für heilkundlich praktizierte Osteopathie e.V.,Residents with mental-physical multimorbidity living in long-term care facilities: prevalence and characteristics. A systematic review.
563ftqw3,ns9zlrja,-0.037506353,hpO: Berufsvereinigung für heilkundlich praktizierte Osteopathie e.V.,"Extending international entrepreneurship’s concepts, constructs and decision frameworks to reach beyond the ordinary"
563ftqw3,2jtnaobs,-0.037500832,hpO: Berufsvereinigung für heilkundlich praktizierte Osteopathie e.V.,Staging
pn2ykwl1,l3yvi2jg,-0.037498828,Setting the boundaries of COVID-19 lockdown relaxation measures,"411 Mrd. €, 11,9 %"
563ftqw3,omxz06eu,-0.037484188,hpO: Berufsvereinigung für heilkundlich praktizierte Osteopathie e.V.,Making Childhood Obesity a Priority: A Qualitative Study of Healthcare Professionals' Perspectives on Facilitating Communication and Improving Treatment
igk0ncq4,0sga30ch,-0.037484027,Mehr Impfschutz für Herzkranke,Abbreviations.
563ftqw3,pmywi0x2,-0.0374718,hpO: Berufsvereinigung für heilkundlich praktizierte Osteopathie e.V.,Adherence to COVID-19 measures: The critical role of autonomous motivation on a short- and long-term basis
563ftqw3,woimhagd,-0.037471607,hpO: Berufsvereinigung für heilkundlich praktizierte Osteopathie e.V.,COVID-19 Telehealth Fair Partnership for Capacity Building in Primary Care Nursing
563ftqw3,w6vo2bi5,-0.037466966,hpO: Berufsvereinigung für heilkundlich praktizierte Osteopathie e.V.,Our Time is Now: How the Events of 2020 Will Shape the Field of Adult Education
563ftqw3,10l5udtz,-0.03745166,hpO: Berufsvereinigung für heilkundlich praktizierte Osteopathie e.V.,The Importance of Listening in Treating Invisible Illness and Long-Haul COVID-19
563ftqw3,oyjkvqy2,-0.03744831,hpO: Berufsvereinigung für heilkundlich praktizierte Osteopathie e.V.,Host defenses
563ftqw3,yrzvshwl,-0.03744379,hpO: Berufsvereinigung für heilkundlich praktizierte Osteopathie e.V.,Scientists count the career costs of COVID
swscicwh,fnhqcpru,-0.03743837,Clinical characteristics and prognostic factors in COVID-19 patients aged ≥80 years,COVID-19 – (k)eine Zumutung?!
hqzx3uee,fnhqcpru,-0.03743837,Clinical characteristics and prognostic factors in COVID‐19 patients aged ≥80 years,COVID-19 – (k)eine Zumutung?!
563ftqw3,l44psscs,-0.037427574,hpO: Berufsvereinigung für heilkundlich praktizierte Osteopathie e.V.,Quantifying the Negative Impact of Interactions Between Users of Pedestrians-Cyclists Shared Use Space
563ftqw3,rhwlsp1n,-0.03742087,hpO: Berufsvereinigung für heilkundlich praktizierte Osteopathie e.V.,The Shooting
b3grnj7r,t8vb3vii,-0.037391577,"""Ein guter Vertriebler braucht Gespür für das Machbare""",Complications in Patients With COVID-19
ye7fqh6a,9mwcfk1j,-0.037381366,Jetzt anmelden!,Clinical characteristics and treatment strategies of 79 patients with COVID-19
jpm8regt,fnhqcpru,-0.03737619,"Behavioral Health Support for Patients, Families, and Healthcare Workers",COVID-19 – (k)eine Zumutung?!
563ftqw3,4c5ru1ax,-0.03736765,hpO: Berufsvereinigung für heilkundlich praktizierte Osteopathie e.V.,Virtual reality in palliative care
563ftqw3,x3zkpv0d,-0.03736628,hpO: Berufsvereinigung für heilkundlich praktizierte Osteopathie e.V.,Extracurricular activities can play a central role in K-12 education
563ftqw3,0wc4l9c7,-0.037347037,hpO: Berufsvereinigung für heilkundlich praktizierte Osteopathie e.V.,COVID-19 as a window of opportunity for sustainability transitions? Narratives and communication strategies beyond the pandemic
563ftqw3,un127s7s,-0.037345063,hpO: Berufsvereinigung für heilkundlich praktizierte Osteopathie e.V.,Exploring Diversity of COVID‑19 Based on Substitution Distance
ye7fqh6a,02vwdfy0,-0.03733717,Jetzt anmelden!,Characteristics and outcomes of COVID‐19 in hospitalized patients with and without diabetes
563ftqw3,1mdkh7p8,-0.037328415,hpO: Berufsvereinigung für heilkundlich praktizierte Osteopathie e.V.,Celebrating diversity and adaptability in academic primary care
ye7fqh6a,omflepy8,-0.037319414,Jetzt anmelden!,Priority Areas for Public Administration in the Field of Culture and Leisure
563ftqw3,cgfr7szn,-0.0373144,hpO: Berufsvereinigung für heilkundlich praktizierte Osteopathie e.V.,Beyond Seizures: Can Persons With Epilepsy Play HOBSCOTCH to Take Control?
mrfoo8a0,xmb4eywi,-0.037310906,Monitoring clinical trials in infectious diseases,"Strategieentwicklung ""einfach"" machen"
563ftqw3,nous57i0,-0.03730181,hpO: Berufsvereinigung für heilkundlich praktizierte Osteopathie e.V.,Recent advances in the therapeutic applications of pyrazolines
563ftqw3,mzaf7omz,-0.03729327,hpO: Berufsvereinigung für heilkundlich praktizierte Osteopathie e.V.,Guest editorialHappy endings and successful stories in public sector financial management: a lesson drawing perspective
22t41vom,wwie0iem,-0.037272822,Survey of the year 2006 commercial optical biosensor literature.,Allergikern Ängste nehmen
563ftqw3,qbi4zxv0,-0.03726252,hpO: Berufsvereinigung für heilkundlich praktizierte Osteopathie e.V.,Community Matters: Student Instructor Relationships Foster Student Motivation and Engagement in an Emergency Remote Teaching Environment
563ftqw3,v4eb7ced,-0.03725843,hpO: Berufsvereinigung für heilkundlich praktizierte Osteopathie e.V.,"Exploring the consequences of COVID-19 on tourist behaviors: perceived travel risk, animosity and intentions to travel"
x8ep27nz,fnhqcpru,-0.037256673,Indicators of Waterborne Viruses,COVID-19 – (k)eine Zumutung?!
563ftqw3,uzt5lbmy,-0.037234046,hpO: Berufsvereinigung für heilkundlich praktizierte Osteopathie e.V.,Digital Transformation: Current Challenges and Future Perspectives
563ftqw3,ysphco6m,-0.037230354,hpO: Berufsvereinigung für heilkundlich praktizierte Osteopathie e.V.,"Home, but Left Alone: Time at Home and Child Abuse and Neglect During COVID-19"
ye7fqh6a,opqucjb5,-0.03721949,Jetzt anmelden!,Inflammaging in Endemic Areas for Infectious Diseases
wwie0iem,qaj8on0j,-0.03719165,Allergikern Ängste nehmen,Coronavirus - Scientific insights and societal aspects
563ftqw3,zfjzixe6,-0.037182257,hpO: Berufsvereinigung für heilkundlich praktizierte Osteopathie e.V.,Cities and communities beyond COVID-19
563ftqw3,fofx4u07,-0.03716381,hpO: Berufsvereinigung für heilkundlich praktizierte Osteopathie e.V.,Autistic People's Access to Bilingualism and Additional Language Learning: Identifying the Barriers and Facilitators for Equal Opportunities
563ftqw3,08dkaeit,-0.0371606,hpO: Berufsvereinigung für heilkundlich praktizierte Osteopathie e.V.,Uniting for adolescents in covid-19 and beyond
w2vxnrwc,ozyazewv,-0.037153106,From Newsroom to Classroom,Zertifizierungen von EndoCert: in Zeiten von COVID-19
563ftqw3,ie4e25du,-0.037142485,hpO: Berufsvereinigung für heilkundlich praktizierte Osteopathie e.V.,Situation of Management and Activity after Covid-19 Measures in Schoolchild Care Facilities
563ftqw3,5ftfonzh,-0.037135772,hpO: Berufsvereinigung für heilkundlich praktizierte Osteopathie e.V.,Missing Pieces: Engaging Sociology of Disability in Medical Sociology.
chaos58y,e97bazt5,-0.037133656,Pflege während der COVID-19 Pandemie: Eine besondere Herausforderung,"Covid, Colleges, and Classes"
563ftqw3,szzxc71u,-0.03709503,hpO: Berufsvereinigung für heilkundlich praktizierte Osteopathie e.V.,As the Seasons Turn
563ftqw3,w6tcxb5d,-0.03709126,hpO: Berufsvereinigung für heilkundlich praktizierte Osteopathie e.V.,Pandemic and Sport: The Challenges and Implications of Publicly Financed Sporting Venues in an Era of No Fans
563ftqw3,nkzrogxb,-0.037078783,hpO: Berufsvereinigung für heilkundlich praktizierte Osteopathie e.V.,Impact of COVID-19 on Dentistry.
gvccf8kn,fnhqcpru,-0.037078187,Clinical Manifestations of COVID-19.,COVID-19 – (k)eine Zumutung?!
563ftqw3,g1qbtpya,-0.037074924,hpO: Berufsvereinigung für heilkundlich praktizierte Osteopathie e.V.,Safe Transitions and Congregate Living in the Age of COVID-19: A Retrospective Cohort Study
563ftqw3,lj4rxo0y,-0.037065957,hpO: Berufsvereinigung für heilkundlich praktizierte Osteopathie e.V.,[Recent Advances in Neurology].
563ftqw3,xsf149nx,-0.037058916,hpO: Berufsvereinigung für heilkundlich praktizierte Osteopathie e.V.,POLST Signature Requirements: Responding With Compassion While Ensuring Informed Consent
wwie0iem,jwb67tml,-0.03705624,Allergikern Ängste nehmen,Brief Report: The Impact of Social and News Media Coverage on the Dissemination of Autism Research
563ftqw3,n4ch40zu,-0.03702794,hpO: Berufsvereinigung für heilkundlich praktizierte Osteopathie e.V.,Revising the legislation of Ethics Committees to ease biomedical research in humans across the world: lessons from the COVID-19 emergency
6n5ahxak,fnhqcpru,-0.03701195,Disparity in the selection of patients in clinical trials.,COVID-19 – (k)eine Zumutung?!
563ftqw3,vms54siy,-0.037011646,hpO: Berufsvereinigung für heilkundlich praktizierte Osteopathie e.V.,Storage issues in assisted living facilities and senior living communities
563ftqw3,ijtgcoak,-0.037011616,hpO: Berufsvereinigung für heilkundlich praktizierte Osteopathie e.V.,Predicting the Length of Stay of Patients in Hospitals
1w677dta,ef4ughzi,-0.037008908,Bundesweites Belastungsmodell für Intensivstationen durch COVID-19,Disclosure List.
563ftqw3,oah3kc5n,-0.037008848,hpO: Berufsvereinigung für heilkundlich praktizierte Osteopathie e.V.,"Exploring modes of lecturing as a teaching method in higher education: Student attendance, preference and motivation"
4xfipd3x,v5u2nth8,-0.037008252,Superspreading genomes.,Mobilität erhalten - Immobilität vorbeugen
cm345pyo,v5u2nth8,-0.037008252,Superspreading genomes,Mobilität erhalten - Immobilität vorbeugen
563ftqw3,zxzk4bd1,-0.036997713,hpO: Berufsvereinigung für heilkundlich praktizierte Osteopathie e.V.,Thank you from the BACCN to all critical care teams for their incredible efforts throughout the pandemic
563ftqw3,s603iwsn,-0.036997113,hpO: Berufsvereinigung für heilkundlich praktizierte Osteopathie e.V.,Long-Term COVID-19 Impacts and the U.S. Workforce of 2029
563ftqw3,mzt6nq05,-0.036988396,hpO: Berufsvereinigung für heilkundlich praktizierte Osteopathie e.V.,The Pharmacist as Part of the Primary Care Team During the COVID-19 Pandemic
563ftqw3,w7ln4pu8,-0.036969773,hpO: Berufsvereinigung für heilkundlich praktizierte Osteopathie e.V.,Book Review: Strange Bedfellows: Marriage in the Age of Women’s Liberation
vro86qqp,xmb4eywi,-0.03696519,"Concepts of Security Threats, Challenges, Vulnerabilities and Risks","Strategieentwicklung ""einfach"" machen"
563ftqw3,84rdry0j,-0.036954336,hpO: Berufsvereinigung für heilkundlich praktizierte Osteopathie e.V.,Exploring Caregiver Perceptions of a One-to-One Tablet Program for Kindergartners
ye7fqh6a,gas1ir80,-0.036950186,Jetzt anmelden!,Maintenance: From COVID-19 to Wound Care.
mgtxchud,fnhqcpru,-0.036931027,COVID-19—Lessons Learned and Questions Remaining,COVID-19 – (k)eine Zumutung?!
aaw24bs3,fnhqcpru,-0.03693025,Prognostic value of maximum NEWS-2 scores in addition to ISARIC 4C scores for patients admitted to hospital with COVID-19,COVID-19 – (k)eine Zumutung?!
ye7fqh6a,cuqpnli5,-0.036929518,Jetzt anmelden!,Analysis of mortality in patients of COVID-19: clinical and laboratory parameters
ye7fqh6a,rxejse04,-0.036927197,Jetzt anmelden!,Experiences of Home Care Nurses During the COVID-19 Pandemic
wwie0iem,0wl6zgm3,-0.03692579,Allergikern Ängste nehmen,Teaching Architecture for Tertiary Students during Covid-19: Issues & Reflections
563ftqw3,qxwb40mu,-0.0369135,hpO: Berufsvereinigung für heilkundlich praktizierte Osteopathie e.V.,Beliefs about sensitive parenting among mothers of children with disabilities
fnhqcpru,k3lf5m8f,-0.036904354,COVID-19 – (k)eine Zumutung?!,Living with COVID-19: Voices from the grassroots.
wwie0iem,9ivzjp4g,-0.036903366,Allergikern Ängste nehmen,Demographic and Laboratory Findings of Symptomatic and Asymptomatic COVID-19 in Children
563ftqw3,ex2velo3,-0.036902644,hpO: Berufsvereinigung für heilkundlich praktizierte Osteopathie e.V.,International responses to COVID-19: challenges faced by early childhood professionals
ye7fqh6a,hxtvdfe3,-0.036898836,Jetzt anmelden!,Dysmagnesemia in Covid-19 cohort patients: prevalence and associated factors
563ftqw3,djhhip6z,-0.03688865,hpO: Berufsvereinigung für heilkundlich praktizierte Osteopathie e.V.,"Right Thing, Right Time, Right Place Commutable Disease Pandemic Incident Management Reflections on Covid-19"
563ftqw3,qpsncmme,-0.036883797,hpO: Berufsvereinigung für heilkundlich praktizierte Osteopathie e.V.,The Impact of a Pandemic on Professional Meetings
af3ojiob,igk0ncq4,-0.0368822,Cerebrovascular events in COVID-19 patients,Mehr Impfschutz für Herzkranke
igk0ncq4,5yeb7mhd,-0.0368822,Mehr Impfschutz für Herzkranke,Cerebrovascular events in COVID-19 patients.
ye7fqh6a,s9bgr6mt,-0.03687596,Jetzt anmelden!,Scooting injuries . . . and other stories
563ftqw3,89s1objz,-0.036865283,hpO: Berufsvereinigung für heilkundlich praktizierte Osteopathie e.V.,A critical moment for health care
563ftqw3,c36butys,-0.036856893,hpO: Berufsvereinigung für heilkundlich praktizierte Osteopathie e.V.,Patient and clinician satisfaction with video consultations in dentistry - part two: clinician satisfaction
ye7fqh6a,upiol06s,-0.036854185,Jetzt anmelden!,Analysis of laboratory parameters in patients with COVID-19: Experiences from a pandemic hospital Laboratory parameters of COVID-19
563ftqw3,rjhr8gl1,-0.0368525,hpO: Berufsvereinigung für heilkundlich praktizierte Osteopathie e.V.,Demographic-Reliant Algorithmic Fairness: Characterizing the Risks of Demographic Data Collection in the Pursuit of Fairness
wwie0iem,uydm2gef,-0.036851574,Allergikern Ängste nehmen,Video Entertainment
ncmet4lq,l3yvi2jg,-0.036845528,The Case for Capping Residency Interviews,"411 Mrd. €, 11,9 %"
563ftqw3,lyoi1gsb,-0.036828227,hpO: Berufsvereinigung für heilkundlich praktizierte Osteopathie e.V.,Antimicrobial stewardship in children: Where to from here?
563ftqw3,9gs1zhmy,-0.036803663,hpO: Berufsvereinigung für heilkundlich praktizierte Osteopathie e.V.,"Letter to the editor regarding “Evaluation of a telemedicine-based training for final-year medical students including simulated patient consultations, documentation, and case presentation”"
wwie0iem,784gmskn,-0.03680248,Allergikern Ängste nehmen,"Population, Ecological Footprint and the Sustainable Development Goals"
563ftqw3,hy7g9vvz,-0.036797993,hpO: Berufsvereinigung für heilkundlich praktizierte Osteopathie e.V.,The Benefits of Intergenerational Wisdom-Sharing: A Randomized Controlled Study
bdds4kaj,fnhqcpru,-0.03679232,"Breastfeeding and COVID-19, 20 May 2020",COVID-19 – (k)eine Zumutung?!
9dy2gfs6,fnhqcpru,-0.03679232,Breastfeeding and COVID-19.,COVID-19 – (k)eine Zumutung?!
563ftqw3,er7d65rj,-0.036781665,hpO: Berufsvereinigung für heilkundlich praktizierte Osteopathie e.V.,Making Sense of Security
ujsb6ebp,d6su39tw,-0.036778852,Hearts of Athletes,Erfolgreiche Behandlung eines drittgradigen Pleuraempyems infolge einer COVID-19-Infektion
563ftqw3,scokl12s,-0.036758672,hpO: Berufsvereinigung für heilkundlich praktizierte Osteopathie e.V.,"Reality bites: How the pandemic has begun to shape the way we, metaphorically, see the world"
m2gbe3ey,l3yvi2jg,-0.0367419,Corrigendum to “Trajectories of vital signs in patients with COVID-19” [Resuscitation 156 (2020) 99–106],"411 Mrd. €, 11,9 %"
wwie0iem,dl01tfe3,-0.03673668,Allergikern Ängste nehmen,The COVID-19 pandemic in rural and remote areas: the view of family and community physicians on primary healthcare
ye7fqh6a,grdepchy,-0.036731813,Jetzt anmelden!,Clinical characteristics and risk factors of tigecycline-associated hypofibrinogenaemia in critically ill patients
563ftqw3,3b1xkb8j,-0.03671977,hpO: Berufsvereinigung für heilkundlich praktizierte Osteopathie e.V.,A match for virtual conferences
knv5i1en,8f2e9fxq,-0.036717594,Labor issues and COVID-19,Onze hersenen: onze achtbaan
563ftqw3,aye7ldw6,-0.036716934,hpO: Berufsvereinigung für heilkundlich praktizierte Osteopathie e.V.,Time is money and time is life.
wwie0iem,2y108g9m,-0.036707304,Allergikern Ängste nehmen,Literature Highlights Column: Life Sciences Discovery and Technology Highlights
563ftqw3,1u0xdp11,-0.036698166,hpO: Berufsvereinigung für heilkundlich praktizierte Osteopathie e.V.,"Beyond Research, Taking Action Against Racism."
ye7fqh6a,nx45ej1r,-0.036696725,Jetzt anmelden!,Interdependencies and civilization in times of covid-19
wwie0iem,1h7u3m20,-0.036686644,Allergikern Ängste nehmen,An Outline of the Story of Girls in Control and its Success in Motivating Girls Internationally
563ftqw3,bhaj9noc,-0.03666518,hpO: Berufsvereinigung für heilkundlich praktizierte Osteopathie e.V.,Poetry
563ftqw3,xime83oq,-0.036656953,hpO: Berufsvereinigung für heilkundlich praktizierte Osteopathie e.V.,[Women as Leaders: Chances and Risks of the COVID-19 Pandemic]
kkflrybw,8hdkpkgz,-0.03664996,Nachrichtenteil für Grundwasser-Heft 2/2021,33 Bronchiolitis
563ftqw3,qv9hqtlc,-0.036648434,hpO: Berufsvereinigung für heilkundlich praktizierte Osteopathie e.V.,COVID-19 in the elderly people and advances in vaccination approaches
563ftqw3,bfz8125q,-0.036644842,hpO: Berufsvereinigung für heilkundlich praktizierte Osteopathie e.V.,Judging history's heroes and monsters.
igk0ncq4,eae6dmwu,-0.0366322,Mehr Impfschutz für Herzkranke,Animal biosafety
563ftqw3,j4krhet8,-0.036631774,hpO: Berufsvereinigung für heilkundlich praktizierte Osteopathie e.V.,Why health workforce matters: Reflections from current pandemic and past programs experiences
563ftqw3,blpp2ar5,-0.036624964,hpO: Berufsvereinigung für heilkundlich praktizierte Osteopathie e.V.,Firm internationalization and long-term impact of the Covid-19 pandemic
wwie0iem,lcehb4mv,-0.03662465,Allergikern Ängste nehmen,Clinical management indicators for the cardiovascular area. A note for the debate
563ftqw3,cm32r94w,-0.036623288,hpO: Berufsvereinigung für heilkundlich praktizierte Osteopathie e.V.,An Uncertain Public - Encouraging Acceptance of Covid-19 Vaccines.
wwie0iem,l1x2qoez,-0.036619358,Allergikern Ängste nehmen,The 100 Most Influential Manuscripts on COVID-19: A Bibliometric Analysis
563ftqw3,p35w7wig,-0.036619157,hpO: Berufsvereinigung für heilkundlich praktizierte Osteopathie e.V.,A Review on Serious Games in E-learning
563ftqw3,rhee3eem,-0.03660657,hpO: Berufsvereinigung für heilkundlich praktizierte Osteopathie e.V.,Guiding principles for undergraduate medical education in the time of the COVID-19 pandemic
563ftqw3,xuk6qe4j,-0.036595084,hpO: Berufsvereinigung für heilkundlich praktizierte Osteopathie e.V.,Improving COVID-19 vaccine acceptance: Including insights from human decision-making under conditions of uncertainty and human-centered design
563ftqw3,3kcyl9u1,-0.03658988,hpO: Berufsvereinigung für heilkundlich praktizierte Osteopathie e.V.,Teaching Microscopy Remotely: Two Engaging Options
mrw3c2kl,fnhqcpru,-0.036588322,Patients' perceptions of the quality of nursing services.,COVID-19 – (k)eine Zumutung?!
pksbj1cp,xmb4eywi,-0.036583785,Three updates,"Strategieentwicklung ""einfach"" machen"
563ftqw3,6xl7p5bu,-0.036578607,hpO: Berufsvereinigung für heilkundlich praktizierte Osteopathie e.V.,Understanding long COVID: a modern medical challenge
wwie0iem,jw72fi4l,-0.036576245,Allergikern Ängste nehmen,Comment AGREEING ON COVID‐19
ye7fqh6a,fvv5yf9y,-0.036570005,Jetzt anmelden!,"Rural and urban differences in perceptions, behaviors, and health care disruptions during the COVID‐19 pandemic"
l3yvi2jg,72ynrq61,-0.03656308,"411 Mrd. €, 11,9 %",A Case Series of MGUS and COVID‐19
wwie0iem,7cqdupou,-0.03654656,Allergikern Ängste nehmen,A Vulnerability Study on Academic Collaboration Networks Based on Network Dynamics
563ftqw3,88qqhwr8,-0.03653527,hpO: Berufsvereinigung für heilkundlich praktizierte Osteopathie e.V.,"Citizen Science, Education, and Learning: Challenges and Opportunities"
ye7fqh6a,6u8bm4mq,-0.036532283,Jetzt anmelden!,The COVID-19 Effects on Agricultural Commodity Markets
9ufj6rgf,l3yvi2jg,-0.036532167,Towards structure-focused glycoproteomics,"411 Mrd. €, 11,9 %"
ye7fqh6a,s7snwyn0,-0.03652844,Jetzt anmelden!,Societies‘ Communications
563ftqw3,1upy9b5v,-0.036518443,hpO: Berufsvereinigung für heilkundlich praktizierte Osteopathie e.V.,Recommendations to drive a value-based decision-making on vaccination.
qrp8r5bi,tjd3wkvu,-0.03651497,Characteristics of Mortgage Borrowers During the COVID-19 Pandemic,Dynamische Übergabeschurre zur Effizienzsteigerung von Gurtbandförderern
fnhqcpru,yj0to68r,-0.036510874,COVID-19 – (k)eine Zumutung?!,Outcomes for Patients Following Hospitalization for COVID-19
563ftqw3,okae43c7,-0.036505792,hpO: Berufsvereinigung für heilkundlich praktizierte Osteopathie e.V.,Analyzing Restaurant Customers’ Evolution of Dining Patterns and Satisfaction during COVID-19 for Sustainable Business Insights
ye7fqh6a,1hzwaao4,-0.036493976,Jetzt anmelden!,Cardiovascular factors predicting poor outcome in COVID-19 patients
ye7fqh6a,p5izkfuu,-0.036493976,Jetzt anmelden!,Cardiovascular factors predicting poor outcome in COVID – 19 patients
563ftqw3,805m3360,-0.03648933,hpO: Berufsvereinigung für heilkundlich praktizierte Osteopathie e.V.,"P0182 Lessons learned with remote research among older adults during COVID-19, a qualitative reflection"
563ftqw3,kk01ajhl,-0.036487255,hpO: Berufsvereinigung für heilkundlich praktizierte Osteopathie e.V.,Clinician Readiness to Adopt A.I. for Critical Care Prioritisation
wwie0iem,aahl3kl6,-0.036483217,Allergikern Ängste nehmen,Immunogenicity and Reactogenicity of CoronaVac: A Cohort Study
563ftqw3,axfr0kfk,-0.03648081,hpO: Berufsvereinigung für heilkundlich praktizierte Osteopathie e.V.,"Reflections on pandemics, past and present"
563ftqw3,cmiiotzi,-0.03647938,hpO: Berufsvereinigung für heilkundlich praktizierte Osteopathie e.V.,Pushing LIMITS: Envisioning beyond the artifact
9m5js12p,fnhqcpru,-0.036475886,Vaccines: Considerations for pediatric dermatology patients on immunosuppressive agents.,COVID-19 – (k)eine Zumutung?!
wwie0iem,vzsmjjwo,-0.036469772,Allergikern Ängste nehmen,Covid-19 - A Reminder to Reason
563ftqw3,h42pz5cu,-0.036462247,hpO: Berufsvereinigung für heilkundlich praktizierte Osteopathie e.V.,One nudge for hand hygiene
563ftqw3,pf32rfw4,-0.03645764,hpO: Berufsvereinigung für heilkundlich praktizierte Osteopathie e.V.,Protecting the world from future pandemics: 3/11 is another day to remember
563ftqw3,ij7q14a1,-0.03644993,hpO: Berufsvereinigung für heilkundlich praktizierte Osteopathie e.V.,Reflections on the lived experience of working with limited personal protective equipment during the COVID-19 crisis
563ftqw3,nr1a2gvk,-0.03644915,hpO: Berufsvereinigung für heilkundlich praktizierte Osteopathie e.V.,Impact on Child Psychiatry.
563ftqw3,w8kft53k,-0.036439747,hpO: Berufsvereinigung für heilkundlich praktizierte Osteopathie e.V.,A Crisis of Governance – Or an Opportunity?
2hnrmkxa,tjd3wkvu,-0.03643652,NATIONAL SPEAKERS.,Dynamische Übergabeschurre zur Effizienzsteigerung von Gurtbandförderern
563ftqw3,b7d3kl57,-0.036428064,hpO: Berufsvereinigung für heilkundlich praktizierte Osteopathie e.V.,Good Care during COVID-19: A Narrative Approach to Care Home Staff’s Experiences of the Pandemic
563ftqw3,wjlsxc8v,-0.036414433,hpO: Berufsvereinigung für heilkundlich praktizierte Osteopathie e.V.,When Lecturers have a Choice: Covid-19 Teaching Format Preferences in a Large-Scale Course of Freshmen Students in Switzerland
ufnxjeo1,fnhqcpru,-0.0364136,Parents’ Intentions to Vaccinate Their Children Against COVID-19,COVID-19 – (k)eine Zumutung?!
563ftqw3,d6pxbovu,-0.0364096,hpO: Berufsvereinigung für heilkundlich praktizierte Osteopathie e.V.,Part 2: Adult basic life support
563ftqw3,m9d1s9yi,-0.036403917,hpO: Berufsvereinigung für heilkundlich praktizierte Osteopathie e.V.,COVID-19 and International Organizations: Challenges and Opportunities from the Perspective of Good Governance and the Rule of Law
w8g6utm3,fnhqcpru,-0.036396883,COVID-19: Implications for healthcare managers,COVID-19 – (k)eine Zumutung?!
563ftqw3,s7nb3nac,-0.036393657,hpO: Berufsvereinigung für heilkundlich praktizierte Osteopathie e.V.,Pandemic-Proofing Your Library: Disaster Response and Lessons Learned from COVID-19
0n8sy0i3,563ftqw3,-0.036389593,Technology Recommendations to Support Person-Centered Care in Long-Term Care Homes during the COVID-19 Pandemic and Beyond.,hpO: Berufsvereinigung für heilkundlich praktizierte Osteopathie e.V.
563ftqw3,o2ahzw5z,-0.036381386,hpO: Berufsvereinigung für heilkundlich praktizierte Osteopathie e.V.,Community engagement
563ftqw3,4hi4lmco,-0.036377512,hpO: Berufsvereinigung für heilkundlich praktizierte Osteopathie e.V.,Part-time adult students’ satisfaction with online learning during the COVID-19 pandemic
kq6xj5gq,fnhqcpru,-0.036365286,Probiotics in the times of COVID-19,COVID-19 – (k)eine Zumutung?!
wwie0iem,61y8o0ou,-0.036364116,Allergikern Ängste nehmen,Maintaining family stability in the age of digital technologies: An analysis of d/Discourse informing domestic screen media practices in three US families
l3yvi2jg,fsj6dhyp,-0.03635046,"411 Mrd. €, 11,9 %",Project Documentaries: The Rise of the Cinematic Portfolio
taylx8ax,igk0ncq4,-0.03634611,ESICM LIVES 2020,Mehr Impfschutz für Herzkranke
563ftqw3,benbi926,-0.036336135,hpO: Berufsvereinigung für heilkundlich praktizierte Osteopathie e.V.,International Standards and Rules for Interaction between Public Authorities during the Covid-19 Pandemic
563ftqw3,h1vyi6cu,-0.036333665,hpO: Berufsvereinigung für heilkundlich praktizierte Osteopathie e.V.,Predicting the Intention to Pursue Certified Professional Accountancy Qualification Among the Accounting Students
wwie0iem,b5d032uv,-0.036332317,Allergikern Ängste nehmen,Contributions and Challenges in Health Lifestyles Research.
563ftqw3,n3oqos26,-0.03633205,hpO: Berufsvereinigung für heilkundlich praktizierte Osteopathie e.V.,Autobiography
a7ttib1s,fnhqcpru,-0.036328528,Enrolling Minors in COVID-19 Vaccine Trials.,COVID-19 – (k)eine Zumutung?!
563ftqw3,mwjh4qsz,-0.036323603,hpO: Berufsvereinigung für heilkundlich praktizierte Osteopathie e.V.,Learn to Live Again
563ftqw3,54tha4iq,-0.036322545,hpO: Berufsvereinigung für heilkundlich praktizierte Osteopathie e.V.,Playground as meaning-making space: Multimodal making and re-making of meaning in the (virtual) playground
kbcolhjd,fnhqcpru,-0.03630653,547 Clinical Outcomes for Burned Patients with Covid-19,COVID-19 – (k)eine Zumutung?!
546e8gnj,xmb4eywi,-0.036302287,Medicolegal aspects of teledermatology(),"Strategieentwicklung ""einfach"" machen"
wwie0iem,0do50pw7,-0.036295723,Allergikern Ängste nehmen,Aerospace Implications of Key Neurological Conditions.
wwie0iem,rxgnrrx8,-0.03629468,Allergikern Ängste nehmen,Differences in race and other state‐level characteristics and associations with mortality from COVID‐19 infection
563ftqw3,qkgzrxc1,-0.036292244,hpO: Berufsvereinigung für heilkundlich praktizierte Osteopathie e.V.,Teleworking at Different Locations Outside the Office: Consequences for Perceived Performance and the Mediating Role of Autonomy and Work-Life Balance Satisfaction
ye7fqh6a,z6pchusp,-0.03629198,Jetzt anmelden!,Clinical features of covid-19 in children
l3yvi2jg,4ji8tfut,-0.03628155,"411 Mrd. €, 11,9 %",Understanding students as hosts: moving beyond sightseeing
jzmmr0ka,fnhqcpru,-0.03628069,Exosomes and COVID-19: challenges and opportunities,COVID-19 – (k)eine Zumutung?!
p5yx1mui,ye7fqh6a,-0.036277782,Shifting Duties of Children's Hospitals During the COVID-19 Pandemic,Jetzt anmelden!
ofz4dywk,buuyynle,-0.036275756,/ Aktuell /,An unusual pseudomelanosis in toddlers
563ftqw3,0n6lv1px,-0.036267012,hpO: Berufsvereinigung für heilkundlich praktizierte Osteopathie e.V.,Virtually Perfect? Telemedicine for Covid-19.
igk0ncq4,sxawqlco,-0.036260743,Mehr Impfschutz für Herzkranke,Antimicrobials from animals
563ftqw3,i708h5u5,-0.03625819,hpO: Berufsvereinigung für heilkundlich praktizierte Osteopathie e.V.,Conservation optimism and reckoning with the future
gdqv1q45,n4mgpdnm,-0.036251858,Komplexe Gerinnungsstörungen,Covid-19: doctors still do not have #properPPE.
ye7fqh6a,wudmrzqk,-0.036251504,Jetzt anmelden!,Research towards treating COVID-19
563ftqw3,ipv5kmap,-0.03624759,hpO: Berufsvereinigung für heilkundlich praktizierte Osteopathie e.V.,A Review of Intelligent Techniques for Implementing SMART Learning Environments
dci5bvgh,wwie0iem,-0.036246356,Keeping governments accountable: the COVID-19 Assessment Scorecard (COVID-SCORE),Allergikern Ängste nehmen
563ftqw3,pb0pejn0,-0.036223285,hpO: Berufsvereinigung für heilkundlich praktizierte Osteopathie e.V.,"Covid-19: Most symptomatic children recover within a week, study finds."
563ftqw3,82l62xri,-0.036210407,hpO: Berufsvereinigung für heilkundlich praktizierte Osteopathie e.V.,Redefining nursing solidarity.
563ftqw3,eufxsqe4,-0.036202963,hpO: Berufsvereinigung für heilkundlich praktizierte Osteopathie e.V.,IKIP Siliwangi student’s perceptions of online teaching and learning process during COVID-19 pandemic?
f1ihexts,fnhqcpru,-0.036193248,Accuracy of US College Football Players’ Estimates of Their Risk of Concussion or Injury,COVID-19 – (k)eine Zumutung?!
l1nvnvkg,8f2e9fxq,-0.036186777,Transmission and risk factors of OF COVID-19.,Onze hersenen: onze achtbaan
563ftqw3,vtya2j67,-0.036178816,hpO: Berufsvereinigung für heilkundlich praktizierte Osteopathie e.V.,H1N1 influenza: critical care aspects.
563ftqw3,q5blkyr3,-0.036164425,hpO: Berufsvereinigung für heilkundlich praktizierte Osteopathie e.V.,Cloud and Its Security Impacts on Managing a Workforce Remotely: A Reflection to Cover Remote Working Challenges
wwie0iem,wqs3yvsz,-0.036160875,Allergikern Ängste nehmen,Respectful disagreement: the covid-19 shielding list
pxc3ah12,xmb4eywi,-0.036158618,Observation on COVID-19,"Strategieentwicklung ""einfach"" machen"
wwie0iem,ie1oz85q,-0.03615631,Allergikern Ängste nehmen,Clinical characteristics of COVID-19: an analysis of 11 cases
563ftqw3,plw6215j,-0.036145236,hpO: Berufsvereinigung für heilkundlich praktizierte Osteopathie e.V.,Transport geography: Implications for public health.
563ftqw3,7ywo8rog,-0.036145236,hpO: Berufsvereinigung für heilkundlich praktizierte Osteopathie e.V.,Transport geography: Implications for public health
563ftqw3,dgusluh2,-0.036129177,hpO: Berufsvereinigung für heilkundlich praktizierte Osteopathie e.V.,The So-What? Making Sense of It All
563ftqw3,z43y876p,-0.036117155,hpO: Berufsvereinigung für heilkundlich praktizierte Osteopathie e.V.,Training Computing Educators to Become Computing Education Researchers
563ftqw3,jrtb0c58,-0.03611334,hpO: Berufsvereinigung für heilkundlich praktizierte Osteopathie e.V.,Physics and Covid-19
563ftqw3,4nsgopzb,-0.036112823,hpO: Berufsvereinigung für heilkundlich praktizierte Osteopathie e.V.,"Your Best Life: In Times of Crisis, Small Victories Matter"
563ftqw3,jzkyer54,-0.036072496,hpO: Berufsvereinigung für heilkundlich praktizierte Osteopathie e.V.,Implementation of an alternative method for assessing competing risks: restricted mean time lost
563ftqw3,wd1fqq2m,-0.036070388,hpO: Berufsvereinigung für heilkundlich praktizierte Osteopathie e.V.,"Time, the other, and the collective voice. Discernments from a language psychological perspective with three dialoguing voices"
563ftqw3,fs7wk2b1,-0.036067765,hpO: Berufsvereinigung für heilkundlich praktizierte Osteopathie e.V.,The Development and Validation of the Planning to Make Meals Performance Measure.
563ftqw3,ru2bamr0,-0.036062118,hpO: Berufsvereinigung für heilkundlich praktizierte Osteopathie e.V.,Managing supraglottitis in the COVID-19 era
qxwb40mu,fnhqcpru,-0.036061943,Beliefs about sensitive parenting among mothers of children with disabilities,COVID-19 – (k)eine Zumutung?!
wwie0iem,l585xoff,-0.036060203,Allergikern Ängste nehmen,The Regulation of Media and Communications in the Borderless Networked Society
563ftqw3,fmr2zm9j,-0.036048736,hpO: Berufsvereinigung für heilkundlich praktizierte Osteopathie e.V.,The Effect of Hospital-Based Childbirth Classes on Birth Outcomes.
794kqbxk,igk0ncq4,-0.03604806,Vaccines in the public eye.,Mehr Impfschutz für Herzkranke
563ftqw3,gnrcigof,-0.03604349,hpO: Berufsvereinigung für heilkundlich praktizierte Osteopathie e.V.,COVID-19 Cuts Life Expectancy in Dozens of Countries
563ftqw3,rq5nmk86,-0.03603625,hpO: Berufsvereinigung für heilkundlich praktizierte Osteopathie e.V.,Weather and COVID-19 Deaths During the Stay-at-Home Order in the U.S
563ftqw3,ycy3h40i,-0.03601642,hpO: Berufsvereinigung für heilkundlich praktizierte Osteopathie e.V.,Special Considerations in Preschool Age
563ftqw3,96e6r428,-0.0360152,hpO: Berufsvereinigung für heilkundlich praktizierte Osteopathie e.V.,Preparing for and responding to pandemic influenza: implications for people with disabilities.
wwie0iem,pu79sff6,-0.036010943,Allergikern Ängste nehmen,Transactions of the International Permafrost Association Number 3
ye7fqh6a,adqoibcs,-0.036007605,Jetzt anmelden!,"Risk Factors for Infectious Diseases in Backyard Poultry Farms in the Poyang Lake Area, China"
ye7fqh6a,rhpvd7ud,-0.035989717,Jetzt anmelden!,Category C Potential Bioterrorism Agents and Emerging Pathogens
563ftqw3,5trbenps,-0.035986442,hpO: Berufsvereinigung für heilkundlich praktizierte Osteopathie e.V.,Limited tourism: travel bubbles for a sustainable future
1k6p7sv9,fnhqcpru,-0.035959005,"COVID-19 vaccines: challenges and promises of trials, manufacturing and allocation of doses",COVID-19 – (k)eine Zumutung?!
g1lrqtib,igk0ncq4,-0.035958286,Experiments@home,Mehr Impfschutz für Herzkranke
563ftqw3,kvkizmtv,-0.035957813,hpO: Berufsvereinigung für heilkundlich praktizierte Osteopathie e.V.,Taxing Capital In The Age Of Intangibles
563ftqw3,1cpmhkyc,-0.03595689,hpO: Berufsvereinigung für heilkundlich praktizierte Osteopathie e.V.,A Virtual Board Game: Monosoil
igk0ncq4,6zd3vmkj,-0.03594924,Mehr Impfschutz für Herzkranke,"Covid-19, Pregnancy, and Vaccinations."
563ftqw3,in52nd60,-0.03592936,hpO: Berufsvereinigung für heilkundlich praktizierte Osteopathie e.V.,The Digital Future Is Now
vughd7op,fnhqcpru,-0.03592374,The Metrics Matter: Improving Comparisons of COVID-19 Outbreaks in Nursing Homes.,COVID-19 – (k)eine Zumutung?!
563ftqw3,vqfu2zas,-0.035921663,hpO: Berufsvereinigung für heilkundlich praktizierte Osteopathie e.V.,Adapting During the Ever-Changing Pandemic Environment: A One-Year Examination of How Health Education Specialists Remain Adaptable
563ftqw3,0gus1yvn,-0.03591315,hpO: Berufsvereinigung für heilkundlich praktizierte Osteopathie e.V.,The impact of COVID-19 on patient safety attendant use
563ftqw3,u86ys93z,-0.03591113,hpO: Berufsvereinigung für heilkundlich praktizierte Osteopathie e.V.,Benefits of Avoiding Unnecessary Medical Care During the COVID-19 Pandemic.
ye7fqh6a,fyqb4wqp,-0.035905838,Jetzt anmelden!,Work and Nonwork Contributory Factors to Health Care Workers' Mental Health.
563ftqw3,guh2sgb6,-0.035893485,hpO: Berufsvereinigung für heilkundlich praktizierte Osteopathie e.V.,CommentReflections on a Real-Time Advance Care Planning Discussion During Our First Virtual Teaching Rounds in Post-Acute Care
ye7fqh6a,vb805p9l,-0.035892148,Jetzt anmelden!,Sustainability Risk Management of Firms
563ftqw3,r4unlo43,-0.035875242,hpO: Berufsvereinigung für heilkundlich praktizierte Osteopathie e.V.,Strategies to manage working from home during the pandemic: the employee experience
jrkt1kvi,8f2e9fxq,-0.03586551,Conflict of interest disclosures.,Onze hersenen: onze achtbaan
563ftqw3,6nxiztah,-0.03585152,hpO: Berufsvereinigung für heilkundlich praktizierte Osteopathie e.V.,Wellbeing during the holidays.
563ftqw3,90n7goir,-0.03585056,hpO: Berufsvereinigung für heilkundlich praktizierte Osteopathie e.V.,Symbiotic 8: Beyond Symbolic Execution: (Competition Contribution)
563ftqw3,1cro34bd,-0.03584241,hpO: Berufsvereinigung für heilkundlich praktizierte Osteopathie e.V.,Where do the children play…in a pandemic? Personal observations of U.S. children’s social learning of preventative health through embodied experiences while sheltering-in-place
o0okucwu,xmb4eywi,-0.035841994,Should Institutions Disclose the Names of Employees with Covid‐19?,"Strategieentwicklung ""einfach"" machen"
563ftqw3,2ugwb01r,-0.03583711,hpO: Berufsvereinigung für heilkundlich praktizierte Osteopathie e.V.,A Change of Course: The Case for a Neurorecovery Clinic
ye7fqh6a,5o7m935w,-0.035835337,Jetzt anmelden!,Confronting the reality of COVID.
563ftqw3,0dedc4tw,-0.03582434,hpO: Berufsvereinigung für heilkundlich praktizierte Osteopathie e.V.,Exploring nursing students' experiences as paid employees during the COVID-19 pandemic
563ftqw3,a3thhr9o,-0.03582051,hpO: Berufsvereinigung für heilkundlich praktizierte Osteopathie e.V.,An opportunity for change.
wwie0iem,w3o9lu0t,-0.035816394,Allergikern Ängste nehmen,COVID-19 Challenges Basic Researchers
ye7fqh6a,nqj4d8di,-0.035814907,Jetzt anmelden!,Dynamic modeling of hospitalized COVID-19 patients reveals disease state dependent risk factors
k5lx8cmg,xmb4eywi,-0.035810098,Surviving syndemics.,"Strategieentwicklung ""einfach"" machen"
563ftqw3,7qjkp4b8,-0.0358074,hpO: Berufsvereinigung für heilkundlich praktizierte Osteopathie e.V.,Perceived vaccination status in ecotourists and risks of anthropozoonoses.
563ftqw3,wrju3yk7,-0.03580242,hpO: Berufsvereinigung für heilkundlich praktizierte Osteopathie e.V.,Crucial role of physiotherapy in treating covid-19 patients
563ftqw3,yc4x8pt0,-0.035801306,hpO: Berufsvereinigung für heilkundlich praktizierte Osteopathie e.V.,Teaching Engineering and Food: From Traditional Approaches to a Flipped Course on Gastronomic Engineering
wwie0iem,reo51jgp,-0.035796262,Allergikern Ängste nehmen,Issues and Challenges for Clinical Research in International Settings
l3yvi2jg,m0ute9x1,-0.035781432,"411 Mrd. €, 11,9 %",Ensuring Adequate Palliative and Hospice Care During COVID-19 Surges.
563ftqw3,gycz4tyd,-0.035779815,hpO: Berufsvereinigung für heilkundlich praktizierte Osteopathie e.V.,Group Based Unsupervised Feature Selection
l3yvi2jg,0b58uqts,-0.03577867,"411 Mrd. €, 11,9 %",Vision of the future.
gdqv1q45,jhil88q7,-0.035778627,Komplexe Gerinnungsstörungen,Considerations for women with COVID-19 admitted to hospital
563ftqw3,pvr3qz6p,-0.035776798,hpO: Berufsvereinigung für heilkundlich praktizierte Osteopathie e.V.,Interpreting Usability Factors Predicting Sustainable Adoption of Cloud-Based E-Learning Environment during COVID-19 Pandemic
563ftqw3,xl03rr41,-0.035763945,hpO: Berufsvereinigung für heilkundlich praktizierte Osteopathie e.V.,"Exacerbating, illuminating and hiding rights issues: COVID-19 and children in conflict with the law"
563ftqw3,52dxj4i4,-0.03576211,hpO: Berufsvereinigung für heilkundlich praktizierte Osteopathie e.V.,"It’s Not Homeschool, It’s School at Home: Parents’ Experiences as Teachers during the COVID-19 Pandemic"
gdqv1q45,dx7yqwby,-0.035758816,Komplexe Gerinnungsstörungen,COVID-19 and people with intellectual disabilities
wwie0iem,ziashmgo,-0.03575744,Allergikern Ängste nehmen,Women Heads of State and Covid-19 Policy Responses
563ftqw3,by7hwyk4,-0.035756253,hpO: Berufsvereinigung für heilkundlich praktizierte Osteopathie e.V.,"The Impact of Experience, Length of Service, and Workplace Preparedness in Physicians’ Readiness in the Response to Disasters"
8f2e9fxq,sgqj0kyr,-0.035754807,Onze hersenen: onze achtbaan,COVID-19 Induced Stigma in U.S. Consumers: Evidence and Implications
563ftqw3,o8ag83sg,-0.035753466,hpO: Berufsvereinigung für heilkundlich praktizierte Osteopathie e.V.,COVID-19 and Person-Centered Care: Lessons Learned Through a Statewide Program for Nursing Homes
4hs8kiiv,fnhqcpru,-0.0357425,Who Cares About Wildlife?,COVID-19 – (k)eine Zumutung?!
z5s3mwnk,xmb4eywi,-0.035731465,Vaccines for travelers.,"Strategieentwicklung ""einfach"" machen"
563ftqw3,aazgnobj,-0.035730775,hpO: Berufsvereinigung für heilkundlich praktizierte Osteopathie e.V.,It Takes a Couple to Tango: Antecedents to Collaborative Decision-Making
563ftqw3,0bckeh55,-0.035728335,hpO: Berufsvereinigung für heilkundlich praktizierte Osteopathie e.V.,Centenarians from long-term care facilities and COVID-19-relevant hospital admissions
563ftqw3,rbxgpx9u,-0.03572402,hpO: Berufsvereinigung für heilkundlich praktizierte Osteopathie e.V.,Avoiding a Health Care Financial Meltdown.
563ftqw3,vf5lgb1u,-0.035721198,hpO: Berufsvereinigung für heilkundlich praktizierte Osteopathie e.V.,Tracking the Impacts of COVID-19 [presentation]
03u2vtzk,igk0ncq4,-0.03571778,History of Virology,Mehr Impfschutz für Herzkranke
h2blz9ti,fnhqcpru,-0.035714567,Supporting patients during COVID-19,COVID-19 – (k)eine Zumutung?!
wwie0iem,uopbj3j3,-0.035713777,Allergikern Ängste nehmen,Gendered Citation Practices in the Field of Communication.
ye7fqh6a,a9mbju7x,-0.03571002,Jetzt anmelden!,Epidemiology and clinical characteristics of COVID- 19 patients requiring critical care in a Tertiary care teaching hospital
563ftqw3,7ndp05ru,-0.035709105,hpO: Berufsvereinigung für heilkundlich praktizierte Osteopathie e.V.,The Effect of Response Inhibition Training on Risky Decision-Making Task Performance
563ftqw3,tphds5a8,-0.035707958,hpO: Berufsvereinigung für heilkundlich praktizierte Osteopathie e.V.,Maternal care and child physical health: impact of the exposure to adverse experiences during the first year of life of vulnerable children
wwie0iem,ynkh0g13,-0.035705086,Allergikern Ängste nehmen,Impact of COVID-19 on the social and psychological state of athletes.
ye7fqh6a,le6spvg5,-0.03568343,Jetzt anmelden!,Difficulties of delivering urological care to remote areas.
npywxs9d,fnhqcpru,-0.035682272,The Health of Children in Immigrant Families: Key Drivers and Research Gaps through an Equity Lens.,COVID-19 – (k)eine Zumutung?!
wwie0iem,l0z1zqcv,-0.035642542,Allergikern Ängste nehmen,Economic Importance
wwie0iem,mrrvav35,-0.035642244,Allergikern Ängste nehmen,Focus on Characteristics of COVID-19 with the Special Reference to the Impact of COVID-19 on the Urogenital System.
wwie0iem,xfauawkl,-0.035642244,Allergikern Ängste nehmen,Focus on Characteristics of COVID-19 with the Special Reference to the Impact of COVID-19 on the Urogenital System
xqhxra2p,ujsb6ebp,-0.03562371,Akutrehabilitation nach COVID‑19‑Infektion: Eine ausgewählte Fallserie,Hearts of Athletes
563ftqw3,5w2gu3xw,-0.035613917,hpO: Berufsvereinigung für heilkundlich praktizierte Osteopathie e.V.,The impact of COVID-19 on School of Medicine students’ performance: an interrupted time series study
ye7fqh6a,f836hjhr,-0.03560471,Jetzt anmelden!,Lay beliefs about scientists' relations with their employers.
ye7fqh6a,25xi2vjf,-0.03560198,Jetzt anmelden!,Reactions and feelings of health professionals in the care of hospitalized patients with suspected covid-19
563ftqw3,ibnn4mfj,-0.035599265,hpO: Berufsvereinigung für heilkundlich praktizierte Osteopathie e.V.,Psychiatry in the time of the pandemic. Is COVID-19 changing the discipline?
563ftqw3,v8axqxek,-0.03558651,hpO: Berufsvereinigung für heilkundlich praktizierte Osteopathie e.V.,"The Impact of Transitioning to Emergency Remote Instruction on Perceptions of Preparation, Institutional Support and Teaching Effectiveness"
563ftqw3,uci2cb47,-0.035582867,hpO: Berufsvereinigung für heilkundlich praktizierte Osteopathie e.V.,Clinical decision-making approaches by health caregivers of patients with COVID-19
563ftqw3,g37ztxzt,-0.035582412,hpO: Berufsvereinigung für heilkundlich praktizierte Osteopathie e.V.,TemporalWiki: A Lifelong Benchmark for Training and Evaluating Ever-Evolving Language Models
563ftqw3,5xlbwye5,-0.035582,hpO: Berufsvereinigung für heilkundlich praktizierte Osteopathie e.V.,Private Equity: Accomplishments and Challenges
563ftqw3,r39paeoi,-0.035580393,hpO: Berufsvereinigung für heilkundlich praktizierte Osteopathie e.V.,"Remotely delivered information, training and support for informal caregivers of people with dementia."
563ftqw3,hv5uhbdr,-0.035575584,hpO: Berufsvereinigung für heilkundlich praktizierte Osteopathie e.V.,Why the Promotion of Family Planning Makes More Sense Now Than Ever Before?
563ftqw3,ma4lcjpd,-0.035571575,hpO: Berufsvereinigung für heilkundlich praktizierte Osteopathie e.V.,The realities of rationing in health care
ujsb6ebp,rzi8b2gi,-0.03556932,Hearts of Athletes,Empfehlungen zur Durchführung einer Bronchoskopie in Zeiten der COVID-19-Pandemie
563ftqw3,ydffxqt8,-0.03555677,hpO: Berufsvereinigung für heilkundlich praktizierte Osteopathie e.V.,"Lanxess withstands challenging environment in 2019, achieves record margin"
563ftqw3,gfs7xu1s,-0.03555617,hpO: Berufsvereinigung für heilkundlich praktizierte Osteopathie e.V.,Restrictions' acceptance and risk perception by young generations in a COVID-19 context
ye7fqh6a,48u6dyty,-0.03554426,Jetzt anmelden!,Covid-19 and Socioeconomic Factors: Cross-country Evidence
00kcml49,wwie0iem,-0.03554075,Virology Laboratory Guidelines.,Allergikern Ängste nehmen
563ftqw3,4na9qtk2,-0.035538446,hpO: Berufsvereinigung für heilkundlich praktizierte Osteopathie e.V.,"Uncertainty, Administrative Decision-Making and Judicial Review: The Courts' Perspectives"
igk0ncq4,dqedrtwl,-0.03553446,Mehr Impfschutz für Herzkranke,Bacterial Biowarfare Agents
wwie0iem,4n1ff3bv,-0.035533357,Allergikern Ängste nehmen,Quality Issues with Public Domain Chemogenomics Data.
563ftqw3,dxq9g5nt,-0.035529986,hpO: Berufsvereinigung für heilkundlich praktizierte Osteopathie e.V.,"[""We felt we had an important role""]."
563ftqw3,jp71es2m,-0.035529625,hpO: Berufsvereinigung für heilkundlich praktizierte Osteopathie e.V.,A systematic review of long‐term care facility characteristics associated with COVID‐19 outcomes
563ftqw3,maktskrh,-0.035529565,hpO: Berufsvereinigung für heilkundlich praktizierte Osteopathie e.V.,Covid-19 aspect of poverty: Children living and working on the street
ye7fqh6a,vughd7op,-0.03551641,Jetzt anmelden!,The Metrics Matter: Improving Comparisons of COVID-19 Outbreaks in Nursing Homes.
563ftqw3,qh773fit,-0.03550184,hpO: Berufsvereinigung für heilkundlich praktizierte Osteopathie e.V.,"COVID-19 disruptions: impact on athletic identity, career transitions, and life of a developmental tour golfer"
l3yvi2jg,vnw4vhlz,-0.035499882,"411 Mrd. €, 11,9 %",COVID-19 lockdown and beyond: Home practice solutions for developing microsurgical skills
563ftqw3,9psz4i8f,-0.03548039,hpO: Berufsvereinigung für heilkundlich praktizierte Osteopathie e.V.,Supporting Students During COVID-19: Developing and Leveraging Academic Communities of Engagement in a Time of Crisis
563ftqw3,bk7wugey,-0.03547626,hpO: Berufsvereinigung für heilkundlich praktizierte Osteopathie e.V.,COVID-19 Vaccination in Children: Lessons Learned from Human Papillomavirus Vaccination
b2cgaiuz,l3yvi2jg,-0.035475746,Open access takes flight.,"411 Mrd. €, 11,9 %"
563ftqw3,r0444faz,-0.03546762,hpO: Berufsvereinigung für heilkundlich praktizierte Osteopathie e.V.,Recent publications on organized crime: the year 2020
563ftqw3,lfup535e,-0.03545949,hpO: Berufsvereinigung für heilkundlich praktizierte Osteopathie e.V.,The experiences of psychologists working with people with intellectual disabilities during the COVID‐19 crisis
563ftqw3,1jckc3vf,-0.035454124,hpO: Berufsvereinigung für heilkundlich praktizierte Osteopathie e.V.,Teaching and learning during the first COVID-19 school lockdown: Realization and associations with parent-perceived students' academic outcomes: A study and preliminary overview
563ftqw3,iy9n0knu,-0.035451733,hpO: Berufsvereinigung für heilkundlich praktizierte Osteopathie e.V.,COVID-19: A Quick Look at Aspects of Critical Care
563ftqw3,zizcdjm1,-0.035450816,hpO: Berufsvereinigung für heilkundlich praktizierte Osteopathie e.V.,Adapting to change: How has COVID-19 affected people’s work and personal goals?
563ftqw3,t16e5fyb,-0.03544536,hpO: Berufsvereinigung für heilkundlich praktizierte Osteopathie e.V.,Teaching Novice Science Teachers Online: Considerations for Practice-Based Pedagogy
563ftqw3,m2xm9coa,-0.03543906,hpO: Berufsvereinigung für heilkundlich praktizierte Osteopathie e.V.,COVID-19 research outcomes: An agenda for future research
563ftqw3,r8w5z0w7,-0.035425633,hpO: Berufsvereinigung für heilkundlich praktizierte Osteopathie e.V.,Case-Based Learning and Flipped Classroom for Teaching Administrative Processes
563ftqw3,zlq1870l,-0.035425596,hpO: Berufsvereinigung für heilkundlich praktizierte Osteopathie e.V.,Fair Credit Markets: Using Household Balance Sheets to Promote Consumer Welfare
ye7fqh6a,ja687t28,-0.03542396,Jetzt anmelden!,Eight hospitalized patients with COVID-19
baealvju,eej8qb9t,-0.03542026,Das schwere Thoraxtrauma – ein Fallbericht,Acknowledgement to Referees.
563ftqw3,369le5bm,-0.03541331,hpO: Berufsvereinigung für heilkundlich praktizierte Osteopathie e.V.,Preparing Nursing Scientists: Challenges and Solutions.
6591nkx1,mn7hrkrn,-0.035397526,Reply to Nagappa and Marimuthu,Phlorotannins
mn7hrkrn,jfrk3o5d,-0.035397526,Phlorotannins,Reply to M Speeckaert and J Delanghe.
mn7hrkrn,sbpd99n0,-0.035397526,Phlorotannins,Reply to I. Nishino and J. Tanboon.
mn7hrkrn,9baisu73,-0.035397526,Phlorotannins,In Reply to Guragai
563ftqw3,8xsd0uvf,-0.03539627,hpO: Berufsvereinigung für heilkundlich praktizierte Osteopathie e.V.,"“People Associate Us with Movement so It’s an Awesome Opportunity”: Perspectives from Physiotherapists on Promoting Physical Activity, Exercise and Sport"
563ftqw3,jnx1lum9,-0.035375126,hpO: Berufsvereinigung für heilkundlich praktizierte Osteopathie e.V.,Presentations of Routine Dental Interventions in Children over a Six-Year Period
l3yvi2jg,ju757qh8,-0.035374302,"411 Mrd. €, 11,9 %",Improving Fabric Face Masks: Impact of Design Features on the Protection Offered by Fabric Face Masks
563ftqw3,thh8gxil,-0.03536864,hpO: Berufsvereinigung für heilkundlich praktizierte Osteopathie e.V.,"The concept of care: Insights, challenges and research avenues in COVID-19 times"
biwnqa3f,fnhqcpru,-0.035353802,Prevention of Infectious Diseases in Athletes,COVID-19 – (k)eine Zumutung?!
563ftqw3,xykz918t,-0.035349175,hpO: Berufsvereinigung für heilkundlich praktizierte Osteopathie e.V.,Impact of COVID-19 on Food Insecurity and Resiliency in College Students
pt4uk6w5,o49uclco,-0.03534602,Chapter 1 A History of Public Health,Keine zusätzliche Gefahr für Allergiker
563ftqw3,7oshw3bs,-0.03534113,hpO: Berufsvereinigung für heilkundlich praktizierte Osteopathie e.V.,Vaccine mandate in long-term care facilities
563ftqw3,n8nt15cx,-0.035340015,hpO: Berufsvereinigung für heilkundlich praktizierte Osteopathie e.V.,From the Editor’s Desk: Medicine Past and Present
inj4yszy,fnhqcpru,-0.035335004,Series Editorial: Military Communications and Networks,COVID-19 – (k)eine Zumutung?!
ye7fqh6a,y3cwjpsp,-0.03533126,Jetzt anmelden!,Epidemiology and Clinical Characteristics of COVID-19.
563ftqw3,xiw6w3aq,-0.035320725,hpO: Berufsvereinigung für heilkundlich praktizierte Osteopathie e.V.,Impact of Face Masks on Speech Acoustics and Vocal Effort in Healthcare Professionals.
563ftqw3,7b3vdg6y,-0.035315204,hpO: Berufsvereinigung für heilkundlich praktizierte Osteopathie e.V.,Distance tutoring: tutor's actions in the Doctoral Training Strategy in the time of COVID 19
563ftqw3,dyn5pglp,-0.035310145,hpO: Berufsvereinigung für heilkundlich praktizierte Osteopathie e.V.,A review on the role of 3D printing in the fight against COVID-19: safety and challenges
563ftqw3,qxy52s3i,-0.035303544,hpO: Berufsvereinigung für heilkundlich praktizierte Osteopathie e.V.,"Covid-19 and rheumatology: So far, so close"
563ftqw3,bmpef84o,-0.035303514,hpO: Berufsvereinigung für heilkundlich praktizierte Osteopathie e.V.,Psychotherapy at a public hospital in the time of COVID-19: telehealth and implications for practice
bhj6tbuh,84yq3oyz,-0.0352982,CHMP empfiehlt Zulassung eines Virostatikums zur Behandlung von COVID-19,COVID-19: No Visitors.
563ftqw3,blcyzdo7,-0.03528984,hpO: Berufsvereinigung für heilkundlich praktizierte Osteopathie e.V.,The Dangling Days
563ftqw3,l8v704i8,-0.0352813,hpO: Berufsvereinigung für heilkundlich praktizierte Osteopathie e.V.,Scheduling Virtual Conferences Fairly: Achieving Equitable Participant and Speaker Satisfaction
563ftqw3,y12biwgf,-0.03527869,hpO: Berufsvereinigung für heilkundlich praktizierte Osteopathie e.V.,‘Difficult Conversations with Patients’—A Modified Group Objective Structured Clinical Experience for Medical Students
wwie0iem,2e809mwg,-0.03527078,Allergikern Ängste nehmen,Social Listening: A Thematic Analysis of COVID-19 Discussion on Social Media
563ftqw3,hhcdw3et,-0.03526859,hpO: Berufsvereinigung für heilkundlich praktizierte Osteopathie e.V.,Undertaking a face-to-face objective structured clinical examination for medical students during the COVID-19 pandemic.
563ftqw3,l4241w2t,-0.035261232,hpO: Berufsvereinigung für heilkundlich praktizierte Osteopathie e.V.,Transition practice before entering primary school: A longitudinal study of children with and without special needs across a year
563ftqw3,s6sd5tnz,-0.035259735,hpO: Berufsvereinigung für heilkundlich praktizierte Osteopathie e.V.,Group Vaccination Five Days before a COVID-19 Outbreak in a Long-Term Care Facility
wwie0iem,58xe6n7g,-0.035252556,Allergikern Ängste nehmen,Beyond Data Samples: Aligning Differential Networks Estimation with Scientific Knowledge
563ftqw3,gnnzb0ir,-0.03524776,hpO: Berufsvereinigung für heilkundlich praktizierte Osteopathie e.V.,[COVID-19 and Its Potential for Disruption and Transformation in Public Health: Lessons Learned from the Perspective of Young Professionals].
ujsb6ebp,mav7o21s,-0.03523718,Hearts of Athletes,"Was ist denn „Molekularbiologie“, bitteschön?"
bxwsii19,fnhqcpru,-0.035236068,"Readers reflect on opportunities, challenges following COVID",COVID-19 – (k)eine Zumutung?!
563ftqw3,cvgf1qjn,-0.03523575,hpO: Berufsvereinigung für heilkundlich praktizierte Osteopathie e.V.,"The Future Facility: How COVID Will Influence Design, Features, Amenities"
ozyazewv,e97bazt5,-0.03522595,Zertifizierungen von EndoCert: in Zeiten von COVID-19,"Covid, Colleges, and Classes"
563ftqw3,gm9w4biz,-0.035224598,hpO: Berufsvereinigung für heilkundlich praktizierte Osteopathie e.V.,Improving the digital health of the workforce in the COVID-19 context: an opportunity to future-proof medical training.
563ftqw3,xxe80ybe,-0.03521423,hpO: Berufsvereinigung für heilkundlich praktizierte Osteopathie e.V.,The impact of contextual information regarding the origin of food on consumers’ judgments
ye7fqh6a,2k8jl5qw,-0.035201743,Jetzt anmelden!,The Political Determinants of Health.
irwzzhar,fnhqcpru,-0.035199013,Trials and tribulations of young residents fighting COVID‐19,COVID-19 – (k)eine Zumutung?!
563ftqw3,qfvcdcq6,-0.03519548,hpO: Berufsvereinigung für heilkundlich praktizierte Osteopathie e.V.,Making Sense of Algorithms in Discrete Mathematics
nt70adya,xmb4eywi,-0.035192143,Learnings from critical care on COVID-19,"Strategieentwicklung ""einfach"" machen"
563ftqw3,0lljpwt7,-0.035158966,hpO: Berufsvereinigung für heilkundlich praktizierte Osteopathie e.V.,Discussing the Anatomy Table and the Vaccination Picture
wwie0iem,s0d5nt97,-0.03515721,Allergikern Ängste nehmen,A review of BioFET’s basic principles and materials for biomedical applications
563ftqw3,jv36pyd1,-0.03515642,hpO: Berufsvereinigung für heilkundlich praktizierte Osteopathie e.V.,"Exploring the Influence of Teacher-Student Interaction Strength, Interaction Time, Interaction Distance and Interaction Content on International Student Satisfaction with Online Courses"
563ftqw3,2104gfsw,-0.035156094,hpO: Berufsvereinigung für heilkundlich praktizierte Osteopathie e.V.,Who Will Be the History Writers of the COVID-19 Pandemic?
563ftqw3,dqsdiuqf,-0.035155088,hpO: Berufsvereinigung für heilkundlich praktizierte Osteopathie e.V.,What is the Best Approach to Learning Anatomy during a Pandemic? Students’ Perspective
563ftqw3,26e1p4rd,-0.03515085,hpO: Berufsvereinigung für heilkundlich praktizierte Osteopathie e.V.,Development of a surgical workforce access team in the battle against COVID-19
reo51jgp,xmb4eywi,-0.03514776,Issues and Challenges for Clinical Research in International Settings,"Strategieentwicklung ""einfach"" machen"
563ftqw3,vzk9ymoi,-0.035144135,hpO: Berufsvereinigung für heilkundlich praktizierte Osteopathie e.V.,Staring Death in the Face: The Financial Impact of Corporate Exposure to Prior Disasters
xmu313n8,fnhqcpru,-0.035132878,Feminist Bioethicists and COVID-19: Notes on Vulnerability and Its Missed Chances,COVID-19 – (k)eine Zumutung?!
5h3t00hc,l3yvi2jg,-0.035128463,Looking for a Sign,"411 Mrd. €, 11,9 %"
563ftqw3,c6wfyq79,-0.03512726,hpO: Berufsvereinigung für heilkundlich praktizierte Osteopathie e.V.,The Privilege of Working From Home at the Time of Social Distancing
ye7fqh6a,0y2kxm2r,-0.03512177,Jetzt anmelden!,Acute oncology in small and rural hospitals.
wwie0iem,6b6qoiq0,-0.035117123,Allergikern Ängste nehmen,Convex Optimization of the Basic Reproduction Number
563ftqw3,k5lx8cmg,-0.035109024,hpO: Berufsvereinigung für heilkundlich praktizierte Osteopathie e.V.,Surviving syndemics.
563ftqw3,btz2wtfs,-0.035082746,hpO: Berufsvereinigung für heilkundlich praktizierte Osteopathie e.V.,"Prelude to a Unique Presidency: Preparation, Expectations, and Judgment"
563ftqw3,ju757qh8,-0.035066187,hpO: Berufsvereinigung für heilkundlich praktizierte Osteopathie e.V.,Improving Fabric Face Masks: Impact of Design Features on the Protection Offered by Fabric Face Masks
563ftqw3,tyvz4ee4,-0.03506439,hpO: Berufsvereinigung für heilkundlich praktizierte Osteopathie e.V.,Workplace Violence in Healthcare: Another Perspective.
563ftqw3,bmn2rok2,-0.035063047,hpO: Berufsvereinigung für heilkundlich praktizierte Osteopathie e.V.,Would It Be Better if Instructors Technically Adjust Their Image or Voice in Online Courses? Impact of the Way of Instructor Presence on Online Learning
563ftqw3,owv6z5t5,-0.03506125,hpO: Berufsvereinigung für heilkundlich praktizierte Osteopathie e.V.,Managing online teaching during the COVID-19 pandemic
563ftqw3,50k31af3,-0.0350454,hpO: Berufsvereinigung für heilkundlich praktizierte Osteopathie e.V.,Reflections on a Real-Time Advance Care Planning Discussion During Our First Virtual Teaching Rounds in Post-Acute Care.
563ftqw3,2i0g2zfm,-0.03504319,hpO: Berufsvereinigung für heilkundlich praktizierte Osteopathie e.V.,"Context Matters: Science, Technology and Mathematics Education Lecturers' Reflections on Online Teaching and Learning during the Covid-19 Pandemic"
b5d032uv,fnhqcpru,-0.03504316,Contributions and Challenges in Health Lifestyles Research.,COVID-19 – (k)eine Zumutung?!
563ftqw3,cke6hzpy,-0.035041854,hpO: Berufsvereinigung für heilkundlich praktizierte Osteopathie e.V.,Trust in the age of COVID-19.
9qaj72qq,fnhqcpru,-0.035033904,COVID toes and other cutaneous manifestations of COVID-19.,COVID-19 – (k)eine Zumutung?!
563ftqw3,8g8ypku0,-0.035014074,hpO: Berufsvereinigung für heilkundlich praktizierte Osteopathie e.V.,Editorial: Women's Professional Sport: Understanding Distinctiveness
563ftqw3,tz9psjqv,-0.035009198,hpO: Berufsvereinigung für heilkundlich praktizierte Osteopathie e.V.,Covid-19 Success Stories of 3D Printing
wwie0iem,m25h8awl,-0.03499485,Allergikern Ängste nehmen,Screening for Healthy Screen Time
ye7fqh6a,k4zxyeeq,-0.034994043,Jetzt anmelden!,Conversational Agents in Health Care.
563ftqw3,7520xa25,-0.034988824,hpO: Berufsvereinigung für heilkundlich praktizierte Osteopathie e.V.,Lessons from the pandemic: climate change and COVID-19
563ftqw3,5uqeq4jl,-0.03498373,hpO: Berufsvereinigung für heilkundlich praktizierte Osteopathie e.V.,Goal adjustment capacities in uncontrollable life circumstances: Benefits for psychological well-being during COVID-19
s85wk9n0,wwie0iem,-0.034981843,Predatory journals.,Allergikern Ängste nehmen
563ftqw3,bcz98pin,-0.034946527,hpO: Berufsvereinigung für heilkundlich praktizierte Osteopathie e.V.,Intention of nurses to accept covid-19 vaccination
mjeugi0q,tjd3wkvu,-0.034939952,EMarket for Local Farmers,Dynamische Übergabeschurre zur Effizienzsteigerung von Gurtbandförderern
l3yvi2jg,vkrtvb7o,-0.034933932,"411 Mrd. €, 11,9 %",Cultivating a Better Understanding of COVID-19 Amidst a Shifting Landscape
ye7fqh6a,p70wtz8j,-0.03492596,Jetzt anmelden!,CRISPR Diagnostics: Advances toward the Point of Care
563ftqw3,b13naavg,-0.034924425,hpO: Berufsvereinigung für heilkundlich praktizierte Osteopathie e.V.,Vaccination during pregnancy: Present and future
563ftqw3,iahyk88i,-0.034922734,hpO: Berufsvereinigung für heilkundlich praktizierte Osteopathie e.V.,Health Care at Home: The Backstory
rh46zbw2,igk0ncq4,-0.03492009,COVID-19 - A vascular disease,Mehr Impfschutz für Herzkranke
wwie0iem,p6r7d0sh,-0.03491434,Allergikern Ängste nehmen,COVID-19: Structural predictions of viral success
ye7fqh6a,w9se87mt,-0.03491355,Jetzt anmelden!,COVID-19 and Schools Closure: Implications for School Nurses.
563ftqw3,56lu75sm,-0.03489787,hpO: Berufsvereinigung für heilkundlich praktizierte Osteopathie e.V.,Course‐based undergraduate research experiences in a remote setting: Two case studies documenting implementation and student perceptions
cfncsjj2,ncp45v4y,-0.03489467,Eular 2020: Kurzer Überblick – Praxisrelevant …!,Urinalysis
y1re2n97,ozyazewv,-0.034877226,Business,Zertifizierungen von EndoCert: in Zeiten von COVID-19
563ftqw3,n5slveiz,-0.03486992,hpO: Berufsvereinigung für heilkundlich praktizierte Osteopathie e.V.,Lifestyle Medicine for Women: The Time Is Now!
563ftqw3,aeic8ex5,-0.03486971,hpO: Berufsvereinigung für heilkundlich praktizierte Osteopathie e.V.,Love and emotions at the time of COVID-19
kohlxei0,fnhqcpru,-0.034867253,Academic women and their children: Parenting during COVID-19 and the impact on scholarly productivity,COVID-19 – (k)eine Zumutung?!
563ftqw3,r6z9gw9n,-0.034864537,hpO: Berufsvereinigung für heilkundlich praktizierte Osteopathie e.V.,Creating a ‘choose your topic’ massive open online course: an innovative and flexible approach to delivering injury prevention education
563ftqw3,5rjl5s2r,-0.03485835,hpO: Berufsvereinigung für heilkundlich praktizierte Osteopathie e.V.,Educating Students With Disabilities During the COVID-19 Pandemic: Lessons Learned From Commerce Independent School District
sbs7tl30,igk0ncq4,-0.03485599,Tumoricidal activity of human dendritic cells,Mehr Impfschutz für Herzkranke
wwie0iem,f5r4hcgv,-0.03485565,Allergikern Ängste nehmen,"PLANETAMOS, A Physics Show Musical (Phyusical)"
563ftqw3,0mgqnwrj,-0.034855306,hpO: Berufsvereinigung für heilkundlich praktizierte Osteopathie e.V.,Exploring the perceived benefits of ethics education for laboratory professionals
ai2yno3r,igk0ncq4,-0.03484351,Keeping the Family in Family Medicine,Mehr Impfschutz für Herzkranke
563ftqw3,1595fils,-0.034838565,hpO: Berufsvereinigung für heilkundlich praktizierte Osteopathie e.V.,Lessons on COVID-19 from Home and Community: Perspectives of Nursing Leaders at All Levels.
jvvzu4aj,q29yobas,-0.03482822,Concluding Reflections,ECMO veinoveineuse
563ftqw3,w8xjp8np,-0.034819823,hpO: Berufsvereinigung für heilkundlich praktizierte Osteopathie e.V.,Managing FPIES during the COVID-19 pandemic-expert recommendations
563ftqw3,9jn1spj4,-0.034803584,hpO: Berufsvereinigung für heilkundlich praktizierte Osteopathie e.V.,Acceptance of e-learning at university level during the COVID-19 pandemic situation-teachers’ and students’ perspective
fnhqcpru,75c3su80,-0.034803066,COVID-19 – (k)eine Zumutung?!,Altered Transcript Levels of Cytokines in COVID-19 Patients
563ftqw3,kuyi65mi,-0.034785736,hpO: Berufsvereinigung für heilkundlich praktizierte Osteopathie e.V.,Nudge Policies in COVID-19 Context: A Necessary Action or Ethical Dilemma?
563ftqw3,hyu2c877,-0.034779977,hpO: Berufsvereinigung für heilkundlich praktizierte Osteopathie e.V.,Virtual and In-Person Community-Engaged Learning: Is Student Learning Virtually the Same?
563ftqw3,bwy4zey6,-0.034778878,hpO: Berufsvereinigung für heilkundlich praktizierte Osteopathie e.V.,Sustainability at stake during COVID-19: Exploring the role of accounting in addressing environmental crises
563ftqw3,zb93chfn,-0.034775056,hpO: Berufsvereinigung für heilkundlich praktizierte Osteopathie e.V.,"Children’s Participation in Free School Meals: A Qualitative Study among Pupils, Parents, and Teachers"
563ftqw3,pgqgl8ag,-0.03476586,hpO: Berufsvereinigung für heilkundlich praktizierte Osteopathie e.V.,Editor's Choice: Strength in Numbers
563ftqw3,bcpuf4jn,-0.034757923,hpO: Berufsvereinigung für heilkundlich praktizierte Osteopathie e.V.,Nonessential Businesses and Liability Waivers in the Time of COVID-19
ye7fqh6a,07mbdl3n,-0.034752697,Jetzt anmelden!,Two Waves of COVID-19 in University Setting: Mental Health and Underlying Risk Factors
qhyohe3m,wwie0iem,-0.034750175,It's a numbers game,Allergikern Ängste nehmen
563ftqw3,f3h8g8gk,-0.03474754,hpO: Berufsvereinigung für heilkundlich praktizierte Osteopathie e.V.,Living Alone in Late Life
563ftqw3,jfo6la6i,-0.034747407,hpO: Berufsvereinigung für heilkundlich praktizierte Osteopathie e.V.,"Liability Waivers for COVID-19: Law, Policy, and Practice."
wwie0iem,bbmi1bhb,-0.03474306,Allergikern Ängste nehmen,"Social, cultural and economic aspects of antimicrobial resistance."
563ftqw3,m1qdtp1y,-0.034743045,hpO: Berufsvereinigung für heilkundlich praktizierte Osteopathie e.V.,Keeping current on patient safety.
563ftqw3,xmu313n8,-0.034740392,hpO: Berufsvereinigung für heilkundlich praktizierte Osteopathie e.V.,Feminist Bioethicists and COVID-19: Notes on Vulnerability and Its Missed Chances
l3yvi2jg,gpfcxjev,-0.03474038,"411 Mrd. €, 11,9 %",Supporting and Protecting Residents Experiencing Homelessness in the Nation's Largest Cities During COVID-19.
563ftqw3,klirbr96,-0.034739453,hpO: Berufsvereinigung für heilkundlich praktizierte Osteopathie e.V.,Implications for research and practice 2
563ftqw3,ny5bcpqn,-0.034738846,hpO: Berufsvereinigung für heilkundlich praktizierte Osteopathie e.V.,Envisioning Graduate Medical Education in 2030
563ftqw3,rmldijx2,-0.034731217,hpO: Berufsvereinigung für heilkundlich praktizierte Osteopathie e.V.,A Deep Learning Framework for Multimodal Course Recommendation Based on LSTM+Attention
w9se87mt,fnhqcpru,-0.0347225,COVID-19 and Schools Closure: Implications for School Nurses.,COVID-19 – (k)eine Zumutung?!
563ftqw3,zsnw3xlf,-0.03471745,hpO: Berufsvereinigung für heilkundlich praktizierte Osteopathie e.V.,The Impact of COVID-19 Through the Eyes of a Fourth-Year Pharmacy Student
563ftqw3,k2pgq45t,-0.034708235,hpO: Berufsvereinigung für heilkundlich praktizierte Osteopathie e.V.,'It's just a matter of playing the odds': Navigating risks associated with sexual behaviour in the COVID-19 era
fq62bevu,igk0ncq4,-0.034701955,COVID‐19 Vaccines,Mehr Impfschutz für Herzkranke
igk0ncq4,6uvcx4oy,-0.034701955,Mehr Impfschutz für Herzkranke,Vaccines of Covid-19
ye7fqh6a,1ses23oz,-0.034699023,Jetzt anmelden!,Airspace-Occupying Diseases
563ftqw3,lt9kjyd2,-0.034688294,hpO: Berufsvereinigung für heilkundlich praktizierte Osteopathie e.V.,"Automated recognition of functioning, activity and participation in COVID-19 from electronic patient records by natural language processing: a proof- of- concept"
wwie0iem,uj0c7mtt,-0.034687947,Allergikern Ängste nehmen,Macroeconomic aspects of the development of the transport industry under the influence of COVID-19
563ftqw3,g1i3jcuv,-0.034678888,hpO: Berufsvereinigung für heilkundlich praktizierte Osteopathie e.V.,Sustainability-Sport-Physical Activity
563ftqw3,jlmxisxl,-0.034675315,hpO: Berufsvereinigung für heilkundlich praktizierte Osteopathie e.V.,"Book Review: Platforms, Protests, and the Challenge of Networked Democracy"
xqhxra2p,q8wjcvxx,-0.034675278,Akutrehabilitation nach COVID‑19‑Infektion: Eine ausgewählte Fallserie,From editors
ye7fqh6a,zyxmlqt6,-0.034668144,Jetzt anmelden!,Employees perception and satisfaction towards traditional (office) culture and work from home culture
ye7fqh6a,a2zifi5m,-0.03464094,Jetzt anmelden!,Frequency of detection of picornaviruses and seven other respiratory pathogens in infants.
563ftqw3,mbp221ev,-0.034634713,hpO: Berufsvereinigung für heilkundlich praktizierte Osteopathie e.V.,Why Can’t I Get It? Make Covid-19 Vaccination Convenient and Simple
563ftqw3,z6c3vzb7,-0.03463345,hpO: Berufsvereinigung für heilkundlich praktizierte Osteopathie e.V.,COVID-19 Industry Guidance: Communications Infrastructure
563ftqw3,mpqfd7he,-0.034620143,hpO: Berufsvereinigung für heilkundlich praktizierte Osteopathie e.V.,Clinical Presentation and Outcomes of Hospitalized Adults with COVID-19: A systematic review.
563ftqw3,q4wdxar4,-0.034620143,hpO: Berufsvereinigung für heilkundlich praktizierte Osteopathie e.V.,Clinical presentation and outcomes of hospitalized adults with COVID-19: A systematic review
563ftqw3,2bnus0mf,-0.034615904,hpO: Berufsvereinigung für heilkundlich praktizierte Osteopathie e.V.,First WHO Infodemiology Conference: multidiscipline Cooperation in Tackling Misinformation during COVID-19 Pandemic
563ftqw3,g4umhsm2,-0.034601104,hpO: Berufsvereinigung für heilkundlich praktizierte Osteopathie e.V.,When I use a word . . . . Taking therapeutic care.
563ftqw3,kyby5tli,-0.034600906,hpO: Berufsvereinigung für heilkundlich praktizierte Osteopathie e.V.,Investigating students' satisfaction in online learning: the role of students' interaction and engagement in universities
563ftqw3,yzd6bggf,-0.03460006,hpO: Berufsvereinigung für heilkundlich praktizierte Osteopathie e.V.,"The Impact of COVID-19 on Cardiovascular Training Programs: Challenges, Responsibilities, and Opportunities"
563ftqw3,vlaq3sdq,-0.03460006,hpO: Berufsvereinigung für heilkundlich praktizierte Osteopathie e.V.,"The Impact of COVID-19 on Cardiovascular Training Programs: Challenges, Responsibilities and Opportunities."
563ftqw3,dgkm5oz3,-0.034597505,hpO: Berufsvereinigung für heilkundlich praktizierte Osteopathie e.V.,The E-Assessment and the Impact of Integrating Multimedia in Teaching Mathematics: A Case Study
wwie0iem,wmaevh61,-0.03458501,Allergikern Ängste nehmen,Chapter 9 Survey on Big Data Applications
563ftqw3,cxurhy7d,-0.0345846,hpO: Berufsvereinigung für heilkundlich praktizierte Osteopathie e.V.,A multidisciplinary simulation programme to improve advance care planning skills and engagement across primary and secondary care.
wwie0iem,j4qwdcvg,-0.03456564,Allergikern Ängste nehmen,COVID-19 Response In U.S. Assisted Living Settings: Key Stakeholder Perspectives
ye7fqh6a,uxn7jopb,-0.03456374,Jetzt anmelden!,Men's feelings and emotions in the Covid-19 framing
rzi8b2gi,eej8qb9t,-0.03455747,Empfehlungen zur Durchführung einer Bronchoskopie in Zeiten der COVID-19-Pandemie,Acknowledgement to Referees.
xktl3o9c,wwie0iem,-0.034554552,Twitter-based analysis reveals differential COVID-19 concerns across areas with socioeconomic disparities.,Allergikern Ängste nehmen
563ftqw3,nm89ue1r,-0.034547426,hpO: Berufsvereinigung für heilkundlich praktizierte Osteopathie e.V.,Finding purpose
ye7fqh6a,q8wjcvxx,-0.034544323,Jetzt anmelden!,From editors
kv93mes5,8f2e9fxq,-0.0345338,From COVID-19 or because COVID-19?,Onze hersenen: onze achtbaan
563ftqw3,w37uk393,-0.03453227,hpO: Berufsvereinigung für heilkundlich praktizierte Osteopathie e.V.,Perspective from a Teaching and Learning Center During Emergency Remote Teaching.
563ftqw3,64kfhum0,-0.034517083,hpO: Berufsvereinigung für heilkundlich praktizierte Osteopathie e.V.,The Influence of COVID-19 Lockdown Restrictions on Perceived Nutrition Habits in Rugby Union Players
ej2zhlin,xmb4eywi,-0.034485523,Introductory Chapter,"Strategieentwicklung ""einfach"" machen"
563ftqw3,8k075862,-0.03448002,hpO: Berufsvereinigung für heilkundlich praktizierte Osteopathie e.V.,Covid-19 lockdown: A greater impact on women.
563ftqw3,381hkjbp,-0.034477636,hpO: Berufsvereinigung für heilkundlich praktizierte Osteopathie e.V.,COVID-19 enforced shift to distance education: Readiness and challenges
563ftqw3,wt0b5eq3,-0.034468915,hpO: Berufsvereinigung für heilkundlich praktizierte Osteopathie e.V.,University as Secret Society: Becoming Faculty Through Discretion
wwie0iem,rg3z4zyv,-0.034463137,Allergikern Ängste nehmen,Updating the landmark literature for the practice of geriatrics: Notable articles from 2012-2019.
563ftqw3,ztb153ms,-0.034460578,hpO: Berufsvereinigung für heilkundlich praktizierte Osteopathie e.V.,"Memory for a virtual reality experience in children and adults according to image quality, emotion, and sense of presence"
563ftqw3,o4da6er5,-0.03445797,hpO: Berufsvereinigung für heilkundlich praktizierte Osteopathie e.V.,The Psychological Aspects of COVID-19: A Review
563ftqw3,k5ntihwg,-0.034457963,hpO: Berufsvereinigung für heilkundlich praktizierte Osteopathie e.V.,A Review on the Psychological Aspects of COVID-19
563ftqw3,zwhwj6yt,-0.034457847,hpO: Berufsvereinigung für heilkundlich praktizierte Osteopathie e.V.,Dutifully Defying Death: A Right to Life-saving Emergency Treatment
563ftqw3,63oqdjgx,-0.034455717,hpO: Berufsvereinigung für heilkundlich praktizierte Osteopathie e.V.,Are virtual conferences the future of learning in this COVID era?
ye7fqh6a,frnpyq9c,-0.034443315,Jetzt anmelden!,Factors Associated with the Development of Gastrointestinal Symptoms in Patients Hospitalized with Covid-19
ye7fqh6a,65pc7297,-0.034422427,Jetzt anmelden!,Communicating with children about COVID-19
563ftqw3,ygu52431,-0.03441736,hpO: Berufsvereinigung für heilkundlich praktizierte Osteopathie e.V.,Exercise and screen time during the COVID-19 pandemic.
b581u9aj,h99ywt4z,-0.034415126,"We, the frontliners.",Verrast
563ftqw3,nsw7h2zj,-0.034393143,hpO: Berufsvereinigung für heilkundlich praktizierte Osteopathie e.V.,Grasping the potential: Emerging market for smart antimicrobials
mjeugi0q,e66s7chx,-0.03439034,EMarket for Local Farmers,In Bewegung bleiben
logvldxz,eej8qb9t,-0.034384824,Augen auf bei Asien-Titeln,Acknowledgement to Referees.
zen3876u,aaj9e3v9,-0.034383144,"COVID-19, Naturally.",9 vragen over vaccineren
563ftqw3,dnexl5g0,-0.03437842,hpO: Berufsvereinigung für heilkundlich praktizierte Osteopathie e.V.,Demonstrating the vital role of physiatry throughout the health care continuum: Lessons learned from the impacts of the COVID‐19 pandemic on pain management care
w2xmi0o3,fnhqcpru,-0.034374416,"Drivers of sustainability transformations: leverage points, contexts and conjunctures",COVID-19 – (k)eine Zumutung?!
ye7fqh6a,i5gd64r3,-0.03436751,Jetzt anmelden!,Analysis of Factors Influencing the Motivation of Production Workers: Experiences of Polish Family Businesses
563ftqw3,38iks4c8,-0.034363214,hpO: Berufsvereinigung für heilkundlich praktizierte Osteopathie e.V.,Preparing for and responding to Covid-19’s ‘second hit’
ofz4dywk,ni7iade9,-0.03435794,/ Aktuell /,Neighbours in time of COVID-19
563ftqw3,jkvq0dqo,-0.03435195,hpO: Berufsvereinigung für heilkundlich praktizierte Osteopathie e.V.,Managing Care Transitions to the Community During a Pandemic.
l3yvi2jg,67d4scbe,-0.034350924,"411 Mrd. €, 11,9 %",Border Solutions from the Inside
563ftqw3,lpp49o73,-0.03434441,hpO: Berufsvereinigung für heilkundlich praktizierte Osteopathie e.V.,How to accelerate the supply of vaccines to all populations worldwide? Part I: Initial industry lessons learned and practical overarching proposals leveraging the COVID-19 situation()
gdqv1q45,px1oruuq,-0.034340527,Komplexe Gerinnungsstörungen,Let bees be bees
ye7fqh6a,9oxi06wb,-0.034327254,Jetzt anmelden!,Challenges and Future Implications for Ophthalmologists in COVID-19 Environment
e97bazt5,xmb4eywi,-0.03432639,"Covid, Colleges, and Classes","Strategieentwicklung ""einfach"" machen"
wwie0iem,xwtzpann,-0.034311492,Allergikern Ängste nehmen,Practical Security and Privacy for Database Systems
563ftqw3,bve5yufh,-0.034308255,hpO: Berufsvereinigung für heilkundlich praktizierte Osteopathie e.V.,Models of Imperfect Public Choice
wwie0iem,ibk3oebo,-0.034305025,Allergikern Ängste nehmen,Courses bring field sites and labs to the small screen.
563ftqw3,x7nf4m5s,-0.034292668,hpO: Berufsvereinigung für heilkundlich praktizierte Osteopathie e.V.,It is not the time for science fiction.
q29yobas,opnjwm3c,-0.034287307,ECMO veinoveineuse,Lipophagy at a glance.
563ftqw3,sd5ukjz5,-0.03428635,hpO: Berufsvereinigung für heilkundlich praktizierte Osteopathie e.V.,Clinician Adoption of US Peanut Introduction Guidelines-A Case for Conditional Recommendations and Contextual Considerations to Empower Shared Decision-Making
563ftqw3,um5qosta,-0.034285493,hpO: Berufsvereinigung für heilkundlich praktizierte Osteopathie e.V.,Covid-19: Highest risk patients are asked to stay at home for 12 weeks
563ftqw3,5tf10k6j,-0.034276497,hpO: Berufsvereinigung für heilkundlich praktizierte Osteopathie e.V.,"Arsenic in medicine: past, present and future"
98mktb8e,wwie0iem,-0.03427378,Reflections on key methodological decisions in national burden of disease assessments,Allergikern Ängste nehmen
563ftqw3,r1v1uxcv,-0.034273535,hpO: Berufsvereinigung für heilkundlich praktizierte Osteopathie e.V.,Transparent Ensembles for Covid-19 Prognosis
563ftqw3,lown15p0,-0.03427323,hpO: Berufsvereinigung für heilkundlich praktizierte Osteopathie e.V.,Hidden in plain sight? Identifying patient-authored publications
563ftqw3,j6sa1ree,-0.034271766,hpO: Berufsvereinigung für heilkundlich praktizierte Osteopathie e.V.,Ambulatory care visits and quality of care: does the volume-control policy matter?
563ftqw3,8cka0szl,-0.0342694,hpO: Berufsvereinigung für heilkundlich praktizierte Osteopathie e.V.,Decision making and the bedside assessment: The Speech Language Therapists’ thinking when making a diagnosis at the bed
563ftqw3,pb464f7m,-0.03426596,hpO: Berufsvereinigung für heilkundlich praktizierte Osteopathie e.V.,Midwifery in the Time of COVID-19
563ftqw3,nm1x1vqe,-0.034260195,hpO: Berufsvereinigung für heilkundlich praktizierte Osteopathie e.V.,Optimizing student pharmacists' contributions to patient care during a pandemic
bhj6tbuh,e97bazt5,-0.03425734,CHMP empfiehlt Zulassung eines Virostatikums zur Behandlung von COVID-19,"Covid, Colleges, and Classes"
wwie0iem,pghc9783,-0.034243923,Allergikern Ängste nehmen,Conducting a secret ballot elections for virtual meetings
563ftqw3,sbiflzh2,-0.034239482,hpO: Berufsvereinigung für heilkundlich praktizierte Osteopathie e.V.,"Game Theory, Health Care, and Economics"
563ftqw3,m32iv1xt,-0.034238376,hpO: Berufsvereinigung für heilkundlich praktizierte Osteopathie e.V.,The Calming of Short-Term Market Fears and Its Long-Term Consequences: The Central Banks’ Dilemma
mqvv9992,e66s7chx,-0.034226038,Acknowledgment of Guest Reviewers,In Bewegung bleiben
gdqv1q45,7hcjjufw,-0.034224547,Komplexe Gerinnungsstörungen,COVID-19 and Physician Mothers
563ftqw3,cd1m6hru,-0.034215398,hpO: Berufsvereinigung für heilkundlich praktizierte Osteopathie e.V.,"Why asylum seekers deserve better healthcare, and how we can give it to them."
563ftqw3,oo0rxk3n,-0.034204323,hpO: Berufsvereinigung für heilkundlich praktizierte Osteopathie e.V.,Body ownership and the four-hand illusion.
m7z51uk1,wwie0iem,-0.034204017,Analyzing the Social Construction of Media Claims: Enhancing Media Literacy in Social Problems Classes,Allergikern Ängste nehmen
563ftqw3,azvemc8y,-0.03419109,hpO: Berufsvereinigung für heilkundlich praktizierte Osteopathie e.V.,Expert Consensus: Telehealth Skills for Health Care Professionals.
wwie0iem,e2h4ec12,-0.034189593,Allergikern Ängste nehmen,Attainment – achieving compliance with ESARIS standards
563ftqw3,v4zas5ix,-0.03418495,hpO: Berufsvereinigung für heilkundlich praktizierte Osteopathie e.V.,Lessons from the pandemic about science education
no41vkcd,xmb4eywi,-0.03418476,IMPACT Highlights.,"Strategieentwicklung ""einfach"" machen"
bipaceqy,xmb4eywi,-0.03418116,Medical issues associated with commercial flights,"Strategieentwicklung ""einfach"" machen"
563ftqw3,71439wan,-0.034173984,hpO: Berufsvereinigung für heilkundlich praktizierte Osteopathie e.V.,Prime Time for Consultation Audio Recordings: Supporting Shared Decision Making During and After the COVID-19 Era
563ftqw3,buavx0fl,-0.03416905,hpO: Berufsvereinigung für heilkundlich praktizierte Osteopathie e.V.,Media Framing of Women’s Football During the COVID-19 Pandemic
563ftqw3,y8s8a6qi,-0.034167238,hpO: Berufsvereinigung für heilkundlich praktizierte Osteopathie e.V.,"Impact of COVID-19 Stay-at-Home Restrictions on Employment Status, Physical Activity, and Sedentary Behavior"
ye7fqh6a,296wps0i,-0.034149714,Jetzt anmelden!,Characteristics and Quality of US Nursing Homes Reporting Cases of Coronavirus Disease 2019 (COVID-19).
563ftqw3,xo6bqhsb,-0.034148864,hpO: Berufsvereinigung für heilkundlich praktizierte Osteopathie e.V.,Against the odds: unlikely COVID-19 recovery.
tgolihr0,eej8qb9t,-0.03414361,175 Jahre Anästhesie und Narkose – Auf dem Weg zu einem „Menschenrecht auf Ohnmacht“,Acknowledgement to Referees.
563ftqw3,oxnw1uk0,-0.03413497,hpO: Berufsvereinigung für heilkundlich praktizierte Osteopathie e.V.,"Mathematics Support - Essential at the Best of Times, Crucial at the Worst of Times"
563ftqw3,bxa7b1xq,-0.034114245,hpO: Berufsvereinigung für heilkundlich praktizierte Osteopathie e.V.,Introduction: Television and nostalgia now
563ftqw3,4vkkaqhz,-0.034109775,hpO: Berufsvereinigung für heilkundlich praktizierte Osteopathie e.V.,Why are we vaccinating children against COVID-19?
b3grnj7r,e97bazt5,-0.034098174,"""Ein guter Vertriebler braucht Gespür für das Machbare""","Covid, Colleges, and Classes"
wwie0iem,mujs358a,-0.03409233,Allergikern Ängste nehmen,"Screen mirroring, screen casting and screen sharing during COVID‐19: what dermatologists should know"
l3yvi2jg,n547ookr,-0.034080315,"411 Mrd. €, 11,9 %","COVID-19: fail to prepare, prepare to fail."
563ftqw3,l5qpaln6,-0.034073886,hpO: Berufsvereinigung für heilkundlich praktizierte Osteopathie e.V.,Impact of COVID-19 forecast visualizations on pandemic risk perceptions
563ftqw3,9omr538n,-0.03407332,hpO: Berufsvereinigung für heilkundlich praktizierte Osteopathie e.V.,"A step towards truly independent access for everyone, everywhere."
cjur5dbx,ha4624g4,-0.03407154,Systemische Immunsuppression in Zeiten von COVID-19: Mussen wir umdenken?,Challenges of COVID-19
563ftqw3,9jrrw9ly,-0.034067076,hpO: Berufsvereinigung für heilkundlich praktizierte Osteopathie e.V.,President's Message: The Fabric of the World.
563ftqw3,568561m4,-0.034054827,hpO: Berufsvereinigung für heilkundlich praktizierte Osteopathie e.V.,Finding a home for hyoliths.
q29yobas,kzlgvmcs,-0.03404632,ECMO veinoveineuse,Externality and COVID-19
563ftqw3,2lutavwb,-0.03404487,hpO: Berufsvereinigung für heilkundlich praktizierte Osteopathie e.V.,"Access To Care, Hospitals, And More."
563ftqw3,nasw1p35,-0.034039047,hpO: Berufsvereinigung für heilkundlich praktizierte Osteopathie e.V.,Five legal preparedness challenges for responding to future public health emergencies.
563ftqw3,b7r40dnh,-0.03403308,hpO: Berufsvereinigung für heilkundlich praktizierte Osteopathie e.V.,Strategies for Students to Optimize Their Learning Experience in Virtual Patient-Care Settings.
563ftqw3,28ft1p5c,-0.03402571,hpO: Berufsvereinigung für heilkundlich praktizierte Osteopathie e.V.,Educating Anesthesiologists During the COVID-19 Pandemic and Beyond.
wwie0iem,yq4rf5ad,-0.034020312,Allergikern Ängste nehmen,Economies of scope in artists’ incubator projects
563ftqw3,j5mfpdr3,-0.034018744,hpO: Berufsvereinigung für heilkundlich praktizierte Osteopathie e.V.,Has the COVID-19 Pandemic Accelerated the Future of Work or Changed Its Course? Implications for Research and Practice
wwie0iem,o67p8lfl,-0.03401725,Allergikern Ängste nehmen,Performance Evaluation of Regression Models for COVID-19: A Statistical and Predictive Perspective
563ftqw3,h4yru9kb,-0.03401717,hpO: Berufsvereinigung für heilkundlich praktizierte Osteopathie e.V.,Sustainable Management and Policies: The Roles of Stakeholders in the Practice of Inclusive Education in Digital Transformation
563ftqw3,gb5xsh5z,-0.03401124,hpO: Berufsvereinigung für heilkundlich praktizierte Osteopathie e.V.,Youth sport in the time of COVID-19: considerations for researchers and practitioners
ye7fqh6a,29t4yesd,-0.034010053,Jetzt anmelden!,Centenarians in nursing homes during the COVID-19 pandemic.
563ftqw3,fkepgoq5,-0.034004785,hpO: Berufsvereinigung für heilkundlich praktizierte Osteopathie e.V.,Implementing a professional e-learning program in an academic classroom.
ye7fqh6a,ukjiqyt0,-0.03400065,Jetzt anmelden!,Primary care and COVID-19
563ftqw3,hyh503uu,-0.033999715,hpO: Berufsvereinigung für heilkundlich praktizierte Osteopathie e.V.,"The relationship between practice environment, job satisfaction and intention to leave in critical care nurses."
wwie0iem,uacr47i6,-0.03399857,Allergikern Ängste nehmen,Medical education focus in published articles related to COVID-19.
563ftqw3,sudsvmfn,-0.033988345,hpO: Berufsvereinigung für heilkundlich praktizierte Osteopathie e.V.,The Role of Pharmacists in the Fight Against COVID-19.
ye7fqh6a,67y4nm2i,-0.033983737,Jetzt anmelden!,Airway management considerations in patients with COVID-19
gdqv1q45,rhfhx81c,-0.033981573,Komplexe Gerinnungsstörungen,My Presidency Summed Up
563ftqw3,cv3u3csl,-0.033980154,hpO: Berufsvereinigung für heilkundlich praktizierte Osteopathie e.V.,11 Exploring the Impact of COVID-19 on Families of Children with Developmental Disabilities: A Community-Based Formative Study
563ftqw3,nv1hy5uf,-0.033961143,hpO: Berufsvereinigung für heilkundlich praktizierte Osteopathie e.V.,How to Host a Virtual Educational Conference.
563ftqw3,9kzefp58,-0.033958506,hpO: Berufsvereinigung für heilkundlich praktizierte Osteopathie e.V.,"Gender Equality, Social Inclusion, and Corporate Social Responsibility: Time to even the Odds"
563ftqw3,gim73l6n,-0.03391949,hpO: Berufsvereinigung für heilkundlich praktizierte Osteopathie e.V.,The value of the impact factor should not be underestimated
gdqv1q45,iby0fo3z,-0.033909995,Komplexe Gerinnungsstörungen,Scientists in a time of COVID-19.
563ftqw3,er1mi9nz,-0.033905003,hpO: Berufsvereinigung für heilkundlich praktizierte Osteopathie e.V.,Prospects for Realizing International Women’s Rights Law Through Local Governance: the Case of Cities for CEDAW
563ftqw3,jmwzutm6,-0.03390288,hpO: Berufsvereinigung für heilkundlich praktizierte Osteopathie e.V.,Making sense of handwritten signs in public spaces
563ftqw3,31x88us9,-0.033900917,hpO: Berufsvereinigung für heilkundlich praktizierte Osteopathie e.V.,The influence of personal attitude on instructor intent to integrate online collaborative activities
563ftqw3,rjgbggna,-0.033896998,hpO: Berufsvereinigung für heilkundlich praktizierte Osteopathie e.V.,Sustainable Approaches for Accelerated Learning
563ftqw3,bj4m3nem,-0.033892266,hpO: Berufsvereinigung für heilkundlich praktizierte Osteopathie e.V.,On game-based control systems and beyond
563ftqw3,9l97cg7g,-0.03388633,hpO: Berufsvereinigung für heilkundlich praktizierte Osteopathie e.V.,COVID-19 and biocybersecurity’s increasing role on defending forward
ofz4dywk,q6g15704,-0.033874266,/ Aktuell /,Face masks: all for one and one for all
563ftqw3,rzk17ckl,-0.033873446,hpO: Berufsvereinigung für heilkundlich praktizierte Osteopathie e.V.,Folding a neuroscience center into streamlined Covid-19 response teams: Lessons in origami.
t017qs4h,563ftqw3,-0.033869553,Emergent transition to remote learning: Impact on student performance for real-time comprehensive case simulations,hpO: Berufsvereinigung für heilkundlich praktizierte Osteopathie e.V.
563ftqw3,r62l6agb,-0.03386826,hpO: Berufsvereinigung für heilkundlich praktizierte Osteopathie e.V.,Providing learning success as a service: A structured literature review
563ftqw3,z0bfvplb,-0.03386498,hpO: Berufsvereinigung für heilkundlich praktizierte Osteopathie e.V.,Listeners’ Linguistic Experience Affects the Degree of Perceived Nativeness of First Language Pronunciation
563ftqw3,aa7hz3d2,-0.033863995,hpO: Berufsvereinigung für heilkundlich praktizierte Osteopathie e.V.,Analyzing from Home: The Virtual Space as a Flexible Container
abz708bd,xmb4eywi,-0.033861466,Neurologic Manifestations in a Prospective Unselected Series of Hospitalized Patients With COVID-19.,"Strategieentwicklung ""einfach"" machen"
563ftqw3,o78myhwt,-0.03385949,hpO: Berufsvereinigung für heilkundlich praktizierte Osteopathie e.V.,The Risk of Undertaking Business Activity from the Perspective of Women in the Context of Covid-19 Pandemic
563ftqw3,y1iqorrb,-0.03385592,hpO: Berufsvereinigung für heilkundlich praktizierte Osteopathie e.V.,My most memorable mentors? Plants
563ftqw3,zv13nz8r,-0.03385528,hpO: Berufsvereinigung für heilkundlich praktizierte Osteopathie e.V.,"Five-Year Changes in Community-Level Sport Participation, and the Role of Gender Strategies"
563ftqw3,9svz3ch2,-0.033837553,hpO: Berufsvereinigung für heilkundlich praktizierte Osteopathie e.V.,"Face Time, Pandemic Style*"
563ftqw3,aaojtusu,-0.03383131,hpO: Berufsvereinigung für heilkundlich praktizierte Osteopathie e.V.,"COVID-19 Vaccination in Children-Vaccination Status, Intention to Vaccinate, and Ways To Promote Informed Parental Decision-Making"
l3yvi2jg,jpkmum4d,-0.033817496,"411 Mrd. €, 11,9 %",Advertising and COVID-19
wwie0iem,dpcq1wr2,-0.033813898,Allergikern Ängste nehmen,"Mathematical Analysis, Model and Prediction of COVID-19 Data"
563ftqw3,oyuz8xan,-0.03380945,hpO: Berufsvereinigung für heilkundlich praktizierte Osteopathie e.V.,Collaborating With Rural Practice Partners to Provide a Primary Care Experience for Prelicensure Nursing Students.
563ftqw3,kwe4jp6u,-0.03380744,hpO: Berufsvereinigung für heilkundlich praktizierte Osteopathie e.V.,Falling through the care cracks: younger people in long-term care homes
563ftqw3,5ccysnp4,-0.033804417,hpO: Berufsvereinigung für heilkundlich praktizierte Osteopathie e.V.,Working from home in times of COVID-19: Health benefits and risks
ahgsopes,xmb4eywi,-0.033804286,Historical Perspectives: Reflections on Infectious Diseases in 2020.,"Strategieentwicklung ""einfach"" machen"
563ftqw3,0cfzvoq8,-0.033797566,hpO: Berufsvereinigung für heilkundlich praktizierte Osteopathie e.V.,Feasibility and Enjoyment of Exercise Video Games in Older Adults
wwie0iem,mbr1tv2f,-0.033796843,Allergikern Ängste nehmen,Perception of the Potential for Interaction in Social Scenes
563ftqw3,48nyg6fq,-0.033795126,hpO: Berufsvereinigung für heilkundlich praktizierte Osteopathie e.V.,The Course of Eating Disorders During COVID-19.
563ftqw3,h66aik5v,-0.033785578,hpO: Berufsvereinigung für heilkundlich praktizierte Osteopathie e.V.,What teachers should and shouldn't do during online teaching: A case study in a university setting
563ftqw3,70ikknhe,-0.03378514,hpO: Berufsvereinigung für heilkundlich praktizierte Osteopathie e.V.,Guest Editors
wwie0iem,kjzz4tuq,-0.033766963,Allergikern Ängste nehmen,"Cover Image, Volume 92, Number 9, September 2020"
wwie0iem,ipu7igjp,-0.033766694,Allergikern Ängste nehmen,[COVID-19 from the nephrologist's point of view].
j078gcjo,xmb4eywi,-0.033766206,Celebrating Nurses.,"Strategieentwicklung ""einfach"" machen"
yc1iny0d,xmb4eywi,-0.033766206,Celebrating Nurses,"Strategieentwicklung ""einfach"" machen"
563ftqw3,svj3qymh,-0.033765323,hpO: Berufsvereinigung für heilkundlich praktizierte Osteopathie e.V.,A Machine Learning Approach to Analyze Home Advantage during COVID-19 Pandemic Period with Regards to Margin of Victory and to Different Tournaments in Professional Rugby Union Competitions
ye7fqh6a,pet0nc73,-0.03376406,Jetzt anmelden!,COVID-19: Limiting the Risks for Eye Care Professionals.
563ftqw3,f7r946bw,-0.033762697,hpO: Berufsvereinigung für heilkundlich praktizierte Osteopathie e.V.,The Impact of COVID-19 on Patients With ADPKD
47w6f5uk,xmb4eywi,-0.033744898,Outcomes of COVID-19 in the community: A prospective cohort study,"Strategieentwicklung ""einfach"" machen"
563ftqw3,mn3oz7gk,-0.033738602,hpO: Berufsvereinigung für heilkundlich praktizierte Osteopathie e.V.,Students' perception of online learning in covid-19 pandemic: A preparation for developing a strategy for learning from home
ye7fqh6a,kl70o6oc,-0.033732962,Jetzt anmelden!,"Epidemiology of two human protoparvoviruses, bufavirus and tusavirus"
8ztqh7vb,fnhqcpru,-0.033720758,School Nursing Research Priorities,COVID-19 – (k)eine Zumutung?!
563ftqw3,47yezn8m,-0.03371718,hpO: Berufsvereinigung für heilkundlich praktizierte Osteopathie e.V.,The Home as Workplace: A Challenge for Housing Research
563ftqw3,oeqzbh0k,-0.033714525,hpO: Berufsvereinigung für heilkundlich praktizierte Osteopathie e.V.,Addressing Childhood Maltreatment: a Practical Approach for the Child Psychiatrist in a Changing Healthcare System
8f2e9fxq,njkh9neq,-0.033700194,Onze hersenen: onze achtbaan,Retributivism and Over-Punishment
563ftqw3,bjnvsowa,-0.033696365,hpO: Berufsvereinigung für heilkundlich praktizierte Osteopathie e.V.,Mathematical epidemiology for a later age
563ftqw3,eauvm039,-0.03368811,hpO: Berufsvereinigung für heilkundlich praktizierte Osteopathie e.V.,"Rising to the Occasion of This COVID-19-Impacted Nation: Development, Implementation, and Feasibility of the Brief Assessment-Informed Skills Intervention for COVID-19 (BASIC)"
563ftqw3,j7uuycdv,-0.033687364,hpO: Berufsvereinigung für heilkundlich praktizierte Osteopathie e.V.,A Guide for Intentional Home Telehealth Assessment: Patient and Caregiver Perceptions.
563ftqw3,uaa98ry3,-0.033652984,hpO: Berufsvereinigung für heilkundlich praktizierte Osteopathie e.V.,Researching Healthcare Availability for Probation Clients: An Illustration of Methodological Challenges and Lessons in Surveying Organisations.
563ftqw3,s0k26jky,-0.03365101,hpO: Berufsvereinigung für heilkundlich praktizierte Osteopathie e.V.,Transitioning from face-to-face treatment to iCBT for youths in primary care – therapists' attitudes and experiences
056mkhs6,fnhqcpru,-0.033644017,Readability of general practice websites and the BJGP,COVID-19 – (k)eine Zumutung?!
563ftqw3,vnjcqrgx,-0.033640467,hpO: Berufsvereinigung für heilkundlich praktizierte Osteopathie e.V.,Stock return predictability over four centuries: the role of commodity returns
563ftqw3,a7otqp3r,-0.03363328,hpO: Berufsvereinigung für heilkundlich praktizierte Osteopathie e.V.,World battles covid-19: Disease progression pattern in selected least and worst affected countries
563ftqw3,nixnhdij,-0.033631813,hpO: Berufsvereinigung für heilkundlich praktizierte Osteopathie e.V.,The future of Safety Science
qm3wwcgx,xmb4eywi,-0.033630706,Do patients’ characteristics influence their healthcare concerns?—A hospital care survey,"Strategieentwicklung ""einfach"" machen"
563ftqw3,mwzfe7zt,-0.03362934,hpO: Berufsvereinigung für heilkundlich praktizierte Osteopathie e.V.,Effectiveness of person- and family-centred care transition interventions on patient- oriented outcomes: A systematic review.
or65qlbt,fnhqcpru,-0.033627238,Anesthesiology and the Anesthesiologists at COVID-19(),COVID-19 – (k)eine Zumutung?!
oalh3kz9,fnhqcpru,-0.033623982,220 Electrocardiographic findings and mortality in COVID-19 patients hospitalized in different clinical settings,COVID-19 – (k)eine Zumutung?!
563ftqw3,oz8o48px,-0.033606756,hpO: Berufsvereinigung für heilkundlich praktizierte Osteopathie e.V.,Advocating Together: Finding Purpose During COVID-19
563ftqw3,miyz3ufv,-0.033603255,hpO: Berufsvereinigung für heilkundlich praktizierte Osteopathie e.V.,The impact of face masks on the communication of adults with hearing loss during COVID-19 in a clinical setting
563ftqw3,rxejse04,-0.033603217,hpO: Berufsvereinigung für heilkundlich praktizierte Osteopathie e.V.,Experiences of Home Care Nurses During the COVID-19 Pandemic
wwie0iem,586w2cam,-0.03359734,Allergikern Ängste nehmen,An extensive analysis of the presence of altmetric data for Web of Science publications across subject fields and research topics
wwie0iem,lib58koh,-0.033595167,Allergikern Ängste nehmen,The development of a consensus document on biosafety practices
ye7fqh6a,tuncrg86,-0.033591248,Jetzt anmelden!,Risk factor for comorbidities in COVID-19 disease
563ftqw3,j3l3nxzw,-0.03358154,hpO: Berufsvereinigung für heilkundlich praktizierte Osteopathie e.V.,Editorial: COVID-19: an opportunity to lead.
nxm6f3xx,fnhqcpru,-0.03357197,Teaching Programming for Mathematical Scientists,COVID-19 – (k)eine Zumutung?!
563ftqw3,hkwnm51e,-0.03356517,hpO: Berufsvereinigung für heilkundlich praktizierte Osteopathie e.V.,Nabaltec reports ‘modest’ quarterly figures in challenging environment
ma9ual58,igk0ncq4,-0.03356016,Exam appreciation,Mehr Impfschutz für Herzkranke
pksbj1cp,wwie0iem,-0.033553977,Three updates,Allergikern Ängste nehmen
ye7fqh6a,3eluuq4j,-0.033553805,Jetzt anmelden!,"The making of racialized subjects: Practices, history, struggles"
563ftqw3,2pm7vp90,-0.03354762,hpO: Berufsvereinigung für heilkundlich praktizierte Osteopathie e.V.,Long-term complications of COVID-19
563ftqw3,dsgsykvn,-0.03354732,hpO: Berufsvereinigung für heilkundlich praktizierte Osteopathie e.V.,"Adolescents, Parents, and Covid-19 Vaccination - Who Should Decide?"
igk0ncq4,0ee27w04,-0.033544287,Mehr Impfschutz für Herzkranke,Feline Myocardial Diseases
563ftqw3,ios6thij,-0.033541255,hpO: Berufsvereinigung für heilkundlich praktizierte Osteopathie e.V.,Responding to a COVID-19 Outbreak at a Long-Term Care Facility.
mq9wp5c2,fnhqcpru,-0.033536486,Risk factors for hospital admission among COVID-19 patients with diabetes,COVID-19 – (k)eine Zumutung?!
2jtnaobs,igk0ncq4,-0.03352695,Staging,Mehr Impfschutz für Herzkranke
563ftqw3,vv31uh8t,-0.03352271,hpO: Berufsvereinigung für heilkundlich praktizierte Osteopathie e.V.,"Interferons at age 50: past, current and future impact on biomedicine"
ye7fqh6a,i487ukhx,-0.033522554,Jetzt anmelden!,Point-of-Care Ultrasound Can Suggest COVID-19.
ye7fqh6a,cqppkl6r,-0.033522554,Jetzt anmelden!,Point-of-Care Ultrasound Can Suggest COVID-19
563ftqw3,nhud80lg,-0.033521794,hpO: Berufsvereinigung für heilkundlich praktizierte Osteopathie e.V.,Children’s Psychiatric Clinic in the Context of the COVID-19 Pandemic: from Employee Psychology to Management Decisions
wwie0iem,q378oyht,-0.03352167,Allergikern Ängste nehmen,Sustainability Communication as Critical Perspective in Media and Communication Studies—an Introduction
ye7fqh6a,5bsxraap,-0.03351789,Jetzt anmelden!,COVID-19: Do Hispanic Lives Matter?
qrp8r5bi,fnhqcpru,-0.033514284,Characteristics of Mortgage Borrowers During the COVID-19 Pandemic,COVID-19 – (k)eine Zumutung?!
563ftqw3,iz1vsmuv,-0.033503037,hpO: Berufsvereinigung für heilkundlich praktizierte Osteopathie e.V.,Exploring the teaching and training needs of students and clinicians in digital health
563ftqw3,9mygx7a6,-0.03350279,hpO: Berufsvereinigung für heilkundlich praktizierte Osteopathie e.V.,Psychology students' perceptions on their quality of life during COVID-19 pandemic
ye7fqh6a,nzib29r6,-0.033498492,Jetzt anmelden!,"Asset tangibility, information asymmetries and intangibles as determinants of family firms leverage"
ofz4dywk,0tj4819d,-0.033491768,/ Aktuell /,"Masks, humidity . . . and other stories"
563ftqw3,hgm6rraa,-0.033488642,hpO: Berufsvereinigung für heilkundlich praktizierte Osteopathie e.V.,Parental involvement in homework of children with learning disabilities during distance learning: Relations with fear of COVID‐19 and resilience
563ftqw3,5erjbysp,-0.033477407,hpO: Berufsvereinigung für heilkundlich praktizierte Osteopathie e.V.,Searching for humanity in the time of COVID
i6n1s6pq,or65qlbt,-0.03347331,Erst einmal durchatmen!,Anesthesiology and the Anesthesiologists at COVID-19()
563ftqw3,rk0oj7dn,-0.033471406,hpO: Berufsvereinigung für heilkundlich praktizierte Osteopathie e.V.,A humanitarian approach to the digitization of education
pw7798hk,fnhqcpru,-0.033462532,"Moms, Memes, and Mitigating Pandemic Stress: Exploring Themes and Implications in an Academic Mamas’ Facebook Group",COVID-19 – (k)eine Zumutung?!
563ftqw3,87f0y6sv,-0.03345284,hpO: Berufsvereinigung für heilkundlich praktizierte Osteopathie e.V.,­­Speaking truth to power
563ftqw3,vpj1jwhg,-0.03345284,hpO: Berufsvereinigung für heilkundlich praktizierte Osteopathie e.V.,Speaking truth to power?
563ftqw3,vaekstz2,-0.03345042,hpO: Berufsvereinigung für heilkundlich praktizierte Osteopathie e.V.,Perceived Value of Teaching and Learning Curriculum Programs Among Pharmacy Practice Department Chairs.
563ftqw3,97572e4w,-0.03344823,hpO: Berufsvereinigung für heilkundlich praktizierte Osteopathie e.V.,"Serendipity, Vulnerability, and Imperfection: Harnessing Live Video for “Authentic” Teacher Performances"
xp0qvwn4,fnhqcpru,-0.033447694,Attacks on Public Health Officials During COVID-19.,COVID-19 – (k)eine Zumutung?!
563ftqw3,0o7cr6u3,-0.03344514,hpO: Berufsvereinigung für heilkundlich praktizierte Osteopathie e.V.,Palliative Care for Older Adults with Multimorbidity in the Time of COVID 19.
563ftqw3,8psez0h6,-0.03344514,hpO: Berufsvereinigung für heilkundlich praktizierte Osteopathie e.V.,Palliative Care for Older Adults with Multimorbidity in the Time of COVID 19
3uaf2tle,vzsmjjwo,-0.033432066,COVID-19 and FIP,Covid-19 - A Reminder to Reason
3mf5zw9n,fnhqcpru,-0.033429604,Circuit bases for randomisation,COVID-19 – (k)eine Zumutung?!
563ftqw3,s1xrum0o,-0.033425875,hpO: Berufsvereinigung für heilkundlich praktizierte Osteopathie e.V.,Pandemic Television
cr3wuo00,xmb4eywi,-0.03342382,Recent Findings in Azaphilone Pigments,"Strategieentwicklung ""einfach"" machen"
563ftqw3,06qmcdse,-0.033423226,hpO: Berufsvereinigung für heilkundlich praktizierte Osteopathie e.V.,"[Prisoners, caregivers and volunteers faced with COVID-19]."
wwie0iem,e71a5v36,-0.03342176,Allergikern Ängste nehmen,"Chapter 3 Measuring, Monitoring, and Evaluating the Health of a Population"
563ftqw3,rylpwv5p,-0.033413447,hpO: Berufsvereinigung für heilkundlich praktizierte Osteopathie e.V.,"The impact of trust, convenience, and risk perception on online frozen food purchase decision"
563ftqw3,j5or9i6b,-0.033412226,hpO: Berufsvereinigung für heilkundlich praktizierte Osteopathie e.V.,Resources for preparing early childhood teachers to assist children in disasters: reflections on current events
ye7fqh6a,n1dx9s6z,-0.033408254,Jetzt anmelden!,Clinical Course and Risk Factors of Disease Deterioration in Critically Ill Patients with COVID-19
iq3upmul,fnhqcpru,-0.033397637,Audio Highlights,COVID-19 – (k)eine Zumutung?!
563ftqw3,uw0inko7,-0.03339459,hpO: Berufsvereinigung für heilkundlich praktizierte Osteopathie e.V.,Construction Industry and Its Future
563ftqw3,dyg07sfv,-0.033391375,hpO: Berufsvereinigung für heilkundlich praktizierte Osteopathie e.V.,Start spreading the word ….
563ftqw3,g4zxgrdd,-0.033383697,hpO: Berufsvereinigung für heilkundlich praktizierte Osteopathie e.V.,"Those who do not move, do not notice their (supply) chains-inconvenient lessons from disruptions related to COVID-19"
563ftqw3,dizf2dqr,-0.033383686,hpO: Berufsvereinigung für heilkundlich praktizierte Osteopathie e.V.,"Those who do not move, do not notice their (supply) chains—inconvenient lessons from disruptions related to COVID-19"
563ftqw3,j21keone,-0.033381194,hpO: Berufsvereinigung für heilkundlich praktizierte Osteopathie e.V.,Hindsight Is 2019—the Year in Clinical Microbiology
n0n0mtpn,fnhqcpru,-0.033376265,Rationale for the Existence of Zoos,COVID-19 – (k)eine Zumutung?!
563ftqw3,ak9divi1,-0.03336576,hpO: Berufsvereinigung für heilkundlich praktizierte Osteopathie e.V.,Commonsense Questions to Move Beyond Health Care at All Costs.
l3yvi2jg,juhq6qsb,-0.03336488,"411 Mrd. €, 11,9 %","A Survey on Metaverse: Fundamentals, Security, and Privacy"
563ftqw3,ptz6j5ma,-0.033351574,hpO: Berufsvereinigung für heilkundlich praktizierte Osteopathie e.V.,Valuable Public Speaking Skills for Legal Professionals
wwie0iem,ox6gk3dg,-0.033351343,Allergikern Ängste nehmen,World Affairs : CORONAVIRUS 個人主義がウイルスをまき散らす : イタリア
563ftqw3,alypkbsf,-0.033349965,hpO: Berufsvereinigung für heilkundlich praktizierte Osteopathie e.V.,The creation of international collaborative governance discourse during the process of teaching vocabulary at the university
563ftqw3,9phrk01y,-0.033346497,hpO: Berufsvereinigung für heilkundlich praktizierte Osteopathie e.V.,"Covid-19 pandemic has derailed progress on sustainable development goals, says WHO."
563ftqw3,mvw0ok5m,-0.03333758,hpO: Berufsvereinigung für heilkundlich praktizierte Osteopathie e.V.,Uncertain Policy Decisions During the Covid-19 Pandemic
fnhqcpru,2ni6efmt,-0.033335187,COVID-19 – (k)eine Zumutung?!,Analysis of Solutions Improving Safety of Cyclists in the Road Traffic
wwie0iem,v1h8pihb,-0.033331867,Allergikern Ängste nehmen,Investigating Moral Foundations from Web Trending Topics
563ftqw3,tdxhzuzx,-0.03333108,hpO: Berufsvereinigung für heilkundlich praktizierte Osteopathie e.V.,"E-Ticketing Technology in Construction Projects: Adoption, Benefits, and Challenges"
563ftqw3,gwhtjvp2,-0.033323094,hpO: Berufsvereinigung für heilkundlich praktizierte Osteopathie e.V.,"Children, intersectionality, and COVID-19"
563ftqw3,2c0yov6u,-0.033317085,hpO: Berufsvereinigung für heilkundlich praktizierte Osteopathie e.V.,Book manufacturing in the COVID-19 era
igk0ncq4,ytq7y25m,-0.03330934,Mehr Impfschutz für Herzkranke,Chapter 8 Infectious Disease Emergencies
563ftqw3,1ug4gbsm,-0.033288203,hpO: Berufsvereinigung für heilkundlich praktizierte Osteopathie e.V.,Respectful maternity care in the context of COVID‐19: A human rights perspective
563ftqw3,0qb72hjh,-0.03328553,hpO: Berufsvereinigung für heilkundlich praktizierte Osteopathie e.V.,A case of pharmacist-led care team interventions to maximize rural patient quality of life
t46giw1h,xmb4eywi,-0.033284098,Neuropathologic features of four autopsied COVID‐19 patients,"Strategieentwicklung ""einfach"" machen"
wwie0iem,cp0c5yis,-0.033267725,Allergikern Ängste nehmen,COVID‐19–related laboratory coagulation findings
ye7fqh6a,dddizoy3,-0.033264857,Jetzt anmelden!,Scientific health societies against COVID- 19
563ftqw3,5715bqsf,-0.033256456,hpO: Berufsvereinigung für heilkundlich praktizierte Osteopathie e.V.,Smiling faces
563ftqw3,w8g601a5,-0.03325478,hpO: Berufsvereinigung für heilkundlich praktizierte Osteopathie e.V.,‘Everyone seems to be agreeing at the minute that face-to-face is the way forward’: practitioners’ perspectives on post-pandemic mathematics and statistics support
wwie0iem,y8kv1n8p,-0.033246044,Allergikern Ängste nehmen,Data-related and methodological obstacles to determining associations between temperature and COVID-19 transmission
563ftqw3,0l6ke6ni,-0.033245273,hpO: Berufsvereinigung für heilkundlich praktizierte Osteopathie e.V.,Consumers' Preferences and Willingness to Pay for Personalised Nutrition.
563ftqw3,yuo6rv55,-0.03323665,hpO: Berufsvereinigung für heilkundlich praktizierte Osteopathie e.V.,The business of making vaccines
563ftqw3,yru28qg6,-0.03322884,hpO: Berufsvereinigung für heilkundlich praktizierte Osteopathie e.V.,Navigating Climate Change: Rethinking the Role of Buildings
ye7fqh6a,z1mg09mq,-0.033220794,Jetzt anmelden!,Influences of Environmental Factors on Survival and Transmission of Viruses in Water
l3yvi2jg,cvgf1qjn,-0.033209007,"411 Mrd. €, 11,9 %","The Future Facility: How COVID Will Influence Design, Features, Amenities"
wwie0iem,8xq60k22,-0.03320112,Allergikern Ängste nehmen,Popular Geopolitics
563ftqw3,j4kvwb18,-0.033199724,hpO: Berufsvereinigung für heilkundlich praktizierte Osteopathie e.V.,Challenges And Roles Of Official Statistics In The COVID-19 Pandemic
e8tny4sh,fnhqcpru,-0.03319554,“Mothers are Medicine”: U.S. Indigenous Media Emphasizing Indigenous Women's Roles in COVID-19 Coverage,COVID-19 – (k)eine Zumutung?!
563ftqw3,yzw7o3zc,-0.033194743,hpO: Berufsvereinigung für heilkundlich praktizierte Osteopathie e.V.,The Big Obstacle/Barrier to Access Information in the COVID-19 Pandemic: Digital Divide
563ftqw3,hh2pqur3,-0.033179946,hpO: Berufsvereinigung für heilkundlich praktizierte Osteopathie e.V.,Gender Differences in the Presentation and Outcomes of Hospitalized Patients With COVID-19
ye7fqh6a,2qcoj09w,-0.03317457,Jetzt anmelden!,"Pandemics, cities and public health"
563ftqw3,ro3rzkwv,-0.033168405,hpO: Berufsvereinigung für heilkundlich praktizierte Osteopathie e.V.,Naegele's rule and the length of pregnancy - A review
563ftqw3,xux6xif0,-0.03315408,hpO: Berufsvereinigung für heilkundlich praktizierte Osteopathie e.V.,Factors influencing undergraduate education in an expanding virtual world during COVID-19
563ftqw3,tde2asdx,-0.03314601,hpO: Berufsvereinigung für heilkundlich praktizierte Osteopathie e.V.,This is real.
l3yvi2jg,nii84yij,-0.03314124,"411 Mrd. €, 11,9 %",The impact of COVID-19 on the aesthetics industry
00ec5g3a,uocadc35,-0.033132326,Risk Factors for COVID-19,Gedanken zur Differentialdiagnostik*
2wjt0hsk,eej8qb9t,-0.03313041,Aktuelle Liquordiagnostik bei erregerbedingten Krankheiten,Acknowledgement to Referees.
wwie0iem,j7ij6gwc,-0.03312885,Allergikern Ängste nehmen,Current perspective on determinants and deterrents of COVID-19
wwie0iem,47w6f5uk,-0.033121374,Allergikern Ängste nehmen,Outcomes of COVID-19 in the community: A prospective cohort study
563ftqw3,7ziim7eu,-0.03310923,hpO: Berufsvereinigung für heilkundlich praktizierte Osteopathie e.V.,Disrupted distance learning: the impact of Covid-19 on study habits of distance learning university students
kmz5yel9,fnhqcpru,-0.033107884,US veterans administration diabetes risk (VADR) national cohort: cohort profile,COVID-19 – (k)eine Zumutung?!
563ftqw3,0jf3iw7i,-0.03310045,hpO: Berufsvereinigung für heilkundlich praktizierte Osteopathie e.V.,Need for fair inclusion of pregnant women in clinical trials: scientific and ethical considerations about the lesson from the COVID-19 vaccines development
563ftqw3,uanxbfx5,-0.033094294,hpO: Berufsvereinigung für heilkundlich praktizierte Osteopathie e.V.,Challenges to scientific publishing in times of COVID-19
ye7fqh6a,063c5eeo,-0.03308103,Jetzt anmelden!,COVID-19: Risk Factors Associated with Infectivity and Severity
563ftqw3,hzqvr3va,-0.033079438,hpO: Berufsvereinigung für heilkundlich praktizierte Osteopathie e.V.,Lessons Learned from Implementing Blended and Online Undergraduate Chemistry Laboratory Teaching during the Covid-19 Pandemic
l3yvi2jg,4gdsucr6,-0.03307452,"411 Mrd. €, 11,9 %",2020: A series of unprecedented events.
gwhvglgm,fnhqcpru,-0.033073895,"COVID-19 Cases, Hospitalizations, and Deaths in Nursing Homes: Factors Impacting the Second Surge",COVID-19 – (k)eine Zumutung?!
l3yvi2jg,oyjkvqy2,-0.03306638,"411 Mrd. €, 11,9 %",Host defenses
563ftqw3,g0kdwrha,-0.033043396,hpO: Berufsvereinigung für heilkundlich praktizierte Osteopathie e.V.,82. Confidentiality and Patient Satisfaction in Adolescent Telehealth Visits
563ftqw3,uux06lw1,-0.03303306,hpO: Berufsvereinigung für heilkundlich praktizierte Osteopathie e.V.,"Virtual Healthcare Simulation: Implementation, Distractions, and Preferences"
uh6ydwjy,o49uclco,-0.03303241,[Past and present of plasmatrix],Keine zusätzliche Gefahr für Allergiker
563ftqw3,17lailex,-0.03303,hpO: Berufsvereinigung für heilkundlich praktizierte Osteopathie e.V.,Exercise and COVID‐19: reasons individuals sought coaching support to assist them to increase physical activity during COVID‐19
qhyohe3m,fnhqcpru,-0.033027455,It's a numbers game,COVID-19 – (k)eine Zumutung?!
563ftqw3,l25hw3fv,-0.033023883,hpO: Berufsvereinigung für heilkundlich praktizierte Osteopathie e.V.,"Impact of COVID-19 on women's life: their health, quality of life and lifestyle"
563ftqw3,quhnbr23,-0.03301715,hpO: Berufsvereinigung für heilkundlich praktizierte Osteopathie e.V.,The Loss of the Shared Space: Process Issues in Telepsychotherapy
563ftqw3,ttbapmu7,-0.03301067,hpO: Berufsvereinigung für heilkundlich praktizierte Osteopathie e.V.,Dementia Care in the Time of COVID-19 Pandemic
563ftqw3,83x9wajq,-0.03301015,hpO: Berufsvereinigung für heilkundlich praktizierte Osteopathie e.V.,Getting Through COVID-19: Keeping Clinicians in the Workforce.
wwie0iem,8o7ebixz,-0.03299869,Allergikern Ängste nehmen,Identification of the Most Critical Factors in Bankruptcy Prediction and Credit Classification of Companies
563ftqw3,yfs13tnw,-0.032995515,hpO: Berufsvereinigung für heilkundlich praktizierte Osteopathie e.V.,COVID 19 - To Strive Against the Strike.
bhj6tbuh,eej8qb9t,-0.03298994,CHMP empfiehlt Zulassung eines Virostatikums zur Behandlung von COVID-19,Acknowledgement to Referees.
fnhqcpru,dj4y1deh,-0.03297856,COVID-19 – (k)eine Zumutung?!,Aggregating data from COVID-19 trials
563ftqw3,k8zeklun,-0.032976672,hpO: Berufsvereinigung für heilkundlich praktizierte Osteopathie e.V.,Evolving concepts in disseminating medical science and the challenge of COVID-19
563ftqw3,6817o4jf,-0.032968283,hpO: Berufsvereinigung für heilkundlich praktizierte Osteopathie e.V.,Beyond Friendship: The Spectrum of Social Participation of Autistic Adults
563ftqw3,i46x0mvo,-0.0329681,hpO: Berufsvereinigung für heilkundlich praktizierte Osteopathie e.V.,Long-term outcome after intensive care for COVID-19: differences between men and women-a nationwide cohort study
563ftqw3,z68895ic,-0.03296795,hpO: Berufsvereinigung für heilkundlich praktizierte Osteopathie e.V.,"Working from home and the explosion of enduring divides: income, employment and safety risks"
ye7fqh6a,fkx0iplt,-0.03296564,Jetzt anmelden!,Epidemiological and Clinical Characteristics of Deceased COVID-19 Patients
563ftqw3,xryvzn1y,-0.03295821,hpO: Berufsvereinigung für heilkundlich praktizierte Osteopathie e.V.,Reflections on Choice and Agency in Context: a Reply
l3yvi2jg,v17wo7de,-0.032936726,"411 Mrd. €, 11,9 %",Bright spots in the dark
563ftqw3,ul7v89h9,-0.03293579,hpO: Berufsvereinigung für heilkundlich praktizierte Osteopathie e.V.,A guide to writing grant proposals for nursing research.
563ftqw3,1oo06lla,-0.032932166,hpO: Berufsvereinigung für heilkundlich praktizierte Osteopathie e.V.,Addressing the Challenges to Successfully Manage University-Industry R&D Collaborations
563ftqw3,5ol67ysv,-0.03291877,hpO: Berufsvereinigung für heilkundlich praktizierte Osteopathie e.V.,Misdirecting persuasive efforts during the covid-19 pandemic: The targets people choose may not be the most likely to change
wwie0iem,u8gcktvy,-0.03289657,Allergikern Ängste nehmen,COVID-19: the key to flattening the curve is health literacy
563ftqw3,zt8hxoum,-0.032885484,hpO: Berufsvereinigung für heilkundlich praktizierte Osteopathie e.V.,The Witness to Witness Program: Helping the helpers in the context of the Covid‐19 pandemic
wwie0iem,x29d6ktt,-0.032880455,Allergikern Ängste nehmen,A breakthrough for us all
pfxsm064,l3yvi2jg,-0.032862972,ALSCO-: Fighting back against COVID-19,"411 Mrd. €, 11,9 %"
563ftqw3,z6pchusp,-0.03286286,hpO: Berufsvereinigung für heilkundlich praktizierte Osteopathie e.V.,Clinical features of covid-19 in children
wwie0iem,b0bodzuq,-0.032858044,Allergikern Ängste nehmen,Radiological manifestations of COVID-19: key points for the physician
563ftqw3,uzsim8g6,-0.032853518,hpO: Berufsvereinigung für heilkundlich praktizierte Osteopathie e.V.,Online Teaching Perceptions amidst Covid-19
ye7fqh6a,8yfb2fr0,-0.03285007,Jetzt anmelden!,Mental Health and Related Factors of Hospital Nurses.
563ftqw3,sxi53xbg,-0.032848228,hpO: Berufsvereinigung für heilkundlich praktizierte Osteopathie e.V.,Be in Control before You Lose Control
563ftqw3,91txfcab,-0.032842133,hpO: Berufsvereinigung für heilkundlich praktizierte Osteopathie e.V.,Preferences for studying materials: What has covid-19 changed
563ftqw3,wefz7sr4,-0.032841135,hpO: Berufsvereinigung für heilkundlich praktizierte Osteopathie e.V.,Smart Contracts Implementation in the Allocation of Covid-19 Vaccines
fnhqcpru,zt5a2y4c,-0.032835998,COVID-19 – (k)eine Zumutung?!,Friends or Foes? An Update on Retinal Toxicities of Systemic Medications
wwie0iem,9tse6ffa,-0.03282306,Allergikern Ängste nehmen,"Porous bodies corporeal intimacies, disgust and violence in a covid-19 world"
ye7fqh6a,fbzzxa2j,-0.032813106,Jetzt anmelden!,Considerations for mitigating COVID-19 related risks in schools
syrgxzfq,m4yifw20,-0.03279958,Catch me if you can: superspreading of COVID-19,"Klima, Krise - Krebs?"
aaj9e3v9,mfsxxti6,-0.032796275,9 vragen over vaccineren,The future is now.
563ftqw3,6lqf78sl,-0.032795705,hpO: Berufsvereinigung für heilkundlich praktizierte Osteopathie e.V.,"Remuneration Review: Risk, Planning, and Modelling beyond the Covid Crisis"
563ftqw3,dbptwkkf,-0.032787718,hpO: Berufsvereinigung für heilkundlich praktizierte Osteopathie e.V.,The impact of the COVID-19 pandemic on business expectations()
563ftqw3,t5dqg7yw,-0.032787062,hpO: Berufsvereinigung für heilkundlich praktizierte Osteopathie e.V.,R-LSTM: Time Series Forecasting for COVID-19 Confirmed Cases with LSTMbased Framework
563ftqw3,o56fyjfa,-0.03277504,hpO: Berufsvereinigung für heilkundlich praktizierte Osteopathie e.V.,A Growing Educational Divide in the COVID-19 Economy Is Especially Pronounced among Parents
563ftqw3,bibsp6tn,-0.032769494,hpO: Berufsvereinigung für heilkundlich praktizierte Osteopathie e.V.,r-LSTM: Time Series Forecasting for COVID-19 Confirmed Cases with LSTM-based Framework
563ftqw3,yjot3owb,-0.032768533,hpO: Berufsvereinigung für heilkundlich praktizierte Osteopathie e.V.,Relationship between personality traits and knowledge sharing among it industry employees working remotely
563ftqw3,2a8br14y,-0.03276305,hpO: Berufsvereinigung für heilkundlich praktizierte Osteopathie e.V.,Lessons learned from designing a curriculum analytics tool for improving student learning and program quality
563ftqw3,q1armkmr,-0.03275948,hpO: Berufsvereinigung für heilkundlich praktizierte Osteopathie e.V.,"Perceived Experience, Perceived Value and Customer Satisfaction as Antecedents to Loyalty among Hotel Guests"
563ftqw3,5ftx2ztn,-0.032735355,hpO: Berufsvereinigung für heilkundlich praktizierte Osteopathie e.V.,Using games for language learning in the age of social distancing
563ftqw3,4tms03ev,-0.032734774,hpO: Berufsvereinigung für heilkundlich praktizierte Osteopathie e.V.,Vaccinating our children against COVID-19
0500b5ir,fnhqcpru,-0.03273191,"Analysis of COVID‐19 vaccines: Types, thoughts, and application",COVID-19 – (k)eine Zumutung?!
igk0ncq4,9q8ahhvp,-0.032709457,Mehr Impfschutz für Herzkranke,An investigation of the replication of coronaviruses in suspension cultures of L132 cells
563ftqw3,wjxlqrgf,-0.0326895,hpO: Berufsvereinigung für heilkundlich praktizierte Osteopathie e.V.,COVID-19 and Children: Many Questions Yet To Be Answered
wwie0iem,2bod6b0y,-0.03268538,Allergikern Ängste nehmen,Guest Editorial: Articles selected from the 2020 International Conference on Health Policy Statistics
v1qduxeb,fnhqcpru,-0.03268209,Astrocyte—Microglia Interactions,COVID-19 – (k)eine Zumutung?!
563ftqw3,7skrir6x,-0.03267689,hpO: Berufsvereinigung für heilkundlich praktizierte Osteopathie e.V.,Travel risks in the COVID-19 age: using Zaltman Metaphor Elicitation Technique (ZMET)
wwie0iem,imn92v0q,-0.032676663,Allergikern Ängste nehmen,A review on histotechnology practices in COVID-19 pathology investigations
ekgdlyfg,l3yvi2jg,-0.032668862,Private Struggles in Public Spaces: Documenting COVID-19 Material Culture and Landscapes,"411 Mrd. €, 11,9 %"
wwie0iem,kw0ybmcq,-0.032668784,Allergikern Ängste nehmen,Documentary Chronicles the Positive Impact of Competitive Sports
wwie0iem,742ki3eh,-0.032666974,Allergikern Ängste nehmen,Abstracts for the 2021 TSANZ Annual Scientific Meeting
563ftqw3,zxefw9n2,-0.032660764,hpO: Berufsvereinigung für heilkundlich praktizierte Osteopathie e.V.,Editorial: One Step at a Time: Advances in Osteoarthritis
563ftqw3,6mt3afar,-0.032659035,hpO: Berufsvereinigung für heilkundlich praktizierte Osteopathie e.V.,Ensuring Sustainability during a Crisis Using an Innovative Flexible Methodology
563ftqw3,b7yrenz6,-0.03265627,hpO: Berufsvereinigung für heilkundlich praktizierte Osteopathie e.V.,"Obstacles, Challenges, and Benefits of Online Group Psychotherapy"
563ftqw3,y014vwp4,-0.03264867,hpO: Berufsvereinigung für heilkundlich praktizierte Osteopathie e.V.,Concerns of Women Choosing Community Birth During the COVID‐19 Pandemic: A Qualitative Study
wwie0iem,5hwmfw0p,-0.032646924,Allergikern Ängste nehmen,Current Status of Laboratory Diagnosis for COVID-19: A Narrative Review
wwie0iem,6dllinh0,-0.03263904,Allergikern Ängste nehmen,"The Colliding Worlds of Telepsychiatry, Social Media, and COVID-19."
gdqv1q45,wjxlqrgf,-0.032633558,Komplexe Gerinnungsstörungen,COVID-19 and Children: Many Questions Yet To Be Answered
vw19qsaq,fnhqcpru,-0.032632437,COVID-19 Cases and Deaths in Federal and State Prisons,COVID-19 – (k)eine Zumutung?!
563ftqw3,iuuwe0k7,-0.032629192,hpO: Berufsvereinigung für heilkundlich praktizierte Osteopathie e.V.,Contrast-enhanced ultrasound in children: a first-of-its-kind comprehensive compendium!
98rln9mu,563ftqw3,-0.032622766,Nursing students' experiences of adapting to clinical practice in the COVID-19 pandemic,hpO: Berufsvereinigung für heilkundlich praktizierte Osteopathie e.V.
563ftqw3,3m6zcw6o,-0.03262133,hpO: Berufsvereinigung für heilkundlich praktizierte Osteopathie e.V.,Facing the COVID-19 Winter: Ethical Lessons for Treating Older Adults.
563ftqw3,1p9318ki,-0.032618146,hpO: Berufsvereinigung für heilkundlich praktizierte Osteopathie e.V.,Patient-reported outcomes and personalised cancer care.
t2l0vj0z,wwie0iem,-0.032612883,Media literacy research during COVID-19 pandemic: Social network screening,Allergikern Ängste nehmen
wwie0iem,qj0nwynn,-0.03260552,Allergikern Ängste nehmen,Innovating past barriers
5715bqsf,d6su39tw,-0.032603342,Smiling faces,Erfolgreiche Behandlung eines drittgradigen Pleuraempyems infolge einer COVID-19-Infektion
wwie0iem,9z10f31d,-0.032600775,Allergikern Ängste nehmen,Agree to Disagree? Predictions of U.S. Nonfarm Payroll Changes between 2008 and 2020 and the Impact of the COVID19 Labor Shock (preprint)
563ftqw3,9x0l5zs1,-0.032591037,hpO: Berufsvereinigung für heilkundlich praktizierte Osteopathie e.V.,The disproportionate impact of COVID-19 on women relative to men: A conservation of resources perspective
84yq3oyz,0c2omvxl,-0.032571364,COVID-19: No Visitors.,Verantwortung braucht Freiheit
ye7fqh6a,k4e7mrac,-0.03257033,Jetzt anmelden!,NRITLD Protocol for the Management of Patients with COVID-19 Admitted to Hospitals.
l3yvi2jg,wjc6tc15,-0.032569982,"411 Mrd. €, 11,9 %","Underpromise, overdeliver."
nh3vfi1m,fnhqcpru,-0.032559343,Education of medical sciences students during COVID-19,COVID-19 – (k)eine Zumutung?!
ye7fqh6a,h5tfgk3s,-0.03254099,Jetzt anmelden!,Communities Matter
ye7fqh6a,oih2mk6y,-0.03254099,Jetzt anmelden!,Communities Matter.
563ftqw3,ux6j0eze,-0.032533057,hpO: Berufsvereinigung für heilkundlich praktizierte Osteopathie e.V.,Unequal Access to Justice: Lessons Learned for Dispute Resolution from the Shadow of the Pandemic (preprint)
e3xrt3yn,ofz4dywk,-0.032523304,A day that unites all nurses.,/ Aktuell /
7x3j37c6,ofz4dywk,-0.032523304,A day that unites all nurses,/ Aktuell /
563ftqw3,vxy6clgj,-0.032522004,hpO: Berufsvereinigung für heilkundlich praktizierte Osteopathie e.V.,"The Influence of Risk, Location, and Relationship on Refusing an Event Invitation During the COVID-19 Pandemic"
e97bazt5,q5v3w8rm,-0.032516416,"Covid, Colleges, and Classes",Das Stethoskop bleibt wichtig — auch in COVID-19-Zeiten: Kein Auslaufmodell
ye7fqh6a,ungitgh9,-0.0325074,Jetzt anmelden!,Clinical Conditions
563ftqw3,9yrxdxz8,-0.03249716,hpO: Berufsvereinigung für heilkundlich praktizierte Osteopathie e.V.,Music Received
dei0xd1b,v5u2nth8,-0.03249297,COVID-19: Zoonotic aspects,Mobilität erhalten - Immobilität vorbeugen
563ftqw3,ad2f3sfq,-0.032489955,hpO: Berufsvereinigung für heilkundlich praktizierte Osteopathie e.V.,"Primary School Educators’ Perspectives and Experiences of Nature-Based Play and Learning and Its Benefits, Barriers, and Enablers: A Qualitative Descriptive Study"
563ftqw3,dobsisj8,-0.032486048,hpO: Berufsvereinigung für heilkundlich praktizierte Osteopathie e.V.,[COVID-19 in older adults - a complex challenge]
563ftqw3,wh3pye7z,-0.032482523,hpO: Berufsvereinigung für heilkundlich praktizierte Osteopathie e.V.,Authors Response to Letters to the editor regarding: 'Assessing mandatory stay- At- Home and business closure effects on the spread of COVID- 19'
wwie0iem,wzln5by7,-0.032478474,Allergikern Ängste nehmen,Thanks and Appreciations 2020
6ola5dx1,84yq3oyz,-0.03247549,La Pandemia,COVID-19: No Visitors.
l3yvi2jg,h1flhdxf,-0.032465946,"411 Mrd. €, 11,9 %",Medication Adherence: Expanding the Conceptual Framework.
ye7fqh6a,0hnxpjq7,-0.032460686,Jetzt anmelden!,COVID-19: Pathogenesis and Clinical Manifestations
0nq2t9tm,o49uclco,-0.03245591,Interpersonalizing Intimate Museum Experiences,Keine zusätzliche Gefahr für Allergiker
1w677dta,kdfg0glv,-0.032451913,Bundesweites Belastungsmodell für Intensivstationen durch COVID-19,Books reviewed
563ftqw3,uo34csav,-0.03245038,hpO: Berufsvereinigung für heilkundlich praktizierte Osteopathie e.V.,Translating COVID-19 Evidence to Maximize Physical Therapists' Impact and Public Health Response
563ftqw3,kgevlr8k,-0.032446496,hpO: Berufsvereinigung für heilkundlich praktizierte Osteopathie e.V.,"Ergonomics knowledge, attitude, and practice among biomedical scientists"
563ftqw3,6xxfh0nl,-0.0324437,hpO: Berufsvereinigung für heilkundlich praktizierte Osteopathie e.V.,The impact of sharing platforms on collaborative design development during emergencies: The case of COVID-19
cp6y4mlx,fnhqcpru,-0.032439787,International Abstracts.,COVID-19 – (k)eine Zumutung?!
mrdlg0pi,igk0ncq4,-0.03243435,Biologics,Mehr Impfschutz für Herzkranke
mez7784m,fnhqcpru,-0.03242679,Coronaviruses' sugar shields as vaccine candidates,COVID-19 – (k)eine Zumutung?!
563ftqw3,7yqkozmp,-0.032425072,hpO: Berufsvereinigung für heilkundlich praktizierte Osteopathie e.V.,COVID-19 in the face of contemporary international law
563ftqw3,vecntr7s,-0.032423455,hpO: Berufsvereinigung für heilkundlich praktizierte Osteopathie e.V.,Challenges in Distance Education During the (Covid-19) Pandemic Period
563ftqw3,j91izm3q,-0.032417364,hpO: Berufsvereinigung für heilkundlich praktizierte Osteopathie e.V.,Best practices for taking experiential learning online
563ftqw3,rse9hk4m,-0.0324117,hpO: Berufsvereinigung für heilkundlich praktizierte Osteopathie e.V.,Why Is the Electronic Health Record So Challenging for Research and Clinical Care?
wwie0iem,sv6l68cm,-0.032405134,Allergikern Ängste nehmen,Social media for learning: perceptions and behaviors
ha4624g4,ozyazewv,-0.0324018,Challenges of COVID-19,Zertifizierungen von EndoCert: in Zeiten von COVID-19
ye7fqh6a,3gkjwo2y,-0.032398988,Jetzt anmelden!,Ecological Traits Driving the Outbreaks and Emergence of Zoonotic Pathogens
wwie0iem,9e19o8r7,-0.032390293,Allergikern Ängste nehmen,Identifying the shifting sources to predict the dynamics of COVID-19 in the U.S.
563ftqw3,u6fcpvv7,-0.03238794,hpO: Berufsvereinigung für heilkundlich praktizierte Osteopathie e.V.,Exploring Student Experiences in Early Computing Courses during Emergency Remote Teaching
ofz4dywk,mlbv50pi,-0.03238775,/ Aktuell /,Legislatures in the Time of Covid-19
563ftqw3,zcs14c23,-0.03237644,hpO: Berufsvereinigung für heilkundlich praktizierte Osteopathie e.V.,"Challenges, Changes, and Caring"
wwie0iem,tm0d11f4,-0.032373223,Allergikern Ängste nehmen,Key Issues of Improving Sanitary and Safety Performance of Domestic Drainage System
563ftqw3,qu5tna8w,-0.03237148,hpO: Berufsvereinigung für heilkundlich praktizierte Osteopathie e.V.,Lost in transition.
563ftqw3,jd8jwb1x,-0.032362863,hpO: Berufsvereinigung für heilkundlich praktizierte Osteopathie e.V.,The Transition from Reimagining to Recreating Health Care Is Now
563ftqw3,mza8fq7u,-0.032359302,hpO: Berufsvereinigung für heilkundlich praktizierte Osteopathie e.V.,Children’s Perspectives on Outpatient Physician Visits: Capturing a Missing Voice in Patient-Centered Care
wwie0iem,vwmoomck,-0.032347728,Allergikern Ängste nehmen,Psychosocial factors and hospitalisations for COVID-19: Prospective cohort study of the general population
563ftqw3,xg9df4u7,-0.03234572,hpO: Berufsvereinigung für heilkundlich praktizierte Osteopathie e.V.,Covid-19 is threatening the survival of US primary care
563ftqw3,v6g4miw5,-0.03233791,hpO: Berufsvereinigung für heilkundlich praktizierte Osteopathie e.V.,Safe and Accessible Voting: The Role of Public Health
qftcnadz,fnhqcpru,-0.03233317,Laboratory parameters as predictors of mortality in COVID-19 patients on hospital admission,COVID-19 – (k)eine Zumutung?!
wwie0iem,dpcuyjcs,-0.03232241,Allergikern Ängste nehmen,Remote Teaching During COVID-19: Implications from a National Survey of Language Educators
563ftqw3,eyjx0sho,-0.032322124,hpO: Berufsvereinigung für heilkundlich praktizierte Osteopathie e.V.,Living and dying in a virtual world.
8f2e9fxq,pymgndi3,-0.032319695,Onze hersenen: onze achtbaan,Proceeding Abstracts
qhyohe3m,1w677dta,-0.03231869,It's a numbers game,Bundesweites Belastungsmodell für Intensivstationen durch COVID-19
563ftqw3,2x9vb8ve,-0.032317594,hpO: Berufsvereinigung für heilkundlich praktizierte Osteopathie e.V.,Preparedness of Undergraduate Medical Students to Combat COVID-19: A Tertiary Care Experience on the Effectiveness and Efficiency of a Training Program and Future Prospects
7cq1kur6,fnhqcpru,-0.032310877,Post-COVID Conditions in Children,COVID-19 – (k)eine Zumutung?!
wwie0iem,757jif10,-0.032304756,Allergikern Ängste nehmen,Personality of Public Health Organizations’ Instagram Accounts and According Differences in Photos at Content and Pixel Levels
84ij4ni1,fnhqcpru,-0.03230297,"Mapping national news reports on COVID-19 in Australia: Topics, sources, and imagined audiences (preprint)",COVID-19 – (k)eine Zumutung?!
563ftqw3,efm286c0,-0.032294247,hpO: Berufsvereinigung für heilkundlich praktizierte Osteopathie e.V.,Managing teamwork in the face of pandemic: evidence-based tips
563ftqw3,znr2dvvu,-0.032287054,hpO: Berufsvereinigung für heilkundlich praktizierte Osteopathie e.V.,The changing landscape of professional development.
yv6sxkan,igk0ncq4,-0.032286953,Characterization of cell-cell communication in COVID-19 patients,Mehr Impfschutz für Herzkranke
563ftqw3,x5xj0c0p,-0.032278314,hpO: Berufsvereinigung für heilkundlich praktizierte Osteopathie e.V.,"Long-Lasting, Patient-Controlled, Procedure-Free Contraception: A Review of Annovera with a Pharmacist Perspective"
ye7fqh6a,3jz7zhkj,-0.032274406,Jetzt anmelden!,Tracheotomies in COVID-19 patient2 Protocols and outcomes
563ftqw3,0v0otcxh,-0.032271456,hpO: Berufsvereinigung für heilkundlich praktizierte Osteopathie e.V.,"Exploring tourists’ motivations, constraints, and negotiations regarding outdoor recreation trips during COVID-19 through a focus group study"
pghhgf0h,1w677dta,-0.03227039,Learning from Covid: Three Key Variables,Bundesweites Belastungsmodell für Intensivstationen durch COVID-19
wwie0iem,zxzmad6m,-0.032267157,Allergikern Ängste nehmen,Orchestrated network
ye7fqh6a,3fmdriu7,-0.03226509,Jetzt anmelden!,Key Positions in the Contemporary Scientific Realism/Antirealism Debate
v247eg9f,e97bazt5,-0.03226269,Kein Ende in Sicht,"Covid, Colleges, and Classes"
563ftqw3,l9z0yw3x,-0.03226167,hpO: Berufsvereinigung für heilkundlich praktizierte Osteopathie e.V.,Indications for Inpatient Magnetoencephalography in Children – An Institution’s Experience
ye7fqh6a,0575yava,-0.032253463,Jetzt anmelden!,Challenges for indigenous children and youth
563ftqw3,34jtty8t,-0.032249887,hpO: Berufsvereinigung für heilkundlich praktizierte Osteopathie e.V.,Method 300: a complementary teaching methodology in Dentistry
onk6s3jh,l3yvi2jg,-0.032245997,Origins and Ownership of Remdesivir: Implications for Pricing,"411 Mrd. €, 11,9 %"
563ftqw3,miwg25lu,-0.032239206,hpO: Berufsvereinigung für heilkundlich praktizierte Osteopathie e.V.,COVID-19 and the fundamental role of bioethics
563ftqw3,hpz0v5eq,-0.032237098,hpO: Berufsvereinigung für heilkundlich praktizierte Osteopathie e.V.,Perceived Threat of COVID-19 Influences Product Preferences: The Moderating Role of Consumers’ Mindset
563ftqw3,6pn15t0n,-0.0322315,hpO: Berufsvereinigung für heilkundlich praktizierte Osteopathie e.V.,Policies for Sustainable Governance
wwie0iem,g9ozt03y,-0.03223011,Allergikern Ängste nehmen,Remote education in times of pandemic: Reflections in the academic context
pkue4y5t,l3yvi2jg,-0.032228112,Couchsurfing as a Modern Way of Destination Exploring,"411 Mrd. €, 11,9 %"
563ftqw3,9oexd4pf,-0.032223087,hpO: Berufsvereinigung für heilkundlich praktizierte Osteopathie e.V.,"Association of Physician Group Practice Participation in Bundled Payments With Patient Selection, Costs, and Outcomes for Joint Replacement"
563ftqw3,olbzwiun,-0.032217123,hpO: Berufsvereinigung für heilkundlich praktizierte Osteopathie e.V.,Insights and decision support for home health care services in times of disasters
gdqv1q45,zb58a8e1,-0.032211754,Komplexe Gerinnungsstörungen,COViD-19: We're All in This Together - Some More Than Others.
563ftqw3,w3aixjoc,-0.03220792,hpO: Berufsvereinigung für heilkundlich praktizierte Osteopathie e.V.,The last medical decade.
563ftqw3,b8hvp3cl,-0.03220019,hpO: Berufsvereinigung für heilkundlich praktizierte Osteopathie e.V.,COVID-19 and Food Safety: Risk Management and Future Considerations
563ftqw3,uh98ilhr,-0.032194402,hpO: Berufsvereinigung für heilkundlich praktizierte Osteopathie e.V.,"Challenges, priorities and tasks for the generalists at the time of the COVID-19 pandemic"
563ftqw3,f21t5d4u,-0.032194402,hpO: Berufsvereinigung für heilkundlich praktizierte Osteopathie e.V.,"Challenges, priorities and tasks for the generalists at the time of COVID-19 pandemic"
wwie0iem,ijm4q30a,-0.03218301,Allergikern Ängste nehmen,On Comparative Classification of Relevant Covid-19 Tweets
563ftqw3,9f8hw915,-0.032169126,hpO: Berufsvereinigung für heilkundlich praktizierte Osteopathie e.V.,Resuming In-Person Learning: Safe and Imperative
ye7fqh6a,er700k8b,-0.032158468,Jetzt anmelden!,Parasites and pest population management
rv5yu1tj,aaj9e3v9,-0.032158203,"Reflections on 2020, the year of COVID",9 vragen over vaccineren
obxdou4u,xmb4eywi,-0.03215526,A note of gratitude,"Strategieentwicklung ""einfach"" machen"
ye7fqh6a,367c1yt3,-0.03215524,Jetzt anmelden!,"COVID-19, indications for professional football teams and referees training resumption."
563ftqw3,3kfxpz3j,-0.032143164,hpO: Berufsvereinigung für heilkundlich praktizierte Osteopathie e.V.,Leading with Love: Five Practical Tips
xx6vccmf,fnhqcpru,-0.03213639,Cryptosporidiosis in calves.,COVID-19 – (k)eine Zumutung?!
hhvv7c3e,xmb4eywi,-0.03213336,COVID-19: Significance of antibodies,"Strategieentwicklung ""einfach"" machen"
4bwys7bz,l3yvi2jg,-0.03213022,[Neuromonitoring and awareness].,"411 Mrd. €, 11,9 %"
hl1apuv9,d6su39tw,-0.03212953,Meeting Announcements,Erfolgreiche Behandlung eines drittgradigen Pleuraempyems infolge einer COVID-19-Infektion
563ftqw3,oi79udxb,-0.03212542,hpO: Berufsvereinigung für heilkundlich praktizierte Osteopathie e.V.,Smart technologies in the Covid-19 crisis: Managing tourism flows and shaping visitors' behaviour
563ftqw3,x2lvlz2m,-0.03212152,hpO: Berufsvereinigung für heilkundlich praktizierte Osteopathie e.V.,2021 presidential address a year to remember: An extraordinary journey onto a promising path of inclusion and agility
lh9oww32,fnhqcpru,-0.032114767,Therapeutic agents tested in 238 COVID-19 hospitalized patients and their relationship with mortality,COVID-19 – (k)eine Zumutung?!
563ftqw3,967kifap,-0.032099225,hpO: Berufsvereinigung für heilkundlich praktizierte Osteopathie e.V.,COVID-19 as a global challenge: towards an inclusive and sustainable future.
ye7fqh6a,nv6lp5m9,-0.032085635,Jetzt anmelden!,THE IMPLICATIONS OF COVID-19 VACCINATION ON HOSPITALIZATIONS AND CLINICAL OUTCOMES
ye7fqh6a,8ow3agh0,-0.0320849,Jetzt anmelden!,Concerns of Family Caregivers during COVID-19: The Concerns of Caregivers and the Surprising Silver Linings
563ftqw3,azu8l317,-0.032083362,hpO: Berufsvereinigung für heilkundlich praktizierte Osteopathie e.V.,COVID-19 and the Pakhtun pregnant women
4dg9eml5,fnhqcpru,-0.03207834,[Commercial airline routes and international distribution of COVID-19].,COVID-19 – (k)eine Zumutung?!
ye7fqh6a,8qao0tmx,-0.032076146,Jetzt anmelden!,"Diabetes and COVID-19: Risks, Management, and Learnings From Other National Disasters."
563ftqw3,hq8rp86q,-0.03207269,hpO: Berufsvereinigung für heilkundlich praktizierte Osteopathie e.V.,"Learning from excellence: Sharing success, a quality improvement project"
563ftqw3,zvym8sbs,-0.032071088,hpO: Berufsvereinigung für heilkundlich praktizierte Osteopathie e.V.,When Knowledge is Blinding: The Dangers of Being Certain About the Future
ewersik9,o49uclco,-0.032064438,While we have your attention,Keine zusätzliche Gefahr für Allergiker
563ftqw3,vks50xlq,-0.032061595,hpO: Berufsvereinigung für heilkundlich praktizierte Osteopathie e.V.,Enabling the sustainable space era by developing the infrastructure for a space economy
563ftqw3,ff1a2br1,-0.032055564,hpO: Berufsvereinigung für heilkundlich praktizierte Osteopathie e.V.,'Homeschooling' and the COVID-19 Crisis: The Insights of Parents on Curriculum and Remote Learning
563ftqw3,7a7nub6f,-0.03205523,hpO: Berufsvereinigung für heilkundlich praktizierte Osteopathie e.V.,Sovereign Digital Currencies: The Future of Money and Payments?
ye7fqh6a,kzgi9x2v,-0.0320522,Jetzt anmelden!,COVID-19 in Pregnant Women and Their Newborn Infants
563ftqw3,mjflvkc4,-0.032049205,hpO: Berufsvereinigung für heilkundlich praktizierte Osteopathie e.V.,The I in COVID: The importance of community and patient involvement in COVID-19 research.
563ftqw3,4s1h8lgg,-0.032043386,hpO: Berufsvereinigung für heilkundlich praktizierte Osteopathie e.V.,Does the ideal entrepreneurial team exist?
563ftqw3,ce6k7x0e,-0.032042027,hpO: Berufsvereinigung für heilkundlich praktizierte Osteopathie e.V.,A paradigm for a lifetime.
563ftqw3,rtzptf0g,-0.03203702,hpO: Berufsvereinigung für heilkundlich praktizierte Osteopathie e.V.,"7-1-7: an Organising Principle, Target, and Accountability Metric to Make the World Safer from Pandemics"
563ftqw3,8l4bb9rx,-0.032029115,hpO: Berufsvereinigung für heilkundlich praktizierte Osteopathie e.V.,Goal Content and Attitudes toward Physical Activity among Primary School Students during COVID-19 Conditional Movement Control Order
563ftqw3,5lfk1rjj,-0.03202878,hpO: Berufsvereinigung für heilkundlich praktizierte Osteopathie e.V.,Characteristics and Palliative Care Needs of COVID‐19 Patients Receiving Comfort‐Directed Care
563ftqw3,jr75aphr,-0.032024976,hpO: Berufsvereinigung für heilkundlich praktizierte Osteopathie e.V.,The COVID‐19 chemoprophylactic conundrum – Are we limiting available resources?
563ftqw3,l67q7b2i,-0.032024976,hpO: Berufsvereinigung für heilkundlich praktizierte Osteopathie e.V.,The COVID-19 chemoprophylactic conundrum: Are we limiting available resources?
563ftqw3,ewywkdx5,-0.032024257,hpO: Berufsvereinigung für heilkundlich praktizierte Osteopathie e.V.,Fifteenth Finance Commission Award for 2020-21 Implications for the States
563ftqw3,tald8oaw,-0.032009766,hpO: Berufsvereinigung für heilkundlich praktizierte Osteopathie e.V.,"Best of colleagues, worst of times"
563ftqw3,9f3t4vde,-0.031994127,hpO: Berufsvereinigung für heilkundlich praktizierte Osteopathie e.V.,A Study of Piano Timbre Teaching in the Context of Artificial Intelligence Interaction
563ftqw3,my6dpw7g,-0.03199139,hpO: Berufsvereinigung für heilkundlich praktizierte Osteopathie e.V.,Challenges and opportunities brought by COVID-19: Understanding and prevention of COVID-19
wwie0iem,le6spvg5,-0.031969834,Allergikern Ängste nehmen,Difficulties of delivering urological care to remote areas.
lv4qnohk,o49uclco,-0.031969655,Today's Market Needs Modernized Property Appraisers,Keine zusätzliche Gefahr für Allergiker
ye7fqh6a,lfcpwtcd,-0.031965088,Jetzt anmelden!,Effects of COVID-19 on U.S. aquaculture farms
wwie0iem,mc0xctdo,-0.03195443,Allergikern Ängste nehmen,Research on the Influencing Factors of Audience Popularity Level of COVID-19 Videos during the COVID-19 Pandemic
563ftqw3,2zdemkil,-0.031952545,hpO: Berufsvereinigung für heilkundlich praktizierte Osteopathie e.V.,Public health principles application failure during covid-19 pandemic: Lessons learned and way forward
ye7fqh6a,gwvtmvzq,-0.031943977,Jetzt anmelden!,Human bocavirus: clinical significance and implications.
wwie0iem,okb0ama9,-0.031943407,Allergikern Ängste nehmen,Definition and clinical importance of haplotypes.
wwie0iem,3dzg6z13,-0.03194103,Allergikern Ängste nehmen,"MycoNews 2020: President's message, news, reports, awards, personalia, book news, and correspondence"
wwie0iem,yg3yzfnr,-0.03193867,Allergikern Ängste nehmen,Competition Policy in Post-covid-19 World
wwie0iem,to2esdlq,-0.031934664,Allergikern Ängste nehmen,Video Demonstrations for Didactic Laboratory Setting
563ftqw3,yj0to68r,-0.031915877,hpO: Berufsvereinigung für heilkundlich praktizierte Osteopathie e.V.,Outcomes for Patients Following Hospitalization for COVID-19
563ftqw3,exu70hzq,-0.031904794,hpO: Berufsvereinigung für heilkundlich praktizierte Osteopathie e.V.,Adverse Childhood Experiences in Trainees and Physicians With Professionalism Lapses: Implications for Medical Education and Remediation.
wwie0iem,tbh2fwk5,-0.03190191,Allergikern Ängste nehmen,Secondary Transmission of COVID-19 in K-12 Schools: Findings From Two States
563ftqw3,tvn4huh2,-0.031900786,hpO: Berufsvereinigung für heilkundlich praktizierte Osteopathie e.V.,Evaluation of Person-Centredness in Rehabilitation for People Living with Dementia Is Needed: A Review of the Literature.
ye7fqh6a,5tdcvfaz,-0.03189793,Jetzt anmelden!,Chapter 4. Concluding Observations and Resources
563ftqw3,1rm9ai4f,-0.03188756,hpO: Berufsvereinigung für heilkundlich praktizierte Osteopathie e.V.,The relationship between the willingness to mobile learning and educational achievements in health-care professional students
pt4uk6w5,igk0ncq4,-0.03188282,Chapter 1 A History of Public Health,Mehr Impfschutz für Herzkranke
563ftqw3,px15vd1z,-0.031879745,hpO: Berufsvereinigung für heilkundlich praktizierte Osteopathie e.V.,Critical Care Among Disadvantaged Minority Groups Made Equitable: Trends Throughout the COVID-19 Pandemic
563ftqw3,4z3r9chg,-0.031879373,hpO: Berufsvereinigung für heilkundlich praktizierte Osteopathie e.V.,Home Information and Communication Technology Use and Student Academic Performance: Encouraging Results for Uncertain Times
zvrp92m2,l3yvi2jg,-0.03187487,Building on the momentum: Sustaining telehealth beyond COVID-19.,"411 Mrd. €, 11,9 %"
hekod41k,igk0ncq4,-0.031870216,Covid-19: virological aspects and pathogenesis,Mehr Impfschutz für Herzkranke
gdqv1q45,a1xmmqyn,-0.03186726,Komplexe Gerinnungsstörungen,Some Concluding Thoughts
wwie0iem,ry6qadht,-0.03185942,Allergikern Ängste nehmen,Corporate Responsibility and the Value of Value(s)
563ftqw3,k95zmebx,-0.03185063,hpO: Berufsvereinigung für heilkundlich praktizierte Osteopathie e.V.,The dynamics of gender and alternatives in negotiation
9sj9bgq2,xmb4eywi,-0.031831175,Characterizing the Transmission Potential of Zoonotic Infections from Minor Outbreaks,"Strategieentwicklung ""einfach"" machen"
563ftqw3,v5wy886e,-0.03181882,hpO: Berufsvereinigung für heilkundlich praktizierte Osteopathie e.V.,The sound of silence in association football: Home advantage and referee bias decrease in matches played without spectators
wwie0iem,e97bazt5,-0.031817734,Allergikern Ängste nehmen,"Covid, Colleges, and Classes"
s7sg70e3,xmb4eywi,-0.031810623,Population Development in Czechia in 2020,"Strategieentwicklung ""einfach"" machen"
563ftqw3,vcqbu1qx,-0.03180266,hpO: Berufsvereinigung für heilkundlich praktizierte Osteopathie e.V.,Effective Use of Student-Created Case Studies as Assessment in an Undergraduate Neuroscience Course.
2qbffe7j,ye7fqh6a,-0.03179814,Pandemic influenza A (H1N1) 2009: risk factors for hospitalization.,Jetzt anmelden!
nnaas6co,fnhqcpru,-0.03179482,Books on biodiversity and conservation,COVID-19 – (k)eine Zumutung?!
inoelxh8,ofz4dywk,-0.031792954,The Powerlessness of Families.,/ Aktuell /
56vnvms3,l3yvi2jg,-0.031792782,"From Readership to Usership: Communicating Heritage Digitally through Presence, Embodiment and Aesthetic Experience","411 Mrd. €, 11,9 %"
563ftqw3,k8iaht3o,-0.031791136,hpO: Berufsvereinigung für heilkundlich praktizierte Osteopathie e.V.,Long-term Health Consequences of COVID-19.
563ftqw3,v1abkqfd,-0.031791136,hpO: Berufsvereinigung für heilkundlich praktizierte Osteopathie e.V.,Long-term Health Consequences of COVID-19
563ftqw3,vjge0c9p,-0.03178343,hpO: Berufsvereinigung für heilkundlich praktizierte Osteopathie e.V.,Impact of COVID-19 on access to laboratories and human participants: exercise science faculty perspectives
563ftqw3,rct75k3i,-0.03176712,hpO: Berufsvereinigung für heilkundlich praktizierte Osteopathie e.V.,Human factors and ergonomics and the response to COVID-19
563ftqw3,bmmp5a2j,-0.031765167,hpO: Berufsvereinigung für heilkundlich praktizierte Osteopathie e.V.,Recent Developments in NAFLD
wwie0iem,vp5p3v1c,-0.03176355,Allergikern Ängste nehmen,Microscopic manipulation of ferroelectric domains in SnSe monolayers at room temperature.
wwie0iem,p850w5eu,-0.031763177,Allergikern Ängste nehmen,Factors Predicting the Scientific Wealth of Nations
563ftqw3,ed2yxlud,-0.031761274,hpO: Berufsvereinigung für heilkundlich praktizierte Osteopathie e.V.,Impact of endometriosis on women’s life decisions and goal attainment: a cross-sectional survey of members of an online patient community
jvvzu4aj,ofz4dywk,-0.03175525,Concluding Reflections,/ Aktuell /
wwie0iem,2k8jl5qw,-0.031754572,Allergikern Ängste nehmen,The Political Determinants of Health.
ye7fqh6a,agrj7vff,-0.03175121,Jetzt anmelden!,Managing patient expectations
wwie0iem,2sx4qox6,-0.031739354,Allergikern Ängste nehmen,Reflecting on an unprecedented year.
wwie0iem,mxlgr2b9,-0.031739354,Allergikern Ängste nehmen,Reflecting on an unprecedented year
2ayog6sk,fnhqcpru,-0.031736765,Market Shocks in the G7 Countries,COVID-19 – (k)eine Zumutung?!
563ftqw3,olfg002f,-0.031719066,hpO: Berufsvereinigung für heilkundlich praktizierte Osteopathie e.V.,The Frustrating Experience of Trying to Do the Right Thing
563ftqw3,53vqcql8,-0.0317183,hpO: Berufsvereinigung für heilkundlich praktizierte Osteopathie e.V.,Pandemic as Teacher - Forcing Clinicians to Inhabit the Experience of Serious Illness
0m7ss62d,fnhqcpru,-0.031712398,Nurses in clinical trials: perceptions of impact on the research enterprise.,COVID-19 – (k)eine Zumutung?!
wwie0iem,4gdsucr6,-0.031711146,Allergikern Ängste nehmen,2020: A series of unprecedented events.
563ftqw3,difknbb5,-0.031708896,hpO: Berufsvereinigung für heilkundlich praktizierte Osteopathie e.V.,Convenience is Key for Patient Engagement with Remote Video Visits in a Musculoskeletal Practice.
wwie0iem,04mus6wa,-0.031703245,Allergikern Ängste nehmen,Efficiency analysis of major cruise lines
563ftqw3,gdsvgf3i,-0.031688716,hpO: Berufsvereinigung für heilkundlich praktizierte Osteopathie e.V.,The impact of COVID-19 on college students from communities of color.
563ftqw3,r8cnd14m,-0.03168755,hpO: Berufsvereinigung für heilkundlich praktizierte Osteopathie e.V.,Democracy through Time: Identity Politics and Future Generations
ye7fqh6a,ewpoydfb,-0.031685635,Jetzt anmelden!,Public perceptions of transgenic animals.
563ftqw3,13me9jhs,-0.031683013,hpO: Berufsvereinigung für heilkundlich praktizierte Osteopathie e.V.,Controversies and challenges with COVID-19 in children: Why are they less susceptible and should they be at home rather than in school?
wwie0iem,nicn44uo,-0.031677496,Allergikern Ängste nehmen,"Bounds for Complete Arcs in [Formula: see text] and Covering Codes of Radius 3, Codimension 4, Under a Certain Probabilistic Conjecture"
563ftqw3,aq6rgj98,-0.03167625,hpO: Berufsvereinigung für heilkundlich praktizierte Osteopathie e.V.,Four Ways to Limit Use of Force in Care of Persons Experiencing Homelessness.
563ftqw3,xlakv4dd,-0.031672824,hpO: Berufsvereinigung für heilkundlich praktizierte Osteopathie e.V.,Misspelled Author Name in the Byline
563ftqw3,1agpir0m,-0.03166714,hpO: Berufsvereinigung für heilkundlich praktizierte Osteopathie e.V.,How can smart dressings change the future of wound care?
4v1g1eyb,ye7fqh6a,-0.031664535,Basrah experience among 6404 patients with COVID-19,Jetzt anmelden!
563ftqw3,wcb82jf1,-0.03166324,hpO: Berufsvereinigung für heilkundlich praktizierte Osteopathie e.V.,3 Dimensions of Treatment Decision Making in Adolescents and Young Adults With Cancer.
563ftqw3,aizn9tpg,-0.031661008,hpO: Berufsvereinigung für heilkundlich praktizierte Osteopathie e.V.,Revisiting the impacts of virtual mobility on travel behavior: An exploration of daily travel time expenditures
ye7fqh6a,1595fils,-0.031659562,Jetzt anmelden!,Lessons on COVID-19 from Home and Community: Perspectives of Nursing Leaders at All Levels.
563ftqw3,3htcturz,-0.031653404,hpO: Berufsvereinigung für heilkundlich praktizierte Osteopathie e.V.,Embracing the collective through medical education
l3yvi2jg,cxluarez,-0.031652432,"411 Mrd. €, 11,9 %",Legal Briefs
wwie0iem,4dzv9l8n,-0.031651877,Allergikern Ängste nehmen,Experimental study of gaseous and particulate contaminants distribution in an aircraft cabin
563ftqw3,31npu3uk,-0.031651083,hpO: Berufsvereinigung für heilkundlich praktizierte Osteopathie e.V.,Nephrology: achieving sustainability
563ftqw3,x3okbud7,-0.031646766,hpO: Berufsvereinigung für heilkundlich praktizierte Osteopathie e.V.,Extremes in Context: A Life-Course Approach to Disaster Mental Health
i06zmlhj,9baisu73,-0.031638466,Etymologia: Coronavirus,In Reply to Guragai
t7sn9ffh,9baisu73,-0.031638466,"Coronavirus, humanpathogenes",In Reply to Guragai
6591nkx1,9jons9u9,-0.031638447,Reply to Nagappa and Marimuthu,COVID-19 (Coronavirus)
6591nkx1,i06zmlhj,-0.031638447,Reply to Nagappa and Marimuthu,Etymologia: Coronavirus
6591nkx1,t7sn9ffh,-0.031638447,Reply to Nagappa and Marimuthu,"Coronavirus, humanpathogenes"
9jons9u9,jfrk3o5d,-0.031638447,COVID-19 (Coronavirus),Reply to M Speeckaert and J Delanghe.
9jons9u9,sbpd99n0,-0.031638447,COVID-19 (Coronavirus),Reply to I. Nishino and J. Tanboon.
9jons9u9,9baisu73,-0.031638447,COVID-19 (Coronavirus),In Reply to Guragai
i06zmlhj,jfrk3o5d,-0.031638447,Etymologia: Coronavirus,Reply to M Speeckaert and J Delanghe.
i06zmlhj,sbpd99n0,-0.031638447,Etymologia: Coronavirus,Reply to I. Nishino and J. Tanboon.
t7sn9ffh,jfrk3o5d,-0.031638447,"Coronavirus, humanpathogenes",Reply to M Speeckaert and J Delanghe.
t7sn9ffh,sbpd99n0,-0.031638447,"Coronavirus, humanpathogenes",Reply to I. Nishino and J. Tanboon.
563ftqw3,l791ezb9,-0.031623546,hpO: Berufsvereinigung für heilkundlich praktizierte Osteopathie e.V.,Hand hygiene performance and beliefs among public university employees.
d6su39tw,mqvv9992,-0.03161295,Erfolgreiche Behandlung eines drittgradigen Pleuraempyems infolge einer COVID-19-Infektion,Acknowledgment of Guest Reviewers
563ftqw3,b5sttb26,-0.03160893,hpO: Berufsvereinigung für heilkundlich praktizierte Osteopathie e.V.,Our Earth Matters: Pathways to a Better Common Environmental Future – Part 1
wwie0iem,fwxe65mq,-0.031606786,Allergikern Ängste nehmen,From Spectatorship to “Survivorship” in Five Critical Propositions
563ftqw3,dak54bvh,-0.031604998,hpO: Berufsvereinigung für heilkundlich praktizierte Osteopathie e.V.,Demonstrating the vital role of physiatry throughout the health care continuum: Lessons learned from the impacts of the COVID-19 pandemic from a national academy perspective
ye7fqh6a,65rhc04q,-0.031601228,Jetzt anmelden!,Distinguishing epidemic waves from disease spillover in a wildlife population.
wwie0iem,9zswxzn7,-0.031598765,Allergikern Ängste nehmen,"“I enjoy thinking critically, and I'm in control”: Examining the influences of media literacy factors on misperceptions amidst the COVID-19 infodemic"
ye7fqh6a,klqd2xdq,-0.031591296,Jetzt anmelden!,Nursing paradigms in times of COVID-19
ozyazewv,8zv5mzpw,-0.031587627,Zertifizierungen von EndoCert: in Zeiten von COVID-19,Chemical Futures
563ftqw3,uffcwmn7,-0.03158168,hpO: Berufsvereinigung für heilkundlich praktizierte Osteopathie e.V.,Pharmacokinetic characterization of favipiravir in patients with COVID-19 and patient outcome
wwie0iem,0tm49m0h,-0.031578112,Allergikern Ängste nehmen,Calendar of Events
563ftqw3,f0hclgyl,-0.031574022,hpO: Berufsvereinigung für heilkundlich praktizierte Osteopathie e.V.,Disability at the Crossroads: Asserting Rights and Empowerment in an Unequal World
1w677dta,ujsb6ebp,-0.031557057,Bundesweites Belastungsmodell für Intensivstationen durch COVID-19,Hearts of Athletes
563ftqw3,141ka5c3,-0.031553622,hpO: Berufsvereinigung für heilkundlich praktizierte Osteopathie e.V.,Technical assistance: a practical account of the challenges in design and implementation
563ftqw3,x29d6ktt,-0.03154741,hpO: Berufsvereinigung für heilkundlich praktizierte Osteopathie e.V.,A breakthrough for us all
ye7fqh6a,swxndtaz,-0.031538695,Jetzt anmelden!,Illuminating places
563ftqw3,wkeca283,-0.031536564,hpO: Berufsvereinigung für heilkundlich praktizierte Osteopathie e.V.,University Student Experiences with Mandated Home Isolation
ye7fqh6a,0tj4819d,-0.0315357,Jetzt anmelden!,"Masks, humidity . . . and other stories"
l3yvi2jg,ugk8wg6e,-0.03153445,"411 Mrd. €, 11,9 %",Repositioning Sustainability
563ftqw3,tal5h7lv,-0.031534106,hpO: Berufsvereinigung für heilkundlich praktizierte Osteopathie e.V.,The COVID-19 world - Are we there yet?
563ftqw3,jsy8qal6,-0.031530295,hpO: Berufsvereinigung für heilkundlich praktizierte Osteopathie e.V.,Distance Brought Me Closer
563ftqw3,sh8rgtc5,-0.031521954,hpO: Berufsvereinigung für heilkundlich praktizierte Osteopathie e.V.,Physical Education on the Beach: An Alternative Way to Improve Primary School Children’s Skill- and Health-Related Outcomes during the COVID-19 Pandemic
igk0ncq4,i67zz660,-0.031521577,Mehr Impfschutz für Herzkranke,Avian astroviruses.
563ftqw3,nx4t1ba9,-0.03151739,hpO: Berufsvereinigung für heilkundlich praktizierte Osteopathie e.V.,[Summary].
4wvc62kt,aaj9e3v9,-0.03151662,The Future of Well-Being is Now.,9 vragen over vaccineren
ofz4dywk,92ivie3y,-0.031511653,/ Aktuell /,Our Responsibility to All of Our Patients and Families
563ftqw3,ok0o1wiy,-0.03150423,hpO: Berufsvereinigung für heilkundlich praktizierte Osteopathie e.V.,Comparing learning outcomes among postgraduate year trainee groups
k93ea5mm,fnhqcpru,-0.031502083,"Clinical characteristics, therapeutic management, and prognostic factors of adult COVID-19 inpatients with hematological malignancies.",COVID-19 – (k)eine Zumutung?!
gwhtjvp2,fnhqcpru,-0.031501573,"Children, intersectionality, and COVID-19",COVID-19 – (k)eine Zumutung?!
563ftqw3,t80ugckx,-0.031500574,hpO: Berufsvereinigung für heilkundlich praktizierte Osteopathie e.V.,"Pushed to Their Limits, 1 in 5 Physicians Intends to Leave Practice"
563ftqw3,p90sa9vp,-0.031500272,hpO: Berufsvereinigung für heilkundlich praktizierte Osteopathie e.V.,Trumping science
qvz4p10h,fnhqcpru,-0.03149936,Breaking News: All We Know about COVID-19 Transmission,COVID-19 – (k)eine Zumutung?!
p99kl7xz,jvvzu4aj,-0.03149383,Vrijheid blijheid,Concluding Reflections
fnhqcpru,mncnkf6f,-0.031493448,COVID-19 – (k)eine Zumutung?!,Libraries as Public Health Partners in Times of Crisis
gdqv1q45,6h4dexf6,-0.031492196,Komplexe Gerinnungsstörungen,Lymphangiosarcoma in two cats
563ftqw3,7hlgqmoi,-0.031485595,hpO: Berufsvereinigung für heilkundlich praktizierte Osteopathie e.V.,COVID-19: A psychiatry resident's perspective
l3yvi2jg,zfjzixe6,-0.03147836,"411 Mrd. €, 11,9 %",Cities and communities beyond COVID-19
ye7fqh6a,rxgnrrx8,-0.031470574,Jetzt anmelden!,Differences in race and other state‐level characteristics and associations with mortality from COVID‐19 infection
563ftqw3,7ntdnauy,-0.031469915,hpO: Berufsvereinigung für heilkundlich praktizierte Osteopathie e.V.,COVID-19 criticism: Respect for those who think differently
563ftqw3,qpqal5xx,-0.031463828,hpO: Berufsvereinigung für heilkundlich praktizierte Osteopathie e.V.,A world tour in the name of natural products.
wwie0iem,j0fdsiug,-0.031462114,Allergikern Ängste nehmen,Editorial for Volume 169
563ftqw3,fmqm6taf,-0.031458106,hpO: Berufsvereinigung für heilkundlich praktizierte Osteopathie e.V.,"Advancing Diversity, Equity, and Inclusion in Scientific Publishing"
b1zixcgy,nefqa6qg,-0.031451944,Contents list including Graphcal Abstracts,Thrombosen durch Autoantikörper
563ftqw3,tfinkkit,-0.031449877,hpO: Berufsvereinigung für heilkundlich praktizierte Osteopathie e.V.,What has happened this summer?
563ftqw3,8k2lpzaq,-0.03144908,hpO: Berufsvereinigung für heilkundlich praktizierte Osteopathie e.V.,Staying ahead of viruses: a never ending task
563ftqw3,rvfupal2,-0.031447276,hpO: Berufsvereinigung für heilkundlich praktizierte Osteopathie e.V.,Children′s role in pandemic is still a puzzle
hyjweuze,fnhqcpru,-0.03144239,COVID‐19 and nursing research across five countries/regions: Commonalities and recommendations,COVID-19 – (k)eine Zumutung?!
563ftqw3,gsif1pzb,-0.031441387,hpO: Berufsvereinigung für heilkundlich praktizierte Osteopathie e.V.,Responding to the Public during a Pandemic: Perceptions of ‘Satisfactory’ and ‘Unsatisfactory’ Policing
4xfipd3x,6c81br7m,-0.031439822,Superspreading genomes.,Viele sehen im Hausarzt einen Attest-Automaten
cm345pyo,6c81br7m,-0.031439822,Superspreading genomes,Viele sehen im Hausarzt einen Attest-Automaten
z8pxlsf8,wwie0iem,-0.031438526,Covid 19- An Orthodontists’ perspective,Allergikern Ängste nehmen
ye7fqh6a,dh39bvjx,-0.03142741,Jetzt anmelden!,Experiences of geriatric nurses in nursing home settings across four countries in the face of the COVID-19 pandemic
p6998bg9,igk0ncq4,-0.031427044,Cutaneous small-vessel vasculitis following COVID-19 vaccine,Mehr Impfschutz für Herzkranke
nrhutg08,fnhqcpru,-0.03140668,Update on clinical outcomes of women with COVID-19 during pregnancy,COVID-19 – (k)eine Zumutung?!
jrkt1kvi,fnhqcpru,-0.031404037,Conflict of interest disclosures.,COVID-19 – (k)eine Zumutung?!
563ftqw3,21sxgs2s,-0.031402655,hpO: Berufsvereinigung für heilkundlich praktizierte Osteopathie e.V.,Should we delay covid-19 vaccination in children?
563ftqw3,4ub6obwc,-0.031400736,hpO: Berufsvereinigung für heilkundlich praktizierte Osteopathie e.V.,Lessons Learned From 2020: Don’t Get Complacent
0od013jk,l3yvi2jg,-0.031393502,AMEGO: Exploring the Extreme Multimessenger Universe,"411 Mrd. €, 11,9 %"
wwie0iem,ez2rb97x,-0.031390473,Allergikern Ängste nehmen,Reflections on the role of the analytic setting in the light of COVID‐19
563ftqw3,a5g7or04,-0.031381838,hpO: Berufsvereinigung für heilkundlich praktizierte Osteopathie e.V.,Changing Dynamics with COVID-19: Future Outlook
ye7fqh6a,z9ga2p6i,-0.031378433,Jetzt anmelden!,Concerns and Care for Health Care Colleagues during the COVID-19 Pandemic.
vx8equqs,fnhqcpru,-0.031374875,Providing beds for children,COVID-19 – (k)eine Zumutung?!
563ftqw3,ntsztdo4,-0.03137367,hpO: Berufsvereinigung für heilkundlich praktizierte Osteopathie e.V.,Instrument Measuring the Adaptability of University Students to Online Learning (SOLE) and Its Predicting Factors
2feo9d87,fnhqcpru,-0.031372774,Algae-derived hydrocolloids in foods: applications and health-related issues,COVID-19 – (k)eine Zumutung?!
ye7fqh6a,5b7at0ye,-0.0313647,Jetzt anmelden!,Neurological Manifestations of COVID-19 in Children.
563ftqw3,sooz7k8b,-0.031360216,hpO: Berufsvereinigung für heilkundlich praktizierte Osteopathie e.V.,Covid 19 or not Covid 19. Here is the dilemma. Or not?
uyowcctz,fnhqcpru,-0.03136004,"Addressing the mental health needs of children/adolescents, families, and ourselves during our unprecedented COVID-19 times",COVID-19 – (k)eine Zumutung?!
563ftqw3,2il4jpw1,-0.031352144,hpO: Berufsvereinigung für heilkundlich praktizierte Osteopathie e.V.,Palliative Care: Critical Concepts for the Geropsychiatrist.
563ftqw3,9nmc106l,-0.031340204,hpO: Berufsvereinigung für heilkundlich praktizierte Osteopathie e.V.,Aspects on e-learning during the COVID19 pandemic at the university
ye7fqh6a,38tpgfbn,-0.031334586,Jetzt anmelden!,Vaccination schedules and covid-19 risk
563ftqw3,udus797c,-0.031333447,hpO: Berufsvereinigung für heilkundlich praktizierte Osteopathie e.V.,Making the move to a learning healthcare system: has the pandemic brought us one step closer?
wwie0iem,4rn7vhpk,-0.031326123,Allergikern Ängste nehmen,Biosafety Guidelines for COVID-19 Specimens in Biobanks
ye7fqh6a,sbs7tl30,-0.031322856,Jetzt anmelden!,Tumoricidal activity of human dendritic cells
wwie0iem,m3m99s08,-0.031319037,Allergikern Ängste nehmen,Network video technologies and applications in education and research
563ftqw3,cm1688hs,-0.031313643,hpO: Berufsvereinigung für heilkundlich praktizierte Osteopathie e.V.,"A Novel Illness, a Novel Communications Approach"
563ftqw3,rsaerzdd,-0.031306226,hpO: Berufsvereinigung für heilkundlich praktizierte Osteopathie e.V.,"Now, More Than Ever, Is the Time for Early and Frequent Advance Care Planning."
563ftqw3,ipqy187r,-0.031304713,hpO: Berufsvereinigung für heilkundlich praktizierte Osteopathie e.V.,Experience with forced transition to online learning during the COVID-19 pandemic: Students' cognitive performance and their perceptions of teaching
1odechxl,563ftqw3,-0.031304237,Online Learning and Engagement in the Foundational Sciences During the COVID‐19 Era: Perceptions and Experiences of Graduate Students,hpO: Berufsvereinigung für heilkundlich praktizierte Osteopathie e.V.
563ftqw3,lo8jyuib,-0.03129996,hpO: Berufsvereinigung für heilkundlich praktizierte Osteopathie e.V.,Strengthening the clinical research workforce through a competency-based orientation program: Process outcomes and lessons learned across three academic health institutions
ye7fqh6a,y3hxfpaf,-0.03129859,Jetzt anmelden!,Southeastern United States Predictors of COVID-19 in Nursing Homes
563ftqw3,vt84jpz6,-0.03129765,hpO: Berufsvereinigung für heilkundlich praktizierte Osteopathie e.V.,Growing concern about the risk of`long COVID' in children
ye7fqh6a,27e68fwy,-0.031296883,Jetzt anmelden!,Clinic in the times of COVID19
563ftqw3,4192y11e,-0.03129358,hpO: Berufsvereinigung für heilkundlich praktizierte Osteopathie e.V.,“It makes me feel not so alone”: features of the Choose to Move physical activity intervention that reduce loneliness in older adults
563ftqw3,na1ura6e,-0.03129025,hpO: Berufsvereinigung für heilkundlich praktizierte Osteopathie e.V.,Psychology and politics of COVID-19 misinfodemics: Why and how do people believe in misinfodemics?
wwie0iem,r2itxvyv,-0.031288553,Allergikern Ängste nehmen,"Science, society, and policy in the face of uncertainty: reflections on the debate around face coverings for the public during COVID-19"
wwie0iem,4bs8zlks,-0.031281367,Allergikern Ängste nehmen,"Volume Contents, Author and Subject indices, 2011"
wwie0iem,5wt5gvpw,-0.031277545,Allergikern Ängste nehmen,Hyperparameter Tuning of ConvLSTM Network Models
563ftqw3,ispn8dwm,-0.03127458,hpO: Berufsvereinigung für heilkundlich praktizierte Osteopathie e.V.,Understanding the attitudes and experiences of people living with potentially stigmatised long-term health conditions with respect to collecting and sharing health and lifestyle data
l3yvi2jg,znr2dvvu,-0.031273723,"411 Mrd. €, 11,9 %",The changing landscape of professional development.
igk0ncq4,v7ve09z8,-0.031273026,Mehr Impfschutz für Herzkranke,Quarantine
d6pp8rfv,wwie0iem,-0.031253356,Window on the World,Allergikern Ängste nehmen
wwie0iem,gim73l6n,-0.031242019,Allergikern Ängste nehmen,The value of the impact factor should not be underestimated
9q9w9k24,wwie0iem,-0.031240318,Room of My Own,Allergikern Ängste nehmen
563ftqw3,9jp4drfc,-0.031239646,hpO: Berufsvereinigung für heilkundlich praktizierte Osteopathie e.V.,The Impact of Substance Use Disorder on COVID-19 Outcomes
563ftqw3,p7y5piww,-0.031239415,hpO: Berufsvereinigung für heilkundlich praktizierte Osteopathie e.V.,"Design, Implementation, and Instructor Reflections on Teaching a Face-to-Face Advanced Synthetic Chemistry Laboratory Course during the COVID-19 Pandemic"
563ftqw3,8cm2n3iu,-0.03122327,hpO: Berufsvereinigung für heilkundlich praktizierte Osteopathie e.V.,The Mysteries of 'Pandemic Time'
igk0ncq4,5oy6g7r5,-0.031222137,Mehr Impfschutz für Herzkranke,Football Worlds: business and networks during COVID-19
563ftqw3,6yo5e26z,-0.03121724,hpO: Berufsvereinigung für heilkundlich praktizierte Osteopathie e.V.,Epilepsy in the time of COVID‐19
563ftqw3,np7ts4xi,-0.03121717,hpO: Berufsvereinigung für heilkundlich praktizierte Osteopathie e.V.,COVID-19 Case Management
563ftqw3,zpamn5k0,-0.03120635,hpO: Berufsvereinigung für heilkundlich praktizierte Osteopathie e.V.,Women and children first: the need for ringfencing during the COVID-19 pandemic
l3yvi2jg,g9vxj5mx,-0.03120576,"411 Mrd. €, 11,9 %",Adapting your practice to COVID-19
563ftqw3,7cgcpwv3,-0.03120336,hpO: Berufsvereinigung für heilkundlich praktizierte Osteopathie e.V.,Your legacy is now: Life is not a search for meaning from others -- it’s the creation of meaning for yourself
563ftqw3,ukjiqyt0,-0.031203208,hpO: Berufsvereinigung für heilkundlich praktizierte Osteopathie e.V.,Primary care and COVID-19
563ftqw3,m7rwur25,-0.031195479,hpO: Berufsvereinigung für heilkundlich praktizierte Osteopathie e.V.,[A philosophy of survival in the time of the pandemic]
563ftqw3,z1elimrc,-0.031194743,hpO: Berufsvereinigung für heilkundlich praktizierte Osteopathie e.V.,Working From Home-Or Not
563ftqw3,o3ytpuph,-0.031191269,hpO: Berufsvereinigung für heilkundlich praktizierte Osteopathie e.V.,On the making of crystal balls: Five lessons about simulation modeling and the organization of work
563ftqw3,vwddkte0,-0.031182611,hpO: Berufsvereinigung für heilkundlich praktizierte Osteopathie e.V.,First to React Is the Last to Forgive: Evidence from the Stock Market Impact of COVID 19
ye7fqh6a,khe8a0s0,-0.031179849,Jetzt anmelden!,Biocontrol risks
563ftqw3,mo0c6tyb,-0.031169899,hpO: Berufsvereinigung für heilkundlich praktizierte Osteopathie e.V.,The long-term effect of short point of care ultrasound course on physicians’ daily practice
563ftqw3,mh3r7j1l,-0.03116984,hpO: Berufsvereinigung für heilkundlich praktizierte Osteopathie e.V.,Physicians' Perceptions Of People With Disability And Their Health Care.
563ftqw3,9q9w9k24,-0.031164896,hpO: Berufsvereinigung für heilkundlich praktizierte Osteopathie e.V.,Room of My Own
ye7fqh6a,4mjj1io0,-0.03115858,Jetzt anmelden!,The state of palliative care during COVID-19
563ftqw3,x2q1kxzz,-0.031139001,hpO: Berufsvereinigung für heilkundlich praktizierte Osteopathie e.V.,Preparing students for the future through developing evaluative judgement.
563ftqw3,qh0g5rfh,-0.03113879,hpO: Berufsvereinigung für heilkundlich praktizierte Osteopathie e.V.,Prioritizing Multidimensional Interdependent Factors Influencing COVID‐19 Risk
563ftqw3,qrot4o69,-0.03113716,hpO: Berufsvereinigung für heilkundlich praktizierte Osteopathie e.V.,Profiling the IgOme: Meeting the challenge()
ye7fqh6a,dl01tfe3,-0.031136226,Jetzt anmelden!,The COVID-19 pandemic in rural and remote areas: the view of family and community physicians on primary healthcare
563ftqw3,bl0792du,-0.031133914,hpO: Berufsvereinigung für heilkundlich praktizierte Osteopathie e.V.,Stand for black lives matter
zkc1bufs,wwie0iem,-0.031132022,Social Media for ImpLementing Evidence (SMILE): Conceptual Framework,Allergikern Ängste nehmen
563ftqw3,2qa5bhbq,-0.031125488,hpO: Berufsvereinigung für heilkundlich praktizierte Osteopathie e.V.,Consider emerging law and policy issues on Long COVID and disability
ye7fqh6a,sw66w64t,-0.031108312,Jetzt anmelden!,Bats and COVID-19: villains or victims?
wwie0iem,lvlsdgpd,-0.031081878,Allergikern Ängste nehmen,Comparing Methodologies to Predict Incidence of Covid-19 in Us Counties
wwie0iem,6y5d8xss,-0.031075587,Allergikern Ängste nehmen,Covid-19 controversies and critical research in digital education
563ftqw3,zqsr3lb4,-0.03106894,hpO: Berufsvereinigung für heilkundlich praktizierte Osteopathie e.V.,Ensuring safe practice during the pandemic.
ye7fqh6a,emj1wdac,-0.031067165,Jetzt anmelden!,Cardiac considerations in patients with COVID-19
oujeep1m,wwie0iem,-0.031061234,Library Technology and Its Perceptions at Small Institutions of Higher Education: The COVID-19 Factor,Allergikern Ängste nehmen
ye7fqh6a,5mrzlid9,-0.031043777,Jetzt anmelden!,Risk factors for infection and mortality among hemodialysis patients during COVID-19 pandemic
wwie0iem,tuqanr7g,-0.031043593,Allergikern Ängste nehmen,Formulating Hypotheses for Different Study Designs
563ftqw3,86ncbsig,-0.031042457,hpO: Berufsvereinigung für heilkundlich praktizierte Osteopathie e.V.,Meaningful and deep community engagement efforts for pragmatic research and beyond: engaging with an immigrant/racialised community on equitable access to care
563ftqw3,3rb7q91l,-0.031040946,hpO: Berufsvereinigung für heilkundlich praktizierte Osteopathie e.V.,The limitations of scientific evidence when speaking truth to politics.
563ftqw3,3wve487q,-0.031038536,hpO: Berufsvereinigung für heilkundlich praktizierte Osteopathie e.V.,Potential long term adverse health outcomes of COVID-19
563ftqw3,xbmkdeny,-0.031036168,hpO: Berufsvereinigung für heilkundlich praktizierte Osteopathie e.V.,IoMT (Internet of Medical Things): Reducing Cost While Improving Patient Care
1w677dta,86lynlxn,-0.031033373,Bundesweites Belastungsmodell für Intensivstationen durch COVID-19,Coronaviruses in the Limelight
wwie0iem,ct1sp1an,-0.031026347,Allergikern Ängste nehmen,[Research progress on application of laboratory indicators detection of COVID-19]
563ftqw3,3tvegudq,-0.031013088,hpO: Berufsvereinigung für heilkundlich praktizierte Osteopathie e.V.,The future of the transition to e-learning and distance learning using artificial intelligence
563ftqw3,p8no6rc9,-0.031007431,hpO: Berufsvereinigung für heilkundlich praktizierte Osteopathie e.V.,Basics of virology
563ftqw3,q5qdbwim,-0.031006934,hpO: Berufsvereinigung für heilkundlich praktizierte Osteopathie e.V.,Making Whistleblowers Whole
ye7fqh6a,rhtlyz6t,-0.031006014,Jetzt anmelden!,Adenoviruses of Vertebrate Animals
563ftqw3,6t5xvqit,-0.031006008,hpO: Berufsvereinigung für heilkundlich praktizierte Osteopathie e.V.,Surviving Together by Staying Apart: How Older Adults Experienced the COVID-19 Crisis
563ftqw3,4kn0u4v3,-0.030998776,hpO: Berufsvereinigung für heilkundlich praktizierte Osteopathie e.V.,Psychological ownership interventions increase interest in claiming government benefits
xmb4eywi,tbh2fwk5,-0.03099874,"Strategieentwicklung ""einfach"" machen",Secondary Transmission of COVID-19 in K-12 Schools: Findings From Two States
563ftqw3,i76sejml,-0.030991433,hpO: Berufsvereinigung für heilkundlich praktizierte Osteopathie e.V.,Can team training make surgery safer? Lessons for national implementation of a simulation-based programme.
563ftqw3,3c72m6f2,-0.030989124,hpO: Berufsvereinigung für heilkundlich praktizierte Osteopathie e.V.,"The future of conferences, today: Are virtual conferences a viable supplement to ""live"" conferences?"
563ftqw3,obttbppv,-0.030981183,hpO: Berufsvereinigung für heilkundlich praktizierte Osteopathie e.V.,Frailty: A key concept to improve older person care.
563ftqw3,0mn5b0vv,-0.03096319,hpO: Berufsvereinigung für heilkundlich praktizierte Osteopathie e.V.,Response to Damiani and colleagues
17s81ngc,fnhqcpru,-0.03095589,Gastrointestinal Diseases of Rabbits,COVID-19 – (k)eine Zumutung?!
563ftqw3,fcpq7ahk,-0.03095583,hpO: Berufsvereinigung für heilkundlich praktizierte Osteopathie e.V.,Engaging the palliative care clinical workforce through online learning. A success
6eg44vyf,ye7fqh6a,-0.030953461,Evaluating wildlife markets for pandemic disease risk,Jetzt anmelden!
563ftqw3,qhzv5zl0,-0.03095088,hpO: Berufsvereinigung für heilkundlich praktizierte Osteopathie e.V.,"Adults, but not preschoolers or toddlers integrate situational constraints in their action anticipations: a developmental study on the flexibility of anticipatory gaze"
fnhqcpru,avzgq06l,-0.030947357,COVID-19 – (k)eine Zumutung?!,COVID-19 and obesity: links and risks.
563ftqw3,hbkjlbqk,-0.03094615,hpO: Berufsvereinigung für heilkundlich praktizierte Osteopathie e.V.,Measuring parents’ readiness to vaccinate themselves and their children against COVID-19
563ftqw3,ew9eey7h,-0.03093755,hpO: Berufsvereinigung für heilkundlich praktizierte Osteopathie e.V.,Key Lessons in Adapting Interactive Experiences for a COVID-Safe Museum
4v1g1eyb,563ftqw3,-0.030931642,Basrah experience among 6404 patients with COVID-19,hpO: Berufsvereinigung für heilkundlich praktizierte Osteopathie e.V.
a3f9ht49,fnhqcpru,-0.03092338,COVID-19 Industry Guidance: Automobile Dealerships and Rentals,COVID-19 – (k)eine Zumutung?!
c6okdeq9,l3yvi2jg,-0.030918323,Capturing and promoting the autonomy of capacitous vulnerable adults.,"411 Mrd. €, 11,9 %"
jj609nqm,fnhqcpru,-0.030914,COVID‐19 vaccines and skin manifestations,COVID-19 – (k)eine Zumutung?!
eej8qb9t,nefqa6qg,-0.030910563,Acknowledgement to Referees.,Thrombosen durch Autoantikörper
563ftqw3,iaa06jza,-0.030908486,hpO: Berufsvereinigung für heilkundlich praktizierte Osteopathie e.V.,Redeployment of dental teams during the COVID-19 pandemic: A review of experiences and lessons learned
mf2y8lxw,o49uclco,-0.030901948,SNMMI COVID-19 Task Force Surveys.,Keine zusätzliche Gefahr für Allergiker
gdqv1q45,kv93mes5,-0.030883446,Komplexe Gerinnungsstörungen,From COVID-19 or because COVID-19?
o18c7tig,fnhqcpru,-0.030880641,The importance of psychological supports for COVID-19 patients and families,COVID-19 – (k)eine Zumutung?!
oec37ku5,84yq3oyz,-0.030879771,Akuter und chronischer Husten – gibt es etwas Neues?,COVID-19: No Visitors.
563ftqw3,hffi8p9o,-0.03087689,hpO: Berufsvereinigung für heilkundlich praktizierte Osteopathie e.V.,Specialized nursing terminology for the care of people with COVID-19
563ftqw3,7ionsxfh,-0.030872617,hpO: Berufsvereinigung für heilkundlich praktizierte Osteopathie e.V.,Critical criteria for enhancing consumption intention in restaurants during COVID-19
563ftqw3,seox7naz,-0.030870339,hpO: Berufsvereinigung für heilkundlich praktizierte Osteopathie e.V.,Digital Consumers in the Foodservices Market
563ftqw3,68gygs2r,-0.03087001,hpO: Berufsvereinigung für heilkundlich praktizierte Osteopathie e.V.,"The Professional Case Manager and Social Justice, Inclusion, and Equity: A Time for Reflection and Action."
563ftqw3,q2qivnf8,-0.03086497,hpO: Berufsvereinigung für heilkundlich praktizierte Osteopathie e.V.,"Care, Convenience, Comfort, Confidentiality, and Contagion: The 5 C's that Will Shape the Future of Telemedicine"
10v88wi6,eej8qb9t,-0.030859716,Desinfektionsmittel in der COVID-19-Pandemie: eine Herausforderung,Acknowledgement to Referees.
563ftqw3,3maqs35l,-0.030858645,hpO: Berufsvereinigung für heilkundlich praktizierte Osteopathie e.V.,Including vaccinations in the scope of dental practice: The time has come
wwie0iem,qc064fdx,-0.030858483,Allergikern Ängste nehmen,International Criminology and International Connectivity: Reflections at a Pivotal Juncture
563ftqw3,qn70xo4k,-0.030852854,hpO: Berufsvereinigung für heilkundlich praktizierte Osteopathie e.V.,Using judgement to balance risks
563ftqw3,9m781g32,-0.030845832,hpO: Berufsvereinigung für heilkundlich praktizierte Osteopathie e.V.,Making working from home work: reflections on adapting to change
ye7fqh6a,ijhwzjvc,-0.030835843,Jetzt anmelden!,Individual Differences in Compliance with Covid-19 Containment Measures in V4 Countries
ye7fqh6a,fsl880ul,-0.03083509,Jetzt anmelden!,Covid-19 and Healthcare Workers.
t8vb3vii,xmb4eywi,-0.030834282,Complications in Patients With COVID-19,"Strategieentwicklung ""einfach"" machen"
wwie0iem,yr2o7mzr,-0.030813579,Allergikern Ängste nehmen,The causes and challenges of low interest rates: insights from basic principles and recent literature
563ftqw3,c6shnlet,-0.03081355,hpO: Berufsvereinigung für heilkundlich praktizierte Osteopathie e.V.,Breastfeeding hampered by complacency and commercial interests.
563ftqw3,1x63ssyr,-0.030807652,hpO: Berufsvereinigung für heilkundlich praktizierte Osteopathie e.V.,The Physician on a Board of Directors: Bane or Benefit?
6591nkx1,r4z5v9x3,-0.030807393,Reply to Nagappa and Marimuthu,Inequalities and covid-191
r4z5v9x3,jfrk3o5d,-0.030807393,Inequalities and covid-191,Reply to M Speeckaert and J Delanghe.
r4z5v9x3,sbpd99n0,-0.030807393,Inequalities and covid-191,Reply to I. Nishino and J. Tanboon.
r4z5v9x3,9baisu73,-0.030807393,Inequalities and covid-191,In Reply to Guragai
igk0ncq4,568561m4,-0.030804787,Mehr Impfschutz für Herzkranke,Finding a home for hyoliths.
wwie0iem,lcg5s0d6,-0.030796915,Allergikern Ängste nehmen,Connecting Through the Screen: Remote Learning and Telehealth During the COVID-19 Pandemic
ye7fqh6a,ma8s803j,-0.030796386,Jetzt anmelden!,Community nursing stories during Covid-19
563ftqw3,x92wtyul,-0.030792352,hpO: Berufsvereinigung für heilkundlich praktizierte Osteopathie e.V.,Consumers' choice for fresh food at online shopping in the time of covid19
o49uclco,3smi4cpb,-0.030785758,Keine zusätzliche Gefahr für Allergiker,Distributed manufacturing for and by the masses.
563ftqw3,n00ru7g0,-0.030785123,hpO: Berufsvereinigung für heilkundlich praktizierte Osteopathie e.V.,COVID-19: a catalyst to transform our future?
563ftqw3,8zqpflr2,-0.030780116,hpO: Berufsvereinigung für heilkundlich praktizierte Osteopathie e.V.,Children’s Active School Travel: Examining the Combined Perceived and Objective Built-Environment Factors from Space Syntax
563ftqw3,fa12dn3q,-0.030766562,hpO: Berufsvereinigung für heilkundlich praktizierte Osteopathie e.V.,Pandemic-Inspired Insights: What College Instructors Learned From Teaching When COVID-19 Began
563ftqw3,z5iy2sn4,-0.03076052,hpO: Berufsvereinigung für heilkundlich praktizierte Osteopathie e.V.,The outbreak of COVID-19 as an Overmacht claim in credit agreements
d9ph8jnw,xmb4eywi,-0.030749816,Neonates and COVID-19,"Strategieentwicklung ""einfach"" machen"
563ftqw3,22rbj8ft,-0.030748729,hpO: Berufsvereinigung für heilkundlich praktizierte Osteopathie e.V.,Lessons Learned from the COVID-19 pandemic exposing the shortcomings of current supply chain operations: A long-term prescriptive offering
563ftqw3,2ieuu4cl,-0.030745072,hpO: Berufsvereinigung für heilkundlich praktizierte Osteopathie e.V.,What's Coming in Future Issues
wwie0iem,rda1k0hv,-0.030744221,Allergikern Ängste nehmen,"Study on the Efficiency of Data Collection, Organization and Feedback Methods for Triathlon Races"
563ftqw3,mp4u0mfg,-0.030739624,hpO: Berufsvereinigung für heilkundlich praktizierte Osteopathie e.V.,Funding quandary.
563ftqw3,nn0brcrp,-0.030737389,hpO: Berufsvereinigung für heilkundlich praktizierte Osteopathie e.V.,How useful is the Making Every Contact Count Healthy Conversation Skills approach for supporting people with musculoskeletal conditions?
563ftqw3,ni3fvwk9,-0.03073631,hpO: Berufsvereinigung für heilkundlich praktizierte Osteopathie e.V.,Digging into Primary Financial Market: Challenges and Opportunities of Adopting Blockchain
563ftqw3,3ob1eday,-0.030735608,hpO: Berufsvereinigung für heilkundlich praktizierte Osteopathie e.V.,Practical science at home in a pandemic world
563ftqw3,pnj7q5xo,-0.030735223,hpO: Berufsvereinigung für heilkundlich praktizierte Osteopathie e.V.,Academic student satisfaction and perceived performance in the e-learning environment during the COVID-19 pandemic: Evidence across ten countries
563ftqw3,zy5ss68h,-0.030735148,hpO: Berufsvereinigung für heilkundlich praktizierte Osteopathie e.V.,Changed priorities ahead: Journalists’ shifting role perceptions when covering public health crises
563ftqw3,qgm3wu6o,-0.03073174,hpO: Berufsvereinigung für heilkundlich praktizierte Osteopathie e.V.,Beyond the naming: Institutional racism in nursing
563ftqw3,186gjale,-0.030728059,hpO: Berufsvereinigung für heilkundlich praktizierte Osteopathie e.V.,Analysis on the Actions of a Continuous Distance Training Session for Teachers and its Impact on Their Actual Practices
563ftqw3,cqghp7sc,-0.030717686,hpO: Berufsvereinigung für heilkundlich praktizierte Osteopathie e.V.,"Vaccination against COVID 19: One world, one health."
563ftqw3,s07aorzi,-0.030715236,hpO: Berufsvereinigung für heilkundlich praktizierte Osteopathie e.V.,Surgery beyond COVID‐19
563ftqw3,ipc5d0y7,-0.030712038,hpO: Berufsvereinigung für heilkundlich praktizierte Osteopathie e.V.,Using simulation exercises to improve student skills and patient safety
mmmhapd0,fnhqcpru,-0.030708121,Outcomes of level 1 Covid-19 inpatients at six months,COVID-19 – (k)eine Zumutung?!
563ftqw3,gi12p2qh,-0.030705284,hpO: Berufsvereinigung für heilkundlich praktizierte Osteopathie e.V.,Rethinking the role of senior medical students in the COVID-19 response
563ftqw3,xr9h4c1q,-0.030704886,hpO: Berufsvereinigung für heilkundlich praktizierte Osteopathie e.V.,Million women study most wanted in 2003
563ftqw3,l6c9hxjm,-0.030697426,hpO: Berufsvereinigung für heilkundlich praktizierte Osteopathie e.V.,Classroom Management Strategies to Improve Learning Experiences for Online Courses
563ftqw3,w1ho3xea,-0.03069275,hpO: Berufsvereinigung für heilkundlich praktizierte Osteopathie e.V.,Computer Education in the Age of COVID-19
563ftqw3,l34mj35u,-0.030691149,hpO: Berufsvereinigung für heilkundlich praktizierte Osteopathie e.V.,Pivoting with the Pandemic: Challenges and Successes of Child Psychiatry Access Programs Nationwide
ye7fqh6a,83q0j4sy,-0.030682499,Jetzt anmelden!,Histopathologic Findings in the Placentas of Pregnant Women With COVID-19
ye7fqh6a,25lfv90h,-0.03068238,Jetzt anmelden!,Annals for Hospitalists - May 2021
ye7fqh6a,lllb2o7g,-0.03068238,Jetzt anmelden!,Annals for Hospitalists - May 2021.
563ftqw3,psqm3ref,-0.030674295,hpO: Berufsvereinigung für heilkundlich praktizierte Osteopathie e.V.,Association rules on the COVID-19 variants of concern to guide choices of tourism destinations
9ivzjp4g,fnhqcpru,-0.030669691,Demographic and Laboratory Findings of Symptomatic and Asymptomatic COVID-19 in Children,COVID-19 – (k)eine Zumutung?!
563ftqw3,nc6ppztl,-0.03066404,hpO: Berufsvereinigung für heilkundlich praktizierte Osteopathie e.V.,Barriers and facilitators of use of analytics for strategic health and care decision-making: a qualitative study of senior health and care leaders’ perspectives
563ftqw3,8dn83vro,-0.030659843,hpO: Berufsvereinigung für heilkundlich praktizierte Osteopathie e.V.,Expanding the Reach of Research Computing: A Landscape Study
563ftqw3,8n4cnfiw,-0.030658871,hpO: Berufsvereinigung für heilkundlich praktizierte Osteopathie e.V.,What We Learned about COVID-19 So Far? Notes from Underground
xmb4eywi,wm0fn77m,-0.030658439,"Strategieentwicklung ""einfach"" machen",News about COVID-19
563ftqw3,9827v6f8,-0.030655589,hpO: Berufsvereinigung für heilkundlich praktizierte Osteopathie e.V.,Implementing a Review Process to Facilitate and Prioritize COVID-19 Research: Staying One Step Ahead of the Pandemic.
l3yvi2jg,z2emidbf,-0.030647006,"411 Mrd. €, 11,9 %",Customers’ psychological ownership toward the third place
563ftqw3,238ciodb,-0.030646563,hpO: Berufsvereinigung für heilkundlich praktizierte Osteopathie e.V.,Long-Term Care Policy after Covid-19 - Solving the Nursing Home Crisis
563ftqw3,2kba64no,-0.030646563,hpO: Berufsvereinigung für heilkundlich praktizierte Osteopathie e.V.,Long-Term Care Policy after Covid-19 — Solving the Nursing Home Crisis
wwie0iem,7j5c2uiu,-0.030645251,Allergikern Ängste nehmen,Contemporary Neuroscience Core Curriculum for Medical Schools.
wwie0iem,zbmt5mym,-0.030643571,Allergikern Ängste nehmen,Approximating deformation fields for the analysis of continuous heterogeneity of biological macromolecules by 3D Zernike polynomials.
563ftqw3,xdnsjcsj,-0.03063275,hpO: Berufsvereinigung für heilkundlich praktizierte Osteopathie e.V.,Does Medical School Geography and Ranking Influence Residency Match in Otolaryngology?
563ftqw3,d2yfyjf9,-0.03063162,hpO: Berufsvereinigung für heilkundlich praktizierte Osteopathie e.V.,COVID-19 pandemic spread across geographical and social borders: Can we face it?
563ftqw3,xwp63k5a,-0.03063057,hpO: Berufsvereinigung für heilkundlich praktizierte Osteopathie e.V.,Contemplating distress factors among college students
uuc696oz,fnhqcpru,-0.030626303,Representing teachers' voices: An ethnodrama of Mauritian teachers under times of curriculum reform,COVID-19 – (k)eine Zumutung?!
ye7fqh6a,yy6alnaq,-0.030615848,Jetzt anmelden!,Rural veterinarian's perception and practices in terms of biosecurity across three European countries.
wwie0iem,zdvhqyha,-0.030613324,Allergikern Ängste nehmen,Circular Economy Business Models: a Repertoire of Theoretical Relationships and a Research Agenda
wwie0iem,y0c7h2wr,-0.030613143,Allergikern Ängste nehmen,Disparities among smokers during the COVID-19 pandemic: Examination of COVID-19-related worries by sociodemographic factors in a U.S. Nationally representative survey
563ftqw3,c4do8ps6,-0.030612737,hpO: Berufsvereinigung für heilkundlich praktizierte Osteopathie e.V.,Challenges and Dilemmas for Dental Undergraduate Teaching with the Advent of COVID-19
ja687t28,xmb4eywi,-0.030606944,Eight hospitalized patients with COVID-19,"Strategieentwicklung ""einfach"" machen"
563ftqw3,sfu861l9,-0.030599972,hpO: Berufsvereinigung für heilkundlich praktizierte Osteopathie e.V.,Exploring Readiness for Birth Control in Improving Women Health Status: Factors Influencing the Adoption of Modern Contraceptives Methods for Family Planning Practices
563ftqw3,4ko1ynk7,-0.030599616,hpO: Berufsvereinigung für heilkundlich praktizierte Osteopathie e.V.,Primiparous women's knowledge and satisfaction based on their attendance at childbirth preparation classes
563ftqw3,v7ygeujk,-0.03059463,hpO: Berufsvereinigung für heilkundlich praktizierte Osteopathie e.V.,Years of life lost estimates cannot always be taken at face value: Response to “COVID-19 – exploring the implications of long-term condition type and extent of multimorbidity on years of life lost: a modelling study”
wwie0iem,ndlbvu47,-0.030592296,Allergikern Ängste nehmen,Chapter 12 - Case studies on COVID-19 and environment
ed18ebg0,c7pycoi6,-0.03058968,COVID-19 - you can't stop the beat!,Gesellschaft für Toxikologische Pathologie
ed18ebg0,118w4k85,-0.03058968,COVID-19 - you can't stop the beat!,Österreichische Kardiologische Gesellschaft Jahrestagung 2020
vz62tw9n,fnhqcpru,-0.030569475,Safety and efficacy of COVID-19 vaccines in people with neurological disorders,COVID-19 – (k)eine Zumutung?!
wwie0iem,bmmp5a2j,-0.030566217,Allergikern Ängste nehmen,Recent Developments in NAFLD
l3yvi2jg,5ygrwyr2,-0.03056581,"411 Mrd. €, 11,9 %",Electrification on the Rise
wwie0iem,ggyoq1ds,-0.03056306,Allergikern Ängste nehmen,Critical review of the Threats affecting the building of Critical Infrastructure Resilience
p0qj74cg,gdqv1q45,-0.030561429,"Gearing up, again",Komplexe Gerinnungsstörungen
wwie0iem,krfg15o9,-0.030555297,Allergikern Ängste nehmen,Comment on “Poorly known aspects of flattening the curve of COVID-19”
y1re2n97,e66s7chx,-0.030549595,Business,In Bewegung bleiben
563ftqw3,g5jd0rmr,-0.030540466,hpO: Berufsvereinigung für heilkundlich praktizierte Osteopathie e.V.,"Face masks in the covid-19 crisis: caveats, limits, and priorities"
563ftqw3,skotz233,-0.030534273,hpO: Berufsvereinigung für heilkundlich praktizierte Osteopathie e.V.,Season's greetings!
wwie0iem,ug7kqjrx,-0.030532466,Allergikern Ängste nehmen,Gender Difference in Perceived Symptoms and Laboratory Investigations in Suspected and Confirmed COVID-19 Cases: A Retrospective Study
563ftqw3,1e9sghv3,-0.030531693,hpO: Berufsvereinigung für heilkundlich praktizierte Osteopathie e.V.,Covid-19: What we have learnt from behavioural science during the pandemic so far that can help prepare us for the future
wwie0iem,fynzmq2l,-0.030528948,Allergikern Ängste nehmen,Abatement figures confirmed
563ftqw3,dsho3va5,-0.030516539,hpO: Berufsvereinigung für heilkundlich praktizierte Osteopathie e.V.,Home Care as a safe alternative during the COVID-19 crisis
wwie0iem,6oiouea6,-0.030515358,Allergikern Ängste nehmen,Invariance of the Trait Emotional Intelligence Construct Across Clinical Populations and Sociodemographic Variables
563ftqw3,dfyqnlf4,-0.030510617,hpO: Berufsvereinigung für heilkundlich praktizierte Osteopathie e.V.,Assessing Trainees and Making Entrustment Decisions: On the Nature and Use of Entrustment-Supervision Scales.
wwie0iem,7xir56y9,-0.030509548,Allergikern Ängste nehmen,Considering network interventions
ye7fqh6a,ha4624g4,-0.030505529,Jetzt anmelden!,Challenges of COVID-19
ye7fqh6a,goh00tgz,-0.030503005,Jetzt anmelden!,Infectious diseases after medical conventions
563ftqw3,cxdpztf2,-0.030502025,hpO: Berufsvereinigung für heilkundlich praktizierte Osteopathie e.V.,Breaking Social Isolation Amidst COVID-19: A Viewpoint on Improving Access to Technology in Long-Term Care Facilities
563ftqw3,vo4f1adw,-0.030499212,hpO: Berufsvereinigung für heilkundlich praktizierte Osteopathie e.V.,"COVID-19 Surveillance: Not Everything That Counts Can be Counted, and not Everything That Can be Counted Countsa"
563ftqw3,aagv8ltz,-0.03049201,hpO: Berufsvereinigung für heilkundlich praktizierte Osteopathie e.V.,Games of Truth in the Age of Transparency: International Organisations and the Construction of Corruption
563ftqw3,sbss1kc0,-0.030489719,hpO: Berufsvereinigung für heilkundlich praktizierte Osteopathie e.V.,How do People Judge Risk? Availability may Upstage Affect in the Construction of Risk Judgments.
563ftqw3,mwvkf88f,-0.030475141,hpO: Berufsvereinigung für heilkundlich praktizierte Osteopathie e.V.,Actions for consideration in the care and protection of vulnerable population groups for COVID-19
563ftqw3,brr2x5b9,-0.030471068,hpO: Berufsvereinigung für heilkundlich praktizierte Osteopathie e.V.,Defaulting on Covid debt
d6uvq34u,xmb4eywi,-0.03046418,To Study the Clinical Profile of Thromboembolic Events in Covid 19 Patients.,"Strategieentwicklung ""einfach"" machen"
31f3s2qo,l3yvi2jg,-0.030462958,Devastatingly beautiful,"411 Mrd. €, 11,9 %"
563ftqw3,r4g6851y,-0.030459385,hpO: Berufsvereinigung für heilkundlich praktizierte Osteopathie e.V.,"Lessons learned from COVID-19 vaccination in Indonesia: experiences, challenges, and opportunities."
563ftqw3,o90b0urf,-0.030450195,hpO: Berufsvereinigung für heilkundlich praktizierte Osteopathie e.V.,"Threshold, budget and deadline: beyond the discourse of climate scarcity and control"
563ftqw3,h20oaomg,-0.030448638,hpO: Berufsvereinigung für heilkundlich praktizierte Osteopathie e.V.,Effect of the COVID-19 Pandemic on College Students With Disabilities.
563ftqw3,gby074ts,-0.030447645,hpO: Berufsvereinigung für heilkundlich praktizierte Osteopathie e.V.,"Comparative Reflections on COVID-19 Responses: Drafting, Powers, and Interpretation"
igk0ncq4,zr7zi0pd,-0.030439498,Mehr Impfschutz für Herzkranke,Diabetes and pregnancy.
563ftqw3,aa4730si,-0.030430282,hpO: Berufsvereinigung für heilkundlich praktizierte Osteopathie e.V.,Not Now: Negotiating Research Access during Phases of Crisis
563ftqw3,joqcqhkk,-0.030424705,hpO: Berufsvereinigung für heilkundlich praktizierte Osteopathie e.V.,1653 How Do Trainees Prepare for Operating and Improve Theatre Learning Experiences?
ye7fqh6a,prp5az2x,-0.030417858,Jetzt anmelden!,"COVID-19 by numbers - infections, cases and deaths"
563ftqw3,njiexh65,-0.030415155,hpO: Berufsvereinigung für heilkundlich praktizierte Osteopathie e.V.,Professor–Student Interaction in the Midst of Illness: A Collaborative Autoethnography
wwie0iem,7pe1lu4s,-0.03040856,Allergikern Ängste nehmen,Reporting of Race and Ethnicity in Medical and Scientific Journals.
563ftqw3,rkiff550,-0.030398032,hpO: Berufsvereinigung für heilkundlich praktizierte Osteopathie e.V.,Stay-at-Home Orders and the Common Good.
563ftqw3,khwy9l14,-0.03039504,hpO: Berufsvereinigung für heilkundlich praktizierte Osteopathie e.V.,"COVID-19 vaccines: implementation, limitations and opportunities"
563ftqw3,r08ekc4b,-0.03039504,hpO: Berufsvereinigung für heilkundlich praktizierte Osteopathie e.V.,"COVID-19 vaccines: implementation, limitations and opportunities."
jgnvylhl,igk0ncq4,-0.030392013,The Biodefense Field,Mehr Impfschutz für Herzkranke
i6n1s6pq,ay8jaye7,-0.030386198,Erst einmal durchatmen!,Biobanking for COVID-19 research
563ftqw3,f9ignr01,-0.03038211,hpO: Berufsvereinigung für heilkundlich praktizierte Osteopathie e.V.,The burgeoning COVID-19 literature.
563ftqw3,orupuohu,-0.030381091,hpO: Berufsvereinigung für heilkundlich praktizierte Osteopathie e.V.,Pregnant women's perceptions of risks and benefits when considering participation in vaccine trials
563ftqw3,bztur9uo,-0.030380288,hpO: Berufsvereinigung für heilkundlich praktizierte Osteopathie e.V.,Upcoming Events.
ye7fqh6a,zm07e5a2,-0.030375129,Jetzt anmelden!,Management of Breeding in Small Poultry Production Units
ye7fqh6a,5bkzm0o8,-0.030364145,Jetzt anmelden!,COVID-19 Concerns Among Persons With Mental Illness.
wwie0iem,9tq5we2u,-0.030363386,Allergikern Ängste nehmen,PriMock57: A Dataset Of Primary Care Mock Consultations
ye7fqh6a,tu40a7sf,-0.030363172,Jetzt anmelden!,Defense Agents in Milk: A. Defense Agents in Human Milk
igk0ncq4,krjz5upg,-0.030362854,Mehr Impfschutz für Herzkranke,"World Union of Wound Healing Societies Meeting, 2020"
wwie0iem,34kdjmdk,-0.030362338,Allergikern Ängste nehmen,Bodies of Proof: COVID-19 and Unwitnessed Remote Work: TCQ
jj8i9arj,fnhqcpru,-0.03035435,Education in Online Environment from Students' and Teachers' Perspective,COVID-19 – (k)eine Zumutung?!
l3yvi2jg,a7qdleam,-0.030345876,"411 Mrd. €, 11,9 %",Deep Learning on Edge TPUs
wwie0iem,gw3e8jk2,-0.030345676,Allergikern Ängste nehmen,"Contents of veterinary microbiol, volume 48"
563ftqw3,n4elf7of,-0.030342663,hpO: Berufsvereinigung für heilkundlich praktizierte Osteopathie e.V.,Helping protect your practice against COVID-19
563ftqw3,9hqhiqne,-0.030330539,hpO: Berufsvereinigung für heilkundlich praktizierte Osteopathie e.V.,Year in Review
563ftqw3,dxm1d6so,-0.03032578,hpO: Berufsvereinigung für heilkundlich praktizierte Osteopathie e.V.,Neurology in the time of covid-19.
563ftqw3,0w5nssij,-0.030312026,hpO: Berufsvereinigung für heilkundlich praktizierte Osteopathie e.V.,Supporting Scientific Communication Skills with Multiple Representations: Learning Physics in the Covid-19 Pandemic
563ftqw3,l6j8obkc,-0.030303447,hpO: Berufsvereinigung für heilkundlich praktizierte Osteopathie e.V.,Engaging readers across participants: A cross-interactant analysis of metadiscourse in letters of advice during the COVID-19 pandemic
l3yvi2jg,vpflu6vi,-0.030297909,"411 Mrd. €, 11,9 %",Lack of respect and balance
563ftqw3,4hcnok4j,-0.030289251,hpO: Berufsvereinigung für heilkundlich praktizierte Osteopathie e.V.,Ethical considerations for evidence generation involving children on the COVID-19 pandemic
563ftqw3,pb6ngpcs,-0.030287476,hpO: Berufsvereinigung für heilkundlich praktizierte Osteopathie e.V.,Interpretation of Illness and Covid-19
ye7fqh6a,uci2cb47,-0.030287102,Jetzt anmelden!,Clinical decision-making approaches by health caregivers of patients with COVID-19
g0x7kb9f,3uaf2tle,-0.030280937,Scenes From Masked and Anonymousi,COVID-19 and FIP
563ftqw3,sogf6ikv,-0.030271146,hpO: Berufsvereinigung für heilkundlich praktizierte Osteopathie e.V.,"Survey Findings About the Experiences, Challenges, and Practical Advice/Solutions Regarding Teleneuropsychological Assessment in Adults"
budg3cw8,vzsmjjwo,-0.030266516,Wensen en ambities,Covid-19 - A Reminder to Reason
563ftqw3,7gyymisx,-0.030260457,hpO: Berufsvereinigung für heilkundlich praktizierte Osteopathie e.V.,Factors influencing US speech and language therapists' use of technology for clinical practice.
mrfoo8a0,fnhqcpru,-0.030252503,Monitoring clinical trials in infectious diseases,COVID-19 – (k)eine Zumutung?!
ye7fqh6a,yq4rf5ad,-0.03024999,Jetzt anmelden!,Economies of scope in artists’ incubator projects
563ftqw3,oe1rb7qz,-0.030246299,hpO: Berufsvereinigung für heilkundlich praktizierte Osteopathie e.V.,Announcing the 2020 Journal of Experimental Biology Outstanding Paper Prize shortlist and winner.
k88q5135,moeb0enb,-0.030245872,Endlich wieder: Austausch von Angesicht zu Angesicht,Curriculum Internistische Intensivmedizin
563ftqw3,8id4t8j6,-0.030244892,hpO: Berufsvereinigung für heilkundlich praktizierte Osteopathie e.V.,COVID-19 and the Future of Adult Education: An Editorial
563ftqw3,vwyeu7w5,-0.030243898,hpO: Berufsvereinigung für heilkundlich praktizierte Osteopathie e.V.,Ascension.
ye7fqh6a,nq3tt0kc,-0.030241039,Jetzt anmelden!,Critical success factors in the management of petrochemical construction projects for contractors and subcontractors during the COVID-19 pandemic
563ftqw3,k6v47ecn,-0.030237442,hpO: Berufsvereinigung für heilkundlich praktizierte Osteopathie e.V.,Consensually nonmonogamous parent relationships during COVID-19
563ftqw3,wvmlkhng,-0.030232644,hpO: Berufsvereinigung für heilkundlich praktizierte Osteopathie e.V.,Refined assessment technique in engineering education based on response from stake-holders
l3yvi2jg,gk2398zz,-0.03023097,"411 Mrd. €, 11,9 %",A First Set of Conclusions
5f4hk1vs,l3yvi2jg,-0.030222038,Expanding horizons of biosciences by light-control,"411 Mrd. €, 11,9 %"
ye7fqh6a,ufnxjeo1,-0.030218786,Jetzt anmelden!,Parents’ Intentions to Vaccinate Their Children Against COVID-19
563ftqw3,wskb9wly,-0.030217584,hpO: Berufsvereinigung für heilkundlich praktizierte Osteopathie e.V.,Effect of the COVID-19 pandemic on residents' training experiences
563ftqw3,acyc9txf,-0.03020901,hpO: Berufsvereinigung für heilkundlich praktizierte Osteopathie e.V.,Course Scheduling Under Sudden Scarcity: Applications to Pandemic Planning
1w677dta,zf1mng24,-0.030203542,Bundesweites Belastungsmodell für Intensivstationen durch COVID-19,COVID-19 in special populations
563ftqw3,tii3muol,-0.03019873,hpO: Berufsvereinigung für heilkundlich praktizierte Osteopathie e.V.,Effective Veterinary Clinical Teaching in a Variety of Teaching Settings
23q36tvx,igk0ncq4,-0.030198589,Public health: Life lessons,Mehr Impfschutz für Herzkranke
taylx8ax,uocadc35,-0.030194025,ESICM LIVES 2020,Gedanken zur Differentialdiagnostik*
563ftqw3,40biryhe,-0.030193321,hpO: Berufsvereinigung für heilkundlich praktizierte Osteopathie e.V.,Benefits and challenges of social networking during COVID-19: Personal perspective
t8tluox8,ye7fqh6a,-0.030193144,Hospital-Acquired COVID-19 among Patients of Two Acute-Care Hospitals: Implications for Surveillance,Jetzt anmelden!
563ftqw3,frav4go5,-0.030188276,hpO: Berufsvereinigung für heilkundlich praktizierte Osteopathie e.V.,Agility: an essential element of leadership for an evolving educational landscape
563ftqw3,5gtp5cm9,-0.030183788,hpO: Berufsvereinigung für heilkundlich praktizierte Osteopathie e.V.,Physical education student teachers’ wellbeing during Covid-19: Resilience resources and challenges from school placement
l3yvi2jg,fxysc48g,-0.030175462,"411 Mrd. €, 11,9 %",Financing the Sustainable Development Goals
3yesshxm,fnhqcpru,-0.030172791,The viruses.,COVID-19 – (k)eine Zumutung?!
563ftqw3,6r0pb9bv,-0.03015784,hpO: Berufsvereinigung für heilkundlich praktizierte Osteopathie e.V.,The cedaw committee: Global leader in tackling violence against women and girls
wwie0iem,sqqwltxo,-0.030157367,Allergikern Ängste nehmen,Retrospective analysis of clinical characteristics and laboratory results of COVID-19 patients
563ftqw3,8vokhnli,-0.030149225,hpO: Berufsvereinigung für heilkundlich praktizierte Osteopathie e.V.,Categorisation and Minoritisation
563ftqw3,mba5bg3g,-0.030148238,hpO: Berufsvereinigung für heilkundlich praktizierte Osteopathie e.V.,Guidance for ensuring fair and ethical broad consent for future use. A scoping review protocol.
ye7fqh6a,li7hshs7,-0.030147094,Jetzt anmelden!,Psychological Factors as Determinants of Chronic Conditions: Clinical and Psychodynamic Advances
563ftqw3,3bp0m00g,-0.030135974,hpO: Berufsvereinigung für heilkundlich praktizierte Osteopathie e.V.,Frailty and Seasonality
563ftqw3,hfts4gsk,-0.030131934,hpO: Berufsvereinigung für heilkundlich praktizierte Osteopathie e.V.,Valuing Heritage
563ftqw3,1vtxvnt1,-0.030128697,hpO: Berufsvereinigung für heilkundlich praktizierte Osteopathie e.V.,Perioperative considerations for COVID-19 patients: lessons learned from the pandemic -a case series-
taylx8ax,mav7o21s,-0.03012125,ESICM LIVES 2020,"Was ist denn „Molekularbiologie“, bitteschön?"
0tj4819d,xmb4eywi,-0.030118156,"Masks, humidity . . . and other stories","Strategieentwicklung ""einfach"" machen"
ye7fqh6a,jbuy5jjw,-0.030117545,Jetzt anmelden!,On mothering and being mothered: a personal reflection on women's productivity during Covid‐19
563ftqw3,1im8jwtu,-0.030117368,hpO: Berufsvereinigung für heilkundlich praktizierte Osteopathie e.V.,Blended and flipped learning: Entrepreneurial teaching strategies for acquiring creative thinking skills
7j92yzcn,xmb4eywi,-0.030115528,COVID-19: Clinical Trials and Potential Therapeutic Agents - A Narrative Review,"Strategieentwicklung ""einfach"" machen"
563ftqw3,5u25ziyh,-0.030104617,hpO: Berufsvereinigung für heilkundlich praktizierte Osteopathie e.V.,The fate of major dermatology conferences and meetings of 2020; Are e-conferences and digital learning the future?
563ftqw3,5xyxemy3,-0.030101493,hpO: Berufsvereinigung für heilkundlich praktizierte Osteopathie e.V.,Electronic health record: what do you expect from them?
563ftqw3,kmi3m0sr,-0.03009412,hpO: Berufsvereinigung für heilkundlich praktizierte Osteopathie e.V.,Confronting Challenges in the US Health Care System: Potential Opportunity in a Time of Crisis.
563ftqw3,rpcwcmnf,-0.030092336,hpO: Berufsvereinigung für heilkundlich praktizierte Osteopathie e.V.,A Semester without Exams: Approaches in a Small and Large Course
563ftqw3,3yqwagq7,-0.030090243,hpO: Berufsvereinigung für heilkundlich praktizierte Osteopathie e.V.,Health Care Professionals' Perceptions of the Role of the Clinical Pharmacist and Expanded Pharmacist Coverage in Critical Care.
563ftqw3,aincedkj,-0.03007406,hpO: Berufsvereinigung für heilkundlich praktizierte Osteopathie e.V.,Attitudes and beliefs about how chefs can promote nutrition and sustainable food systems among students at a US culinary school
563ftqw3,kzqvdnuf,-0.030067133,hpO: Berufsvereinigung für heilkundlich praktizierte Osteopathie e.V.,Exploring jump back behavior patterns and reasons in e-book system
563ftqw3,4oriyt9d,-0.030059619,hpO: Berufsvereinigung für heilkundlich praktizierte Osteopathie e.V.,Hiding in plain sight
563ftqw3,6kjfq8gn,-0.030059183,hpO: Berufsvereinigung für heilkundlich praktizierte Osteopathie e.V.,A Provable and Secure Patient Electronic Health Record Fair Exchange Scheme for Health Information Systems
563ftqw3,wmp5jvpl,-0.030057305,hpO: Berufsvereinigung für heilkundlich praktizierte Osteopathie e.V.,Beyond linear order: The role of argument structure in speaking
563ftqw3,3narbrwz,-0.030048324,hpO: Berufsvereinigung für heilkundlich praktizierte Osteopathie e.V.,A brief review on pregnancy risk reasoned to COVID-19
563ftqw3,8yd8zrow,-0.030048184,hpO: Berufsvereinigung für heilkundlich praktizierte Osteopathie e.V.,COVID‐19 in healthy children: What is the effect of household contact?
563ftqw3,5zrhgzta,-0.03004242,hpO: Berufsvereinigung für heilkundlich praktizierte Osteopathie e.V.,Challenges Faced By Teachers And Students Towards Quality Assurance Of Education Amidst COVID-19 Pandemic
563ftqw3,3y49ob5q,-0.030041097,hpO: Berufsvereinigung für heilkundlich praktizierte Osteopathie e.V.,"Reproducibility as a Mechanism for Teaching Fairness, Accountability, Confidentiality, and Transparency in Artificial Intelligence"
563ftqw3,7nz56hg4,-0.030038523,hpO: Berufsvereinigung für heilkundlich praktizierte Osteopathie e.V.,Seven Educational Affordances of Virtual Classrooms
563ftqw3,8005tw0g,-0.030037984,hpO: Berufsvereinigung für heilkundlich praktizierte Osteopathie e.V.,COVID‐19 AND PRIMARY IMMUNODEFICIENCY: ONE‐YEAR EXPERIENCE
563ftqw3,9470cntd,-0.030029252,hpO: Berufsvereinigung für heilkundlich praktizierte Osteopathie e.V.,Role of Pharmacists in Responding to Humanitarian Crisis
563ftqw3,lgb0qjbj,-0.030028068,hpO: Berufsvereinigung für heilkundlich praktizierte Osteopathie e.V.,A Voice from the frontline: the role of risk communication in managing the COVID-19 Infodemic and engaging communities in pandemic response
563ftqw3,85b67wij,-0.030023012,hpO: Berufsvereinigung für heilkundlich praktizierte Osteopathie e.V.,Nursing care provided to people with covid-19: challenges in the performance of the cofen/corens system
563ftqw3,mol5jkgm,-0.03002189,hpO: Berufsvereinigung für heilkundlich praktizierte Osteopathie e.V.,Reply to: “Lessons from the impact of COVID-19 on medical educational continuity and practices”
563ftqw3,wc9yocqk,-0.030021315,hpO: Berufsvereinigung für heilkundlich praktizierte Osteopathie e.V.,Ethical Implications for Mentoring and the Discipline of Nursing
563ftqw3,6how4emi,-0.030015592,hpO: Berufsvereinigung für heilkundlich praktizierte Osteopathie e.V.,Skincare experts offer advice for those wearing face masks for long periods
563ftqw3,tj4xcows,-0.030011753,hpO: Berufsvereinigung für heilkundlich praktizierte Osteopathie e.V.,The Impact of E-Book Reading on Young Children's Emergent Literacy Skills: An Analytical Review
ye7fqh6a,wnesrpmm,-0.030011509,Jetzt anmelden!,[Clinical outcomes of COVID-19 cases and influencing factors in Guangdong province]
ye7fqh6a,xime83oq,-0.030006416,Jetzt anmelden!,[Women as Leaders: Chances and Risks of the COVID-19 Pandemic]
563ftqw3,hhc34ptk,-0.029988792,hpO: Berufsvereinigung für heilkundlich praktizierte Osteopathie e.V.,Prioritizing teaching-learning for psychiatry postgraduates during a pandemic
563ftqw3,97xq3rwi,-0.029987996,hpO: Berufsvereinigung für heilkundlich praktizierte Osteopathie e.V.,“What if…it never ends?”: Examining challenges in primary teachers' experience during the wholly online teaching
563ftqw3,4u5574y8,-0.029987438,hpO: Berufsvereinigung für heilkundlich praktizierte Osteopathie e.V.,Robot-assisted stereoelectroencephalography in young children: technical challenges and considerations
563ftqw3,v3o30vn9,-0.02998498,hpO: Berufsvereinigung für heilkundlich praktizierte Osteopathie e.V.,Parental Perceptions and Decisions Regarding Maintaining Bilingualism in Autism
563ftqw3,jumz0ohh,-0.02998148,hpO: Berufsvereinigung für heilkundlich praktizierte Osteopathie e.V.,The Impact of the First Wave of Covid 19 on Orthopaedic Surgeries in a Tertiary Care Teaching Hospital
wwie0iem,3quxhorv,-0.029981147,Allergikern Ängste nehmen,Worksite tobacco control – a qualitative study on perspectives from employers and employees at small worksites
wwie0iem,54hydx0e,-0.029974742,Allergikern Ängste nehmen,The COVID‐19 pandemic: Key considerations for the epidemic and its control
563ftqw3,klxr3qxp,-0.029972766,hpO: Berufsvereinigung für heilkundlich praktizierte Osteopathie e.V.,Education Abroad and College Completion
ck6clsty,ozyazewv,-0.029966958,Chemical threats.,Zertifizierungen von EndoCert: in Zeiten von COVID-19
ye7fqh6a,khk1a5z8,-0.02996673,Jetzt anmelden!,"Happiness, Domains of Life Satisfaction, Perceptions, and Valuation Differences Across Genders"
563ftqw3,acr6ze5h,-0.029965155,hpO: Berufsvereinigung für heilkundlich praktizierte Osteopathie e.V.,Communal sharing within and beyond digital platforms: Prefiguring interdependent sharing cities
563ftqw3,61uhodwe,-0.029955974,hpO: Berufsvereinigung für heilkundlich praktizierte Osteopathie e.V.,Why we need scientists to make sustainable policies
zfjzixe6,fnhqcpru,-0.029951865,Cities and communities beyond COVID-19,COVID-19 – (k)eine Zumutung?!
563ftqw3,1imy2vu4,-0.029950175,hpO: Berufsvereinigung für heilkundlich praktizierte Osteopathie e.V.,"Covid-19, Classical Subjects and the Classroom: Teachers' Feedback from Summer 2020"
i4uzcl60,fnhqcpru,-0.029949848,Cracks to Craters: College Advising During COVID-19,COVID-19 – (k)eine Zumutung?!
563ftqw3,6kbk2sk0,-0.029938685,hpO: Berufsvereinigung für heilkundlich praktizierte Osteopathie e.V.,The effects of the COVID-19 pandemic on the training of athletes with disabilities in the 7-a-side football championship
wwie0iem,l6srz5ty,-0.02992325,Allergikern Ängste nehmen,P-Values in a Post-Truth World
wwie0iem,1fveu6o3,-0.02992083,Allergikern Ängste nehmen,Unmasking the mask debate on social media
563ftqw3,n5isbe28,-0.029918754,hpO: Berufsvereinigung für heilkundlich praktizierte Osteopathie e.V.,Towards an interpretive patient-centred practice.
563ftqw3,qwq8ts3z,-0.029917518,hpO: Berufsvereinigung für heilkundlich praktizierte Osteopathie e.V.,Operational impact of teledermatology and considerations for reimbursement
ye7fqh6a,15x59p88,-0.02990785,Jetzt anmelden!,Livestock and Risk Group 4 Pathogens: Researching Zoonotic Threats to Public Health and Agriculture in Maximum Containment
fkx0iplt,fnhqcpru,-0.029906157,Epidemiological and Clinical Characteristics of Deceased COVID-19 Patients,COVID-19 – (k)eine Zumutung?!
wwie0iem,juhq6qsb,-0.02990318,Allergikern Ängste nehmen,"A Survey on Metaverse: Fundamentals, Security, and Privacy"
4tms03ev,ye7fqh6a,-0.029896874,Vaccinating our children against COVID-19,Jetzt anmelden!
7a1oo55e,wwie0iem,-0.029896244,Assessment of risk scores in Covid-19,Allergikern Ängste nehmen
wwie0iem,m5c78wyt,-0.029896244,Allergikern Ängste nehmen,"""Assessment of risk scores in covid-19""."
563ftqw3,4avrjhy5,-0.02989602,hpO: Berufsvereinigung für heilkundlich praktizierte Osteopathie e.V.,The impact of the COVID-19 pandemic on medical education: a student perspective
h90n7wnk,fnhqcpru,-0.029895153,Levels and Predictors of COVID-19-Related Anxiety in Older Adults,COVID-19 – (k)eine Zumutung?!
563ftqw3,0gg39bgh,-0.029890342,hpO: Berufsvereinigung für heilkundlich praktizierte Osteopathie e.V.,The Underappreciated Role of Advance Directives: How the Pandemic Revitalises Advance Care Planning Actions.
563ftqw3,f4x85a3g,-0.029889273,hpO: Berufsvereinigung für heilkundlich praktizierte Osteopathie e.V.,The Demand for Health Care
wwie0iem,gtb8cvlg,-0.029887058,Allergikern Ängste nehmen,Main directions of credit policy during the COVID-19 pandemy
wwie0iem,zip5zutt,-0.029886661,Allergikern Ängste nehmen,Reviewers of the Year 2015. Fertility and Sterility celebrates excellence in our world class reviewers.
ye7fqh6a,l8mlo49a,-0.029880097,Jetzt anmelden!,Mitigating Risk and Volatility – A Conversation about Boards and Guiding Businesses through COVID‐19
563ftqw3,2qduek74,-0.029872231,hpO: Berufsvereinigung für heilkundlich praktizierte Osteopathie e.V.,Choosing Wisely in the COVID-19 Era: Preventing Harm to Healthcare Workers
563ftqw3,92aiarkx,-0.029869553,hpO: Berufsvereinigung für heilkundlich praktizierte Osteopathie e.V.,Evaluating the use of informational technologies by students of healthcare colleges for academic purposes over a five-year period
563ftqw3,9td0omwo,-0.029846692,hpO: Berufsvereinigung für heilkundlich praktizierte Osteopathie e.V.,Walking as a Metaphor: COVID Pandemic and the Politics of Mobility
l3yvi2jg,vgp4ix5n,-0.02984217,"411 Mrd. €, 11,9 %",The Concept of Resilience: Security Implications and Implementation Challenges
563ftqw3,pvsywo9d,-0.029834589,hpO: Berufsvereinigung für heilkundlich praktizierte Osteopathie e.V.,Pandemic palliative care: beyond ventilators and saving lives
ye7fqh6a,x3niof1v,-0.029834418,Jetzt anmelden!,"Covid-19. Borders, world-making, and fear of others"
563ftqw3,d9yrdf38,-0.02983247,hpO: Berufsvereinigung für heilkundlich praktizierte Osteopathie e.V.,Multisensory Proximity and Transition Cues for Improving Target Awareness in Narrow Field of View Augmented Reality Displays.
563ftqw3,zvrp92m2,-0.029829275,hpO: Berufsvereinigung für heilkundlich praktizierte Osteopathie e.V.,Building on the momentum: Sustaining telehealth beyond COVID-19.
wwie0iem,p2gmf0ny,-0.02982421,Allergikern Ängste nehmen,Computational modelling of three-dimensional genome structure.
563ftqw3,tcw6gt7o,-0.029821908,hpO: Berufsvereinigung für heilkundlich praktizierte Osteopathie e.V.,Geriatrics: Moving forward with 2020 vision.
563ftqw3,j4qwdcvg,-0.029821182,hpO: Berufsvereinigung für heilkundlich praktizierte Osteopathie e.V.,COVID-19 Response In U.S. Assisted Living Settings: Key Stakeholder Perspectives
563ftqw3,9oljtj3w,-0.029819429,hpO: Berufsvereinigung für heilkundlich praktizierte Osteopathie e.V.,Informal Technology Education for Women Transitioning from Incarceration
wwie0iem,r2g7heq4,-0.029814413,Allergikern Ängste nehmen,Preanalytical issues affecting the diagnosis of COVID-19
563ftqw3,73uyar1r,-0.029801771,hpO: Berufsvereinigung für heilkundlich praktizierte Osteopathie e.V.,Developing a Virtual Smart Total Learning Environment for Future Teaching-Learning System
vbkgjdcn,fnhqcpru,-0.029796226,Diversifying Recruitment Registries: Considering Neighborhood Health Metrics.,COVID-19 – (k)eine Zumutung?!
563ftqw3,nx0hl1x3,-0.029795717,hpO: Berufsvereinigung für heilkundlich praktizierte Osteopathie e.V.,Online Teaching During COVID-19: An Opinion Analysis of Student-Teachers
wwie0iem,zmjzvihk,-0.029794412,Allergikern Ängste nehmen,Masked Faces with Faced Masks
563ftqw3,ctccpasl,-0.029788155,hpO: Berufsvereinigung für heilkundlich praktizierte Osteopathie e.V.,Lessons learned in managing risk: Tools and strategies for confident operations from the CLEAN 2020 Summit.
gfy7bzfi,fnhqcpru,-0.029785657,News from academia: Biotechnoloy Journal 3/2007,COVID-19 – (k)eine Zumutung?!
fjbh4ki4,fnhqcpru,-0.029769612,COVID-19 in children and the effect of schools reopening on potential transmission to household members,COVID-19 – (k)eine Zumutung?!
563ftqw3,rff7q56w,-0.02976662,hpO: Berufsvereinigung für heilkundlich praktizierte Osteopathie e.V.,COVID and me: a radiologist’s perspective
563ftqw3,ls9mz7tj,-0.029765392,hpO: Berufsvereinigung für heilkundlich praktizierte Osteopathie e.V.,Editorial: The Social Life of Healthcare Decisions: Contexts and Consequences
wwie0iem,q1p1n337,-0.029763157,Allergikern Ängste nehmen,Research on the Evolution and Governance of Network Public Opinion in Major Public Emergencies ——The Enlightenment of the Development of COVID-19 Network Public Opinion
563ftqw3,4i3q7j02,-0.029758342,hpO: Berufsvereinigung für heilkundlich praktizierte Osteopathie e.V.,Grief isn't something to get over: Finding a home for memories and emotions after losing a loved one
n5isbe28,l3yvi2jg,-0.029756214,Towards an interpretive patient-centred practice.,"411 Mrd. €, 11,9 %"
563ftqw3,1xkmr7t0,-0.029755225,hpO: Berufsvereinigung für heilkundlich praktizierte Osteopathie e.V.,One Year of the COVID‐19 Pandemic. What Do We Know and What Is Yet to Come? — The Summarising Review
wwie0iem,dxu7cp6d,-0.02975374,Allergikern Ängste nehmen,Shared Longitudinal Health Records for Clinical and Population Health
563ftqw3,kplkiwmv,-0.029752908,hpO: Berufsvereinigung für heilkundlich praktizierte Osteopathie e.V.,How can consultant-led childbirth care at time of delivery be maximised? A modelling study.
l0hm3k2t,8f2e9fxq,-0.029752297,Perceptions of COVID Fears,Onze hersenen: onze achtbaan
v5u2nth8,zfjzixe6,-0.029750356,Mobilität erhalten - Immobilität vorbeugen,Cities and communities beyond COVID-19
ye7fqh6a,vro86qqp,-0.029741878,Jetzt anmelden!,"Concepts of Security Threats, Challenges, Vulnerabilities and Risks"
8il8i5ye,l3yvi2jg,-0.029740885,The Sustainable Development Goals and Technological Capacity,"411 Mrd. €, 11,9 %"
563ftqw3,40l7ia9s,-0.029722555,hpO: Berufsvereinigung für heilkundlich praktizierte Osteopathie e.V.,Best practices for effective implementation of online teaching and learning in medical and health professions education: during COVID-19 and beyond
563ftqw3,mf2y8lxw,-0.029721003,hpO: Berufsvereinigung für heilkundlich praktizierte Osteopathie e.V.,SNMMI COVID-19 Task Force Surveys.
00i06mf1,fnhqcpru,-0.029719412,Lessons from Leading through COVID-19: Secondary Principals' Perspectives,COVID-19 – (k)eine Zumutung?!
563ftqw3,a5fouegf,-0.02971612,hpO: Berufsvereinigung für heilkundlich praktizierte Osteopathie e.V.,"Covid-19: Plans to share vaccines aren't enough, says charity"
rzi8b2gi,e97bazt5,-0.029711386,Empfehlungen zur Durchführung einer Bronchoskopie in Zeiten der COVID-19-Pandemie,"Covid, Colleges, and Classes"
563ftqw3,fdkj9wpg,-0.02970432,hpO: Berufsvereinigung für heilkundlich praktizierte Osteopathie e.V.,The Past as Prologue: Remote Working to the Cusp of the Pandemic
563ftqw3,q0884us7,-0.029699009,hpO: Berufsvereinigung für heilkundlich praktizierte Osteopathie e.V.,Patient Perspectives: Valuable Food Insecurity Interventions.
a0uo43h1,l3yvi2jg,-0.02969868,History and evolution of pacing and devices.,"411 Mrd. €, 11,9 %"
563ftqw3,1vwegsls,-0.02968421,hpO: Berufsvereinigung für heilkundlich praktizierte Osteopathie e.V.,The role of artificial intelligence in healthcare: a structured literature review
o49uclco,4nh3no7s,-0.029681433,Keine zusätzliche Gefahr für Allergiker,COVID 19–laboratory scenario
84yq3oyz,igk0ncq4,-0.02967681,COVID-19: No Visitors.,Mehr Impfschutz für Herzkranke
563ftqw3,tuzdng4h,-0.029676467,hpO: Berufsvereinigung für heilkundlich praktizierte Osteopathie e.V.,5 Basing a Nonclinician's Career upon Simulation The Personal Experience of a Physicist
ye7fqh6a,abz708bd,-0.029674696,Jetzt anmelden!,Neurologic Manifestations in a Prospective Unselected Series of Hospitalized Patients With COVID-19.
2il4jpw1,l3yvi2jg,-0.029674327,Palliative Care: Critical Concepts for the Geropsychiatrist.,"411 Mrd. €, 11,9 %"
563ftqw3,zuva5pc7,-0.029669179,hpO: Berufsvereinigung für heilkundlich praktizierte Osteopathie e.V.,Reframing the Patient Experience in a Post-COVID Health Care Environment
563ftqw3,41hjajw3,-0.029663133,hpO: Berufsvereinigung für heilkundlich praktizierte Osteopathie e.V.,The most influential articles in critical care medicine()
0j03mdwv,xmb4eywi,-0.029652646,Concerns about subgroup analyses and reason for stopping remdesivir trial,"Strategieentwicklung ""einfach"" machen"
563ftqw3,j05pzylk,-0.029652035,hpO: Berufsvereinigung für heilkundlich praktizierte Osteopathie e.V.,Resilient managed competition during pandemics: lessons from the Italian experience
563ftqw3,3reyr2av,-0.029645436,hpO: Berufsvereinigung für heilkundlich praktizierte Osteopathie e.V.,GoodWIL placements: How COVID–19 shifts the conversation about unpaid placements
ye7fqh6a,6jabzeuf,-0.029644713,Jetzt anmelden!,5PSQ-171 Tocilizumab in patients with COVID-19: results in clinical practice
563ftqw3,cf43rvcq,-0.029644143,hpO: Berufsvereinigung für heilkundlich praktizierte Osteopathie e.V.,Medical Student Perceptions of Virtual Pharmacology Educational Games
563ftqw3,dyye8hv8,-0.029641476,hpO: Berufsvereinigung für heilkundlich praktizierte Osteopathie e.V.,Data misses dramatic fall in access during COVID-19
563ftqw3,u7jobx4x,-0.029636262,hpO: Berufsvereinigung für heilkundlich praktizierte Osteopathie e.V.,The challenging aspects of digital learning objects usage in a primary school during the pandemics
563ftqw3,tqyh0r3q,-0.029631797,hpO: Berufsvereinigung für heilkundlich praktizierte Osteopathie e.V.,E-learning Ergonomic Challenges During the Covid-19 Pandemic
563ftqw3,9r15ulme,-0.029620638,hpO: Berufsvereinigung für heilkundlich praktizierte Osteopathie e.V.,Making the climate crisis personal through a focus on human health
563ftqw3,hjq15gl6,-0.029619781,hpO: Berufsvereinigung für heilkundlich praktizierte Osteopathie e.V.,Clinical Science Editorial 2020 - a year gone by and the year ahead
klirbr96,o49uclco,-0.029618155,Implications for research and practice 2,Keine zusätzliche Gefahr für Allergiker
563ftqw3,y4acvsbu,-0.029615674,hpO: Berufsvereinigung für heilkundlich praktizierte Osteopathie e.V.,Approaches to biology teaching and learning: learning styles and the problem of instructional selection--engaging all students in science courses.
563ftqw3,9y9ntvu2,-0.029614694,hpO: Berufsvereinigung für heilkundlich praktizierte Osteopathie e.V.,Helping children and young people to appraise risk in difficult times
2z8sl55n,fnhqcpru,-0.029610746,A thematic analysis of the experiences of parents and carers of children in hospital,COVID-19 – (k)eine Zumutung?!
wwie0iem,kikguo1u,-0.029605715,Allergikern Ängste nehmen,2019 impact factor: Special announcement.
563ftqw3,mbph4el4,-0.029599642,hpO: Berufsvereinigung für heilkundlich praktizierte Osteopathie e.V.,Steady As She Goes: Practicing Evidence-Based Critical Care When the Evidence Is Limited
563ftqw3,bjr8sdlv,-0.029596677,hpO: Berufsvereinigung für heilkundlich praktizierte Osteopathie e.V.,Visual Ergonomics in a Virtual World: Examples of Lighting Assessments Conducted in Cyberspace
wwie0iem,xqheq8jp,-0.02959457,Allergikern Ängste nehmen,Algebraic Polytopes in Normaliz
563ftqw3,xlrxwm80,-0.029591875,hpO: Berufsvereinigung für heilkundlich praktizierte Osteopathie e.V.,Any time and place? Digital emotional support for digital natives.
563ftqw3,0tm49m0h,-0.029571475,hpO: Berufsvereinigung für heilkundlich praktizierte Osteopathie e.V.,Calendar of Events
563ftqw3,yh4dstan,-0.029564565,hpO: Berufsvereinigung für heilkundlich praktizierte Osteopathie e.V.,Access to health care and the 2020 US election.
563ftqw3,2xz7n6qx,-0.029559556,hpO: Berufsvereinigung für heilkundlich praktizierte Osteopathie e.V.,Supporting stroke survivors living in care homes: challenges and opportunities for practice development and research
563ftqw3,3ozg3rd6,-0.029555747,hpO: Berufsvereinigung für heilkundlich praktizierte Osteopathie e.V.,What Factors Make Online Travel Reviews Credible? The Consumers' Credibility Perception-CONCEPT Model
kkflrybw,yo3cp5vs,-0.029539857,Nachrichtenteil für Grundwasser-Heft 2/2021,KAPITEL 13 Infektionskrankheiten
wwie0iem,uppe5u22,-0.029531185,Allergikern Ängste nehmen,Data and Model Biases in Social Media Analyses: A Case Study of COVID-19 Tweets.
563ftqw3,ydtp7gcp,-0.029517705,hpO: Berufsvereinigung für heilkundlich praktizierte Osteopathie e.V.,COVID-proofing Biochemistry and engaging diverse students with Crystallography Research
563ftqw3,p5sa91w7,-0.029513657,hpO: Berufsvereinigung für heilkundlich praktizierte Osteopathie e.V.,Tributes for animals and the dedicated people entrusted with their care: a practical how-to guide.
b6x82l1y,fnhqcpru,-0.029513212,Comparison of the prognostic significance of 5 comorbidity scores and 12 functional tests in a prospective multiple myeloma patient cohort.,COVID-19 – (k)eine Zumutung?!
2uiu3h02,fnhqcpru,-0.029511083,Prospects of Neuromarketing Application in Communication Activities of Logistics Enterprises,COVID-19 – (k)eine Zumutung?!
wwie0iem,mqpsdofu,-0.029505713,Allergikern Ängste nehmen,Barriers and Opportunities to Accessible Social Media Content Authoring
563ftqw3,raxwzes0,-0.02950321,hpO: Berufsvereinigung für heilkundlich praktizierte Osteopathie e.V.,Black Lives Do Matter
563ftqw3,y71rsh4y,-0.02950321,hpO: Berufsvereinigung für heilkundlich praktizierte Osteopathie e.V.,Black Lives Do Matter.
563ftqw3,wc4xryem,-0.02948155,hpO: Berufsvereinigung für heilkundlich praktizierte Osteopathie e.V.,Working from Home During Covid-19: Doing and Managing Technology-enabled Social Interaction With Colleagues at a Distance
563ftqw3,bc8pkwjl,-0.029480482,hpO: Berufsvereinigung für heilkundlich praktizierte Osteopathie e.V.,A Testament on the Challenges of Holding HANDS UP
9apwx2ik,fnhqcpru,-0.02948008,COVID-19 - Considerations and Implications for Surgical Learners,COVID-19 – (k)eine Zumutung?!
wwie0iem,1f9yhn0d,-0.02947435,Allergikern Ängste nehmen,Discovering underlying dynamics in time series of networks
563ftqw3,93ajiehr,-0.029472083,hpO: Berufsvereinigung für heilkundlich praktizierte Osteopathie e.V.,The Unique Impact of COVID-19 on Older Adults in Rural Areas
563ftqw3,g1tpd5ju,-0.029463513,hpO: Berufsvereinigung für heilkundlich praktizierte Osteopathie e.V.,Speech-Language Pathologist Perspectives of the Implementation of Telepractice-Delivered Stuttering Treatment for School-Age Children
thpiab1f,fnhqcpru,-0.029458337,"Health Care Disparities, Neurologic Risk Factors, and COVID-19",COVID-19 – (k)eine Zumutung?!
563ftqw3,a3okj5m0,-0.029451601,hpO: Berufsvereinigung für heilkundlich praktizierte Osteopathie e.V.,"Training Public Health Professionals to Tackle Women, Children, and Families Health Issues: A “Skill-Based Qualitative Learning Approach”"
563ftqw3,j7xlwlc2,-0.029440932,hpO: Berufsvereinigung für heilkundlich praktizierte Osteopathie e.V.,"What Matters Most for Treatment Decisions in Hepatitis C: Effectiveness, Costs, and Altruism."
v2yktx51,fnhqcpru,-0.029439813,COVID‐19 consequences in the management of persons with wounds,COVID-19 – (k)eine Zumutung?!
lxhkiefq,fnhqcpru,-0.029431682,Research-inquiry activities: following tracks of microorganisms at school,COVID-19 – (k)eine Zumutung?!
563ftqw3,yotbgbza,-0.029421292,hpO: Berufsvereinigung für heilkundlich praktizierte Osteopathie e.V.,Lessons from COVID-19 for managing transboundary climate risks and building resilience
97fsnlmg,o49uclco,-0.029413821,An overview on engineering the surface area and porosity of biochar.,Keine zusätzliche Gefahr für Allergiker
563ftqw3,hlanzce6,-0.029411418,hpO: Berufsvereinigung für heilkundlich praktizierte Osteopathie e.V.,Nursing Students’ Experiences with Computer Simulation-Based Communication Education
cjek323k,fnhqcpru,-0.029408168,The causes of glaucoma in cats.,COVID-19 – (k)eine Zumutung?!
gdqv1q45,t8vb3vii,-0.029400257,Komplexe Gerinnungsstörungen,Complications in Patients With COVID-19
563ftqw3,iugydlio,-0.029393477,hpO: Berufsvereinigung für heilkundlich praktizierte Osteopathie e.V.,Farewell with Gratitude
xfdgk2j6,fnhqcpru,-0.029387241,VIRUS DISEASES OF DOMESTIC ANIMALS,COVID-19 – (k)eine Zumutung?!
1w677dta,0ax26o75,-0.029381607,Bundesweites Belastungsmodell für Intensivstationen durch COVID-19,Inhaltsverzeichnis / Table of Contents
563ftqw3,c48pvedg,-0.029381214,hpO: Berufsvereinigung für heilkundlich praktizierte Osteopathie e.V.,Leading the Fight Against the Pandemic: Does Gender Really Matter?
563ftqw3,0ggbkzqj,-0.029381214,hpO: Berufsvereinigung für heilkundlich praktizierte Osteopathie e.V.,Leading the Fight Against the Pandemic: Does Gender ‘Really’ Matter?
g6185yhz,igk0ncq4,-0.029380435,Biosecurity and Equine Infectious Diseases,Mehr Impfschutz für Herzkranke
ye7fqh6a,bypmewsg,-0.029378112,Jetzt anmelden!,[Clinical characteristics and outcomes of 112 cardiovascular disease patients infected by 2019-nCoV]
ye7fqh6a,zcjsvwso,-0.029378112,Jetzt anmelden!,Clinical characteristics and outcomes of 112 cardiovascular disease patients infected by 2019-nCoV/ 中华心血管病杂志
wwie0iem,p50iy21i,-0.029376356,Allergikern Ängste nehmen,Our Essential Status: Perspective From Across the Pond
cu1k0u68,d0tr7poe,-0.029375214,Hypoalbuminemia in COVID‐19,It's a wrap for 2021!
wa8qy9p2,fnhqcpru,-0.029371196,Platelets⋆,COVID-19 – (k)eine Zumutung?!
ye7fqh6a,fwf5j4ex,-0.029368049,Jetzt anmelden!,Epidemiological and clinical features of human coronavirus infections among different subsets of patients
wwie0iem,g54hifyp,-0.029366268,Allergikern Ängste nehmen,COVID-19 Addendum to Critical Issues in Transportation
00ec5g3a,k88q5135,-0.029365234,Risk Factors for COVID-19,Endlich wieder: Austausch von Angesicht zu Angesicht
dovqr4pg,v6stzsvo,-0.029364932,I worry,Covid-19 y esfuerzo asistencial en Atención Primaria
563ftqw3,h4s0tgo6,-0.029358024,hpO: Berufsvereinigung für heilkundlich praktizierte Osteopathie e.V.,Study of the effect of Baricitinib on the Course of COVID-19
563ftqw3,sxw0y9ju,-0.02935781,hpO: Berufsvereinigung für heilkundlich praktizierte Osteopathie e.V.,Investigating partner involvement in pregnancy and identifying barriers and facilitators to participating as a couple in a digital healthy eating and physical activity intervention
563ftqw3,1kldlivw,-0.029352957,hpO: Berufsvereinigung für heilkundlich praktizierte Osteopathie e.V.,"Precision Public Health Matters: An International Assessment of Communication, Preparedness, and Coordination for Successful COVID-19 Responses"
l3yvi2jg,3eluuq4j,-0.029346673,"411 Mrd. €, 11,9 %","The making of racialized subjects: Practices, history, struggles"
wwie0iem,rb1f90kl,-0.029340426,Allergikern Ängste nehmen,Correlation between environmental factors and COVID-19 indices: a global level ecological study
fnhqcpru,pb9y293z,-0.029339299,COVID-19 – (k)eine Zumutung?!,COVID-19-Related Changes in Potential Risk Factors for Elder Mistreatment Reported by Caregivers of Older Adults
563ftqw3,jj8i9arj,-0.02933329,hpO: Berufsvereinigung für heilkundlich praktizierte Osteopathie e.V.,Education in Online Environment from Students' and Teachers' Perspective
w7adbxzm,fnhqcpru,-0.029330757,COVID-19 Illness in Children,COVID-19 – (k)eine Zumutung?!
563ftqw3,9p1rg2bf,-0.029330669,hpO: Berufsvereinigung für heilkundlich praktizierte Osteopathie e.V.,Spirit and truth: Reckoning with the crises of Covid-19 for the Church
5715bqsf,uocadc35,-0.029320003,Smiling faces,Gedanken zur Differentialdiagnostik*
563ftqw3,f9c6um6y,-0.029319987,hpO: Berufsvereinigung für heilkundlich praktizierte Osteopathie e.V.,"Drug Design—Past, Present, Future"
563ftqw3,iri9llvj,-0.02931211,hpO: Berufsvereinigung für heilkundlich praktizierte Osteopathie e.V.,"Alone or in company? Cultural orientation, strategic response and COVID-19 outcomes"
563ftqw3,p1u7sfve,-0.029305581,hpO: Berufsvereinigung für heilkundlich praktizierte Osteopathie e.V.,Etsija's Call: Gamifying virtual conferences with alternate reality games
563ftqw3,fwl05vus,-0.029298622,hpO: Berufsvereinigung für heilkundlich praktizierte Osteopathie e.V.,Facing the future and deciding what we want oral health to become
563ftqw3,obklqtlf,-0.029296484,hpO: Berufsvereinigung für heilkundlich praktizierte Osteopathie e.V.,Impact of Organizational Dehumanization on Employee Knowledge Hiding
563ftqw3,2erztnxz,-0.029291257,hpO: Berufsvereinigung für heilkundlich praktizierte Osteopathie e.V.,The Impact of the Covid-19 Pandemic on Current Anatomy Education and Future Careers: A Student's Perspective
favv0qjp,ye7fqh6a,-0.02928532,The Gender and Education of Parents as Factors That Influence Their Views on Physical Education,Jetzt anmelden!
563ftqw3,z0p96hld,-0.02928468,hpO: Berufsvereinigung für heilkundlich praktizierte Osteopathie e.V.,Leading with Empathy: Supporting Faculty through COVID-19 and Beyond
563ftqw3,sg7pbv7i,-0.02928299,hpO: Berufsvereinigung für heilkundlich praktizierte Osteopathie e.V.,Population statistics: Does child survival limit family size?
ye7fqh6a,wuyuff46,-0.029276855,Jetzt anmelden!,"“I'm a Referee, Not a Female Referee”: The Experiences of Women Involved in Football as Coaches and Referees"
563ftqw3,1fsqxseh,-0.02926915,hpO: Berufsvereinigung für heilkundlich praktizierte Osteopathie e.V.,Supporting colleagues during covid-19: the intensive care consultant
563ftqw3,mxv9elaq,-0.029268898,hpO: Berufsvereinigung für heilkundlich praktizierte Osteopathie e.V.,How Has the COVID-19 Pandemic Affected the Way We Access and Interact with the Countryside and the Animals within It?
wwie0iem,p8ze84bo,-0.029265823,Allergikern Ängste nehmen,Are health behaviors associated with academic performance among tertiary education students? A systematic review of cohort studies.
563ftqw3,jmho29l3,-0.029259576,hpO: Berufsvereinigung für heilkundlich praktizierte Osteopathie e.V.,Modelling the effect of the COVID-19 pandemic on violent discipline against children.
563ftqw3,chmj4dkx,-0.029253598,hpO: Berufsvereinigung für heilkundlich praktizierte Osteopathie e.V.,Lessons learned from the fight against COVID-19 in the great maghreb. Five lessons for a better response
l9xt7w1q,fnhqcpru,-0.02925052,Facility Characteristics and Quality Deficiencies of Florida Nursing Homes With COVID-19 Cases and Deaths,COVID-19 – (k)eine Zumutung?!
ye7fqh6a,zyv44piv,-0.029242994,Jetzt anmelden!,COVID-19: Impact on Nurses and Nursing
fnhqcpru,hz5cfj4v,-0.02923518,COVID-19 – (k)eine Zumutung?!,Barriers to Participation in Clinical Trials: The Problem of Information
wwie0iem,qai6537u,-0.029231284,Allergikern Ängste nehmen,COVID-19 in a remote village in a tropical forest - a note
563ftqw3,1ja7nww5,-0.029216409,hpO: Berufsvereinigung für heilkundlich praktizierte Osteopathie e.V.,"Bouncing back, if not beyond: Challenges for research on resilience"
ye7fqh6a,1j5z5g00,-0.029213715,Jetzt anmelden!,Individual risk evaluation for landslides: key details
wwie0iem,8diu423n,-0.029212695,Allergikern Ängste nehmen,COVID-19: Challenging Clinical Questions
ye7fqh6a,swscicwh,-0.029206755,Jetzt anmelden!,Clinical characteristics and prognostic factors in COVID-19 patients aged ≥80 years
ye7fqh6a,hqzx3uee,-0.029206755,Jetzt anmelden!,Clinical characteristics and prognostic factors in COVID‐19 patients aged ≥80 years
563ftqw3,dmwoiuw2,-0.029202295,hpO: Berufsvereinigung für heilkundlich praktizierte Osteopathie e.V.,A qualitative comparison of care home staff and palliative care specialists’ experiences of providing end of life care to people living and dying with dementia in care homes in two countries: A focus group study
563ftqw3,x6lz10ob,-0.029195108,hpO: Berufsvereinigung für heilkundlich praktizierte Osteopathie e.V.,Covid Care in Color
he41qihg,wwie0iem,-0.02919301,Pandemic and the state,Allergikern Ängste nehmen
563ftqw3,skqmqo0w,-0.029191358,hpO: Berufsvereinigung für heilkundlich praktizierte Osteopathie e.V.,Leveraging Partnerships for a Nursing Home COVID Learning Community
aahl3kl6,xmb4eywi,-0.029185878,Immunogenicity and Reactogenicity of CoronaVac: A Cohort Study,"Strategieentwicklung ""einfach"" machen"
ye7fqh6a,iymuoisf,-0.029181486,Jetzt anmelden!,Pathogenic differences between various feline coronavirus isolates.
563ftqw3,ccaiyabf,-0.029167324,hpO: Berufsvereinigung für heilkundlich praktizierte Osteopathie e.V.,A Patient With COVID-19 Is Left Behind As Care Goes Virtual.
563ftqw3,6tsqijzr,-0.029167324,hpO: Berufsvereinigung für heilkundlich praktizierte Osteopathie e.V.,A Patient With COVID-19 Is Left Behind As Care Goes Virtual
x75qpedc,fnhqcpru,-0.02915152,Neuropsychiatric manifestations of COVID-19,COVID-19 – (k)eine Zumutung?!
563ftqw3,y8p1tdq9,-0.029151268,hpO: Berufsvereinigung für heilkundlich praktizierte Osteopathie e.V.,Engaging children and parents in physically active maths sessions
563ftqw3,di54a7uh,-0.029150417,hpO: Berufsvereinigung für heilkundlich praktizierte Osteopathie e.V.,A retrospective view of 2020: A unique year for Immunology
563ftqw3,q1doiwwi,-0.029150417,hpO: Berufsvereinigung für heilkundlich praktizierte Osteopathie e.V.,A retrospective view of 2020: A unique year for Immunology.
563ftqw3,4socj6aa,-0.029144844,hpO: Berufsvereinigung für heilkundlich praktizierte Osteopathie e.V.,"The effect of the number of distractors and the""None of the above""-""All of the above""options in multiple choice questions"
4tmqfzeb,xmb4eywi,-0.02914232,Concerns About Research Ethics in COVID-19 Publications,"Strategieentwicklung ""einfach"" machen"
563ftqw3,ic4j25xt,-0.02913845,hpO: Berufsvereinigung für heilkundlich praktizierte Osteopathie e.V.,Care during covid-19: partner attendance at maternity services.
70ikknhe,d6su39tw,-0.029130908,Guest Editors,Erfolgreiche Behandlung eines drittgradigen Pleuraempyems infolge einer COVID-19-Infektion
wwie0iem,f9m489pt,-0.029127616,Allergikern Ängste nehmen,Predicting the Basic Level in a Hierarchy of Concepts
563ftqw3,oui26a33,-0.029115811,hpO: Berufsvereinigung für heilkundlich praktizierte Osteopathie e.V.,Emergency Medicine Virtual Conference Participants’ Engagement with Competing Activities
xmb4eywi,g54hifyp,-0.029106501,"Strategieentwicklung ""einfach"" machen",COVID-19 Addendum to Critical Issues in Transportation
563ftqw3,yzshlfr6,-0.029104354,hpO: Berufsvereinigung für heilkundlich praktizierte Osteopathie e.V.,US ventilator crisis brings patients and doctors face-to-face with life-or-death choices.
l3yvi2jg,qc064fdx,-0.02910193,"411 Mrd. €, 11,9 %",International Criminology and International Connectivity: Reflections at a Pivotal Juncture
wwie0iem,a7r1sn35,-0.029100263,Allergikern Ängste nehmen,The personality types of key catalytic individuals shape colonies' collective behaviour and success
563ftqw3,sigd2l72,-0.029096272,hpO: Berufsvereinigung für heilkundlich praktizierte Osteopathie e.V.,The Death Throes of Mercy - Our Shared Responsibility When Hospitals Close
563ftqw3,sylieqr9,-0.029095028,hpO: Berufsvereinigung für heilkundlich praktizierte Osteopathie e.V.,"Efficient, Fair, and Incentive-Compatible Healthcare Rationing"
ns9zlrja,l3yvi2jg,-0.029090026,"Extending international entrepreneurship’s concepts, constructs and decision frameworks to reach beyond the ordinary","411 Mrd. €, 11,9 %"
khe8a0s0,xmb4eywi,-0.029087478,Biocontrol risks,"Strategieentwicklung ""einfach"" machen"
l3yvi2jg,66re2jcq,-0.029076139,"411 Mrd. €, 11,9 %",Leadership during the COVID-19 crisis and beyond.
563ftqw3,jntu7rnt,-0.02907383,hpO: Berufsvereinigung für heilkundlich praktizierte Osteopathie e.V.,Resurgence?
563ftqw3,ys881utg,-0.029067095,hpO: Berufsvereinigung für heilkundlich praktizierte Osteopathie e.V.,COVID-19 and the economic importance of in-person K-12 schooling
igk0ncq4,e0s3o2r4,-0.02906439,Mehr Impfschutz für Herzkranke,Feline Coronaviruses: Pathogenesis of Feline Infectious Peritonitis
563ftqw3,m2m9zeya,-0.029059403,hpO: Berufsvereinigung für heilkundlich praktizierte Osteopathie e.V.,"Primary care education in the time of COVID: embodiment, identity and loss"
563ftqw3,id8ba5ej,-0.029058874,hpO: Berufsvereinigung für heilkundlich praktizierte Osteopathie e.V.,Use of Tablets and Smartphones to Support Medical Decision Making in US Adults: Cross-Sectional Study
66jqf7xq,l3yvi2jg,-0.02905372,The impact of COVID-19 on sporting events and high-performance athletes.,"411 Mrd. €, 11,9 %"
563ftqw3,hmzvkm9q,-0.029051796,hpO: Berufsvereinigung für heilkundlich praktizierte Osteopathie e.V.,"What's happening in Equity, Diversity, and Inclusion"
563ftqw3,gbhe7f0e,-0.029051796,hpO: Berufsvereinigung für heilkundlich praktizierte Osteopathie e.V.,"What's happening in Equity, Diversity, and Inclusion."
563ftqw3,lckx4c24,-0.029051796,hpO: Berufsvereinigung für heilkundlich praktizierte Osteopathie e.V.,"What's happening in Equity, Diversity, & Inclusion"
563ftqw3,mqfavm0v,-0.029051796,hpO: Berufsvereinigung für heilkundlich praktizierte Osteopathie e.V.,"What's happening in Equity, Diversity & Inclusion."
563ftqw3,z47w68ep,-0.029046584,hpO: Berufsvereinigung für heilkundlich praktizierte Osteopathie e.V.,Experience of Healthcare Access in Australia during the First Year of the COVID-19 Pandemic
563ftqw3,pb09quln,-0.029045139,hpO: Berufsvereinigung für heilkundlich praktizierte Osteopathie e.V.,Tackling anxiety in schools: Lessons for children aged 3-13
wh0wgi69,l3yvi2jg,-0.029043954,Tough adhesives for diverse wet surfaces.,"411 Mrd. €, 11,9 %"
46shldwo,fnhqcpru,-0.029043214,Clinical Characteristics and Risk Factors for Myocardial Injury and Arrhythmia in COVID-19 patients,COVID-19 – (k)eine Zumutung?!
563ftqw3,7rns03yu,-0.02903698,hpO: Berufsvereinigung für heilkundlich praktizierte Osteopathie e.V.,"We can live with covid, but that doesn't have to mean living with avoidable deaths and disability"
ye7fqh6a,syvnfhjy,-0.029034147,Jetzt anmelden!,Worlds Apart Together
563ftqw3,ak22ga78,-0.029027097,hpO: Berufsvereinigung für heilkundlich praktizierte Osteopathie e.V.,"Covid-19, Digitization and the Future of Work"
ye7fqh6a,yz19dnuk,-0.029016312,Jetzt anmelden!,Developing Nursing Care Guidelines for Patients With COVID-19
7n0skdsy,xmb4eywi,-0.029014017,Challenges in elucidating cholangiocarcinoma etiology.,"Strategieentwicklung ""einfach"" machen"
nz1p2jr4,fnhqcpru,-0.029009137,Experiments of Concern,COVID-19 – (k)eine Zumutung?!
wwie0iem,t6jp8uwd,-0.029006464,Allergikern Ängste nehmen,Anatomopathological Aspects and Clinical Correlation of COVID-19: A Systematic Review
563ftqw3,zd86fnzm,-0.029004684,hpO: Berufsvereinigung für heilkundlich praktizierte Osteopathie e.V.,The Days of Summer
0m7ss62d,xmb4eywi,-0.0290043,Nurses in clinical trials: perceptions of impact on the research enterprise.,"Strategieentwicklung ""einfach"" machen"
qwbptvzr,4bwys7bz,-0.028998096,JES We Can 企画,[Neuromonitoring and awareness].
w5w710np,wwie0iem,-0.02899312,Viewing the US presidential electoral map through the lens of public health,Allergikern Ängste nehmen
wwie0iem,xa76j7ee,-0.02899312,Allergikern Ängste nehmen,Viewing the US presidential electoral map through the lens of public health.
jyi7ik6t,fnhqcpru,-0.028979914,Aspects of protection and social vulnerability of teenagers in public all-day schools,COVID-19 – (k)eine Zumutung?!
563ftqw3,bezxzw8g,-0.028975131,hpO: Berufsvereinigung für heilkundlich praktizierte Osteopathie e.V.,Nutrition in a time of Covid-19 pandemic and athletes
wwie0iem,ujsb6ebp,-0.028974356,Allergikern Ängste nehmen,Hearts of Athletes
563ftqw3,q4nzhbvt,-0.028968452,hpO: Berufsvereinigung für heilkundlich praktizierte Osteopathie e.V.,Back to basics: hand hygiene and isolation
ye7fqh6a,tz20974g,-0.028965244,Jetzt anmelden!,[Research trends in wound care]
563ftqw3,0baxxal7,-0.02896388,hpO: Berufsvereinigung für heilkundlich praktizierte Osteopathie e.V.,"Stay home, stay safe, stay green: The role of gardening activities on mental health during the Covid-19 home confinement"
563ftqw3,zo554gd0,-0.028963389,hpO: Berufsvereinigung für heilkundlich praktizierte Osteopathie e.V.,Person- and Family-Centered Approach Offers Healing in Long-Term Care during the COVID-19 Crisis
wwie0iem,ge8d98wt,-0.02896134,Allergikern Ängste nehmen,"Association of US Households’ Disaster Preparedness With Socioeconomic Characteristics, Composition, and Region"
1mcyqmwx,xmb4eywi,-0.02895616,Acknowledging the Burdens of 'Blackness',"Strategieentwicklung ""einfach"" machen"
wwie0iem,ovwhjj0s,-0.02895456,Allergikern Ängste nehmen,Bats as ‘special’ reservoirs for emerging zoonotic pathogens
ye7fqh6a,9tse6ffa,-0.028953338,Jetzt anmelden!,"Porous bodies corporeal intimacies, disgust and violence in a covid-19 world"
563ftqw3,ottiy28g,-0.028951965,hpO: Berufsvereinigung für heilkundlich praktizierte Osteopathie e.V.,Surgical simulation training is crucial in the covid-19 era and beyond
563ftqw3,oy6u3y3e,-0.028946085,hpO: Berufsvereinigung für heilkundlich praktizierte Osteopathie e.V.,"Challenges faced by patients, relatives and clinicians in end-stage dementia decision-making: a qualitative study of swallowing problems"
563ftqw3,ohpvq2qb,-0.028946085,hpO: Berufsvereinigung für heilkundlich praktizierte Osteopathie e.V.,"Challenges faced by patients, relatives and clinicians in end-stage dementia decision-making: a qualitative study of swallowing problems."
tjd3wkvu,ymvbbxju,-0.028943947,Dynamische Übergabeschurre zur Effizienzsteigerung von Gurtbandförderern,"Interest groups, local politics, and police unions"
563ftqw3,lbzi1s3o,-0.028943127,hpO: Berufsvereinigung für heilkundlich praktizierte Osteopathie e.V.,Educational applications of metaverse: possibilities and limitations
hxtvdfe3,xmb4eywi,-0.028940417,Dysmagnesemia in Covid-19 cohort patients: prevalence and associated factors,"Strategieentwicklung ""einfach"" machen"
563ftqw3,3qgz67nx,-0.028934233,hpO: Berufsvereinigung für heilkundlich praktizierte Osteopathie e.V.,Helping Clients Engage with Remote Mutual Aid for Addiction Recovery during COVID-19 and Beyond
d57mz2v7,fnhqcpru,-0.028932637,"Parasites, Bacteria and Viruses",COVID-19 – (k)eine Zumutung?!
563ftqw3,sa0eyzq7,-0.028927607,hpO: Berufsvereinigung für heilkundlich praktizierte Osteopathie e.V.,Neurosurgical Interactive Teaching Series: A Multidisciplinary Educational Approach
563ftqw3,i4jgjazc,-0.028924845,hpO: Berufsvereinigung für heilkundlich praktizierte Osteopathie e.V.,Integration weeks: A novel way to build resilience in third year medical students.
563ftqw3,r0s7rfa4,-0.02892293,hpO: Berufsvereinigung für heilkundlich praktizierte Osteopathie e.V.,Planned Early Dispute Resolution Systems and Elements: Experiences and the Promise of Technology
qwbptvzr,9n31w1rb,-0.028919673,JES We Can 企画,Efficacy of Remdesivir in COVID-19.
563ftqw3,69t73yiy,-0.028916836,hpO: Berufsvereinigung für heilkundlich praktizierte Osteopathie e.V.,Home-bias in referee decisions: Evidence from “Ghost Matches” during the Covid19-Pandemic
n0e5zdq1,fnhqcpru,-0.028914476,"Vets, Meds, and Zoonotic Threats",COVID-19 – (k)eine Zumutung?!
wwie0iem,gz11cm3n,-0.028914329,Allergikern Ängste nehmen,Anthropological engagement with COVID-19
563ftqw3,bhzi784a,-0.028902814,hpO: Berufsvereinigung für heilkundlich praktizierte Osteopathie e.V.,Ten best practices for taking experiential learning online
563ftqw3,vntkq7ng,-0.028893746,hpO: Berufsvereinigung für heilkundlich praktizierte Osteopathie e.V.,The physiological benefits of sitting less and moving more: Opportunities for future research
fe2d5b9b,uucj3bph,-0.028893718,Telepsychiatry,Georges Boussignac (1944–2020)
ye7fqh6a,w8g6utm3,-0.028888991,Jetzt anmelden!,COVID-19: Implications for healthcare managers
4xfipd3x,ozyazewv,-0.028877888,Superspreading genomes.,Zertifizierungen von EndoCert: in Zeiten von COVID-19
cm345pyo,ozyazewv,-0.028877888,Superspreading genomes,Zertifizierungen von EndoCert: in Zeiten von COVID-19
563ftqw3,45kpo4ub,-0.028873187,hpO: Berufsvereinigung für heilkundlich praktizierte Osteopathie e.V.,Is it time to start COVID-19 vaccination in pregnant women?
563ftqw3,pghc9783,-0.028872024,hpO: Berufsvereinigung für heilkundlich praktizierte Osteopathie e.V.,Conducting a secret ballot elections for virtual meetings
wwie0iem,rdagr3sx,-0.028864553,Allergikern Ängste nehmen,Error in Methods Section and Figure.
563ftqw3,w6wr411d,-0.02886118,hpO: Berufsvereinigung für heilkundlich praktizierte Osteopathie e.V.,Family accompaniment to students during the COVID-19 pandemic
pksbj1cp,1w677dta,-0.028856872,Three updates,Bundesweites Belastungsmodell für Intensivstationen durch COVID-19
gdqv1q45,yp9dj2yb,-0.028850753,Komplexe Gerinnungsstörungen,The will not to know
563ftqw3,ix4gux2z,-0.028846461,hpO: Berufsvereinigung für heilkundlich praktizierte Osteopathie e.V.,Reducing barriers to learning with ebooks: An internationally accessible and affordable resource
igk0ncq4,6bc35pwe,-0.028842513,Mehr Impfschutz für Herzkranke,Mimics of vasculitis
igk0ncq4,lbl8j4nz,-0.028842513,Mehr Impfschutz für Herzkranke,Mimics of vasculitis.
563ftqw3,cd6ix818,-0.028838513,hpO: Berufsvereinigung für heilkundlich praktizierte Osteopathie e.V.,[Role of medical students in the accompaniment of patients. Reflections about a true case]
563ftqw3,c68m10c4,-0.028828107,hpO: Berufsvereinigung für heilkundlich praktizierte Osteopathie e.V.,"Understanding the Benefits, Challenges, and the Role of Pet Ownership in the Daily Lives of Community-Dwelling Older Adults: A Case Study"
563ftqw3,r2sol1lq,-0.028828036,hpO: Berufsvereinigung für heilkundlich praktizierte Osteopathie e.V.,Expectations and experiences of women regarding maternal healthcare services in Pakistan: challenges and lessons to be learnt
563ftqw3,0t92zjva,-0.028822057,hpO: Berufsvereinigung für heilkundlich praktizierte Osteopathie e.V.,AAPdN Virtual Conference – Accepted Abstracts
wwie0iem,5czywnbr,-0.02881963,Allergikern Ängste nehmen,"Subject Index: 2004: Volume 26, Numbers 1–12"
ye7fqh6a,oalh3kz9,-0.028812567,Jetzt anmelden!,220 Electrocardiographic findings and mortality in COVID-19 patients hospitalized in different clinical settings
wwie0iem,s3s2av7b,-0.02880779,Allergikern Ängste nehmen,[Looking into international journals].
563ftqw3,f66wnc9p,-0.028799862,hpO: Berufsvereinigung für heilkundlich praktizierte Osteopathie e.V.,"Physician Communication Coaching: How Psychologists can Elevate Skills and Support Resident Education, Professionalism, and Well-being"
wwie0iem,48u6dyty,-0.02879527,Allergikern Ängste nehmen,Covid-19 and Socioeconomic Factors: Cross-country Evidence
563ftqw3,x49gqd6t,-0.028785141,hpO: Berufsvereinigung für heilkundlich praktizierte Osteopathie e.V.,Covid-19-infodemic overtaking pandemic? Time to disseminate facts over fear
563ftqw3,68pxts6d,-0.028782932,hpO: Berufsvereinigung für heilkundlich praktizierte Osteopathie e.V.,Rethinking Residency Conferences in the Era of COVID-19
563ftqw3,z0rz7wge,-0.028766045,hpO: Berufsvereinigung für heilkundlich praktizierte Osteopathie e.V.,Transforming the Provision of Physiotherapy in the Time of COVID-19: A Call to Action for Telerehabilitation.
563ftqw3,2hndpnew,-0.028764982,hpO: Berufsvereinigung für heilkundlich praktizierte Osteopathie e.V.,The role of traditional restaurants in tourist destination loyalty
563ftqw3,met81479,-0.028763505,hpO: Berufsvereinigung für heilkundlich praktizierte Osteopathie e.V.,Preventing while managing. Living with a disability in viral times
563ftqw3,gn5yyl3w,-0.028762612,hpO: Berufsvereinigung für heilkundlich praktizierte Osteopathie e.V.,Saving Limited Resources During Covid-19 Pandemic.
563ftqw3,upeqw7vg,-0.028760621,hpO: Berufsvereinigung für heilkundlich praktizierte Osteopathie e.V.,Disability as a Determinant of Health:: Lessons from the Pandemic
563ftqw3,pza09nvq,-0.028756186,hpO: Berufsvereinigung für heilkundlich praktizierte Osteopathie e.V.,A question of age.
563ftqw3,lo6xo4qj,-0.028746726,hpO: Berufsvereinigung für heilkundlich praktizierte Osteopathie e.V.,Exploring Provider Perspectives on Implementing Coordinated Specialty Care: A Qualitative Study
563ftqw3,8amgpm2v,-0.028745195,hpO: Berufsvereinigung für heilkundlich praktizierte Osteopathie e.V.,"COVID-19 Vaccination Hesitancy among Health Care Workers, Communication, and Policy-Making"
ye7fqh6a,6co5yapf,-0.028741727,Jetzt anmelden!,Beliefs and biases
563ftqw3,u51icb8y,-0.028740682,hpO: Berufsvereinigung für heilkundlich praktizierte Osteopathie e.V.,[Childhood and the pandemic: Chronicle of an absence foretold].
vwmoomck,xmb4eywi,-0.028737739,Psychosocial factors and hospitalisations for COVID-19: Prospective cohort study of the general population,"Strategieentwicklung ""einfach"" machen"
563ftqw3,72in7iwq,-0.028737267,hpO: Berufsvereinigung für heilkundlich praktizierte Osteopathie e.V.,Experiential Pharmacy Education During a Pandemic: Lessons Learned.
8yfb2fr0,fnhqcpru,-0.02873202,Mental Health and Related Factors of Hospital Nurses.,COVID-19 – (k)eine Zumutung?!
563ftqw3,ct1f7qag,-0.028731253,hpO: Berufsvereinigung für heilkundlich praktizierte Osteopathie e.V.,Can We Hedge an Investment Against A Potential Unexpected Environmental Disaster?
ye7fqh6a,k93ea5mm,-0.028721316,Jetzt anmelden!,"Clinical characteristics, therapeutic management, and prognostic factors of adult COVID-19 inpatients with hematological malignancies."
ye7fqh6a,qrbf4qg9,-0.02871652,Jetzt anmelden!,Evaluation of pharmacotherapy protocols for covid 19 patients in baqiyatallah hospital and their outcomes
563ftqw3,dkl6d2jx,-0.028712803,hpO: Berufsvereinigung für heilkundlich praktizierte Osteopathie e.V.,How has Covid-19 changed our views of the One Health agenda?
563ftqw3,xm1ngb27,-0.028705575,hpO: Berufsvereinigung für heilkundlich praktizierte Osteopathie e.V.,Creative approaches to teaching mathematics education with online tools during COVID-19
563ftqw3,hfbpa1um,-0.028699195,hpO: Berufsvereinigung für heilkundlich praktizierte Osteopathie e.V.,The practice of implementing distance learning during the pandemic: A regional aspect
563ftqw3,o91oq0vq,-0.028696315,hpO: Berufsvereinigung für heilkundlich praktizierte Osteopathie e.V.,Acupuncture and Uncertainties in a Changing World: Advice for Practitioners.
563ftqw3,z7tvt0i1,-0.028693205,hpO: Berufsvereinigung für heilkundlich praktizierte Osteopathie e.V.,Informed consent
cfncsjj2,mqvv9992,-0.028687632,Eular 2020: Kurzer Überblick – Praxisrelevant …!,Acknowledgment of Guest Reviewers
ie1oz85q,fnhqcpru,-0.028685685,Clinical characteristics of COVID-19: an analysis of 11 cases,COVID-19 – (k)eine Zumutung?!
563ftqw3,andbr3fz,-0.02868381,hpO: Berufsvereinigung für heilkundlich praktizierte Osteopathie e.V.,Managing the Uncertainty of a Pandemic.
wwie0iem,ykbdxvn1,-0.028678607,Allergikern Ängste nehmen,Impact of COVID-19 on Clinical Research and Inclusion of Diverse Populations.
563ftqw3,ev6vyun3,-0.028676642,hpO: Berufsvereinigung für heilkundlich praktizierte Osteopathie e.V.,"Medical students as service learners: opportunities, risks and recommendations"
wwie0iem,94uzih8a,-0.02867094,Allergikern Ängste nehmen,Spreading of performance fluctuations on real-world project networks
wwie0iem,os6f458c,-0.02866866,Allergikern Ängste nehmen,Recombinant plasmids
563ftqw3,ljizgzwm,-0.028667688,hpO: Berufsvereinigung für heilkundlich praktizierte Osteopathie e.V.,Recent Advances and Future Perspectives in Polymer-Based Nanovaccines
ztqb7yal,563ftqw3,-0.028660815,Achieving sustainable health equity,hpO: Berufsvereinigung für heilkundlich praktizierte Osteopathie e.V.
563ftqw3,zhyzr1rp,-0.028643321,hpO: Berufsvereinigung für heilkundlich praktizierte Osteopathie e.V.,End of Human Life and COVID 19: Heartbreaking experience
hyjweuze,xmb4eywi,-0.028639294,COVID‐19 and nursing research across five countries/regions: Commonalities and recommendations,"Strategieentwicklung ""einfach"" machen"
563ftqw3,3ck30spq,-0.028639106,hpO: Berufsvereinigung für heilkundlich praktizierte Osteopathie e.V.,"Now, more than ever, is the time for evidence-based medicine"
563ftqw3,bi5z0jz0,-0.028631803,hpO: Berufsvereinigung für heilkundlich praktizierte Osteopathie e.V.,From dog days to human years
ye7fqh6a,569u4ivh,-0.028629867,Jetzt anmelden!,Purposes and duties in scientific modelling
ye7fqh6a,9hekilse,-0.02862548,Jetzt anmelden!,Onto other topics
563ftqw3,9cf84djq,-0.028625475,hpO: Berufsvereinigung für heilkundlich praktizierte Osteopathie e.V.,Long COVID: supporting people through the quagmire.
wwie0iem,8vb8z7ta,-0.028619634,Allergikern Ängste nehmen,Economic uncertainty spillover and social networks
emj1wdac,fnhqcpru,-0.028614512,Cardiac considerations in patients with COVID-19,COVID-19 – (k)eine Zumutung?!
wwie0iem,284rthek,-0.028613225,Allergikern Ängste nehmen,State-of-art review of information diffusion models and their impact on social network vulnerabilities
563ftqw3,6vw7cpmv,-0.028609093,hpO: Berufsvereinigung für heilkundlich praktizierte Osteopathie e.V.,Medical Device Development for Children and Young People—Reviewing the Challenges and Opportunities
563ftqw3,dh39bvjx,-0.028602842,hpO: Berufsvereinigung für heilkundlich praktizierte Osteopathie e.V.,Experiences of geriatric nurses in nursing home settings across four countries in the face of the COVID-19 pandemic
563ftqw3,nltfg43n,-0.028602563,hpO: Berufsvereinigung für heilkundlich praktizierte Osteopathie e.V.,"Positioning, satellite imagery, mobile and broadband telecommunications: this is how Space proves essential in the fight against Covid-19"
563ftqw3,gtk50snq,-0.02860054,hpO: Berufsvereinigung für heilkundlich praktizierte Osteopathie e.V.,Solid organ transplantation in the era of COVID-19: lessons from the past six months
wwie0iem,xux6xif0,-0.028596608,Allergikern Ängste nehmen,Factors influencing undergraduate education in an expanding virtual world during COVID-19
563ftqw3,ab70w1oe,-0.028584855,hpO: Berufsvereinigung für heilkundlich praktizierte Osteopathie e.V.,Giving voice to those directly affected by the COVID-19 pandemic - the experience and reflections of a person with dementia.
wwie0iem,lfpvg1ul,-0.028584577,Allergikern Ängste nehmen,Investigation and research on the state of clinical trials during epidemic period of COVID-19
l3yvi2jg,gud4dow5,-0.02858366,"411 Mrd. €, 11,9 %",Problematising reality: the promises and perils of synthetic media
c3em5o7p,fnhqcpru,-0.028582962,News and Views on STAT3 Psychopathology,COVID-19 – (k)eine Zumutung?!
563ftqw3,6gtpuj7c,-0.028581854,hpO: Berufsvereinigung für heilkundlich praktizierte Osteopathie e.V.,Exploring Perceived Importance of a Novel Emergency Food Program during COVID-19 and Program Recipient Characteristics
563ftqw3,75ju19g1,-0.028573476,hpO: Berufsvereinigung für heilkundlich praktizierte Osteopathie e.V.,Zooming Forward: An Advanced Pharmacy Practice Experience Utilizing Virtual Case-Based Learning in Response to COVID-19
563ftqw3,8u7ctxs2,-0.02856121,hpO: Berufsvereinigung für heilkundlich praktizierte Osteopathie e.V.,Impact of covid-19 and what needs to be done
wwie0iem,wdw2pj9g,-0.02855791,Allergikern Ängste nehmen,CEACAM1 recognition by bacterial pathogens is species-specific
563ftqw3,vk9ba60d,-0.028549068,hpO: Berufsvereinigung für heilkundlich praktizierte Osteopathie e.V.,A comparative study between outcomes of an in-person versus online introductory field course
ye7fqh6a,biwnqa3f,-0.028545408,Jetzt anmelden!,Prevention of Infectious Diseases in Athletes
563ftqw3,g73s1l15,-0.028543448,hpO: Berufsvereinigung für heilkundlich praktizierte Osteopathie e.V.,A first voice perspective of people experiencing homelessness on preferences for the end-of-life and end-of-life care during the COVID-19 pandemic
pghhgf0h,xmb4eywi,-0.028541366,Learning from Covid: Three Key Variables,"Strategieentwicklung ""einfach"" machen"
563ftqw3,shl72ztg,-0.028533574,hpO: Berufsvereinigung für heilkundlich praktizierte Osteopathie e.V.,The sports world in the era of COVID-19
563ftqw3,sw4a55jf,-0.028523456,hpO: Berufsvereinigung für heilkundlich praktizierte Osteopathie e.V.,Covid and Changing Contexts for Practice
563ftqw3,a9mbju7x,-0.028522115,hpO: Berufsvereinigung für heilkundlich praktizierte Osteopathie e.V.,Epidemiology and clinical characteristics of COVID- 19 patients requiring critical care in a Tertiary care teaching hospital
563ftqw3,cntpdv5x,-0.028519373,hpO: Berufsvereinigung für heilkundlich praktizierte Osteopathie e.V.,People living in disadvantaged areas faced greater challenges in staying active and using recreational facilities during the COVID-19 pandemic
563ftqw3,ghioxtr7,-0.028515797,hpO: Berufsvereinigung für heilkundlich praktizierte Osteopathie e.V.,Foundational Research Report: Pursuing the Sustainable Development Goals in a World Reshaped by COVID-19 (preprint)
54q7fjap,o49uclco,-0.028513923,For the church community after COVID-19,Keine zusätzliche Gefahr für Allergiker
wwie0iem,bsj0fnvp,-0.0285015,Allergikern Ängste nehmen,The role of social media in primary care
563ftqw3,ihj29czm,-0.028496966,hpO: Berufsvereinigung für heilkundlich praktizierte Osteopathie e.V.,How suboptimal consolidation of care during the COVID-19 pandemic can teach us to do better.
563ftqw3,87s1z1n2,-0.028496966,hpO: Berufsvereinigung für heilkundlich praktizierte Osteopathie e.V.,How Suboptimal Consolidation of Care During the COVID-19 Pandemic Can Teach Us to Do Better
igk0ncq4,w816fcff,-0.02849242,Mehr Impfschutz für Herzkranke,ESICM LIVES 2021: Part 1
igk0ncq4,w7wuy61w,-0.02849242,Mehr Impfschutz für Herzkranke,ESICM LIVES 2021: Part 2
563ftqw3,gsxahg8c,-0.028479278,hpO: Berufsvereinigung für heilkundlich praktizierte Osteopathie e.V.,Impact of Covid-19 on veterinary care.
563ftqw3,nzc2km9k,-0.028477784,hpO: Berufsvereinigung für heilkundlich praktizierte Osteopathie e.V.,Youth digital participation: Now more than ever
wwie0iem,lpx78mvg,-0.028473144,Allergikern Ängste nehmen,The Importance of the Discussion Method in the Undergraduate Business Classroom
563ftqw3,rtoqjlk8,-0.02847278,hpO: Berufsvereinigung für heilkundlich praktizierte Osteopathie e.V.,Community engagement in deprived neighbourhoods during the COVID-19 crisis: perspectives for more resilient and healthier communities
563ftqw3,lhgvhj9z,-0.028471759,hpO: Berufsvereinigung für heilkundlich praktizierte Osteopathie e.V.,"Reflections on the past, present and future of developmental biology."
j4qorvub,xmb4eywi,-0.028469998,Report on the 2021 IACFS/ME research and clinical conference,"Strategieentwicklung ""einfach"" machen"
563ftqw3,kp3donoj,-0.028466893,hpO: Berufsvereinigung für heilkundlich praktizierte Osteopathie e.V.,Clinicians’ Perceptions of the Benefits and Challenges of Teleoncology as Experienced Through the COVID-19 Pandemic: Qualitative Study
ye7fqh6a,auvfnrvc,-0.028465025,Jetzt anmelden!,Welfare Costs of COVID-19: Evidence from U.S. Counties
563ftqw3,vc7sj1m3,-0.02845756,hpO: Berufsvereinigung für heilkundlich praktizierte Osteopathie e.V.,Learning Amidst a Crisis-a Student Perspective on COVID-19
563ftqw3,j036zxcb,-0.02845756,hpO: Berufsvereinigung für heilkundlich praktizierte Osteopathie e.V.,Learning Amidst a Crisis—a Student Perspective on COVID-19
ye7fqh6a,b0bodzuq,-0.028455958,Jetzt anmelden!,Radiological manifestations of COVID-19: key points for the physician
563ftqw3,m9obwish,-0.028455945,hpO: Berufsvereinigung für heilkundlich praktizierte Osteopathie e.V.,Distance learning in the COVID-19 era: Comparison of student and faculty perceptions.
563ftqw3,p9hncq4x,-0.028448846,hpO: Berufsvereinigung für heilkundlich praktizierte Osteopathie e.V.,Protecting and Improving the Lives of Older Adults in the COVID-19 Era.
wwie0iem,cbp5sxnp,-0.028446507,Allergikern Ängste nehmen,Adapting for Unique Settings
563ftqw3,tp2uggth,-0.028446099,hpO: Berufsvereinigung für heilkundlich praktizierte Osteopathie e.V.,Business Communication Lessons in Agility: Introduction to the Special Issue on the COVID-19 Pandemic
ye7fqh6a,1mcyqmwx,-0.028439038,Jetzt anmelden!,Acknowledging the Burdens of 'Blackness'
563ftqw3,gkfmjfbw,-0.028437676,hpO: Berufsvereinigung für heilkundlich praktizierte Osteopathie e.V.,"A virtual care blueprint: How digital health technologies can improve health outcomes, patient experience, and cost effectiveness"
563ftqw3,oxub62zn,-0.028432747,hpO: Berufsvereinigung für heilkundlich praktizierte Osteopathie e.V.,Hold My Hand: Connecting through Telehealth.
ye7fqh6a,kipih0gg,-0.028432557,Jetzt anmelden!,Three decades of the Human Genome Organization.
b0bodzuq,xmb4eywi,-0.028422374,Radiological manifestations of COVID-19: key points for the physician,"Strategieentwicklung ""einfach"" machen"
v8saac4r,fnhqcpru,-0.028421296,Commercial Sexual Exploitation of Children: Indicators and Recommended Inquiries and Responses for Social Workers,COVID-19 – (k)eine Zumutung?!
563ftqw3,n9g18goj,-0.028420145,hpO: Berufsvereinigung für heilkundlich praktizierte Osteopathie e.V.,How to Budget for Covid-19 Response?
563ftqw3,fvxo7xuc,-0.02841621,hpO: Berufsvereinigung für heilkundlich praktizierte Osteopathie e.V.,How can aspects of quality of life be incorporated into corporate social responsibility strategies to achieve work life balance?
wj5x7m7d,ujsb6ebp,-0.02841593,COVID-19: Descifrando el acertijo cardiológico,Hearts of Athletes
wwie0iem,uksiponi,-0.028414663,Allergikern Ängste nehmen,Competences in the Field of Finance – Results of a Population Survey
563ftqw3,lb09xynk,-0.02840883,hpO: Berufsvereinigung für heilkundlich praktizierte Osteopathie e.V.,Satisfaction of the Use of Telehealth and Access to Care for Veterans During the COVID-19 Pandemic.
563ftqw3,fjl7vh36,-0.028402949,hpO: Berufsvereinigung für heilkundlich praktizierte Osteopathie e.V.,"Pandemic pedagogy challenges and opportunities: instruction communication in remote, HyFlex, and BlendFlex courses"
l3yvi2jg,51670qld,-0.028391173,"411 Mrd. €, 11,9 %",An operational architecture for privacy-by-design in public service applications
563ftqw3,5mokd8jx,-0.028384779,hpO: Berufsvereinigung für heilkundlich praktizierte Osteopathie e.V.,Manufacturing Realities: Truth Is What You Can Get Away With
wwie0iem,6peibscl,-0.028375773,Allergikern Ängste nehmen,Clinical characteristics of 50 cases of suspected COVID-19 in Nanning
wwie0iem,pj0r493w,-0.028371181,Allergikern Ängste nehmen,Estimation of the basic reproduction rate (R0) of the novel coronavirus (COVID-19)
84yq3oyz,e8wkqf7s,-0.028367884,COVID-19: No Visitors.,Auswirkungen der Coronapandemie auf soziale Netzwerke in Risikofamilien
ye7fqh6a,5yqbnwfk,-0.028365988,Jetzt anmelden!,Determinants of COVID-19 disease severity in patients with cancer.
gdqv1q45,zfjzixe6,-0.028365867,Komplexe Gerinnungsstörungen,Cities and communities beyond COVID-19
ye7fqh6a,c5cvwoux,-0.028364241,Jetzt anmelden!,Transient virulence of emerging pathogens.
ulqajban,l3yvi2jg,-0.028361188,The expanding vulnerabilities of being UTXless,"411 Mrd. €, 11,9 %"
563ftqw3,nv3tb17g,-0.028360752,hpO: Berufsvereinigung für heilkundlich praktizierte Osteopathie e.V.,Covid-19: prioritising rehabilitation when mortality figures dominate the headlines
563ftqw3,2uaj1iw1,-0.02835543,hpO: Berufsvereinigung für heilkundlich praktizierte Osteopathie e.V.,Communicating with Companions. The Impact of Companion Empowerment and Companion Literacy on the Well-being of Elderly Patients.
563ftqw3,o9ri846y,-0.028353842,hpO: Berufsvereinigung für heilkundlich praktizierte Osteopathie e.V.,Together at all times: committed to quality.
563ftqw3,kusslhga,-0.028346116,hpO: Berufsvereinigung für heilkundlich praktizierte Osteopathie e.V.,Emergent neologism: A study of an emerging meaning with competing forms based on the first six months of COVID-19
563ftqw3,jb3ay26w,-0.028344525,hpO: Berufsvereinigung für heilkundlich praktizierte Osteopathie e.V.,Age Advantages in Emotional Experience Persist Even Under Threat From the COVID-19 Pandemic.
563ftqw3,v8fksj6j,-0.028340438,hpO: Berufsvereinigung für heilkundlich praktizierte Osteopathie e.V.,The Views of People Who Experienced the Reduction of the Concerns in the COVID-19 Quarantine Process by Making Physical Activity at Home
70ikknhe,cfncsjj2,-0.028332837,Guest Editors,Eular 2020: Kurzer Überblick – Praxisrelevant …!
563ftqw3,bjdyv2lh,-0.028332584,hpO: Berufsvereinigung für heilkundlich praktizierte Osteopathie e.V.,Patient and staff satisfaction of physiotherapy delivered remotely during the COVID-19 pandemic: A service evaluation
563ftqw3,5onl91ng,-0.028318146,hpO: Berufsvereinigung für heilkundlich praktizierte Osteopathie e.V.,Covid-19 claims and the law of international responsibility
wwie0iem,lf8kx7yb,-0.028315522,Allergikern Ängste nehmen,Metaverse: Security and Privacy Concerns
l3yvi2jg,87trlb6l,-0.02831488,"411 Mrd. €, 11,9 %",[The political philosophy of care as a civilisational horizon]
563ftqw3,5tdcvfaz,-0.028303808,hpO: Berufsvereinigung für heilkundlich praktizierte Osteopathie e.V.,Chapter 4. Concluding Observations and Resources
70yi1yhf,fnhqcpru,-0.028303105,Bacterial vaccines in poultry,COVID-19 – (k)eine Zumutung?!
gdqv1q45,e1m1j70u,-0.028296027,Komplexe Gerinnungsstörungen,[Eight persistent COVID-19 myths and why some people still believe them]
gdqv1q45,iwayzmhq,-0.028296027,Komplexe Gerinnungsstörungen,[Eight persistent COVID-19 myths and why some people still believe them].
wwie0iem,q6ad465u,-0.028287804,Allergikern Ängste nehmen,Automated Algebraic Reasoning for Collections and Local Variables with Lenses
563ftqw3,806znsci,-0.028280023,hpO: Berufsvereinigung für heilkundlich praktizierte Osteopathie e.V.,Can employers mandate their employees receive the COVID-19 vaccine?
9yhmbsa6,xmb4eywi,-0.028279116,Challenges and Perspectives for Biosensing of Bioaerosol Containing Pathogenic Microorganisms,"Strategieentwicklung ""einfach"" machen"
wwie0iem,kaljjpcf,-0.028267069,Allergikern Ängste nehmen,JMFT Annual Report 2020
5curxbub,fnhqcpru,-0.028257484,Contributing factors of cyberbullying behavior among youths during COVID-19,COVID-19 – (k)eine Zumutung?!
563ftqw3,dm295jon,-0.028234981,hpO: Berufsvereinigung für heilkundlich praktizierte Osteopathie e.V.,Hindsight bias and outcome bias in judging directors' liability and the role of free will beliefs
x06nmmi6,fnhqcpru,-0.028234486,Evaluation of prognostic indicators for COVID⁃19 patients with diabetes,COVID-19 – (k)eine Zumutung?!
563ftqw3,q6g15704,-0.02823192,hpO: Berufsvereinigung für heilkundlich praktizierte Osteopathie e.V.,Face masks: all for one and one for all
563ftqw3,n2pvp8pm,-0.028231539,hpO: Berufsvereinigung für heilkundlich praktizierte Osteopathie e.V.,The Military Treatment Facility COVID-19 Response in an Isolated Rural Environment: Challenges and Lessons Learned
n0n0mtpn,igk0ncq4,-0.028231047,Rationale for the Existence of Zoos,Mehr Impfschutz für Herzkranke
563ftqw3,e56ss2oh,-0.028230255,hpO: Berufsvereinigung für heilkundlich praktizierte Osteopathie e.V.,"Raise the Level of Airport Professional Performance: A Challenge in the ""Land of No One Belonging to Everyone"""
wwie0iem,ewersik9,-0.028227365,Allergikern Ängste nehmen,While we have your attention
8f2e9fxq,xmyau15m,-0.028222274,Onze hersenen: onze achtbaan,Inference Claims
k0vda7fy,xmb4eywi,-0.028222237,Clinical features of rotavirus gastroenteritis,"Strategieentwicklung ""einfach"" machen"
ttwabrpm,igk0ncq4,-0.028213011,Revascularization in COVID-19 patients with renal infarction.,Mehr Impfschutz für Herzkranke
563ftqw3,vw4it974,-0.028212693,hpO: Berufsvereinigung für heilkundlich praktizierte Osteopathie e.V.,Body Appreciation as a Factor Associated with College Students’ Willingness to Receive Future COVID-19 Vaccines
563ftqw3,hyjweuze,-0.028210541,hpO: Berufsvereinigung für heilkundlich praktizierte Osteopathie e.V.,COVID‐19 and nursing research across five countries/regions: Commonalities and recommendations
wwie0iem,mlfz6zq8,-0.028206915,Allergikern Ängste nehmen,The Concept of Granular Representation of the Information Potential of Variables
563ftqw3,zu9a0tfq,-0.028202295,hpO: Berufsvereinigung für heilkundlich praktizierte Osteopathie e.V.,"A Review of Pediatric Critical Care in Resource-Limited Settings: A Look at Past, Present, and Future Directions"
563ftqw3,1slml3gh,-0.028198479,hpO: Berufsvereinigung für heilkundlich praktizierte Osteopathie e.V.,The COVID summer of 2020
563ftqw3,w4mhdohd,-0.028198479,hpO: Berufsvereinigung für heilkundlich praktizierte Osteopathie e.V.,The COVID summer of 2020.
ndlbvu47,o49uclco,-0.028192263,Chapter 12 - Case studies on COVID-19 and environment,Keine zusätzliche Gefahr für Allergiker
9k9efw92,fnhqcpru,-0.028190345,Shondhi: Connecting Parents and Teachers of Children with Autism in Bangladesh (preprint),COVID-19 – (k)eine Zumutung?!
wwie0iem,0ax26o75,-0.028185187,Allergikern Ängste nehmen,Inhaltsverzeichnis / Table of Contents
563ftqw3,qj2v6v8w,-0.028183512,hpO: Berufsvereinigung für heilkundlich praktizierte Osteopathie e.V.,Language teacher agency in emergency online teaching
563ftqw3,q3kynzyp,-0.02818311,hpO: Berufsvereinigung für heilkundlich praktizierte Osteopathie e.V.,COVID-19 pandemic and remote teaching: transition and transformation in nursing education.
97u1uvpc,xmb4eywi,-0.028178351,COVID-19 in adults with dementia: clinical features and risk factors of mortality—a clinical cohort study on 125 patients,"Strategieentwicklung ""einfach"" machen"
igk0ncq4,z5s3mwnk,-0.028177302,Mehr Impfschutz für Herzkranke,Vaccines for travelers.
vqqb0ps8,8f2e9fxq,-0.02817556,Micronutrients as a Possible and Modifiable Risk Factor for COVID-19 During Pregnancy,Onze hersenen: onze achtbaan
ye7fqh6a,uaejbpj5,-0.028169496,Jetzt anmelden!,Pathogenesis of pneumoperitoneum in a COVID-19 patients()
wwie0iem,77b2ke0g,-0.028168267,Allergikern Ängste nehmen,COVID-19 in the light of current clinical eye research
563ftqw3,stgx36h5,-0.028167728,hpO: Berufsvereinigung für heilkundlich praktizierte Osteopathie e.V.,Survey of the Impact of COVID-19 on Oncologists’ Decision Making in Cancer
563ftqw3,hoocg4j4,-0.028167723,hpO: Berufsvereinigung für heilkundlich praktizierte Osteopathie e.V.,Survey of the Impact of COVID-19 on Oncologists' Decision Making in Cancer
563ftqw3,mh3n23hj,-0.028166333,hpO: Berufsvereinigung für heilkundlich praktizierte Osteopathie e.V.,The Value of Adapting Clinical Reasoning Teaching Methods
mvzm5upk,xmb4eywi,-0.028160553,Dermatophilosis in captive tortoises.,"Strategieentwicklung ""einfach"" machen"
o49uclco,yx3afpdp,-0.028136311,Keine zusätzliche Gefahr für Allergiker,Pathology in Practice.
563ftqw3,1uz5ivjm,-0.028135642,hpO: Berufsvereinigung für heilkundlich praktizierte Osteopathie e.V.,Vaccine uptake and constrained decision making: The case of Covid-19
563ftqw3,abkoxhxw,-0.028126555,hpO: Berufsvereinigung für heilkundlich praktizierte Osteopathie e.V.,Leadership in times of crisis. School principals facing COVID-19
wwie0iem,9ykwgtxj,-0.028125495,Allergikern Ängste nehmen,Reportable diseases.
563ftqw3,8d79k64l,-0.02811534,hpO: Berufsvereinigung für heilkundlich praktizierte Osteopathie e.V.,Pediatric patients with dog bites presenting to US children’s hospitals
8nf7dk1c,fnhqcpru,-0.028108347,Factors Associated with the Participation of Older Adults in Cultural and Sports Activities,COVID-19 – (k)eine Zumutung?!
563ftqw3,fwc4nx8y,-0.02810778,hpO: Berufsvereinigung für heilkundlich praktizierte Osteopathie e.V.,Encouraging Ethical Behavior of Students.
gb5xsh5z,fnhqcpru,-0.028106693,Youth sport in the time of COVID-19: considerations for researchers and practitioners,COVID-19 – (k)eine Zumutung?!
7a1oo55e,o49uclco,-0.028102443,Assessment of risk scores in Covid-19,Keine zusätzliche Gefahr für Allergiker
o49uclco,m5c78wyt,-0.028102443,Keine zusätzliche Gefahr für Allergiker,"""Assessment of risk scores in covid-19""."
b5d032uv,xmb4eywi,-0.028102126,Contributions and Challenges in Health Lifestyles Research.,"Strategieentwicklung ""einfach"" machen"
563ftqw3,fx6wf3ka,-0.028095974,hpO: Berufsvereinigung für heilkundlich praktizierte Osteopathie e.V.,Overcoming my writing guilt: writing in lockdown
ns9lolzv,nd04s2mc,-0.028092252,JLT and the Coronavirus,ISBER in the Time of COVID.
ns9lolzv,9267wmk5,-0.028092233,JLT and the Coronavirus,SBiRM in the time of COVID-19
fr532ubx,fnhqcpru,-0.02808578,Considerations for Management of Craniomaxillofacial Trauma in COVID-19 Patients,COVID-19 – (k)eine Zumutung?!
auvfnrvc,xmb4eywi,-0.028085772,Welfare Costs of COVID-19: Evidence from U.S. Counties,"Strategieentwicklung ""einfach"" machen"
00ec5g3a,ostng96s,-0.028083703,Risk Factors for COVID-19,"Anmerkung zu OVG Berlin-Brandenburg, Beschl. v. 4.1.2021 – OVG 11 S 132/20:"
qxwb40mu,ye7fqh6a,-0.028081803,Beliefs about sensitive parenting among mothers of children with disabilities,Jetzt anmelden!
ha4624g4,9ym10j5d,-0.028081454,Challenges of COVID-19,COVID-19: Kann Geld ein Infektionsherd sein?
taylx8ax,rtgl9ft0,-0.028077653,ESICM LIVES 2020,Schwarze Haarknötchenkrankheit
563ftqw3,zyeob8u7,-0.02807315,hpO: Berufsvereinigung für heilkundlich praktizierte Osteopathie e.V.,Molnupiravir might be dangerous without clarification of its indications
ofz4dywk,aapnfz9h,-0.028070843,/ Aktuell /,"Pride, comradery during COVID-19"
563ftqw3,5vnrll1v,-0.028067691,hpO: Berufsvereinigung für heilkundlich praktizierte Osteopathie e.V.,Introduction: The Paradoxes and Worries in Contemporary Times
4p6wbd0h,o49uclco,-0.02806497,Screening figures,Keine zusätzliche Gefahr für Allergiker
o49uclco,47w6f5uk,-0.028061055,Keine zusätzliche Gefahr für Allergiker,Outcomes of COVID-19 in the community: A prospective cohort study
ye7fqh6a,5zhh9dbe,-0.028061004,Jetzt anmelden!,Factors affecting COVID-19 cases before epidemic peaks()
563ftqw3,tkgi151a,-0.028053071,hpO: Berufsvereinigung für heilkundlich praktizierte Osteopathie e.V.,Response to Letter Regarding “How Should the Rehabilitation Community Prepare for 2019-nCoV?”
563ftqw3,n0ekkyd9,-0.02805279,hpO: Berufsvereinigung für heilkundlich praktizierte Osteopathie e.V.,Decision-Making and Relationship Competence When Reporting Suspected Physical Abuse and Child Neglect: An Objective Structured Clinical Evaluation
wwie0iem,5tnm2lzy,-0.028050164,Allergikern Ängste nehmen,Covid-19 Interior and Architectural Design Solutions for Educational Workshops
l3yvi2jg,o0obl41u,-0.028048124,"411 Mrd. €, 11,9 %",COVID-19: …Order!
igk0ncq4,nscqqgbu,-0.02804728,Mehr Impfschutz für Herzkranke,CONTAGIOUS DISEASES.
563ftqw3,d5dfmim9,-0.028046116,hpO: Berufsvereinigung für heilkundlich praktizierte Osteopathie e.V.,The Use of Technology in Managing Diabetes in Youth Part 3-Special Considerations: Integration Into the School Setting
563ftqw3,gjm5nn8p,-0.028043112,hpO: Berufsvereinigung für heilkundlich praktizierte Osteopathie e.V.,Riders Who Avoided Public Transit During COVID-19
563ftqw3,4kpjfnsf,-0.028042598,hpO: Berufsvereinigung für heilkundlich praktizierte Osteopathie e.V.,The Chair's Role in Leveraging Multigenerational Workforce Strategies in Times of Crisis
563ftqw3,nwyrkwyr,-0.028041799,hpO: Berufsvereinigung für heilkundlich praktizierte Osteopathie e.V.,Profits as the Basis of Strategy
563ftqw3,aoxaz5wa,-0.028041178,hpO: Berufsvereinigung für heilkundlich praktizierte Osteopathie e.V.,"Determining consumers' choice criteria for hospital services: A study among public, private and institutional hospitals"
563ftqw3,krc7qj5z,-0.028033238,hpO: Berufsvereinigung für heilkundlich praktizierte Osteopathie e.V.,"""Sheroes"": Celebrating Women in Medicine Month During the time of COVID-19"
563ftqw3,sy86fnv8,-0.02803095,hpO: Berufsvereinigung für heilkundlich praktizierte Osteopathie e.V.,The World after COVID
563ftqw3,9hiozqr4,-0.028029017,hpO: Berufsvereinigung für heilkundlich praktizierte Osteopathie e.V.,Assessment and Management of Long COVID
563ftqw3,u68h880f,-0.028010897,hpO: Berufsvereinigung für heilkundlich praktizierte Osteopathie e.V.,"Vexing, Veiled, and Inequitable: Social Distancing and the ""Rights"" Divide in the Age of COVID-19"
igk0ncq4,k5lx8cmg,-0.027999936,Mehr Impfschutz für Herzkranke,Surviving syndemics.
ungitgh9,fnhqcpru,-0.027994277,Clinical Conditions,COVID-19 – (k)eine Zumutung?!
l3yvi2jg,9h3f4rlx,-0.027979946,"411 Mrd. €, 11,9 %",The realities of lockdown and looking to the future
i35eemj0,o49uclco,-0.027972065,Image in keeping in mind,Keine zusätzliche Gefahr für Allergiker
563ftqw3,czptyqui,-0.027968736,hpO: Berufsvereinigung für heilkundlich praktizierte Osteopathie e.V.,Strategic management accounting and performance implications: a literature review and research agenda
nz1p2jr4,8f2e9fxq,-0.02796791,Experiments of Concern,Onze hersenen: onze achtbaan
o85b3q0b,ze1mc7f3,-0.027963366,Questions and answers,La feminización de la pandemia COVID19 en México
563ftqw3,4nv1kedt,-0.02795963,hpO: Berufsvereinigung für heilkundlich praktizierte Osteopathie e.V.,Children and the COVID-19 pandemic.
563ftqw3,wligtzin,-0.027949821,hpO: Berufsvereinigung für heilkundlich praktizierte Osteopathie e.V.,"Breaking the chain of malnutrition: Opportunities, challenges and actions."
563ftqw3,c6m8njy6,-0.027945548,hpO: Berufsvereinigung für heilkundlich praktizierte Osteopathie e.V.,Family-supportive supervisor behaviors and employee turnover intention in the foodservice industry: does gender matter?
563ftqw3,vrz2ux4j,-0.027943278,hpO: Berufsvereinigung für heilkundlich praktizierte Osteopathie e.V.,Student outcomes of an international learning collaborative to develop patient safety and quality competencies in nursing.
7w6uh6b7,raeogzmi,-0.027942503,Infektionsrisiken bei Ultraschalldiagnostik minimieren,Mustelids
wfuz46le,raeogzmi,-0.027942503,Akutes Nierenversagen bei COVID-19,Mustelids
t07y9kzw,raeogzmi,-0.027942503,COVID-19: Vorsicht bei steigenden Leberwerten,Mustelids
raeogzmi,ye6wuwgd,-0.027942503,Mustelids,Pneumonien bei immunsupprimierten Patienten
raeogzmi,l65bmye0,-0.027942503,Mustelids,Arzneipflanzen bei Covid-19
raeogzmi,jnmryxmr,-0.027942503,Mustelids,Kopfschmerz bei COVID-19
raeogzmi,j759pbd2,-0.027942503,Mustelids,Infektionen bei Organtransplantationen
563ftqw3,2ezbag6f,-0.027938414,hpO: Berufsvereinigung für heilkundlich praktizierte Osteopathie e.V.,"Positioning Talent: History, Cities and the Growing Importance of Talent"
563ftqw3,nnc2iult,-0.027933853,hpO: Berufsvereinigung für heilkundlich praktizierte Osteopathie e.V.,Women’s Leadership in the COVID-19 Pandemic
563ftqw3,bhcbch96,-0.027931837,hpO: Berufsvereinigung für heilkundlich praktizierte Osteopathie e.V.,Nutritional advice for those with or recovering from Covid-19
563ftqw3,5otaeomt,-0.027926058,hpO: Berufsvereinigung für heilkundlich praktizierte Osteopathie e.V.,Special issue on “Global water management under COVID-19 and beyond – Challenges and lessons learned”
kzbb3g8g,563ftqw3,-0.027921751,Breaking the psychological contract of travel agency employees during the COVID-19 pandemic: The moderating role of mindfulness,hpO: Berufsvereinigung für heilkundlich praktizierte Osteopathie e.V.
l3yvi2jg,784gmskn,-0.027921308,"411 Mrd. €, 11,9 %","Population, Ecological Footprint and the Sustainable Development Goals"
563ftqw3,9lxvjgzj,-0.027914938,hpO: Berufsvereinigung für heilkundlich praktizierte Osteopathie e.V.,A role for lived experience mental health leadership in the age of Covid-19
563ftqw3,pd6mtn11,-0.027912796,hpO: Berufsvereinigung für heilkundlich praktizierte Osteopathie e.V.,Effectiveness of stay-in-place-orders during COVID-19 pandemic: Evidence from US border counties.
0wiwegsd,fnhqcpru,-0.027898764,Masks and Face Covers: Challenges for Health Care Workers,COVID-19 – (k)eine Zumutung?!
563ftqw3,pyx5lmc6,-0.027889483,hpO: Berufsvereinigung für heilkundlich praktizierte Osteopathie e.V.,Pandemic as revelation
moor7dfc,igk0ncq4,-0.027876688,Feline Vaccination Guidelines,Mehr Impfschutz für Herzkranke
563ftqw3,w4f1871w,-0.027874537,hpO: Berufsvereinigung für heilkundlich praktizierte Osteopathie e.V.,Impacts of COVID-19 related stay-at-home restrictions on residential electricity use and implications for future grid stability
olmein3q,i6n1s6pq,-0.02786925,Bats and Coronaviruses,Erst einmal durchatmen!
i6n1s6pq,5d3546nd,-0.02786925,Erst einmal durchatmen!,Coronaviruses in Bats
l3yvi2jg,auffsn58,-0.027868526,"411 Mrd. €, 11,9 %",Reflecting on grounded: A lens on covid through screendance
563ftqw3,gglm622u,-0.027867507,hpO: Berufsvereinigung für heilkundlich praktizierte Osteopathie e.V.,"""Not Quite Bedside"" Teaching During the COVID-19 Pandemic."
563ftqw3,pjl5bank,-0.02786386,hpO: Berufsvereinigung für heilkundlich praktizierte Osteopathie e.V.,Leveraging Simulation and Virtual Reality for a Long Term Care Facility Service Robot during COVID-19
ye7fqh6a,rd15fye1,-0.027859474,Jetzt anmelden!,Characteristics of Elderly Care Work That Influence Care Workers’ Turnover Intentions
jd9r3usb,fnhqcpru,-0.027859336,Adults' expectations on children's earthquake-related emotions and coping strategies,COVID-19 – (k)eine Zumutung?!
563ftqw3,nzfc03q2,-0.02783083,hpO: Berufsvereinigung für heilkundlich praktizierte Osteopathie e.V.,"Physical Distancing, Remote Learning, Essential Research, and All Things COVID-19"
563ftqw3,uzrrwwrp,-0.027826924,hpO: Berufsvereinigung für heilkundlich praktizierte Osteopathie e.V.,The Willingness of the Elderly to Choose Nursing Care: Evidence From in China
6591nkx1,68mdn98l,-0.02782422,Reply to Nagappa and Marimuthu,Pneumatosis sinistralis
68mdn98l,jfrk3o5d,-0.02782422,Pneumatosis sinistralis,Reply to M Speeckaert and J Delanghe.
68mdn98l,sbpd99n0,-0.02782422,Pneumatosis sinistralis,Reply to I. Nishino and J. Tanboon.
68mdn98l,9baisu73,-0.02782422,Pneumatosis sinistralis,In Reply to Guragai
563ftqw3,hwo0helx,-0.027820572,hpO: Berufsvereinigung für heilkundlich praktizierte Osteopathie e.V.,[COVID-19: The Intensive Care Point-of-View].
563ftqw3,a731rcyy,-0.027820438,hpO: Berufsvereinigung für heilkundlich praktizierte Osteopathie e.V.,'We are always lagging behind the facts': Experiences from the general practice at the time of COVID-19
ewersik9,d6su39tw,-0.02781924,While we have your attention,Erfolgreiche Behandlung eines drittgradigen Pleuraempyems infolge einer COVID-19-Infektion
563ftqw3,ygx3flw9,-0.027818402,hpO: Berufsvereinigung für heilkundlich praktizierte Osteopathie e.V.,From Bench to Bedside: Patience is a Virtue-A Time to Reflect and Reevaluate Surgical Indications
wwie0iem,v4kxrxwo,-0.027815433,Allergikern Ängste nehmen,The resource regions resilience in the conditions of Industry 4.0. and the COVID-19 pandemic: theoretical and applied aspects
563ftqw3,unnzcppj,-0.027812155,hpO: Berufsvereinigung für heilkundlich praktizierte Osteopathie e.V.,A book to fix the gap between theory and reality in shared decision making
563ftqw3,zvp65pk9,-0.027795007,hpO: Berufsvereinigung für heilkundlich praktizierte Osteopathie e.V.,Impact of COVID-19 pandemic on dental academia. Students’ experience in online education and expectations for a predictable practice
563ftqw3,hhfdzjct,-0.027789485,hpO: Berufsvereinigung für heilkundlich praktizierte Osteopathie e.V.,"Health Disparities, COVID-19, and Owning Our Share"
563ftqw3,2b89vs7v,-0.027789453,hpO: Berufsvereinigung für heilkundlich praktizierte Osteopathie e.V.,Is the Immunization of Pregnant Women against COVID-19 Justified?
563ftqw3,qfr6dqg2,-0.02778754,hpO: Berufsvereinigung für heilkundlich praktizierte Osteopathie e.V.,Responsible Prediction Making of COVID-19 Mortality (Student Abstract)
wdkxedb9,l3yvi2jg,-0.027782632,Medium-Term Outcomes in COVID-19,"411 Mrd. €, 11,9 %"
563ftqw3,gxz7qz6g,-0.027781669,hpO: Berufsvereinigung für heilkundlich praktizierte Osteopathie e.V.,How can dementia and disability be prevented in older adults: where are we today and where are we going?
ofz4dywk,pwwj25i3,-0.027775254,/ Aktuell /,"A Few Steps Forward, A Few Steps Back"
563ftqw3,zvnhwbiz,-0.027771197,hpO: Berufsvereinigung für heilkundlich praktizierte Osteopathie e.V.,Seventy years of haemophilia care: A personal perspective.
s86t1am9,b3grnj7r,-0.027770028,Courses and Conferences.,"""Ein guter Vertriebler braucht Gespür für das Machbare"""
47w6f5uk,fnhqcpru,-0.027759379,Outcomes of COVID-19 in the community: A prospective cohort study,COVID-19 – (k)eine Zumutung?!
563ftqw3,av8cht8n,-0.027759247,hpO: Berufsvereinigung für heilkundlich praktizierte Osteopathie e.V.,Experience of Parents of Children with Genetically Determined Leukoencephalopathies Regarding the Adapted Health Care Services During the COVID-19 Pandemic
563ftqw3,23c0z43b,-0.02775441,hpO: Berufsvereinigung für heilkundlich praktizierte Osteopathie e.V.,Constructive debate: A task for all pharmacy leaders
bkt0ygx1,fnhqcpru,-0.02774994,The Lives or Livelihoods? The Coronavirus Dilemma for Administrations,COVID-19 – (k)eine Zumutung?!
wwie0iem,2qxv4okg,-0.027749266,Allergikern Ängste nehmen,Impact of Covid-19 on field and office workforce in construction industry
563ftqw3,tkmt0cbz,-0.027748846,hpO: Berufsvereinigung für heilkundlich praktizierte Osteopathie e.V.,Institutional Responsibility is Prior to Personal Responsibility in a Pandemic
563ftqw3,50krm4sm,-0.027746724,hpO: Berufsvereinigung für heilkundlich praktizierte Osteopathie e.V.,A Guide to Empowering Frontline Nurses and Healthcare Clinicians Through Evidence-Based Innovation Leadership During COVID-19 and Beyond.
wwie0iem,t0k9ojor,-0.027734831,Allergikern Ängste nehmen,Research on adaptive transmission and controls of COVID-19 on the basis of a complex network
563ftqw3,4svk6zyj,-0.027732985,hpO: Berufsvereinigung für heilkundlich praktizierte Osteopathie e.V.,Effect of Wearing Surgical Face Masks During Exercise: Does Intensity Matter?
563ftqw3,0t4yj1be,-0.02772899,hpO: Berufsvereinigung für heilkundlich praktizierte Osteopathie e.V.,The Functional Psychotherapy Approach: A Process-Outcome Multiple Case Study
563ftqw3,qx5282gd,-0.027720988,hpO: Berufsvereinigung für heilkundlich praktizierte Osteopathie e.V.,Explicit Categorization Goals Affect Attention-Related Processing of Race and Gender During Person Construal.
wwie0iem,tul40nyy,-0.027717264,Allergikern Ängste nehmen,Strategies for Disseminating and Implementing COVID-19 Public Health Prevention Practices in Rural Areas.
563ftqw3,08kzfwrn,-0.027714951,hpO: Berufsvereinigung für heilkundlich praktizierte Osteopathie e.V.,Collaborative learning without sharing data
563ftqw3,vtco0hud,-0.027705926,hpO: Berufsvereinigung für heilkundlich praktizierte Osteopathie e.V.,Rhythms in neurometabolism decline with age.
563ftqw3,ysccpnxi,-0.027705787,hpO: Berufsvereinigung für heilkundlich praktizierte Osteopathie e.V.,"International Overdose Awareness Day: a time to remember, a time to act, a time for evidence"
ye7fqh6a,nxj0zupy,-0.02770574,Jetzt anmelden!,"Clinicians, Cooks and Cashiers: Examining Health Equity and the Covid-19 Risks to Essential Workers"
563ftqw3,9nf5h678,-0.027699932,hpO: Berufsvereinigung für heilkundlich praktizierte Osteopathie e.V.,Administration of end-of-life drugs by family caregivers during covid-19: opportunity for future home prescribing plans
wwie0iem,sp72v81s,-0.027699417,Allergikern Ängste nehmen,Addressing the Social Determinants of Health
chyt6il3,wwie0iem,-0.027696937,Major Trends in Population Growth Around the World,Allergikern Ängste nehmen
bgmvn8kb,ozyazewv,-0.027687728,Newborns at risk of COVID-19,Zertifizierungen von EndoCert: in Zeiten von COVID-19
igk0ncq4,4f2o4kpz,-0.02767325,Mehr Impfschutz für Herzkranke,APICURON: a database to credit and acknowledge the work of biocurators
563ftqw3,evyq9za3,-0.027670225,hpO: Berufsvereinigung für heilkundlich praktizierte Osteopathie e.V.,Cultural and individual characteristics in adopting computer-supported collaborative learning during covid-19 outbreak: Willingness or obligatory to accept technology?
563ftqw3,4j8gkm47,-0.027661186,hpO: Berufsvereinigung für heilkundlich praktizierte Osteopathie e.V.,COVID-19 and Academia: Considering the Future of Academic Conferencing
563ftqw3,sf6dp07d,-0.027658531,hpO: Berufsvereinigung für heilkundlich praktizierte Osteopathie e.V.,Effects of COVID-19: Redefining Work from home & Employee Engagement
yevdupvi,fnhqcpru,-0.027652362,Assessment of neurological manifestations in hospitalized patients with COVID‐19,COVID-19 – (k)eine Zumutung?!
563ftqw3,h0bueywh,-0.027650315,hpO: Berufsvereinigung für heilkundlich praktizierte Osteopathie e.V.,Empowering Nurses: Communicating Potential Medication Misuse.
563ftqw3,t3hu1spe,-0.027648177,hpO: Berufsvereinigung für heilkundlich praktizierte Osteopathie e.V.,Rapidly going virtual without sacrificing quality: Adapting instruction for an engineering design course
563ftqw3,bt2wx0oe,-0.027645476,hpO: Berufsvereinigung für heilkundlich praktizierte Osteopathie e.V.,Covid Diaries: Women's Experiences of the Pandemic
563ftqw3,dnt9sb5c,-0.027644755,hpO: Berufsvereinigung für heilkundlich praktizierte Osteopathie e.V.,"Artificial Intelligence in Healthcare: Foundations, Opportunities and Challenges"
qrot4o69,o49uclco,-0.027644336,Profiling the IgOme: Meeting the challenge(),Keine zusätzliche Gefahr für Allergiker
563ftqw3,dbayxi9c,-0.027642265,hpO: Berufsvereinigung für heilkundlich praktizierte Osteopathie e.V.,Covid-19. How does it affect to the physical exercise in physicians?()
563ftqw3,beid391p,-0.027642265,hpO: Berufsvereinigung für heilkundlich praktizierte Osteopathie e.V.,Covid-19. How does it affect to the physical exercise in physicians?
ha4624g4,o49uclco,-0.027636377,Challenges of COVID-19,Keine zusätzliche Gefahr für Allergiker
n0oc62t2,o49uclco,-0.027636293,"Haloferax volcanii for biotechnology applications: challenges, current state and perspectives",Keine zusätzliche Gefahr für Allergiker
563ftqw3,tlmnsmj6,-0.027633663,hpO: Berufsvereinigung für heilkundlich praktizierte Osteopathie e.V.,Comparison of Telehealth Related Ethics and Guidelines and a Checklist for Ethical Decision-making in Midst of the COVID-19 Pandemic
ye7fqh6a,0wl6zgm3,-0.027632698,Jetzt anmelden!,Teaching Architecture for Tertiary Students during Covid-19: Issues & Reflections
563ftqw3,z12aa4un,-0.02763265,hpO: Berufsvereinigung für heilkundlich praktizierte Osteopathie e.V.,A Framework for Human-Robot-Human Physical Interaction Based on N-Player Game Theory.
wwie0iem,t8aaz6vm,-0.027626839,Allergikern Ängste nehmen,COVID-19: Comparing the applicability of shared room and single room occupancy
8pvxrg4y,fnhqcpru,-0.02762062,E-learning challenges faced by learners in education institutions,COVID-19 – (k)eine Zumutung?!
563ftqw3,k0edkmmq,-0.02761983,hpO: Berufsvereinigung für heilkundlich praktizierte Osteopathie e.V.,Author response: Understanding and addressing gender equity for women in neurology
563ftqw3,n14dw00d,-0.027612904,hpO: Berufsvereinigung für heilkundlich praktizierte Osteopathie e.V.,Welcome all
ye7fqh6a,aeneu2es,-0.027610734,Jetzt anmelden!,COVID-19 impacts on U.S. lumber markets
563ftqw3,x1gsywkm,-0.027605101,hpO: Berufsvereinigung für heilkundlich praktizierte Osteopathie e.V.,Balancing openness with Indigenous data sovereignty: An opportunity to leave no one behind in the journey to sequence all of life
563ftqw3,lkzhexwu,-0.027601555,hpO: Berufsvereinigung für heilkundlich praktizierte Osteopathie e.V.,The long-term impact of COVID-19 on development assistance for health is still uncertain
563ftqw3,zu8dg7ma,-0.027600365,hpO: Berufsvereinigung für heilkundlich praktizierte Osteopathie e.V.,"Locations of Physical Activity: Where Are Children, Adolescents, and Adults Physically Active? A Systematic Review."
8f2e9fxq,r0kjp11i,-0.027597211,Onze hersenen: onze achtbaan,299S1 DGHM Abstracts
8f2e9fxq,c4ieb5t3,-0.027597211,Onze hersenen: onze achtbaan,IPTA 2022 abstracts
8f2e9fxq,v7l7rged,-0.027597211,Onze hersenen: onze achtbaan,PANLAR Abstracts 2021
8f2e9fxq,foymxwoe,-0.027597211,Onze hersenen: onze achtbaan,2016 ASPHO ABSTRACTS
563ftqw3,3xmn4uvx,-0.027583076,hpO: Berufsvereinigung für heilkundlich praktizierte Osteopathie e.V.,Realising the potential of Improving Access to Psychological Therapies for older adults.
563ftqw3,ha6yz0b6,-0.02757977,hpO: Berufsvereinigung für heilkundlich praktizierte Osteopathie e.V.,'It is a great course with amazing support'
4xfipd3x,2wjt0hsk,-0.027576493,Superspreading genomes.,Aktuelle Liquordiagnostik bei erregerbedingten Krankheiten
cm345pyo,2wjt0hsk,-0.027576493,Superspreading genomes,Aktuelle Liquordiagnostik bei erregerbedingten Krankheiten
s4ohx8ar,xmb4eywi,-0.027571665,Airport competition from airports’ perspective: Evidence from a survey of European airports,"Strategieentwicklung ""einfach"" machen"
okhv30e0,wwie0iem,-0.027569542,COVID 19 Landscape of experimental treatments,Allergikern Ängste nehmen
8f2e9fxq,qh0g5rfh,-0.027569152,Onze hersenen: onze achtbaan,Prioritizing Multidimensional Interdependent Factors Influencing COVID‐19 Risk
6dpxmqdz,wwie0iem,-0.027568735,Evaluation of the epidemiological pattern of covid-19 applying basic reproduction number: An educational review article,Allergikern Ängste nehmen
ggyoq1ds,l3yvi2jg,-0.027555645,Critical review of the Threats affecting the building of Critical Infrastructure Resilience,"411 Mrd. €, 11,9 %"
ye7fqh6a,9nmbgkbr,-0.027553022,Jetzt anmelden!,[Older patients with a psychiatric disorder and covid-19: four waves of health risks].
563ftqw3,ipq1mohn,-0.027548239,hpO: Berufsvereinigung für heilkundlich praktizierte Osteopathie e.V.,Paramedics feelings and beliefs about COVID-19
563ftqw3,oah327hp,-0.027546642,hpO: Berufsvereinigung für heilkundlich praktizierte Osteopathie e.V.,Utilitarian choices in COVID-19 dilemmas depend on whether or not a foreign language is used and type of dilemma
563ftqw3,yimhuifl,-0.027544659,hpO: Berufsvereinigung für heilkundlich praktizierte Osteopathie e.V.,Achieving structured knowledge management with a novel online group decision support system
563ftqw3,ecygdtzg,-0.027543344,hpO: Berufsvereinigung für heilkundlich praktizierte Osteopathie e.V.,Lessons learned from the fight against covid-19 in the great maghreb. Five lessons for better resilience
563ftqw3,mrgqx6or,-0.027543344,hpO: Berufsvereinigung für heilkundlich praktizierte Osteopathie e.V.,Lessons learned from the fight against COVID-19 in the Great Maghreb.Five lessons for better resilience.
ye7fqh6a,uj0c7mtt,-0.027535355,Jetzt anmelden!,Macroeconomic aspects of the development of the transport industry under the influence of COVID-19
vwmoomck,fnhqcpru,-0.027535073,Psychosocial factors and hospitalisations for COVID-19: Prospective cohort study of the general population,COVID-19 – (k)eine Zumutung?!
563ftqw3,o6tjy7j1,-0.02753453,hpO: Berufsvereinigung für heilkundlich praktizierte Osteopathie e.V.,Decision-Making Framework for a Resilient Sustainable Production System during COVID-19: An Evidence-Based Research
ye7fqh6a,7mhp8rcl,-0.027532008,Jetzt anmelden!,Major Bleeding Complications in COVID-19 Patients
563ftqw3,ex6gvn0e,-0.027531546,hpO: Berufsvereinigung für heilkundlich praktizierte Osteopathie e.V.,Archaeology
563ftqw3,c44t41gd,-0.027528683,hpO: Berufsvereinigung für heilkundlich praktizierte Osteopathie e.V.,I’m Virtually a Psychiatrist: Problems with Telepsychiatry in Training
af40nm5n,563ftqw3,-0.027515879,Pandemic risk management; protecting people while ensuring business continuity,hpO: Berufsvereinigung für heilkundlich praktizierte Osteopathie e.V.
563ftqw3,ys6ooilc,-0.02751336,hpO: Berufsvereinigung für heilkundlich praktizierte Osteopathie e.V.,NAPCRG and the Primary Care Collaborative Aim to Make Primary Care Research Accessible in New Ways.
yehr8orl,igk0ncq4,-0.02750991,Animals Hazardous to Humans,Mehr Impfschutz für Herzkranke
b1zixcgy,xmb4eywi,-0.02750668,Contents list including Graphcal Abstracts,"Strategieentwicklung ""einfach"" machen"
ye7fqh6a,b581u9aj,-0.027500484,Jetzt anmelden!,"We, the frontliners."
vat6a6cd,fnhqcpru,-0.027498864,Ckj consolidation among Q1 Urology and Nephrology journals,COVID-19 – (k)eine Zumutung?!
563ftqw3,28ucmf8f,-0.027497508,hpO: Berufsvereinigung für heilkundlich praktizierte Osteopathie e.V.,Innocence in the shadow of COVID-19: Plea decision making during a pandemic.
wwie0iem,5jdp8qgq,-0.02749295,Allergikern Ängste nehmen,Analysis of a discrete mathematical COVID-19 model
563ftqw3,z60obke4,-0.027491335,hpO: Berufsvereinigung für heilkundlich praktizierte Osteopathie e.V.,The Impact of Special Constraints on Portfolios in Two Conditions
563ftqw3,codpmpcd,-0.027491312,hpO: Berufsvereinigung für heilkundlich praktizierte Osteopathie e.V.,COVID-19: Effect on gastroenterology and hepatology service provision and training: Lessons learnt and planning for the future
563ftqw3,fyjhn9ni,-0.027487416,hpO: Berufsvereinigung für heilkundlich praktizierte Osteopathie e.V.,Learning principles of evolution during a crisis: An exploratory analysis of student barriers one week and one month into the COVID-19 pandemic
563ftqw3,6ry6sgua,-0.027483417,hpO: Berufsvereinigung für heilkundlich praktizierte Osteopathie e.V.,Association of an Advance Care Planning Video and Communication Intervention With Documentation of Advance Care Planning Among Older Adults: A Nonrandomized Controlled Trial
563ftqw3,4gt5saq5,-0.027482973,hpO: Berufsvereinigung für heilkundlich praktizierte Osteopathie e.V.,Artificial Intelligence and Machine Learning: An Instructor’s Exoskeleton in the Future of Education
dxu7cp6d,xmb4eywi,-0.027478479,Shared Longitudinal Health Records for Clinical and Population Health,"Strategieentwicklung ""einfach"" machen"
563ftqw3,09vpztqh,-0.027476054,hpO: Berufsvereinigung für heilkundlich praktizierte Osteopathie e.V.,"Universal Do-Not-Resuscitate Orders, Social Worth, and Life-Years."
563ftqw3,uk0xvhwc,-0.027475903,hpO: Berufsvereinigung für heilkundlich praktizierte Osteopathie e.V.,Mentorship in dermatology: a necessity in difficult times
ye7fqh6a,3qctslxf,-0.027472584,Jetzt anmelden!,COVID-19 epidemic: Disease characteristics in children
563ftqw3,i5n5x0yu,-0.027468108,hpO: Berufsvereinigung für heilkundlich praktizierte Osteopathie e.V.,The Role of School Nurses During the 1918 Pandemic: Lessons That Apply to COVID-19
563ftqw3,xwn67z4x,-0.027458219,hpO: Berufsvereinigung für heilkundlich praktizierte Osteopathie e.V.,Older Adults' Goals and Expectations When Using Long-Term Services and Supports.
563ftqw3,277d65he,-0.027456943,hpO: Berufsvereinigung für heilkundlich praktizierte Osteopathie e.V.,Pivoting volunteer engagement activities for older adults in long‐term care facilities and day care centres online during the COVID‐19 pandemic
563ftqw3,gb83tbh9,-0.027456013,hpO: Berufsvereinigung für heilkundlich praktizierte Osteopathie e.V.,"Keep in touch! Embodied perception, touch and remote digital communication"
563ftqw3,mmmhapd0,-0.027453374,hpO: Berufsvereinigung für heilkundlich praktizierte Osteopathie e.V.,Outcomes of level 1 Covid-19 inpatients at six months
wwie0iem,os6i1djq,-0.027450481,Allergikern Ängste nehmen,Acknowledging the current context.
wwie0iem,4wc3ay34,-0.027448235,Allergikern Ängste nehmen,Constructing personal networks in the light of COVID-19 containment measures
l3yvi2jg,ici5zbel,-0.027443007,"411 Mrd. €, 11,9 %",Your first line of defence.
8w826lbp,l3yvi2jg,-0.027432123,COVID-19 – legal and ethical implications for your practice,"411 Mrd. €, 11,9 %"
563ftqw3,nqdjwojg,-0.02742985,hpO: Berufsvereinigung für heilkundlich praktizierte Osteopathie e.V.,What have we learned from the COVID-19 plague?
563ftqw3,vzpez5b0,-0.027426405,hpO: Berufsvereinigung für heilkundlich praktizierte Osteopathie e.V.,Teaching Innovation Grant COVID-19 Online Social Distance Teaching Project & Virtual Event
q6e6l695,ozyazewv,-0.027419658,Water with Sugar,Zertifizierungen von EndoCert: in Zeiten von COVID-19
563ftqw3,i09rbfeu,-0.027412685,hpO: Berufsvereinigung für heilkundlich praktizierte Osteopathie e.V.,Getting the COVID‐19 pandemic into perspective: a nursing imperative
563ftqw3,qbadegae,-0.027410528,hpO: Berufsvereinigung für heilkundlich praktizierte Osteopathie e.V.,“We belong to nature and nature belongs to us”: Ensuring transhumance during the Covid-19 pandemic
lx4rb7vz,fnhqcpru,-0.027401472,"Coronaviruses: Facts, Myths, and Hypotheses",COVID-19 – (k)eine Zumutung?!
563ftqw3,6tztu4kd,-0.027399058,hpO: Berufsvereinigung für heilkundlich praktizierte Osteopathie e.V.,Bowing to Authority: the COVID-19 Experience
sqqwltxo,o49uclco,-0.027397318,Retrospective analysis of clinical characteristics and laboratory results of COVID-19 patients,Keine zusätzliche Gefahr für Allergiker
563ftqw3,gvr8w0xn,-0.02739416,hpO: Berufsvereinigung für heilkundlich praktizierte Osteopathie e.V.,Response to the Commentary: Assisted Living: Optimal Person-Environment Fit.
ye7fqh6a,2ayog6sk,-0.027390823,Jetzt anmelden!,Market Shocks in the G7 Countries
wwie0iem,csyohjr5,-0.027381856,Allergikern Ängste nehmen,"Introducing ""The Great Debates""."
563ftqw3,5t9b05js,-0.027377345,hpO: Berufsvereinigung für heilkundlich praktizierte Osteopathie e.V.,COVID‐19 despite full COVID‐19 vaccination
bt18twy0,l3yvi2jg,-0.027376829,Looking back in time to reconstruct nitrogen availability trajectories,"411 Mrd. €, 11,9 %"
563ftqw3,mg9ns1k9,-0.02737225,hpO: Berufsvereinigung für heilkundlich praktizierte Osteopathie e.V.,Parents' Perceptions of Student Academic Motivation During the COVID-19 Lockdown: A Cross-Country Comparison
swxndtaz,o49uclco,-0.02735418,Illuminating places,Keine zusätzliche Gefahr für Allergiker
wwie0iem,x3k7vf6c,-0.027343307,Allergikern Ängste nehmen,Research Forum Educational Program 2007
ye7fqh6a,68nh1sqe,-0.027342208,Jetzt anmelden!,Benefits of Business Intelligence Systems and Multiple National Cultures During Covid-19
wwie0iem,5k195ezx,-0.02733651,Allergikern Ängste nehmen,Regression Analysis and Prediction of the COVID-19
563ftqw3,qrnjkk9e,-0.027335528,hpO: Berufsvereinigung für heilkundlich praktizierte Osteopathie e.V.,Learning Outcomes of Immersive Technologies in Health Care Student Education: Systematic Review of the Literature
5ycu936z,fnhqcpru,-0.027333036,Modules and Namespaces,COVID-19 – (k)eine Zumutung?!
1ses23oz,xmb4eywi,-0.027328802,Airspace-Occupying Diseases,"Strategieentwicklung ""einfach"" machen"
563ftqw3,mks09evd,-0.027321192,hpO: Berufsvereinigung für heilkundlich praktizierte Osteopathie e.V.,Barriers and facilitators to achieving food security during the COVID-19 pandemic
cir2sjh0,fnhqcpru,-0.027320942,Burnout of healthcare providers during COVID-19,COVID-19 – (k)eine Zumutung?!
wdw2pj9g,xmb4eywi,-0.027318416,CEACAM1 recognition by bacterial pathogens is species-specific,"Strategieentwicklung ""einfach"" machen"
rjcd4hr6,fnhqcpru,-0.0273183,1. Livestock Science Matters for Human and Planetary Health,COVID-19 – (k)eine Zumutung?!
563ftqw3,krh96ebf,-0.027316801,hpO: Berufsvereinigung für heilkundlich praktizierte Osteopathie e.V.,Patient preferences regarding communication of minor surgery results: who and how?
563ftqw3,ks05gywg,-0.027314663,hpO: Berufsvereinigung für heilkundlich praktizierte Osteopathie e.V.,The Impact of a Neurocritical Care and Neuropalliative Collaboration on Intensive Care Unit Outcomes.
563ftqw3,0yt7lf4g,-0.027306076,hpO: Berufsvereinigung für heilkundlich praktizierte Osteopathie e.V.,Serving and studying during COVID-19 pandemic
563ftqw3,weu2nlxg,-0.027304964,hpO: Berufsvereinigung für heilkundlich praktizierte Osteopathie e.V.,How Does COVID 19 Alter Children Life?
mie3gz0p,fnhqcpru,-0.027288977,Embedding patient voices in CMAJ,COVID-19 – (k)eine Zumutung?!
563ftqw3,3dbnv3ox,-0.027281828,hpO: Berufsvereinigung für heilkundlich praktizierte Osteopathie e.V.,Cost of contact: redesigning healthcare in the age of COVID.
ye7fqh6a,2qafscva,-0.027272236,Jetzt anmelden!,Health risk behaviors before and during COVID‐19 and gender differences
563ftqw3,sejqf4d2,-0.027268458,hpO: Berufsvereinigung für heilkundlich praktizierte Osteopathie e.V.,How Will the Crises of 2020 Shape the Clinical Practice of Psychology in 2021?
ye7fqh6a,0j2cssbj,-0.027267516,Jetzt anmelden!,Will Covid-19 change attitudes towards the welfare state?
563ftqw3,azsyp1ur,-0.027266048,hpO: Berufsvereinigung für heilkundlich praktizierte Osteopathie e.V.,From health education to digital health literacy - building on the past to shape the future.
563ftqw3,1sjzadih,-0.027258975,hpO: Berufsvereinigung für heilkundlich praktizierte Osteopathie e.V.,"In the midst of crisis, a great opportunity"
563ftqw3,lsgm7y5t,-0.027250763,hpO: Berufsvereinigung für heilkundlich praktizierte Osteopathie e.V.,How do three components of professional commitment influence nurse-reported patient-centred care and care quality?
563ftqw3,fhozy6wx,-0.027250037,hpO: Berufsvereinigung für heilkundlich praktizierte Osteopathie e.V.,Learning at home for Grade 1 learners in disadvantaged communities: Insights from the Sandbox@Home COVID-19-response intervention
563ftqw3,nnaas6co,-0.027247334,hpO: Berufsvereinigung für heilkundlich praktizierte Osteopathie e.V.,Books on biodiversity and conservation
563ftqw3,psv5n8ef,-0.027234064,hpO: Berufsvereinigung für heilkundlich praktizierte Osteopathie e.V.,A Neuroscience Approach regarding Student Engagement in the Classes of Microcontrollers during the COVID19 Pandemic
563ftqw3,965ex951,-0.027233632,hpO: Berufsvereinigung für heilkundlich praktizierte Osteopathie e.V.,"For Students, by Students: a Peer-Led Entrepreneurship Course for Medical Students"
wwie0iem,0hn13lqz,-0.027233414,Allergikern Ängste nehmen,Enabling the Voices of Marginalized Groups of People in Theoretical Business Ethics Research
n7xs7pvq,xmb4eywi,-0.02722465,The analysis of global COVID-19 clinical trials registries,"Strategieentwicklung ""einfach"" machen"
563ftqw3,09a8iha1,-0.027222559,hpO: Berufsvereinigung für heilkundlich praktizierte Osteopathie e.V.,The transforming generation: increasing student awareness about the effects of economic decisions on sustainability
563ftqw3,m5wvinu6,-0.027215982,hpO: Berufsvereinigung für heilkundlich praktizierte Osteopathie e.V.,Continuity of community-based healthcare provision during COVID-19: a multicountry interrupted time series analysis
zb93chfn,fnhqcpru,-0.027215932,"Children’s Participation in Free School Meals: A Qualitative Study among Pupils, Parents, and Teachers",COVID-19 – (k)eine Zumutung?!
wwie0iem,9hekilse,-0.02721042,Allergikern Ängste nehmen,Onto other topics
ye7fqh6a,2isr11ig,-0.027199527,Jetzt anmelden!,"Mental Health of Population in the COVID-19 Pandemic: Trends, Consequences, Factors, and Risk Groups"
563ftqw3,b4dmu1zz,-0.027197786,hpO: Berufsvereinigung für heilkundlich praktizierte Osteopathie e.V.,Positive aspects of covid 19 pandemic: A blessing in disguise
563ftqw3,ehh7uaje,-0.027189866,hpO: Berufsvereinigung für heilkundlich praktizierte Osteopathie e.V.,Implications of COVID-19 for the Electricity Industry: A Comprehensive Review
29t4yesd,fnhqcpru,-0.027186323,Centenarians in nursing homes during the COVID-19 pandemic.,COVID-19 – (k)eine Zumutung?!
563ftqw3,nrvp4j6j,-0.027184596,hpO: Berufsvereinigung für heilkundlich praktizierte Osteopathie e.V.,Socioeconomic Status and Individual Personal Responsibility Beliefs Towards Food Access
wwie0iem,70ikknhe,-0.027184403,Allergikern Ängste nehmen,Guest Editors
hwy9qtzo,mjeugi0q,-0.027184308,Menulis Pandemi,EMarket for Local Farmers
563ftqw3,pafs0e7f,-0.027183177,hpO: Berufsvereinigung für heilkundlich praktizierte Osteopathie e.V.,Fully robotic total pancreatectomy: technical aspects and outcomes.
gdqv1q45,gk6xm71j,-0.027176945,Komplexe Gerinnungsstörungen,COVID-19 Claims Lives of Artists
563ftqw3,dhgjaqmb,-0.027164064,hpO: Berufsvereinigung für heilkundlich praktizierte Osteopathie e.V.,Is Online Learning Method Better than Traditional Method in Customer Psychology Course Regarding Academic Results?
563ftqw3,1v8m7tc0,-0.027160529,hpO: Berufsvereinigung für heilkundlich praktizierte Osteopathie e.V.,It’s crunch time: Exploring the sensibility of food textural acoustics for individuals with dysphagia
563ftqw3,p48k6qe6,-0.027160274,hpO: Berufsvereinigung für heilkundlich praktizierte Osteopathie e.V.,Managing Research in a Chaotic Environment
zwn614wp,fnhqcpru,-0.027159685,Therapeutic targets and potential agents for the treatment of COVID-19.,COVID-19 – (k)eine Zumutung?!
icbqlxjq,ozyazewv,-0.027155511,The COVID-19 challenge: zoonotic diseases and wildlife,Zertifizierungen von EndoCert: in Zeiten von COVID-19
563ftqw3,hn5y4uhr,-0.027151996,hpO: Berufsvereinigung für heilkundlich praktizierte Osteopathie e.V.,Covid is Background for Strike
j4qorvub,o49uclco,-0.027150296,Report on the 2021 IACFS/ME research and clinical conference,Keine zusätzliche Gefahr für Allergiker
ye7fqh6a,uoqcsrh7,-0.02714779,Jetzt anmelden!,Introduction: Covid-19 and the conditions and struggles of agrarian classes of labour
wwie0iem,9mda2hic,-0.027143205,Allergikern Ängste nehmen,Maintaining connections
563ftqw3,5b7at0ye,-0.027139302,hpO: Berufsvereinigung für heilkundlich praktizierte Osteopathie e.V.,Neurological Manifestations of COVID-19 in Children.
563ftqw3,26ngi4vv,-0.027138764,hpO: Berufsvereinigung für heilkundlich praktizierte Osteopathie e.V.,Transparency during public health emergencies: from rhetoric to reality.
wwie0iem,x9ou3clb,-0.027133388,Allergikern Ängste nehmen,Performance measurement in dynamic environments
563ftqw3,zn1z735g,-0.027129812,hpO: Berufsvereinigung für heilkundlich praktizierte Osteopathie e.V.,Evaluating the impact of a multidisciplinary master programme in palliative care on professional learning outcomes: a cross-sectional study after 20 years of experience.
563ftqw3,01r4gxlq,-0.027126536,hpO: Berufsvereinigung für heilkundlich praktizierte Osteopathie e.V.,Employee engagement in a remote working scenario
ye7fqh6a,bzmaopx9,-0.027125252,Jetzt anmelden!,Emergency Nursing Care of Patients with COVID-19
ua5cuzzk,wwie0iem,-0.027122188,Topological epidemic model: Theoretical insight into underlying networks,Allergikern Ängste nehmen
563ftqw3,857zkwl4,-0.027120667,hpO: Berufsvereinigung für heilkundlich praktizierte Osteopathie e.V.,Clinical application of time factor principles in radiotherapy in compensation of radiation series interruptions
ye7fqh6a,x75qpedc,-0.027118608,Jetzt anmelden!,Neuropsychiatric manifestations of COVID-19
563ftqw3,7xsy0lgf,-0.0271147,hpO: Berufsvereinigung für heilkundlich praktizierte Osteopathie e.V.,Preparing an orthopedic department for COVID-19
563ftqw3,mird14mw,-0.027113605,hpO: Berufsvereinigung für heilkundlich praktizierte Osteopathie e.V.,"Nationwide Analysis of Dog Bite Injuries: Different Age Groups, Different Injury Patterns."
v5u2nth8,3bp0m00g,-0.027111046,Mobilität erhalten - Immobilität vorbeugen,Frailty and Seasonality
wwie0iem,44d68xel,-0.027108094,Allergikern Ängste nehmen,Social Media as a Platform for Recruitment to a National Survey during the COVID-19 Pandemic: Feasibility Analysis
p94uryik,l3yvi2jg,-0.027102603,Trusted and Secure Blockchain-Based Durable Medium Electronic Service,"411 Mrd. €, 11,9 %"
iftywp5d,mn7hrkrn,-0.02710219,Kommerell diverticulum - egy ritka betegség ritka szövodményei,Phlorotannins
wwie0iem,52mxxbfy,-0.027099386,Allergikern Ängste nehmen,Studies for the Evaluation of Diagnostic Tests- Part 28 of a Series on Evaluation of Scientific Publications.
ye7fqh6a,va0s59jh,-0.027099025,Jetzt anmelden!,Association of COVID-19 With Race and Socioeconomic Factors in Family Medicine.
e1oijzl9,l3yvi2jg,-0.027098006,Food defense—“Back to the basics”,"411 Mrd. €, 11,9 %"
563ftqw3,8p9hh6rp,-0.027095063,hpO: Berufsvereinigung für heilkundlich praktizierte Osteopathie e.V.,Key Factors in the contigency plan for COVID-19 during the Magal Celebration in 2020
563ftqw3,ibisa6qn,-0.027091041,hpO: Berufsvereinigung für heilkundlich praktizierte Osteopathie e.V.,Danger in Paradise
ye7fqh6a,vgttf2n3,-0.027089711,Jetzt anmelden!,Factors influencing Drug Consumption and Prediction Methods
563ftqw3,242fo0pn,-0.027088942,hpO: Berufsvereinigung für heilkundlich praktizierte Osteopathie e.V.,The Internet's impact on the practice of psychiatry.
563ftqw3,tmpijmib,-0.02708635,hpO: Berufsvereinigung für heilkundlich praktizierte Osteopathie e.V.,A proxemics game between festival visitors and an industrial robot
563ftqw3,f7ju0wan,-0.027085906,hpO: Berufsvereinigung für heilkundlich praktizierte Osteopathie e.V.,How Should Lived Experience of Racism Count in Medical School Admissions?
wwie0iem,sow7k53m,-0.027079962,Allergikern Ängste nehmen,Multidimensional Analysis of the News Consumption of Different Demographic Groups on a Nationwide Scale
563ftqw3,n08e8q9k,-0.027079595,hpO: Berufsvereinigung für heilkundlich praktizierte Osteopathie e.V.,Implementing transitional care in skilled nursing facilities: Evaluation of a learning collaborative
scktpd6g,l3yvi2jg,-0.027076028,Advancing Critical Care Through Organizational Structure.,"411 Mrd. €, 11,9 %"
gdqv1q45,wy0uq828,-0.02707429,Komplexe Gerinnungsstörungen,COVID-19: One patient at a time
563ftqw3,5pi1gy9g,-0.027073791,hpO: Berufsvereinigung für heilkundlich praktizierte Osteopathie e.V.,"Tuberculosis during the covid-19: Impact, challenges and management"
l3yvi2jg,02nwcuwi,-0.027066506,"411 Mrd. €, 11,9 %",Spatially-explicit models for exploring COVID-19 lockdown strategies
563ftqw3,cgaezj48,-0.0270612,hpO: Berufsvereinigung für heilkundlich praktizierte Osteopathie e.V.,"Effectiveness of E-Training, E-Leadership, and Work Life Balance on Employee Performance during COVID-19"
563ftqw3,v5nrermv,-0.0270612,hpO: Berufsvereinigung für heilkundlich praktizierte Osteopathie e.V.,"Letter to the Editor: ""Investing in Teaching Research Skills to Residents in Neurosurgery During the COVID-19 Pandemic""."
1em17ixa,o49uclco,-0.027057864,Annual Meeting Highlights,Keine zusätzliche Gefahr für Allergiker
y0dlk725,l3yvi2jg,-0.02705666,Ambient temperature interferes to COVID-19 ambient temperature,"411 Mrd. €, 11,9 %"
563ftqw3,a52eyjcy,-0.02705453,hpO: Berufsvereinigung für heilkundlich praktizierte Osteopathie e.V.,"Recent Legal Developments: Criminal Justice Decisions of the U.S. Supreme Court, 2019 Term"
kv93mes5,v5u2nth8,-0.027050914,From COVID-19 or because COVID-19?,Mobilität erhalten - Immobilität vorbeugen
563ftqw3,wloh4g9l,-0.027049208,hpO: Berufsvereinigung für heilkundlich praktizierte Osteopathie e.V.,Actions of the 2020 House of Delegates – Special Session
757jif10,fnhqcpru,-0.027047956,Personality of Public Health Organizations’ Instagram Accounts and According Differences in Photos at Content and Pixel Levels,COVID-19 – (k)eine Zumutung?!
563ftqw3,md596mx8,-0.027045632,hpO: Berufsvereinigung für heilkundlich praktizierte Osteopathie e.V.,COVID-19. Its impact in ophthalmology
563ftqw3,zoiw2n6d,-0.027039116,hpO: Berufsvereinigung für heilkundlich praktizierte Osteopathie e.V.,Reassessing Gender Differences in COVID‐19 Risk Perception and Behavior
563ftqw3,ak16dmix,-0.027025485,hpO: Berufsvereinigung für heilkundlich praktizierte Osteopathie e.V.,Surgeons' response to COVID-19 - Preparing from the sideline
2pfsb23p,l3yvi2jg,-0.02702156,Holding Back the Tide,"411 Mrd. €, 11,9 %"
nbyv96r1,ye7fqh6a,-0.027016455,"Bats, Coronaviruses, and Deforestation: Toward the Emergence of Novel Infectious Diseases?",Jetzt anmelden!
4zt3y5rq,mn7hrkrn,-0.027002284,JCD editorial-February 2021,Phlorotannins
563ftqw3,xlhm6hok,-0.027001033,hpO: Berufsvereinigung für heilkundlich praktizierte Osteopathie e.V.,Impact of personal protective equipment on patient safety and health care workers
563ftqw3,bfhi5qep,-0.026998976,hpO: Berufsvereinigung für heilkundlich praktizierte Osteopathie e.V.,The need of the hour: Adapting the delivery of clinical skills teaching remotely
563ftqw3,sx6z3ebc,-0.026993023,hpO: Berufsvereinigung für heilkundlich praktizierte Osteopathie e.V.,What has time to do with risk? A preliminary communication
563ftqw3,jhemdwjc,-0.02698077,hpO: Berufsvereinigung für heilkundlich praktizierte Osteopathie e.V.,"Divide and Conquer: A Simple, Modern Technique for Collaborative Small Group Learning with Reciprocal Peer Teaching"
563ftqw3,il7jf35v,-0.026978806,hpO: Berufsvereinigung für heilkundlich praktizierte Osteopathie e.V.,Editorial: Nutrition and Health-Related Quality of Life: Is It an Ignored Outcome?
563ftqw3,n1betwsh,-0.026978076,hpO: Berufsvereinigung für heilkundlich praktizierte Osteopathie e.V.,Building Community Virtually on the Fly
wwie0iem,0mgqnwrj,-0.026968997,Allergikern Ängste nehmen,Exploring the perceived benefits of ethics education for laboratory professionals
563ftqw3,vtwk5rn4,-0.02696821,hpO: Berufsvereinigung für heilkundlich praktizierte Osteopathie e.V.,Violence versus gratitude: Courses of recognition in caring situations
563ftqw3,7wfznwgp,-0.026967017,hpO: Berufsvereinigung für heilkundlich praktizierte Osteopathie e.V.,Camping Alone-Recovering From COVID-19
563ftqw3,zpurirb7,-0.026964493,hpO: Berufsvereinigung für heilkundlich praktizierte Osteopathie e.V.,Lessons from 2020: practical and clinical aspects of rapid telepsychology adoption in clinical psychology postgraduate programs
zh1a3gwh,igk0ncq4,-0.02696354,Human Genes and Influenza,Mehr Impfschutz für Herzkranke
fcns051a,fnhqcpru,-0.026963213,Emerging Parvoviruses in Domestic Cats,COVID-19 – (k)eine Zumutung?!
l3yvi2jg,3f8rdrm4,-0.026962431,"411 Mrd. €, 11,9 %",Back to the Futures
lfzlinwo,84yq3oyz,-0.026961915,Kleinkind verweigert das Essen? Vielleicht ist es COVID-19 ...,COVID-19: No Visitors.
igk0ncq4,lrs1lbxn,-0.026953528,Mehr Impfschutz für Herzkranke,Retinal vascular findings in patients with COVID-19
ye7fqh6a,i67zz660,-0.026952203,Jetzt anmelden!,Avian astroviruses.
563ftqw3,xf5xc900,-0.026950002,hpO: Berufsvereinigung für heilkundlich praktizierte Osteopathie e.V.,Predicting an Unfavourable Course in Patients Hospitalised for COVID-19: The PREDICT-COVID Study
563ftqw3,0w8co3wh,-0.026932621,hpO: Berufsvereinigung für heilkundlich praktizierte Osteopathie e.V.,Examining the concept of equity in community psychology with natural language processing
563ftqw3,9ni5bh5h,-0.026932241,hpO: Berufsvereinigung für heilkundlich praktizierte Osteopathie e.V.,Simplifying the Measurement of College Students’ Career Planning: the Development of Career Student Planning Scale during the COVID-19 Pandemic
4tms03ev,fnhqcpru,-0.026931548,Vaccinating our children against COVID-19,COVID-19 – (k)eine Zumutung?!
wwie0iem,cuqpnli5,-0.02692716,Allergikern Ängste nehmen,Analysis of mortality in patients of COVID-19: clinical and laboratory parameters
563ftqw3,zi21jh3u,-0.026926199,hpO: Berufsvereinigung für heilkundlich praktizierte Osteopathie e.V.,Exploring University Students' Learning Experiences in the Covid-19 Semester through the Community of Inquiry Framework
wwie0iem,hvx1xwgv,-0.026926085,Allergikern Ängste nehmen,Adhering to COVID-19 health guidelines: Examining demographic and psychological predictors of adherence
ye7fqh6a,84yq3oyz,-0.026925951,Jetzt anmelden!,COVID-19: No Visitors.
l3yvi2jg,zmjzvihk,-0.026923439,"411 Mrd. €, 11,9 %",Masked Faces with Faced Masks
563ftqw3,rzx3wt5c,-0.026921071,hpO: Berufsvereinigung für heilkundlich praktizierte Osteopathie e.V.,Nurses as substitutes for doctors in primary care.
563ftqw3,kz0ox5dn,-0.026919387,hpO: Berufsvereinigung für heilkundlich praktizierte Osteopathie e.V.,"Descriptors in Letters of Recommendation for Otolaryngology Residency Across Gender, Race, and Time"
ew3bnfqr,igk0ncq4,-0.02691919,Antibody tests for COVID-19.,Mehr Impfschutz für Herzkranke
6591nkx1,taylx8ax,-0.026911078,Reply to Nagappa and Marimuthu,ESICM LIVES 2020
taylx8ax,jfrk3o5d,-0.026911078,ESICM LIVES 2020,Reply to M Speeckaert and J Delanghe.
taylx8ax,sbpd99n0,-0.026911078,ESICM LIVES 2020,Reply to I. Nishino and J. Tanboon.
taylx8ax,9baisu73,-0.026911078,ESICM LIVES 2020,In Reply to Guragai
563ftqw3,xdvyoq2e,-0.026908496,hpO: Berufsvereinigung für heilkundlich praktizierte Osteopathie e.V.,Using motivational interviewing techniques to inform decision-making for COVID-19 vaccination
ye7fqh6a,971v1m4g,-0.026906997,Jetzt anmelden!,Remote wound reviews: Empowering patients and parents throughout COVID and beyond
563ftqw3,xkq72web,-0.026906678,hpO: Berufsvereinigung für heilkundlich praktizierte Osteopathie e.V.,The costs and benefits of environmental sustainability
wwie0iem,6jhdarut,-0.026903518,Allergikern Ängste nehmen,POINT Technology Illuminates the Processing of Polymerase-Associated Intact Nascent Transcripts
563ftqw3,4y1dohca,-0.026900094,hpO: Berufsvereinigung für heilkundlich praktizierte Osteopathie e.V.,"Back gardens and friends: The impact of covid-19 on children and adolescents use of, and access to, outdoor spaces"
563ftqw3,1fc3flqi,-0.026899358,hpO: Berufsvereinigung für heilkundlich praktizierte Osteopathie e.V.,Interventions for Financial Toxicity: More Crucial Than Ever in the Time of COVID-19
563ftqw3,810mn14q,-0.026893882,hpO: Berufsvereinigung für heilkundlich praktizierte Osteopathie e.V.,"Fifteen-minute consultation: How to undertake an effective video consultation for children, young people and their families."
563ftqw3,30o03hhh,-0.02689281,hpO: Berufsvereinigung für heilkundlich praktizierte Osteopathie e.V.,The Digital Divide: Do Older Adults with Serious Illness Access Telemedicine?
dr2ywt13,xmb4eywi,-0.026892696,Evaluation of mortality predictors in hospitalized COVID-19 patients: Retrospective cohort study,"Strategieentwicklung ""einfach"" machen"
563ftqw3,58lz24o2,-0.026891194,hpO: Berufsvereinigung für heilkundlich praktizierte Osteopathie e.V.,Mathematics education students’ experiences during lockdown: Managing collaboration in elearning
fspj52xm,fnhqcpru,-0.026886046,Teaching Pharmacy Students and Residents Patient-Centered Care Through Interviewing Veterans.,COVID-19 – (k)eine Zumutung?!
563ftqw3,k7t1pi7z,-0.026881851,hpO: Berufsvereinigung für heilkundlich praktizierte Osteopathie e.V.,Improving knowledge and innovations to tackle Covid-19 pandemic
563ftqw3,k7kludn5,-0.026881851,hpO: Berufsvereinigung für heilkundlich praktizierte Osteopathie e.V.,Improving knowledge and innovations to tackle Covid-19 pandemic.
ye7fqh6a,k9bmaf75,-0.02687679,Jetzt anmelden!,COVID-19 and Cardiac Concerns for Psychiatric Patients.
ye7fqh6a,7hcjjufw,-0.026873045,Jetzt anmelden!,COVID-19 and Physician Mothers
igk0ncq4,uyjwhxpw,-0.026869884,Mehr Impfschutz für Herzkranke,Pathogenesis of COVID-19
x3crmv3m,ha4624g4,-0.026867222,Intensivtherapie nach Organtransplantation,Challenges of COVID-19
563ftqw3,ghx1fb1m,-0.02686593,hpO: Berufsvereinigung für heilkundlich praktizierte Osteopathie e.V.,Resident Outcomes and Perspectives Over 2 Years of a New Scholarship Curriculum.
563ftqw3,jv648uwo,-0.026855895,hpO: Berufsvereinigung für heilkundlich praktizierte Osteopathie e.V.,"The Evolving Path of""the Right to Be Left Alone""- When Privacy Meets Technology"
r7qu5axk,fnhqcpru,-0.026849464,"Distance learning during COVID-19 pandemic: satisfaction, opportunities and challenges as perceived by faculty members and students",COVID-19 – (k)eine Zumutung?!
563ftqw3,tsdq1rgz,-0.026841732,hpO: Berufsvereinigung für heilkundlich praktizierte Osteopathie e.V.,Managing Older Adults with Presumed COVID‐19 in the Emergency Department: A Rational Approach to Rationing
ye7fqh6a,c8wqzbk8,-0.02683604,Jetzt anmelden!,"COVID-19 vaccines and herd immunity: Perspectives, challenges and prospects"
563ftqw3,7cxc3u5f,-0.026817422,hpO: Berufsvereinigung für heilkundlich praktizierte Osteopathie e.V.,COVID-19 and beyond: how lessons and evidence from implementation research can benefit health systems’ response and preparedness for COVID-19 and future epidemics
ex4z2b75,wwie0iem,-0.026814312,COVID-19's unfortunate events in schools: mitigating classroom clusters in the context of variable transmission,Allergikern Ängste nehmen
563ftqw3,9gn11hc0,-0.026813075,hpO: Berufsvereinigung für heilkundlich praktizierte Osteopathie e.V.,Combination of Topic Modelling and Decision Tree Classification for Tourist Destination Marketing
wwie0iem,ueuemeil,-0.026812099,Allergikern Ängste nehmen,Hidden Costs of Biodefense Research
563ftqw3,cvp92yoa,-0.026810315,hpO: Berufsvereinigung für heilkundlich praktizierte Osteopathie e.V.,Serious distress in first month of COVID‐19 equal to 2019
563ftqw3,5hxa66gc,-0.02680487,hpO: Berufsvereinigung für heilkundlich praktizierte Osteopathie e.V.,"Critical care nurses’ knowledge, preparedness and experiences of managing COVID-19 in Australia"
wwie0iem,vxivi64q,-0.026802111,Allergikern Ängste nehmen,Covid-19 rural health inequities: insights from a real-world scenario
563ftqw3,0o9euepl,-0.02680061,hpO: Berufsvereinigung für heilkundlich praktizierte Osteopathie e.V.,Disparate Responses in Match Outcome across Competitive Surgical Subspecialties to Pandemic Era Constraints: An Analysis of Impacts of Minimal Auditions
1w677dta,4p6wbd0h,-0.026798878,Bundesweites Belastungsmodell für Intensivstationen durch COVID-19,Screening figures
wwie0iem,vnkm5a4e,-0.026798839,Allergikern Ängste nehmen,Teaching Practices Under the Shadow of COVID-19
563ftqw3,bg8bhldd,-0.026795162,hpO: Berufsvereinigung für heilkundlich praktizierte Osteopathie e.V.,Spatial proximity matters: A study on collaboration
cej3o2zg,fnhqcpru,-0.026794074,Ethics and public health in times of COVID-19,COVID-19 – (k)eine Zumutung?!
gwvtmvzq,xmb4eywi,-0.026787547,Human bocavirus: clinical significance and implications.,"Strategieentwicklung ""einfach"" machen"
563ftqw3,yrgemanr,-0.026777053,hpO: Berufsvereinigung für heilkundlich praktizierte Osteopathie e.V.,Blockchain: Is it the future for the tourism and hospitality industry?
563ftqw3,3d19fz1s,-0.026772412,hpO: Berufsvereinigung für heilkundlich praktizierte Osteopathie e.V.,Teaching of Mathematics Using Digital Tools Through the Flipped Classroom: Systematization of Experiences in Elementary Education
eqt93vxi,fnhqcpru,-0.026772356,Undergraduate student nurses’ views of online learning,COVID-19 – (k)eine Zumutung?!
563ftqw3,zyv44piv,-0.02677095,hpO: Berufsvereinigung für heilkundlich praktizierte Osteopathie e.V.,COVID-19: Impact on Nurses and Nursing
563ftqw3,bd5z1lff,-0.026759675,hpO: Berufsvereinigung für heilkundlich praktizierte Osteopathie e.V.,Empowering People Living with Heart Failure.
aaw24bs3,xmb4eywi,-0.026757779,Prognostic value of maximum NEWS-2 scores in addition to ISARIC 4C scores for patients admitted to hospital with COVID-19,"Strategieentwicklung ""einfach"" machen"
563ftqw3,fzx73vr4,-0.026757637,hpO: Berufsvereinigung für heilkundlich praktizierte Osteopathie e.V.,Introduction: Is Language Learning in Anglophone Countries in Crisis?
sw66w64t,tjd3wkvu,-0.026749007,Bats and COVID-19: villains or victims?,Dynamische Übergabeschurre zur Effizienzsteigerung von Gurtbandförderern
563ftqw3,5ebueuul,-0.02674684,hpO: Berufsvereinigung für heilkundlich praktizierte Osteopathie e.V.,Promoting Active Aging: Lessons Learned in an Implementation Pilot in Primary Care
563ftqw3,qafz59ih,-0.026746273,hpO: Berufsvereinigung für heilkundlich praktizierte Osteopathie e.V.,The Annual Review of Applied Linguistics at 40: Looking Back and Moving Ahead
563ftqw3,ry9crpjw,-0.026745744,hpO: Berufsvereinigung für heilkundlich praktizierte Osteopathie e.V.,Mismatched expectations
wwie0iem,kz80tcz0,-0.026744246,Allergikern Ängste nehmen,A dissemination model based on psychological theories in complex social networks
ff2yvpsj,fnhqcpru,-0.026742652,Should hospitals provide all patients with single rooms?,COVID-19 – (k)eine Zumutung?!
563ftqw3,jcj9wnz1,-0.026738567,hpO: Berufsvereinigung für heilkundlich praktizierte Osteopathie e.V.,Challenges of Being a Digitally Savvy Principal
563ftqw3,qd8mbgow,-0.026737524,hpO: Berufsvereinigung für heilkundlich praktizierte Osteopathie e.V.,Covid-19: doctors in final trimester of pregnancy should avoid direct patient contact.
563ftqw3,y6mo20ty,-0.026737524,hpO: Berufsvereinigung für heilkundlich praktizierte Osteopathie e.V.,Covid-19: doctors in final trimester of pregnancy should avoid direct patient contact
563ftqw3,g0bpmuxr,-0.02673334,hpO: Berufsvereinigung für heilkundlich praktizierte Osteopathie e.V.,Correlation of attending and patient assessment of resident communication skills in the emergency department.
563ftqw3,01gaqmhy,-0.026723089,hpO: Berufsvereinigung für heilkundlich praktizierte Osteopathie e.V.,Introduction to Infrastructure
563ftqw3,scktpd6g,-0.026720876,hpO: Berufsvereinigung für heilkundlich praktizierte Osteopathie e.V.,Advancing Critical Care Through Organizational Structure.
563ftqw3,9b33bv8a,-0.026720658,hpO: Berufsvereinigung für heilkundlich praktizierte Osteopathie e.V.,COVID-19 Topic Modeling and Visualization
563ftqw3,5vl8661h,-0.026720444,hpO: Berufsvereinigung für heilkundlich praktizierte Osteopathie e.V.,"Social connection is critical, but many struggle to form and maintain meaningful relationships"
x6s34z1s,ozyazewv,-0.026720304,Cyberbiosecurity Challenges of Pathogen Genome Databases,Zertifizierungen von EndoCert: in Zeiten von COVID-19
ye7fqh6a,xfdgk2j6,-0.02671881,Jetzt anmelden!,VIRUS DISEASES OF DOMESTIC ANIMALS
e2oz44es,fnhqcpru,-0.02671848,"COVID-19 and employees’ mental health: stressors, moderators and agenda for organizational actions",COVID-19 – (k)eine Zumutung?!
563ftqw3,m2lz4j1k,-0.026716549,hpO: Berufsvereinigung für heilkundlich praktizierte Osteopathie e.V.,Multiple Pregnancies Impact of COVID-19
563ftqw3,zin2him2,-0.026708722,hpO: Berufsvereinigung für heilkundlich praktizierte Osteopathie e.V.,The Importance of Addressing Advance Care Planning and Decisions About Do-Not-Resuscitate Orders During Novel Coronavirus 2019 (COVID-19)
563ftqw3,tbj0sf7u,-0.026705908,hpO: Berufsvereinigung für heilkundlich praktizierte Osteopathie e.V.,Delivering medical education amidst COVID-19: Responding to change during a time of crisis
563ftqw3,lj0tasne,-0.026703125,hpO: Berufsvereinigung für heilkundlich praktizierte Osteopathie e.V.,Welcome
563ftqw3,x29nt94d,-0.026702853,hpO: Berufsvereinigung für heilkundlich praktizierte Osteopathie e.V.,Emerging chemistry technologies for a better world
ye7fqh6a,lecwejqa,-0.026698364,Jetzt anmelden!,Remote rehabilitation for patients with COVID-19.
ye7fqh6a,kvtg8gri,-0.026689123,Jetzt anmelden!,Electrolyte abnormalities in hospitalized patients with COVID-19
563ftqw3,24814rmw,-0.026687538,hpO: Berufsvereinigung für heilkundlich praktizierte Osteopathie e.V.,The Effects of COVID-19 Process on Time Management of Foreign Language Teacher Candidates
gdqv1q45,pwwj25i3,-0.026687477,Komplexe Gerinnungsstörungen,"A Few Steps Forward, A Few Steps Back"
563ftqw3,rx088z8l,-0.026687253,hpO: Berufsvereinigung für heilkundlich praktizierte Osteopathie e.V.,The Future of Work.
563ftqw3,k55hxnvo,-0.02668632,hpO: Berufsvereinigung für heilkundlich praktizierte Osteopathie e.V.,Author Correction: Perceptions of the appropriate response to norm violation in 57 societies.
ye7fqh6a,mvzm5upk,-0.026685603,Jetzt anmelden!,Dermatophilosis in captive tortoises.
9xkyg6x5,8f2e9fxq,-0.026684506,COVID-19 and labor issues: An assessment,Onze hersenen: onze achtbaan
563ftqw3,lzmfwn9o,-0.026680209,hpO: Berufsvereinigung für heilkundlich praktizierte Osteopathie e.V.,"Methodology to Assess Quality, Presence, Empathy, Attitude, and Attention in 360-degree Videos for Immersive Communications"
9tq5we2u,xmb4eywi,-0.026678378,PriMock57: A Dataset Of Primary Care Mock Consultations,"Strategieentwicklung ""einfach"" machen"
563ftqw3,d3poluk5,-0.026678147,hpO: Berufsvereinigung für heilkundlich praktizierte Osteopathie e.V.,Preparing for Mass Casualty Events
563ftqw3,smrelran,-0.026673814,hpO: Berufsvereinigung für heilkundlich praktizierte Osteopathie e.V.,"Mix-and-match COVID vaccines: the case is growing, but questions remain"
563ftqw3,0m9jot1i,-0.02666751,hpO: Berufsvereinigung für heilkundlich praktizierte Osteopathie e.V.,FORECASTING COMBINATION OF HIERARCHICAL TIME SERIES: ANOVEL METHOD WITH AN APPLICATION TO COVID-19
563ftqw3,a0x8tu44,-0.02666007,hpO: Berufsvereinigung für heilkundlich praktizierte Osteopathie e.V.,WearTel: a potential solution to lack of objective patient assessment tools in remote care during the COVID-19 pandemic.
ye7fqh6a,2thqpsna,-0.026658127,Jetzt anmelden!,Clinical features and risk factors of severely and critically ill patients with COVID-19
yx5w8m9b,l3yvi2jg,-0.02665528,An Intimate Glimpse of Emergency Nurses at Work,"411 Mrd. €, 11,9 %"
i11uod4h,l3yvi2jg,-0.02665528,An Intimate Glimpse of Emergency Nurses at Work.,"411 Mrd. €, 11,9 %"
563ftqw3,0ru5myih,-0.026649617,hpO: Berufsvereinigung für heilkundlich praktizierte Osteopathie e.V.,Applying 'think-pair-share' for virtual curriculum retreat
73k939q5,xmb4eywi,-0.026642436,Developmental Manifestations of Grief in Children and Adolescents: Caregivers as Key Grief Facilitators,"Strategieentwicklung ""einfach"" machen"
563ftqw3,9behg4f4,-0.026637474,hpO: Berufsvereinigung für heilkundlich praktizierte Osteopathie e.V.,Mitigating Uncertainty in the Boardroom: Analysis to Financial Reporting for Financial Risk COVID-19
563ftqw3,fh8yd5hb,-0.026632713,hpO: Berufsvereinigung für heilkundlich praktizierte Osteopathie e.V.,Music as a person centred intervention for dementia.
klqd2xdq,fnhqcpru,-0.02662732,Nursing paradigms in times of COVID-19,COVID-19 – (k)eine Zumutung?!
6f5rwnqy,1w677dta,-0.026627194,Be the voice.,Bundesweites Belastungsmodell für Intensivstationen durch COVID-19
563ftqw3,pt4uk6w5,-0.026627054,hpO: Berufsvereinigung für heilkundlich praktizierte Osteopathie e.V.,Chapter 1 A History of Public Health
wwie0iem,yvp9rhg3,-0.026625674,Allergikern Ängste nehmen,Teaching remote consultation
kix9qx7l,aaj9e3v9,-0.026623296,2020: A year we will remember.,9 vragen over vaccineren
563ftqw3,y70k8ebm,-0.026622139,hpO: Berufsvereinigung für heilkundlich praktizierte Osteopathie e.V.,Pandemics and Beyond: Considerations When Personal Risk and Professional Obligations Converge
fnhqcpru,6zd3vmkj,-0.026618024,COVID-19 – (k)eine Zumutung?!,"Covid-19, Pregnancy, and Vaccinations."
3uaf2tle,yg296e6q,-0.026617007,COVID-19 and FIP,Counseling patients with COVID-19: An experience at dedicated COVID-19 hospital
ye7fqh6a,w6quzuvk,-0.026616173,Jetzt anmelden!,Laboratory Changes Consistent with Feline Infectious Peritonitis in Cats from Multicat Environments
wwie0iem,440z9d0c,-0.026608797,Allergikern Ängste nehmen,Commentary on the special issue: anthropology and the labour theory of value
wwie0iem,xz8qj7tl,-0.026608668,Allergikern Ängste nehmen,Exploring the Key Factors for Preventing Public Health Crises Under Incomplete Information
wwie0iem,jmtoic0a,-0.02660027,Allergikern Ängste nehmen,Promising Solutions to a Major Epidemic
wwie0iem,pz5jmt30,-0.026597142,Allergikern Ängste nehmen,Covid-19 highlights the failings of the health system as a whole
563ftqw3,ere9o56h,-0.026595538,hpO: Berufsvereinigung für heilkundlich praktizierte Osteopathie e.V.,Initial Long-Term Scenarios for COVID-19’s Impact on Aviation and Implications for Climate Policy
84yq3oyz,v247eg9f,-0.0265925,COVID-19: No Visitors.,Kein Ende in Sicht
563ftqw3,tb4caik8,-0.026588898,hpO: Berufsvereinigung für heilkundlich praktizierte Osteopathie e.V.,Long covid: WHO calls on countries to offer patients more rehabilitation.
563ftqw3,k2k1ajux,-0.026588898,hpO: Berufsvereinigung für heilkundlich praktizierte Osteopathie e.V.,Long covid: WHO calls on countries to offer patients more rehabilitation
563ftqw3,t7jy1exu,-0.026587855,hpO: Berufsvereinigung für heilkundlich praktizierte Osteopathie e.V.,"For Those with Inadequate Legal Documents, COVID-19 Vaccination Remains Challenging"
gk6xm71j,igk0ncq4,-0.026587775,COVID-19 Claims Lives of Artists,Mehr Impfschutz für Herzkranke
563ftqw3,4h32lg2y,-0.026578398,hpO: Berufsvereinigung für heilkundlich praktizierte Osteopathie e.V.,Financial Flexibility and Corporate Employment
ye7fqh6a,ai2yno3r,-0.02656753,Jetzt anmelden!,Keeping the Family in Family Medicine
wwie0iem,i2f18m36,-0.026558302,Allergikern Ängste nehmen,25 Years of Pathway Figures
563ftqw3,d05l7ijg,-0.026552144,hpO: Berufsvereinigung für heilkundlich praktizierte Osteopathie e.V.,The COVID-19 BreastScreen Department - beyond the pandemic
563ftqw3,4qrk8cc4,-0.026548374,hpO: Berufsvereinigung für heilkundlich praktizierte Osteopathie e.V.,"Institutional COVID-19 Protocols: Focused on Preparation, Safety, and Care Consolidation"
563ftqw3,o8xh3pru,-0.026545733,hpO: Berufsvereinigung für heilkundlich praktizierte Osteopathie e.V.,[What We Have Learned from the COVID-19 Pandemic].
ye7fqh6a,unyecyjz,-0.02653845,Jetzt anmelden!,Hospitalized COVID-19 Patients With Gastrointestinal Manifestation and Its Clinical Outcome
563ftqw3,pseynvmv,-0.02653748,hpO: Berufsvereinigung für heilkundlich praktizierte Osteopathie e.V.,No aspect of structure should be left behind in relation to student autonomous motivation
563ftqw3,k8x02zud,-0.026522396,hpO: Berufsvereinigung für heilkundlich praktizierte Osteopathie e.V.,Interesting case histories
563ftqw3,ialddril,-0.026517449,hpO: Berufsvereinigung für heilkundlich praktizierte Osteopathie e.V.,"Financial and Quality Metrics of A Large, Publicly Traded U.S. Nursing Home Chain in the Age of Covid-19."
563ftqw3,1wn002gg,-0.02651662,hpO: Berufsvereinigung für heilkundlich praktizierte Osteopathie e.V.,How to vaccinate the world against covid-19
563ftqw3,r0s99r15,-0.02651662,hpO: Berufsvereinigung für heilkundlich praktizierte Osteopathie e.V.,How to vaccinate the world against covid-19.
563ftqw3,lozuhegg,-0.026515244,hpO: Berufsvereinigung für heilkundlich praktizierte Osteopathie e.V.,COVID-19 Implications on the Relationship between Organizational Learning and Performance
563ftqw3,armi3ijt,-0.026513632,hpO: Berufsvereinigung für heilkundlich praktizierte Osteopathie e.V.,Strategic organisational skills predict surgical training success
563ftqw3,rok3lur6,-0.026512187,hpO: Berufsvereinigung für heilkundlich praktizierte Osteopathie e.V.,In loving memory of 'us': facing grief during the time of COVID-19 through redirecting perception of life's realities
563ftqw3,kpz5mw02,-0.026512183,hpO: Berufsvereinigung für heilkundlich praktizierte Osteopathie e.V.,In loving memory of ‘us’: facing grief during the time of COVID-19 through redirecting perception of life’s realities
ma8s803j,igk0ncq4,-0.026508331,Community nursing stories during Covid-19,Mehr Impfschutz für Herzkranke
563ftqw3,gje0h4kh,-0.026508307,hpO: Berufsvereinigung für heilkundlich praktizierte Osteopathie e.V.,The Role of Blockchain to Fight Against COVID-19
563ftqw3,7063fqnr,-0.026505966,hpO: Berufsvereinigung für heilkundlich praktizierte Osteopathie e.V.,How Can The Public Be Better Protected Against COVID-19?
563ftqw3,1fa4xqeh,-0.026503721,hpO: Berufsvereinigung für heilkundlich praktizierte Osteopathie e.V.,Exploration of Community Care Awareness about COVID-19 Sterilization
ye7fqh6a,7ewgu05x,-0.02649728,Jetzt anmelden!,Improving Health Among Rural Residents in the US
ye7fqh6a,tcnqkqx3,-0.026490437,Jetzt anmelden!,Attributes attitudes and chaordic travel intentions during COVID-19
563ftqw3,xz77owho,-0.026483199,hpO: Berufsvereinigung für heilkundlich praktizierte Osteopathie e.V.,Clustering proposal support for the COVID-19 making decision process in a data demanding scenario
6591nkx1,s73aa1yi,-0.026478844,Reply to Nagappa and Marimuthu,Perioperative thrombocytopenia.
s73aa1yi,jfrk3o5d,-0.026478844,Perioperative thrombocytopenia.,Reply to M Speeckaert and J Delanghe.
s73aa1yi,sbpd99n0,-0.026478844,Perioperative thrombocytopenia.,Reply to I. Nishino and J. Tanboon.
s73aa1yi,9baisu73,-0.026478836,Perioperative thrombocytopenia.,In Reply to Guragai
563ftqw3,18zq06jt,-0.026477233,hpO: Berufsvereinigung für heilkundlich praktizierte Osteopathie e.V.,Exploring activity compensation amongst youth and adults: a systematic review.
wwie0iem,bt2e5oro,-0.026463723,Allergikern Ängste nehmen,Know the facts of COVID-19
563ftqw3,olk2c51m,-0.026457315,hpO: Berufsvereinigung für heilkundlich praktizierte Osteopathie e.V.,Disruptions in sport management from COVID-19: Lessons from entrepreneurship and innovation
563ftqw3,9nd83ka5,-0.026454328,hpO: Berufsvereinigung für heilkundlich praktizierte Osteopathie e.V.,Smart working is not so smart: Always-on lives and the dark side of platformisation
563ftqw3,rn6vwlex,-0.026452836,hpO: Berufsvereinigung für heilkundlich praktizierte Osteopathie e.V.,Investigation of the relationship between transformational leadership style and teachers' successful online teaching during covid-19
iq75rgid,igk0ncq4,-0.026448201,Respiratory disease in pregnancy.,Mehr Impfschutz für Herzkranke
563ftqw3,zh6t7t6y,-0.026446283,hpO: Berufsvereinigung für heilkundlich praktizierte Osteopathie e.V.,Obesity: the biggest public health challenge facing nursing this century.
uw0inko7,l3yvi2jg,-0.026445799,Construction Industry and Its Future,"411 Mrd. €, 11,9 %"
wwie0iem,arelzf6k,-0.026443245,Allergikern Ängste nehmen,"The Emergence of Genome Editing—Innovation Network Dynamics of Academic Publications, Patents, and Business Activities"
563ftqw3,ej2zhlin,-0.026441373,hpO: Berufsvereinigung für heilkundlich praktizierte Osteopathie e.V.,Introductory Chapter
wwie0iem,1ym2jn3b,-0.026440756,Allergikern Ängste nehmen,Considering a new platform for academic campus interviews: Entering the virtual world
563ftqw3,fbnhxygu,-0.026436714,hpO: Berufsvereinigung für heilkundlich praktizierte Osteopathie e.V.,Letter to the Editor: The Role of a Geriatrician Has Become Even More Important in an Academic Institution during COVID-19
tomd2zqs,fnhqcpru,-0.026426941,Scenes from the Class Struggle in Picture Books: Depictions of Housing and Home in Books for Young Children,COVID-19 – (k)eine Zumutung?!
563ftqw3,2bn5cl7m,-0.026426211,hpO: Berufsvereinigung für heilkundlich praktizierte Osteopathie e.V.,Turning around accountability
563ftqw3,msnhlfo8,-0.02642029,hpO: Berufsvereinigung für heilkundlich praktizierte Osteopathie e.V.,Looking beyond the horizon. A normative-institutional approach to sustainability science;getting onto 'the balcony'
563ftqw3,w8vvs129,-0.026418202,hpO: Berufsvereinigung für heilkundlich praktizierte Osteopathie e.V.,Vulnerability and resiliency implications of human capital and linked inequality presence denial perspectives: Acknowledging Zigler's contributions to child well-being
zl4f9zid,wwie0iem,-0.026418198,Manifold Topology Divergence: a Framework for Comparing Data Manifolds,Allergikern Ängste nehmen
pfp48s09,fnhqcpru,-0.026404042,Cities coping with COVID-19,COVID-19 – (k)eine Zumutung?!
563ftqw3,4ybruquo,-0.026403459,hpO: Berufsvereinigung für heilkundlich praktizierte Osteopathie e.V.,Flipped Teaching Eased the Transition of Students to Online Learning During the COVID‐19 Pandemic
563ftqw3,or8aspyc,-0.026393907,hpO: Berufsvereinigung für heilkundlich praktizierte Osteopathie e.V.,Do COVID‐19 control guidelines for Long‐term care facilities include oral health care orientations?
wwie0iem,vg0d6c39,-0.026393658,Allergikern Ängste nehmen,Socioeconomic status and wellbeing as predictors of students' academic achievement: Evidence from a developing country
igk0ncq4,fr6tme32,-0.026389431,Mehr Impfschutz für Herzkranke,Infectious Hepatopathies in Dogs and Cats
1w677dta,b1zixcgy,-0.02638741,Bundesweites Belastungsmodell für Intensivstationen durch COVID-19,Contents list including Graphcal Abstracts
wwie0iem,difknbb5,-0.026383827,Allergikern Ängste nehmen,Convenience is Key for Patient Engagement with Remote Video Visits in a Musculoskeletal Practice.
wwie0iem,056mkhs6,-0.026380915,Allergikern Ängste nehmen,Readability of general practice websites and the BJGP
l3yvi2jg,2jtnaobs,-0.026380897,"411 Mrd. €, 11,9 %",Staging
qvay40pd,ye7fqh6a,-0.02637886,All People.,Jetzt anmelden!
563ftqw3,ek3580vu,-0.026374169,hpO: Berufsvereinigung für heilkundlich praktizierte Osteopathie e.V.,Development of digital learning resources for realistic mathematics education in supporting virtual learning during covid-19
563ftqw3,qq7j6o04,-0.026374118,hpO: Berufsvereinigung für heilkundlich praktizierte Osteopathie e.V.,Looking through (and beyond) a truly total territorial fact. Notes on the pandemics and the city
7w6uh6b7,j710m8je,-0.02636824,Infektionsrisiken bei Ultraschalldiagnostik minimieren,Floriculture and Covid-19
wfuz46le,j710m8je,-0.02636824,Akutes Nierenversagen bei COVID-19,Floriculture and Covid-19
t07y9kzw,j710m8je,-0.02636824,COVID-19: Vorsicht bei steigenden Leberwerten,Floriculture and Covid-19
j710m8je,l65bmye0,-0.02636824,Floriculture and Covid-19,Arzneipflanzen bei Covid-19
j710m8je,ye6wuwgd,-0.02636824,Floriculture and Covid-19,Pneumonien bei immunsupprimierten Patienten
j710m8je,jnmryxmr,-0.02636824,Floriculture and Covid-19,Kopfschmerz bei COVID-19
j710m8je,j759pbd2,-0.02636824,Floriculture and Covid-19,Infektionen bei Organtransplantationen
563ftqw3,jippfv8r,-0.026366374,hpO: Berufsvereinigung für heilkundlich praktizierte Osteopathie e.V.,Educational Robotics in Times of Pandemic: Challenges and Possibilities
ye7fqh6a,jjp43hgv,-0.026364535,Jetzt anmelden!,Ambulatory patients with coronavirus disease-19
563ftqw3,runofhy0,-0.026356224,hpO: Berufsvereinigung für heilkundlich praktizierte Osteopathie e.V.,What are communities of practice?: How nurses can develop their professional identity and learn diverse practices
ye7fqh6a,fod4xkd7,-0.026354797,Jetzt anmelden!,The porcine dendritic cell family
563ftqw3,w9dc2eq1,-0.026354719,hpO: Berufsvereinigung für heilkundlich praktizierte Osteopathie e.V.,Celebrating 180 years of financial services.
563ftqw3,ddcyvh72,-0.026347272,hpO: Berufsvereinigung für heilkundlich praktizierte Osteopathie e.V.,The impact of school closure and social isolation on children in vulnerable families during COVID-19: a focus on children's reactions
563ftqw3,thut9h43,-0.02634595,hpO: Berufsvereinigung für heilkundlich praktizierte Osteopathie e.V.,"The role of professionals' associations under extraordinary situations: Contingency, capacity, and collaboration"
8d79k64l,fnhqcpru,-0.026343826,Pediatric patients with dog bites presenting to US children’s hospitals,COVID-19 – (k)eine Zumutung?!
563ftqw3,ezaihk31,-0.026339108,hpO: Berufsvereinigung für heilkundlich praktizierte Osteopathie e.V.,Pearls and Pitfalls of the Virtual Interview: Perspectives From Both Sides of the Camera.
563ftqw3,uikx0p61,-0.026339108,hpO: Berufsvereinigung für heilkundlich praktizierte Osteopathie e.V.,Pearls and Pitfalls of the Virtual Interview: Perspectives From Both Sides of the Camera
zqx70r9x,xmb4eywi,-0.02633772,Member news,"Strategieentwicklung ""einfach"" machen"
g0x7kb9f,gq4a0vnw,-0.026336024,Scenes From Masked and Anonymousi,Stanowisko Komitetu Zdrowia Publicznego Polskiej Akademii Nauk w sprawie szczepień przeciw COVID-19
563ftqw3,9h6juo4i,-0.026330274,hpO: Berufsvereinigung für heilkundlich praktizierte Osteopathie e.V.,Items of Interest
563ftqw3,p02y4fn4,-0.026327277,hpO: Berufsvereinigung für heilkundlich praktizierte Osteopathie e.V.,Parent preference: Comparing telephone with face to face consultations during the COVID-19 pandemic
c8wqzbk8,fnhqcpru,-0.0263192,"COVID-19 vaccines and herd immunity: Perspectives, challenges and prospects",COVID-19 – (k)eine Zumutung?!
563ftqw3,579yer7i,-0.026314894,hpO: Berufsvereinigung für heilkundlich praktizierte Osteopathie e.V.,Science fiction has become reality: Best practice for future viral pandemics
g0x7kb9f,l3yvi2jg,-0.026313748,Scenes From Masked and Anonymousi,"411 Mrd. €, 11,9 %"
ye7fqh6a,tq9k1kj8,-0.02631273,Jetzt anmelden!,Perceptions of Teachers in Training on Water Issues and Their Relationship to the SDGs
ye7fqh6a,lrs1lbxn,-0.026311994,Jetzt anmelden!,Retinal vascular findings in patients with COVID-19
wwie0iem,zitqbdfd,-0.026309745,Allergikern Ängste nehmen,Inail procedure for augmented reality remote survey
bmg44q1d,fnhqcpru,-0.026305567,COVID-19 and children returning to school,COVID-19 – (k)eine Zumutung?!
ye7fqh6a,ge4z459u,-0.026302874,Jetzt anmelden!,Maternal and Fetal Outcomes in Pregnant Women with COVID-19 Infection;A Case Series of 16 Patients at a Tertiary Care Hospital
ye7fqh6a,794kqbxk,-0.026296278,Jetzt anmelden!,Vaccines in the public eye.
ye7fqh6a,gg0466lc,-0.026290072,Jetzt anmelden!,Diseases with health disparities as drivers of COVID‐19 outcome
ye7fqh6a,gmg28g89,-0.026290072,Jetzt anmelden!,Diseases with health disparities as drivers of COVID-19 outcome
k8q46y5s,tjd3wkvu,-0.026286248,[Suicidality in adults].,Dynamische Übergabeschurre zur Effizienzsteigerung von Gurtbandförderern
563ftqw3,ad1hva9a,-0.026284456,hpO: Berufsvereinigung für heilkundlich praktizierte Osteopathie e.V.,"Practical Implications of Physical Distancing, Social Isolation, and Reduced Physicality for Older Adults in Response to COVID-19"
563ftqw3,0ommf6qk,-0.026281834,hpO: Berufsvereinigung für heilkundlich praktizierte Osteopathie e.V.,Living a Calling During COVID-19: A Resource Gain Perspective
563ftqw3,8uowmdak,-0.026281474,hpO: Berufsvereinigung für heilkundlich praktizierte Osteopathie e.V.,What Can We Learn From Almost a Decade of Food Tweets
dixv7jxr,aaj9e3v9,-0.02627828,Consuming tradition,9 vragen over vaccineren
xsf149nx,3uaf2tle,-0.026272401,POLST Signature Requirements: Responding With Compassion While Ensuring Informed Consent,COVID-19 and FIP
563ftqw3,6mxq2iba,-0.026268873,hpO: Berufsvereinigung für heilkundlich praktizierte Osteopathie e.V.,Justice Matters: Spiritual Care and Pastoral Theological Imaginations in Times of the COVID-19 Pandemic
563ftqw3,r4apvwp6,-0.02626724,hpO: Berufsvereinigung für heilkundlich praktizierte Osteopathie e.V.,"Impact of the COVID-19 pandemic on medical education: Medical students’ knowledge, attitudes, and practices regarding electronic learning"
k4e7mrac,fnhqcpru,-0.02626698,NRITLD Protocol for the Management of Patients with COVID-19 Admitted to Hospitals.,COVID-19 – (k)eine Zumutung?!
mttcwm3q,fnhqcpru,-0.026264884,2. Metalloproteins,COVID-19 – (k)eine Zumutung?!
563ftqw3,51ykdo4a,-0.026256815,hpO: Berufsvereinigung für heilkundlich praktizierte Osteopathie e.V.,Spherical Robots for Special Purposes: A Review on Current Possibilities
rwqtbepk,l3yvi2jg,-0.026252044,Curriculum decolonisation in 3 2 1,"411 Mrd. €, 11,9 %"
563ftqw3,a1uugmpm,-0.026249936,hpO: Berufsvereinigung für heilkundlich praktizierte Osteopathie e.V.,The Impact of COVID-19 on the Faces of Frontline Healthcare Workers.
563ftqw3,tcnnmlaw,-0.026248544,hpO: Berufsvereinigung für heilkundlich praktizierte Osteopathie e.V.,Fairer Chess: A Reversal of Two Opening Moves in Chess Creates Balance Between White and Black
ye7fqh6a,422m97s8,-0.026247928,Jetzt anmelden!,Goals of care conversations and telemedicine
dei0xd1b,fnhqcpru,-0.026246184,COVID-19: Zoonotic aspects,COVID-19 – (k)eine Zumutung?!
563ftqw3,efetn93j,-0.02624135,hpO: Berufsvereinigung für heilkundlich praktizierte Osteopathie e.V.,"Parent time investments in their children's learning during a policy-mandated shutdown: parent, child, and household influences"
563ftqw3,vww6x44e,-0.026232563,hpO: Berufsvereinigung für heilkundlich praktizierte Osteopathie e.V.,Remdesivir in Hospitalized Adults With Severe COVID-19: Lessons Learned From the First Randomized Trial: JCOM
563ftqw3,plm1oev4,-0.026231596,hpO: Berufsvereinigung für heilkundlich praktizierte Osteopathie e.V.,Why Counting Black Lives Matters - The 2020 Census
563ftqw3,skhy9r0c,-0.026230587,hpO: Berufsvereinigung für heilkundlich praktizierte Osteopathie e.V.,The impact of Social Media Marketing on the Travel Intention of Z Travelers
6n5ahxak,xmb4eywi,-0.026221985,Disparity in the selection of patients in clinical trials.,"Strategieentwicklung ""einfach"" machen"
563ftqw3,qspkawi1,-0.026220497,hpO: Berufsvereinigung für heilkundlich praktizierte Osteopathie e.V.,Wisdom of the crowds in forecasting COVID-19 spreading severity
wwie0iem,8cwwls3l,-0.026216056,Allergikern Ängste nehmen,On Image to 3D Volume Construction for E-Commerce Applications
563ftqw3,yz6r8a8b,-0.026214812,hpO: Berufsvereinigung für heilkundlich praktizierte Osteopathie e.V.,COVID-19 and the Law of Unforeseen Consequences
563ftqw3,457j7z2y,-0.02621063,hpO: Berufsvereinigung für heilkundlich praktizierte Osteopathie e.V.,First Nation Peoples' nutrition and exercise group programmes: transforming success through the lifeworld.
563ftqw3,mme7x8ge,-0.026204638,hpO: Berufsvereinigung für heilkundlich praktizierte Osteopathie e.V.,Preparing for the COVID-19 Pandemic and Its Impact on a Nursing Simulation Curriculum.
budg3cw8,e7zvp3uj,-0.026202923,Wensen en ambities,Imagine
563ftqw3,a0uo43h1,-0.026199862,hpO: Berufsvereinigung für heilkundlich praktizierte Osteopathie e.V.,History and evolution of pacing and devices.
563ftqw3,uuplnc7m,-0.026198966,hpO: Berufsvereinigung für heilkundlich praktizierte Osteopathie e.V.,Secondary school students' perception of the online teaching experience during COVID-19: The impact on mental wellbeing and specific learning difficulties
4xfipd3x,i6n1s6pq,-0.026193285,Superspreading genomes.,Erst einmal durchatmen!
i6n1s6pq,cm345pyo,-0.026193285,Erst einmal durchatmen!,Superspreading genomes
cqe9dqqi,ye7fqh6a,-0.026193136,Wound care is not just about the wound.,Jetzt anmelden!
563ftqw3,vbb7pl24,-0.026191723,hpO: Berufsvereinigung für heilkundlich praktizierte Osteopathie e.V.,"Precision Nutrition-the Answer to ""What to Eat to Stay Healthy"""
wwie0iem,ikuimrhv,-0.026181724,Allergikern Ängste nehmen,A Finite Pool of Worry or a Finite Pool of Attention? Evidence and Qualifications
563ftqw3,uigc7ld2,-0.026175894,hpO: Berufsvereinigung für heilkundlich praktizierte Osteopathie e.V.,"Motivations, Barriers and Risk-Taking When Investing in Cryptocurrencies"
563ftqw3,f9m489pt,-0.026174294,hpO: Berufsvereinigung für heilkundlich praktizierte Osteopathie e.V.,Predicting the Basic Level in a Hierarchy of Concepts
r4495jpa,xmb4eywi,-0.026172895,Covid-19: Validity of key studies in doubt after leading journals issue expressions of concern,"Strategieentwicklung ""einfach"" machen"
ye7fqh6a,3oc3mfrr,-0.02616801,Jetzt anmelden!,Risk Factors Associated with Mortality among Patients with COVID-19: Analysis of a Cohort of 1213 Patients in a Tertiary Healthcare Center
563ftqw3,985w1lms,-0.026166806,hpO: Berufsvereinigung für heilkundlich praktizierte Osteopathie e.V.,Implementation of virtual consultation for hand surgeons and therapists: an international survey and future implications
563ftqw3,6x435y9b,-0.02616557,hpO: Berufsvereinigung für heilkundlich praktizierte Osteopathie e.V.,Challenges for modelling interventions for future pandemics
7rsv9lwd,xmb4eywi,-0.026163623,Highlights of genetic programming 2020 events,"Strategieentwicklung ""einfach"" machen"
gdqv1q45,83x9wajq,-0.02616353,Komplexe Gerinnungsstörungen,Getting Through COVID-19: Keeping Clinicians in the Workforce.
563ftqw3,m8uohm7m,-0.026162911,hpO: Berufsvereinigung für heilkundlich praktizierte Osteopathie e.V.,"[The ""vulnerable person"" and the role of the treating physician]."
igk0ncq4,6l8zhz4b,-0.026160331,Mehr Impfschutz für Herzkranke,An Environment for Computer Programming Classes Under COVID-19 Situation
563ftqw3,726snx9z,-0.026156003,hpO: Berufsvereinigung für heilkundlich praktizierte Osteopathie e.V.,A pioneering national program for the protection of residents of long‐term care facilities during the COVID‐19 pandemic
563ftqw3,curiy6t1,-0.026150951,hpO: Berufsvereinigung für heilkundlich praktizierte Osteopathie e.V.,Superior accuracy
563ftqw3,brg141ga,-0.02614248,hpO: Berufsvereinigung für heilkundlich praktizierte Osteopathie e.V.,Special Coverage on COVID-19: No One is Ready for This
563ftqw3,okfhcgtl,-0.02614084,hpO: Berufsvereinigung für heilkundlich praktizierte Osteopathie e.V.,Establishing a Patient-Centered Virtual Care Model Across the Continuum of Care
563ftqw3,tpn7e8rh,-0.026132397,hpO: Berufsvereinigung für heilkundlich praktizierte Osteopathie e.V.,VFep: 3D Graphic Face Representation Based on Voice-based Emotion Recognition
zdd8aq4t,xmb4eywi,-0.026132278,Treatment outcomes for COVID-19: a prospective cohort study,"Strategieentwicklung ""einfach"" machen"
gdqv1q45,2psttxu3,-0.02612432,Komplexe Gerinnungsstörungen,Some thoughts on COVID-19
wwie0iem,awl4lijb,-0.026116408,Allergikern Ängste nehmen,Coronaviruses: a review of their properties and diversity
wwie0iem,upiol06s,-0.026114274,Allergikern Ängste nehmen,Analysis of laboratory parameters in patients with COVID-19: Experiences from a pandemic hospital Laboratory parameters of COVID-19
gdqv1q45,qj0nwynn,-0.026106583,Komplexe Gerinnungsstörungen,Innovating past barriers
563ftqw3,vf0h4qa9,-0.026106175,hpO: Berufsvereinigung für heilkundlich praktizierte Osteopathie e.V.,Making Heart Failure Count.
563ftqw3,1n7efrc8,-0.02609922,hpO: Berufsvereinigung für heilkundlich praktizierte Osteopathie e.V.,The vulnerability of nursing home residents to the Covid-19 pandemic
ye7fqh6a,s3sw57kp,-0.026098512,Jetzt anmelden!,"Consequences of Migrating U.S. Contagious Facilities Into General Hospitals, 1900-1950."
slvgcl6z,fnhqcpru,-0.026097752,Mental health resources for nurses,COVID-19 – (k)eine Zumutung?!
563ftqw3,fqq8fb3a,-0.026082475,hpO: Berufsvereinigung für heilkundlich praktizierte Osteopathie e.V.,Teaching Physiology in a Large Lecture During Covid: The Power of Reflection and Learning Who My Students Are
typrhcp9,fnhqcpru,-0.026080638,Hypoalbuminemia and clinical adverse events in children with COVID-19,COVID-19 – (k)eine Zumutung?!
563ftqw3,0aiq1ay5,-0.026078144,hpO: Berufsvereinigung für heilkundlich praktizierte Osteopathie e.V.,COVID-19 impact and firm reactions towards crisis: Evidence from a transition economy
563ftqw3,jl663kph,-0.026077112,hpO: Berufsvereinigung für heilkundlich praktizierte Osteopathie e.V.,Virtual was the Reality in Neuroscience Education during the COVID-19 Pandemic.
ye7fqh6a,k507ichh,-0.026075074,Jetzt anmelden!,"Molecular Epidemiology of Carbapenemases in Enterobacteriales from Humans, Animals, Food and the Environment"
jqu7u1hr,igk0ncq4,-0.026073275,Contents of volume 21,Mehr Impfschutz für Herzkranke
lhpy3d3p,igk0ncq4,-0.026073275,Contents to volume 14,Mehr Impfschutz für Herzkranke
igk0ncq4,vv7k71um,-0.026073275,Mehr Impfschutz für Herzkranke,Contents of Volume 138
igk0ncq4,oej9epsl,-0.026073275,Mehr Impfschutz für Herzkranke,Contents of volume 301 (2005)
igk0ncq4,pt0a7atz,-0.026073275,Mehr Impfschutz für Herzkranke,Contents of volume 13
igk0ncq4,mmcs3gmx,-0.026073275,Mehr Impfschutz für Herzkranke,Contents of volume 45
l3yvi2jg,cs9jjc4s,-0.02607116,"411 Mrd. €, 11,9 %",Covid-19: healthcare staff in hotspot areas are prioritised as testing expands
563ftqw3,n68ne7o1,-0.026062597,hpO: Berufsvereinigung für heilkundlich praktizierte Osteopathie e.V.,Patient engagement in an online coaching intervention for parents of children with suspected developmental delays
bgdzlbnz,fnhqcpru,-0.02606053,Selected Abstracts,COVID-19 – (k)eine Zumutung?!
563ftqw3,5d0fek9y,-0.026055502,hpO: Berufsvereinigung für heilkundlich praktizierte Osteopathie e.V.,Authors’ Reply to: Techniques to Teach Students Effectively Using Telemedicine. Comment on “Incorporating Medical Students Into Primary Care Telehealth Visits: Tutorial”
wwie0iem,thn89st5,-0.026052527,Allergikern Ängste nehmen,Songwon Industrial posts solid financial results
563ftqw3,e2h4ec12,-0.026047118,hpO: Berufsvereinigung für heilkundlich praktizierte Osteopathie e.V.,Attainment – achieving compliance with ESARIS standards
563ftqw3,b9skirs0,-0.026038062,hpO: Berufsvereinigung für heilkundlich praktizierte Osteopathie e.V.,And the next Director-General of WHO is…
uy66yzqz,fnhqcpru,-0.026037417,The times and spaces of transplantation: queercrip histories as futurities,COVID-19 – (k)eine Zumutung?!
563ftqw3,gk6xm71j,-0.026035711,hpO: Berufsvereinigung für heilkundlich praktizierte Osteopathie e.V.,COVID-19 Claims Lives of Artists
563ftqw3,ih5ro1lb,-0.026034456,hpO: Berufsvereinigung für heilkundlich praktizierte Osteopathie e.V.,Experience in managing psoriasis patients receiving targeted therapy during the covid-19 pandemic
563ftqw3,3wbbohqy,-0.026033303,hpO: Berufsvereinigung für heilkundlich praktizierte Osteopathie e.V.,Spotlight on Nursing: Navigating Uncharted Waters: Preparing COVID-19 Capable Nurses to Work in a Transformed Workplace.
563ftqw3,8sd3v7ad,-0.026033076,hpO: Berufsvereinigung für heilkundlich praktizierte Osteopathie e.V.,Birth Hospital Length of Stay and Rehospitalization During COVID-19
igk0ncq4,4qtax5py,-0.026032453,Mehr Impfschutz für Herzkranke,COVID toes following vaccination
jvvzu4aj,v5u2nth8,-0.02603188,Concluding Reflections,Mobilität erhalten - Immobilität vorbeugen
o49uclco,4gdsucr6,-0.026031572,Keine zusätzliche Gefahr für Allergiker,2020: A series of unprecedented events.
25lfv90h,fnhqcpru,-0.026029358,Annals for Hospitalists - May 2021,COVID-19 – (k)eine Zumutung?!
lllb2o7g,fnhqcpru,-0.026029358,Annals for Hospitalists - May 2021.,COVID-19 – (k)eine Zumutung?!
lm1tiprk,xmb4eywi,-0.026024036,Epidemiological and Clinical Aspects of COVID-19; a Narrative Review.,"Strategieentwicklung ""einfach"" machen"
gtb8cvlg,xmb4eywi,-0.026018653,Main directions of credit policy during the COVID-19 pandemy,"Strategieentwicklung ""einfach"" machen"
563ftqw3,c6ey56kx,-0.026018247,hpO: Berufsvereinigung für heilkundlich praktizierte Osteopathie e.V.,Absence makes the mind grow stronger - Educating in a pandemic and beyond
563ftqw3,fdatlqqo,-0.026017753,hpO: Berufsvereinigung für heilkundlich praktizierte Osteopathie e.V.,"Emotional Awareness in Time of Disruption: the Impact of Tolerance for Ambiguity, Worry, Perceived Stress, Helpful Communication, and past Experience on Student Satisfaction"
563ftqw3,z15gc8r5,-0.026017128,hpO: Berufsvereinigung für heilkundlich praktizierte Osteopathie e.V.,"Let us not forget the importance of a face to face consultation in the Covid-19 era, a dermatology perspective."
qzzer9ul,fnhqcpru,-0.026011987,Language games and scholarly writing,COVID-19 – (k)eine Zumutung?!
563ftqw3,pl2fp3eu,-0.02601087,hpO: Berufsvereinigung für heilkundlich praktizierte Osteopathie e.V.,"Undertaking the mission, innovating courageously, and seeking development"
563ftqw3,t6bxe7f5,-0.026004802,hpO: Berufsvereinigung für heilkundlich praktizierte Osteopathie e.V.,Breastfeeding mother-child clinical outcomes after COVID-19 vaccination
563ftqw3,gf8q2od3,-0.026001515,hpO: Berufsvereinigung für heilkundlich praktizierte Osteopathie e.V.,“We Need to Learn from What we Have Learned!”: The Possible Impact of Covid-19 on the Education and Training of Chaplains
7tagqwel,l3yvi2jg,-0.025997726,Rising above polarising discourses within nursing,"411 Mrd. €, 11,9 %"
w0dteuvi,fnhqcpru,-0.025991155,Speaking Visually: COVID-19 Education for Kids.,COVID-19 – (k)eine Zumutung?!
563ftqw3,s8cyrlhh,-0.025991134,hpO: Berufsvereinigung für heilkundlich praktizierte Osteopathie e.V.,THE IMPORTANCE OF QUALITY AND ACCREDITATION IN HEALTH CARE SERVICES IN THE PROCESS OF STRUGGLE AGAINST COVID-19.
ye7fqh6a,q7zb34yt,-0.02598459,Jetzt anmelden!,"Organizational capacity for patient and family engagement in hospital planning and improvement: interviews with patient/family advisors, managers and clinicians"
563ftqw3,o37kql99,-0.025983881,hpO: Berufsvereinigung für heilkundlich praktizierte Osteopathie e.V.,Findings and lessons learnt from early termination of a pragmatic comparative effectiveness trial of video consultations in home-based palliative care.
563ftqw3,x76yd7cx,-0.025982805,hpO: Berufsvereinigung für heilkundlich praktizierte Osteopathie e.V.,Medicare payment policy in skilled nursing facilities: Lessons from a history of mixed success
wwie0iem,w86tkuxz,-0.025976574,Allergikern Ängste nehmen,"Contribution of Individual- and Neighborhood-Level Social, Demographic, and Health Factors to COVID-19 Hospitalization Outcomes"
563ftqw3,m1aprw2w,-0.025972692,hpO: Berufsvereinigung für heilkundlich praktizierte Osteopathie e.V.,Minimum Quality Regulations and the Demand for Child Care Labor
osafuymj,fnhqcpru,-0.025972255,Hospital-Level Variability in Outcomes of Patients With COVID-19,COVID-19 – (k)eine Zumutung?!
563ftqw3,tiz6eism,-0.025969466,hpO: Berufsvereinigung für heilkundlich praktizierte Osteopathie e.V.,Public health priority in handling ongoing pandemic
563ftqw3,kogo1c83,-0.025969245,hpO: Berufsvereinigung für heilkundlich praktizierte Osteopathie e.V.,Emergency care and the patient experience: Using sentiment analysis and topic modeling to understand the impact of the COVID-19 pandemic
j710m8je,e66s7chx,-0.025964906,Floriculture and Covid-19,In Bewegung bleiben
563ftqw3,tr57c3q7,-0.025953123,hpO: Berufsvereinigung für heilkundlich praktizierte Osteopathie e.V.,DHSC is not listening
l3yvi2jg,2bn5cl7m,-0.025950177,"411 Mrd. €, 11,9 %",Turning around accountability
563ftqw3,jv6v7t9j,-0.025948888,hpO: Berufsvereinigung für heilkundlich praktizierte Osteopathie e.V.,754 The Effect of the COVID-19 Pandemic on Burn Care and Short-Term Patient Outcomes
8i5qii10,xmb4eywi,-0.025944958,Diagnostic biosensors for coronaviruses and recent developments,"Strategieentwicklung ""einfach"" machen"
563ftqw3,zerrccwx,-0.025942588,hpO: Berufsvereinigung für heilkundlich praktizierte Osteopathie e.V.,Risk and Opportunity of Telemedicine in Healthcare Management
563ftqw3,r5w7v0gx,-0.025942462,hpO: Berufsvereinigung für heilkundlich praktizierte Osteopathie e.V.,Overcoming the Challenges of Remote Home Office Assessments
563ftqw3,uc9ifgll,-0.02594211,hpO: Berufsvereinigung für heilkundlich praktizierte Osteopathie e.V.,Culturally aware mentorship: Lasting impacts of a novel intervention on academic administrators and faculty
563ftqw3,77k9cy3x,-0.02594211,hpO: Berufsvereinigung für heilkundlich praktizierte Osteopathie e.V.,Culturally aware mentorship: Lasting impacts of a novel intervention on academic administrators and faculty.
563ftqw3,559to81b,-0.025941582,hpO: Berufsvereinigung für heilkundlich praktizierte Osteopathie e.V.,University presses and the impact of COVID‐19
j218kirj,fnhqcpru,-0.025938876,Research Priorities for U.K. Pediatric Critical Care in 2019: Healthcare Professionals' and Parents' Perspectives.,COVID-19 – (k)eine Zumutung?!
ye7fqh6a,4cyrf6vz,-0.025933504,Jetzt anmelden!,The role of cytokines and their antagonists in the treatment of COVID-19 patients.
563ftqw3,taaig5zs,-0.025930122,hpO: Berufsvereinigung für heilkundlich praktizierte Osteopathie e.V.,Assessing the Impact of Frailty on Cognitive Function in Older Adults Receiving Home Care.
wwie0iem,qyjw1m19,-0.025930023,Allergikern Ängste nehmen,Grounded in the World: Developmental Origins of the Embodied Mind.
563ftqw3,rfto0cgz,-0.025929175,hpO: Berufsvereinigung für heilkundlich praktizierte Osteopathie e.V.,"Facing COVID-19, Jumping From In-Person Training To Virtual Learning: A Review on Educational and Clinical Activities in a Neurology Department"
563ftqw3,uwediutn,-0.025927244,hpO: Berufsvereinigung für heilkundlich praktizierte Osteopathie e.V.,A COVID-19 Relief Kitchen Created by an Unexpected Advocate
igk0ncq4,0ax26o75,-0.02592385,Mehr Impfschutz für Herzkranke,Inhaltsverzeichnis / Table of Contents
563ftqw3,8hede7cz,-0.025923362,hpO: Berufsvereinigung für heilkundlich praktizierte Osteopathie e.V.,"Food allergy 2020: learning from the past, looking to the future"
3vwehyud,fnhqcpru,-0.025921192,[Clinical features of asymptomatic or subclinical COVID-19 in children].,COVID-19 – (k)eine Zumutung?!
563ftqw3,mksa88i6,-0.025916599,hpO: Berufsvereinigung für heilkundlich praktizierte Osteopathie e.V.,Delivering Holistic Transgender and Nonbinary Care in the Age of Telemedicine and COVID-19: Reflections and Implications for Best Practices.
02zo6j9r,8f2e9fxq,-0.025914796,Normalization as a mediator of emotion during unemployment.,Onze hersenen: onze achtbaan
563ftqw3,jdwh415x,-0.025902998,hpO: Berufsvereinigung für heilkundlich praktizierte Osteopathie e.V.,Robots and Artificial Intelligence be Helpful in future Covid Research
563ftqw3,299237uj,-0.02589643,hpO: Berufsvereinigung für heilkundlich praktizierte Osteopathie e.V.,Supporting Health Care Staff With Family Meals During the COVID-19 Pandemic.
ewersik9,xmb4eywi,-0.025892343,While we have your attention,"Strategieentwicklung ""einfach"" machen"
rpinup9y,fnhqcpru,-0.025892235,COVID-19-Considerations for the Female Athlete,COVID-19 – (k)eine Zumutung?!
563ftqw3,iltcty6f,-0.025889864,hpO: Berufsvereinigung für heilkundlich praktizierte Osteopathie e.V.,Encouraging Protective COVID-19 Behaviors among College Students
563ftqw3,i06aoveu,-0.025883632,hpO: Berufsvereinigung für heilkundlich praktizierte Osteopathie e.V.,Driving maneuver classification from time series data: a rule based machine learning approach
ag5y781z,fnhqcpru,-0.025882011,Nidoviruses of Fish and Crustaceans,COVID-19 – (k)eine Zumutung?!
563ftqw3,4tvoxsab,-0.025877574,hpO: Berufsvereinigung für heilkundlich praktizierte Osteopathie e.V.,Leading with inclusion during the COVID-19 pandemic
o49uclco,wiyn3i29,-0.02587,Keine zusätzliche Gefahr für Allergiker,Chapter 30 The National Bioforensic Analysis Center
ye7fqh6a,2ame1csl,-0.025868062,Jetzt anmelden!,Nurses' Experiences Caring for Patients and Families During the COVID-19 Pandemic: Communication Challenges
563ftqw3,fhcxsm1g,-0.025865488,hpO: Berufsvereinigung für heilkundlich praktizierte Osteopathie e.V.,Student behaviors in a blended synchronous course
rlqdkkk4,84yq3oyz,-0.02586316,Alkoholbezogene Störungen: Gedanken zur neuen Leitlinie,COVID-19: No Visitors.
563ftqw3,vl3wc715,-0.025862584,hpO: Berufsvereinigung für heilkundlich praktizierte Osteopathie e.V.,Undergraduate students’ attitudes to COVID-19 during the lockdown period: Hierarchy of psychological factors
wwie0iem,u13asgmb,-0.0258602,Allergikern Ängste nehmen,A Framework for Visualizing Study Designs and Data Observability in Electronic Health Record Data
563ftqw3,dyu1hsjg,-0.02585883,hpO: Berufsvereinigung für heilkundlich praktizierte Osteopathie e.V.,The use of remdesivir among pregnant women and associated clinical outcomes in mother and the child
563ftqw3,gk0d6spi,-0.025858276,hpO: Berufsvereinigung für heilkundlich praktizierte Osteopathie e.V.,Computer Game-Based Telerehabilitation Platform Targeting Manual Dexterity: Exercise Is Fun. “You Are Kidding—Right?”
wwie0iem,hawzgnxk,-0.02585608,Allergikern Ängste nehmen,Differences in neuroradiology training programs around the world.
563ftqw3,znoe5s8s,-0.025852676,hpO: Berufsvereinigung für heilkundlich praktizierte Osteopathie e.V.,Reshaping dental practice in the face of the COVID‐19 pandemic: Leapfrogging to Dentronics
ye7fqh6a,oqsljbww,-0.025851822,Jetzt anmelden!,"Lyssaviruses and rabies: current conundrums, concerns, contradictions and controversies"
563ftqw3,792jd7hz,-0.02584312,hpO: Berufsvereinigung für heilkundlich praktizierte Osteopathie e.V.,Emergency Move to Remote Teaching: A Mixed-Method Approach to Understand Faculty Perceptions and Instructional Practices
563ftqw3,rxvf1g4j,-0.025840713,hpO: Berufsvereinigung für heilkundlich praktizierte Osteopathie e.V.,One Year of Pandemic Learning Response: Benefits of Massive Online Delivery of the World Health Organization's Technical Guidance
wwie0iem,pn0fgucs,-0.025837943,Allergikern Ängste nehmen,Introduction to the BASAS 2019 special section
563ftqw3,jp0lncxb,-0.0258335,hpO: Berufsvereinigung für heilkundlich praktizierte Osteopathie e.V.,Determining the Students' Preferable Learning Mode for both Traditional Classrooms Teaching under Normal Situations and Forced Virtual Teaching in Quarantine Period
l3yvi2jg,2t2sx7g9,-0.025830537,"411 Mrd. €, 11,9 %",Assessing Urban Policies in a COVID-19 World
wwie0iem,8bvqn8fe,-0.025828758,Allergikern Ängste nehmen,Symmetry protected topological phases beyond groups: The q-deformed AKLT model
563ftqw3,kggfqqg1,-0.025820892,hpO: Berufsvereinigung für heilkundlich praktizierte Osteopathie e.V.,"COVID-19, Aging and Mental Health: Lessons from the First Six Months"
563ftqw3,cs3d2uot,-0.025819944,hpO: Berufsvereinigung für heilkundlich praktizierte Osteopathie e.V.,Patterns for Certification Standards
563ftqw3,7san9t4e,-0.025816392,hpO: Berufsvereinigung für heilkundlich praktizierte Osteopathie e.V.,Nursing Education for Disaster Preparedness and Response.
563ftqw3,o810k0aj,-0.02581191,hpO: Berufsvereinigung für heilkundlich praktizierte Osteopathie e.V.,Reasons to Accept Vaccine Refusers in Primary Care
563ftqw3,ly1tw4ta,-0.025811413,hpO: Berufsvereinigung für heilkundlich praktizierte Osteopathie e.V.,SHORT-COMMUNICATION-Lesson learnt during COVID-19 pandemic in Pakistan
563ftqw3,za5tmvc4,-0.025810482,hpO: Berufsvereinigung für heilkundlich praktizierte Osteopathie e.V.,"Covid impact in allergy: patients' perceptions of ""virtual” consultations and preferences for the future."
563ftqw3,94styyil,-0.025807777,hpO: Berufsvereinigung für heilkundlich praktizierte Osteopathie e.V.,Ethics committee meetings – Online or face to face?
0b1sdadc,l3yvi2jg,-0.025806755,COVID-19 decontamination procedures for photographic equipment in a secondary care setting.,"411 Mrd. €, 11,9 %"
wwie0iem,tmykyc96,-0.025806403,Allergikern Ängste nehmen,The national public health institutes of the world--update.
ye7fqh6a,ghoa2wwf,-0.025805421,Jetzt anmelden!,"Delirium in Older Patients With COVID-19: Prevalence, Risk Factors, and Clinical Relevance"
wwie0iem,t2llcx0o,-0.025802925,Allergikern Ängste nehmen,Discussion Board.
wwie0iem,czrtg28e,-0.025802925,Allergikern Ängste nehmen,Discussion Board
egkvbqhd,pxc3ah12,-0.02579997,Alles sauber?,Observation on COVID-19
zkorkkhy,fnhqcpru,-0.025798488,COVID-19 lockdown: Impact on college students' lives.,COVID-19 – (k)eine Zumutung?!
563ftqw3,poiy1v39,-0.025794037,hpO: Berufsvereinigung für heilkundlich praktizierte Osteopathie e.V.,When routine bites hard….
563ftqw3,8g4d2agy,-0.025785893,hpO: Berufsvereinigung für heilkundlich praktizierte Osteopathie e.V.,How Marketing Practices Undermine Nurses.
563ftqw3,jaxeoan7,-0.025785893,hpO: Berufsvereinigung für heilkundlich praktizierte Osteopathie e.V.,How Marketing Practices Undermine Nurses
563ftqw3,v6iwebod,-0.025781743,hpO: Berufsvereinigung für heilkundlich praktizierte Osteopathie e.V.,Sailing in the Winds of Change: Navigating the Future of Nursing Education.
563ftqw3,w3s8p09k,-0.025781685,hpO: Berufsvereinigung für heilkundlich praktizierte Osteopathie e.V.,Errors of programming and ownership of the robot concept made by trainee kindergarten teachers during an induction training
igk0ncq4,p1oejs8n,-0.025778672,Mehr Impfschutz für Herzkranke,Improving vaccine trials in infectious disease emergencies.
wwie0iem,bt623fvs,-0.025778297,Allergikern Ängste nehmen,Classification of the factors of functioning of the individual human thermoregulation system and prediction of its state (local thermophysical aspects)
563ftqw3,pjep18ax,-0.025777878,hpO: Berufsvereinigung für heilkundlich praktizierte Osteopathie e.V.,Considerations on Medical Education during the COVID-19 Pandemic and Beyond.
n9ilp4r5,fnhqcpru,-0.025773903,Hematological changes in patients with COVID‑19 (Review).,COVID-19 – (k)eine Zumutung?!
563ftqw3,rd15fye1,-0.025771666,hpO: Berufsvereinigung für heilkundlich praktizierte Osteopathie e.V.,Characteristics of Elderly Care Work That Influence Care Workers’ Turnover Intentions
wwie0iem,teeb9vwx,-0.025769353,Allergikern Ängste nehmen,Prolific research on a barren rock.
563ftqw3,qjqps5mf,-0.025764951,hpO: Berufsvereinigung für heilkundlich praktizierte Osteopathie e.V.,Telemedicine experiences and perspectives of healthcare providers in long-term care: A scoping review.
x4zpab7y,4dn47ts2,-0.025760682,Celebrating 20 years of FOCIS,Mehrwert digitaler Checklisten
kqy3w1b5,l3yvi2jg,-0.025753401,Vision-based Autonomous Disinfection of High-Touch Surfaces in Indoor Environments,"411 Mrd. €, 11,9 %"
wwie0iem,2fs1mgtj,-0.025750998,Allergikern Ängste nehmen,Barriers and Solutions to Developing and Maintaining Research Networks during a Pandemic: An example from the iELEVATE Perinatal Network
wwie0iem,7g9ir5rd,-0.02575022,Allergikern Ängste nehmen,Climate Change as a Factor in the Development of Companies: Corporate Strategies and Guidelines for State Industrial Policy
563ftqw3,70opna8q,-0.025748342,hpO: Berufsvereinigung für heilkundlich praktizierte Osteopathie e.V.,How Field Courses Propel Inclusion and Collective Excellence
ye7fqh6a,8d79k64l,-0.025746955,Jetzt anmelden!,Pediatric patients with dog bites presenting to US children’s hospitals
wwie0iem,gekm19or,-0.025745895,Allergikern Ängste nehmen,Classification of Dispersed Patterns of Radiographic Images with COVID-19 by Core-Periphery Network Modeling
wwie0iem,0j03mdwv,-0.025743164,Allergikern Ängste nehmen,Concerns about subgroup analyses and reason for stopping remdesivir trial
563ftqw3,atwzinny,-0.025739066,hpO: Berufsvereinigung für heilkundlich praktizierte Osteopathie e.V.,Virtual reality-based medical education versus lecture-based method in teaching start triage lessons in emergency medical students: Virtual reality in medical education
563ftqw3,p2o1s8vv,-0.025734935,hpO: Berufsvereinigung für heilkundlich praktizierte Osteopathie e.V.,Medical Students' Perceptions and an Anatomy Teacher's Personal Experience Using an e-Learning Platform for Tutorials During the Covid-19 Crisis.
563ftqw3,4wl81n5h,-0.025733076,hpO: Berufsvereinigung für heilkundlich praktizierte Osteopathie e.V.,The rise of adverse childhood experiences during the COVID-19 pandemic
563ftqw3,wm3iols8,-0.025731739,hpO: Berufsvereinigung für heilkundlich praktizierte Osteopathie e.V.,What value nursing knowledge in a time of crisis?
wwie0iem,0esi1flb,-0.02573007,Allergikern Ängste nehmen,Face Biometrics as a Potential Predictor for COVID-19 Susceptibility
563ftqw3,vuxqc3qn,-0.025727145,hpO: Berufsvereinigung für heilkundlich praktizierte Osteopathie e.V.,NICE advises on critical care in adults
563ftqw3,xip7bap4,-0.02572573,hpO: Berufsvereinigung für heilkundlich praktizierte Osteopathie e.V.,Telepathic charm seduces audience at paranormal debate.
e66s7chx,tbh2fwk5,-0.025725536,In Bewegung bleiben,Secondary Transmission of COVID-19 in K-12 Schools: Findings From Two States
563ftqw3,egplv121,-0.02572483,hpO: Berufsvereinigung für heilkundlich praktizierte Osteopathie e.V.,The influence of skill-based policies on the immigrant selection process
563ftqw3,y5qzl28n,-0.025724169,hpO: Berufsvereinigung für heilkundlich praktizierte Osteopathie e.V.,COVID-19 and the growth mindset: Dangerous opportunities
563ftqw3,n9m6e3va,-0.025723303,hpO: Berufsvereinigung für heilkundlich praktizierte Osteopathie e.V.,Death in 2000 ways
563ftqw3,c432s591,-0.025723059,hpO: Berufsvereinigung für heilkundlich praktizierte Osteopathie e.V.,RECOVERY 1 year on: a rare success in the COVID-19 clinical trial landscape
563ftqw3,vro86qqp,-0.025722517,hpO: Berufsvereinigung für heilkundlich praktizierte Osteopathie e.V.,"Concepts of Security Threats, Challenges, Vulnerabilities and Risks"
563ftqw3,czmsglo8,-0.025715783,hpO: Berufsvereinigung für heilkundlich praktizierte Osteopathie e.V.,Exploring Online Writing Assessment Amid Covid-19: Challenges and Opportunities from Teachers' Perspectives
563ftqw3,vfez5k02,-0.025700415,hpO: Berufsvereinigung für heilkundlich praktizierte Osteopathie e.V.,Digital Orthopaedics. A Glimpse into the Future in The Midst of a Pandemic
563ftqw3,yzrkrwv8,-0.025698429,hpO: Berufsvereinigung für heilkundlich praktizierte Osteopathie e.V.,Who Are We to Decide That the Unvaccinated Don't Deserve Care?
563ftqw3,0yo22rrb,-0.025697695,hpO: Berufsvereinigung für heilkundlich praktizierte Osteopathie e.V.,Optimizing Lessons Learned from COVID-19's Effects on School Nutrition Programs
l3yvi2jg,7vliqpos,-0.025694093,"411 Mrd. €, 11,9 %",Between Multiple Identities and Values: Professionals’ Identity Conflicts in Ethically Charged Situations
wwie0iem,zuogud5k,-0.025687374,Allergikern Ängste nehmen,Covid-19 time series prediction
sh67dbej,fnc04kba,-0.02568597,De verpleegkundestudent in 2025,Thankful
8898p7h5,fnc04kba,-0.02568597,De-Interpersonalization,Thankful
fnc04kba,i7l6q23k,-0.025685957,Thankful,Infectieziekten in de mondzorgpraktijk
563ftqw3,uiy18hx9,-0.025680969,hpO: Berufsvereinigung für heilkundlich praktizierte Osteopathie e.V.,Defining Essential Services for Deaf and Hard of Hearing Children during the COVID-19 Pandemic
xpkvi8sq,wwie0iem,-0.025672657,The predictive role of lymphocyte subsets and laboratory measurements in COVID-19 disease: a retrospective study,Allergikern Ängste nehmen
21jy6zcr,ye7fqh6a,-0.025670892,Defining Events,Jetzt anmelden!
563ftqw3,y6a0kw4f,-0.02566687,hpO: Berufsvereinigung für heilkundlich praktizierte Osteopathie e.V.,Healthcare facilities management in digitalization context
ye7fqh6a,98mktb8e,-0.025659084,Jetzt anmelden!,Reflections on key methodological decisions in national burden of disease assessments
ua53g1uo,wwie0iem,-0.025648294,Memes Related to Covid-19 on Social Media: a Study,Allergikern Ängste nehmen
563ftqw3,au752mbf,-0.025647208,hpO: Berufsvereinigung für heilkundlich praktizierte Osteopathie e.V.,Developing eHealth tools for diverse older adults: Lessons learned from the PREPARE for Your Care Program.
ef4ughzi,nefqa6qg,-0.025644593,Disclosure List.,Thrombosen durch Autoantikörper
l3yvi2jg,dx7i3z4m,-0.025637718,"411 Mrd. €, 11,9 %",Information-giving: an approach for contemporary practice
563ftqw3,55gc21o6,-0.025629394,hpO: Berufsvereinigung für heilkundlich praktizierte Osteopathie e.V.,A Trade Agenda for the Right to Food
563ftqw3,bb3nlmz3,-0.025626114,hpO: Berufsvereinigung für heilkundlich praktizierte Osteopathie e.V.,Revamping Outpatient Care for Patients Without COVID-19
27e68fwy,igk0ncq4,-0.025620297,Clinic in the times of COVID19,Mehr Impfschutz für Herzkranke
si1w8off,l3yvi2jg,-0.02561926,A computational model for adaptive recording of vital signs through context histories,"411 Mrd. €, 11,9 %"
563ftqw3,kiyan17t,-0.02561671,hpO: Berufsvereinigung für heilkundlich praktizierte Osteopathie e.V.,Judgments of Businesspeople Who Shake Hands in the Era of COVID-19
1w677dta,o0okucwu,-0.025616322,Bundesweites Belastungsmodell für Intensivstationen durch COVID-19,Should Institutions Disclose the Names of Employees with Covid‐19?
563ftqw3,r6lgdqvb,-0.025608748,hpO: Berufsvereinigung für heilkundlich praktizierte Osteopathie e.V.,Utility Customer Care in the Digital Age: Transforming the Customer Experience to Meet Higher Expectations
563ftqw3,xhlrl4wo,-0.025608236,hpO: Berufsvereinigung für heilkundlich praktizierte Osteopathie e.V.,Covid-19 Impact on Telemedicine
563ftqw3,7ow91ch6,-0.025606778,hpO: Berufsvereinigung für heilkundlich praktizierte Osteopathie e.V.,"COVID-19 Health Technology Governance, Epistemic Competence, and the Future of Knowledge in an Uncertain World."
9ykwgtxj,fnhqcpru,-0.02560454,Reportable diseases.,COVID-19 – (k)eine Zumutung?!
563ftqw3,8uim7114,-0.025599472,hpO: Berufsvereinigung für heilkundlich praktizierte Osteopathie e.V.,Reduced utilitarian willingness to violate personal rights during the COVID-19 pandemic
563ftqw3,pbttvmx5,-0.025594853,hpO: Berufsvereinigung für heilkundlich praktizierte Osteopathie e.V.,Clinician Delivery of Virtual Pivotal Response Treatment with Children with Autism during the COVID-19 Pandemic
563ftqw3,s7rps3w2,-0.025591172,hpO: Berufsvereinigung für heilkundlich praktizierte Osteopathie e.V.,"Managing the COVID-19 pandemic: innovations, adaptations and leadership."
563ftqw3,kqoz169r,-0.025590813,hpO: Berufsvereinigung für heilkundlich praktizierte Osteopathie e.V.,Strengthening healthcare delivery with remote patient monitoring in the time of COVID-19
563ftqw3,b6t6q12f,-0.025588743,hpO: Berufsvereinigung für heilkundlich praktizierte Osteopathie e.V.,Shared Viewpoint—Developing the Future of Kidney Care
563ftqw3,v5rnmokn,-0.025584223,hpO: Berufsvereinigung für heilkundlich praktizierte Osteopathie e.V.,Context-Aware Chatbot Based on Cyber-Physical Sensing for Promoting Serendipitous Face-to-Face Communication
563ftqw3,38uvk9nf,-0.025577942,hpO: Berufsvereinigung für heilkundlich praktizierte Osteopathie e.V.,Leveraging Technology to Improve Care of Older Adults.
563ftqw3,x42a3oce,-0.025569486,hpO: Berufsvereinigung für heilkundlich praktizierte Osteopathie e.V.,Personalized Distance-Learning Experience through Virtual Oral Examinations in an Undergraduate Biochemistry Course
wwie0iem,e9e013wz,-0.025566708,Allergikern Ängste nehmen,Respiratory rate monitoring: characterizing performance for emerging technologies.
563ftqw3,9s68dwnd,-0.025561303,hpO: Berufsvereinigung für heilkundlich praktizierte Osteopathie e.V.,Five tips on how to speak 'Childrenese'
wwie0iem,tj8qltnu,-0.025556384,Allergikern Ängste nehmen,Diagnostic approaches in COVID-19: clinical updates.
wwie0iem,5yb2etlj,-0.025556384,Allergikern Ängste nehmen,Diagnostic approaches in COVID-19: clinical updates
563ftqw3,nidovvt7,-0.025556026,hpO: Berufsvereinigung für heilkundlich praktizierte Osteopathie e.V.,Impact of leadership on the nursing workforce during the COVID-19 pandemic
563ftqw3,biqkuu4g,-0.025550809,hpO: Berufsvereinigung für heilkundlich praktizierte Osteopathie e.V.,"How the COVID-19 Pandemic Relates to Planning, Selecting, and Preparing Healthier Foods: An Observational Study in 38 Countries Worldwide"
wwie0iem,ou0rs05k,-0.025548376,Allergikern Ängste nehmen,Social media platforms: a primer for researchers
563ftqw3,l6vsrg5h,-0.025545951,hpO: Berufsvereinigung für heilkundlich praktizierte Osteopathie e.V.,Adults are just big children: What we can learn about quality end-of-life care from pediatrics.
wwie0iem,v85j5rlo,-0.025541782,Allergikern Ängste nehmen,From the Guest Editors: Happy and Healthy Cities
563ftqw3,w9nkcch9,-0.025534574,hpO: Berufsvereinigung für heilkundlich praktizierte Osteopathie e.V.,Vaccine Literacy-helping Everyone Decide to Accept Vaccination.
dxx0bfis,fnhqcpru,-0.025532678,Disease X and other unknowns,COVID-19 – (k)eine Zumutung?!
q0i4pt8q,563ftqw3,-0.025529424,Music influences vividness and content of imagined journeys in a directed visual imagery task,hpO: Berufsvereinigung für heilkundlich praktizierte Osteopathie e.V.
563ftqw3,e8kfa2py,-0.025525149,hpO: Berufsvereinigung für heilkundlich praktizierte Osteopathie e.V.,Join us in showcasing the best of our profession.
563ftqw3,0m3hssd8,-0.02552321,hpO: Berufsvereinigung für heilkundlich praktizierte Osteopathie e.V.,Is climate change the next pandemic for dermatology? Lessons from COVID‐19
3uaf2tle,sjsjn777,-0.025520924,COVID-19 and FIP,Unanswered
4xfipd3x,nefqa6qg,-0.02551969,Superspreading genomes.,Thrombosen durch Autoantikörper
cm345pyo,nefqa6qg,-0.02551969,Superspreading genomes,Thrombosen durch Autoantikörper
wwie0iem,51k50ebv,-0.02551671,Allergikern Ängste nehmen,Temperature and relative humidity are not major contributing factor on the occurrence of COVID-19 pandemic: An observational study in 57 countries
x7apg7fx,xmb4eywi,-0.025515197,"Tylophorine: Sources, Properties, Applications and Biotechnological Production","Strategieentwicklung ""einfach"" machen"
563ftqw3,2pzuutce,-0.025503734,hpO: Berufsvereinigung für heilkundlich praktizierte Osteopathie e.V.,Philanthropy in Education: Making Sense of an Emerging Field
wwie0iem,pygb6yrc,-0.02549945,Allergikern Ängste nehmen,DNACPR decisions during Covid-19: An empirical and analytical study
563ftqw3,061t0sp0,-0.025495304,hpO: Berufsvereinigung für heilkundlich praktizierte Osteopathie e.V.,The COVID-19 pandemic: challenge and chance for a scientific association.
ye7fqh6a,e1txv74n,-0.025494648,Jetzt anmelden!,A Safety Network for Patients in Times of COVID-19
563ftqw3,0ib9hct5,-0.025486179,hpO: Berufsvereinigung für heilkundlich praktizierte Osteopathie e.V.,COVID - 19 Future forecasting using Time Series Model
4v8lzz4b,xmb4eywi,-0.02548319,"Distance Lectures in University Studies: Advantages, Disadvantages, Improvement","Strategieentwicklung ""einfach"" machen"
563ftqw3,06m7efqs,-0.025483094,hpO: Berufsvereinigung für heilkundlich praktizierte Osteopathie e.V.,"The role of cognitive job crafting in the relationship between turnover intentions, negative affect, and task mastery."
563ftqw3,483g0n4c,-0.025482552,hpO: Berufsvereinigung für heilkundlich praktizierte Osteopathie e.V.,Changing scientific meetings for the better
563ftqw3,lhft0rux,-0.025476806,hpO: Berufsvereinigung für heilkundlich praktizierte Osteopathie e.V.,The Making of a Modern Endemic: An Introduction
l3yvi2jg,cpokxqbv,-0.025474146,"411 Mrd. €, 11,9 %",Efficient Representations for Privacy-Preserving Inference
563ftqw3,1laomyow,-0.025470756,hpO: Berufsvereinigung für heilkundlich praktizierte Osteopathie e.V.,How can technology be used to support communication in palliative care beyond the COVID-19 pandemic?
ptxwnbhf,8f2e9fxq,-0.02546988,Investigating people's anxieties and concerns about COVID-19,Onze hersenen: onze achtbaan
ye7fqh6a,08dkaeit,-0.025468264,Jetzt anmelden!,Uniting for adolescents in covid-19 and beyond
chaos58y,eej8qb9t,-0.02546503,Pflege während der COVID-19 Pandemie: Eine besondere Herausforderung,Acknowledgement to Referees.
563ftqw3,3nn37lrj,-0.025464842,hpO: Berufsvereinigung für heilkundlich praktizierte Osteopathie e.V.,The Growing Blessing of Unicorns: The Changing Nature of the Market for Privately Funded Companies
reta4ho8,l3yvi2jg,-0.025453413,Challenges of engineering safe and secure highly automated vehicles,"411 Mrd. €, 11,9 %"
563ftqw3,4o0jmth9,-0.025446197,hpO: Berufsvereinigung für heilkundlich praktizierte Osteopathie e.V.,Key Intervention Categories to Provide Person-Centered Dementia Care: A Systematic Review of Person-Centered Interventions
wwie0iem,ef9egc3q,-0.025444796,Allergikern Ängste nehmen,The post-Theranos world
wwie0iem,a8l19s17,-0.025444258,Allergikern Ängste nehmen,Survey of COVID-19 dynamics across US states
l3yvi2jg,t1xjk8rd,-0.025438614,"411 Mrd. €, 11,9 %",Drone Charging Stations Deployment in Rural Areas for Better Wireless Coverage: Challenges and Solutions
ueamxlfg,fnhqcpru,-0.025437677,Public Perception of COVID-19 Vaccines through Analysis of Twitter Content and Users,COVID-19 – (k)eine Zumutung?!
563ftqw3,czximrmc,-0.025435293,hpO: Berufsvereinigung für heilkundlich praktizierte Osteopathie e.V.,Do Residents and Healthcare Providers Differ in Preference for Family Doctor Contract Service? Evidence From a Discrete Choice Experiment
563ftqw3,z7k8s5a4,-0.02543067,hpO: Berufsvereinigung für heilkundlich praktizierte Osteopathie e.V.,The Belt and Road Initiative and the Sustainable Development Goals.
563ftqw3,1atebjvg,-0.025426188,hpO: Berufsvereinigung für heilkundlich praktizierte Osteopathie e.V.,The deployment of balanced scorecard in health care organizations: is it beneficial? A systematic review
563ftqw3,z0805xtv,-0.025423685,hpO: Berufsvereinigung für heilkundlich praktizierte Osteopathie e.V.,Socially distanced patient care
rcdui9rm,fnhqcpru,-0.02541445,Outcomes of Patients on Maintenance Dialysis Hospitalized with COVID-19,COVID-19 – (k)eine Zumutung?!
563ftqw3,g5ihvs97,-0.02541004,hpO: Berufsvereinigung für heilkundlich praktizierte Osteopathie e.V.,Factors that influence parents' and informal caregivers' views and practices regarding routine childhood vaccination: a qualitative evidence synthesis
563ftqw3,xx3z5a1m,-0.0254089,hpO: Berufsvereinigung für heilkundlich praktizierte Osteopathie e.V.,From Survival to Business Prosperity: the Financial Aspect of Managing an Organization in a Crisis
563ftqw3,d4wv1skc,-0.025407227,hpO: Berufsvereinigung für heilkundlich praktizierte Osteopathie e.V.,Extrinsically Integrated Instructional Quizzes in Learning Games: An Educational Disaster or Not?
563ftqw3,ycsyymr1,-0.02540697,hpO: Berufsvereinigung für heilkundlich praktizierte Osteopathie e.V.,The Illusion of a Sustainable Capitalism
vherpolo,fnhqcpru,-0.02540585,COVID-19 and Cancer Patients.,COVID-19 – (k)eine Zumutung?!
jaog9mup,fnhqcpru,-0.02540585,COVID-19 and patients with cancer,COVID-19 – (k)eine Zumutung?!
fnhqcpru,75iv3s9j,-0.02540585,COVID-19 – (k)eine Zumutung?!,43 COVID-19 in Patients With Cancer
563ftqw3,pdvtjnoe,-0.02540416,hpO: Berufsvereinigung für heilkundlich praktizierte Osteopathie e.V.,The history of science and medicine in the context of COVID-19
563ftqw3,zu724vom,-0.025402686,hpO: Berufsvereinigung für heilkundlich praktizierte Osteopathie e.V.,The undergraduate 'corridor of uncertainty': teaching core concepts for managing clinical uncertainty as the 'special technique' of general practice.
wwie0iem,ygmcudou,-0.025394127,Allergikern Ängste nehmen,COVID-19 Parenting - Keeping it positive
563ftqw3,yqwxoclm,-0.025389258,hpO: Berufsvereinigung für heilkundlich praktizierte Osteopathie e.V.,Creative learning in digital and virtual environments: Opportunities and challenges of technology-enabled learning and creativity
563ftqw3,7q49tfu5,-0.025384894,hpO: Berufsvereinigung für heilkundlich praktizierte Osteopathie e.V.,"Risk, uncertainty, and leverage()"
563ftqw3,7evfnncq,-0.02538434,hpO: Berufsvereinigung für heilkundlich praktizierte Osteopathie e.V.,A Combined Students’ and Teachers’ Online Education Perspective—You May Ask Yourself: Some Key Questions to Consider Before Beginning an Online Course or Program
fdvi9fdw,xmb4eywi,-0.025382416,Risk factors for mortality in COVID‐19 patients in a community teaching hospital,"Strategieentwicklung ""einfach"" machen"
ye7fqh6a,8v985y4u,-0.025370728,Jetzt anmelden!,[COVID-19: risks of psychological trauma for patients in intensive care or for their families].
563ftqw3,s86t1am9,-0.02536612,hpO: Berufsvereinigung für heilkundlich praktizierte Osteopathie e.V.,Courses and Conferences.
563ftqw3,kuyztshs,-0.025365463,hpO: Berufsvereinigung für heilkundlich praktizierte Osteopathie e.V.,"Vaccine perception: Acceptance, hesitancy, beliefs and barriers associated with Covid-19 vaccination among medical students"
563ftqw3,gmosy1y2,-0.025360478,hpO: Berufsvereinigung für heilkundlich praktizierte Osteopathie e.V.,Museum visitors’ interest on virtual tours in covid-19 situation
l3yvi2jg,7gntgbfe,-0.02535582,"411 Mrd. €, 11,9 %",The widening scope of coronaviruses.
563ftqw3,r7d8a49r,-0.025339272,hpO: Berufsvereinigung für heilkundlich praktizierte Osteopathie e.V.,Entertainment-Education Campaigns and COVID-19: How Three Global Organizations Adapted the Health Communication Strategy for Pandemic Response and Takeaways for the Future
563ftqw3,wa6xuty1,-0.025334591,hpO: Berufsvereinigung für heilkundlich praktizierte Osteopathie e.V.,Resilient and responsive healthcare services and systems: challenges and opportunities in a changing world
563ftqw3,z1wl1xuu,-0.025330428,hpO: Berufsvereinigung für heilkundlich praktizierte Osteopathie e.V.,Explicit (Not Implicit) Attitudes Mediate the Focus of Attention During Sentence Processing
563ftqw3,yavafq7e,-0.025328944,hpO: Berufsvereinigung für heilkundlich praktizierte Osteopathie e.V.,Managing China–U.S. “strategic competition”: potential risks and possible approaches
563ftqw3,629793jt,-0.02532864,hpO: Berufsvereinigung für heilkundlich praktizierte Osteopathie e.V.,Incorporating Virtues: A Speech Act Approach to Understanding how Virtues Can Work in Business
wwie0iem,miyu0296,-0.025328368,Allergikern Ängste nehmen,Shared Mental Models: Insights and Perspectives on Ideologies and Institutions
563ftqw3,hloo9yvw,-0.025324484,hpO: Berufsvereinigung für heilkundlich praktizierte Osteopathie e.V.,"COVID-19 image classification using deep learning: Advances, challenges and opportunities"
563ftqw3,w4hbh2sa,-0.02532301,hpO: Berufsvereinigung für heilkundlich praktizierte Osteopathie e.V.,Communication is key
urmhw450,fnhqcpru,-0.025322968,Translation in plants-rules and exceptions,COVID-19 – (k)eine Zumutung?!
ye7fqh6a,v4eb7ced,-0.025321078,Jetzt anmelden!,"Exploring the consequences of COVID-19 on tourist behaviors: perceived travel risk, animosity and intentions to travel"
563ftqw3,4qhkvi1n,-0.025316317,hpO: Berufsvereinigung für heilkundlich praktizierte Osteopathie e.V.,Union Budget 2020-21 and the Gender Budget Statement: A Critical Analysis from a Gender Perspective
wwie0iem,h9xjipd1,-0.025312427,Allergikern Ängste nehmen,Modelling the Degree of Emotional Concern: COVID-19 Response in Social Media
563ftqw3,g2ol2mmp,-0.025303727,hpO: Berufsvereinigung für heilkundlich praktizierte Osteopathie e.V.,“The Future of Archaeology Is Antiracist”: Archaeology in the Time of Black Lives Matter
563ftqw3,aib6d4zo,-0.025302228,hpO: Berufsvereinigung für heilkundlich praktizierte Osteopathie e.V.,Ambulante pneumologische Rehabilitation
wwie0iem,nkgntbzz,-0.025298676,Allergikern Ängste nehmen,Recognising and celebrating the quality of our profession
q2j9m0ro,fnhqcpru,-0.02528624,Tetraspanins as Potential Therapeutic Candidates for Targeting Flaviviruses,COVID-19 – (k)eine Zumutung?!
563ftqw3,0ezm17ln,-0.025276514,hpO: Berufsvereinigung für heilkundlich praktizierte Osteopathie e.V.,Nominations sought
563ftqw3,gqr5hz0f,-0.025273887,hpO: Berufsvereinigung für heilkundlich praktizierte Osteopathie e.V.,Exploring student perceptions of the learning environment in four health professions education programs
ye7fqh6a,v2g9x9q5,-0.02527267,Jetzt anmelden!,Vanishing mediators in public health during COVID-19
563ftqw3,nkgntbzz,-0.025271501,hpO: Berufsvereinigung für heilkundlich praktizierte Osteopathie e.V.,Recognising and celebrating the quality of our profession
wwie0iem,st0mwwl5,-0.025268275,Allergikern Ängste nehmen,Clinical Features of Early Stage COVID-19 in a Primary Care Setting
o98dc0bo,igk0ncq4,-0.025266306,Circling the wagons or opening the circle,Mehr Impfschutz für Herzkranke
ye7fqh6a,jzmmr0ka,-0.025264546,Jetzt anmelden!,Exosomes and COVID-19: challenges and opportunities
wwie0iem,hz5cfj4v,-0.025252301,Allergikern Ängste nehmen,Barriers to Participation in Clinical Trials: The Problem of Information
563ftqw3,22diaq0n,-0.02524249,hpO: Berufsvereinigung für heilkundlich praktizierte Osteopathie e.V.,"Birth Settings in America: Outcomes, Quality, Access, and Choice"
wwie0iem,xrmkx4cc,-0.025235454,Allergikern Ängste nehmen,Industry 5.0: Potential Applications in COVID-19
563ftqw3,dlqnj4bi,-0.025232382,hpO: Berufsvereinigung für heilkundlich praktizierte Osteopathie e.V.,Usefulness of smart glasses and point of view for suturing skills training in medical students: pilot study.
ye7fqh6a,yst938x9,-0.02523092,Jetzt anmelden!,PREDICTORS AND OUTCOMES OF BACTERIAL AND FUNGAL SUPERINFECTIONS IN CRITICALLY ILL PATIENTS WITH COVID-19
563ftqw3,h7i1wujc,-0.025230385,hpO: Berufsvereinigung für heilkundlich praktizierte Osteopathie e.V.,"Housing, Living Arrangements and Mental Health of Young Adults in Independent Living"
563ftqw3,pe8gek3c,-0.025223877,hpO: Berufsvereinigung für heilkundlich praktizierte Osteopathie e.V.,The aftermath of COVID-19 pandemic period: barriers in implementation of social distancing at workplace
nc7tor08,fnhqcpru,-0.025221247,"Presenteeism in Nurses: Prevalence, Consequences, and Causes From the Perspectives of Nurses and Chief Nurses",COVID-19 – (k)eine Zumutung?!
igk0ncq4,clufxvni,-0.025218744,Mehr Impfschutz für Herzkranke,Readability of COVID-19 vaccine information for the general public
ozyazewv,yuk4l1zn,-0.025217287,Zertifizierungen von EndoCert: in Zeiten von COVID-19,"'Opioid', opioids, pain, language and communication."
563ftqw3,l9sd2hzx,-0.025215043,hpO: Berufsvereinigung für heilkundlich praktizierte Osteopathie e.V.,Respondents’ Involvement in Tourist Activities at the Time of the COVID-19 Pandemic
563ftqw3,nxkuftkt,-0.025206482,hpO: Berufsvereinigung für heilkundlich praktizierte Osteopathie e.V.,The Impact of Performance Enhancement on Value of Care in Hospitals
563ftqw3,vjoapucj,-0.025197709,hpO: Berufsvereinigung für heilkundlich praktizierte Osteopathie e.V.,A review of research in activity-based working over the last ten years: lessons for the post-COVID workplace
wwie0iem,x8fiqnse,-0.025196698,Allergikern Ängste nehmen,Correlating indoor and outdoor temperature and humidity in a sample of buildings in tropical climates
563ftqw3,gy74hyy8,-0.025196502,hpO: Berufsvereinigung für heilkundlich praktizierte Osteopathie e.V.,Governance of AIDS and Actions Taken
563ftqw3,8yy6p85g,-0.025195902,hpO: Berufsvereinigung für heilkundlich praktizierte Osteopathie e.V.,"Telephone, video, equity and access in virtual care"
563ftqw3,60c71glo,-0.025195584,hpO: Berufsvereinigung für heilkundlich praktizierte Osteopathie e.V.,Role of an ophthalmologist after patient loses vision- are we doing enough?
wwie0iem,bgdzlbnz,-0.025190676,Allergikern Ängste nehmen,Selected Abstracts
ig0hso76,l3yvi2jg,-0.025189964,Protecting Workers that Provide Essential Services,"411 Mrd. €, 11,9 %"
563ftqw3,y7xfy2r6,-0.025189804,hpO: Berufsvereinigung für heilkundlich praktizierte Osteopathie e.V.,Professional wrestling in a time of social distancing
563ftqw3,dj4gg29l,-0.02518875,hpO: Berufsvereinigung für heilkundlich praktizierte Osteopathie e.V.,CSANZ COVID-19 Cardiovascular Nursing Care Consensus Statement: Executive Summary
wwie0iem,85v8x1rj,-0.02518661,Allergikern Ängste nehmen,Two parts of the equation: “Flattening the curve” and “Raising the line”
563ftqw3,pxxubsvx,-0.025186187,hpO: Berufsvereinigung für heilkundlich praktizierte Osteopathie e.V.,How COVID-19 Is Placing Vulnerable Children at Risk and Why We Need a Different Approach to Child Welfare.
zn0iorvs,fnhqcpru,-0.025182888,[Two years of Covid],COVID-19 – (k)eine Zumutung?!
wwie0iem,kyrsgihn,-0.025175983,Allergikern Ängste nehmen,Employment Diversification as a Determinant of Economic Resilience and Sustainability in Provincial Cities
563ftqw3,5628omut,-0.025169296,hpO: Berufsvereinigung für heilkundlich praktizierte Osteopathie e.V.,Book Review: Women rowing north: Navigating life's currents and flourishing as we age
wwie0iem,1lvgk7tn,-0.025167769,Allergikern Ängste nehmen,Remote Interview Methods in Chemical Education Research
563ftqw3,p0diy4yt,-0.025162866,hpO: Berufsvereinigung für heilkundlich praktizierte Osteopathie e.V.,Team-Based Learning Among Health Care Professionals: A Systematic Review.
84yq3oyz,yrqzg6id,-0.025160694,COVID-19: No Visitors.,Mit Umweltethik gegen Pandemien?
563ftqw3,9yusfl0o,-0.025158871,hpO: Berufsvereinigung für heilkundlich praktizierte Osteopathie e.V.,COVID - A Caring Reflection
563ftqw3,vf7xj5qt,-0.025155813,hpO: Berufsvereinigung für heilkundlich praktizierte Osteopathie e.V.,"COVID-19 Decision Impacts: Vaccine Hesitancy, its Barriers and Impact Studies: Taking Bayelsa State as an Example"
563ftqw3,yqai1om4,-0.02515323,hpO: Berufsvereinigung für heilkundlich praktizierte Osteopathie e.V.,Integrated Care in the Era of COVID-19: Turning Vision Into Reality With Digital Health
ye7fqh6a,93ajiehr,-0.025150865,Jetzt anmelden!,The Unique Impact of COVID-19 on Older Adults in Rural Areas
563ftqw3,3reu0g12,-0.0251501,hpO: Berufsvereinigung für heilkundlich praktizierte Osteopathie e.V.,Telemedicine and the challenge of epilepsy management at the time of COVID-19 pandemic
563ftqw3,9czyg43m,-0.02514749,hpO: Berufsvereinigung für heilkundlich praktizierte Osteopathie e.V.,Year-long study on resilience
wwie0iem,k7ijavv4,-0.025146497,Allergikern Ängste nehmen,Marginal Gains and Clinical Trials – Improving and Influencing Practice
wwie0iem,dwyinrcn,-0.025143841,Allergikern Ängste nehmen,Society Against Covid-19: Challenges for the Socio-genetic Point of View of Social Representations
563ftqw3,7xiwhyjy,-0.025141653,hpO: Berufsvereinigung für heilkundlich praktizierte Osteopathie e.V.,A survey of ethical views and experiences during a pandemic: A critical care perspective
563ftqw3,eawg4eon,-0.0251367,hpO: Berufsvereinigung für heilkundlich praktizierte Osteopathie e.V.,Effects of COVID-19 Stay-at-Home Orders on Physical Activity in People with Obesity
1h7u3m20,fnhqcpru,-0.02513316,An Outline of the Story of Girls in Control and its Success in Motivating Girls Internationally,COVID-19 – (k)eine Zumutung?!
563ftqw3,o5w4pbbc,-0.02512926,hpO: Berufsvereinigung für heilkundlich praktizierte Osteopathie e.V.,Safety and Satisfaction of Patients Opting for Fully Remote Consultation and On-Treatment Management Visits During COVID-19
563ftqw3,dmkc4frc,-0.025129061,hpO: Berufsvereinigung für heilkundlich praktizierte Osteopathie e.V.,The Reassurance Effect: Paradoxical Preferences in Information Acquisition
563ftqw3,6l0uwgue,-0.025128089,hpO: Berufsvereinigung für heilkundlich praktizierte Osteopathie e.V.,Are there limits to how far one must go for others?
563ftqw3,6dpcyboe,-0.025125094,hpO: Berufsvereinigung für heilkundlich praktizierte Osteopathie e.V.,Virtual BSACI Annual Meeting 2020
ye7fqh6a,fcns051a,-0.025124656,Jetzt anmelden!,Emerging Parvoviruses in Domestic Cats
6ncv0t62,fnhqcpru,-0.025123542,Hematologic malignancies of the breast: report of three cases,COVID-19 – (k)eine Zumutung?!
gdqv1q45,9y9ntvu2,-0.025122937,Komplexe Gerinnungsstörungen,Helping children and young people to appraise risk in difficult times
563ftqw3,99qhmw6e,-0.025122022,hpO: Berufsvereinigung für heilkundlich praktizierte Osteopathie e.V.,COVID-19: No Distinction for Children's Spiritual Growth
ye7fqh6a,ji7w03c6,-0.025121085,Jetzt anmelden!,Advancing toward normal operations for arenas and stadiums.
gdqv1q45,s5t2piar,-0.02511877,Komplexe Gerinnungsstörungen,Volpocalypse Now
prp5az2x,xmb4eywi,-0.02511757,"COVID-19 by numbers - infections, cases and deaths","Strategieentwicklung ""einfach"" machen"
ye7fqh6a,vyllksfx,-0.02511448,Jetzt anmelden!,Psychological Distress in Patients with COVID-19 During Hospitalization.
563ftqw3,c57po0qx,-0.025113456,hpO: Berufsvereinigung für heilkundlich praktizierte Osteopathie e.V.,Covid-19: Patients who are improving could have treatment withdrawn if others could benefit more
ye7fqh6a,8ps6i0il,-0.025108691,Jetzt anmelden!,Factors Determining Plasticity of Responses to Drugs
563ftqw3,k56eb42t,-0.02510858,hpO: Berufsvereinigung für heilkundlich praktizierte Osteopathie e.V.,Lessons learned about willingness to adopt various protective measures during the early COVID-19 pandemic in three countries
563ftqw3,9uda6bkt,-0.025106959,hpO: Berufsvereinigung für heilkundlich praktizierte Osteopathie e.V.,How does the use of digital consulting change the meaning of being a patient and/or a health professional? Lessons from the Long-term Conditions Young People Networked Communication study
563ftqw3,43zqpsjf,-0.025100265,hpO: Berufsvereinigung für heilkundlich praktizierte Osteopathie e.V.,Measuring Emerging Number Knowledge in Toddlers
563ftqw3,er246pxb,-0.025095418,hpO: Berufsvereinigung für heilkundlich praktizierte Osteopathie e.V.,Tackling antimicrobial resistance in practice: dental students’ evaluation of university teaching supplemented by an online course
p42kmzoy,563ftqw3,-0.025094232,"The Relationship Between Life Satisfaction and Decision-Making Strategies for Sports Sciences Students of Kocaeli University, Turkey",hpO: Berufsvereinigung für heilkundlich praktizierte Osteopathie e.V.
563ftqw3,8o7ebixz,-0.025093816,hpO: Berufsvereinigung für heilkundlich praktizierte Osteopathie e.V.,Identification of the Most Critical Factors in Bankruptcy Prediction and Credit Classification of Companies
ozyazewv,mb1yvnwq,-0.025091877,Zertifizierungen von EndoCert: in Zeiten von COVID-19,Opioid and Antibiotic Prescribing
563ftqw3,ptbr308e,-0.02509027,hpO: Berufsvereinigung für heilkundlich praktizierte Osteopathie e.V.,Nutrition in New Zealand: Can the Past Offer Lessons for the Present and Guidance for the Future?
563ftqw3,pqpj6oex,-0.025089066,hpO: Berufsvereinigung für heilkundlich praktizierte Osteopathie e.V.,General Practitioners' Roles in Disaster Health Management: Perspectives of Disaster Managers.
563ftqw3,1r1wi10w,-0.025085295,hpO: Berufsvereinigung für heilkundlich praktizierte Osteopathie e.V.,Teaching feeling: bringing emotion into the law school
563ftqw3,x6wrqwo3,-0.025084639,hpO: Berufsvereinigung für heilkundlich praktizierte Osteopathie e.V.,Physical Activity among Adults Residing in 11 Countries during the COVID-19 Pandemic Lockdown
t2llcx0o,o49uclco,-0.0250824,Discussion Board.,Keine zusätzliche Gefahr für Allergiker
o49uclco,czrtg28e,-0.0250824,Keine zusätzliche Gefahr für Allergiker,Discussion Board
563ftqw3,nilfsuvp,-0.025081838,hpO: Berufsvereinigung für heilkundlich praktizierte Osteopathie e.V.,National Health Care Spending In 2019: Steady Growth For The Fourth Consecutive Year.
563ftqw3,87trlb6l,-0.025073653,hpO: Berufsvereinigung für heilkundlich praktizierte Osteopathie e.V.,[The political philosophy of care as a civilisational horizon]
563ftqw3,cvfj97rs,-0.025069894,hpO: Berufsvereinigung für heilkundlich praktizierte Osteopathie e.V.,"Fairness, Ethnicity, and COVID-19 Ethics: A Discussion of How the Focus on Fairness in Ethical Guidance During the Pandemic Discriminates Against People From Ethnic Minority Backgrounds"
ye7fqh6a,jcmyaca4,-0.025069071,Jetzt anmelden!,Family-centered care for children during pandemics
563ftqw3,ibctufor,-0.025068363,hpO: Berufsvereinigung für heilkundlich praktizierte Osteopathie e.V.,"COVID, 2020 and a year of lost research"
563ftqw3,jwi9w5lr,-0.025067305,hpO: Berufsvereinigung für heilkundlich praktizierte Osteopathie e.V.,Climate policy conflict in the U.S. states: a critical review and way forward
21jy6zcr,fnhqcpru,-0.025067244,Defining Events,COVID-19 – (k)eine Zumutung?!
by2czf92,fnhqcpru,-0.025061134,'Baby Steps'.,COVID-19 – (k)eine Zumutung?!
wwie0iem,vbkgjdcn,-0.025056647,Allergikern Ängste nehmen,Diversifying Recruitment Registries: Considering Neighborhood Health Metrics.
wwie0iem,q8s8zipz,-0.025054714,Allergikern Ängste nehmen,Examining reviews on hotels' measures about COVID-19 from a value cocreation and value codestruction perspective
wwie0iem,7suhfom5,-0.025053302,Allergikern Ängste nehmen,COVID-19 Test & Trace Success Determinants: Modeling On A Network
o49uclco,w816fcff,-0.025052696,Keine zusätzliche Gefahr für Allergiker,ESICM LIVES 2021: Part 1
o49uclco,w7wuy61w,-0.025052696,Keine zusätzliche Gefahr für Allergiker,ESICM LIVES 2021: Part 2
563ftqw3,399iyl8k,-0.025050752,hpO: Berufsvereinigung für heilkundlich praktizierte Osteopathie e.V.,The Moderating Role of Personality in the Relationship between Internet Use and Study Abroad Difficulties
wwie0iem,ff2yvpsj,-0.02504304,Allergikern Ängste nehmen,Should hospitals provide all patients with single rooms?
ye7fqh6a,fhfprber,-0.025032965,Jetzt anmelden!,"Two's Company, but Four's a Crowd: The Relationship Among COVID-19 Stress, Household Size, and Life Satisfaction"
563ftqw3,gclvsu73,-0.025029529,hpO: Berufsvereinigung für heilkundlich praktizierte Osteopathie e.V.,Living with COVID-19: What do psychiatric hospitals need to consider in the coming months?
wwie0iem,0hnxpjq7,-0.025020028,Allergikern Ängste nehmen,COVID-19: Pathogenesis and Clinical Manifestations
563ftqw3,8mpbkzsx,-0.02500708,hpO: Berufsvereinigung für heilkundlich praktizierte Osteopathie e.V.,Get Gardening! Using Facebook Live to Reach a Broader Audience in a Covid-19 World
8f2e9fxq,k1prb1zo,-0.02500532,Onze hersenen: onze achtbaan,Believe it or not: Public opinion and rumors about Covid-19
563ftqw3,8o3lvc0n,-0.024998246,hpO: Berufsvereinigung für heilkundlich praktizierte Osteopathie e.V.,Child protection social workers facing the Covid-19 challenge
563ftqw3,5brhy68i,-0.024997814,hpO: Berufsvereinigung für heilkundlich praktizierte Osteopathie e.V.,Nanovaccine: an emerging strategy.
563ftqw3,mie3gz0p,-0.024997374,hpO: Berufsvereinigung für heilkundlich praktizierte Osteopathie e.V.,Embedding patient voices in CMAJ
3rtkz7m0,xmb4eywi,-0.02499289,Retrospective analysis of risk factors for COVID-19 in the working population,"Strategieentwicklung ""einfach"" machen"
wwie0iem,j5kj65e4,-0.024991903,Allergikern Ängste nehmen,The Impact of Media on the Control of Infectious Diseases
wwie0iem,qec4d4j9,-0.02498772,Allergikern Ängste nehmen,"Reexamining ""Perfect"" Attendance in Schools"
563ftqw3,eljrdot0,-0.02497483,hpO: Berufsvereinigung für heilkundlich praktizierte Osteopathie e.V.,“Building” the Twenty-First Century Child and Adolescent Psychiatrist
va0s59jh,fnhqcpru,-0.024973532,Association of COVID-19 With Race and Socioeconomic Factors in Family Medicine.,COVID-19 – (k)eine Zumutung?!
563ftqw3,fh7voqmw,-0.02496951,hpO: Berufsvereinigung für heilkundlich praktizierte Osteopathie e.V.,Maximizing the US Department of Veterans Affairs' Reserve Role in National Health Care Emergency Preparedness-The Fourth Mission.
563ftqw3,12t0sgso,-0.024968876,hpO: Berufsvereinigung für heilkundlich praktizierte Osteopathie e.V.,How abusive supervision affect knowledge hiding? The mediating role of employee silence and moderating role of psychological ownership
ye7fqh6a,e2p70d3x,-0.02496859,Jetzt anmelden!,Remote Observation of Field Work on the Farm
563ftqw3,ruvs4sxp,-0.024967572,hpO: Berufsvereinigung für heilkundlich praktizierte Osteopathie e.V.,"One world, one health: Humans, animals and the environment are inextricably linked—a fact that needs to be remembered and exploited in our modern approach to health"
xq2artvm,fnhqcpru,-0.024963351,"Healthcare Teams: Terminology, Confusion, and Ramifications",COVID-19 – (k)eine Zumutung?!
563ftqw3,jcmyaca4,-0.024960626,hpO: Berufsvereinigung für heilkundlich praktizierte Osteopathie e.V.,Family-centered care for children during pandemics
563ftqw3,uznzbkwb,-0.024959242,hpO: Berufsvereinigung für heilkundlich praktizierte Osteopathie e.V.,Optimism and psychological distress among first-year students during the COVID-19 pandemic
gnwb8wou,xmb4eywi,-0.02495827,Association of Mortality-Related Risk Factors in Patients with COVID-19: A Retrospective Cohort Study,"Strategieentwicklung ""einfach"" machen"
21jy6zcr,xmb4eywi,-0.024955936,Defining Events,"Strategieentwicklung ""einfach"" machen"
ye7fqh6a,dlv1ftum,-0.024949647,Jetzt anmelden!,Computed tomography and point-of-care ultrasound findings in 2 COVID-19 patients
ye7fqh6a,au04p09j,-0.024944909,Jetzt anmelden!,Pressure Ulcers in Admitted Patients at a Tertiary Care Hospital
ye7fqh6a,aoxaz5wa,-0.024942582,Jetzt anmelden!,"Determining consumers' choice criteria for hospital services: A study among public, private and institutional hospitals"
ye7fqh6a,0f8txjk2,-0.024941087,Jetzt anmelden!,Primary health and care
vherpolo,igk0ncq4,-0.02493714,COVID-19 and Cancer Patients.,Mehr Impfschutz für Herzkranke
igk0ncq4,jaog9mup,-0.02493714,Mehr Impfschutz für Herzkranke,COVID-19 and patients with cancer
igk0ncq4,75iv3s9j,-0.02493714,Mehr Impfschutz für Herzkranke,43 COVID-19 in Patients With Cancer
ye7fqh6a,pghhgf0h,-0.024934644,Jetzt anmelden!,Learning from Covid: Three Key Variables
563ftqw3,0naak3rh,-0.02493179,hpO: Berufsvereinigung für heilkundlich praktizierte Osteopathie e.V.,When Past Isn’t a Prologue: Adapting Informatics Practice During a Pandemic
21jy6zcr,igk0ncq4,-0.024929611,Defining Events,Mehr Impfschutz für Herzkranke
563ftqw3,hh7s94r0,-0.02492616,hpO: Berufsvereinigung für heilkundlich praktizierte Osteopathie e.V.,Has Global Health Law Risen to Meet the COVID-19 Challenge? Revisiting the International Health Regulations to Prepare for Future Threats.
488bpx3z,wwie0iem,-0.024926106,Domain-specific Knowledge Graphs: A survey,Allergikern Ängste nehmen
563ftqw3,miwa65za,-0.024925368,hpO: Berufsvereinigung für heilkundlich praktizierte Osteopathie e.V.,Program Director Opinions of Virtual Interviews: Whatever Makes my Partners Happy.
563ftqw3,8pnmf2i4,-0.024921965,hpO: Berufsvereinigung für heilkundlich praktizierte Osteopathie e.V.,"The Clinician and the COVID -19 Pandemic - Keeping Track, Keeping Pace and Keeping the Faith."
qh0g5rfh,xmb4eywi,-0.024918515,Prioritizing Multidimensional Interdependent Factors Influencing COVID‐19 Risk,"Strategieentwicklung ""einfach"" machen"
563ftqw3,wqeqpro3,-0.024908744,hpO: Berufsvereinigung für heilkundlich praktizierte Osteopathie e.V.,Health Information in the Background: Justifying Public Health Surveillance Without Patient Consent
wwie0iem,17bjnlx5,-0.024904054,Allergikern Ängste nehmen,Infectious disease transmission and contact networks in wildlife and livestock.
563ftqw3,mcljycgn,-0.024903981,hpO: Berufsvereinigung für heilkundlich praktizierte Osteopathie e.V.,Nudging in a Pandemic: Lessons Learned from Text Messaging College Students amid COVID-19
563ftqw3,uqk88jel,-0.024902035,hpO: Berufsvereinigung für heilkundlich praktizierte Osteopathie e.V.,We did it together!
563ftqw3,zzlofp4i,-0.02487523,hpO: Berufsvereinigung für heilkundlich praktizierte Osteopathie e.V.,Inconsistent Safety Outcome Reporting in Randomized Clinical Trials of COVID-19 Vaccines Complicates Informed Medical Decisions
563ftqw3,peqyc2f1,-0.024874127,hpO: Berufsvereinigung für heilkundlich praktizierte Osteopathie e.V.,Leveraging Promising Policies to Support Long-Term Care Residents' Quality of Life Post-Pandemic
563ftqw3,2by2lg90,-0.024868585,hpO: Berufsvereinigung für heilkundlich praktizierte Osteopathie e.V.,"""Small Bites and Well-Balanced Meals"
563ftqw3,hgn0hree,-0.024856998,hpO: Berufsvereinigung für heilkundlich praktizierte Osteopathie e.V.,The effectiveness of online teaching and learning tools: Students’ perceptions of usefulness in an upper-level accounting course
wwie0iem,x8elw4vu,-0.024856502,Allergikern Ängste nehmen,Setting the Limits of Consultations.
ye7fqh6a,iiav2nfk,-0.024855008,Jetzt anmelden!,Analysis of Clinical Imaging Characteristics of Patients with 2019-nCoV
wwie0iem,nc461dmd,-0.024848344,Allergikern Ängste nehmen,Network Analysis of COVID-19 Vaccine Misinformation on Social Media
wwie0iem,3zqfddpo,-0.024846273,Allergikern Ängste nehmen,Country‐level determinants of COVID‐19 case rates and death rates: An ecological study
l3yvi2jg,fbhrx81b,-0.024842301,"411 Mrd. €, 11,9 %",Focus on concrete solutions
563ftqw3,mz8mvpte,-0.024840176,hpO: Berufsvereinigung für heilkundlich praktizierte Osteopathie e.V.,Narrative care: Unpacking pandemic paradoxes
563ftqw3,yg8j3w2q,-0.024839684,hpO: Berufsvereinigung für heilkundlich praktizierte Osteopathie e.V.,Developing a methodology to create nutritionally balanced meals
ye7fqh6a,cx1tw2l0,-0.024835518,Jetzt anmelden!,Biocontainment Principles for Pediatric Patients
ye7fqh6a,pttgcjbq,-0.024829859,Jetzt anmelden!,Single-cell landscape of immunological responses in COVID-19 patients
wwie0iem,5715bqsf,-0.024827732,Allergikern Ängste nehmen,Smiling faces
563ftqw3,i7yul1c1,-0.024820894,hpO: Berufsvereinigung für heilkundlich praktizierte Osteopathie e.V.,COVID-19 pandemic and cardiovascular complications: what have we learned so far?
563ftqw3,sezgsr97,-0.024818912,hpO: Berufsvereinigung für heilkundlich praktizierte Osteopathie e.V.,Delirium after COVID‐19 vaccination in nursing home residents: A case series
563ftqw3,kevnc5mq,-0.024807822,hpO: Berufsvereinigung für heilkundlich praktizierte Osteopathie e.V.,Racism in patient care: a call to translate concerns into actions
563ftqw3,8tqm1364,-0.024805147,hpO: Berufsvereinigung für heilkundlich praktizierte Osteopathie e.V.,Investigation of the Physical Learning Environment of Distance Learning Under COVID-19 and Its Influence on Students' Health and Learning Satisfaction
uk9d3w6e,ye7fqh6a,-0.024796264,COVID-19 in Women's health: Epidemiology,Jetzt anmelden!
wwie0iem,txfile8i,-0.024790285,Allergikern Ängste nehmen,"Metacognitive Labeling of Contentious Claims: Facts, Opinions, and Conspiracy Theories"
563ftqw3,ie0xxtsh,-0.024787804,hpO: Berufsvereinigung für heilkundlich praktizierte Osteopathie e.V.,Understanding the perceived psychological distress and health outcomes of children during COVID-19 pandemic
563ftqw3,kx7ratcx,-0.024785198,hpO: Berufsvereinigung für heilkundlich praktizierte Osteopathie e.V.,COVID-19: what are the physical and mental challenges?
563ftqw3,5kdn7efv,-0.024778847,hpO: Berufsvereinigung für heilkundlich praktizierte Osteopathie e.V.,Service use Decision-Making among Youth Accessing Integrated Youth Services: Applying the Unified Theory of Behavior.
p4ub2bfk,ye7fqh6a,-0.024776181,Human Factors Engineering Contributions to Infection Prevention and Control,Jetzt anmelden!
563ftqw3,84haicul,-0.024774097,hpO: Berufsvereinigung für heilkundlich praktizierte Osteopathie e.V.,The Development and Prospects of Socioscientific Issues Teaching in the Context of Immersive Media Technology
563ftqw3,idds7hw1,-0.024767354,hpO: Berufsvereinigung für heilkundlich praktizierte Osteopathie e.V.,IMPROVING COVID‐19 RESPONSES FOR PRIORITY COMMUNITIES USING FIRST NATIONS HEALTH PRINCIPLES
563ftqw3,2iewr4vt,-0.024765536,hpO: Berufsvereinigung für heilkundlich praktizierte Osteopathie e.V.,The COVID-19 pandemic: a challenge for US nonprofits' financial stability
ye7fqh6a,pfka5wj5,-0.024759715,Jetzt anmelden!,Utility of biomarkers in predicting complications and in-hospital mortality in patients with COVID-19
563ftqw3,ubs2bpyw,-0.024758121,hpO: Berufsvereinigung für heilkundlich praktizierte Osteopathie e.V.,The overlooked public: examining citizens’ perceptions of and perceived role in hosting mega-events
563ftqw3,u6j5034h,-0.024757614,hpO: Berufsvereinigung für heilkundlich praktizierte Osteopathie e.V.,What's Important: Operating Room Waste: Why We Should Care.
563ftqw3,bs7wlao2,-0.024757614,hpO: Berufsvereinigung für heilkundlich praktizierte Osteopathie e.V.,What's Important: Operating Room Waste: Why We Should Care
563ftqw3,8ei8o5uo,-0.02474949,hpO: Berufsvereinigung für heilkundlich praktizierte Osteopathie e.V.,Rethinking disaster vulnerabilities
563ftqw3,xkx5jbqe,-0.024738276,hpO: Berufsvereinigung für heilkundlich praktizierte Osteopathie e.V.,Digital content marketing strategy in increasing customer engagement in covid-19 situation
3ju34jlo,wwie0iem,-0.024736127,Artificial Intelligence in Education (AIEd): a high-level academic and industry note 2021,Allergikern Ängste nehmen
563ftqw3,ov565c23,-0.024733853,hpO: Berufsvereinigung für heilkundlich praktizierte Osteopathie e.V.,Opportunity in crisis: The role of universal design for learning in educational redesign
zwnsa0cm,xmb4eywi,-0.02473208,Concerning Trials Registration,"Strategieentwicklung ""einfach"" machen"
563ftqw3,m4f7a9ew,-0.024727393,hpO: Berufsvereinigung für heilkundlich praktizierte Osteopathie e.V.,Sustainable Pharmacy Education in the Time of COVID-19.
563ftqw3,yoe2bsdo,-0.024724914,hpO: Berufsvereinigung für heilkundlich praktizierte Osteopathie e.V.,Design and implementation of needs-specific critical care response teams
563ftqw3,8diu423n,-0.02472407,hpO: Berufsvereinigung für heilkundlich praktizierte Osteopathie e.V.,COVID-19: Challenging Clinical Questions
563ftqw3,vysna3xw,-0.024722736,hpO: Berufsvereinigung für heilkundlich praktizierte Osteopathie e.V.,Adapting to the long pandemic.
563ftqw3,sp9ya1nj,-0.024716169,hpO: Berufsvereinigung für heilkundlich praktizierte Osteopathie e.V.,The impact of pandemic COVID-19 on the performance of regional public hospital-based approach to balanced scorecard in RSUD X
563ftqw3,ohsy7hks,-0.024712067,hpO: Berufsvereinigung für heilkundlich praktizierte Osteopathie e.V.,Small donations making a huge difference: Individual contributions can facilitate worldwide vaccination against COVID-19
wwie0iem,aquj5prt,-0.024699198,Allergikern Ängste nehmen,Biofabrication 2019: Special Issue of Selected Papers from the Annual Meeting of the International Society for Biofabrication
563ftqw3,vqeat5jt,-0.02469889,hpO: Berufsvereinigung für heilkundlich praktizierte Osteopathie e.V.,Once Upon a Time the Hero Sheltered in Place
wwie0iem,0qagoaen,-0.024695905,Allergikern Ängste nehmen,A preliminary analysis of remote monitoring practice in clinical trials
xs7enow1,wwie0iem,-0.024693033,"The Variation Analysis of Clinical, Biological and Epidemiological Characteristics Among the COVID-19 Confirmed Patients with Different Clinical Staging",Allergikern Ängste nehmen
563ftqw3,j2zf7ge3,-0.024691844,hpO: Berufsvereinigung für heilkundlich praktizierte Osteopathie e.V.,The Role of Mentoring in the Prediction of Strategic Independence
egkvbqhd,h12bmo8o,-0.02468784,Alles sauber?,"COVID-19 Research in Brief: 9 May to 15 May, 2020"
wwie0iem,7wtkhbjr,-0.024678858,Allergikern Ängste nehmen,Information Theory of Data Privacy
563ftqw3,zcexytdn,-0.024670418,hpO: Berufsvereinigung für heilkundlich praktizierte Osteopathie e.V.,COVID-19 and Language Education: Lessons of a Pandemic for English Teaching
ye7fqh6a,oxkaija8,-0.02466688,Jetzt anmelden!,COVID - 19 and Rural Health Care: Editorial
o49uclco,00i06mf1,-0.024666674,Keine zusätzliche Gefahr für Allergiker,Lessons from Leading through COVID-19: Secondary Principals' Perspectives
563ftqw3,wzw6kdvo,-0.024666313,hpO: Berufsvereinigung für heilkundlich praktizierte Osteopathie e.V.,Pandemic fairness and academia
563ftqw3,dpcuyjcs,-0.024665998,hpO: Berufsvereinigung für heilkundlich praktizierte Osteopathie e.V.,Remote Teaching During COVID-19: Implications from a National Survey of Language Educators
563ftqw3,ssb9kni0,-0.024664879,hpO: Berufsvereinigung für heilkundlich praktizierte Osteopathie e.V.,Artificial intelligence in medicine: Overcoming or recapitulating structural challenges to improving patient care?
563ftqw3,0wl6zgm3,-0.024662033,hpO: Berufsvereinigung für heilkundlich praktizierte Osteopathie e.V.,Teaching Architecture for Tertiary Students during Covid-19: Issues & Reflections
wwie0iem,e8vbopr6,-0.024659839,Allergikern Ängste nehmen,The significance of radiological and laboratory findings in the diagnosis of new covid-19 disease radiological and laboratory findings in COVID-19
wwie0iem,ebbxhvqh,-0.02464968,Allergikern Ängste nehmen,Local Monitoring of Saprotrophic Bacterial Complexes of Urban Soils in Syktyvkar in 2019 and 2020
563ftqw3,5xbyqkpt,-0.0246461,hpO: Berufsvereinigung für heilkundlich praktizierte Osteopathie e.V.,Shifting from survival to supporting resilience in children and families in the COVID-19 pandemic: Lessons for informing U.S. mental health priorities
563ftqw3,ve7cw4jv,-0.024641355,hpO: Berufsvereinigung für heilkundlich praktizierte Osteopathie e.V.,Pain Management Providers in the Era of COVID-19: Who is Taking Care of Those Who Provide Care?
ye7fqh6a,tqq91syw,-0.024625577,Jetzt anmelden!,Impact of Clinical and Genomic Factors on COVID-19 Disease Severity.
mxq8nl8o,l3yvi2jg,-0.024620015,Subverted Crisis and Critique,"411 Mrd. €, 11,9 %"
9a3j301g,fnhqcpru,-0.024618903,Earthquakes and COVID-19.,COVID-19 – (k)eine Zumutung?!
l3yvi2jg,z68muaor,-0.024617808,"411 Mrd. €, 11,9 %","View From The Top: Reliability and Resiliency: Vital to Dealing with Incredibly Complex, Fragile Healthcare Supply Chains."
xxz1l8nz,xmb4eywi,-0.024610363,Chapter 8 - Treatment and therapeutic agents,"Strategieentwicklung ""einfach"" machen"
563ftqw3,28zepzs9,-0.024607344,hpO: Berufsvereinigung für heilkundlich praktizierte Osteopathie e.V.,How Statisticians Should Grapple with Privacy in a Changing Data Landscape
l3yvi2jg,8l3zuvoy,-0.024607189,"411 Mrd. €, 11,9 %","""WE ARE NOT EPIDEMIOLOGISTS"": COVID-19 IN THE HIGH COURT"
563ftqw3,0jpfjmyx,-0.02460241,hpO: Berufsvereinigung für heilkundlich praktizierte Osteopathie e.V.,Modeling Computing Students' Perceived Academic Performance in an Online Learning Environment
563ftqw3,aajcytwp,-0.02460047,hpO: Berufsvereinigung für heilkundlich praktizierte Osteopathie e.V.,Pursuing Universal Accessibility for Everyone: The Linguistic Experience at Partition/Ensemble Conference
wug3v0ji,1w677dta,-0.024592355,Highlights of the May issue,Bundesweites Belastungsmodell für Intensivstationen durch COVID-19
563ftqw3,8olwouds,-0.024591174,hpO: Berufsvereinigung für heilkundlich praktizierte Osteopathie e.V.,Second-year student joins workforce early
563ftqw3,h27b103l,-0.024586745,hpO: Berufsvereinigung für heilkundlich praktizierte Osteopathie e.V.,Warming shrivels future snowstorms
563ftqw3,gpfcxjev,-0.024582004,hpO: Berufsvereinigung für heilkundlich praktizierte Osteopathie e.V.,Supporting and Protecting Residents Experiencing Homelessness in the Nation's Largest Cities During COVID-19.
563ftqw3,sstvxpig,-0.024579694,hpO: Berufsvereinigung für heilkundlich praktizierte Osteopathie e.V.,The world must learn from COVID before diving into a pandemic treaty
563ftqw3,o2fx6wpw,-0.024579694,hpO: Berufsvereinigung für heilkundlich praktizierte Osteopathie e.V.,The world must learn from COVID before diving into a pandemic treaty.
563ftqw3,06bq0vag,-0.02457919,hpO: Berufsvereinigung für heilkundlich praktizierte Osteopathie e.V.,P20 Evaluating Preferences and the Effect of Altruism on COVID-19 Vaccine Decisions: A Discrete Choice Experiment
563ftqw3,tgfref7d,-0.024569875,hpO: Berufsvereinigung für heilkundlich praktizierte Osteopathie e.V.,Contributions and challenges of voluntary organizations towards the integration of refugees into the job market
563ftqw3,hxlxegbz,-0.024566794,hpO: Berufsvereinigung für heilkundlich praktizierte Osteopathie e.V.,The impact of global health opportunities on residency selection
gdqv1q45,m1qdtp1y,-0.024562648,Komplexe Gerinnungsstörungen,Keeping current on patient safety.
wwie0iem,531oar3s,-0.02456071,Allergikern Ängste nehmen,Characteristics of Cleanroom
563ftqw3,n7ovuanm,-0.02455919,hpO: Berufsvereinigung für heilkundlich praktizierte Osteopathie e.V.,"“My Neighbor, My Friend"": The Relevance of Support, Closeness, and History of Relations in Neighborhood Friendship"
igk0ncq4,pze5uy3c,-0.024556989,Mehr Impfschutz für Herzkranke,HEALTH: Covid-19
1w677dta,hl1apuv9,-0.02454559,Bundesweites Belastungsmodell für Intensivstationen durch COVID-19,Meeting Announcements
563ftqw3,zagk939g,-0.024542546,hpO: Berufsvereinigung für heilkundlich praktizierte Osteopathie e.V.,Teachers Technological Capability as Digital Immigrants in Learning from Home Activities
563ftqw3,n5e82x6d,-0.02453901,hpO: Berufsvereinigung für heilkundlich praktizierte Osteopathie e.V.,INtENsiVE CaRE.
l3yvi2jg,006ne1y0,-0.024532078,"411 Mrd. €, 11,9 %",Strategies for Optimizing the Supply of Facemasks
563ftqw3,gtssd0l8,-0.024530275,hpO: Berufsvereinigung für heilkundlich praktizierte Osteopathie e.V.,Judge rules that baby should be removed from ventilator and given palliative care.
bljao4yd,8f2e9fxq,-0.024528466,The postdictive effect of choice reflects the modulation of attention on choice,Onze hersenen: onze achtbaan
9m1x1o4s,wwie0iem,-0.024525775,An economic evaluation of the Whole Genome Sequencing source tracking program in the U.S.,Allergikern Ängste nehmen
563ftqw3,cm15z5q1,-0.024525054,hpO: Berufsvereinigung für heilkundlich praktizierte Osteopathie e.V.,Designing for Effective and Safe Multidisciplinary Primary Care Teamwork: Using the Time of COVID-19 as a Case Study
sdazd9e2,l3yvi2jg,-0.024516447,The Evolution of Medium/Heavy-Lift and Reusable Launch Vehicles and Its Implications for Smallsat Access to Space,"411 Mrd. €, 11,9 %"
vfjy36ou,fnhqcpru,-0.024515761,Online Balint groups in healthcare workers caring for the COVID-19 patients,COVID-19 – (k)eine Zumutung?!
gj8b7ne1,fnhqcpru,-0.024513688,"Diet, diabetes, . . . and other stories",COVID-19 – (k)eine Zumutung?!
563ftqw3,km3ujgq5,-0.024513366,hpO: Berufsvereinigung für heilkundlich praktizierte Osteopathie e.V.,COVID-19: a challenge or opportunity for terrorist groups?
563ftqw3,iqd0yor7,-0.024512026,hpO: Berufsvereinigung für heilkundlich praktizierte Osteopathie e.V.,How does the ‘environment’ come to the person? The ‘ecology of the person’ and addiction
563ftqw3,19tlehog,-0.024511235,hpO: Berufsvereinigung für heilkundlich praktizierte Osteopathie e.V.,Point-of-care and utility in clinical trials: making quicker decisions to transform patient care and drug development
563ftqw3,qnloccz6,-0.024510872,hpO: Berufsvereinigung für heilkundlich praktizierte Osteopathie e.V.,Embracing the Landscape of Therapeutics.
563ftqw3,d3kebcv1,-0.024510872,hpO: Berufsvereinigung für heilkundlich praktizierte Osteopathie e.V.,Embracing the Landscape of Therapeutics
563ftqw3,r9l68lqi,-0.024510693,hpO: Berufsvereinigung für heilkundlich praktizierte Osteopathie e.V.,Increasing Short- and Long-Term Buprenorphine Treatment Capacity: Providing Waiver Training for Medical Students
iz1vsmuv,fnhqcpru,-0.024510374,Exploring the teaching and training needs of students and clinicians in digital health,COVID-19 – (k)eine Zumutung?!
wwie0iem,ubi9fcmo,-0.024504894,Allergikern Ängste nehmen,COVID-19 2020 Special Edition
563ftqw3,x50t2m0p,-0.024504257,hpO: Berufsvereinigung für heilkundlich praktizierte Osteopathie e.V.,Ethical Responses to a Pandemic: Implications for the Ethos and Practice of Anatomy as a Health Science Discipline
7j5c2uiu,fnhqcpru,-0.024500016,Contemporary Neuroscience Core Curriculum for Medical Schools.,COVID-19 – (k)eine Zumutung?!
563ftqw3,qlah08wf,-0.0244993,hpO: Berufsvereinigung für heilkundlich praktizierte Osteopathie e.V.,What Would You Do? Types of Ethical Challenging Situations Depicted in Vignettes Published in the Veterinary Literature from 1990 to 2020
563ftqw3,wtbmz6oh,-0.024497613,hpO: Berufsvereinigung für heilkundlich praktizierte Osteopathie e.V.,Redesigning a face-to-face course to an asynchronous online format: a look at teaching pathophysiology with software that enhances student engagement
563ftqw3,os6zokx6,-0.024491671,hpO: Berufsvereinigung für heilkundlich praktizierte Osteopathie e.V.,Covid-19 Risk Perception of Travel Destination Development and Validation of a Scale
cghsmyig,fnhqcpru,-0.024482748,Models for covid‐19 daily confirmed cases in different countries,COVID-19 – (k)eine Zumutung?!
wwie0iem,j0nz6nb8,-0.024482546,Allergikern Ängste nehmen,"The significance of rhinovirus detection in hospitalized children: clinical, epidemiological and virological features"
8qao0tmx,fnhqcpru,-0.024472969,"Diabetes and COVID-19: Risks, Management, and Learnings From Other National Disasters.",COVID-19 – (k)eine Zumutung?!
563ftqw3,laybrm77,-0.024465708,hpO: Berufsvereinigung für heilkundlich praktizierte Osteopathie e.V.,The impact of and response to the COVID-19 pandemic on a hospital palliative care team.
o4lzk3jd,wwie0iem,-0.024464527,Subject index for volume 176,Allergikern Ängste nehmen
0yt2exwq,wwie0iem,-0.024464527,Subject index of volume 162,Allergikern Ängste nehmen
