cord_uid_a,cord_uid_b,similarity,title_a,title_b
6z7qj9vo,gsonpunw,-0.14753692,HEARTS of athletes.,Campylobacteriose — eine zoonotische Infektionskrankheit
mherdb4v,gsonpunw,-0.14199042,Lessons for and from COVID‐19 for investors and their advisors,Campylobacteriose — eine zoonotische Infektionskrankheit
kknfl496,0xcxvdf3,-0.14018719,Thrombocytopathy and endotheliopathy: crucial contributors to COVID-19 thromboinflammation,An EUA for Casirivimab and Imdevimab for COVID-19
0xcxvdf3,15ptp8km,-0.14018719,An EUA for Casirivimab and Imdevimab for COVID-19,Thrombocytopathy and endotheliopathy: crucial contributors to COVID-19 thromboinflammation
3d56os6r,xey488es,-0.13985088,hpO: Berufsvereinigung für heilkundlich praktizierte Osteopathie e. V.,Lessons from being challenged by COVID-19
mxpdmrfu,c1qdw17z,-0.13418765,Digitalisierung - jetzt,Radiological Findings in Patients with COVID-19
mxpdmrfu,i6vetquk,-0.1332686,Digitalisierung - jetzt,The pathogens
vur1c2nf,mxpdmrfu,-0.13070264,Communicating With Patients and Families During COVID-19,Digitalisierung - jetzt
3d56os6r,oquhgthb,-0.12850936,hpO: Berufsvereinigung für heilkundlich praktizierte Osteopathie e. V.,Choices.
mdd60ic7,gsonpunw,-0.12614954,Acknowledgement to Referees,Campylobacteriose — eine zoonotische Infektionskrankheit
nfzoanb9,gsonpunw,-0.12614954,Acknowledgement to Referees,Campylobacteriose — eine zoonotische Infektionskrankheit
gsonpunw,qgrecd29,-0.12614954,Campylobacteriose — eine zoonotische Infektionskrankheit,Acknowledgement to Referees
vur1c2nf,gsonpunw,-0.12524396,Communicating With Patients and Families During COVID-19,Campylobacteriose — eine zoonotische Infektionskrankheit
wg1wjr1s,mxpdmrfu,-0.12266038,Clinical features of 17 patients with 2019-nCoV.,Digitalisierung - jetzt
mxpdmrfu,n1tysdom,-0.12238379,Digitalisierung - jetzt,Comparison of Laboratory Parameters in Patients with COVID-19
vur1c2nf,zu4tikpu,-0.12169599,Communicating With Patients and Families During COVID-19,Exkursion in eine postagile Zukunft
izlpz4qn,mxpdmrfu,-0.12113314,Risk Factors for Mortality of COVID-19 Patients,Digitalisierung - jetzt
w2v6f0ks,mxpdmrfu,-0.1207812,Clinical Studies - Outcomes,Digitalisierung - jetzt
mxpdmrfu,qqg2yy73,-0.12046508,Digitalisierung - jetzt,Clinical characteristics of 11 asymptomatic patients with COVID-19
mherdb4v,zu4tikpu,-0.119811416,Lessons for and from COVID‐19 for investors and their advisors,Exkursion in eine postagile Zukunft
dhsniglo,nno1jdc4,-0.119499564,People + Companies,Multiorganinfektionen — komplexe klinisch-infektiologische Krankheiten
nno1jdc4,9bdiz5pz,-0.119499564,Multiorganinfektionen — komplexe klinisch-infektiologische Krankheiten,People + Companies
nno1jdc4,wm7yrtrw,-0.119499564,Multiorganinfektionen — komplexe klinisch-infektiologische Krankheiten,People + Companies
nno1jdc4,6uvm25og,-0.119499564,Multiorganinfektionen — komplexe klinisch-infektiologische Krankheiten,People + Companies
dhsniglo,gsonpunw,-0.119272694,People + Companies,Campylobacteriose — eine zoonotische Infektionskrankheit
9bdiz5pz,gsonpunw,-0.119272694,People + Companies,Campylobacteriose — eine zoonotische Infektionskrankheit
gsonpunw,wm7yrtrw,-0.119272694,Campylobacteriose — eine zoonotische Infektionskrankheit,People + Companies
gsonpunw,6uvm25og,-0.119272694,Campylobacteriose — eine zoonotische Infektionskrankheit,People + Companies
22i9ci72,mxpdmrfu,-0.11736773,Appendices,Digitalisierung - jetzt
hcjpj03p,i6vetquk,-0.11698928,Leitlinien zu COVID-19,The pathogens
i6vetquk,ioveubcb,-0.11698928,The pathogens,Darmkrebsvorsorge zu COVID‑19‑Zeiten
i6vetquk,9sk9n0f9,-0.11698928,The pathogens,"Anmerkung zu BVerfG, Beschl. v. 16.12.2021 – 1 BvR 1541/20"
win41lil,3d56os6r,-0.11692121,Honouring the lessons of history,hpO: Berufsvereinigung für heilkundlich praktizierte Osteopathie e. V.
mxpdmrfu,aoi4iqkf,-0.11631178,Digitalisierung - jetzt,Clinical characteristics of 50466 patients with 2019-nCoV infection
ttlu2j62,gsonpunw,-0.11610865,Covid-19 vaccines for kids,Campylobacteriose — eine zoonotische Infektionskrankheit
mxpdmrfu,87me64wa,-0.11586655,Digitalisierung - jetzt,Epidemiological and Clinical Predictors of COVID-19
mxpdmrfu,yxqva9xi,-0.11561777,Digitalisierung - jetzt,Predictors of contracting COVID-19 in nursing homes: Implications for clinical practice.
j9h6n0bm,3d56os6r,-0.11529642,Lessons from a bluering.,hpO: Berufsvereinigung für heilkundlich praktizierte Osteopathie e. V.
3d56os6r,a751g2y2,-0.11529642,hpO: Berufsvereinigung für heilkundlich praktizierte Osteopathie e. V.,Lessons from COVID.
0xcxvdf3,n5r2riut,-0.115005225,An EUA for Casirivimab and Imdevimab for COVID-19,Leading in challenging times.
8cyr7wkn,3d56os6r,-0.11434847,Lessons from the past.,hpO: Berufsvereinigung für heilkundlich praktizierte Osteopathie e. V.
qvay40pd,nno1jdc4,-0.11371739,All People.,Multiorganinfektionen — komplexe klinisch-infektiologische Krankheiten
k61l8xnh,mxpdmrfu,-0.11360703,Gastrointestinal Findings in a Patient With COVID-19,Digitalisierung - jetzt
v7jbl6s5,gsonpunw,-0.11308698,FROM THE EDITORS.,Campylobacteriose — eine zoonotische Infektionskrankheit
gsonpunw,yr47dy3j,-0.11308698,Campylobacteriose — eine zoonotische Infektionskrankheit,From the Editors.
mxpdmrfu,5h5vvxmt,-0.11293382,Digitalisierung - jetzt,WILDLIFE
4q5916v2,0xcxvdf3,-0.11292213,It is important to consider research that is challenging and controversial,An EUA for Casirivimab and Imdevimab for COVID-19
gsonpunw,i6vetquk,-0.110273495,Campylobacteriose — eine zoonotische Infektionskrankheit,The pathogens
gsonpunw,0roxc0k4,-0.1100817,Campylobacteriose — eine zoonotische Infektionskrankheit,Posters
gsonpunw,29w3tiwv,-0.1100817,Campylobacteriose — eine zoonotische Infektionskrankheit,Posters
mxpdmrfu,dpukv1bf,-0.109983675,Digitalisierung - jetzt,Recommendations on the In-Hospital Treatment of Patients With COVID-19
mxpdmrfu,yvu5jor2,-0.109328434,Digitalisierung - jetzt,Editorial: Reflections on rheumatological aspects of COVID-19
dhsniglo,zu4tikpu,-0.10929209,People + Companies,Exkursion in eine postagile Zukunft
9bdiz5pz,zu4tikpu,-0.10929209,People + Companies,Exkursion in eine postagile Zukunft
zu4tikpu,wm7yrtrw,-0.10929209,Exkursion in eine postagile Zukunft,People + Companies
zu4tikpu,6uvm25og,-0.10929209,Exkursion in eine postagile Zukunft,People + Companies
mxpdmrfu,cnkvbn1j,-0.109136514,Digitalisierung - jetzt,"Clinical determinants for fatality of 44,672 patients with COVID-19"
mxpdmrfu,uyi7st8q,-0.1089602,Digitalisierung - jetzt,Clinical characteristics of COVID-19 patients and the main nursing diagnoses
mdd60ic7,zu4tikpu,-0.10868934,Acknowledgement to Referees,Exkursion in eine postagile Zukunft
nfzoanb9,zu4tikpu,-0.10868934,Acknowledgement to Referees,Exkursion in eine postagile Zukunft
qgrecd29,zu4tikpu,-0.10868934,Acknowledgement to Referees,Exkursion in eine postagile Zukunft
mxpdmrfu,211g3qk3,-0.10868528,Digitalisierung - jetzt,Conflicts of Interest
jx3alip6,mxpdmrfu,-0.108276874,Clinical observation and management of COVID-19 patients,Digitalisierung - jetzt
mxpdmrfu,h4vwb5d9,-0.10797519,Digitalisierung - jetzt,Characteristics and outcomes of hospitalized patients with cardiovascular complications of covid-19
cy6fs9oc,3d56os6r,-0.10781909,[Glottiscopes and videolaryngoscopes: a rational choice?].,hpO: Berufsvereinigung für heilkundlich praktizierte Osteopathie e. V.
mxpdmrfu,u98619z6,-0.106829196,Digitalisierung - jetzt,Echocardiographic findings in critical patients with COVID-19
73x5asz6,gsonpunw,-0.10654218,Announcements,Campylobacteriose — eine zoonotische Infektionskrankheit
nazm265s,gsonpunw,-0.10654218,Announcements,Campylobacteriose — eine zoonotische Infektionskrankheit
mdd60ic7,mxpdmrfu,-0.1060463,Acknowledgement to Referees,Digitalisierung - jetzt
nfzoanb9,mxpdmrfu,-0.1060463,Acknowledgement to Referees,Digitalisierung - jetzt
mxpdmrfu,qgrecd29,-0.1060463,Digitalisierung - jetzt,Acknowledgement to Referees
mxpdmrfu,44emw2do,-0.105389446,Digitalisierung - jetzt,Thoughts about COVID-19
gsonpunw,y3hpzj0u,-0.10512886,Campylobacteriose — eine zoonotische Infektionskrankheit,"Acknowledgment of Referees, 2020"
mxpdmrfu,yj0to68r,-0.10498033,Digitalisierung - jetzt,Outcomes for Patients Following Hospitalization for COVID-19
gsonpunw,c2io6utd,-0.10421967,Campylobacteriose — eine zoonotische Infektionskrankheit,Employment Consequences of COVID-19 for People with Disabilities and Employers
mxpdmrfu,y9qihjl9,-0.10408447,Digitalisierung - jetzt,"Arrhythmic Complications of Patients Hospitalized With COVID-19: Incidence, Risk Factors, and Outcomes"
0xcxvdf3,nu6q6vdi,-0.104033574,An EUA for Casirivimab and Imdevimab for COVID-19,"Consolidating the Past, Moving Towards the Future"
3d56os6r,0yeo5rse,-0.10395649,hpO: Berufsvereinigung für heilkundlich praktizierte Osteopathie e. V.,"62,406 and Counting"
w3bomlyn,mxpdmrfu,-0.103893764,Key Aspects in Nutritional Management of COVID-19 Patients,Digitalisierung - jetzt
mxpdmrfu,r493xr7j,-0.103893764,Digitalisierung - jetzt,Key Aspects in Nutritional Management of COVID-19 Patients
i85528l3,mxpdmrfu,-0.1037928,Clinical course and risk factors for mortality from COVID-19 in patients with haematological malignancies.,Digitalisierung - jetzt
h68glk21,mxpdmrfu,-0.10373836,Neurological aspects of COVID-19,Digitalisierung - jetzt
mxpdmrfu,wp5pt9uw,-0.10361232,Digitalisierung - jetzt,Risk Factors Associated With In-Hospital Mortality in a US National Sample of Patients With COVID-19
mxpdmrfu,jctoh9e5,-0.10359328,Digitalisierung - jetzt,Regulatory T Cells as Predictors of Clinical Course in Hospitalised COVID-19 Patients
dhsniglo,mxpdmrfu,-0.10346277,People + Companies,Digitalisierung - jetzt
9bdiz5pz,mxpdmrfu,-0.10346277,People + Companies,Digitalisierung - jetzt
mxpdmrfu,wm7yrtrw,-0.10346277,Digitalisierung - jetzt,People + Companies
mxpdmrfu,6uvm25og,-0.10346277,Digitalisierung - jetzt,People + Companies
asqisbn2,3d56os6r,-0.10336762,"Book Review: Judgment, Decision-Making, and Embodied Choices",hpO: Berufsvereinigung für heilkundlich praktizierte Osteopathie e. V.
mxpdmrfu,l1nvnvkg,-0.103139386,Digitalisierung - jetzt,Transmission and risk factors of OF COVID-19.
mxpdmrfu,y1j6mi60,-0.10308552,Digitalisierung - jetzt,Clinical characteristics and manifestations in older patients with COVID-19
mxpdmrfu,ozo3fgqm,-0.10223737,Digitalisierung - jetzt,Survival Analysis and Risk Factors in COVID-19 Patients
80u6ub4o,mxpdmrfu,-0.10203728,Clinical Suspicion of COVID-19 in Nursing Home residents: symptoms and mortality risk factors,Digitalisierung - jetzt
mxpdmrfu,7ytqy3ia,-0.10203728,Digitalisierung - jetzt,Clinical Suspicion of COVID-19 in Nursing Home Residents: Symptoms and Mortality Risk Factors
fp18kg5f,mxpdmrfu,-0.10171628,"Clinical Characteristics, Risk Factors and Cardiac Manifestations of Cancer Patients with COVID-19",Digitalisierung - jetzt
ejnc8ok3,0xcxvdf3,-0.101482764,Moving Goal Posts,An EUA for Casirivimab and Imdevimab for COVID-19
omr30shm,mxpdmrfu,-0.100500904,Clinical and histopathological findings of cutaneous manifestations of COVID19 patients,Digitalisierung - jetzt
mxpdmrfu,g8faurqc,-0.100500904,Digitalisierung - jetzt,Clinical and histopathological findings of cutaneous manifestations of COVID-19 patients
mxpdmrfu,xs0lhu1f,-0.100493945,Digitalisierung - jetzt,Clinical Characteristics and Predictors of Mortality in Minority Patients Hospitalized with COVID-19 Infection
mrdg743n,zu4tikpu,-0.10012688,Recruiting Residents During COVID-19,Exkursion in eine postagile Zukunft
mrdg743n,gsonpunw,-0.100108735,Recruiting Residents During COVID-19,Campylobacteriose — eine zoonotische Infektionskrankheit
gsonpunw,taylx8ax,-0.099942215,Campylobacteriose — eine zoonotische Infektionskrankheit,ESICM LIVES 2020
0xcxvdf3,0zizx3e4,-0.09991415,An EUA for Casirivimab and Imdevimab for COVID-19,A problem shared
mxpdmrfu,tbh2fwk5,-0.099903315,Digitalisierung - jetzt,Secondary Transmission of COVID-19 in K-12 Schools: Findings From Two States
dobsisj8,0xcxvdf3,-0.09970182,[COVID-19 in older adults - a complex challenge],An EUA for Casirivimab and Imdevimab for COVID-19
v74hxqfg,0xcxvdf3,-0.099695325,On Planning for an Unimaginable Future.,An EUA for Casirivimab and Imdevimab for COVID-19
ft15w83r,tnmk3zpf,-0.099661574,"COVID-19: Knowns, Unknowns, and Questions",CAPNETZ fokussiert auf COVID-19
mxpdmrfu,546e8gnj,-0.09940257,Digitalisierung - jetzt,Medicolegal aspects of teledermatology()
mxpdmrfu,z6pchusp,-0.09927778,Digitalisierung - jetzt,Clinical features of covid-19 in children
ach5vomq,mxpdmrfu,-0.099051125,323. Distribution of Pathogens in Coinfections of Patients Admitted with COVID-19,Digitalisierung - jetzt
1xjao43w,mxpdmrfu,-0.09902407,Other,Digitalisierung - jetzt
mxpdmrfu,2ootfjhk,-0.098879546,Digitalisierung - jetzt,Risk factors for disease progression in COVID-19 patients
ecmg8kti,mxpdmrfu,-0.09875404,COVID-19: Clinical aspects and therapeutics responses,Digitalisierung - jetzt
ay4eqr27,mxpdmrfu,-0.098747715,Clinical features and potential risk factors for discerning the critical cases and predicting the outcome of patients with COVID‐19,Digitalisierung - jetzt
mxpdmrfu,6klnymd7,-0.09862232,Digitalisierung - jetzt,Analysis of Risk Factors and Clinical Indicators in Bloodstream Infections Among Patients with Hematological Malignancy
3hqfaues,mxpdmrfu,-0.098577,NRITLD Protocol for the Management of Patients with COVID-19 Admitted to Hospitals,Digitalisierung - jetzt
mxpdmrfu,ncm5wf6v,-0.098577,Digitalisierung - jetzt,NRITLD protocol for the management of patients with COVID-19 admitted to hospitals
xu2twrko,mxpdmrfu,-0.09851368,Involving clinicians in management: assessing views of doctors and nurses on hybrid professionalism in clinical directorates,Digitalisierung - jetzt
9n7srcsd,mxpdmrfu,-0.09848879,Societies’ Communications,Digitalisierung - jetzt
zjqruodw,mxpdmrfu,-0.09840927,Clinical and paraclinical predictive factors for in-hospital mortality in adult patients with COVID-19,Digitalisierung - jetzt
7jxbex32,3d56os6r,-0.0984012,Making Interviews Meaningful,hpO: Berufsvereinigung für heilkundlich praktizierte Osteopathie e. V.
mxpdmrfu,hwfh3f9u,-0.09829674,Digitalisierung - jetzt,Abstracts - Scientific Exhibits
0xcxvdf3,xey488es,-0.09773915,An EUA for Casirivimab and Imdevimab for COVID-19,Lessons from being challenged by COVID-19
aorrfl8y,mxpdmrfu,-0.09759438,Nurses' House-for Nurses.,Digitalisierung - jetzt
mxpdmrfu,ilvhycqs,-0.09750447,Digitalisierung - jetzt,The influence of COVID-19 on routine hematological parameters of hospitalized patients
e8txpbmk,3d56os6r,-0.09717334,Books Received,hpO: Berufsvereinigung für heilkundlich praktizierte Osteopathie e. V.
z75w0ug4,mxpdmrfu,-0.096895315,Hematological manifestations and complications of COVID-19,Digitalisierung - jetzt
f5pgl0dq,jjdvtfy1,-0.096763,COVID-19: keep up with latest papers,Wieloukładowy zespół zapalny u dzieci a COVID-19
mxpdmrfu,kltg8nmm,-0.096672595,Digitalisierung - jetzt,A Comparison of Clinical Characteristics and Outcomes in Elderly and Younger Patients with COVID-19
gsonpunw,44emw2do,-0.09663758,Campylobacteriose — eine zoonotische Infektionskrankheit,Thoughts about COVID-19
rkzai22p,mxpdmrfu,-0.09660324,Reflections,Digitalisierung - jetzt
mxpdmrfu,6hujjh05,-0.09660324,Digitalisierung - jetzt,Reflections on 2020
mdd60ic7,95u2vws4,-0.09620089,Acknowledgement to Referees,Wir haben eine Impfung!
nfzoanb9,95u2vws4,-0.09620089,Acknowledgement to Referees,Wir haben eine Impfung!
qgrecd29,95u2vws4,-0.09620089,Acknowledgement to Referees,Wir haben eine Impfung!
0xcxvdf3,leeypm3d,-0.096134305,An EUA for Casirivimab and Imdevimab for COVID-19,Current scenario and future prospect in the management of COVID-19
qvay40pd,zu4tikpu,-0.095966004,All People.,Exkursion in eine postagile Zukunft
mxpdmrfu,eyszs136,-0.09591378,Digitalisierung - jetzt,Human Subjects Research in Bioemergencies
lapwazip,mxpdmrfu,-0.09578949,[COVID-19 and the kidneys-Clinical aspects],Digitalisierung - jetzt
u0ycqelc,0xcxvdf3,-0.0956771,Future prospects,An EUA for Casirivimab and Imdevimab for COVID-19
mxpdmrfu,8bzls8kw,-0.09562118,Digitalisierung - jetzt,Addressing multiple gastroenterological aspects of COVID-19.
mxpdmrfu,qakg0r9d,-0.09557012,Digitalisierung - jetzt,Mental distress and influencing factors in nurses caring for patients with COVID-19.
6z7qj9vo,zu4tikpu,-0.0955573,HEARTS of athletes.,Exkursion in eine postagile Zukunft
agrj7vff,3d56os6r,-0.09539847,Managing patient expectations,hpO: Berufsvereinigung für heilkundlich praktizierte Osteopathie e. V.
ya1nocf1,0xcxvdf3,-0.09516673,Coronapod: kids' role in the future of COVID,An EUA for Casirivimab and Imdevimab for COVID-19
mxpdmrfu,5w7sv737,-0.09492718,Digitalisierung - jetzt,Incidental radiological findings suggestive of COVID-19 in asymptomatic patients
mxpdmrfu,211bcypt,-0.09492718,Digitalisierung - jetzt,Incidental radiological findings suggestive of COVID-19 in asymptomatic patients
mxpdmrfu,g9a0fvgb,-0.094820194,Digitalisierung - jetzt,[Study on issues for stomatological institutions responding to state public health emergencies]
mxpdmrfu,5qbx5p6y,-0.09478333,Digitalisierung - jetzt,Factors influencing nursing students’ participatory behavior during COVID-19
mxpdmrfu,rzx3wt5c,-0.094404325,Digitalisierung - jetzt,Nurses as substitutes for doctors in primary care.
mxpdmrfu,w6vbc2ak,-0.094361655,Digitalisierung - jetzt,"COVID-19 in childhood: Transmission, clinical presentation, complications and risk factors"
3d56os6r,hzqbporv,-0.09435485,hpO: Berufsvereinigung für heilkundlich praktizierte Osteopathie e. V.,Remotely-delivered physiotherapy: can we capture the benefits beyond COVID-19?
mxpdmrfu,yw0gdp78,-0.094301105,Digitalisierung - jetzt,Clinical Characteristics and Prognostic Factors of 148 COVID-19 Cases in a Secondary Epidemic Area
mxpdmrfu,rqa4c9g8,-0.09424429,Digitalisierung - jetzt,Farming human pathogens
mxpdmrfu,ulv8c2pg,-0.09424254,Digitalisierung - jetzt,Management of critical care in covid-19 patients
0xcxvdf3,ont6ro0p,-0.094059445,An EUA for Casirivimab and Imdevimab for COVID-19,Anesthesiologist and COVID-19 - Current perspective
mxpdmrfu,cq4535pa,-0.093894705,Digitalisierung - jetzt,"Incidence, Mortality, and Risk Factors of COVID-19 in Nursing Homes"
70ikknhe,gsonpunw,-0.093702905,Guest Editors,Campylobacteriose — eine zoonotische Infektionskrankheit
mxpdmrfu,c2io6utd,-0.093675785,Digitalisierung - jetzt,Employment Consequences of COVID-19 for People with Disabilities and Employers
mq4ntygs,0xcxvdf3,-0.09334074,Cyberinsights: It's Complicated,An EUA for Casirivimab and Imdevimab for COVID-19
egawqdv3,0xcxvdf3,-0.09334074,Cyberinsights: It's Complicated.,An EUA for Casirivimab and Imdevimab for COVID-19
mxpdmrfu,pu5j9atj,-0.093306206,Digitalisierung - jetzt,Patient Satisfaction Scale for Hospitalized COVID-19 Patients: Development and Psychometric Properties
mxpdmrfu,9blq86zo,-0.09321119,Digitalisierung - jetzt,Am I a “COVID-19 Patient” or “a Patient With COVID-19”?
mxpdmrfu,rfwp7o6h,-0.09298282,Digitalisierung - jetzt,"Observations, Conclusions, Perspective"
mxpdmrfu,ygfxky4u,-0.092837185,Digitalisierung - jetzt,"COVID‐19, children and schools: overlooked and at risk"
1l9dxc16,tnmk3zpf,-0.09272624,Mind over matter,CAPNETZ fokussiert auf COVID-19
mxpdmrfu,qmozy9db,-0.09221654,Digitalisierung - jetzt,Clinical Characteristics and Risk Factors of Cardiac Involvement in COVID-19
uf6tjeh0,mxpdmrfu,-0.09212889,Pathological Findings in the Testes of COVID-19 Patients: Clinical Implications,Digitalisierung - jetzt
mxpdmrfu,6eh2l6ce,-0.092126,Digitalisierung - jetzt,Primary healthcare clinicians
mxpdmrfu,0nq2666d,-0.09210159,Digitalisierung - jetzt,These are the hands that care.
l93lvopy,mxpdmrfu,-0.09197549,Journals as communities of practice.,Digitalisierung - jetzt
mxpdmrfu,3jpnobyj,-0.09193695,Digitalisierung - jetzt,2020 - State of our JCMR
ga8u8b6g,mxpdmrfu,-0.09161286,Clinical Characteristics and Outcomes among Patients with Covid-19 in Different Regions of the World,Digitalisierung - jetzt
mxpdmrfu,y3hpzj0u,-0.091611706,Digitalisierung - jetzt,"Acknowledgment of Referees, 2020"
4xny3bn4,mxpdmrfu,-0.091520935,[COVID-19: care at home or in hospital? Considerations in primary care].,Digitalisierung - jetzt
1u5uhk7l,0xcxvdf3,-0.091465086,Dependent Stopping Times,An EUA for Casirivimab and Imdevimab for COVID-19
cqglo0s7,5h5vvxmt,-0.09138086,Allergologie in Zeiten von Covid-19,WILDLIFE
95595ar7,5h5vvxmt,-0.09138086,Intensivbehandlung von Schwerverletzten,WILDLIFE
3quzlcrp,5h5vvxmt,-0.09138086,DNGK — Forschung in Zeiten von COVID-19,WILDLIFE
mxpdmrfu,x7pym1ow,-0.091305494,Digitalisierung - jetzt,Risk factors for outbreaks of COVID‐19 in care homes following hospital discharge: A national cohort analysis
mxpdmrfu,wif1tbuq,-0.0912781,Digitalisierung - jetzt,Infectious Diseases and Patient Care Practices
mxpdmrfu,bmgfuzfp,-0.09125983,Digitalisierung - jetzt,Highlights From the Circulation Family of Journals.
3d56os6r,3ihbztot,-0.09120196,hpO: Berufsvereinigung für heilkundlich praktizierte Osteopathie e. V.,The Challenge of Coming to Terms With Evolving Priorities
mxpdmrfu,22ftb9w3,-0.091184705,Digitalisierung - jetzt,Features of family clusters of COVID-19 patients: A retrospective study
mxpdmrfu,24j87vjh,-0.091184705,Digitalisierung - jetzt,Features of family clusters of COVID-19 patients: A retrospective study
mxpdmrfu,ybztnfn4,-0.091097355,Digitalisierung - jetzt,Clinical and laboratory characteristics of the COVID-19 disease in adult patients
mxpdmrfu,3a399yf7,-0.0910958,Digitalisierung - jetzt,"Factors Influencing Adolescent Anxiety: The Roles of Mothers, Teachers and Peers"
26wmh5ob,mxpdmrfu,-0.091036715,Laboratory Biomarkers in the Management of Patients With COVID-19,Digitalisierung - jetzt
uw7i3i3x,mxpdmrfu,-0.091019444,"Limitations, Major Findings, and Implications",Digitalisierung - jetzt
ym5z5ob6,mxpdmrfu,-0.0908653,ASTCT Notes,Digitalisierung - jetzt
gsonpunw,5h5vvxmt,-0.090758264,Campylobacteriose — eine zoonotische Infektionskrankheit,WILDLIFE
0xcxvdf3,cj4af2e6,-0.090734534,An EUA for Casirivimab and Imdevimab for COVID-19,Teaming with NAADP.
ohlwmvq1,0xcxvdf3,-0.09072974,Using TAPSE as a predictor of poor prognosis of COVID-19: is it enough?,An EUA for Casirivimab and Imdevimab for COVID-19
mxpdmrfu,5rx0yrx8,-0.09052457,Digitalisierung - jetzt,Echocardiographic Abnormalities as Independent Prognostic Factors of In-Hospital Mortality among COVID-19 Patients
mxpdmrfu,gd37nhjf,-0.09047329,Digitalisierung - jetzt,Contemporary Issues in Women's Health.
mxpdmrfu,x2pml0li,-0.09033774,Digitalisierung - jetzt,Family Physician’s and Primary Care Team’s Perspectives on Supporting Family Caregivers in Primary Care Networks
mxpdmrfu,2whbn7cj,-0.09033351,Digitalisierung - jetzt,The clinical characteristics and course of COVID-19 in hemodialysis patients
v10utdqv,mxpdmrfu,-0.09032202,Optimizing clinical approaches to COVID-19 patients in primary care.,Digitalisierung - jetzt
6hnzbfms,0xcxvdf3,-0.09029213,COVID-19: The Vital Sign,An EUA for Casirivimab and Imdevimab for COVID-19
vzv6qni5,mxpdmrfu,-0.09003638,The Psychological Consequences of the COVID-19 on Residents and Staff in Nursing Homes,Digitalisierung - jetzt
er2qy1dv,jjdvtfy1,-0.08992766,The Way Forward,Wieloukładowy zespół zapalny u dzieci a COVID-19
z34h5tzs,mxpdmrfu,-0.08987788,COVID-19 in children: Clinical and epidemiological data,Digitalisierung - jetzt
mdd60ic7,bl3fcwvx,-0.089853525,Acknowledgement to Referees,Stabilisierende Wirkungen durch Kurzarbeit
nfzoanb9,bl3fcwvx,-0.089853525,Acknowledgement to Referees,Stabilisierende Wirkungen durch Kurzarbeit
bl3fcwvx,qgrecd29,-0.089853525,Stabilisierende Wirkungen durch Kurzarbeit,Acknowledgement to Referees
mxpdmrfu,cbrpdre0,-0.08984583,Digitalisierung - jetzt,Future Perspectives of Nurses With COVID 19
mxpdmrfu,758rzzi5,-0.08984583,Digitalisierung - jetzt,Future Perspectives of Nurses With COVID 19
i6vetquk,tnmk3zpf,-0.089826375,The pathogens,CAPNETZ fokussiert auf COVID-19
gsonpunw,7zy1bvga,-0.08950525,Campylobacteriose — eine zoonotische Infektionskrankheit,Children of Incarcerated Parents and COVID‐19
mxpdmrfu,oe1dsn5f,-0.08946615,Digitalisierung - jetzt,Clinical Course and Outcomes of COVID-19 Patients with Hypertension
mxpdmrfu,jqlrgv47,-0.08934581,Digitalisierung - jetzt,Cardiovascular Risk Factors and Markers
gsonpunw,g9gnlnuq,-0.08931656,Campylobacteriose — eine zoonotische Infektionskrankheit,"COVID‐19 vaccinations: The unknowns, challenges, and hopes"
n54036de,mxpdmrfu,-0.089142285,COVID-19 in children: reasons for uneventful clinical course,Digitalisierung - jetzt
gsonpunw,livtaxla,-0.08904612,Campylobacteriose — eine zoonotische Infektionskrankheit,"Postsecondary education, COVID‐19, and students with disabilities"
mxpdmrfu,be8iim7m,-0.08897201,Digitalisierung - jetzt,Imaging Findings in Four COVID-19 Patients
1xjao43w,nno1jdc4,-0.08894522,Other,Multiorganinfektionen — komplexe klinisch-infektiologische Krankheiten
mxpdmrfu,upiol06s,-0.088873155,Digitalisierung - jetzt,Analysis of laboratory parameters in patients with COVID-19: Experiences from a pandemic hospital Laboratory parameters of COVID-19
o96ermpw,tnmk3zpf,-0.088867635,Understanding COVID-19: are children the key?,CAPNETZ fokussiert auf COVID-19
zen3876u,3cectvkf,-0.088827595,"COVID-19, Naturally.",Beroepsziekten in cijfers 2020
mxpdmrfu,ydmx96a5,-0.08868386,Digitalisierung - jetzt,Hemophagocytic Lymphohistiocytosis for the Internist and Other Primary Care Providers
2lm91mez,hee0ubpw,-0.088451475,Reply.,Parasitoses
2wmuctvt,hee0ubpw,-0.088451475,The Reply.,Parasitoses
vgaahz62,hee0ubpw,-0.088451475,Reply.,Parasitoses
f8vo6gzc,hee0ubpw,-0.088451475,The Reply.,Parasitoses
2p39og9b,hee0ubpw,-0.088451475,In Reply.,Parasitoses
v9mlb3m8,hee0ubpw,-0.088451475,Reply,Parasitoses
hee0ubpw,sc4ifrwz,-0.088451475,Parasitoses,Reply.
hee0ubpw,8dacd0jz,-0.088451475,Parasitoses,In Reply.
hee0ubpw,5dwv9h8c,-0.088451475,Parasitoses,In Reply.
hee0ubpw,v2n3p459,-0.088451475,Parasitoses,Reply
hee0ubpw,55uti99t,-0.088451475,Parasitoses,Reply.
hee0ubpw,pwbppgdv,-0.088451475,Parasitoses,Reply
hee0ubpw,rbbsqpoy,-0.088451475,Parasitoses,Reply.
hee0ubpw,7b6x9t9e,-0.088451475,Parasitoses,IN REPLY.
hee0ubpw,o73lyv70,-0.088451475,Parasitoses,The Reply.
hee0ubpw,6bagohw8,-0.088451475,Parasitoses,Reply
hee0ubpw,slnbcnqz,-0.088451475,Parasitoses,Reply
hee0ubpw,3o5md40w,-0.088451475,Parasitoses,Reply.
yq41339k,mxpdmrfu,-0.08841691,Laboratory abnormalities in patients with COVID-2019 infection,Digitalisierung - jetzt
mvnmhs1i,mxpdmrfu,-0.08841691,Laboratory abnormalities in patients with COVID-2019 infection.,Digitalisierung - jetzt
3l3rzrw8,mxpdmrfu,-0.088403076,Notable advances 2012,Digitalisierung - jetzt
mxpdmrfu,aj4ci6pu,-0.088216946,Digitalisierung - jetzt,Biosafety Guidelines for COVID-19 Specimens in Biobanks.
no9pw4gn,mxpdmrfu,-0.08818709,COVID-19 in Adult Patients with Hematological Disease: Analysis of Clinical Characteristics and Outcomes,Digitalisierung - jetzt
vb3b2viw,gsonpunw,-0.088057466,Notes and News,Campylobacteriose — eine zoonotische Infektionskrankheit
gsonpunw,vn89nmit,-0.088057466,Campylobacteriose — eine zoonotische Infektionskrankheit,News and Notes
yml4k7sq,3d56os6r,-0.087976225,The Evolution of BioSense: Lessons Learned and Future Directions.,hpO: Berufsvereinigung für heilkundlich praktizierte Osteopathie e. V.
gf5o0tge,3d56os6r,-0.08765309,Living with covid-19.,hpO: Berufsvereinigung für heilkundlich praktizierte Osteopathie e. V.
3d56os6r,pgmfq0d2,-0.08765309,hpO: Berufsvereinigung für heilkundlich praktizierte Osteopathie e. V.,Living with covid-19
javx1luo,mxpdmrfu,-0.087637186,Commentary: COVID-19 in patients with diabetes,Digitalisierung - jetzt
mxpdmrfu,ezjycl46,-0.08761579,Digitalisierung - jetzt,COVID-19 or not COVID-19? Compared characteristics of patients hospitalized for suspected COVID-19
3d56os6r,vtsd3qww,-0.08760097,hpO: Berufsvereinigung für heilkundlich praktizierte Osteopathie e. V.,Teaching in the time of COVID‐19
3d56os6r,j2o6njv5,-0.08755582,hpO: Berufsvereinigung für heilkundlich praktizierte Osteopathie e. V.,Readers remain optimistic in 2021 despite COVID‐19 challenges
mxpdmrfu,ru6zhwjq,-0.08748139,Digitalisierung - jetzt,Hematologic predictors of mortality in hospitalized patients with COVID-19: a comparative study
6z7qj9vo,mxpdmrfu,-0.08745819,HEARTS of athletes.,Digitalisierung - jetzt
mxpdmrfu,egknlwzf,-0.087422386,Digitalisierung - jetzt,Remdesivir and Mortality in Patients with COVID-19.
4eu27jsj,0xcxvdf3,-0.087395415,Looking Ahead…,An EUA for Casirivimab and Imdevimab for COVID-19
0xcxvdf3,er2qy1dv,-0.08734301,An EUA for Casirivimab and Imdevimab for COVID-19,The Way Forward
mxpdmrfu,qe6a626g,-0.08730498,Digitalisierung - jetzt,Association between vaccinations and clinical manifestations in children with COVID-19.
ekgdlyfg,mxpdmrfu,-0.087237135,Private Struggles in Public Spaces: Documenting COVID-19 Material Culture and Landscapes,Digitalisierung - jetzt
mxpdmrfu,60eo1w1k,-0.087081805,Digitalisierung - jetzt,"[Mapping the intricacies of care networks for persons with disabilities, from the perspectives of users-citizens-guides]."
qvay40pd,gsonpunw,-0.087054536,All People.,Campylobacteriose — eine zoonotische Infektionskrankheit
s51az803,mxpdmrfu,-0.08681489,PREVALENCE AND PREDICTORS OF CORONAPHOBIA AMONG FRONTLINE HOSPITAL AND PUBLIC HEALTH NURSES,Digitalisierung - jetzt
lg4l92xp,mxpdmrfu,-0.08669584,The Historical Aspects of Vaccination in Pregnancy,Digitalisierung - jetzt
mxpdmrfu,enxvutbg,-0.08663014,Digitalisierung - jetzt,Clinical outcomes in cancer patients with COVID‐19
0xcxvdf3,9ft66z5u,-0.086575754,An EUA for Casirivimab and Imdevimab for COVID-19,COVID-19: A family’s perspective
zu4tikpu,44emw2do,-0.086380936,Exkursion in eine postagile Zukunft,Thoughts about COVID-19
5pxt3gd4,tnmk3zpf,-0.08623299,COVID-19 Lockdown: Key Factors in Citizens’ Stress,CAPNETZ fokussiert auf COVID-19
mxpdmrfu,zegawla5,-0.08618191,Digitalisierung - jetzt,The characteristics of household transmission of COVID-19
ahvk0hp5,mxpdmrfu,-0.08607272,Analysis of social interactions and risk factors relevant to the spread of infectious diseases at hospitals and nursing homes,Digitalisierung - jetzt
c2io6utd,zu4tikpu,-0.08607071,Employment Consequences of COVID-19 for People with Disabilities and Employers,Exkursion in eine postagile Zukunft
ecteu2xa,mxpdmrfu,-0.08603915,Biological and Clinical Factors contributing to the Metabolic Heterogeneity of Hospitalized Patients with and without COVID-19,Digitalisierung - jetzt
ix06pzi0,0xcxvdf3,-0.08597271,How Covid-19 Changed The Future,An EUA for Casirivimab and Imdevimab for COVID-19
ux5wjonx,mxpdmrfu,-0.085859165,Thromboembolic risks in patients with COVID-19: major concern to consider in our management,Digitalisierung - jetzt
87me64wa,tnmk3zpf,-0.08584571,Epidemiological and Clinical Predictors of COVID-19,CAPNETZ fokussiert auf COVID-19
mxpdmrfu,4y4s55qp,-0.08581613,Digitalisierung - jetzt,Nursing Home Staff Networks and COVID-19
mxpdmrfu,s4tob7db,-0.085792325,Digitalisierung - jetzt,Care of tuberculosis patients in the times of COVID-19
0xcxvdf3,s4v2b1s3,-0.08578482,An EUA for Casirivimab and Imdevimab for COVID-19,COVID19 - moving forward
ym5z5ob6,gsonpunw,-0.08569543,ASTCT Notes,Campylobacteriose — eine zoonotische Infektionskrankheit
ah889rx5,mxpdmrfu,-0.08568894,Circumnavigating the challenges of COVID-19 for Indigenous people: perspectives for public health,Digitalisierung - jetzt
mxpdmrfu,a0p733gm,-0.0856234,Digitalisierung - jetzt,Primary care doctors and the control of COVID-19
p0qj74cg,jjdvtfy1,-0.08550901,"Gearing up, again",Wieloukładowy zespół zapalny u dzieci a COVID-19
dathymqp,0xcxvdf3,-0.08550301,Present and future,An EUA for Casirivimab and Imdevimab for COVID-19
3t6135lx,mxpdmrfu,-0.0854594,COVID19: Challenging tissue viability in both patients and clinicians,Digitalisierung - jetzt
6ile6b84,3d56os6r,-0.08532794,Sustainable Blended Teaching Practices: Lessons Learned from Instructor Perspectives,hpO: Berufsvereinigung für heilkundlich praktizierte Osteopathie e. V.
mxpdmrfu,531ijpbg,-0.085320346,Digitalisierung - jetzt,"Bats, Pathogens, and Species Richness"
m0akqnd0,0xcxvdf3,-0.085247084,20/20 Foresight for 2020?,An EUA for Casirivimab and Imdevimab for COVID-19
e9oxvgar,mxpdmrfu,-0.08523509,"Sociality, Parasites, and Pathogens in Bats",Digitalisierung - jetzt
mxpdmrfu,m6f85z27,-0.08520118,Digitalisierung - jetzt,Care for Incarcerated Patients Hospitalized with COVID-19
mxpdmrfu,0g18pnxi,-0.0851227,Digitalisierung - jetzt,"Paediatric Contacts of Adult COVID-19 Patients: Clinical Parameters, Risk Factors, and Outcome"
mxpdmrfu,8oc6d2v5,-0.08510115,Digitalisierung - jetzt,Immunologic Studies in Humans
mxpdmrfu,47ol5hek,-0.08505671,Digitalisierung - jetzt,Association between Variability of Metabolic Risk Factors and Cardiometabolic Outcomes
mxpdmrfu,0ec1cu8q,-0.0850009,Digitalisierung - jetzt,"Cardiac involvement in COVID-19 patients: Risk factors, predictors, and complications: A review"
km5z3hpf,gsonpunw,-0.08486947,Should Institutions Disclose the Names of Employees with Covid-19?,Campylobacteriose — eine zoonotische Infektionskrankheit
sp7z568k,mxpdmrfu,-0.084805734,Treatment of Critical COVID-19 Patients,Digitalisierung - jetzt
mxpdmrfu,74rscxhf,-0.0845497,Digitalisierung - jetzt,COVID-19 in Patients with Hematologic Malignancies: Outcomes and Options for Treatments
agrj7vff,mxpdmrfu,-0.08435755,Managing patient expectations,Digitalisierung - jetzt
1wrgslkz,mxpdmrfu,-0.08426717,Host-pathogen dynamics in longitudinal clinical specimens from patients with COVID-19,Digitalisierung - jetzt
gsonpunw,jkw7y91f,-0.0842265,Campylobacteriose — eine zoonotische Infektionskrankheit,Updates
mxpdmrfu,ymg6mh28,-0.084192835,Digitalisierung - jetzt,Report of 5 nurses infecting COVID-19 during patient care: case Series
8o99xmca,3d56os6r,-0.08415656,Forecasting the COVID-19 Pandemic: Lessons learned and future directions,hpO: Berufsvereinigung für heilkundlich praktizierte Osteopathie e. V.
3d56os6r,jorpgamq,-0.084156334,hpO: Berufsvereinigung für heilkundlich praktizierte Osteopathie e. V.,On outcomes
3d56os6r,6g4n2320,-0.08409884,hpO: Berufsvereinigung für heilkundlich praktizierte Osteopathie e. V.,The Impact of COVID-19 on Trainees: Lessons Learned and Unanticipated Opportunities
dcv837db,mxpdmrfu,-0.08402873,Thrust Into the Spotlight: COVID-19 Focuses Media Attention on Nursing Homes,Digitalisierung - jetzt
3d56os6r,kjtu4kw1,-0.0839826,hpO: Berufsvereinigung für heilkundlich praktizierte Osteopathie e. V.,Writing the History of the Present
nxtubhxq,0xcxvdf3,-0.083978675,Challenges of Shared Decision Making in Older Patients with COVID-19,An EUA for Casirivimab and Imdevimab for COVID-19
mxpdmrfu,vcoqptfx,-0.08396926,Digitalisierung - jetzt,Prognostic Factors for Adverse Outcomes in COVID-19 Infection.
pn098k88,tspegq76,-0.0839227,Bioterrorism,Koalition bringt E-Patientenakte Richtung Versorgung
tspegq76,w9h24b8z,-0.0839227,Koalition bringt E-Patientenakte Richtung Versorgung,Bioterrorism
gsonpunw,3a399yf7,-0.08390665,Campylobacteriose — eine zoonotische Infektionskrankheit,"Factors Influencing Adolescent Anxiety: The Roles of Mothers, Teachers and Peers"
mxpdmrfu,fvfmem59,-0.08390512,Digitalisierung - jetzt,Risk factors for disease progression in hospitalized patients with COVID-19: a retrospective cohort study
ejzflqha,gsonpunw,-0.08383187,COVID-19 Vaccination in Children and University Students,Campylobacteriose — eine zoonotische Infektionskrankheit
mxpdmrfu,rwyf38lc,-0.08372972,Digitalisierung - jetzt,Assessing the risk in urban public transport for epidemiologic factors
mdd60ic7,ccobvfmn,-0.0836223,Acknowledgement to Referees,Neue Versicherungsprodukte
nfzoanb9,ccobvfmn,-0.0836223,Acknowledgement to Referees,Neue Versicherungsprodukte
qgrecd29,ccobvfmn,-0.0836223,Acknowledgement to Referees,Neue Versicherungsprodukte
7p3t588j,mxpdmrfu,-0.08359029,Doctors in Chinese public hospitals: demonstration of their professional identities,Digitalisierung - jetzt
mxpdmrfu,bwe2v076,-0.08358412,Digitalisierung - jetzt,Clinical chemistry tests for patients with COVID-19 - important caveats for interpretation
mxpdmrfu,spm5esfk,-0.08352375,Digitalisierung - jetzt,"Biosecurity at Cattle Farms: Strengths, Weaknesses, Opportunities and Threats"
gsonpunw,cvuiispn,-0.083511,Campylobacteriose — eine zoonotische Infektionskrankheit,Events.
gsonpunw,ukxb9ktz,-0.083511,Campylobacteriose — eine zoonotische Infektionskrankheit,Events
mxpdmrfu,p0r1maui,-0.0834431,Digitalisierung - jetzt,Frequency and Risk Factors for Spontaneous Pneumomediastinum in COVID-19 Patients
g4luqtjv,3d56os6r,-0.08332673,Clinical presentation and course of COVID-19.,hpO: Berufsvereinigung für heilkundlich praktizierte Osteopathie e. V.
0xcxvdf3,vpflu6vi,-0.08326553,An EUA for Casirivimab and Imdevimab for COVID-19,Lack of respect and balance
79ptq7k7,0xcxvdf3,-0.08325246,The Multiple Casualty Scenario: Role of the Anesthesiologist,An EUA for Casirivimab and Imdevimab for COVID-19
x9dkt07j,0xcxvdf3,-0.08322026,The Status Dynamics of Role Blurring in the Time of COVID-19,An EUA for Casirivimab and Imdevimab for COVID-19
h5l9dxwq,0xcxvdf3,-0.083220236,The Status Dynamics of Role Blurring in the Time of COVID-19,An EUA for Casirivimab and Imdevimab for COVID-19
mkoakort,mxpdmrfu,-0.08321531,Critical terms in futures studies,Digitalisierung - jetzt
1ra2px67,zu4tikpu,-0.08318238,Three Hypotheses About Children COVID19.,Exkursion in eine postagile Zukunft
zu4tikpu,fw39tmjp,-0.08318238,Exkursion in eine postagile Zukunft,Three Hypotheses About Children COVID19
mxpdmrfu,0cri8cpx,-0.0831511,Digitalisierung - jetzt,Critical Care Transport of Patients With COVID-19
mxpdmrfu,jorpgamq,-0.08308121,Digitalisierung - jetzt,On outcomes
ls35fhi3,mxpdmrfu,-0.083035946,Metabolomics study of COVID-19 patients in four different clinical stages,Digitalisierung - jetzt
mxpdmrfu,5jrfkpdb,-0.083003476,Digitalisierung - jetzt,COVID-19 vaccines for patients with haematological conditions
69f5tivz,mxpdmrfu,-0.082995355,"We Are People, Not Clusters!",Digitalisierung - jetzt
mjfs5uex,mxpdmrfu,-0.082862966,Characteristics and outcomes of patients with cancer and COVID-19: results from a cohort study,Digitalisierung - jetzt
1q1ywj1q,3d56os6r,-0.08278387,"Teaching, virtually: a critical reflection",hpO: Berufsvereinigung für heilkundlich praktizierte Osteopathie e. V.
0xcxvdf3,i17zq8s9,-0.082681686,An EUA for Casirivimab and Imdevimab for COVID-19,Will COVID-19 affect your practice in the future?
834rqzto,3d56os6r,-0.08266955,Decision making across adulthood during physical distancing,hpO: Berufsvereinigung für heilkundlich praktizierte Osteopathie e. V.
emj1wdac,mxpdmrfu,-0.08263349,Cardiac considerations in patients with COVID-19,Digitalisierung - jetzt
mxpdmrfu,k2kys9dc,-0.082613006,Digitalisierung - jetzt,Zoonoses and Other Human Health Hazards
r14e1iw4,3d56os6r,-0.082571395,Making the best of a difficult time,hpO: Berufsvereinigung für heilkundlich praktizierte Osteopathie e. V.
mxpdmrfu,w6z0l1yx,-0.08255651,Digitalisierung - jetzt,Children's Hospitals and Impact of COVID-19.
3d56os6r,u0ycqelc,-0.08254615,hpO: Berufsvereinigung für heilkundlich praktizierte Osteopathie e. V.,Future prospects
r3hlodm8,mxpdmrfu,-0.082511984,Implementation of Clinical Practice Guidelines for Hospitalized Patients With COVID-19 in Academic Medical Centers,Digitalisierung - jetzt
mxpdmrfu,ch5lrocp,-0.0824822,Digitalisierung - jetzt,[Covid-19: care protocols or research protocols?]
n54036de,3d56os6r,-0.08246349,COVID-19 in children: reasons for uneventful clinical course,hpO: Berufsvereinigung für heilkundlich praktizierte Osteopathie e. V.
gmjl55ea,3d56os6r,-0.082409196,Living in a Covid-19 World,hpO: Berufsvereinigung für heilkundlich praktizierte Osteopathie e. V.
cvlk80fl,gsonpunw,-0.08235385,News and Announcements,Campylobacteriose — eine zoonotische Infektionskrankheit
v5c42a9f,gsonpunw,-0.08235385,News and Announcements,Campylobacteriose — eine zoonotische Infektionskrankheit
r14e1iw4,0xcxvdf3,-0.08230321,Making the best of a difficult time,An EUA for Casirivimab and Imdevimab for COVID-19
mxpdmrfu,prxgf5c3,-0.08228229,Digitalisierung - jetzt,Financials
73x5asz6,zu4tikpu,-0.08220484,Announcements,Exkursion in eine postagile Zukunft
nazm265s,zu4tikpu,-0.08220484,Announcements,Exkursion in eine postagile Zukunft
3d56os6r,n3wab1qv,-0.082185455,hpO: Berufsvereinigung für heilkundlich praktizierte Osteopathie e. V.,Fairness and Protection for the Vulnerable: Lessons from Esketamine
h68glk21,tnmk3zpf,-0.08209326,Neurological aspects of COVID-19,CAPNETZ fokussiert auf COVID-19
8fsc3mb0,mxpdmrfu,-0.08194992,Myocardial injury in hospitalized patients with COVID-19 infection-Risk factors and outcomes,Digitalisierung - jetzt
3d56os6r,u111dbav,-0.08193551,hpO: Berufsvereinigung für heilkundlich praktizierte Osteopathie e. V.,Realizing our ultimate opportunity
zu4tikpu,0roxc0k4,-0.08191054,Exkursion in eine postagile Zukunft,Posters
zu4tikpu,29w3tiwv,-0.08191054,Exkursion in eine postagile Zukunft,Posters
iimwj7to,mxpdmrfu,-0.081902035,Risk factors for intracerebral hemorrhage in patients with COVID-19,Digitalisierung - jetzt
8ki8rmpz,3d56os6r,-0.08179912,“Resident” experts without experience,hpO: Berufsvereinigung für heilkundlich praktizierte Osteopathie e. V.
mxpdmrfu,moxiq45d,-0.081605405,Digitalisierung - jetzt,"Contents of volumes 263, 264, 266–289"
mxpdmrfu,x7if0e5i,-0.08155336,Digitalisierung - jetzt,Dynamic changes in monocytes subsets in COVID-19 patients
mxpdmrfu,2siv0jbk,-0.08155336,Digitalisierung - jetzt,Dynamic changes in monocytes subsets in COVID-19 patients
gsonpunw,u4laoljh,-0.08155203,Campylobacteriose — eine zoonotische Infektionskrankheit,News and events.
1ra2px67,mxpdmrfu,-0.08143937,Three Hypotheses About Children COVID19.,Digitalisierung - jetzt
mxpdmrfu,fw39tmjp,-0.08143937,Digitalisierung - jetzt,Three Hypotheses About Children COVID19
ko5uxne3,0xcxvdf3,-0.08135419,How Covid-19 influences the 2030 Agenda: do the practices of achieving the Sustainable Development Goal 11 need rethinking and adjustment?,An EUA for Casirivimab and Imdevimab for COVID-19
mxpdmrfu,zcjsvwso,-0.08128167,Digitalisierung - jetzt,Clinical characteristics and outcomes of 112 cardiovascular disease patients infected by 2019-nCoV/ 中华心血管病杂志
mxpdmrfu,eg7kcqgs,-0.08105781,Digitalisierung - jetzt,COVID-19 and the cancer care workforce: From doctors to ancillary staff
saac5bvh,mxpdmrfu,-0.08095871,Predictors of COVID-19 Hospital Treatment Outcome,Digitalisierung - jetzt
wg1wjr1s,gsonpunw,-0.08094174,Clinical features of 17 patients with 2019-nCoV.,Campylobacteriose — eine zoonotische Infektionskrankheit
3h73m6m5,mxpdmrfu,-0.080838986,Nurse Professors as Patients During COVID-19,Digitalisierung - jetzt
hsqtvq0k,mxpdmrfu,-0.08082188,Bioterrorism: Clinical and public health aspects of anthrax,Digitalisierung - jetzt
0xcxvdf3,85neusjy,-0.08077302,An EUA for Casirivimab and Imdevimab for COVID-19,To Long COVID and Beyond!
22i9ci72,gsonpunw,-0.080768965,Appendices,Campylobacteriose — eine zoonotische Infektionskrankheit
h172b764,mxpdmrfu,-0.080631524,COVID-19 in Elderly Patients: Risk Factors for Disease Severity,Digitalisierung - jetzt
mxpdmrfu,vs3h2plk,-0.080619134,Digitalisierung - jetzt,Physicians and Social Determinants of Health.
mxpdmrfu,v7xbnfg9,-0.08057245,Digitalisierung - jetzt,Cautions on the laboratory indicators of COVID‐19 patients on and during admission
mxpdmrfu,qefx8fp5,-0.080478296,Digitalisierung - jetzt,Deficiencies in the Designs and Interventions of COVID-19 Clinical Trials
049uxyjf,0xcxvdf3,-0.080474116,How can I make the most of my time shielding?,An EUA for Casirivimab and Imdevimab for COVID-19
gsonpunw,ois5rucs,-0.080449134,Campylobacteriose — eine zoonotische Infektionskrankheit,From the Guest Editors: Grief
0xcxvdf3,lm3ksa0r,-0.080418125,An EUA for Casirivimab and Imdevimab for COVID-19,Timely rehabilitation for critical patients with COVID-19: another issue should not be ignored
zu4tikpu,y3hpzj0u,-0.080411285,Exkursion in eine postagile Zukunft,"Acknowledgment of Referees, 2020"
jtbyqsut,3d56os6r,-0.080340974,Shared decision making and remote consulting.,hpO: Berufsvereinigung für heilkundlich praktizierte Osteopathie e. V.
v7jbl6s5,zu4tikpu,-0.08033701,FROM THE EDITORS.,Exkursion in eine postagile Zukunft
zu4tikpu,yr47dy3j,-0.08033697,Exkursion in eine postagile Zukunft,From the Editors.
mxpdmrfu,mmyk5oto,-0.08031069,Digitalisierung - jetzt,COVID-19 in tuberculosis patients: A report of three cases
gsonpunw,z6pchusp,-0.08030446,Campylobacteriose — eine zoonotische Infektionskrankheit,Clinical features of covid-19 in children
mxpdmrfu,3lx0hd1p,-0.0802756,Digitalisierung - jetzt,Documentation of Caregivers as a Standard of Care
aznwq3oc,mxpdmrfu,-0.08027412,Sociodemographic Factors Associated with Academic Goals in University Students in times of the Covid-19 Pandemic,Digitalisierung - jetzt
ft15w83r,bl3fcwvx,-0.080146395,"COVID-19: Knowns, Unknowns, and Questions",Stabilisierende Wirkungen durch Kurzarbeit
jjdvtfy1,07bho4nv,-0.0800297,Wieloukładowy zespół zapalny u dzieci a COVID-19,KRCP’s past and future path
mxpdmrfu,u43n4o97,-0.0800106,Digitalisierung - jetzt,Psychopathological profile in COVID-19 patients including healthcare workers: the implications
ie01skvl,mxpdmrfu,-0.07989069,[Confined community health: Reflections and experiences from the local public health.],Digitalisierung - jetzt
mxpdmrfu,0wuluxfe,-0.07982027,Digitalisierung - jetzt,Research Highlights.
9t7huohi,gsonpunw,-0.07969476,Polymorbidity in seniors hospitalized for COVID-19,Campylobacteriose — eine zoonotische Infektionskrankheit
3d56os6r,sqg3tluo,-0.07960377,hpO: Berufsvereinigung für heilkundlich praktizierte Osteopathie e. V.,The Challenge of Clearly Counting COVID-19 Cases in Children
tazvpnuu,gsonpunw,-0.079597645,Challenges and Opportunities for Academic Parents During COVID-19,Campylobacteriose — eine zoonotische Infektionskrankheit
tsjwnvkk,mxpdmrfu,-0.079532176,Coronaviruses in farm animals: Epidemiology and public health implications,Digitalisierung - jetzt
mxpdmrfu,z4mztxi6,-0.079532176,Digitalisierung - jetzt,Coronaviruses in farm animals: Epidemiology and public health implications
mxpdmrfu,7h6ofv5t,-0.079422064,Digitalisierung - jetzt,Ophthalmologic Diseases of Small Mammals
6z7qj9vo,fouh4jhs,-0.07941464,HEARTS of athletes.,Konjunkturpaket notwendig — Rückkehr zur Schuldenbremse nicht forcieren
oqzxx43c,b1hz5v8f,-0.0793735,Asking questions.,"COVID-19 en verwikkelingen vaccinatie: beroepsziekte, arbeidsongeval?"
mxpdmrfu,2kf8qr8z,-0.07930984,Digitalisierung - jetzt,Human astroviruses.
mxpdmrfu,waea8sxu,-0.07930749,Digitalisierung - jetzt,Personal Reflections
grn3duw4,mxpdmrfu,-0.079090945,Evaluation of the Association between Gastrointestinal Symptoms and Laboratory Outcomes in Hospitalized COVID-19 Patients,Digitalisierung - jetzt
81fe5kh3,0xcxvdf3,-0.079085544,How Covid-19 has Impacted on Ways of Working,An EUA for Casirivimab and Imdevimab for COVID-19
5swmrwgj,mxpdmrfu,-0.07904356,Risk of Sequelae of COVID-19 in Children Cared for by Primary Care Pediatricians,Digitalisierung - jetzt
mxpdmrfu,2b8xw5g5,-0.07904356,Digitalisierung - jetzt,Risk of Sequelae of COVID-19 in Children Cared for by Primary Care Pediatricians
ttlu2j62,zu4tikpu,-0.07896617,Covid-19 vaccines for kids,Exkursion in eine postagile Zukunft
3d56os6r,youvbltl,-0.0789583,hpO: Berufsvereinigung für heilkundlich praktizierte Osteopathie e. V.,Does age matter? A patient's perspective
wwvuyhvz,mxpdmrfu,-0.07889945,Environmental Determinants of Health,Digitalisierung - jetzt
e2xu7s18,jjdvtfy1,-0.07889928,Current trends and innovations,Wieloukładowy zespół zapalny u dzieci a COVID-19
528mncgo,mxpdmrfu,-0.078851976,Studies towards the standardization of lepromin: progress and prospects,Digitalisierung - jetzt
tbes7uke,gsonpunw,-0.07871939,Infections in Travelers and Adoptees from Abroad,Campylobacteriose — eine zoonotische Infektionskrankheit
mherdb4v,mxpdmrfu,-0.07865561,Lessons for and from COVID‐19 for investors and their advisors,Digitalisierung - jetzt
6z7qj9vo,nkgs2iv6,-0.07865511,HEARTS of athletes.,Aktuelles Studienergebnis unterstreicht zurückhaltende Kommentierung
fyqb4wqp,mxpdmrfu,-0.07863234,Work and Nonwork Contributory Factors to Health Care Workers' Mental Health.,Digitalisierung - jetzt
31mrb6wx,mxpdmrfu,-0.07856453,News and views.,Digitalisierung - jetzt
mxpdmrfu,wejrmxmz,-0.07856453,Digitalisierung - jetzt,News & Views
mxpdmrfu,keq5idua,-0.07856453,Digitalisierung - jetzt,News and views.
mxpdmrfu,i4kyfbkw,-0.07856453,Digitalisierung - jetzt,News and views.
1xjao43w,zu4tikpu,-0.07851798,Other,Exkursion in eine postagile Zukunft
mxpdmrfu,357nnzj6,-0.07849391,Digitalisierung - jetzt,COVID-19 Retinal Findings in Patients Admitted to Intensive Care Units and Wards
mxpdmrfu,16ipd8jk,-0.078368954,Digitalisierung - jetzt,Pathological Findings in Placentas of Pregnant Women with Covid-19
gsonpunw,60eo1w1k,-0.078368165,Campylobacteriose — eine zoonotische Infektionskrankheit,"[Mapping the intricacies of care networks for persons with disabilities, from the perspectives of users-citizens-guides]."
3eacf5ww,mxpdmrfu,-0.07833788,Discharge characteristics and care transitions of hospitalized patients with COVID-19,Digitalisierung - jetzt
d20btaju,3d56os6r,-0.078246556,"Evidence-informed vaccination decision-making in countries: Progress, challenges and opportunities",hpO: Berufsvereinigung für heilkundlich praktizierte Osteopathie e. V.
ft15w83r,gsonpunw,-0.07821727,"COVID-19: Knowns, Unknowns, and Questions",Campylobacteriose — eine zoonotische Infektionskrankheit
p01yq5t9,gsonpunw,-0.07818439,Chiroptera (Bats),Campylobacteriose — eine zoonotische Infektionskrankheit
mxpdmrfu,zfjzixe6,-0.078171484,Digitalisierung - jetzt,Cities and communities beyond COVID-19
mxpdmrfu,1lzimff2,-0.07810823,Digitalisierung - jetzt,Clinical Care Among Individuals with Prediabetes in Primary Care: a Retrospective Cohort Study
mxpdmrfu,l6kjtmzb,-0.078086555,Digitalisierung - jetzt,COVID-19 and the Financial Health of US Hospitals
mxpdmrfu,btcdjmfp,-0.07790132,Digitalisierung - jetzt,Key Note and State of the Art Lectures
3d56os6r,v3eduw2m,-0.07788713,hpO: Berufsvereinigung für heilkundlich praktizierte Osteopathie e. V.,COVID-19 in children: The accumulated experience?
mxpdmrfu,etzse6vh,-0.07787975,Digitalisierung - jetzt,Assessment of neurological manifestations in hospitalized patients with COVID-19
0xcxvdf3,5t2rmu2d,-0.077846535,An EUA for Casirivimab and Imdevimab for COVID-19,The COVID-19 Misinfodemic: Moving Beyond Fact-Checking
mxpdmrfu,ydv8o9oo,-0.07778693,Digitalisierung - jetzt,Infection control in operating rooms for COVID-19 patients
8n1j8ioe,mxpdmrfu,-0.07777719,Public health in practice: the three domains of public health,Digitalisierung - jetzt
mxpdmrfu,i3d4pnp4,-0.0777586,Digitalisierung - jetzt,COVID-19 and Cardiac Concerns for Psychiatric Patients
mxpdmrfu,wo76g9e6,-0.077753365,Digitalisierung - jetzt,Common hematological values predict unfavorable outcomes in hospitalized COVID-19 patients
0xcxvdf3,n972h79r,-0.07774145,An EUA for Casirivimab and Imdevimab for COVID-19,Beyond longevity: healthy longevity
jieladk0,mxpdmrfu,-0.077708304,Animal Studies,Digitalisierung - jetzt
3d56os6r,47i8khrm,-0.07764663,hpO: Berufsvereinigung für heilkundlich praktizierte Osteopathie e. V.,Decision-making in home care package spending
mxpdmrfu,idasj7gj,-0.07757425,Digitalisierung - jetzt,Predictors of Nursing Home Covid-19 Cases: a Community Vulnerability Approach
7rjjhd66,gsonpunw,-0.07756775,Signals of Cardiovascular Issues with COVID19 Vaccines in VAERS,Campylobacteriose — eine zoonotische Infektionskrankheit
3d56os6r,kop4f0p4,-0.0775545,hpO: Berufsvereinigung für heilkundlich praktizierte Osteopathie e. V.,Not taking anything for granted
jkw7y91f,zu4tikpu,-0.07751767,Updates,Exkursion in eine postagile Zukunft
mxpdmrfu,c80tds6g,-0.07744388,Digitalisierung - jetzt,"Primary Health Professionals’ Beliefs, Experiences, and Willingness to Treat Minor-Attracted Persons"
z4blmcd0,4eu27jsj,-0.0774312,COVID-19 and VIH,Looking Ahead…
mxpdmrfu,jabqr96l,-0.077365175,Digitalisierung - jetzt,Rivers in Metropolitan Areas: Gateways to Sustainability
avzexn4b,mxpdmrfu,-0.07735925,"Public knowledge, attitudes and practices towards COVID-19",Digitalisierung - jetzt
mdd60ic7,tnmk3zpf,-0.077357925,Acknowledgement to Referees,CAPNETZ fokussiert auf COVID-19
nfzoanb9,tnmk3zpf,-0.077357925,Acknowledgement to Referees,CAPNETZ fokussiert auf COVID-19
qgrecd29,tnmk3zpf,-0.077357925,Acknowledgement to Referees,CAPNETZ fokussiert auf COVID-19
3d56os6r,4t5wx8yx,-0.07727767,hpO: Berufsvereinigung für heilkundlich praktizierte Osteopathie e. V.,One year on: Lessons from COVID-19
mxpdmrfu,6kgxpcwc,-0.07724754,Digitalisierung - jetzt,Areas of academic research with the impact of COVID-19
mxpdmrfu,2k76fzwb,-0.07722397,Digitalisierung - jetzt,Editorial: contributions of professional nursing organizations.
mxpdmrfu,0wugc3gp,-0.077181734,Digitalisierung - jetzt,"Outcomes for patients with COVID-19: known knowns, known unknowns, and unknown unknowns"
rkzai22p,gsonpunw,-0.076968096,Reflections,Campylobacteriose — eine zoonotische Infektionskrankheit
gsonpunw,6hujjh05,-0.076968096,Campylobacteriose — eine zoonotische Infektionskrankheit,Reflections on 2020
mxpdmrfu,yx1brzgr,-0.07696576,Digitalisierung - jetzt,γ‐Glutamyltransferase Elevations Are Frequent in Patients With COVID‐19: A Clinical Epidemiologic Study
3d56os6r,kmq3uelm,-0.0769637,hpO: Berufsvereinigung für heilkundlich praktizierte Osteopathie e. V.,Lessons for teaching from the pandemic.
0xcxvdf3,z12elw9p,-0.07695198,An EUA for Casirivimab and Imdevimab for COVID-19,Working together for a better future.
mxpdmrfu,onghrm7y,-0.076933324,Digitalisierung - jetzt,CROCODILIANS
0xcxvdf3,djkgpsth,-0.076901495,An EUA for Casirivimab and Imdevimab for COVID-19,Thank You for Your Flexibility During These Unprecedented Times
mxpdmrfu,7zm4vt2s,-0.07687567,Digitalisierung - jetzt,Nurse Practitioners and Public Health
34vjj0nf,gsonpunw,-0.07671809,"Nurses as heroes, warriors and political activists",Campylobacteriose — eine zoonotische Infektionskrankheit
mxpdmrfu,ucwqanz8,-0.07670499,Digitalisierung - jetzt,The productivity commission report on mental health: Recommendations with negative consequences for clinical care in public and private sectors.
gsonpunw,thiz05kg,-0.076662324,Campylobacteriose — eine zoonotische Infektionskrankheit,Vaccination Uncertainties and COVID-19 Prospects in 2021
3d56os6r,ajbdqvho,-0.07659175,hpO: Berufsvereinigung für heilkundlich praktizierte Osteopathie e. V.,Capacity and decision making
agrj7vff,0xcxvdf3,-0.07659075,Managing patient expectations,An EUA for Casirivimab and Imdevimab for COVID-19
1ra2px67,gsonpunw,-0.07657968,Three Hypotheses About Children COVID19.,Campylobacteriose — eine zoonotische Infektionskrankheit
gsonpunw,fw39tmjp,-0.07657968,Campylobacteriose — eine zoonotische Infektionskrankheit,Three Hypotheses About Children COVID19
omm5akkj,3d56os6r,-0.07644534,Earning opportunities and informal payment as influencing factors in medical students’ speciality choice,hpO: Berufsvereinigung für heilkundlich praktizierte Osteopathie e. V.
4m0v3mhl,mxpdmrfu,-0.0764426,The Outcome of COVID‐19 in Patients with Hematological Malignancy,Digitalisierung - jetzt
mxpdmrfu,lo8ot5h9,-0.076414846,Digitalisierung - jetzt,Independent and competing disease risks: implications for host populations in variable environments.
mxpdmrfu,4lnkmqb1,-0.07639832,Digitalisierung - jetzt,Tumor Treating Fields in the Management of Patients with Malignant Gliomas
wu95zatr,mxpdmrfu,-0.07638012,Rehabilitation of COVID-19 patients.,Digitalisierung - jetzt
5iqu5iiz,mxpdmrfu,-0.07632786,Secondary bacterial infections in patients with covid-19,Digitalisierung - jetzt
lapwazip,gsonpunw,-0.07629889,[COVID-19 and the kidneys-Clinical aspects],Campylobacteriose — eine zoonotische Infektionskrankheit
dnddj05g,0xcxvdf3,-0.07626775,"Positive capabilities, resilience, and the future",An EUA for Casirivimab and Imdevimab for COVID-19
5t0hghyg,0xcxvdf3,-0.07626081,Starting the Third Decade: Reaching Further and Deeper,An EUA for Casirivimab and Imdevimab for COVID-19
tnmk3zpf,211g3qk3,-0.0762412,CAPNETZ fokussiert auf COVID-19,Conflicts of Interest
99dmwcsp,0xcxvdf3,-0.076224476,"Transfusion in critical care: Past, present and future.",An EUA for Casirivimab and Imdevimab for COVID-19
i6vetquk,zu4tikpu,-0.07620107,The pathogens,Exkursion in eine postagile Zukunft
0xcxvdf3,52u9mspe,-0.07614282,An EUA for Casirivimab and Imdevimab for COVID-19,Connecting during a paradoxical time
p0r3vtuj,mxpdmrfu,-0.07609153,Establishment of Diagnostic Protocols for COVID-19 Patients,Digitalisierung - jetzt
mxpdmrfu,fow6u7uj,-0.07606672,Digitalisierung - jetzt,Evaluation of lymphocyte subtypes in COVID-19 patients
aznwq3oc,gsonpunw,-0.07604808,Sociodemographic Factors Associated with Academic Goals in University Students in times of the Covid-19 Pandemic,Campylobacteriose — eine zoonotische Infektionskrankheit
3d56os6r,6vyyfvhe,-0.07603077,hpO: Berufsvereinigung für heilkundlich praktizierte Osteopathie e. V.,Exercise in the time of COVID-19
mxpdmrfu,1tb2tkis,-0.075988255,Digitalisierung - jetzt,"Expectations, Fears and Perceptions of doctors during Covid-19 Pandemic"
mxpdmrfu,4dxi73sn,-0.07598091,Digitalisierung - jetzt,Population dynamics of pathogens with multiple host species.
mxpdmrfu,1kdh0db8,-0.07597116,Digitalisierung - jetzt,COVID-19 Clinical Research
wurxyesb,0xcxvdf3,-0.075951844,Changing the Conspiracy Mindset,An EUA for Casirivimab and Imdevimab for COVID-19
kgfl22df,3d56os6r,-0.07592759,Predicting covid-19 outcomes,hpO: Berufsvereinigung für heilkundlich praktizierte Osteopathie e. V.
mxpdmrfu,sn4qbjo9,-0.07591398,Digitalisierung - jetzt,Factors associated with nursing workload in three intensive care units.
mxpdmrfu,ecd2zzda,-0.0758736,Digitalisierung - jetzt,A Study on Otorhinolaryngological Presentations in Covid 19 Patients in a Tertiary Health Care Center
mxpdmrfu,pebt5r38,-0.07585623,Digitalisierung - jetzt,Children's Covid-19 Literature
wpno20bo,gsonpunw,-0.075769596,Immigrants and Immunizations,Campylobacteriose — eine zoonotische Infektionskrankheit
wllbr22n,mxpdmrfu,-0.07565861,Perspectives of primary care physicians on acceptance and barriers to COVID-19 vaccination,Digitalisierung - jetzt
mxpdmrfu,hjs52bqv,-0.07553655,Digitalisierung - jetzt,"Direct Comparison of Clinical Characteristics, Outcomes, and Risk Prediction in Patients with COVID-19 and Controls—A Prospective Cohort Study"
0sqbn18v,0xcxvdf3,-0.07548974,Toward establishing telepsychology guideline. Turning the challenges of COVID-19 into opportunity,An EUA for Casirivimab and Imdevimab for COVID-19
mxpdmrfu,mqdgbriy,-0.075462,Digitalisierung - jetzt,Influencing Factors of Understanding COVID-19 Risks and Coping Behaviors among the Elderly Population
kgfl22df,0xcxvdf3,-0.075424254,Predicting covid-19 outcomes,An EUA for Casirivimab and Imdevimab for COVID-19
3d56os6r,q37ao2y7,-0.07540479,hpO: Berufsvereinigung für heilkundlich praktizierte Osteopathie e. V.,"Evidence does not make decisions, people do."
6spnk4sj,mxpdmrfu,-0.07537085,Acknowledgment to reviewers—2020,Digitalisierung - jetzt
jjdvtfy1,n6vljy5l,-0.07534292,Wieloukładowy zespół zapalny u dzieci a COVID-19,Industry Updates
dysglqwp,mxpdmrfu,-0.07530372,"Ecosystem Services in the Nemunas Delta: Differences in Perceptions of Farmers, Birdwatchers and Scientists",Digitalisierung - jetzt
mxpdmrfu,hfnlp6qv,-0.07530363,Digitalisierung - jetzt,COVID-19 among nursing staff: Settings and regional differences
t5fjii32,zu4tikpu,-0.07524962,The kaiwhakahaere comments.,Exkursion in eine postagile Zukunft
3ir09zfm,mxpdmrfu,-0.07514564,Community Health and Public Health Nurses: Case Study in Times of COVID-19,Digitalisierung - jetzt
mdd60ic7,3d56os6r,-0.07513342,Acknowledgement to Referees,hpO: Berufsvereinigung für heilkundlich praktizierte Osteopathie e. V.
nfzoanb9,3d56os6r,-0.07513342,Acknowledgement to Referees,hpO: Berufsvereinigung für heilkundlich praktizierte Osteopathie e. V.
3d56os6r,qgrecd29,-0.07513342,hpO: Berufsvereinigung für heilkundlich praktizierte Osteopathie e. V.,Acknowledgement to Referees
25lfv90h,mxpdmrfu,-0.0750655,Annals for Hospitalists - May 2021,Digitalisierung - jetzt
mxpdmrfu,u3j5fwhd,-0.075062156,Digitalisierung - jetzt,Factors Predicting Willingness to Share COVID-19 Misinformation
ft15w83r,mxpdmrfu,-0.074974015,"COVID-19: Knowns, Unknowns, and Questions",Digitalisierung - jetzt
zu4tikpu,5h5vvxmt,-0.07494839,Exkursion in eine postagile Zukunft,WILDLIFE
wg1wjr1s,zu4tikpu,-0.07492022,Clinical features of 17 patients with 2019-nCoV.,Exkursion in eine postagile Zukunft
mxpdmrfu,g0aq4uyu,-0.07491939,Digitalisierung - jetzt,[Protection suggestions on medical staff in obstetrics and gynecology in COVID-19-designated hospitals].
mxpdmrfu,6m2l5jif,-0.07491019,Digitalisierung - jetzt,The Consequences of COVID-19 and Other Disasters for Wildlife and Biodiversity
hgds5lha,mxpdmrfu,-0.07490379,Perturbations of Private and Public under COVID-19,Digitalisierung - jetzt
mxpdmrfu,oq4tmq70,-0.07488708,Digitalisierung - jetzt,Disease Course and Outcomes of COVID-19 Among Hospitalized Patients with Gastrointestinal Manifestations
7x5xbftp,3d56os6r,-0.07487669,Making Choices from the Choices we have: The Contextual-Embeddedness of Occupational Choice.,hpO: Berufsvereinigung für heilkundlich praktizierte Osteopathie e. V.
n4zwvxow,mxpdmrfu,-0.0748504,Behavior of Single Cats and Groups in the Home,Digitalisierung - jetzt
3d56os6r,w2cim0u0,-0.074839585,hpO: Berufsvereinigung für heilkundlich praktizierte Osteopathie e. V.,The Dangers of Ignoring History Lessons During a Pandemic
sp7z568k,0xcxvdf3,-0.07475768,Treatment of Critical COVID-19 Patients,An EUA for Casirivimab and Imdevimab for COVID-19
mxpdmrfu,v6jo3yy2,-0.07474652,Digitalisierung - jetzt,[Dermatological manifestations of COVID-19]
3d56os6r,4gzp3qjb,-0.07472884,hpO: Berufsvereinigung für heilkundlich praktizierte Osteopathie e. V.,COVID-19 Vaccine Decisions: Considering the Choices and Opportunities
s9bgr6mt,gsonpunw,-0.07471069,Scooting injuries . . . and other stories,Campylobacteriose — eine zoonotische Infektionskrankheit
jjdvtfy1,2fc95r13,-0.07469462,Wieloukładowy zespół zapalny u dzieci a COVID-19,Debunking Rumors in Networks
lapwazip,tnmk3zpf,-0.07464744,[COVID-19 and the kidneys-Clinical aspects],CAPNETZ fokussiert auf COVID-19
vssfwufi,ojco4fjv,-0.07460698,COVID-19 and Inequalities,Pflegepolitik in 5 Minuten
vssfwufi,sz8abu0j,-0.07460698,COVID-19 and Inequalities,Pflegepolitik in 5 Minuten
mdd60ic7,e4crbz0c,-0.07453164,Acknowledgement to Referees,Räumliche Ausbreitung von COVID-19 durch interregionale Verflechtungen
nfzoanb9,e4crbz0c,-0.07453164,Acknowledgement to Referees,Räumliche Ausbreitung von COVID-19 durch interregionale Verflechtungen
qgrecd29,e4crbz0c,-0.07453164,Acknowledgement to Referees,Räumliche Ausbreitung von COVID-19 durch interregionale Verflechtungen
zu4tikpu,z6pchusp,-0.074456684,Exkursion in eine postagile Zukunft,Clinical features of covid-19 in children
gsonpunw,tbh2fwk5,-0.074441575,Campylobacteriose — eine zoonotische Infektionskrankheit,Secondary Transmission of COVID-19 in K-12 Schools: Findings From Two States
uej7d5zf,mdd60ic7,-0.07441853,Molekulare Identifikation von Hantaviren in neuen Wirten,Acknowledgement to Referees
uej7d5zf,nfzoanb9,-0.07441853,Molekulare Identifikation von Hantaviren in neuen Wirten,Acknowledgement to Referees
uej7d5zf,qgrecd29,-0.07441853,Molekulare Identifikation von Hantaviren in neuen Wirten,Acknowledgement to Referees
3d56os6r,gvn8vq4n,-0.07441786,hpO: Berufsvereinigung für heilkundlich praktizierte Osteopathie e. V.,"Alone, the hardest part"
mxpdmrfu,m67ijvfg,-0.07439887,Digitalisierung - jetzt,Risk Factors of Eye Complications in Patients Treated in the Intensive Care Unit
fznaywue,0xcxvdf3,-0.07439385,Race and ethnicity do not impact eligibility for remdesivir: A single-center experience,An EUA for Casirivimab and Imdevimab for COVID-19
6aer251g,mxpdmrfu,-0.074381635,Social Determinants of Health and COVID-19 Behaviors and Beliefs Toward Immunizations Among Latinxs.,Digitalisierung - jetzt
osa3ylkl,mxpdmrfu,-0.07434534,Hospital at home for the management of COVID-19: preliminary experience with 63 patients,Digitalisierung - jetzt
mszt9m3s,mxpdmrfu,-0.07429337,Patients' Perceptions of Residents Involved in Their Care in a Community General Surgery Practice.,Digitalisierung - jetzt
gsonpunw,211g3qk3,-0.07428578,Campylobacteriose — eine zoonotische Infektionskrankheit,Conflicts of Interest
3d56os6r,xq97bsbe,-0.07425408,hpO: Berufsvereinigung für heilkundlich praktizierte Osteopathie e. V.,Sharing expertise could have saved lives.
b9fxrt0z,mxpdmrfu,-0.07423906,COVID-19 in patients with diabetes: risk factors that increase morbidity,Digitalisierung - jetzt
at8k2ylw,0xcxvdf3,-0.074193195,Neuroradiological features in COVID-19 patients: First evidence in a complex scenario,An EUA for Casirivimab and Imdevimab for COVID-19
mxpdmrfu,sf2cenz1,-0.07418197,Digitalisierung - jetzt,THYROTOXICOSIS IN PATIENTS WITH COVID-19: THE THYRCOV STUDY.
mixqc3ig,mxpdmrfu,-0.074145466,For the patient: COVID-19 vaccines and the public challenges and solutions.,Digitalisierung - jetzt
mxpdmrfu,kktmkvwl,-0.074145466,Digitalisierung - jetzt,For the patient: COVID-19 vaccines and the public challenges and solutions
p978n4hu,mxpdmrfu,-0.07412526,Experiences of interaction between teenage mothers and visiting nurses: a phenomenological study.,Digitalisierung - jetzt
3d56os6r,wnwijfbl,-0.07412435,hpO: Berufsvereinigung für heilkundlich praktizierte Osteopathie e. V.,Are patients forgetting the basics?
3d56os6r,m6kgt9p3,-0.07412317,hpO: Berufsvereinigung für heilkundlich praktizierte Osteopathie e. V.,COVID-19: which lessons have we learned?
v6dqkhek,mxpdmrfu,-0.07408018,"Examining associations between COVID-19 stressors, intimate partner violence, health, and health behaviors",Digitalisierung - jetzt
fntsjjke,mxpdmrfu,-0.07407069,Predictors of mortality in hospitalized patients with COVID-19-related illness,Digitalisierung - jetzt
mxpdmrfu,tslft2qn,-0.07406266,Digitalisierung - jetzt,Training Clinicians to Care for Patients Where They Are.
mxpdmrfu,nymzuler,-0.07403292,Digitalisierung - jetzt,Mapping research topics at multiple levels of detail
mxpdmrfu,n4e99n79,-0.074009635,Digitalisierung - jetzt,EXPERIENCE AND SATISFACTION OF TELEPSYCHIATRY CONSULTATIONS AMONG PATIENTS AND CLINICIANS
0xcxvdf3,4zwsrep6,-0.07399557,An EUA for Casirivimab and Imdevimab for COVID-19,The right care at the right place with the right specialist
0xcxvdf3,gtppkifl,-0.07398577,An EUA for Casirivimab and Imdevimab for COVID-19,The Way Forward With COVID: Better Than Before
mxpdmrfu,wdw2pj9g,-0.07397661,Digitalisierung - jetzt,CEACAM1 recognition by bacterial pathogens is species-specific
mxpdmrfu,1ri9ir56,-0.07397466,Digitalisierung - jetzt,Engaging stakeholders in pharmacoepidemiology research: Current state and recommendations.
tspegq76,6jflw4hc,-0.07394764,Koalition bringt E-Patientenakte Richtung Versorgung,Correspondence
8ow3agh0,mxpdmrfu,-0.07390967,Concerns of Family Caregivers during COVID-19: The Concerns of Caregivers and the Surprising Silver Linings,Digitalisierung - jetzt
zu4tikpu,tbh2fwk5,-0.073852964,Exkursion in eine postagile Zukunft,Secondary Transmission of COVID-19 in K-12 Schools: Findings From Two States
gsonpunw,qhwqfb5k,-0.0738179,Campylobacteriose — eine zoonotische Infektionskrankheit,IOTECH in times of COVID-19
mxpdmrfu,0pw1egzk,-0.07378826,Digitalisierung - jetzt,Clinical findings in a patient with haemophilia A affected by COVID-19
0xcxvdf3,oadp0wnr,-0.07374953,An EUA for Casirivimab and Imdevimab for COVID-19,COVID-19 makes clear why deinstitutionalization is essential
v92r2c2r,0xcxvdf3,-0.07374952,COVID‐19 makes clear why deinstitutionalization is essential,An EUA for Casirivimab and Imdevimab for COVID-19
3d56os6r,lnnacmzd,-0.07372801,hpO: Berufsvereinigung für heilkundlich praktizierte Osteopathie e. V.,Difficult editorial decisions
m1qdtp1y,jjdvtfy1,-0.073727496,Keeping current on patient safety.,Wieloukładowy zespół zapalny u dzieci a COVID-19
4jvg5emr,5iqpl23p,-0.07370842,"July 6–12, 2013",Rhinoviruses
2cb4gs52,5iqpl23p,-0.07370842,"July 13–19, 2013",Rhinoviruses
gsonpunw,5jrfkpdb,-0.07368152,Campylobacteriose — eine zoonotische Infektionskrankheit,COVID-19 vaccines for patients with haematological conditions
0xcxvdf3,qernuddb,-0.07362541,An EUA for Casirivimab and Imdevimab for COVID-19,Methods lead the way
0xcxvdf3,3ihbztot,-0.073495604,An EUA for Casirivimab and Imdevimab for COVID-19,The Challenge of Coming to Terms With Evolving Priorities
48j8xqwa,3d56os6r,-0.07349123,COVID-19 Pandemic and Physical Exercise: Lessons Learnt for Confined Communities,hpO: Berufsvereinigung für heilkundlich praktizierte Osteopathie e. V.
mxpdmrfu,tiryd91r,-0.073477685,Digitalisierung - jetzt,Intention of COVID‐19 vaccination among psoriatic patients compared to immunosuppressed patients with other skin diseases and factors influencing their decision
3d56os6r,3iybodlj,-0.073470585,hpO: Berufsvereinigung für heilkundlich praktizierte Osteopathie e. V.,"Four pandemics: Lessons learned, lessons lost"
hy8zgqje,jjdvtfy1,-0.073468864,Up Front,Wieloukładowy zespół zapalny u dzieci a COVID-19
h68glk21,hcjpj03p,-0.07346032,Neurological aspects of COVID-19,Leitlinien zu COVID-19
h68glk21,ioveubcb,-0.07346032,Neurological aspects of COVID-19,Darmkrebsvorsorge zu COVID‑19‑Zeiten
h68glk21,9sk9n0f9,-0.07346032,Neurological aspects of COVID-19,"Anmerkung zu BVerfG, Beschl. v. 16.12.2021 – 1 BvR 1541/20"
mxpdmrfu,reg2jz1a,-0.07342899,Digitalisierung - jetzt,Trends in Covid-19 hospital mortality in women and men
3d56os6r,ymdq6dcw,-0.0733787,hpO: Berufsvereinigung für heilkundlich praktizierte Osteopathie e. V.,COVID-19 Fundamentals
p0yrd4cf,0xcxvdf3,-0.07335761,A way of developing collaboration between universities and businesses in a time of COVID-19,An EUA for Casirivimab and Imdevimab for COVID-19
70ikknhe,zu4tikpu,-0.07332652,Guest Editors,Exkursion in eine postagile Zukunft
ym5z5ob6,zu4tikpu,-0.07330207,ASTCT Notes,Exkursion in eine postagile Zukunft
ihlgj8ez,3d56os6r,-0.07326222,Lessons learned responding to the COVID-19 pandemic,hpO: Berufsvereinigung für heilkundlich praktizierte Osteopathie e. V.
mxpdmrfu,shylhrrc,-0.07326142,Digitalisierung - jetzt,Sociodemographic Differences and Factors Affecting Patient Portal Utilization.
4qtk5r7u,mxpdmrfu,-0.073241785,"Comparison of anxiety levels of hospitalized COVID-19 patients, individuals under quarantine, and individuals in society",Digitalisierung - jetzt
uxqvh94x,0xcxvdf3,-0.07320428,Cascading Expert Failure,An EUA for Casirivimab and Imdevimab for COVID-19
mxpdmrfu,zzf4l9v1,-0.07317858,Digitalisierung - jetzt,Secondary Traumatization Outcomes and Associated Factors Among the Health Care Workers Exposed to the COVID-19
mxpdmrfu,fldjs6bn,-0.07316132,Digitalisierung - jetzt,Incidence of Accommodations for Patients With Significant Vision Limitations in Physicians' Offices in the US.
ufpztqgp,0xcxvdf3,-0.07315758,Helping ambivalent patients make healthy decisions about COVID-19,An EUA for Casirivimab and Imdevimab for COVID-19
zq16s9ud,3d56os6r,-0.07312776,What COVID-19 has taught us: lessons from around the globe,hpO: Berufsvereinigung für heilkundlich praktizierte Osteopathie e. V.
gsonpunw,74rscxhf,-0.07305904,Campylobacteriose — eine zoonotische Infektionskrankheit,COVID-19 in Patients with Hematologic Malignancies: Outcomes and Options for Treatments
mxpdmrfu,kmm09way,-0.07304249,Digitalisierung - jetzt,Challenges faced by doctors and nurses in wound care management during the COVID-19 pandemic in Turkey and their views on telehealth
2k8jl5qw,mxpdmrfu,-0.073039755,The Political Determinants of Health.,Digitalisierung - jetzt
3d56os6r,bjvoifdl,-0.07303906,hpO: Berufsvereinigung für heilkundlich praktizierte Osteopathie e. V.,Challenges and impact of COVID-19 on teledermatology practice in providing continued care to patients in a time of disarray
mxpdmrfu,yys5zd9z,-0.07300101,Digitalisierung - jetzt,From asymptomatic to critical illness different clinical manifestations of COVID-19 in Children.
mxpdmrfu,6kri4b30,-0.07299858,Digitalisierung - jetzt,Patient Trajectories Among Persons Hospitalized for COVID-19 : A Cohort Study
gsonpunw,ygfxky4u,-0.0729667,Campylobacteriose — eine zoonotische Infektionskrankheit,"COVID‐19, children and schools: overlooked and at risk"
mxpdmrfu,m05u306s,-0.07287657,Digitalisierung - jetzt,Infection Prevention and Control Practices in the Home Environment: Examining Enablers and Barriers to Adherence among Home Health Care Nurses.
vwmoomck,mxpdmrfu,-0.07285637,Psychosocial factors and hospitalisations for COVID-19: Prospective cohort study of the general population,Digitalisierung - jetzt
mdd60ic7,e69c9wyw,-0.07283185,Acknowledgement to Referees,Nutzen von Erfahrungswissen in Krisen. Zur These einer vermehrten Bezugnahme auf Geschichte in Krisenzeiten
nfzoanb9,e69c9wyw,-0.07283185,Acknowledgement to Referees,Nutzen von Erfahrungswissen in Krisen. Zur These einer vermehrten Bezugnahme auf Geschichte in Krisenzeiten
qgrecd29,e69c9wyw,-0.07283185,Acknowledgement to Referees,Nutzen von Erfahrungswissen in Krisen. Zur These einer vermehrten Bezugnahme auf Geschichte in Krisenzeiten
tphvuc3i,mxpdmrfu,-0.07278213,Evaluation of COVID-19 treatment outcomes in a military hospital and its comparison with a nonmilitary hospital,Digitalisierung - jetzt
mxpdmrfu,jsda2v4y,-0.07273793,Digitalisierung - jetzt,Lessons from the field on COVID-19: a public health point of view
mxpdmrfu,vpbmxk1i,-0.07271301,Digitalisierung - jetzt,Journal Highlights
0xcxvdf3,mhocbzwb,-0.07268644,An EUA for Casirivimab and Imdevimab for COVID-19,COVID-19 puts the Sustainable Development Goals center stage.
mxpdmrfu,o96ermpw,-0.07268346,Digitalisierung - jetzt,Understanding COVID-19: are children the key?
4hmfd1ze,mxpdmrfu,-0.07268192,Clinical Presentation of COVID19 in Dementia Patients,Digitalisierung - jetzt
mdd60ic7,3t57next,-0.07268145,Acknowledgement to Referees,Allokation knapper medizinischer Ressourcen auf COVID-19-PatientInnen. Ergebnisse einer Vignettenstudie
nfzoanb9,3t57next,-0.07268145,Acknowledgement to Referees,Allokation knapper medizinischer Ressourcen auf COVID-19-PatientInnen. Ergebnisse einer Vignettenstudie
qgrecd29,3t57next,-0.07268145,Acknowledgement to Referees,Allokation knapper medizinischer Ressourcen auf COVID-19-PatientInnen. Ergebnisse einer Vignettenstudie
mxpdmrfu,it0yy25c,-0.07264707,Digitalisierung - jetzt,"Association between overcrowded households, multigenerational households, and COVID-19: a cohort study"
mxpdmrfu,1isy3uvd,-0.072617635,Digitalisierung - jetzt,Telehealth in Neurodegenerative Diseases: Opportunities and Challenges for Patients and Physicians
3d56os6r,qx4mv8qc,-0.07261052,hpO: Berufsvereinigung für heilkundlich praktizierte Osteopathie e. V.,Future of Education or Present Reality?
gsonpunw,484f1hc2,-0.072590545,Campylobacteriose — eine zoonotische Infektionskrankheit,E-Learning during COVID-19: perspectives and experiences of the faculty and students
hcjpj03p,87me64wa,-0.072576724,Leitlinien zu COVID-19,Epidemiological and Clinical Predictors of COVID-19
87me64wa,ioveubcb,-0.072576724,Epidemiological and Clinical Predictors of COVID-19,Darmkrebsvorsorge zu COVID‑19‑Zeiten
9sk9n0f9,87me64wa,-0.072576724,"Anmerkung zu BVerfG, Beschl. v. 16.12.2021 – 1 BvR 1541/20",Epidemiological and Clinical Predictors of COVID-19
3flcpeh1,3d56os6r,-0.07257403,Disability in the Time of COVID,hpO: Berufsvereinigung für heilkundlich praktizierte Osteopathie e. V.
0xcxvdf3,07bho4nv,-0.072571054,An EUA for Casirivimab and Imdevimab for COVID-19,KRCP’s past and future path
3d56os6r,h6x4ts0z,-0.07244478,hpO: Berufsvereinigung für heilkundlich praktizierte Osteopathie e. V.,The Covid-19 Pandemic lessons for our future
mxpdmrfu,gltlynjf,-0.07243525,Digitalisierung - jetzt,1584P Prevalence and risk factors of COVID-19 in cancer patients: A prospective monocentric study
3d56os6r,nu6q6vdi,-0.07242688,hpO: Berufsvereinigung für heilkundlich praktizierte Osteopathie e. V.,"Consolidating the Past, Moving Towards the Future"
3d56os6r,8szwmbtj,-0.07241913,hpO: Berufsvereinigung für heilkundlich praktizierte Osteopathie e. V.,The accidental experiential course: Teaching a psychology of disaster course during the COVID-19 pandemic
0xcxvdf3,066n79kk,-0.07238396,An EUA for Casirivimab and Imdevimab for COVID-19,Scientists in a time of COVID-19
gsonpunw,uq7llvm8,-0.0723827,Campylobacteriose — eine zoonotische Infektionskrankheit,Editors’ page
b965x25b,gsonpunw,-0.07235978,Faces of Risk and Resilience: Fathers and Their Families,Campylobacteriose — eine zoonotische Infektionskrankheit
phe17z68,mxpdmrfu,-0.07233825,Chemokines and Their Receptors: Roles in Specific Clinical Conditions and Measurement in the Clinical Laboratory,Digitalisierung - jetzt
ja8ile0i,0xcxvdf3,-0.0722993,Will COVID-19 Derail the Progress Towards SDGs?,An EUA for Casirivimab and Imdevimab for COVID-19
dtbwy72c,nno1jdc4,-0.07227966,Calling All Rheumatologists!,Multiorganinfektionen — komplexe klinisch-infektiologische Krankheiten
x88j7i2k,tnmk3zpf,-0.07227213,Key Contributions in Clinical Research Informatics,CAPNETZ fokussiert auf COVID-19
v74hxqfg,3d56os6r,-0.07225526,On Planning for an Unimaginable Future.,hpO: Berufsvereinigung für heilkundlich praktizierte Osteopathie e. V.
mxpdmrfu,m3vwcoby,-0.07225136,Digitalisierung - jetzt,Barriers to telehealth: The patient perspective
523h6t3w,jjdvtfy1,-0.07212645,The industry perspective on COVID-19,Wieloukładowy zespół zapalny u dzieci a COVID-19
mxpdmrfu,kg8zwysg,-0.072109126,Digitalisierung - jetzt,Duties toward Patients with Psychiatric Illness
mxpdmrfu,c17i0br0,-0.072080806,Digitalisierung - jetzt,Risk Factors for Outbreaks of COVID-19 in Care Homes Following Hospital Discharge: A National Cohort Analysis (preprint)
3d56os6r,gj34ygr8,-0.071982935,hpO: Berufsvereinigung für heilkundlich praktizierte Osteopathie e. V.,Reflecting on the past year and looking to the future
j960u3y6,3d56os6r,-0.071967274,The Role of Psychologists in Healthcare During the COVID-19 Pandemic Lessons Learned and Recommendations for the Future,hpO: Berufsvereinigung für heilkundlich praktizierte Osteopathie e. V.
ayqz39eo,mxpdmrfu,-0.071965106,Intersectional Disparities Among Hispanic Groups in COVID-19 Outcomes,Digitalisierung - jetzt
0xcxvdf3,msphh3tv,-0.07190365,An EUA for Casirivimab and Imdevimab for COVID-19,Achieving Sustainable Development Goals Through Digital Infrastructure for Intelligent Connectivity
57sf26y0,mxpdmrfu,-0.07190127,"Knowledge and attitudes towards COVID-19 vaccines among university students, faculty members and staffs",Digitalisierung - jetzt
3d56os6r,1xoxwmrj,-0.0718819,hpO: Berufsvereinigung für heilkundlich praktizierte Osteopathie e. V.,"Reproductive Autonomy Is Nonnegotiable, Even in the Time of COVID-19."
mxpdmrfu,dl01tfe3,-0.07178196,Digitalisierung - jetzt,The COVID-19 pandemic in rural and remote areas: the view of family and community physicians on primary healthcare
0xcxvdf3,987zrkmq,-0.07175704,An EUA for Casirivimab and Imdevimab for COVID-19,Expanding educational opportunities virtually in the time of COVID-19
5874hy45,0xcxvdf3,-0.07175615,COVID-19 Control: Disrupting Doctor-Patient Relationships,An EUA for Casirivimab and Imdevimab for COVID-19
fas6w8hi,0xcxvdf3,-0.07172369,Introduction: the Critical Connection Between COVID-19 and Employment,An EUA for Casirivimab and Imdevimab for COVID-19
mxpdmrfu,bflha5xy,-0.07167342,Digitalisierung - jetzt,Considerations for Restaurants and Bars
2dl3qtqa,mxpdmrfu,-0.07167173,Towards Societies Living with COVID-19,Digitalisierung - jetzt
kix5c72d,3d56os6r,-0.071665436,Tackling covid-19: are the costs worth the benefits?,hpO: Berufsvereinigung für heilkundlich praktizierte Osteopathie e. V.
3d56os6r,u7e1luq2,-0.07162071,hpO: Berufsvereinigung für heilkundlich praktizierte Osteopathie e. V.,Teaching COVID-19's Impact on Businesses
mxpdmrfu,svka0z31,-0.07157228,Digitalisierung - jetzt,The Experiences of Intensive Care Nurses in Advocacy of COVID-19 Patients
24i32v1d,mxpdmrfu,-0.071505725,Identification of risk factors for mortality associated with COVID-19,Digitalisierung - jetzt
mxpdmrfu,4s41rbsd,-0.071503654,Digitalisierung - jetzt,Nonuremic calciphylaxis in a COVID-19 patient
4o4s9eb7,gsonpunw,-0.0714893,COVID-19 vaccines and women's security,Campylobacteriose — eine zoonotische Infektionskrankheit
mxpdmrfu,thiz05kg,-0.071483485,Digitalisierung - jetzt,Vaccination Uncertainties and COVID-19 Prospects in 2021
0xcxvdf3,c5j0d5gx,-0.07145402,An EUA for Casirivimab and Imdevimab for COVID-19,A study on time management and behavior of youngsters
mherdb4v,95u2vws4,-0.07134671,Lessons for and from COVID‐19 for investors and their advisors,Wir haben eine Impfung!
5g2y68i2,mxpdmrfu,-0.07131731,Small-volume point-of-care analytical methods,Digitalisierung - jetzt
kcw5wyz4,mxpdmrfu,-0.071311936,"Attitudes of patients, visitors and healthcare workers at a tertiary hospital towards influenza A (H1N1) response measures.",Digitalisierung - jetzt
gsonpunw,s27s4umt,-0.07131157,Campylobacteriose — eine zoonotische Infektionskrankheit,Profiles of US Hispanics Unvaccinated for COVID-19
578j8fsa,mxpdmrfu,-0.07130594,Lifestyle factors in the prevention of COVID-19,Digitalisierung - jetzt
mxpdmrfu,o8b1dx3b,-0.07129401,Digitalisierung - jetzt,COVID-19 in persons with haematological cancers
69f5tivz,gsonpunw,-0.07127192,"We Are People, Not Clusters!",Campylobacteriose — eine zoonotische Infektionskrankheit
htbxglps,mxpdmrfu,-0.07119581,Cutaneous Manifestations in Four Patients with COVID-19,Digitalisierung - jetzt
twwrbrm3,mxpdmrfu,-0.07118926,Perceptions about the actions of public schools during the pandemic,Digitalisierung - jetzt
gsonpunw,yfohw4zn,-0.07118472,Campylobacteriose — eine zoonotische Infektionskrankheit,COVID-19 infections in infants
mxpdmrfu,kyvk1qta,-0.07117887,Digitalisierung - jetzt,Bacteriophage Interactions With Epithelial Cells: Therapeutic Implications
mxpdmrfu,cvuiispn,-0.07115138,Digitalisierung - jetzt,Events.
mxpdmrfu,ukxb9ktz,-0.07115138,Digitalisierung - jetzt,Events
7ant1xt1,mxpdmrfu,-0.07113691,Clinical Vignettes: Donor-Derived Infections,Digitalisierung - jetzt
1l9dxc16,jjdvtfy1,-0.071070075,Mind over matter,Wieloukładowy zespół zapalny u dzieci a COVID-19
3d56os6r,zr85c8wa,-0.071057305,hpO: Berufsvereinigung für heilkundlich praktizierte Osteopathie e. V.,COVID advances win US$3-million Breakthrough prizes
pnswyt8w,0xcxvdf3,-0.07103818,Supporting members through COVID-19,An EUA for Casirivimab and Imdevimab for COVID-19
0xcxvdf3,ruda60rn,-0.07100641,An EUA for Casirivimab and Imdevimab for COVID-19,Validating Habitual and Goal-Directed Decision-Making Performance Online in Healthy Older Adults
95u2vws4,y3hpzj0u,-0.07092512,Wir haben eine Impfung!,"Acknowledgment of Referees, 2020"
mxpdmrfu,y5jkgmih,-0.070885204,Digitalisierung - jetzt,Clinical management indicators for the cardiovascular area. A note for the debate.
mxpdmrfu,4crh67rs,-0.07085147,Digitalisierung - jetzt,Remote Wound Care
mxpdmrfu,mcbsvqtf,-0.07081776,Digitalisierung - jetzt,Households Living in Close Quarters
3d56os6r,3hd8ql6u,-0.070788436,hpO: Berufsvereinigung für heilkundlich praktizierte Osteopathie e. V.,Telecardiology during the Covid-19 pandemic: past mistakes and future hopes
xkk3ibpk,mxpdmrfu,-0.07076661,The State of Point-of-Care Ultrasound Training in Undergraduate Medical Education: Findings From a National Survey.,Digitalisierung - jetzt
8cyr7wkn,0xcxvdf3,-0.07070628,Lessons from the past.,An EUA for Casirivimab and Imdevimab for COVID-19
hiun9foa,mxpdmrfu,-0.07069544,Abstracts of the world congresses,Digitalisierung - jetzt
gsonpunw,j3jpqd7k,-0.07066903,Campylobacteriose — eine zoonotische Infektionskrankheit,Cats
qv1mhybd,0xcxvdf3,-0.0706348,Beyond Information Organization and Evaluation: How Can Information Scientists Contribute to Independent Thinking?,An EUA for Casirivimab and Imdevimab for COVID-19
gas1ir80,mxpdmrfu,-0.07062797,Maintenance: From COVID-19 to Wound Care.,Digitalisierung - jetzt
m5mrb3zf,mxpdmrfu,-0.07062604,Drawing Reproducible Conclusions from Observational Clinical Data with OHDSI,Digitalisierung - jetzt
izlpz4qn,gsonpunw,-0.07061358,Risk Factors for Mortality of COVID-19 Patients,Campylobacteriose — eine zoonotische Infektionskrankheit
0xcxvdf3,vn9kkwjg,-0.070598714,An EUA for Casirivimab and Imdevimab for COVID-19,The challenges of COVID-19 for community pharmacists and opportunities for the future
0xcxvdf3,c1n04pwv,-0.07054854,An EUA for Casirivimab and Imdevimab for COVID-19,Unsustainable: COVID-19 Demands Increased Support for Radiologists.
mxpdmrfu,q3pyiyt4,-0.070541516,Digitalisierung - jetzt,MigrationsKB: A Knowledge Base of Public Attitudes towards Migrations and their Driving Factors
3d56os6r,gbogtzfy,-0.070510514,hpO: Berufsvereinigung für heilkundlich praktizierte Osteopathie e. V.,COVID-19: opportunity to learn from necessity
mxpdmrfu,8lwnmdeq,-0.070486456,Digitalisierung - jetzt,SPECIFIC PROBLEM AREAS
nseufx86,mxpdmrfu,-0.07048043,Analysis of the primary presenting symptoms and hematological findings of COVID-19 patients in Bangladesh,Digitalisierung - jetzt
0xcxvdf3,y2vflbw3,-0.07045877,An EUA for Casirivimab and Imdevimab for COVID-19,Current understanding of developmental changes in adolescent perspective taking
b5oxymcn,mxpdmrfu,-0.07045642,[Outpatient Care of COVID-19 Patients - V.4.0/12.01.2021;provided by medix],Digitalisierung - jetzt
dhsniglo,nkgs2iv6,-0.07043443,People + Companies,Aktuelles Studienergebnis unterstreicht zurückhaltende Kommentierung
9bdiz5pz,nkgs2iv6,-0.07043443,People + Companies,Aktuelles Studienergebnis unterstreicht zurückhaltende Kommentierung
nkgs2iv6,wm7yrtrw,-0.07043443,Aktuelles Studienergebnis unterstreicht zurückhaltende Kommentierung,People + Companies
nkgs2iv6,6uvm25og,-0.07043443,Aktuelles Studienergebnis unterstreicht zurückhaltende Kommentierung,People + Companies
mdd60ic7,z3irrfu4,-0.07042712,Acknowledgement to Referees,"Räumlich getrennt, virtuell vereint"
nfzoanb9,z3irrfu4,-0.07042712,Acknowledgement to Referees,"Räumlich getrennt, virtuell vereint"
z3irrfu4,qgrecd29,-0.07042712,"Räumlich getrennt, virtuell vereint",Acknowledgement to Referees
mxpdmrfu,o90zgvur,-0.07042307,Digitalisierung - jetzt,COVID-19 and Clinical Trials: Current Challenges and Future Directions.
mxpdmrfu,4qhq9bke,-0.070412055,Digitalisierung - jetzt,Compassion-based care for COVID-19 patients: a qualitative analysis of nurses’ perceptions
0xcxvdf3,0p0o3xql,-0.07039915,An EUA for Casirivimab and Imdevimab for COVID-19,Privacy in a Time of COVID-19: How Concerned Are You?
ax0z4m5r,0xcxvdf3,-0.070387,A Time to Reflect and a Time to Move Forward,An EUA for Casirivimab and Imdevimab for COVID-19
8cluhhii,3d56os6r,-0.07037937,A shared future: chemistry's engagement is essential for resilience of people and planet,hpO: Berufsvereinigung für heilkundlich praktizierte Osteopathie e. V.
3du9hec1,mxpdmrfu,-0.07036769,Key factors in the contingency plan for COVID-19 during the Magal celebration in 2020,Digitalisierung - jetzt
gsonpunw,vab45ikc,-0.07033234,Campylobacteriose — eine zoonotische Infektionskrankheit,Errors in Figures
v0tuv69o,mxpdmrfu,-0.07029798,National Trends of Cases of COVID-19 in Children Based on US State Health Department Data,Digitalisierung - jetzt
mxpdmrfu,w1u79yzd,-0.07028134,Digitalisierung - jetzt,Rhinosinusitis: Establishing definitions for clinical research and patient care
mxpdmrfu,taylx8ax,-0.07025777,Digitalisierung - jetzt,ESICM LIVES 2020
bou1omc9,0xcxvdf3,-0.070254296,Implications of the technology race,An EUA for Casirivimab and Imdevimab for COVID-19
mxpdmrfu,bv5j577k,-0.07024953,Digitalisierung - jetzt,Comparison of the Performance of Various Scores in Predicting Mortality Among Patients Hospitalized With COVID-19
0xcxvdf3,32q0yt5r,-0.07024623,An EUA for Casirivimab and Imdevimab for COVID-19,How Has COVID-19 Impacted Older Adults and Their Needs for Services?
3d56os6r,xjub2wp9,-0.07023827,hpO: Berufsvereinigung für heilkundlich praktizierte Osteopathie e. V.,Future Prospects in Balanced Scorecard Research: Sustainability Perspective
a5wcueah,0xcxvdf3,-0.07023243,"COVID-19: Current status, Challenges and Future Perspectives",An EUA for Casirivimab and Imdevimab for COVID-19
mxpdmrfu,dqqs2hzd,-0.07018538,Digitalisierung - jetzt,Medical student perspectives on conducting patient experience debrief interviews with hospitalized children and their families.
0y2t6bbe,mxpdmrfu,-0.07016537,Systems for Monitoring Hands Hygiene of Medical Staff in Hospitals,Digitalisierung - jetzt
3d56os6r,zrs40fbp,-0.07014599,hpO: Berufsvereinigung für heilkundlich praktizierte Osteopathie e. V.,General practice after COVID-19: lessons learned.
mxpdmrfu,yvgzkt8a,-0.07012654,Digitalisierung - jetzt,"Journals, Academics, and Pandemics"
yml4k7sq,0xcxvdf3,-0.07011393,The Evolution of BioSense: Lessons Learned and Future Directions.,An EUA for Casirivimab and Imdevimab for COVID-19
m2rjsvot,0xcxvdf3,-0.07007925,Multiple Sklerose,An EUA for Casirivimab and Imdevimab for COVID-19
uej7d5zf,5h5vvxmt,-0.07007719,Molekulare Identifikation von Hantaviren in neuen Wirten,WILDLIFE
mxpdmrfu,6jlk7th7,-0.07006758,Digitalisierung - jetzt,"Public Banks, Public Purpose, and Early Actions in the Face of Covid-19"
unxptlzy,mxpdmrfu,-0.070050344,Fellows and Observers Are Not a Problem for Infection in the Operating Rooms of Teaching Centers,Digitalisierung - jetzt
tj48cd1b,6z7qj9vo,-0.070048966,Langzeitpflege in COVID-19-Zeiten: Leitfaden zur medizinischen Versorgung,HEARTS of athletes.
txr0y580,0xcxvdf3,-0.06998961,ICEER2020—Driving Energy and Environment in 2020 Towards A Sustainable Future,An EUA for Casirivimab and Imdevimab for COVID-19
bjvoifdl,0xcxvdf3,-0.06997788,Challenges and impact of COVID-19 on teledermatology practice in providing continued care to patients in a time of disarray,An EUA for Casirivimab and Imdevimab for COVID-19
3d56os6r,ejnc8ok3,-0.069974914,hpO: Berufsvereinigung für heilkundlich praktizierte Osteopathie e. V.,Moving Goal Posts
1x33r4dw,mxpdmrfu,-0.06994905,Sports: The Infectious Hazards.,Digitalisierung - jetzt
zu4tikpu,7zy1bvga,-0.069946416,Exkursion in eine postagile Zukunft,Children of Incarcerated Parents and COVID‐19
3d56os6r,d7uuqe45,-0.069836736,hpO: Berufsvereinigung für heilkundlich praktizierte Osteopathie e. V.,Imagining the I-You Through Embodied Writing
rkzai22p,zu4tikpu,-0.06980301,Reflections,Exkursion in eine postagile Zukunft
6hujjh05,zu4tikpu,-0.06980301,Reflections on 2020,Exkursion in eine postagile Zukunft
mxpdmrfu,qzfd54v5,-0.069695346,Digitalisierung - jetzt,Small business survival and COVID-19 - An exploratory analysis of carriers
mxpdmrfu,1gpqb7eo,-0.0696666,Digitalisierung - jetzt,"COVID-19, congresses and the dissemination of scientific information"
3d56os6r,tnc3xyrs,-0.06963289,hpO: Berufsvereinigung für heilkundlich praktizierte Osteopathie e. V.,Pandemic by choice
km5z3hpf,zu4tikpu,-0.06959256,Should Institutions Disclose the Names of Employees with Covid-19?,Exkursion in eine postagile Zukunft
1n79xuuz,mxpdmrfu,-0.069584385,Immunological predictors of disease severity in patients with COVID-19,Digitalisierung - jetzt
2lm91mez,j4xg2kez,-0.06957971,Reply.,Aortitis in COVID-19
2wmuctvt,j4xg2kez,-0.06957971,The Reply.,Aortitis in COVID-19
vgaahz62,j4xg2kez,-0.06957971,Reply.,Aortitis in COVID-19
2p39og9b,j4xg2kez,-0.06957971,In Reply.,Aortitis in COVID-19
f8vo6gzc,j4xg2kez,-0.06957971,The Reply.,Aortitis in COVID-19
v9mlb3m8,j4xg2kez,-0.06957971,Reply,Aortitis in COVID-19
8dacd0jz,j4xg2kez,-0.06957971,In Reply.,Aortitis in COVID-19
sc4ifrwz,j4xg2kez,-0.06957971,Reply.,Aortitis in COVID-19
5dwv9h8c,j4xg2kez,-0.06957971,In Reply.,Aortitis in COVID-19
v2n3p459,j4xg2kez,-0.06957971,Reply,Aortitis in COVID-19
55uti99t,j4xg2kez,-0.06957971,Reply.,Aortitis in COVID-19
pwbppgdv,j4xg2kez,-0.06957971,Reply,Aortitis in COVID-19
rbbsqpoy,j4xg2kez,-0.06957971,Reply.,Aortitis in COVID-19
7b6x9t9e,j4xg2kez,-0.06957971,IN REPLY.,Aortitis in COVID-19
o73lyv70,j4xg2kez,-0.06957971,The Reply.,Aortitis in COVID-19
6bagohw8,j4xg2kez,-0.06957971,Reply,Aortitis in COVID-19
slnbcnqz,j4xg2kez,-0.06957971,Reply,Aortitis in COVID-19
3o5md40w,j4xg2kez,-0.06957971,Reply.,Aortitis in COVID-19
mxpdmrfu,1g5octpa,-0.06957845,Digitalisierung - jetzt,Tetraspanins in infections by human cytomegalo- and papillomaviruses.
sbatnv95,mxpdmrfu,-0.06957678,COVID-19 and dental clinical practice: Students and clinical staff perceptions of health risks and educational impact.,Digitalisierung - jetzt
0xcxvdf3,nd04s2mc,-0.069550864,An EUA for Casirivimab and Imdevimab for COVID-19,ISBER in the Time of COVID.
c4sklxwh,gsonpunw,-0.06954302,"COVID-19 by numbers -infections, cases and deaths.",Campylobacteriose — eine zoonotische Infektionskrankheit
3d56os6r,mcbsvqtf,-0.06952116,hpO: Berufsvereinigung für heilkundlich praktizierte Osteopathie e. V.,Households Living in Close Quarters
02o0y8zh,0xcxvdf3,-0.069497615,Background,An EUA for Casirivimab and Imdevimab for COVID-19
mxpdmrfu,wgk163c5,-0.06944141,Digitalisierung - jetzt,[Conducting clinical studies during the epidemics of communicable diseases: perspectives of methodology and health economics]
3d56os6r,3jex5ygh,-0.06943227,hpO: Berufsvereinigung für heilkundlich praktizierte Osteopathie e. V.,Shared Decision-making and Stakeholder Engagement in COVID-19 Tracheostomy
b4l91gs4,mxpdmrfu,-0.0694137,Factors Associated With Racial Differences in Deaths Among Nursing Home Residents With COVID-19 Infection in the US,Digitalisierung - jetzt
mxpdmrfu,wtxppnqm,-0.06940475,Digitalisierung - jetzt,"Workforce Development Survey Results: Industry, Government Laboratories, Academia, and Recent Graduates"
0f15j0t1,mxpdmrfu,-0.06937268,Primary Care Practice Finances.,Digitalisierung - jetzt
bmccc7fk,0xcxvdf3,-0.069367304,The impact of COVID-19 on building the next generation of caregivers focused on care of older adults,An EUA for Casirivimab and Imdevimab for COVID-19
0xcxvdf3,qa0cjszv,-0.069366425,An EUA for Casirivimab and Imdevimab for COVID-19,Impact of COVID-19 on early career scientists: an optimistic guide for the future
70ikknhe,mxpdmrfu,-0.069273666,Guest Editors,Digitalisierung - jetzt
3d56os6r,ce1us64t,-0.069272,hpO: Berufsvereinigung für heilkundlich praktizierte Osteopathie e. V.,Goals of Care in a Pandemic: Our Experience and Recommendations
n4gece0x,mxpdmrfu,-0.06921817,Encountering COVID-19 as Endocrinologists,Digitalisierung - jetzt
mxpdmrfu,bqm6ty79,-0.06921817,Digitalisierung - jetzt,Encountering COVID-19 as Endocrinologists
mxpdmrfu,nttfyts0,-0.069217235,Digitalisierung - jetzt,Protecting Nursing Home Residents and Staff from COVID-19.
cqglo0s7,192wv9gk,-0.06920686,Allergologie in Zeiten von Covid-19,Covid-19 in the workplace.
95595ar7,192wv9gk,-0.06920686,Intensivbehandlung von Schwerverletzten,Covid-19 in the workplace.
3quzlcrp,192wv9gk,-0.06920686,DNGK — Forschung in Zeiten von COVID-19,Covid-19 in the workplace.
r8yardth,mxpdmrfu,-0.06916066,Identification of Risk Factors and Symptoms of COVID-19: Analysis of Biomedical Literature and Social Media Data,Digitalisierung - jetzt
mxpdmrfu,va83o8mu,-0.06915317,Digitalisierung - jetzt,Epidemiological and clinical characteristics of community‐acquired and nosocomial influenza cases and risk factors associated with complications: A four season analysis of all adult patients admitted in a tertiary hospital
o78vugc1,mxpdmrfu,-0.06915033,The Correlation between COVID-19 Activities and Climate Factors in Different Climate Types Areas,Digitalisierung - jetzt
fluw47iu,3d56os6r,-0.069149956,Sustainability in a COVID-19 world,hpO: Berufsvereinigung für heilkundlich praktizierte Osteopathie e. V.
sjb2mm32,0xcxvdf3,-0.069138244,COVID-19 could leverage a sustainable built environment,An EUA for Casirivimab and Imdevimab for COVID-19
nxtubhxq,3d56os6r,-0.06910391,Challenges of Shared Decision Making in Older Patients with COVID-19,hpO: Berufsvereinigung für heilkundlich praktizierte Osteopathie e. V.
mxpdmrfu,x96icz0h,-0.0691011,Digitalisierung - jetzt,Association of renalase with clinical outcomes in hospitalized patients with COVID-19
qhwqfb5k,zu4tikpu,-0.069085374,IOTECH in times of COVID-19,Exkursion in eine postagile Zukunft
o1agp9fr,0xcxvdf3,-0.068984985,Early intervention is the key to success in COVID-19 control,An EUA for Casirivimab and Imdevimab for COVID-19
mxpdmrfu,wtx0cm6x,-0.068973444,Digitalisierung - jetzt,ISNI 2012 Abstracts B cells and antibodies
9n7srcsd,gsonpunw,-0.068969004,Societies’ Communications,Campylobacteriose — eine zoonotische Infektionskrankheit
mxpdmrfu,y0saal3n,-0.0689529,Digitalisierung - jetzt,Comparisons of the risk of myopericarditis between COVID-19 patients and individuals receiving COVID-19 vaccines: a population-based study
0q4haw0k,mxpdmrfu,-0.068934806,Medical Factors Associated with Caregiver Intention to Vaccinate their Children Against COVID-19,Digitalisierung - jetzt
8ufgjk8z,mxpdmrfu,-0.06892214,Risk Factors Associated with Mortality in COVID-19 Patient’s: Survival Analysis,Digitalisierung - jetzt
mxpdmrfu,vim49xoy,-0.06891368,Digitalisierung - jetzt,Characteristics and outcomes of Latinx patients with COVID-19 in comparison to other ethnic and racial groups
mxpdmrfu,g9gnlnuq,-0.06890901,Digitalisierung - jetzt,"COVID‐19 vaccinations: The unknowns, challenges, and hopes"
r8bz9ygj,mxpdmrfu,-0.068901345,Measuring Cumulative Stressfulness: Psychometric Properties of the COVID-19 Stressors Scale.,Digitalisierung - jetzt
0xcxvdf3,20zqifvc,-0.068898104,An EUA for Casirivimab and Imdevimab for COVID-19,COVID-19: the new challenge for rheumatologists
w3bomlyn,tnmk3zpf,-0.06886172,Key Aspects in Nutritional Management of COVID-19 Patients,CAPNETZ fokussiert auf COVID-19
r493xr7j,tnmk3zpf,-0.06886172,Key Aspects in Nutritional Management of COVID-19 Patients,CAPNETZ fokussiert auf COVID-19
3d56os6r,6r4pqapb,-0.068849646,hpO: Berufsvereinigung für heilkundlich praktizierte Osteopathie e. V.,Improving Access to Care in the Context of Opportunity
nhwxcwvu,mxpdmrfu,-0.068842694,Two roads diverge,Digitalisierung - jetzt
mxpdmrfu,192wv9gk,-0.06883522,Digitalisierung - jetzt,Covid-19 in the workplace.
n54036de,0xcxvdf3,-0.06882227,COVID-19 in children: reasons for uneventful clinical course,An EUA for Casirivimab and Imdevimab for COVID-19
mxpdmrfu,7q275cc1,-0.06880215,Digitalisierung - jetzt,Factors Associated With COVID-19 Disease Severity in US Children and Adolescents
0xcxvdf3,p7f195i7,-0.06877787,An EUA for Casirivimab and Imdevimab for COVID-19,DMCN 2021 highlights: expanding our lifelong commitment to disabled people worldwide.
gsonpunw,scolne5z,-0.068770915,Campylobacteriose — eine zoonotische Infektionskrankheit,[Viruses and bats: interdisciplinary issues]
mxpdmrfu,dzo1724j,-0.06875596,Digitalisierung - jetzt,Dermatology and venereology - highlights in research and patient care in 2021.
gsonpunw,bmgfuzfp,-0.068752065,Campylobacteriose — eine zoonotische Infektionskrankheit,Highlights From the Circulation Family of Journals.
zxgnwiag,mxpdmrfu,-0.068733744,Market intervention and markets - issues and opportunities,Digitalisierung - jetzt
3d56os6r,3spht4a3,-0.06871104,hpO: Berufsvereinigung für heilkundlich praktizierte Osteopathie e. V.,Bringing ultimate simplicity to temporisation.
0xcxvdf3,pukpulbe,-0.0686861,An EUA for Casirivimab and Imdevimab for COVID-19,COVID-19 and the right of return
mxpdmrfu,upfimt6h,-0.06865307,Digitalisierung - jetzt,"Evaluating the industrial hygiene, toxicology, and public health aspects of COVID-19"
mxpdmrfu,2xxi7imz,-0.06864673,Digitalisierung - jetzt,Host Impairments in Patients with Neoplastic Diseases
0xcxvdf3,co7d05ww,-0.06862763,An EUA for Casirivimab and Imdevimab for COVID-19,The COVID-19 challenge to cardiac electrophysiologists: optimizing resources at a referral center
0xcxvdf3,oquhgthb,-0.068602264,An EUA for Casirivimab and Imdevimab for COVID-19,Choices.
mxpdmrfu,476fsh8j,-0.068567306,Digitalisierung - jetzt,Impact of COVID-19 on patients from FACT or autism teams
gsonpunw,moxiq45d,-0.06856019,Campylobacteriose — eine zoonotische Infektionskrankheit,"Contents of volumes 263, 264, 266–289"
1q1ywj1q,0xcxvdf3,-0.06855293,"Teaching, virtually: a critical reflection",An EUA for Casirivimab and Imdevimab for COVID-19
0xcxvdf3,t82817wb,-0.06853391,An EUA for Casirivimab and Imdevimab for COVID-19,How COVID-19 impacts the U.S. economy and predictions about the future
wrju3yk7,0xcxvdf3,-0.06849257,Crucial role of physiotherapy in treating covid-19 patients,An EUA for Casirivimab and Imdevimab for COVID-19
3d56os6r,85ngj1yo,-0.06847352,hpO: Berufsvereinigung für heilkundlich praktizierte Osteopathie e. V.,Does the Choice Between a Telehealth and an In-Person Appointment Change Patient Attendance?
0xcxvdf3,5cn1to5j,-0.06847124,An EUA for Casirivimab and Imdevimab for COVID-19,Talent management challenges during COVID-19 and beyond: Performance management to the rescue
0xcxvdf3,trcisop6,-0.068451956,An EUA for Casirivimab and Imdevimab for COVID-19,Global Critical Care: Moving Forward in Resource-Limited Settings
ft15w83r,zu4tikpu,-0.06844972,"COVID-19: Knowns, Unknowns, and Questions",Exkursion in eine postagile Zukunft
0xcxvdf3,kdgmpghc,-0.06844434,An EUA for Casirivimab and Imdevimab for COVID-19,"Continuing the precedent: Financially disadvantaging young people in ""unprecedented"" COVID‐19 times"
1c4xma7e,mxpdmrfu,-0.068397135,Classifying Community Organizational Health Communication Networks: Local Health Department Recognition of Public Information-Sharing Partners Across Sectors.,Digitalisierung - jetzt
4a0hsmfk,mxpdmrfu,-0.06837201,"Contents of Volume 65, issues 1 and 2",Digitalisierung - jetzt
3d56os6r,23mpkmbi,-0.06836933,hpO: Berufsvereinigung für heilkundlich praktizierte Osteopathie e. V.,COVID-19 - deliberating beyond steroids in 2021.
tj6j7q0x,mxpdmrfu,-0.06836538,"SCAI COVID 19 Updated Consumer Survey Shows Continued Concern of Patients, Especially among Underserved Populations",Digitalisierung - jetzt
mxpdmrfu,bl5uza1c,-0.06833433,Digitalisierung - jetzt,Moving Towards ‘Goals of Care’ Plans for all Hospital Inpatients
n4bhu9cq,mxpdmrfu,-0.06832761,Three Reasons to Focus on Patient and Family Engagement During the COVID-19 Pandemic,Digitalisierung - jetzt
xpa1if5s,mxpdmrfu,-0.06832761,Three Reasons to Focus on Patient and Family Engagement During the COVID-19 Pandemic.,Digitalisierung - jetzt
mxpdmrfu,d8rk7le2,-0.0683048,Digitalisierung - jetzt,"Association of Nursing Home Ratings on Health Inspections, Quality of Care, and Nurse Staffing With COVID-19 Cases."
ko48e1ip,mxpdmrfu,-0.06816786,Retrospective Assessment of Treatments of Hospitalized Covid-19 Patients,Digitalisierung - jetzt
oqzt2y68,0xcxvdf3,-0.068117276,"Heritage Conservation Future: Where We Stand, Challenges Ahead, and a Paradigm Shift",An EUA for Casirivimab and Imdevimab for COVID-19
gsonpunw,gd37nhjf,-0.06808766,Campylobacteriose — eine zoonotische Infektionskrankheit,Contemporary Issues in Women's Health.
mxpdmrfu,67as3rzm,-0.068049744,Digitalisierung - jetzt,Planning and preparing for public health threats at airports
prqiviut,mxpdmrfu,-0.06800421,Public health ethics: the voices of practitioners.,Digitalisierung - jetzt
ugcqqcv4,0xcxvdf3,-0.06799246,"Past, present and future of conservative oxygen therapy in critical care",An EUA for Casirivimab and Imdevimab for COVID-19
v0nl7x2u,0xcxvdf3,-0.0679837,Collaboration in the time of COVID,An EUA for Casirivimab and Imdevimab for COVID-19
mxpdmrfu,36got1z1,-0.067973465,Digitalisierung - jetzt,COVID-19: Small-Molecule Clinical Trials Landscape
7b6rvypb,jjdvtfy1,-0.067967385,"Out of sight, out of mind.",Wieloukładowy zespół zapalny u dzieci a COVID-19
bkpog0qj,3d56os6r,-0.06795578,The Importance of Shared Decision-Making for Patients with Glioblastoma,hpO: Berufsvereinigung für heilkundlich praktizierte Osteopathie e. V.
gsonpunw,suvmfqhn,-0.06793754,Campylobacteriose — eine zoonotische Infektionskrankheit,Tropheryma whipplei in Children with Gastroenteritis
d060valt,mxpdmrfu,-0.06793346,Cardiovascular biomarkers in patients with COVID-19,Digitalisierung - jetzt
mxpdmrfu,jc6slqtk,-0.06792113,Digitalisierung - jetzt,Treating the Unvaccinated COVID-19 Patient with Compassion
0xcxvdf3,gj34ygr8,-0.067915656,An EUA for Casirivimab and Imdevimab for COVID-19,Reflecting on the past year and looking to the future
9fw18lu2,mxpdmrfu,-0.06790265,Microneurosurgery in COVID-19-Positive Patients,Digitalisierung - jetzt
wup06nvq,mxpdmrfu,-0.06788663,Lived Experiences of Nurses in the Care of Patients with COVID-19: A Study of Hermeneutic Phenomenology,Digitalisierung - jetzt
iuqjcv26,mxpdmrfu,-0.067872636,SCIENTIFIC ABSTRACTS,Digitalisierung - jetzt
541ggkxu,mxpdmrfu,-0.067872636,Scientific Abstracts,Digitalisierung - jetzt
1n2pjc7w,mxpdmrfu,-0.067861035,Research for Improving Patient Care,Digitalisierung - jetzt
cv9bdpnx,0xcxvdf3,-0.067845955,Therapy for Early COVID-19: A Critical Need,An EUA for Casirivimab and Imdevimab for COVID-19
lbtf8ssh,mxpdmrfu,-0.06784533,Clinical Omissions in COVID-19,Digitalisierung - jetzt
mxpdmrfu,n5jsu4kp,-0.06779882,Digitalisierung - jetzt,Social Determinants of Health Challenges Are Prevalent Among Commercially Insured Populations
b8r616bl,mxpdmrfu,-0.0677982,Management of maternal COVID-19: considerations for anesthesiologists,Digitalisierung - jetzt
mxpdmrfu,q1das8ks,-0.06778635,Digitalisierung - jetzt,Public Intent to Comply with COVID-19 Public Health Recommendations
c9xmzst6,mxpdmrfu,-0.06771957,The challenges of international comparisons of COVID-19,Digitalisierung - jetzt
mxpdmrfu,azye4yia,-0.06771957,Digitalisierung - jetzt,The challenges of international comparisons of COVID-19
3d56os6r,192wv9gk,-0.06771063,hpO: Berufsvereinigung für heilkundlich praktizierte Osteopathie e. V.,Covid-19 in the workplace.
qi0y438c,jjdvtfy1,-0.067707255,Further safeguards,Wieloukładowy zespół zapalny u dzieci a COVID-19
mxpdmrfu,e41jccly,-0.06766846,Digitalisierung - jetzt,COVID and the Caregiver.
vzv6qni5,gsonpunw,-0.06766329,The Psychological Consequences of the COVID-19 on Residents and Staff in Nursing Homes,Campylobacteriose — eine zoonotische Infektionskrankheit
mxpdmrfu,yg7bamw6,-0.06764619,Digitalisierung - jetzt,Exploring the Experience of Nurses in Providing Care to Patients With COVID-19: A Qualitative Study.
ppgx7mci,mxpdmrfu,-0.067639545,Cell-intrinsic differences between human airway epithelial cells from children and adults,Digitalisierung - jetzt
3d56os6r,ia5vt7rz,-0.067629464,hpO: Berufsvereinigung für heilkundlich praktizierte Osteopathie e. V.,Shared Decision Making in the Era of Telehealth: Implications for Practice and Research
3d56os6r,ntgkzlfe,-0.06762944,hpO: Berufsvereinigung für heilkundlich praktizierte Osteopathie e. V.,Shared Decision Making in the Era of Telehealth: Implications for Practice and Research
gyl8aw6a,mxpdmrfu,-0.06761769,A comparison of COVID-19 and imaging radiation risk in clinical patient populations.,Digitalisierung - jetzt
7y11bd9w,mxpdmrfu,-0.067602605,Resilience and Burnout in Healthcare Students and Inpatient Psychiatric Nurses: A Between-Groups Study of Two Populations,Digitalisierung - jetzt
0xcxvdf3,xz0dlyb5,-0.067600936,An EUA for Casirivimab and Imdevimab for COVID-19,How can I make the most of working from home?
lfcpwtcd,mxpdmrfu,-0.06759929,Effects of COVID-19 on U.S. aquaculture farms,Digitalisierung - jetzt
n0oc62t2,mxpdmrfu,-0.06757049,"Haloferax volcanii for biotechnology applications: challenges, current state and perspectives",Digitalisierung - jetzt
cb45k20v,0xcxvdf3,-0.06755712,2020 International Year of the Midwife - An unexpected challenge,An EUA for Casirivimab and Imdevimab for COVID-19
3d56os6r,kp4j00bl,-0.067510664,hpO: Berufsvereinigung für heilkundlich praktizierte Osteopathie e. V.,EULAR COVID-19 registry: lessons learnt and future considerations.
j2omplwn,mxpdmrfu,-0.06749771,COVID-19 in Children: Clinical Approach and Management,Digitalisierung - jetzt
tj48cd1b,5h5vvxmt,-0.06745391,Langzeitpflege in COVID-19-Zeiten: Leitfaden zur medizinischen Versorgung,WILDLIFE
0xcxvdf3,xjdkow1p,-0.06741596,An EUA for Casirivimab and Imdevimab for COVID-19,Early Experiences with a Primary Care Centered Long Covid-19 Clinic
3l3rzrw8,0xcxvdf3,-0.06740941,Notable advances 2012,An EUA for Casirivimab and Imdevimab for COVID-19
3d56os6r,y3hpzj0u,-0.06737074,hpO: Berufsvereinigung für heilkundlich praktizierte Osteopathie e. V.,"Acknowledgment of Referees, 2020"
mxpdmrfu,3jwh9a32,-0.06735467,Digitalisierung - jetzt,The importance of epistemological consideration in the reporting of evidence for osteopathic care in Covid-19 papers
mxpdmrfu,ixnscpqv,-0.067324966,Digitalisierung - jetzt,Major advances in neuroinfectious diseases in the past two decades
3d56os6r,uh67nhyg,-0.06732475,hpO: Berufsvereinigung für heilkundlich praktizierte Osteopathie e. V.,Managing Resident Workforce and Education During the COVID-19 Pandemic: Evolving Strategies and Lessons Learned
3d56os6r,pfp5xg56,-0.0672927,hpO: Berufsvereinigung für heilkundlich praktizierte Osteopathie e. V.,The Habsburgs: To Rule the World
3d56os6r,85neusjy,-0.06728512,hpO: Berufsvereinigung für heilkundlich praktizierte Osteopathie e. V.,To Long COVID and Beyond!
dtx3rpvh,mxpdmrfu,-0.0671919,Association of antihypertensive agents with the risk of in-hospital death in patients with Covid-19,Digitalisierung - jetzt
mxpdmrfu,gle9hiwr,-0.0671919,Digitalisierung - jetzt,Association of Antihypertensive Agents with the Risk of In-Hospital Death in Patients with Covid-19
65s7orjw,0xcxvdf3,-0.067183085,COVID-19 Essential Visitor and Designated Family/Support Guidance,An EUA for Casirivimab and Imdevimab for COVID-19
dxe19uwb,3d56os6r,-0.067166656,"Person, Place, Time and COVID-19 Inequities",hpO: Berufsvereinigung für heilkundlich praktizierte Osteopathie e. V.
mxpdmrfu,7o6sb376,-0.06716528,Digitalisierung - jetzt,"The planet, people and public health"
mxpdmrfu,5kixz4zb,-0.067161575,Digitalisierung - jetzt,Pharmacists: Essential providers of COVID-19 care
l7bopvkl,0xcxvdf3,-0.06714941,Subgroup demographic may have skewed ALLHAT results.,An EUA for Casirivimab and Imdevimab for COVID-19
gsonpunw,wtx0cm6x,-0.06714233,Campylobacteriose — eine zoonotische Infektionskrankheit,ISNI 2012 Abstracts B cells and antibodies
mxpdmrfu,hredxx8o,-0.0671321,Digitalisierung - jetzt,Factors affecting natural illnesses during the covid-19 pandemic-autopsy findings in a series of cases
mxpdmrfu,lmrxajz0,-0.06711962,Digitalisierung - jetzt,Research Note: Governance Indicators Explain Discrepancies in COVID-19 Data
mxpdmrfu,eefjpact,-0.067110196,Digitalisierung - jetzt,Clinical features of hemodialysis patients with COVID-19: a single-center retrospective study on 32 patients
vwf2djd4,mxpdmrfu,-0.06707635,Epidemiological and Clinical Aspects of COVID-19; a Narrative Review,Digitalisierung - jetzt
yrhf7qci,gsonpunw,-0.06707628,News-Screen Rheumatologie,Campylobacteriose — eine zoonotische Infektionskrankheit
3d56os6r,b0hnow1z,-0.06707269,hpO: Berufsvereinigung für heilkundlich praktizierte Osteopathie e. V.,An uncomfortable truth: the long-term impact of Covid-19 on the clinician-patient relationship
mxpdmrfu,fh4wc6at,-0.067061946,Digitalisierung - jetzt,Patient distrust in pharmaceutical companies: an explanation for women under-representation in respiratory clinical trials?
mxpdmrfu,u8ysd4wr,-0.06703767,Digitalisierung - jetzt,Household infection: The predominant risk factor for close contacts of patients with COVID-19
pprb7641,3d56os6r,-0.06700931,Long COVID in children,hpO: Berufsvereinigung für heilkundlich praktizierte Osteopathie e. V.
mxpdmrfu,ruw6spq4,-0.067008525,Digitalisierung - jetzt,Audiovestibular symptoms and sequelae in COVID-19 patients
twu5i7gp,mxpdmrfu,-0.06698757,Risk factors associated with mortality of COVID-19 in 3125 counties of the United States,Digitalisierung - jetzt
ya1nocf1,3d56os6r,-0.06696094,Coronapod: kids' role in the future of COVID,hpO: Berufsvereinigung für heilkundlich praktizierte Osteopathie e. V.
mxpdmrfu,enqoixy1,-0.066945456,Digitalisierung - jetzt,Risk and implications of COVID‐19 among the community supervised population
0d5x15td,3d56os6r,-0.06691604,Timely Reminders from COVID-19 for Dementia Care.,hpO: Berufsvereinigung für heilkundlich praktizierte Osteopathie e. V.
ycciq6s3,mxpdmrfu,-0.06690059,The systemic inflammatory response and clinicopathological characteristics in patients admitted to hospital with COVID-19 infection: Comparison of 2 consecutive cohorts,Digitalisierung - jetzt
mxpdmrfu,2oqm9nkp,-0.06687792,Digitalisierung - jetzt,Battlefield Endocrinology
3d56os6r,dathymqp,-0.06687582,hpO: Berufsvereinigung für heilkundlich praktizierte Osteopathie e. V.,Present and future
0xcxvdf3,rnti4nqo,-0.06684058,An EUA for Casirivimab and Imdevimab for COVID-19,Daylight is critical to preserve 5-methoxytryptophol levels in suspected and confirmed COVID-19 patients
mxpdmrfu,auwojrt5,-0.06683481,Digitalisierung - jetzt,Classification of senior tourists according to personality traits
0xcxvdf3,0vhhd7ul,-0.06683044,An EUA for Casirivimab and Imdevimab for COVID-19,No Lasting Stability
cg1w4ih9,mxpdmrfu,-0.06680912,Expression of pluripotency and multipotency factors in human ocular surface tissues.,Digitalisierung - jetzt
mxpdmrfu,2ryud8q9,-0.06679847,Digitalisierung - jetzt,"The COVID-19 Vaccines: Recent Development, Challenges and Prospects"
jjdvtfy1,75v85jyh,-0.06678627,Wieloukładowy zespół zapalny u dzieci a COVID-19,World keeps on turning.
nwo5kjf2,mxpdmrfu,-0.06676427,Highlights of recent clinically relevant papers,Digitalisierung - jetzt
zu4tikpu,prxgf5c3,-0.06671529,Exkursion in eine postagile Zukunft,Financials
kkgv6xp4,mxpdmrfu,-0.06667463,Local guidelines for drug treatment of patients with covid-19,Digitalisierung - jetzt
3d56os6r,2xxy16kz,-0.06664378,hpO: Berufsvereinigung für heilkundlich praktizierte Osteopathie e. V.,A Course for Teaching and Learning About the Responsible Conduct of Research.
mxpdmrfu,scfwscfe,-0.066618234,Digitalisierung - jetzt,Endpoints for randomized controlled clinical trials for COVID-19 treatments.
mxpdmrfu,33z6z11e,-0.06659939,Digitalisierung - jetzt,Children of frontline COVID-19 warriors: Our observations
pt4uk6w5,mxpdmrfu,-0.06655146,Chapter 1 A History of Public Health,Digitalisierung - jetzt
z4blmcd0,fx494wip,-0.06652589,COVID-19 and VIH,COVID-19: Looking Into the Overlooked
0xcxvdf3,2jya43zy,-0.066516876,An EUA for Casirivimab and Imdevimab for COVID-19,The Change to Pass/Fail Scoring for Step 1 in the Context of COVID-19: Implications for the Transition to Residency Process
mxpdmrfu,hlgic5kf,-0.066515386,Digitalisierung - jetzt,Identifying the predictors of turnover intention based on psychosocial factors of nurses during the COVID-19 outbreak
mxpdmrfu,lu0dkjr2,-0.06646757,Digitalisierung - jetzt,"The influence of sociodemographic factors on community knowledge, perceptions, attitudes, and practices towards covid-19 prevention protocols: A scoping review"
mxpdmrfu,rkb703gu,-0.06641619,Digitalisierung - jetzt,Critical Care Work During COVID-19: A Sociological Analysis of Staff Experiences
jkm1l3ub,0xcxvdf3,-0.06641233,Is this the COVID decade?,An EUA for Casirivimab and Imdevimab for COVID-19
mxpdmrfu,jtpcqs5h,-0.066408515,Digitalisierung - jetzt,The Importance of Family and School Protective Factors in Preventing the Risk Behaviors of Youth
j0fmz9yz,0xcxvdf3,-0.06638873,COVID-19 and the Future of Work,An EUA for Casirivimab and Imdevimab for COVID-19
js068qzb,mxpdmrfu,-0.06637238,Reporting health services research to a broader public: An exploration of inconsistencies and reporting inadequacies in societal publications,Digitalisierung - jetzt
j9gc615b,3d56os6r,-0.066369444,Artificial Intelligence in Achieving Sustainable Development Goals,hpO: Berufsvereinigung für heilkundlich praktizierte Osteopathie e. V.
lkoyo325,mxpdmrfu,-0.06636711,Baseline Demographics and Clinical Characteristics Among 3471 US Patients Hospitalized with COVID-19 and Pulmonary Involvement: A Retrospective Study,Digitalisierung - jetzt
mxpdmrfu,w74o277d,-0.06636559,Digitalisierung - jetzt,Despite COVID-19 cancer nurses continue to do all they can for their patients
mxpdmrfu,c4b3ef46,-0.06635032,Digitalisierung - jetzt,Health aspects onboard of aircrafts
3d56os6r,svp7583d,-0.06633345,hpO: Berufsvereinigung für heilkundlich praktizierte Osteopathie e. V.,"Balanced scorecard in the hospitality and tourism industry: Past, present and future"
3d56os6r,xxakecsl,-0.06629392,hpO: Berufsvereinigung für heilkundlich praktizierte Osteopathie e. V.,Lasting lessons learnt in the radiology department from the battle with COVID-19
mxpdmrfu,q5lc34q1,-0.06625584,Digitalisierung - jetzt,Key Issues in International Tourism Management
r0j4mx42,0xcxvdf3,-0.066248044,Telepsychiatry in the time of COVID-19: Shattering assumptions,An EUA for Casirivimab and Imdevimab for COVID-19
mxpdmrfu,m671d053,-0.066219635,Digitalisierung - jetzt,Identifying Factors Associated with Risk Assessment Competencies of Public Health Emergency Responders.
3du9hec1,tnmk3zpf,-0.06619431,Key factors in the contingency plan for COVID-19 during the Magal celebration in 2020,CAPNETZ fokussiert auf COVID-19
n540guah,mxpdmrfu,-0.06619346,Tracheostomy in Covid-19 Patients: Surgical Concerns and Considerations,Digitalisierung - jetzt
0xcxvdf3,s8j7k7nk,-0.06613862,An EUA for Casirivimab and Imdevimab for COVID-19,Leveraging a university’s dynamic capabilities in a turbulent environment
78miu4rb,mxpdmrfu,-0.06607277,Current Perspectives of Anticoagulation in Patients With COVID-19,Digitalisierung - jetzt
t5fjii32,gsonpunw,-0.0660687,The kaiwhakahaere comments.,Campylobacteriose — eine zoonotische Infektionskrankheit
2wmuctvt,82awoivw,-0.06606738,The Reply.,COULD COVID-19 BE A HEMOGLOBINOPATHY?
2lm91mez,82awoivw,-0.06606738,Reply.,COULD COVID-19 BE A HEMOGLOBINOPATHY?
vgaahz62,82awoivw,-0.06606738,Reply.,COULD COVID-19 BE A HEMOGLOBINOPATHY?
f8vo6gzc,82awoivw,-0.06606738,The Reply.,COULD COVID-19 BE A HEMOGLOBINOPATHY?
2p39og9b,82awoivw,-0.06606738,In Reply.,COULD COVID-19 BE A HEMOGLOBINOPATHY?
v9mlb3m8,82awoivw,-0.06606738,Reply,COULD COVID-19 BE A HEMOGLOBINOPATHY?
82awoivw,sc4ifrwz,-0.06606738,COULD COVID-19 BE A HEMOGLOBINOPATHY?,Reply.
82awoivw,8dacd0jz,-0.06606738,COULD COVID-19 BE A HEMOGLOBINOPATHY?,In Reply.
5dwv9h8c,82awoivw,-0.06606738,In Reply.,COULD COVID-19 BE A HEMOGLOBINOPATHY?
82awoivw,55uti99t,-0.06606738,COULD COVID-19 BE A HEMOGLOBINOPATHY?,Reply.
82awoivw,v2n3p459,-0.06606738,COULD COVID-19 BE A HEMOGLOBINOPATHY?,Reply
82awoivw,pwbppgdv,-0.06606738,COULD COVID-19 BE A HEMOGLOBINOPATHY?,Reply
82awoivw,7b6x9t9e,-0.06606738,COULD COVID-19 BE A HEMOGLOBINOPATHY?,IN REPLY.
82awoivw,o73lyv70,-0.06606738,COULD COVID-19 BE A HEMOGLOBINOPATHY?,The Reply.
82awoivw,rbbsqpoy,-0.06606738,COULD COVID-19 BE A HEMOGLOBINOPATHY?,Reply.
82awoivw,6bagohw8,-0.06606738,COULD COVID-19 BE A HEMOGLOBINOPATHY?,Reply
82awoivw,slnbcnqz,-0.06606738,COULD COVID-19 BE A HEMOGLOBINOPATHY?,Reply
82awoivw,3o5md40w,-0.06606738,COULD COVID-19 BE A HEMOGLOBINOPATHY?,Reply.
3d56os6r,i6j3kjl8,-0.066028245,hpO: Berufsvereinigung für heilkundlich praktizierte Osteopathie e. V.,Impact of comorbidities on COVID-19 outcome
3d56os6r,987zrkmq,-0.06600766,hpO: Berufsvereinigung für heilkundlich praktizierte Osteopathie e. V.,Expanding educational opportunities virtually in the time of COVID-19
vxdrzedf,mxpdmrfu,-0.06600658,Economy and society in COVID times,Digitalisierung - jetzt
w9se87mt,mxpdmrfu,-0.065987185,COVID-19 and Schools Closure: Implications for School Nurses.,Digitalisierung - jetzt
0xcxvdf3,51x4grav,-0.06597668,An EUA for Casirivimab and Imdevimab for COVID-19,Moving towards more person-centered dementia care.
o1jho678,mxpdmrfu,-0.06596199,Clinical Characteristics and Drug Therapies of 83 Discharged Patients with COVID-19,Digitalisierung - jetzt
8134a4f7,gsonpunw,-0.06591909,The 'COVID cohort',Campylobacteriose — eine zoonotische Infektionskrankheit
ioczivzz,mxpdmrfu,-0.065901846,Psychological Factors Explaining Perceived Impact of COVID-19 on Travel,Digitalisierung - jetzt
mq4ntygs,3d56os6r,-0.06589673,Cyberinsights: It's Complicated,hpO: Berufsvereinigung für heilkundlich praktizierte Osteopathie e. V.
3d56os6r,egawqdv3,-0.06589673,hpO: Berufsvereinigung für heilkundlich praktizierte Osteopathie e. V.,Cyberinsights: It's Complicated.
3d56os6r,9blq86zo,-0.06588463,hpO: Berufsvereinigung für heilkundlich praktizierte Osteopathie e. V.,Am I a “COVID-19 Patient” or “a Patient With COVID-19”?
mxpdmrfu,29l6w4yn,-0.06587444,Digitalisierung - jetzt,COVID-19—the risk of secondary transmission among households quantified
mxpdmrfu,6z02a90h,-0.06587444,Digitalisierung - jetzt,COVID-19-the risk of secondary transmission among households quantified
mxpdmrfu,ataojt2t,-0.065873645,Digitalisierung - jetzt,Bacterial and fungal infections in COVID-19 patients: A matter of concern
mxpdmrfu,r82obb90,-0.06585736,Digitalisierung - jetzt,Labor unions and health: A literature review of pathways and outcomes in the workplace
0xcxvdf3,9blq86zo,-0.065787606,An EUA for Casirivimab and Imdevimab for COVID-19,Am I a “COVID-19 Patient” or “a Patient With COVID-19”?
4cj00wmt,0xcxvdf3,-0.0657854,Let's Gamble: How a Poor Visualization Can Elicit Risky Behavior,An EUA for Casirivimab and Imdevimab for COVID-19
jykx9nie,3d56os6r,-0.06577578,Holidays for all: Staycation vouchers during COVID-19,hpO: Berufsvereinigung für heilkundlich praktizierte Osteopathie e. V.
gsonpunw,6eh2l6ce,-0.06576856,Campylobacteriose — eine zoonotische Infektionskrankheit,Primary healthcare clinicians
lbtf8ssh,hcjpj03p,-0.06576721,Clinical Omissions in COVID-19,Leitlinien zu COVID-19
lbtf8ssh,ioveubcb,-0.06576721,Clinical Omissions in COVID-19,Darmkrebsvorsorge zu COVID‑19‑Zeiten
lbtf8ssh,9sk9n0f9,-0.06576721,Clinical Omissions in COVID-19,"Anmerkung zu BVerfG, Beschl. v. 16.12.2021 – 1 BvR 1541/20"
mxpdmrfu,9le3ysmd,-0.065680385,Digitalisierung - jetzt,Association between county-level risk groups and COVID-19 outcomes in the United States: a socioecological study
rq9t00r1,mxpdmrfu,-0.065663666,Lessons for Health Care Executives and Other Leaders During COVID-19: Five Major Opportunities for Improvement,Digitalisierung - jetzt
uzil6xlw,mxpdmrfu,-0.06566206,Competence of anesthesiology residents following a longitudinal point-of-care ultrasound curriculum,Digitalisierung - jetzt
mxpdmrfu,xhp4z7pi,-0.06564534,Digitalisierung - jetzt,Hypercoagulable State in COVID-19: A Case Series of Three Patients
3d56os6r,7vdpxik8,-0.06564274,hpO: Berufsvereinigung für heilkundlich praktizierte Osteopathie e. V.,Experiences in the Decision-Making Regarding the Place of Care of the Elderly: A Systematic Review
oesv1h6s,tspegq76,-0.065630525,Otorhinolaryngology,Koalition bringt E-Patientenakte Richtung Versorgung
3d56os6r,8ksu9pyf,-0.0656203,hpO: Berufsvereinigung für heilkundlich praktizierte Osteopathie e. V.,Have the Rules of Engagement Changed? Clinic Visits in 2022 and Beyond
mxpdmrfu,v92jk1wn,-0.06560542,Digitalisierung - jetzt,Delirium in COVID-19: epidemiology and clinical correlations in a large group of patients admitted to an academic hospital
p01yq5t9,mxpdmrfu,-0.06559795,Chiroptera (Bats),Digitalisierung - jetzt
1chw6gqr,mxpdmrfu,-0.06559091,Exploring Key Indicators of Community Involvement in Ecotourism Management,Digitalisierung - jetzt
vb3b2viw,mxpdmrfu,-0.06557948,Notes and News,Digitalisierung - jetzt
mxpdmrfu,vn89nmit,-0.06557948,Digitalisierung - jetzt,News and Notes
ulv8c2pg,0xcxvdf3,-0.065553114,Management of critical care in covid-19 patients,An EUA for Casirivimab and Imdevimab for COVID-19
mxpdmrfu,exsd4b98,-0.065550596,Digitalisierung - jetzt,Talk to Patients About: ACIP
u9cnbzc7,0xcxvdf3,-0.06550176,Visualization of the dynamics of changes in structured data by the example of covid-19 development,An EUA for Casirivimab and Imdevimab for COVID-19
uuf45tow,mxpdmrfu,-0.06546674,Impact of COVID-19 on Children and Pediatricians,Digitalisierung - jetzt
3d56os6r,b6zw9eo4,-0.06539081,hpO: Berufsvereinigung für heilkundlich praktizierte Osteopathie e. V.,Hand injuries during COVID-19: Lessons from lockdown
mxpdmrfu,icuaja7a,-0.06538529,Digitalisierung - jetzt,Racial Differences in COVID-19 Vaccine Hesitancy Among Health Care Workers in Two Large Academic Hospitals
7g89aixn,0xcxvdf3,-0.06536373,The times they are a changing,An EUA for Casirivimab and Imdevimab for COVID-19
0xcxvdf3,fg04wkzi,-0.06536373,An EUA for Casirivimab and Imdevimab for COVID-19,Times They Are A-Changing
bbifcfu8,mxpdmrfu,-0.06536344,Outcomes of hospitalized patients with COVID-19 according to level of frailty,Digitalisierung - jetzt
0xcxvdf3,u7e1luq2,-0.065352745,An EUA for Casirivimab and Imdevimab for COVID-19,Teaching COVID-19's Impact on Businesses
ft15w83r,3t57next,-0.06529533,"COVID-19: Knowns, Unknowns, and Questions",Allokation knapper medizinischer Ressourcen auf COVID-19-PatientInnen. Ergebnisse einer Vignettenstudie
mxpdmrfu,x102vl7e,-0.06527409,Digitalisierung - jetzt,Survey of Cancer Survivors Shows Consistent Care Despite COVID-19
s9bgr6mt,mxpdmrfu,-0.065250576,Scooting injuries . . . and other stories,Digitalisierung - jetzt
hcjpj03p,oxo1g3sq,-0.065226674,Leitlinien zu COVID-19,Comorbidities and COVID-19
9sk9n0f9,oxo1g3sq,-0.065226674,"Anmerkung zu BVerfG, Beschl. v. 16.12.2021 – 1 BvR 1541/20",Comorbidities and COVID-19
ioveubcb,oxo1g3sq,-0.065226674,Darmkrebsvorsorge zu COVID‑19‑Zeiten,Comorbidities and COVID-19
mxpdmrfu,hxp93loy,-0.06521907,Digitalisierung - jetzt,Point-of-care diagnostics for infectious diseases: From methods to devices
3d56os6r,jdxj3qrd,-0.06519131,hpO: Berufsvereinigung für heilkundlich praktizierte Osteopathie e. V.,Falling Short
1wk36ihs,mxpdmrfu,-0.06518516,Demographics of COVID 19 admitted patients and obesity: a retrospective study,Digitalisierung - jetzt
mxpdmrfu,vm86d4mj,-0.06517031,Digitalisierung - jetzt,Technical Annexes
tazvpnuu,mxpdmrfu,-0.06516362,Challenges and Opportunities for Academic Parents During COVID-19,Digitalisierung - jetzt
mrdg743n,0xcxvdf3,-0.06513907,Recruiting Residents During COVID-19,An EUA for Casirivimab and Imdevimab for COVID-19
1weq8ehs,mxpdmrfu,-0.06513599,Chemotherapy education: current practices of oncology nurses counseling patients,Digitalisierung - jetzt
9cd18cln,mxpdmrfu,-0.065119244,The Management of Safety Situations and Assumable Risk during Transitions and Recesses in Different Types of Schools,Digitalisierung - jetzt
mxpdmrfu,ls36jxkv,-0.06509681,Digitalisierung - jetzt,Genophenotypic Factors and Pharmacogenomics in Adverse Drug Reactions
k1lque5i,mxpdmrfu,-0.06509029,Ophthalmic manifestations in the COVID-19 clinical spectrum,Digitalisierung - jetzt
ugvzf74y,mxpdmrfu,-0.065076075,The prognostic value of echocardiographic findings in prediction of in-hospital mortality of COVID-19 patients,Digitalisierung - jetzt
gsonpunw,c1qdw17z,-0.065062374,Campylobacteriose — eine zoonotische Infektionskrankheit,Radiological Findings in Patients with COVID-19
mxpdmrfu,shs4dygs,-0.06505636,Digitalisierung - jetzt,Parents of Children With Medical Complexity Are Essential Health Care Personnel.
rtx7x872,3d56os6r,-0.06504971,Letter to the Editor: Setting Goals or Shifting Goalposts: Role of Frailty for Critical Care Decisions during COVID-19,hpO: Berufsvereinigung für heilkundlich praktizierte Osteopathie e. V.
3d56os6r,sifimlde,-0.06503794,hpO: Berufsvereinigung für heilkundlich praktizierte Osteopathie e. V.,The benefits of virtual fieldtrips for future-proofing geography teaching and learning
r9vbrf14,0xcxvdf3,-0.06502886,Special Issue “COVID-19 & Beyond”,An EUA for Casirivimab and Imdevimab for COVID-19
h01f69g4,mxpdmrfu,-0.06499309,"Comparison of Clinical, Laboratory and Demographic Characteristics of Patients Diagnosed with COVID-19 as Symptomatic and Atypical Symptoms.",Digitalisierung - jetzt
mxpdmrfu,6z2hl36f,-0.06497453,Digitalisierung - jetzt,Risk factors of developing critical conditions in Iranian patients with COVID-19
1cyq3dg4,0xcxvdf3,-0.06494178,Events and sustainability: why making events more sustainable is not enough,An EUA for Casirivimab and Imdevimab for COVID-19
yy6alnaq,mxpdmrfu,-0.064918436,Rural veterinarian's perception and practices in terms of biosecurity across three European countries.,Digitalisierung - jetzt
nxpeordi,0xcxvdf3,-0.0649014,Teledermatology: How It Is Impacting the Underserved,An EUA for Casirivimab and Imdevimab for COVID-19
0xcxvdf3,vxkdpemu,-0.06489053,An EUA for Casirivimab and Imdevimab for COVID-19,Mobility Changes in Response to COVID-19
3d56os6r,ublikk91,-0.064859234,hpO: Berufsvereinigung für heilkundlich praktizierte Osteopathie e. V.,Evaluating immersive experiences during Covid-19 and beyond
0gp3zjoh,mxpdmrfu,-0.06483786,Virtual Teams in Times of Pandemic: Factors That Influence Performance,Digitalisierung - jetzt
jkm1l3ub,3d56os6r,-0.06482877,Is this the COVID decade?,hpO: Berufsvereinigung für heilkundlich praktizierte Osteopathie e. V.
3d56os6r,6hocn5em,-0.06482537,hpO: Berufsvereinigung für heilkundlich praktizierte Osteopathie e. V.,Subject Classification
3d56os6r,0i5w7vm9,-0.06481725,hpO: Berufsvereinigung für heilkundlich praktizierte Osteopathie e. V.,Unfolding COVID-19: Lessons-in-Learning in Ophthalmology
mxpdmrfu,7hyd2iqp,-0.06480794,Digitalisierung - jetzt,Pediatric primary health care in earthquakeaffected areas of sisak-moslavina County during the covid-19 pandemic
fw5vg1xk,3d56os6r,-0.06478667,Accurate Statistics on COVID-19 Are Essential for Policy Guidance and Decisions,hpO: Berufsvereinigung für heilkundlich praktizierte Osteopathie e. V.
xm6j3wle,3d56os6r,-0.064773455,Remembering Metchnikoff in the time of COVID‐19,hpO: Berufsvereinigung für heilkundlich praktizierte Osteopathie e. V.
3d56os6r,naegn0uj,-0.06472073,hpO: Berufsvereinigung für heilkundlich praktizierte Osteopathie e. V.,About the fair balance of competing rights in the context of the covid-19 pandemic
mxpdmrfu,9ft66z5u,-0.064693585,Digitalisierung - jetzt,COVID-19: A family’s perspective
mxpdmrfu,8aipbj3k,-0.06468898,Digitalisierung - jetzt,Preparing for the Aftermath of COVID-19: Important Considerations for Health Care Providers and Hospital Administrators
3d56os6r,fda1hpmm,-0.06468373,hpO: Berufsvereinigung für heilkundlich praktizierte Osteopathie e. V.,Evaluating participant experience in Balint online sessions held during the COVID-19 pandemic – lessons learnt and moving forward
qrm7csm0,0xcxvdf3,-0.06465982,Creating the New Normal: The Clinician Response to Covid-19,An EUA for Casirivimab and Imdevimab for COVID-19
jjdvtfy1,zyj9gumw,-0.06463376,Wieloukładowy zespół zapalny u dzieci a COVID-19,Reaching out
3d56os6r,2j0v461a,-0.064628184,hpO: Berufsvereinigung für heilkundlich praktizierte Osteopathie e. V.,Publishing in the time of covid.
mxpdmrfu,sz1depzi,-0.06460775,Digitalisierung - jetzt,Clinical characteristics and outcomes of in-hospital cardiac arrest among patients with and without COVID-19
mxpdmrfu,k9g76lro,-0.06460775,Digitalisierung - jetzt,Clinical characteristics and outcomes of in-hospital cardiac arrest among patients with and without COVID-19
0xcxvdf3,ft0h4k8t,-0.06460594,An EUA for Casirivimab and Imdevimab for COVID-19,Shift Change
nkntemui,5h5vvxmt,-0.06458476,Versorgung von Krebspatienten leidet,WILDLIFE
ccoy6crl,mxpdmrfu,-0.06457919,COVID-19 Surveillance Testing in Secondary Schools: Findings and Barriers to Implementation,Digitalisierung - jetzt
mxpdmrfu,fjeekq56,-0.06456818,Digitalisierung - jetzt,Differences in Distress and Coping with the COVID-19 Stressor in Nurses and Physicians
3d56os6r,vn9kkwjg,-0.06455513,hpO: Berufsvereinigung für heilkundlich praktizierte Osteopathie e. V.,The challenges of COVID-19 for community pharmacists and opportunities for the future
mxpdmrfu,0544g68y,-0.06454293,Digitalisierung - jetzt,Meaning of Work Across Different Generations of Tourism and Hospitality Employees
mxpdmrfu,krzqq63c,-0.06453311,Digitalisierung - jetzt,Filoviruses: Interactions with the host cell
31mrb6wx,gsonpunw,-0.064527124,News and views.,Campylobacteriose — eine zoonotische Infektionskrankheit
gsonpunw,wejrmxmz,-0.064527124,Campylobacteriose — eine zoonotische Infektionskrankheit,News & Views
gsonpunw,keq5idua,-0.064527124,Campylobacteriose — eine zoonotische Infektionskrankheit,News and views.
gsonpunw,i4kyfbkw,-0.064527124,Campylobacteriose — eine zoonotische Infektionskrankheit,News and views.
0adtvpas,mxpdmrfu,-0.06448501,Lewy body disease or diseases with Lewy bodies?,Digitalisierung - jetzt
wr78uelu,oquhgthb,-0.064477585,Kratzwürmer,Choices.
3d56os6r,0lwagaz2,-0.0644762,hpO: Berufsvereinigung für heilkundlich praktizierte Osteopathie e. V.,Parents' perceptions regarding the effects of covid-19 on their children with and without disabilities
jnkm1p7k,j6nd02sj,-0.06446528,Paxlovid for Treatment of COVID-19,پیشبینی رفتارهاي پیشگیرانه از کووید-19 بر اساس سازه هاي مدل اعتقاد بهداشتی (HBM): مطالعه مبتنی بر اینترنت در جمعیت استان مازندران
sgcf9v3m,j6nd02sj,-0.06446528,Treatment of Neuroterrorism,پیشبینی رفتارهاي پیشگیرانه از کووید-19 بر اساس سازه هاي مدل اعتقاد بهداشتی (HBM): مطالعه مبتنی بر اینترنت در جمعیت استان مازندران
mxpdmrfu,den2h74x,-0.06446519,Digitalisierung - jetzt,"Nursing, COVID-19 and cardiovascular care"
gsonpunw,bflha5xy,-0.06441732,Campylobacteriose — eine zoonotische Infektionskrankheit,Considerations for Restaurants and Bars
x5b7zi2d,mxpdmrfu,-0.06440641,Monitoring wastewater for assessing community health in cities: perspectives and a proposal,Digitalisierung - jetzt
foj0t67e,mxpdmrfu,-0.06438987,Experiences of Nursing Students in the Care for Patients Diagnosed With COVID-19: A Qualitative Study,Digitalisierung - jetzt
9t7huohi,zu4tikpu,-0.06437805,Polymorbidity in seniors hospitalized for COVID-19,Exkursion in eine postagile Zukunft
1nr4wmz6,mxpdmrfu,-0.06431817,Maternity care during COVID-19: a qualitative evidence synthesis of women’s and maternity care providers’ views and experiences,Digitalisierung - jetzt
rqlfc39k,mxpdmrfu,-0.064315945,Factors associated with mental health outcomes among medical residents exposed to COVID-19,Digitalisierung - jetzt
a6ozuo9o,0xcxvdf3,-0.06429894,Confront the challenges of 2020 with community support,An EUA for Casirivimab and Imdevimab for COVID-19
pj9jl67a,mxpdmrfu,-0.06429433,Detection and Estimation of Local Signals,Digitalisierung - jetzt
mxpdmrfu,43s11jet,-0.06428802,Digitalisierung - jetzt,Risk factors and potential outcomes of COVID-2019 - A narrative review with focus on cardiovascular health
mxpdmrfu,a95koj1n,-0.064228214,Digitalisierung - jetzt,Asthma risk factors
zxq502ym,0xcxvdf3,-0.06419134,Be aware of how COVID‐19 could impact international students,An EUA for Casirivimab and Imdevimab for COVID-19
b965x25b,mxpdmrfu,-0.064189225,Faces of Risk and Resilience: Fathers and Their Families,Digitalisierung - jetzt
0xcxvdf3,89mu2f8o,-0.0641871,An EUA for Casirivimab and Imdevimab for COVID-19,We have to get it right: Ensuring success
gsonpunw,prxgf5c3,-0.0641847,Campylobacteriose — eine zoonotische Infektionskrankheit,Financials
gsonpunw,aci0fr75,-0.064161494,Campylobacteriose — eine zoonotische Infektionskrankheit,[Clinical applications of smartwatches]
gsonpunw,dxyjbwer,-0.064161494,Campylobacteriose — eine zoonotische Infektionskrankheit,[Clinical applications of smartwatches].
cvuiispn,zu4tikpu,-0.064151615,Events.,Exkursion in eine postagile Zukunft
zu4tikpu,ukxb9ktz,-0.064151615,Exkursion in eine postagile Zukunft,Events
5c63h6nk,0xcxvdf3,-0.06411959,"Thinking Together, Working Apart: Leveraging a Community of Practice to Facilitate Productive and Meaningful Remote Collaboration",An EUA for Casirivimab and Imdevimab for COVID-19
mxpdmrfu,3b7gokf9,-0.06409469,Digitalisierung - jetzt,Research monitoring practices in critical care research: a survey of current state and attitudes
3d56os6r,c51y8gjc,-0.064089336,hpO: Berufsvereinigung für heilkundlich praktizierte Osteopathie e. V.,The future of scholarly communications
8cluhhii,0xcxvdf3,-0.064087525,A shared future: chemistry's engagement is essential for resilience of people and planet,An EUA for Casirivimab and Imdevimab for COVID-19
0xcxvdf3,x553nwpx,-0.064087376,An EUA for Casirivimab and Imdevimab for COVID-19,Counseling Asynchronous Gifted Students: A 30-Year Perspective
cn3e9vwr,gsonpunw,-0.06407029,Cardiovascular Comorbidities and Covid-19 in Women,Campylobacteriose — eine zoonotische Infektionskrankheit
mxpdmrfu,zcaosblh,-0.06407027,Digitalisierung - jetzt,Tuberculosis among prisoners & health care workers.
mxpdmrfu,pqjh0kd4,-0.06406502,Digitalisierung - jetzt,Waymo Public Road Safety Performance Data
0xcxvdf3,967kifap,-0.064055614,An EUA for Casirivimab and Imdevimab for COVID-19,COVID-19 as a global challenge: towards an inclusive and sustainable future.
mxpdmrfu,zelcymre,-0.064014465,Digitalisierung - jetzt,392. Predictors of Mortality in Hospitalized Patients with COVID-19;A Single Centered Retrospective Analysis
kvrhnxry,3d56os6r,-0.063967176,"Learning from experience in the midst of covid-19: Benefits, challenges, and strategies in online teaching",hpO: Berufsvereinigung für heilkundlich praktizierte Osteopathie e. V.
qvay40pd,mxpdmrfu,-0.063903116,All People.,Digitalisierung - jetzt
mxpdmrfu,ubvdzjkw,-0.06390033,Digitalisierung - jetzt,Shared B cell memory to coronaviruses and other pathogens varies in human age groups and tissues
3d56os6r,5udk98a8,-0.06389794,hpO: Berufsvereinigung für heilkundlich praktizierte Osteopathie e. V.,Prioritising COVID-19 vaccination: an unprecedented conundrum.
tfy484tc,mxpdmrfu,-0.06388041,Agricultural Stakeholders’ Perceptions of Occupational Health and Safety in the Southeastern U.S. Coastal States,Digitalisierung - jetzt
mxpdmrfu,prrdkxhr,-0.06386234,Digitalisierung - jetzt,Covid-19 older hospitalized patients: Three clinical-psychological patterns
jyfw6s6c,mxpdmrfu,-0.063842244,International Investment and Indigenous Peoples’ Environment: A Survey of ISDS Cases from 2000 to 2020,Digitalisierung - jetzt
3d56os6r,wq4bzpmo,-0.06383638,hpO: Berufsvereinigung für heilkundlich praktizierte Osteopathie e. V.,Reconstructing professional philosophy: Lessons from philosophy as a way of life during a time of crises
mxpdmrfu,af4w928d,-0.06382237,Digitalisierung - jetzt,Characteristics of in peripheral blood of 70 hospitalized patients and 8 diarrhea patients with COVID-19
mxpdmrfu,9ctedutu,-0.063819386,Digitalisierung - jetzt,Risk of COVID-19 in Patients With Cancer.
mxpdmrfu,8xvf8emk,-0.063819386,Digitalisierung - jetzt,Risk of COVID-19 in Patients With Cancer.
0xcxvdf3,ksix80ai,-0.06380604,An EUA for Casirivimab and Imdevimab for COVID-19,[Post COVID-19 rehabilitation: A current challenge].
km5z3hpf,mxpdmrfu,-0.06379971,Should Institutions Disclose the Names of Employees with Covid-19?,Digitalisierung - jetzt
mxpdmrfu,2tybpyh6,-0.063744664,Digitalisierung - jetzt,COVID-19 and the healthcare workers
mxpdmrfu,yd75ciwz,-0.063744664,Digitalisierung - jetzt,COVID-19 and the healthcare workers
0xcxvdf3,343jn9p0,-0.063736066,An EUA for Casirivimab and Imdevimab for COVID-19,Personal and Environmental Contributors to Sedentary Behavior of Older Adults in Independent and Assisted Living Facilities.
gsonpunw,eyszs136,-0.06373308,Campylobacteriose — eine zoonotische Infektionskrankheit,Human Subjects Research in Bioemergencies
yjvj6b9b,mxpdmrfu,-0.06371438,Examples of Risk Information Concealment Practice,Digitalisierung - jetzt
0xcxvdf3,x7vrgrg0,-0.06371388,An EUA for Casirivimab and Imdevimab for COVID-19,Managing COVID-19 in resource-limited settings: critical care considerations
qxhpkkhn,0xcxvdf3,-0.063710324,Cardiovascular Biomarkers: Lessons of the Past and Prospects for the Future,An EUA for Casirivimab and Imdevimab for COVID-19
mxpdmrfu,zq08m29k,-0.06370562,Digitalisierung - jetzt,Results are not generalizable to children attending school
mxpdmrfu,9olvehgr,-0.06370247,Digitalisierung - jetzt,Time at Home during the COVID-19 Pandemic: Findings from Focus Groups with Hispanic Parents
zu4tikpu,g9gnlnuq,-0.06365614,Exkursion in eine postagile Zukunft,"COVID‐19 vaccinations: The unknowns, challenges, and hopes"
zu4tikpu,y6f9p96h,-0.063629806,Exkursion in eine postagile Zukunft,Microbiomes for All
44emw2do,3t57next,-0.0636164,Thoughts about COVID-19,Allokation knapper medizinischer Ressourcen auf COVID-19-PatientInnen. Ergebnisse einer Vignettenstudie
7x83qpfl,0xcxvdf3,-0.06361247,Cities and communities beyond COVID-19: How local leadership can change our future for the better,An EUA for Casirivimab and Imdevimab for COVID-19
foh0ht8d,0xcxvdf3,-0.06359929,Seeking control during uncontrollable times: Control abilities and religiosity predict stress during COVID-19,An EUA for Casirivimab and Imdevimab for COVID-19
bvw7yh46,0xcxvdf3,-0.06355854,The Boseman Effect: A Missed Opportunity?,An EUA for Casirivimab and Imdevimab for COVID-19
nno1jdc4,oqdwji8s,-0.063555636,Multiorganinfektionen — komplexe klinisch-infektiologische Krankheiten,Remembering
8i1dlwp8,3d56os6r,-0.06354062,Covid beyond rhetoric.,hpO: Berufsvereinigung für heilkundlich praktizierte Osteopathie e. V.
3d56os6r,tmvexqcl,-0.06353807,hpO: Berufsvereinigung für heilkundlich praktizierte Osteopathie e. V.,Be prepared
s9nx19wn,mxpdmrfu,-0.06349584,Databiology Lab CORONAHACK: Collection of Public COVID-19 Data,Digitalisierung - jetzt
cn3e9vwr,mxpdmrfu,-0.063489206,Cardiovascular Comorbidities and Covid-19 in Women,Digitalisierung - jetzt
0xcxvdf3,pqeejl5h,-0.06347214,An EUA for Casirivimab and Imdevimab for COVID-19,It is vital that we retain some reliable covid-19 surveillance tools
y3hpzj0u,ccobvfmn,-0.063462995,"Acknowledgment of Referees, 2020",Neue Versicherungsprodukte
vrns7adt,mxpdmrfu,-0.06343844,Bacteremia Detection in Second or Subsequent Blood Cultures Among Hospitalized Patients in a Tertiary Care Hospital,Digitalisierung - jetzt
mxpdmrfu,lv0hg324,-0.06343287,Digitalisierung - jetzt,Changes in Health Care Following COVID-19
mrbwxzb7,3d56os6r,-0.06342414,Meaning-Making Through Creativity During COVID-19,hpO: Berufsvereinigung für heilkundlich praktizierte Osteopathie e. V.
mxpdmrfu,scolne5z,-0.06339436,Digitalisierung - jetzt,[Viruses and bats: interdisciplinary issues]
mxpdmrfu,5pxt3gd4,-0.06337124,Digitalisierung - jetzt,COVID-19 Lockdown: Key Factors in Citizens’ Stress
3l3rzrw8,3d56os6r,-0.06336029,Notable advances 2012,hpO: Berufsvereinigung für heilkundlich praktizierte Osteopathie e. V.
mxpdmrfu,x88j7i2k,-0.063359156,Digitalisierung - jetzt,Key Contributions in Clinical Research Informatics
qavm398m,mxpdmrfu,-0.06335819,Influence of COVID‐19 in patients with concurrent tuberculosis coinfections,Digitalisierung - jetzt
alswwike,mxpdmrfu,-0.063356556,Presenteeism and safety culture: evaluation of health workers in a teaching hospital.,Digitalisierung - jetzt
bbfyro3e,mxpdmrfu,-0.06334165,Risk Factors of Fatal Outcome in Patients With COVID-19 Pneumonia,Digitalisierung - jetzt
ft15w83r,nkgs2iv6,-0.06329826,"COVID-19: Knowns, Unknowns, and Questions",Aktuelles Studienergebnis unterstreicht zurückhaltende Kommentierung
ma4dd8ja,aaj9e3v9,-0.06326267,Untouched,9 vragen over vaccineren
zxrksaty,mxpdmrfu,-0.06324721,Prevention measures and risk factors for COVID-19 in Iranian workplaces,Digitalisierung - jetzt
3d56os6r,hb8bnfku,-0.06320594,hpO: Berufsvereinigung für heilkundlich praktizierte Osteopathie e. V.,COVID-19 and Family Law Decision-Making.
mxpdmrfu,dhmr78y8,-0.063199215,Digitalisierung - jetzt,"Characteristics, outcomes and risk factors for mortality of 522 167 patients hospitalised with COVID-19 in Brazil: a retrospective cohort study"
mxpdmrfu,e0pjg759,-0.06319743,Digitalisierung - jetzt,Transfusion requirements in patients with COVID‐19
5l308s0c,mxpdmrfu,-0.06319551,COVID-19: Preliminary Clinical Guidelines for Ophthalmology Practices,Digitalisierung - jetzt
u3j5fwhd,0xcxvdf3,-0.063171715,Factors Predicting Willingness to Share COVID-19 Misinformation,An EUA for Casirivimab and Imdevimab for COVID-19
i6vetquk,3t9d4b0b,-0.06317146,The pathogens,'Der Verbrennungsmotor wird zu einem Bedarfsartikel'
ueszs7m2,3d56os6r,-0.06315902,PSII-B-20 Benefits of a lecture teaching assistant in hiflex courses,hpO: Berufsvereinigung für heilkundlich praktizierte Osteopathie e. V.
el6cvwtk,mxpdmrfu,-0.06315806,Spectrum of COVID-19 in children,Digitalisierung - jetzt
mxpdmrfu,bxqlan20,-0.0631317,Digitalisierung - jetzt,Psychosocial factors and hospitalisations for COVID-19: Prospective cohort study based on a community sample
mxpdmrfu,hzuw5u4p,-0.0631317,Digitalisierung - jetzt,Psychosocial factors and hospitalisations for COVID-19: Prospective cohort study based on a community sample
0xcxvdf3,huk4wy9g,-0.06309409,An EUA for Casirivimab and Imdevimab for COVID-19,Covid-19: the problems with case counting.
3d56os6r,cvg5khww,-0.06309102,hpO: Berufsvereinigung für heilkundlich praktizierte Osteopathie e. V.,Make Your Pitch: A Flexible Assignment for Engaging Students in Aging.
o5l9jnt5,0xcxvdf3,-0.06307786,30 Years to Coomet: Results and Prospects of Cooperation,An EUA for Casirivimab and Imdevimab for COVID-19
sgj7zalh,0xcxvdf3,-0.063065924,Young colleagues need support,An EUA for Casirivimab and Imdevimab for COVID-19
mxpdmrfu,txo1ageh,-0.063048296,Digitalisierung - jetzt,Osteopathic Considerations for the Pregnant Patient with COVID-19
mxpdmrfu,v7jbl6s5,-0.063047186,Digitalisierung - jetzt,FROM THE EDITORS.
mxpdmrfu,yr47dy3j,-0.063047186,Digitalisierung - jetzt,From the Editors.
j9h6n0bm,gsonpunw,-0.06303564,Lessons from a bluering.,Campylobacteriose — eine zoonotische Infektionskrankheit
gsonpunw,a751g2y2,-0.06303564,Campylobacteriose — eine zoonotische Infektionskrankheit,Lessons from COVID.
0ggckln4,mxpdmrfu,-0.06303394,Quantifying and reporting cardiac findings in imaging of COVID-19 patients.,Digitalisierung - jetzt
2g2mv711,0xcxvdf3,-0.063021876,A Psychiatrist's Own Experience of Long Covid: Looking Beyond the Psychosomatic Perspective,An EUA for Casirivimab and Imdevimab for COVID-19
vb3b2viw,zu4tikpu,-0.063014366,Notes and News,Exkursion in eine postagile Zukunft
zu4tikpu,vn89nmit,-0.063014366,Exkursion in eine postagile Zukunft,News and Notes
mxpdmrfu,2hiuakcp,-0.0629974,Digitalisierung - jetzt,"Skin tests for the detection of Mycobacterial infections: achievements, current perspectives, and implications for other diseases"
ach5vomq,gsonpunw,-0.06299036,323. Distribution of Pathogens in Coinfections of Patients Admitted with COVID-19,Campylobacteriose — eine zoonotische Infektionskrankheit
mdd60ic7,0e0stvsd,-0.062988736,Acknowledgement to Referees,BvDU Kurz notiert
mdd60ic7,6gxlv2ci,-0.062988736,Acknowledgement to Referees,BvDU Kurz notiert
nfzoanb9,6gxlv2ci,-0.062988736,Acknowledgement to Referees,BvDU Kurz notiert
nfzoanb9,0e0stvsd,-0.062988736,Acknowledgement to Referees,BvDU Kurz notiert
0e0stvsd,qgrecd29,-0.062988736,BvDU Kurz notiert,Acknowledgement to Referees
6gxlv2ci,qgrecd29,-0.062988736,BvDU Kurz notiert,Acknowledgement to Referees
mxpdmrfu,tzpj3d40,-0.06297679,Digitalisierung - jetzt,Rural Health Care Delivery Organizations and COVID-19: Major Challenges and Implications for Health Care Management Education and Training
i0i0w7ek,0xcxvdf3,-0.06296606,Clinicians and Professional Societies COVID-19 Impact Assessment: Lessons Learned and Compelling Needs,An EUA for Casirivimab and Imdevimab for COVID-19
j6nd02sj,jd0fzvpe,-0.062962875,پیشبینی رفتارهاي پیشگیرانه از کووید-19 بر اساس سازه هاي مدل اعتقاد بهداشتی (HBM): مطالعه مبتنی بر اینترنت در جمعیت استان مازندران,A chance to do it better: Methadone maintenance treatment in the age of Covid-19
mxpdmrfu,0wi67tuw,-0.06294806,Digitalisierung - jetzt,Clinical characteristics of older patients infected with COVID-19: A descriptive study
bj72ywc1,0xcxvdf3,-0.0629442,Perceived Organizational Support and Proactive Innovation Behavior: The Mediating Role of Basic Psychological Needs,An EUA for Casirivimab and Imdevimab for COVID-19
aznwq3oc,tnmk3zpf,-0.062928274,Sociodemographic Factors Associated with Academic Goals in University Students in times of the Covid-19 Pandemic,CAPNETZ fokussiert auf COVID-19
mxpdmrfu,y8twpoyh,-0.06290296,Digitalisierung - jetzt,Identifying Radiological Findings Related to COVID-19 from Medical Literature
mxpdmrfu,z6zd8wbo,-0.06290296,Digitalisierung - jetzt,Identifying Radiological Findings Related to COVID-19 from Medical Literature
6twypq0p,mxpdmrfu,-0.0628834,Incidence and clinical course of COVID-19 in patients with rheumatologic diseases: a population-based study,Digitalisierung - jetzt
3d56os6r,5p09qle8,-0.06287345,hpO: Berufsvereinigung für heilkundlich praktizierte Osteopathie e. V.,Teaching in a Time of COVID Comment
3d56os6r,z22fznf4,-0.062864065,hpO: Berufsvereinigung für heilkundlich praktizierte Osteopathie e. V.,In the Aftermath
mxpdmrfu,o1rh0p9z,-0.06286401,Digitalisierung - jetzt,"Culture, the civic, and religion: characteristics and contributions of cultural analysis through three exemplary books"
3d56os6r,wlrwrisi,-0.062863305,hpO: Berufsvereinigung für heilkundlich praktizierte Osteopathie e. V.,COVID-19: Coming to terms with the absurd
0xcxvdf3,m7dwc5rj,-0.06285793,An EUA for Casirivimab and Imdevimab for COVID-19,The Montescano Effect: Being Resilient Through Challenges and Changes
eh311vl3,mxpdmrfu,-0.06285062,Veterinary history and the development of human relationships with animals.,Digitalisierung - jetzt
mxpdmrfu,fa0k4j19,-0.06284711,Digitalisierung - jetzt,Secondary Data Analysis in Nursing Research: A Contemporary Discussion
3d56os6r,3sg7ol68,-0.062845185,hpO: Berufsvereinigung für heilkundlich praktizierte Osteopathie e. V.,"COVID-19: Look to the Future, Learn from the Past"
4o4s9eb7,mxpdmrfu,-0.06284451,COVID-19 vaccines and women's security,Digitalisierung - jetzt
4lvid53c,mxpdmrfu,-0.06283276,Factors Associated With US Adults' Likelihood of Accepting COVID-19 Vaccination,Digitalisierung - jetzt
mxpdmrfu,s27s4umt,-0.06280644,Digitalisierung - jetzt,Profiles of US Hispanics Unvaccinated for COVID-19
0xcxvdf3,d8t13r9b,-0.0627938,An EUA for Casirivimab and Imdevimab for COVID-19,A Missed Opportunity: Advance Care Planning Documentation in Patients with COVID-19 (W205C)
1c47502n,mxpdmrfu,-0.06278937,Forecast in detail,Digitalisierung - jetzt
mxpdmrfu,r2enjna9,-0.06277547,Digitalisierung - jetzt,Risk and outcomes of COVID‐19 in patients with multiple sclerosis
0xcxvdf3,pseynvmv,-0.06277223,An EUA for Casirivimab and Imdevimab for COVID-19,No aspect of structure should be left behind in relation to student autonomous motivation
qtza4axr,0xcxvdf3,-0.062770836,Meaning of Respect for Older People in Family Relationships,An EUA for Casirivimab and Imdevimab for COVID-19
3l3rzrw8,jjdvtfy1,-0.062764466,Notable advances 2012,Wieloukładowy zespół zapalny u dzieci a COVID-19
ua5h47jg,mxpdmrfu,-0.06276203,Assessment Considerations in Pediatric Patients,Digitalisierung - jetzt
bl3fcwvx,y3hpzj0u,-0.06275263,Stabilisierende Wirkungen durch Kurzarbeit,"Acknowledgment of Referees, 2020"
9enqh9n3,mxpdmrfu,-0.06273835,Pandemics and Firms: Drawing Lessons from History,Digitalisierung - jetzt
3d56os6r,kwy9puxo,-0.062712796,hpO: Berufsvereinigung für heilkundlich praktizierte Osteopathie e. V.,Safety netting; best practice in the face of uncertainty
mxpdmrfu,w31w2xbs,-0.06268763,Digitalisierung - jetzt,Relative bradycardia in patients with COVID-19
8ow3agh0,gsonpunw,-0.06266601,Concerns of Family Caregivers during COVID-19: The Concerns of Caregivers and the Surprising Silver Linings,Campylobacteriose — eine zoonotische Infektionskrankheit
0xcxvdf3,ph76p7x6,-0.062578544,An EUA for Casirivimab and Imdevimab for COVID-19,University Students’ Successive Development From Entrepreneurial Intention to Behavior: The Mediating Role of Commitment and Moderating Role of Family Support
s9bgr6mt,zu4tikpu,-0.06255716,Scooting injuries . . . and other stories,Exkursion in eine postagile Zukunft
gsonpunw,xmibynr8,-0.06254804,Campylobacteriose — eine zoonotische Infektionskrankheit,School Libraries and COVID-19
3d56os6r,cv46j23d,-0.06254593,hpO: Berufsvereinigung für heilkundlich praktizierte Osteopathie e. V.,Teaching students with learning disabilities in a virtual learning environment
w7l8l4d1,0xcxvdf3,-0.06253447,“The Most Dangerous Strain”,An EUA for Casirivimab and Imdevimab for COVID-19
mherdb4v,fouh4jhs,-0.06251734,Lessons for and from COVID‐19 for investors and their advisors,Konjunkturpaket notwendig — Rückkehr zur Schuldenbremse nicht forcieren
0xcxvdf3,8t30tb0g,-0.06251054,An EUA for Casirivimab and Imdevimab for COVID-19,COVID-19 and rheumatology: first steps towards a different future?
05tubjsq,3d56os6r,-0.06249499,Decision Making: Physical Therapist Intervention for Patients With COVID-19 in a Geriatric Setting,hpO: Berufsvereinigung für heilkundlich praktizierte Osteopathie e. V.
mxpdmrfu,au04p09j,-0.062476646,Digitalisierung - jetzt,Pressure Ulcers in Admitted Patients at a Tertiary Care Hospital
mxpdmrfu,a85e31dt,-0.06247489,Digitalisierung - jetzt,Patient characteristics and predictors of mortality in 470 adults admitted to a district general hospital in England with Covid-19
ejzflqha,mxpdmrfu,-0.062455744,COVID-19 Vaccination in Children and University Students,Digitalisierung - jetzt
dwrk0apt,mxpdmrfu,-0.062454574,The Many Faces of COVID-19: Spectrum of Imaging Manifestations,Digitalisierung - jetzt
mxpdmrfu,xfeo3bnv,-0.062453657,Digitalisierung - jetzt,Inflammatory Markers in Gynecologic Oncology Patients Hospitalized with Covid-19
1pdi3bnp,mxpdmrfu,-0.06244029,"A Model of Disparities: Clinical, Environmental, and Sociodemographic Risk Factors Associated with Likelihood of COVID-19 Contraction",Digitalisierung - jetzt
pbkefkcr,3d56os6r,-0.06243227,Pivoting to stay the course: How women entrepreneurs take advantage of opportunities created by the COVID-19 pandemic.,hpO: Berufsvereinigung für heilkundlich praktizierte Osteopathie e. V.
mxpdmrfu,4rpbsj48,-0.06242258,Digitalisierung - jetzt,Public health interventions for epidemics: implications for multiple infection waves
mxpdmrfu,ls8bk3lw,-0.06242093,Digitalisierung - jetzt,Commodification and care: An exploration of workforces’ experiences of care in private and public childcare systems from a feminist political theory of care perspective
mxpdmrfu,kc7vtj4z,-0.062412657,Digitalisierung - jetzt,Benchmarking between two different hospitals on health risk management in the covid-19 emergency
8at5cqrv,mxpdmrfu,-0.062391892,Physicians’ and Nurses’ Knowledge in Palliative Care: Multidimensional Regression Models,Digitalisierung - jetzt
mxpdmrfu,mx28nqty,-0.062391892,Digitalisierung - jetzt,Physicians' and Nurses' Knowledge in Palliative Care: Multidimensional Regression Models
5h5vvxmt,owvwcvnp,-0.06238517,WILDLIFE,Respuesta
3d56os6r,ihqwrbwp,-0.062370487,hpO: Berufsvereinigung für heilkundlich praktizierte Osteopathie e. V.,Commentary: Gift of life in the time of COVID-19.
ytuhhiwf,mxpdmrfu,-0.062323224,Perspectives: Research for all.,Digitalisierung - jetzt
mxpdmrfu,sostagrm,-0.062299475,Digitalisierung - jetzt,Vascular thromboembolic events following COVID‐19 hospital discharge: Incidence and risk factors
hcjpj03p,awanrm9u,-0.062293567,Leitlinien zu COVID-19,Respiratory Pathogens
9sk9n0f9,awanrm9u,-0.062293567,"Anmerkung zu BVerfG, Beschl. v. 16.12.2021 – 1 BvR 1541/20",Respiratory Pathogens
ioveubcb,awanrm9u,-0.062293567,Darmkrebsvorsorge zu COVID‑19‑Zeiten,Respiratory Pathogens
h24oad68,0xcxvdf3,-0.06225613,Mobilizing Disability Studies: A Critical Perspective,An EUA for Casirivimab and Imdevimab for COVID-19
odqlm93q,mxpdmrfu,-0.06223548,Tocilizumab for hospitalized patients with COVID-19,Digitalisierung - jetzt
mxpdmrfu,g7cp75s3,-0.06223548,Digitalisierung - jetzt,Tocilizumab for hospitalized patients with COVID-19
mxpdmrfu,1awg0jaa,-0.062232748,Digitalisierung - jetzt,Special considerations in the management of COVID-19 in rural and remote areas.
3d56os6r,10sfrt76,-0.06221819,hpO: Berufsvereinigung für heilkundlich praktizierte Osteopathie e. V.,Living on‐campus during COVID‐19: Prepare to handle requests for accommodations
mxpdmrfu,p4acj99z,-0.062216934,Digitalisierung - jetzt,Cognitive aspects of students’ attitudes towards covid-19 vaccination
mxpdmrfu,qwzr2b9f,-0.062206898,Digitalisierung - jetzt,Experiences of geriatric nurses in nursing home settings across four countries in the face of the COVID-19 pandemic.
cvg5khww,0xcxvdf3,-0.06220132,Make Your Pitch: A Flexible Assignment for Engaging Students in Aging.,An EUA for Casirivimab and Imdevimab for COVID-19
p6pwjikv,0xcxvdf3,-0.062197354,An intriguing experience: Counselling Covid 19 clients,An EUA for Casirivimab and Imdevimab for COVID-19
mxpdmrfu,ez15vhwy,-0.06217367,Digitalisierung - jetzt,Patient health engagement model: explaining citizens noncompliance and maladaptive behaviors
emzz23tn,gsonpunw,-0.06217232,News,Campylobacteriose — eine zoonotische Infektionskrankheit
w8u0nybu,gsonpunw,-0.06217232,News,Campylobacteriose — eine zoonotische Infektionskrankheit
os8w7c58,gsonpunw,-0.06217232,News.,Campylobacteriose — eine zoonotische Infektionskrankheit
gsonpunw,5atqrqer,-0.06217232,Campylobacteriose — eine zoonotische Infektionskrankheit,News
gsonpunw,gmp48lvd,-0.06217232,Campylobacteriose — eine zoonotische Infektionskrankheit,News
gsonpunw,5h88ypps,-0.06217232,Campylobacteriose — eine zoonotische Infektionskrankheit,News
gsonpunw,tzjytgyf,-0.06217232,Campylobacteriose — eine zoonotische Infektionskrankheit,In the news
3d56os6r,bxwsii19,-0.062170878,hpO: Berufsvereinigung für heilkundlich praktizierte Osteopathie e. V.,"Readers reflect on opportunities, challenges following COVID"
0xcxvdf3,6vyyfvhe,-0.062156595,An EUA for Casirivimab and Imdevimab for COVID-19,Exercise in the time of COVID-19
cbtremkr,mxpdmrfu,-0.062156063,Estimation of basic reproduction number for COVID‐19 and the reasons for its differences,Digitalisierung - jetzt
mxpdmrfu,mlnxjlog,-0.062154617,Digitalisierung - jetzt,The Impact of US County-Level Factors on COVID-19 Morbidity and Mortality
iy9n0knu,0xcxvdf3,-0.062143885,COVID-19: A Quick Look at Aspects of Critical Care,An EUA for Casirivimab and Imdevimab for COVID-19
mxpdmrfu,joy2fu1d,-0.062137783,Digitalisierung - jetzt,Commentary on two reports on animal models of COVID-19
whnsor3g,mxpdmrfu,-0.062137,Incidence of gastrointestinal hemorrhage in hospitalized covid-19 patients and subsequent clinical outcomes,Digitalisierung - jetzt
3d56os6r,xxhznq1f,-0.06212956,hpO: Berufsvereinigung für heilkundlich praktizierte Osteopathie e. V.,"LESSONS IN DIVERSITY, EQUITY, AND INCLUSION."
mxpdmrfu,jyxd4j34,-0.0621258,Digitalisierung - jetzt,The Combined Effects of Television Viewing and Physical Activity on Cardiometabolic Risk Factors: The Kardiovize Study
xols477h,0xcxvdf3,-0.062109295,Critical Issues in Leadership Development for Peer Support Specialists,An EUA for Casirivimab and Imdevimab for COVID-19
mxpdmrfu,w23pjwby,-0.062107146,Digitalisierung - jetzt,Understanding Healthcare Professionals’ Perspectives on Point-of-Care Testing
zqa6urmx,mxpdmrfu,-0.062099468,Associations between sociodemographic factors and physical activity and sedentary behaviors in adults with chronic diseases during COVID-19 pandemic,Digitalisierung - jetzt
albo6u6p,mxpdmrfu,-0.062099468,Associations between sociodemographic factors and physical activity and sedentary behaviors in adults with chronic diseases during COVID-19 pandemic,Digitalisierung - jetzt
nb15amwr,0xcxvdf3,-0.06209132,A time of reflection: a time for change,An EUA for Casirivimab and Imdevimab for COVID-19
3d56os6r,j5ucg7gw,-0.062067505,hpO: Berufsvereinigung für heilkundlich praktizierte Osteopathie e. V.,"Wuchang Fangcang Shelter Hospital: Practices, Experiences, and Lessons Learned in Controlling COVID-19"
3d56os6r,7wgco4st,-0.06203224,hpO: Berufsvereinigung für heilkundlich praktizierte Osteopathie e. V.,"Myoclonus and COVID‐19: A Challenge for the Present, a Lesson for the Future"
10uqp5lj,3d56os6r,-0.062027715,191 Giving birth with COVID-19,hpO: Berufsvereinigung für heilkundlich praktizierte Osteopathie e. V.
yls4h9nx,tnmk3zpf,-0.061982997,In Focus,CAPNETZ fokussiert auf COVID-19
czuo9ma3,v7jbl6s5,-0.061977606,Risikorechner für schweren COVID-19-Verlauf,FROM THE EDITORS.
czuo9ma3,yr47dy3j,-0.061977588,Risikorechner für schweren COVID-19-Verlauf,From the Editors.
l407ox03,mxpdmrfu,-0.061975,Patient characteristics and severity of human rhinovirus infections in children,Digitalisierung - jetzt
3vilx3gr,mxpdmrfu,-0.06194439,Factors motivating destination decisions of Chinese study abroad students,Digitalisierung - jetzt
bl3fcwvx,prxgf5c3,-0.06192581,Stabilisierende Wirkungen durch Kurzarbeit,Financials
mxpdmrfu,tazwdj8m,-0.06190898,Digitalisierung - jetzt,Shaping Students’ Attitudes Toward Diversity: Do Faculty Practices and Interactions With Students Matter?
eme58ztj,mxpdmrfu,-0.061902586,Community Ownership in Primary Health Care—Managing the Intangible,Digitalisierung - jetzt
3d56os6r,ujx47egn,-0.061891973,hpO: Berufsvereinigung für heilkundlich praktizierte Osteopathie e. V.,Teaching safety - Resident anaesthetists at the forefront of COVID-19
99dmwcsp,3d56os6r,-0.061873607,"Transfusion in critical care: Past, present and future.",hpO: Berufsvereinigung für heilkundlich praktizierte Osteopathie e. V.
5em5bydx,mxpdmrfu,-0.061869133,Care of haematology patients in a COVID‐19 epidemic,Digitalisierung - jetzt
tos633ay,mxpdmrfu,-0.061862145,Vaccines in the Pharmacies?,Digitalisierung - jetzt
3d56os6r,heoiofil,-0.061842293,hpO: Berufsvereinigung für heilkundlich praktizierte Osteopathie e. V.,Taking Care of Ourselves
gsonpunw,a3di1tgz,-0.061822444,Campylobacteriose — eine zoonotische Infektionskrankheit,COVID-19 in Pregnant Women and Their Newborn Infants.
cpj0vqan,mxpdmrfu,-0.061818786,U shape association of hemoglobin level with in-hospital mortality for COVID-19 patients,Digitalisierung - jetzt
mxpdmrfu,kk3hesxh,-0.061807152,Digitalisierung - jetzt,Manufacturing of convalescent plasma of COVID-19 patients: Aspects of quality
mxpdmrfu,xswtnj70,-0.06180015,Digitalisierung - jetzt,People’s responses to the COVID-19 pandemic during its early stages and factors affecting those responses
tfa17rl8,3d56os6r,-0.061771292,Where Do the Children Play?,hpO: Berufsvereinigung für heilkundlich praktizierte Osteopathie e. V.
4zqvazw6,mxpdmrfu,-0.061766353,B cells and COVID-19: Lessons from agammaglobulinemia patients and the study of functional B cell polymorphisms,Digitalisierung - jetzt
cql5m00f,3d56os6r,-0.061755262,Shaping the future of science: COVID-19 highlighting the importance of GeoHealth,hpO: Berufsvereinigung für heilkundlich praktizierte Osteopathie e. V.
zu148cz9,0xcxvdf3,-0.061752327,The role of goal orientations and learning approaches in explaining digital concept mapping utilization in problem-based learning,An EUA for Casirivimab and Imdevimab for COVID-19
tos633ay,gsonpunw,-0.061725475,Vaccines in the Pharmacies?,Campylobacteriose — eine zoonotische Infektionskrankheit
3d56os6r,bwtit080,-0.061707783,hpO: Berufsvereinigung für heilkundlich praktizierte Osteopathie e. V.,Goals and good health: Undergraduates' goals for avoiding COVID-19
mxpdmrfu,p6yzqeb8,-0.061705332,Digitalisierung - jetzt,Digitization in gynecology and obstetrics in times of COVID-19: Results of a national survey
livtaxla,zu4tikpu,-0.061703596,"Postsecondary education, COVID‐19, and students with disabilities",Exkursion in eine postagile Zukunft
3d56os6r,w9ka0xq1,-0.061684944,hpO: Berufsvereinigung für heilkundlich praktizierte Osteopathie e. V.,Covid-19 in children – what is known so far
f5hfssk5,mxpdmrfu,-0.06166691,Comparative analysis of selected genes from Diachasmimorpha longicaudata entomopoxvirus and other poxviruses,Digitalisierung - jetzt
70ikknhe,bl3fcwvx,-0.06165983,Guest Editors,Stabilisierende Wirkungen durch Kurzarbeit
mxpdmrfu,qi4vjd9c,-0.061657496,Digitalisierung - jetzt,COVID-19 Concerns Among Persons With Mental Illness
mxpdmrfu,eyerwtk9,-0.06163633,Digitalisierung - jetzt,Clinical news
mxpdmrfu,daj14mp9,-0.06160392,Digitalisierung - jetzt,Safety Events in Children's Hospitals During the COVID-19 Pandemic.
0xcxvdf3,c7kz4njr,-0.06159793,An EUA for Casirivimab and Imdevimab for COVID-19,"COVID-19, smart work, and collaborative space: A crisis-opportunity perspective"
0xcxvdf3,uttaizt0,-0.06159793,An EUA for Casirivimab and Imdevimab for COVID-19,"COVID-19, smart work, and collaborative space_ A crisis-opportunity perspective"
mxpdmrfu,kohlxei0,-0.061595283,Digitalisierung - jetzt,Academic women and their children: Parenting during COVID-19 and the impact on scholarly productivity
g73mbg31,3d56os6r,-0.06158833,The History and Birth of CIRSE: An Exercise in Unification.,hpO: Berufsvereinigung für heilkundlich praktizierte Osteopathie e. V.
3d56os6r,89slu3rr,-0.061572548,hpO: Berufsvereinigung für heilkundlich praktizierte Osteopathie e. V.,Covid-19: Pandemonium in our time.
0xcxvdf3,wxli2wq3,-0.06156968,An EUA for Casirivimab and Imdevimab for COVID-19,The Rheumatologist’s Role in the Battle Against COVID-19: Insights from the Front Line and Challenges for the Future
1xvkxi2a,jjdvtfy1,-0.061557792,Simplifying Language Is Inclusive and Improves Access to Up-to-Date Scientific Information,Wieloukładowy zespół zapalny u dzieci a COVID-19
4wszv0mo,jjdvtfy1,-0.061557792,Simplifying Language Is Inclusive and Improves Access to Up-to-Date Scientific Information,Wieloukładowy zespół zapalny u dzieci a COVID-19
2kxvzyuk,jjdvtfy1,-0.061545964,Stand out in a crowd.,Wieloukładowy zespół zapalny u dzieci a COVID-19
d060valt,gsonpunw,-0.06150866,Cardiovascular biomarkers in patients with COVID-19,Campylobacteriose — eine zoonotische Infektionskrankheit
0e69oyia,0xcxvdf3,-0.06150471,Disruptive Engineering and Education in Emerging Economies: Challenges and Prospects,An EUA for Casirivimab and Imdevimab for COVID-19
mxpdmrfu,br6d9m23,-0.06148362,Digitalisierung - jetzt,Top 20 Research Studies of 2020 for Primary Care Physicians.
gsonpunw,y6f9p96h,-0.061479785,Campylobacteriose — eine zoonotische Infektionskrankheit,Microbiomes for All
mxpdmrfu,t6jcz7kp,-0.061468523,Digitalisierung - jetzt,Outcomes of COVID-19 contact tracing in hospital healthcare workers: A retrospective cohort study
mxpdmrfu,1alzbdjs,-0.06145985,Digitalisierung - jetzt,Determinants of compliance with the implementation of the COVID-19 health protocol in the community of Kediri City
nr08hupd,mxpdmrfu,-0.061445754,"Clinical characteristics of COVID-19 patients in Xiaogan, China: Comparison between recent imported cases and earlier local cases",Digitalisierung - jetzt
mxpdmrfu,ibdyd3v2,-0.061434858,Digitalisierung - jetzt,Pharmacological approaches to the treatment of COVID-19 patients.
m2c5w8yv,0xcxvdf3,-0.061425522,'I want to help as many people as possible',An EUA for Casirivimab and Imdevimab for COVID-19
mxpdmrfu,qzhw9uqb,-0.061422963,Digitalisierung - jetzt,Nursing Perspectives on the Impacts of COVID-19
mxpdmrfu,xyhde7gm,-0.06137584,Digitalisierung - jetzt,The Brazilian Family Health Strategy and adult health: Evidence from individual and local data for metropolitan areas.
zwsnsygw,mxpdmrfu,-0.061341897,Qualitative study exploring barriers and facilitators to progression for female medical clinical academics: interviews with female associate professors and professors,Digitalisierung - jetzt
71rs7giy,jjdvtfy1,-0.061336026,Recent advances in detection technologies for COVID-19,Wieloukładowy zespół zapalny u dzieci a COVID-19
4kthfpkl,3d56os6r,-0.061335176,"Podophyllotoxin: History, Recent Advances and Future Prospects",hpO: Berufsvereinigung für heilkundlich praktizierte Osteopathie e. V.
0xcxvdf3,57zubtxh,-0.061334275,An EUA for Casirivimab and Imdevimab for COVID-19,How will the psychological impact of Covid-19 affect different personality types?
h68glk21,gsonpunw,-0.06133154,Neurological aspects of COVID-19,Campylobacteriose — eine zoonotische Infektionskrankheit
mxpdmrfu,ws06npmk,-0.061330527,Digitalisierung - jetzt,Predictive Values of Coagulation Parameters to Monitor COVID-19 Patients
nv7yof3c,mxpdmrfu,-0.06129394,Clinical Outcomes in Patients With Heart Failure Hospitalized With COVID-19,Digitalisierung - jetzt
0xcxvdf3,o96ermpw,-0.061286233,An EUA for Casirivimab and Imdevimab for COVID-19,Understanding COVID-19: are children the key?
uw7i3i3x,tnmk3zpf,-0.061253715,"Limitations, Major Findings, and Implications",CAPNETZ fokussiert auf COVID-19
mtbe4700,3d56os6r,-0.06123891,"COVID-19 a short-term challenge, telewound a lifetime change",hpO: Berufsvereinigung für heilkundlich praktizierte Osteopathie e. V.
w3s9j90r,0xcxvdf3,-0.061236158,Healthcare 2020: Moving Forward through Leadership,An EUA for Casirivimab and Imdevimab for COVID-19
3d56os6r,5zhvc0nl,-0.061234266,hpO: Berufsvereinigung für heilkundlich praktizierte Osteopathie e. V.,Outcomes of a COVID Mobility Team
mxpdmrfu,pe5e8w0w,-0.061228525,Digitalisierung - jetzt,365. Characteristics and outcomes of COVID-19 patients admitted to a regional health system in the southeast
cc3u51ky,mxpdmrfu,-0.0612246,Gastrointestinal manifestations in COVID-19,Digitalisierung - jetzt
mxpdmrfu,czjpt54d,-0.0612246,Digitalisierung - jetzt,Gastrointestinal manifestations of COVID-19.
und4b73i,0xcxvdf3,-0.061223477,How COVID-19 Disrupts—and Enhances—My Clinical Work,An EUA for Casirivimab and Imdevimab for COVID-19
abb9mnfi,0xcxvdf3,-0.061189186,Challenges in COVID-19 diagnosis.,An EUA for Casirivimab and Imdevimab for COVID-19
sfarwvit,i6vetquk,-0.061174806,So machen Vermittler ihren Betrieb zukunftsfest,The pathogens
pwjhyw9a,0xcxvdf3,-0.061159164,A shifty target,An EUA for Casirivimab and Imdevimab for COVID-19
vfxoewmf,0xcxvdf3,-0.0611574,Growth and integration's impact under a new dynamic approach,An EUA for Casirivimab and Imdevimab for COVID-19
mxpdmrfu,iak66nv9,-0.061156277,Digitalisierung - jetzt,Health-Related Behaviors and Odds of COVID-19 Hospitalization in a Military Population
5ykwwq75,mxpdmrfu,-0.06115053,Biological weapons: Hospital preparedness to bioterrorism and other infectious disease emergencies,Digitalisierung - jetzt
3d56os6r,8c85x4zj,-0.061141986,hpO: Berufsvereinigung für heilkundlich praktizierte Osteopathie e. V.,Stakeholder Perspectives on Access and Benefit-Sharing for Areas Beyond National Jurisdiction
z4blmcd0,oquhgthb,-0.061122574,COVID-19 and VIH,Choices.
xjgv4jk5,mxpdmrfu,-0.061102293,[The report's conclusions as seen by professional nursing organizations].,Digitalisierung - jetzt
2yemtt6w,jjdvtfy1,-0.061084144,Lift the veil of rumors: the impact of the characteristics of information sources on the effectiveness of rumors spreading,Wieloukładowy zespół zapalny u dzieci a COVID-19
mxpdmrfu,zgfcei7x,-0.061077986,Digitalisierung - jetzt,A critical appraisal of the quality of critical care pharmacotherapy clinical practice guidelines and their strength of recommendations.
6spnk4sj,gsonpunw,-0.06107655,Acknowledgment to reviewers—2020,Campylobacteriose — eine zoonotische Infektionskrankheit
mxpdmrfu,6pxiwa6i,-0.06104374,Digitalisierung - jetzt,International examples of primary care COVID-19 preparedness and response: a comparison of four countries
hcjpj03p,yw0gdp78,-0.061043635,Leitlinien zu COVID-19,Clinical Characteristics and Prognostic Factors of 148 COVID-19 Cases in a Secondary Epidemic Area
ioveubcb,yw0gdp78,-0.061043635,Darmkrebsvorsorge zu COVID‑19‑Zeiten,Clinical Characteristics and Prognostic Factors of 148 COVID-19 Cases in a Secondary Epidemic Area
9sk9n0f9,yw0gdp78,-0.061043635,"Anmerkung zu BVerfG, Beschl. v. 16.12.2021 – 1 BvR 1541/20",Clinical Characteristics and Prognostic Factors of 148 COVID-19 Cases in a Secondary Epidemic Area
nx45ej1r,mxpdmrfu,-0.061020438,Interdependencies and civilization in times of covid-19,Digitalisierung - jetzt
qvay40pd,jjdvtfy1,-0.060990393,All People.,Wieloukładowy zespół zapalny u dzieci a COVID-19
0xcxvdf3,w3itjqit,-0.060989276,An EUA for Casirivimab and Imdevimab for COVID-19,Long COVID: tackling a multifaceted condition requires a multidisciplinary approach
3d56os6r,3ou1hb67,-0.060986638,hpO: Berufsvereinigung für heilkundlich praktizierte Osteopathie e. V.,Considering Mandatory Vaccination of Children for COVID-19.
mxpdmrfu,873txs85,-0.060954493,Digitalisierung - jetzt,Cardiovascular manifestations and treatment considerations in COVID-19
whorrpay,3d56os6r,-0.060952395,"Serendipity, opportunity and impact",hpO: Berufsvereinigung für heilkundlich praktizierte Osteopathie e. V.
7rjjhd66,mxpdmrfu,-0.06095169,Signals of Cardiovascular Issues with COVID19 Vaccines in VAERS,Digitalisierung - jetzt
gh8lqpfm,mxpdmrfu,-0.06095161,Government disclosure in influencing people’s behaviors during a public health emergency,Digitalisierung - jetzt
6y6nnqno,mxpdmrfu,-0.06095159,Characteristics of laboratory findings of COVID-19 patients with comorbid diabetes mellitus,Digitalisierung - jetzt
mxpdmrfu,x3rcgt7j,-0.060946327,Digitalisierung - jetzt,Husbandry and Medical Care of Callitrichids
nt52i8zy,0xcxvdf3,-0.060918756,Researching the future of purchasing and supply management: The purpose and potential of scenarios,An EUA for Casirivimab and Imdevimab for COVID-19
3va33znc,mxpdmrfu,-0.06090852,COVID‐19 and market risk: An assessment of the G‐20 nations,Digitalisierung - jetzt
mxpdmrfu,p5s7vp4o,-0.060892962,Digitalisierung - jetzt,Managing diabetes during treatment for breast cancer: oncology and primary care providers’ views on barriers and facilitators
kknfl496,aq63jl63,-0.060880527,Thrombocytopathy and endotheliopathy: crucial contributors to COVID-19 thromboinflammation,Wir beweisen Gestaltungswillen
aq63jl63,15ptp8km,-0.060880527,Wir beweisen Gestaltungswillen,Thrombocytopathy and endotheliopathy: crucial contributors to COVID-19 thromboinflammation
mxpdmrfu,a24kw4jc,-0.060863562,Digitalisierung - jetzt,"Prevalence, risk factors, and clinical correlates of insomnia in volunteer and at home medical staff during the COVID-19"
ml78ndaj,0xcxvdf3,-0.06084707,Reorganization and expansion of the nidoviral family Arteriviridae,An EUA for Casirivimab and Imdevimab for COVID-19
794kqbxk,mxpdmrfu,-0.06084582,Vaccines in the public eye.,Digitalisierung - jetzt
3d56os6r,w6z0l1yx,-0.06084514,hpO: Berufsvereinigung für heilkundlich praktizierte Osteopathie e. V.,Children's Hospitals and Impact of COVID-19.
0xcxvdf3,c7lhmmf8,-0.0608321,An EUA for Casirivimab and Imdevimab for COVID-19,Potential for state restrictions to impact critical care of pregnant patients with COVID-19
0xcxvdf3,g996uqay,-0.060810465,An EUA for Casirivimab and Imdevimab for COVID-19,The powerful hold of COVID-19
w3bomlyn,0xcxvdf3,-0.060792573,Key Aspects in Nutritional Management of COVID-19 Patients,An EUA for Casirivimab and Imdevimab for COVID-19
0xcxvdf3,r493xr7j,-0.060792573,An EUA for Casirivimab and Imdevimab for COVID-19,Key Aspects in Nutritional Management of COVID-19 Patients
mxpdmrfu,lhwlkejx,-0.060771223,Digitalisierung - jetzt,Many small steps towards a COVID-19 drug
mxpdmrfu,3dctwtjl,-0.06077002,Digitalisierung - jetzt,Bacterial infections in COVID-19 patients and their possible treatments
mxpdmrfu,m5e3jh8n,-0.060736977,Digitalisierung - jetzt,"Illness Fears, Psychological Distress, and Behavioral Responses to COVID-19 among Primary Care Providers"
mxpdmrfu,eo6v4f1m,-0.060722884,Digitalisierung - jetzt,Food habits and associated risk factors of depressed patients with cardiovascular disease
mxpdmrfu,xwnrugou,-0.060717765,Digitalisierung - jetzt,Radiologist Reporting and Operational Management for Patients With Suspected COVID-19
3d56os6r,cj4af2e6,-0.060660638,hpO: Berufsvereinigung für heilkundlich praktizierte Osteopathie e. V.,Teaming with NAADP.
gsonpunw,uyso1gev,-0.060659703,Campylobacteriose — eine zoonotische Infektionskrankheit,"COVID-19 Testing in Schools: Perspectives of School Administrators, Teachers, Parents, and Students in Southern California"
hcxky17t,mherdb4v,-0.060657617,COVID-19-Infektion ist kein Arbeitsunfall,Lessons for and from COVID‐19 for investors and their advisors
mxpdmrfu,iycm98e0,-0.06065106,Digitalisierung - jetzt,Anticoagulation in Hospitalized Patients with Covid-19.
9h2fk9qt,mxpdmrfu,-0.06065005,Microbiology of hospital wastewater,Digitalisierung - jetzt
6x9ii84j,0xcxvdf3,-0.060647085,COVID-19: unprecedented but expected.,An EUA for Casirivimab and Imdevimab for COVID-19
3d56os6r,6bo7aipw,-0.060634553,hpO: Berufsvereinigung für heilkundlich praktizierte Osteopathie e. V.,"Experiences, challenges and lessons learnt in medical staff redeployment during response to COVID-19"
9h8qkngt,0xcxvdf3,-0.060623385,Introduction: Capabilities and Covid-19,An EUA for Casirivimab and Imdevimab for COVID-19
cwri42bd,3d56os6r,-0.060593568,Assessing the options.,hpO: Berufsvereinigung für heilkundlich praktizierte Osteopathie e. V.
o6xtwl57,mxpdmrfu,-0.06057965,Roadblocks and successes in preparing COVID-19 vaccination clinics: Perspectives from pharmacy residents,Digitalisierung - jetzt
0xcxvdf3,s6bwpk8u,-0.060574166,An EUA for Casirivimab and Imdevimab for COVID-19,The Right Time for Steroids in Covid-19
wt0uykcw,mxpdmrfu,-0.060523216,People and Knowledge,Digitalisierung - jetzt
kknfl496,tnmk3zpf,-0.060520478,Thrombocytopathy and endotheliopathy: crucial contributors to COVID-19 thromboinflammation,CAPNETZ fokussiert auf COVID-19
15ptp8km,tnmk3zpf,-0.060520478,Thrombocytopathy and endotheliopathy: crucial contributors to COVID-19 thromboinflammation,CAPNETZ fokussiert auf COVID-19
mxpdmrfu,awanrm9u,-0.060515493,Digitalisierung - jetzt,Respiratory Pathogens
gsonpunw,tv6zty9t,-0.06048906,Campylobacteriose — eine zoonotische Infektionskrankheit,COVID-19 and strategic communication with parents and guardians of college students
0yub8yko,mxpdmrfu,-0.060442813,Risk contribution of comorbidities in hospitalized patients with Covid 19 pneumonia,Digitalisierung - jetzt
mxpdmrfu,q73o1sns,-0.06038784,Digitalisierung - jetzt,The Risk of Diabetes on Clinical Outcomes in Patients with Coronavirus Disease 2019: A Retrospective Cohort Study
mxpdmrfu,x9uqsyvi,-0.06037694,Digitalisierung - jetzt,Recommendations for Pregnant Members of Dermatology Health Care Teams During the COVID-19 Pandemic
0xcxvdf3,ka0c0y1w,-0.060371708,An EUA for Casirivimab and Imdevimab for COVID-19,The emerging role of incretins and twincretins
mxpdmrfu,s73z3cfi,-0.060354732,Digitalisierung - jetzt,COVID-19 as a risk factor for obstetric violence
3d56os6r,wsw2s7il,-0.060241126,hpO: Berufsvereinigung für heilkundlich praktizierte Osteopathie e. V.,Instructor Presence in a Virtual Classroom
3d56os6r,6u4xpmum,-0.06023843,hpO: Berufsvereinigung für heilkundlich praktizierte Osteopathie e. V.,The impact of timetable on student’s absences and performance
mxpdmrfu,pbh2dvbg,-0.06023463,Digitalisierung - jetzt,The consequences of COVID-19 for gastroenterology nursing.
3d56os6r,qeqx23j2,-0.060202308,hpO: Berufsvereinigung für heilkundlich praktizierte Osteopathie e. V.,"Patient, clinician and independent observer perspectives of shared decision making in adult orthodontics."
b7r07cyi,mxpdmrfu,-0.060184397,Neurologic Manifestations and Complications of COVID-19,Digitalisierung - jetzt
mxpdmrfu,htd4i2e7,-0.060165204,Digitalisierung - jetzt,A Retrospective Study of the Related Common factors of COVID-19
zx0kvdue,mxpdmrfu,-0.06013199,Chromatographic methods development for clinical practice: requirements and limitations,Digitalisierung - jetzt
gsonpunw,33z6z11e,-0.060103294,Campylobacteriose — eine zoonotische Infektionskrankheit,Children of frontline COVID-19 warriors: Our observations
ft3adska,mxpdmrfu,-0.060097747,548. Baseline characteristics associated with clinical improvement and mortality in hospitalized patients with moderate COVID-19,Digitalisierung - jetzt
z38pmxxz,mxpdmrfu,-0.060096826,Awareness of Human Factors in the operating theatres during the COVID-19 pandemic,Digitalisierung - jetzt
mxpdmrfu,mpx4tmue,-0.06008811,Digitalisierung - jetzt,Factors Associated with COVID-19 Mitigation Behavior among US Adults
gsonpunw,ro12jwoc,-0.06007836,Campylobacteriose — eine zoonotische Infektionskrankheit,People are to blame for Covid-19.
6x9ii84j,3d56os6r,-0.060077313,COVID-19: unprecedented but expected.,hpO: Berufsvereinigung für heilkundlich praktizierte Osteopathie e. V.
0agoydpu,mxpdmrfu,-0.060063243,Clinical care and other categories posters: Diabetes specialist nurse,Digitalisierung - jetzt
33yj5g5v,mxpdmrfu,-0.060058527,Preadmission Diabetes-Specific Risk Factors for Mortality in Hospitalized Patients With Diabetes and Coronavirus Disease 2019,Digitalisierung - jetzt
8ki8rmpz,0xcxvdf3,-0.060050536,“Resident” experts without experience,An EUA for Casirivimab and Imdevimab for COVID-19
nhz3pye2,mxpdmrfu,-0.06004302,Unprotected mothers and infants breastfeeding in public amenities during the COVID-19 pandemic,Digitalisierung - jetzt
4tmsay3w,mxpdmrfu,-0.06004302,Unprotected mothers and infants breastfeeding in public amenities during the COVID-19 pandemic,Digitalisierung - jetzt
91ozc1zr,3d56os6r,-0.06002459,Measurement of E-Learning Readiness for Students with and without Disabilities,hpO: Berufsvereinigung für heilkundlich praktizierte Osteopathie e. V.
3d56os6r,1y7w08r7,-0.060021706,hpO: Berufsvereinigung für heilkundlich praktizierte Osteopathie e. V.,The COVID-19 pandemic and E-learning: challenges and opportunities from the perspective of students and instructors
j3yckbfg,3d56os6r,-0.060018003,The right of the child to play with special attention to COVID-19 and the digital world,hpO: Berufsvereinigung für heilkundlich praktizierte Osteopathie e. V.
mxpdmrfu,asvkwer2,-0.060017224,Digitalisierung - jetzt,Keeping an Eye on Generation Z Nurses
hfr64h2z,0xcxvdf3,-0.05999561,Resetting the Future of Healthcare Leadership.,An EUA for Casirivimab and Imdevimab for COVID-19
mxpdmrfu,rj4j1s2s,-0.05998973,Digitalisierung - jetzt,Factors Associated With the Resilience of Nurses During the COVID‐19 Pandemic
5i1bobzc,mxpdmrfu,-0.05998001,Centenarians in nursing homes during the COVID-19 pandemic,Digitalisierung - jetzt
2ahrmw9r,mxpdmrfu,-0.059966434,Analysis of airline employees’ perceptions of corporate preparedness for COVID-19 disruptions to airline operations,Digitalisierung - jetzt
3d56os6r,tg0o918v,-0.05996082,hpO: Berufsvereinigung für heilkundlich praktizierte Osteopathie e. V.,The single most important lesson from COVID-19 – It is time to take public health seriously
mxpdmrfu,23xnnis2,-0.059940685,Digitalisierung - jetzt,Risk Factors for 28-Day in-Hospital Mortality in Mechanically Ventilated Patients with COVID-19: An International Cohort Study
3d56os6r,4yjazqhm,-0.0599352,hpO: Berufsvereinigung für heilkundlich praktizierte Osteopathie e. V.,Engaging Communities in Challenging Times: Lessons Learned from the Master Gardener Program During the COVID-19 Pandemic
3d56os6r,ohrirbyx,-0.0599237,hpO: Berufsvereinigung für heilkundlich praktizierte Osteopathie e. V.,Residing in This Moment
2u2x3zvi,0xcxvdf3,-0.05991771,The Adjacent Possible in Primary Care,An EUA for Casirivimab and Imdevimab for COVID-19
fg1qcry5,3cectvkf,-0.05989971,A time to be calm,Beroepsziekten in cijfers 2020
lfd6yr0f,3d56os6r,-0.059880756,Evidence-based decision making during COVID-19 pandemic.,hpO: Berufsvereinigung für heilkundlich praktizierte Osteopathie e. V.
o5phzmur,mxpdmrfu,-0.05987577,Remote Patient Monitoring for COVID-19 Patients: Comparisons and Framework for Reporting,Digitalisierung - jetzt
v19915q5,0xcxvdf3,-0.05986154,A bagging dynamic deep learning network for diagnosing COVID-19,An EUA for Casirivimab and Imdevimab for COVID-19
mxpdmrfu,bzhuna8n,-0.059847884,Digitalisierung - jetzt,Highlights from the 2021 Conference of the International Society of Psychiatric-Mental Health Nurses.
jon0u3zi,mxpdmrfu,-0.059813943,Dynamics and Control of Covid-19: Comments by Two Mathematicians,Digitalisierung - jetzt
mxpdmrfu,hlegieoy,-0.059786156,Digitalisierung - jetzt,Metrics to relate COVID-19 wastewater data to clinical testing dynamics
9fcysssc,mxpdmrfu,-0.05977455,An Insight of Clinical Evidences of Ayurveda Interventions in the Management of COVID-19 Patients,Digitalisierung - jetzt
mxpdmrfu,xgg4028p,-0.059754714,Digitalisierung - jetzt,Moving beyond the measure: Understanding patients' experiences of communication with nurses.
3d56os6r,6rmufz41,-0.059748493,hpO: Berufsvereinigung für heilkundlich praktizierte Osteopathie e. V.,The story of an extraordinary year: Challenges and opportunities in responding to Covid-19
0xcxvdf3,hv4sspks,-0.05972112,An EUA for Casirivimab and Imdevimab for COVID-19,The challenges imposed by COVID-19 on the management of diagnostic centers
0xcxvdf3,jrkh5qe2,-0.05968609,An EUA for Casirivimab and Imdevimab for COVID-19,The Addition of Active Stretching to Balance Strategy Exercise is the Most Effective as a Home-Based Exercise Program in Improving the Balance of the Elderly
ajbp3i8f,mxpdmrfu,-0.0596305,An investigation of potential coronaphobia-related factors in adults and sleep quality relations,Digitalisierung - jetzt
i0i0w7ek,3d56os6r,-0.059628736,Clinicians and Professional Societies COVID-19 Impact Assessment: Lessons Learned and Compelling Needs,hpO: Berufsvereinigung für heilkundlich praktizierte Osteopathie e. V.
mxpdmrfu,iw18shl2,-0.059628546,Digitalisierung - jetzt,Experiences of critical care nurses fighting against COVID-19: A qualitative phenomenological study
gsonpunw,ie11g64f,-0.05960669,Campylobacteriose — eine zoonotische Infektionskrankheit,Redesigning health programmes for all children and adolescents
mxpdmrfu,t4q2l4f0,-0.05959497,Digitalisierung - jetzt,Challenges and adaptations to public involvement with marginalised groups during the COVID-19 pandemic: commentary with illustrative case studies in the context of patient safety research
3d56os6r,srcnujs7,-0.059592947,hpO: Berufsvereinigung für heilkundlich praktizierte Osteopathie e. V.,Not to the intensive care: Is that an autonomous choice?
3d56os6r,8pas3e7k,-0.059577916,hpO: Berufsvereinigung für heilkundlich praktizierte Osteopathie e. V.,First-Year Medical Student Experiences Adjusting to the Immediate Aftermath of COVID-19
mxpdmrfu,03585k3z,-0.059563544,Digitalisierung - jetzt,Pharmacotherapeutic agents for the management of COVID-19 patients with preexisting cardiovascular disease
tspegq76,hqs94hfa,-0.05954462,Koalition bringt E-Patientenakte Richtung Versorgung,Pesticides
avzexn4b,jjdvtfy1,-0.059537783,"Public knowledge, attitudes and practices towards COVID-19",Wieloukładowy zespół zapalny u dzieci a COVID-19
rwydeo0i,mxpdmrfu,-0.05952755,Thrombotic risk in patients with COVID-19,Digitalisierung - jetzt
3x9v84bq,0xcxvdf3,-0.059509728,Critical Periods in Child Development and the Transition to Adulthood.,An EUA for Casirivimab and Imdevimab for COVID-19
j2o6njv5,0xcxvdf3,-0.059508212,Readers remain optimistic in 2021 despite COVID‐19 challenges,An EUA for Casirivimab and Imdevimab for COVID-19
kik401bv,mxpdmrfu,-0.059505668,P010 Management of fibromyalgia patients in secondary care: a retrospective audit,Digitalisierung - jetzt
zu4tikpu,c1qdw17z,-0.05950012,Exkursion in eine postagile Zukunft,Radiological Findings in Patients with COVID-19
w49ygkyy,mxpdmrfu,-0.059491962,Investigations into the impact of nursing unit layout on critical care nurses,Digitalisierung - jetzt
jqlrgv47,gsonpunw,-0.059485044,Cardiovascular Risk Factors and Markers,Campylobacteriose — eine zoonotische Infektionskrankheit
pn098k88,mxpdmrfu,-0.05948063,Bioterrorism,Digitalisierung - jetzt
mxpdmrfu,w9h24b8z,-0.05948063,Digitalisierung - jetzt,Bioterrorism
wwujjzrw,3d56os6r,-0.059479237,Breaking the distance_ Dialogues of care in a time of limited geographies,hpO: Berufsvereinigung für heilkundlich praktizierte Osteopathie e. V.
oqdwji8s,3d56os6r,-0.059457924,Remembering,hpO: Berufsvereinigung für heilkundlich praktizierte Osteopathie e. V.
3d56os6r,mz3kysvr,-0.05944813,hpO: Berufsvereinigung für heilkundlich praktizierte Osteopathie e. V.,General practice in the years ahead: relationships will matter more than ever
mxpdmrfu,6xlpog6d,-0.059442837,Digitalisierung - jetzt,Covid-19 and the Governance of International Organizations
3d56os6r,o1h9j6wj,-0.05942658,hpO: Berufsvereinigung für heilkundlich praktizierte Osteopathie e. V.,Timely Lessons from a Pandemic on the Benefits of Person Centric Care in Long Term Care Facilities
gsonpunw,pebt5r38,-0.059418306,Campylobacteriose — eine zoonotische Infektionskrankheit,Children's Covid-19 Literature
1giuyejd,mxpdmrfu,-0.05941691,Haematological Parameters And Outcome In Hospitalized Patients With Covid-19: A Developing Country Experience.,Digitalisierung - jetzt
3d56os6r,qh6hxh2k,-0.059409212,hpO: Berufsvereinigung für heilkundlich praktizierte Osteopathie e. V.,Medical students and COVID-19: lessons learnt from the 2020 pandemic.
3d56os6r,moenx176,-0.05940502,hpO: Berufsvereinigung für heilkundlich praktizierte Osteopathie e. V.,Potential Impact of the COVID-19 Pandemic on Communication and Language Skills in Children
3d56os6r,nblbacmn,-0.05940502,hpO: Berufsvereinigung für heilkundlich praktizierte Osteopathie e. V.,Potential Impact of the COVID-19 Pandemic on Communication and Language Skills in Children.
k09tw7gf,3d56os6r,-0.059392825,"What matters, most-especially now?",hpO: Berufsvereinigung für heilkundlich praktizierte Osteopathie e. V.
3d56os6r,kiss83nd,-0.05938951,hpO: Berufsvereinigung für heilkundlich praktizierte Osteopathie e. V.,Factors affecting the choice of a future medical specialty of the junior doctors in a third world country
z3irrfu4,y3hpzj0u,-0.05938689,"Räumlich getrennt, virtuell vereint","Acknowledgment of Referees, 2020"
0xcxvdf3,wb0kfje5,-0.059374224,An EUA for Casirivimab and Imdevimab for COVID-19,Explaining Support for Conspiratorial Leaders in the Time of COVID-19: The Role of Situational Anxiety
tnmk3zpf,yw0gdp78,-0.059370562,CAPNETZ fokussiert auf COVID-19,Clinical Characteristics and Prognostic Factors of 148 COVID-19 Cases in a Secondary Epidemic Area
0xcxvdf3,b69ai0sp,-0.05936121,An EUA for Casirivimab and Imdevimab for COVID-19,H(2)S as a potential defense against COVID-19?
mxpdmrfu,zfxxf7if,-0.059352487,Digitalisierung - jetzt,Lymphopenia as a Biological Predictor of Outcomes in COVID-19 Patients: A Nationwide Cohort Study
mxpdmrfu,m92u37so,-0.059318576,Digitalisierung - jetzt,Glucometabolic changes influence hospitalization and outcome in patients with COVID-19: An observational cohort study
9xdtmum6,mxpdmrfu,-0.059315693,Covid-19: considerations in the management of airway in pediatric patients,Digitalisierung - jetzt
5x4mpmot,0xcxvdf3,-0.059306398,How the COVID-19 pandemic will change the future of critical care,An EUA for Casirivimab and Imdevimab for COVID-19
mxpdmrfu,0tdtyr6f,-0.05930427,Digitalisierung - jetzt,Gender Differences in Critical Illness and Critical Care Research
2k8jl5qw,tnmk3zpf,-0.059296962,The Political Determinants of Health.,CAPNETZ fokussiert auf COVID-19
0xcxvdf3,tnewuhd9,-0.059294935,An EUA for Casirivimab and Imdevimab for COVID-19,COVID-19: the new challenge for rheumatologists. One year later
mxpdmrfu,71lsoctj,-0.059290618,Digitalisierung - jetzt,Characterization of Bacterial and Fungal Infections in Hospitalized Patients With Coronavirus Disease 2019 and Factors Associated With Health Care-Associated Infections
mxpdmrfu,6z619phm,-0.05927231,Digitalisierung - jetzt,Regional public goods and international organizations
mxpdmrfu,23q36tvx,-0.059266753,Digitalisierung - jetzt,Public health: Life lessons
f3f9uixb,3d56os6r,-0.05926113,Using FAIR principles for improving the preparedness of healthcare teams involved in-home care during COVID-19.,hpO: Berufsvereinigung für heilkundlich praktizierte Osteopathie e. V.
o55192i9,mxpdmrfu,-0.05925718,Are shared streets acceptable to pedestrians and drivers? Evidence from Virtual Reality experiments,Digitalisierung - jetzt
6638hjxq,3d56os6r,-0.05924909,A matter of priority: equitable access to COVID-19 vaccines,hpO: Berufsvereinigung für heilkundlich praktizierte Osteopathie e. V.
mdd60ic7,hcjpj03p,-0.059244055,Acknowledgement to Referees,Leitlinien zu COVID-19
mdd60ic7,ioveubcb,-0.059244055,Acknowledgement to Referees,Darmkrebsvorsorge zu COVID‑19‑Zeiten
mdd60ic7,9sk9n0f9,-0.059244055,Acknowledgement to Referees,"Anmerkung zu BVerfG, Beschl. v. 16.12.2021 – 1 BvR 1541/20"
nfzoanb9,hcjpj03p,-0.059244055,Acknowledgement to Referees,Leitlinien zu COVID-19
nfzoanb9,9sk9n0f9,-0.059244055,Acknowledgement to Referees,"Anmerkung zu BVerfG, Beschl. v. 16.12.2021 – 1 BvR 1541/20"
nfzoanb9,ioveubcb,-0.059244055,Acknowledgement to Referees,Darmkrebsvorsorge zu COVID‑19‑Zeiten
hcjpj03p,qgrecd29,-0.059244055,Leitlinien zu COVID-19,Acknowledgement to Referees
qgrecd29,ioveubcb,-0.059244055,Acknowledgement to Referees,Darmkrebsvorsorge zu COVID‑19‑Zeiten
qgrecd29,9sk9n0f9,-0.059244055,Acknowledgement to Referees,"Anmerkung zu BVerfG, Beschl. v. 16.12.2021 – 1 BvR 1541/20"
wwvuyhvz,tnmk3zpf,-0.059224226,Environmental Determinants of Health,CAPNETZ fokussiert auf COVID-19
2e9s3ap1,3d56os6r,-0.05921795,The Book in the Digital Age: an Introduction,hpO: Berufsvereinigung für heilkundlich praktizierte Osteopathie e. V.
mxpdmrfu,ouldxal8,-0.05921739,Digitalisierung - jetzt,Embryo importation and cryobanking strategies for laboratory animals and wildlife species
0xcxvdf3,uabdmy4z,-0.059214137,An EUA for Casirivimab and Imdevimab for COVID-19,CATNet: Cross-event Attention-based Time-aware Network for Medical Event Prediction
mxpdmrfu,kq5kxhiv,-0.059203997,Digitalisierung - jetzt,The Many Contexts of the Social Responsibilities of Universities
mxpdmrfu,wuclekt6,-0.059201825,Digitalisierung - jetzt,Longitudinal analysis of laboratory findings during the process of recovery for patients with COVID-19
zu4tikpu,be8iim7m,-0.05920011,Exkursion in eine postagile Zukunft,Imaging Findings in Four COVID-19 Patients
0xcxvdf3,9me4ibvp,-0.059199575,An EUA for Casirivimab and Imdevimab for COVID-19,Shared Governance in Times of Change.
bt08du12,0xcxvdf3,-0.05918083,Retaining the best,An EUA for Casirivimab and Imdevimab for COVID-19
mxpdmrfu,6gzfifr1,-0.059173964,Digitalisierung - jetzt,COVID-19 guidelines incorporated in the health and safety management policies of construction firms
mxpdmrfu,u3blfqag,-0.05917151,Digitalisierung - jetzt,Clinical Predictors of COVID-19 Severity and Mortality: A Perspective
w29omzd1,0xcxvdf3,-0.059164714,"One Year Later, How Does COVID-19 Affect Children?",An EUA for Casirivimab and Imdevimab for COVID-19
3d56os6r,g0ob7t3l,-0.059160993,hpO: Berufsvereinigung für heilkundlich praktizierte Osteopathie e. V.,"In the face of the future, what do we learn from COVID-19?"
0xcxvdf3,u111dbav,-0.059136737,An EUA for Casirivimab and Imdevimab for COVID-19,Realizing our ultimate opportunity
mxpdmrfu,4hke88ps,-0.059135318,Digitalisierung - jetzt,Pediatric COVID-19 and the factors that may mitigate its clinical course
mxpdmrfu,046bz74z,-0.059132926,Digitalisierung - jetzt,Improving continuity by simplifying the structure of family firms: a replication study
inzkqucb,0xcxvdf3,-0.059130825,Introductions to the community: Early-career researchers in the time of COVID-19,An EUA for Casirivimab and Imdevimab for COVID-19
zf3vvjxj,0xcxvdf3,-0.059130806,Introductions to the Community: Early-Career Researchers in the Time of COVID-19,An EUA for Casirivimab and Imdevimab for COVID-19
0xcxvdf3,zh834e6j,-0.059130806,An EUA for Casirivimab and Imdevimab for COVID-19,Introductions to the Community: Early-Career Researchers in the Time of COVID-19.
2va5r0n7,0xcxvdf3,-0.059092242,"How Did Awareness, Emotion, and Motivation Shape Behavior Toward COVID-19 in Tunisians?",An EUA for Casirivimab and Imdevimab for COVID-19
3d56os6r,5hnm5rya,-0.059076335,hpO: Berufsvereinigung für heilkundlich praktizierte Osteopathie e. V.,Motivating Online Learning: The Challenges of COVID-19 and Beyond
1u05w7r4,mxpdmrfu,-0.0590736,Animal tissue culture principles and applications,Digitalisierung - jetzt
hcjpj03p,5h5vvxmt,-0.059070434,Leitlinien zu COVID-19,WILDLIFE
ioveubcb,5h5vvxmt,-0.059070434,Darmkrebsvorsorge zu COVID‑19‑Zeiten,WILDLIFE
9sk9n0f9,5h5vvxmt,-0.059070434,"Anmerkung zu BVerfG, Beschl. v. 16.12.2021 – 1 BvR 1541/20",WILDLIFE
c3z3n3yz,mxpdmrfu,-0.059065674,Laboratory Diagnosis of COVID-19: Current Issues and Challenges,Digitalisierung - jetzt
0sl4xp50,bl3fcwvx,-0.05901478,Neuropathological Features of COVID-19,Stabilisierende Wirkungen durch Kurzarbeit
iqk4phcl,gsonpunw,-0.05899586,Livestock plants and COVID-19 transmission,Campylobacteriose — eine zoonotische Infektionskrankheit
3d56os6r,6luq4fbb,-0.058990527,hpO: Berufsvereinigung für heilkundlich praktizierte Osteopathie e. V.,Forecasting and evaluating intervention of Covid-19 in the World
3d56os6r,2g2mv711,-0.05898582,hpO: Berufsvereinigung für heilkundlich praktizierte Osteopathie e. V.,A Psychiatrist's Own Experience of Long Covid: Looking Beyond the Psychosomatic Perspective
xrwsv0r8,mxpdmrfu,-0.058982097,Blood cell counts and lymphocyte subsets of patients admitted during the COVID‐19 pandemic: a prospective cohort study,Digitalisierung - jetzt
mxpdmrfu,pvfrxh49,-0.058982097,Digitalisierung - jetzt,Blood cell counts and lymphocyte subsets of patients admitted during the COVID-19 pandemic: a prospective cohort study
l93lvopy,gsonpunw,-0.058958832,Journals as communities of practice.,Campylobacteriose — eine zoonotische Infektionskrankheit
rsz09lrb,mxpdmrfu,-0.058954604,Hospital Preparedness and Resilience in Public Health Emergencies at District Hospitals and Community Health Centres,Digitalisierung - jetzt
mp776g45,mxpdmrfu,-0.058918823,Insights on COVID-19 From Community Health Worker State Leaders,Digitalisierung - jetzt
6z7qj9vo,tnmk3zpf,-0.058915988,HEARTS of athletes.,CAPNETZ fokussiert auf COVID-19
ww3npitd,0xcxvdf3,-0.058899216,Role of time-normalized laboratory findings in predicting COVID-19 outcome.,An EUA for Casirivimab and Imdevimab for COVID-19
c2bga549,0xcxvdf3,-0.058898665,Enduring this unexpected time through mutual support and understanding,An EUA for Casirivimab and Imdevimab for COVID-19
0xcxvdf3,ohxc0brx,-0.058898643,An EUA for Casirivimab and Imdevimab for COVID-19,Enduring this unexpected time through mutual support and understanding
bkpog0qj,0xcxvdf3,-0.058892645,The Importance of Shared Decision-Making for Patients with Glioblastoma,An EUA for Casirivimab and Imdevimab for COVID-19
ev7gebip,mxpdmrfu,-0.058877654,Do destinations have multiple lifecycles?,Digitalisierung - jetzt
mxpdmrfu,c7lhmmf8,-0.058854736,Digitalisierung - jetzt,Potential for state restrictions to impact critical care of pregnant patients with COVID-19
zznvkxra,mxpdmrfu,-0.058839705,BASL Abstracts,Digitalisierung - jetzt
01hv5kun,mxpdmrfu,-0.058839705,ABSTRACTS,Digitalisierung - jetzt
zynq5bwv,mxpdmrfu,-0.058839705,2005 ECVIM Abstracts,Digitalisierung - jetzt
8dy2777x,mxpdmrfu,-0.058839705,Abstracts DEGRO 2021,Digitalisierung - jetzt
mxpdmrfu,n3t1jj29,-0.058839705,Digitalisierung - jetzt,ABSTRACTS
lmdnhg1f,3d56os6r,-0.058835708,Impact of COVID-19,hpO: Berufsvereinigung für heilkundlich praktizierte Osteopathie e. V.
mxpdmrfu,4guz2qg4,-0.058829658,Digitalisierung - jetzt,Childcare services in cities: challenges and emerging solutions for women informal workers and their children
gsonpunw,v7xbnfg9,-0.05881966,Campylobacteriose — eine zoonotische Infektionskrankheit,Cautions on the laboratory indicators of COVID‐19 patients on and during admission
mxpdmrfu,whafpui9,-0.058818586,Digitalisierung - jetzt,"The role of personality in COVID-19 related perceptions, evaluations, and behaviors: Findings across five samples, nine traits, and 17 criteria"
a3y3ngex,mxpdmrfu,-0.05881675,"COVID-19 infection: comparing the knowledge, attitude and practices in a sample of nursing students",Digitalisierung - jetzt
jjmxj3fa,0xcxvdf3,-0.058788598,Within Reach,An EUA for Casirivimab and Imdevimab for COVID-19
jbknx3nm,0xcxvdf3,-0.058743216,How can systems thinking help us in the COVID-19 crisis?,An EUA for Casirivimab and Imdevimab for COVID-19
7a1oo55e,mxpdmrfu,-0.058736406,Assessment of risk scores in Covid-19,Digitalisierung - jetzt
mxpdmrfu,054y62hb,-0.058733225,Digitalisierung - jetzt,[Pregnant women complicated with COVID-19: a clinical analysis of 3 cases].
deh9eq35,mxpdmrfu,-0.05870479,Covid-19: managing risk in the workplace.,Digitalisierung - jetzt
3d56os6r,avf7rug0,-0.05868999,hpO: Berufsvereinigung für heilkundlich praktizierte Osteopathie e. V.,COVID-19 Lessons: Compassion and Flexibility are Critical to Equitable Learning
3d56os6r,4zwsrep6,-0.05868344,hpO: Berufsvereinigung für heilkundlich praktizierte Osteopathie e. V.,The right care at the right place with the right specialist
wpno20bo,zu4tikpu,-0.058665887,Immigrants and Immunizations,Exkursion in eine postagile Zukunft
81f9esin,0xcxvdf3,-0.05866031,Current and Perspective Diagnostic Techniques for COVID-19,An EUA for Casirivimab and Imdevimab for COVID-19
mxpdmrfu,thzwd7z6,-0.05865534,Digitalisierung - jetzt,Liability of clinical oncologists and the COVID-19 emergency: Between hopes and concerns
0xcxvdf3,pwdg3k12,-0.058650978,An EUA for Casirivimab and Imdevimab for COVID-19,Caring for Older Adults
3d56os6r,97c16alz,-0.058647487,hpO: Berufsvereinigung für heilkundlich praktizierte Osteopathie e. V.,Care Systems COVID-19 Impact Assessment: Lessons Learned and Compelling Needs.
mxpdmrfu,zuuj2w2g,-0.058643654,Digitalisierung - jetzt,Clinical characteristics and outcomes among COVID-19 hospitalized patients with chronic conditions: A retrospective single-center study
3d56os6r,eyz10x50,-0.0586418,hpO: Berufsvereinigung für heilkundlich praktizierte Osteopathie e. V.,Dedicated delegates rise to the challenge
gsonpunw,6q0qvxy7,-0.05862358,Campylobacteriose — eine zoonotische Infektionskrankheit,COVID-19 in patients with neurological disorders.
0xcxvdf3,lxk2ys1u,-0.05860786,An EUA for Casirivimab and Imdevimab for COVID-19,Revisiting early-stage COVID-19 strategy options.
mxpdmrfu,deapsupc,-0.058604714,Digitalisierung - jetzt,Core outcomes sets for studies evaluating critical illness and patient recovery
0sl4xp50,hcjpj03p,-0.058598455,Neuropathological Features of COVID-19,Leitlinien zu COVID-19
0sl4xp50,9sk9n0f9,-0.058598455,Neuropathological Features of COVID-19,"Anmerkung zu BVerfG, Beschl. v. 16.12.2021 – 1 BvR 1541/20"
0sl4xp50,ioveubcb,-0.058598455,Neuropathological Features of COVID-19,Darmkrebsvorsorge zu COVID‑19‑Zeiten
3d56os6r,qrhudeh9,-0.058592394,hpO: Berufsvereinigung für heilkundlich praktizierte Osteopathie e. V.,Guidance on preparing workplaces for COVID-19
ade5kfqt,jjdvtfy1,-0.05857761,Up-date: Renewable energy and climate change,Wieloukładowy zespół zapalny u dzieci a COVID-19
6r9uwrbz,0xcxvdf3,-0.058576886,Vulnerability as a key concept in relational patient- centered professionalism,An EUA for Casirivimab and Imdevimab for COVID-19
z75w0ug4,tnmk3zpf,-0.058554087,Hematological manifestations and complications of COVID-19,CAPNETZ fokussiert auf COVID-19
ifamg1ix,mxpdmrfu,-0.05855317,"Clinical features, laboratory characteristics, and outcomes of patients hospitalized with coronavirus disease 2019 (COVID-19): Early report from the United States.",Digitalisierung - jetzt
mxpdmrfu,byq9xghc,-0.05855317,Digitalisierung - jetzt,"Clinical features, laboratory characteristics, and outcomes of patients hospitalized with coronavirus disease 2019 (COVID-19): Early report from the United States"
leei8b4v,mxpdmrfu,-0.058551434,Challenges in assessing the impact of environmental health hazards on populations,Digitalisierung - jetzt
tqr0v1sj,mxpdmrfu,-0.058541022,Financial and Economic Aspects of Professional Football Industry: Trends Analysis and Development Prospects,Digitalisierung - jetzt
hg2q4i8x,mxpdmrfu,-0.058529772,Clinics in Laboratory Medicine,Digitalisierung - jetzt
8w4v16xc,3d56os6r,-0.058520507,2020: the Year of Living Cautiously,hpO: Berufsvereinigung für heilkundlich praktizierte Osteopathie e. V.
65q0fcke,mxpdmrfu,-0.058491524,Heart Team meetings during COVID-19,Digitalisierung - jetzt
lw1uh03b,tnmk3zpf,-0.05848029,Key questions: research priorities for student mental health.,CAPNETZ fokussiert auf COVID-19
f1y8v7d5,0xcxvdf3,-0.058460344,COVID times make ‘deep listening’ explicit: changing the space between interviewer and participant,An EUA for Casirivimab and Imdevimab for COVID-19
ay4eqr27,0xcxvdf3,-0.058437638,Clinical features and potential risk factors for discerning the critical cases and predicting the outcome of patients with COVID‐19,An EUA for Casirivimab and Imdevimab for COVID-19
3d56os6r,s5xtsi1b,-0.05842195,hpO: Berufsvereinigung für heilkundlich praktizierte Osteopathie e. V.,The impact of COVID-19 on contraception and abortion care policy and practice: experiences from selected countries
3d56os6r,j115dnhn,-0.05842195,hpO: Berufsvereinigung für heilkundlich praktizierte Osteopathie e. V.,The impact of COVID-19 on contraception and abortion care policy and practice: experiences from selected countries.
tbes7uke,zu4tikpu,-0.05836323,Infections in Travelers and Adoptees from Abroad,Exkursion in eine postagile Zukunft
mxpdmrfu,qmjt1f1l,-0.05833496,Digitalisierung - jetzt,Perceptions of Partisanship in Local Television News
i6vetquk,3t57next,-0.05832546,The pathogens,Allokation knapper medizinischer Ressourcen auf COVID-19-PatientInnen. Ergebnisse einer Vignettenstudie
javx1luo,gsonpunw,-0.058318455,Commentary: COVID-19 in patients with diabetes,Campylobacteriose — eine zoonotische Infektionskrankheit
95u2vws4,yr47dy3j,-0.058317263,Wir haben eine Impfung!,From the Editors.
v7jbl6s5,95u2vws4,-0.058317233,FROM THE EDITORS.,Wir haben eine Impfung!
mxpdmrfu,p4a0we6x,-0.05830421,Digitalisierung - jetzt,COVID-19 Pandemic and Influenza Season in Hospitalized Patients: Concerns and Suggestions.
gsonpunw,7uiufpon,-0.05830259,Campylobacteriose — eine zoonotische Infektionskrankheit,[Burden of COVID-19 on women and men]
n0pqbu4o,mxpdmrfu,-0.05829364,COVID-19 impact and predictive factors for mortality in cancer patients,Digitalisierung - jetzt
mxpdmrfu,5vqchwi2,-0.058278866,Digitalisierung - jetzt,Better clinical outcomes in hospitalized COVID-19 minority patients with accompanying gastrointestinal symptoms
nbd4arhx,mxpdmrfu,-0.058273252,The representation of women as authors of submissions to ecology journals during the COVID-19 pandemic,Digitalisierung - jetzt
mxpdmrfu,fl84iklx,-0.058263864,Digitalisierung - jetzt,"Masks, Politics, Culture and Health"
mxpdmrfu,lwjxqfah,-0.05820525,Digitalisierung - jetzt,Clinical and Biomarker Profiles and Prognosis of Elderly Patients With Coronavirus Disease 2019 (COVID-19) With Cardiovascular Diseases and/or Risk Factors.
56yvxbfx,mxpdmrfu,-0.058174133,Assessing the Diagnostic Accuracy of Teledermatology Consultations at a Local Veterans Affairs Dermatology Clinic,Digitalisierung - jetzt
2ysf8acx,mxpdmrfu,-0.05817119,[Male fertility in the context of COVID-19: Concern and considerations],Digitalisierung - jetzt
6eg44vyf,mxpdmrfu,-0.058168337,Evaluating wildlife markets for pandemic disease risk,Digitalisierung - jetzt
mxpdmrfu,jcvmjso3,-0.058155272,Digitalisierung - jetzt,Cancer Patient Care during COVID-19
mxpdmrfu,8fwje9is,-0.05814784,Digitalisierung - jetzt,Excerpts from the World Medical Literature: Obstetrics
xp8tcnga,3d56os6r,-0.058129054,Communication in the time of COVID-19,hpO: Berufsvereinigung für heilkundlich praktizierte Osteopathie e. V.
3d56os6r,zvjiji1l,-0.058103718,hpO: Berufsvereinigung für heilkundlich praktizierte Osteopathie e. V.,Poster Presentation
gsonpunw,ydkk87a3,-0.05810079,Campylobacteriose — eine zoonotische Infektionskrankheit,"The Effects of Online Homeschooling on Children, Parents, and Teachers of Grades 1-9 During the COVID-19 Pandemic"
dgnw57d2,mxpdmrfu,-0.058087185,Risk factors for clinical progression in patients with COVID-19: a retrospective study of electronic health record data in the United Kingdom,Digitalisierung - jetzt
3d56os6r,kmu4r9d1,-0.058078047,hpO: Berufsvereinigung für heilkundlich praktizierte Osteopathie e. V.,COVID-19: crystallising the importance of patient safety.
mxpdmrfu,aud54cw2,-0.058059365,Digitalisierung - jetzt,Proteinuria and Clinical Outcomes in Hospitalized COVID-19 Patients: A Retrospective Single-Center Study.
ik9hkqlv,mxpdmrfu,-0.058045078,"112 Outcomes and Clinical Characteristics of COVID-19 Disease in the Frail, Elderly Population of Tayside",Digitalisierung - jetzt
cd7adns8,mxpdmrfu,-0.0580296,65 Haematological Diseases in the Tropics,Digitalisierung - jetzt
0l73qn7q,mxpdmrfu,-0.05802004,We are in this together: Maintaining our health care teams' wellness during challenging times.,Digitalisierung - jetzt
tazvpnuu,3d56os6r,-0.05800301,Challenges and Opportunities for Academic Parents During COVID-19,hpO: Berufsvereinigung für heilkundlich praktizierte Osteopathie e. V.
3d56os6r,leeypm3d,-0.058001354,hpO: Berufsvereinigung für heilkundlich praktizierte Osteopathie e. V.,Current scenario and future prospect in the management of COVID-19
gsonpunw,ge9v31ks,-0.058000147,Campylobacteriose — eine zoonotische Infektionskrankheit,COVID-19: Challenges and Opportunities for Educators and Generation Z Learners
gsonpunw,jqqz63kt,-0.058000147,Campylobacteriose — eine zoonotische Infektionskrankheit,COVID-19: Challenges and Opportunities for Educators and Generation Z Learners
22i9ci72,zu4tikpu,-0.057981607,Appendices,Exkursion in eine postagile Zukunft
3d56os6r,hyg2ufsf,-0.05797442,hpO: Berufsvereinigung für heilkundlich praktizierte Osteopathie e. V.,"Inevitable or avoidable? Despite the lessons of history, the world is not yet ready to face the next great plague"
0xcxvdf3,mq3q56eq,-0.05796153,An EUA for Casirivimab and Imdevimab for COVID-19,Future of medical decision support systems
3d56os6r,7rli1bbf,-0.05796055,hpO: Berufsvereinigung für heilkundlich praktizierte Osteopathie e. V.,Taking a wellbeing years approach to policy choice.
0xcxvdf3,r389ctkm,-0.057956524,An EUA for Casirivimab and Imdevimab for COVID-19,Forced flexibility and remote working: Opportunities and challenges in the new normal
mxpdmrfu,qv9x4r6l,-0.057954863,Digitalisierung - jetzt,The Personal and Professional Impact of Patients’ Complaints on Doctors—A Qualitative Approach
gsonpunw,jabqr96l,-0.057944648,Campylobacteriose — eine zoonotische Infektionskrankheit,Rivers in Metropolitan Areas: Gateways to Sustainability
n1qut8ox,0xcxvdf3,-0.05793294,Condemning consensus is not helpful.,An EUA for Casirivimab and Imdevimab for COVID-19
ciu5jhjn,3d56os6r,-0.057932846,Preface: Primary Care during COVID-19 and Beyond,hpO: Berufsvereinigung für heilkundlich praktizierte Osteopathie e. V.
kwgzk0qg,mxpdmrfu,-0.05792656,COVID-19 and Biomedical Publishing: Challenges and Prospects.,Digitalisierung - jetzt
3d56os6r,lig7s6f8,-0.057917956,hpO: Berufsvereinigung für heilkundlich praktizierte Osteopathie e. V.,ISLPED 2020: An Experience of Virtual Conference during COVID-19 Time
ojco4fjv,211g3qk3,-0.05790819,Pflegepolitik in 5 Minuten,Conflicts of Interest
sz8abu0j,211g3qk3,-0.05790819,Pflegepolitik in 5 Minuten,Conflicts of Interest
mxpdmrfu,77uiiahb,-0.05789501,Digitalisierung - jetzt,Factors Affecting Susceptibility of Calves to Disease
mxpdmrfu,torr807v,-0.05788465,Digitalisierung - jetzt,Navigating the Covid-19 Pandemic by Caring for Our Health Care Workforce as They Care for Our Patients
mxpdmrfu,d1j787o1,-0.057868917,Digitalisierung - jetzt,Analysis of Risks to Data Privacy at the State Level Throughout the United States
z6pchusp,tnmk3zpf,-0.057847254,Clinical features of covid-19 in children,CAPNETZ fokussiert auf COVID-19
3t6135lx,0xcxvdf3,-0.05784125,COVID19: Challenging tissue viability in both patients and clinicians,An EUA for Casirivimab and Imdevimab for COVID-19
gsonpunw,yvu5jor2,-0.057834588,Campylobacteriose — eine zoonotische Infektionskrankheit,Editorial: Reflections on rheumatological aspects of COVID-19
f4n8wyls,z4blmcd0,-0.057830255,Being vulnerable,COVID-19 and VIH
mxpdmrfu,j3jpqd7k,-0.057828248,Digitalisierung - jetzt,Cats
mxpdmrfu,nu82pag2,-0.057813037,Digitalisierung - jetzt,[organization of Medical Care for Elderly Patients under the Conditions of the Covid-19 Pandemic]
3d56os6r,7kozp8os,-0.057801377,hpO: Berufsvereinigung für heilkundlich praktizierte Osteopathie e. V.,COVID-19 and Limitations to the International Right to Freedom of Religion or Belief
jjdvtfy1,szfbdy6x,-0.057799388,Wieloukładowy zespół zapalny u dzieci a COVID-19,Scientific rigour
mxpdmrfu,r8zqmgp9,-0.057797827,Digitalisierung - jetzt,Teaching Chemistry Labs from a Distance
0xcxvdf3,iao6364j,-0.05776064,An EUA for Casirivimab and Imdevimab for COVID-19,Designing mathematical problems task through COVID-19 context
mxpdmrfu,1ffo9eoq,-0.05775709,Digitalisierung - jetzt,"Trends, Politics, Sentiments, and Misinformation: Understanding People's Reactions to COVID-19 During its Early Stages"
04nzlwx1,3d56os6r,-0.057750717,What’s next for nudging and choice architecture?,hpO: Berufsvereinigung für heilkundlich praktizierte Osteopathie e. V.
udv3c341,3d56os6r,-0.05773984,Living-in-history effect in the dating of important autobiographical memories,hpO: Berufsvereinigung für heilkundlich praktizierte Osteopathie e. V.
vzic8v2x,0xcxvdf3,-0.057738222,Design Thinking for Visually Impaired Individuals: A System Review of the Solutions and Future Directions,An EUA for Casirivimab and Imdevimab for COVID-19
3d56os6r,frmaovf1,-0.057736095,hpO: Berufsvereinigung für heilkundlich praktizierte Osteopathie e. V.,Do Technological Knowledge and Game-Based Learning Promote Students Achievement: Lesson From COVID-19
0xcxvdf3,c51y8gjc,-0.057735816,An EUA for Casirivimab and Imdevimab for COVID-19,The future of scholarly communications
3d56os6r,bn79b48q,-0.057707366,hpO: Berufsvereinigung für heilkundlich praktizierte Osteopathie e. V.,Virtual Residency Training Interviews in the Age of COVID-19 and Beyond
4mq1ckic,mxpdmrfu,-0.057697233,Pregnancy and birth in the United States during the COVID‐19 pandemic: The views of doulas,Digitalisierung - jetzt
4a1rxyxc,mxpdmrfu,-0.057694655,COVID‐19 and immunological regulations – from basic and translational aspects to clinical implications,Digitalisierung - jetzt
mxpdmrfu,hvfy8a1v,-0.057692055,Digitalisierung - jetzt,Predictors of Hospital Outcomes and Clinical Subphenotypes Differ Between COVID-19 and Influenza Pneumonia
mxpdmrfu,ywkgbozw,-0.057685927,Digitalisierung - jetzt,COVID-19 and risk management in a tissue bank
3d56os6r,k3ikuet4,-0.05768108,hpO: Berufsvereinigung für heilkundlich praktizierte Osteopathie e. V.,"Obesity in the Workplace: Impact, Outcomes, and Recommendations."
2wmuctvt,pkmkgppp,-0.057674576,The Reply.,[Coronaviruses].
2lm91mez,pkmkgppp,-0.057674576,Reply.,[Coronaviruses].
vgaahz62,pkmkgppp,-0.057674576,Reply.,[Coronaviruses].
f8vo6gzc,pkmkgppp,-0.057674576,The Reply.,[Coronaviruses].
v9mlb3m8,pkmkgppp,-0.057674576,Reply,[Coronaviruses].
2p39og9b,pkmkgppp,-0.057674576,In Reply.,[Coronaviruses].
8dacd0jz,pkmkgppp,-0.057674576,In Reply.,[Coronaviruses].
5dwv9h8c,pkmkgppp,-0.057674576,In Reply.,[Coronaviruses].
sc4ifrwz,pkmkgppp,-0.057674576,Reply.,[Coronaviruses].
55uti99t,pkmkgppp,-0.057674576,Reply.,[Coronaviruses].
v2n3p459,pkmkgppp,-0.057674576,Reply,[Coronaviruses].
pkmkgppp,pwbppgdv,-0.057674576,[Coronaviruses].,Reply
pkmkgppp,rbbsqpoy,-0.057674576,[Coronaviruses].,Reply.
pkmkgppp,7b6x9t9e,-0.057674576,[Coronaviruses].,IN REPLY.
pkmkgppp,o73lyv70,-0.057674576,[Coronaviruses].,The Reply.
pkmkgppp,6bagohw8,-0.057674576,[Coronaviruses].,Reply
pkmkgppp,slnbcnqz,-0.057674576,[Coronaviruses].,Reply
pkmkgppp,3o5md40w,-0.057674576,[Coronaviruses].,Reply.
mxpdmrfu,58osovn7,-0.057673126,Digitalisierung - jetzt,Evaluation of Attitudes and Behaviors of Healthcare Professionals towards COVID-19 Vaccination
mxpdmrfu,6lidu0ay,-0.0576645,Digitalisierung - jetzt,[Cardiac manifestations of patients with COVID-19 and related treatment recommendations]
mxpdmrfu,li71b9e0,-0.05766432,Digitalisierung - jetzt,Covid-19 Epidemiological Factor Analysis: Identifying Principal Factors with Machine Learning
3zk92med,mxpdmrfu,-0.05766297,Characteristics and outcomes of patients with COVID-19 with and without prevalent hypertension: a multinational cohort study,Digitalisierung - jetzt
3pywlpg6,mxpdmrfu,-0.057609074,Competing risk between in-hospital mortality and recovery: An application of DeepHit on COVID-19 clinical data,Digitalisierung - jetzt
bgehvxo7,mdd60ic7,-0.057597782,Neue Impfstoffe gegen Tuberkulose,Acknowledgement to Referees
bgehvxo7,nfzoanb9,-0.057597782,Neue Impfstoffe gegen Tuberkulose,Acknowledgement to Referees
bgehvxo7,qgrecd29,-0.057597782,Neue Impfstoffe gegen Tuberkulose,Acknowledgement to Referees
mxpdmrfu,ev26bd1v,-0.05758772,Digitalisierung - jetzt,Discovering changes in birthing narratives during COVID-19
gsonpunw,reg2jz1a,-0.057580356,Campylobacteriose — eine zoonotische Infektionskrankheit,Trends in Covid-19 hospital mortality in women and men
0xcxvdf3,j6zlnv6s,-0.057557996,An EUA for Casirivimab and Imdevimab for COVID-19,Underlying conditions in adults with COVID-19
rw3tfoc3,zen3876u,-0.057550665,nieuws,"COVID-19, Naturally."
zen3876u,vuhdius9,-0.057550665,"COVID-19, Naturally.",nieuws
zen3876u,xtql25ef,-0.057550665,"COVID-19, Naturally.",nieuws
3d56os6r,0nq2666d,-0.057542276,hpO: Berufsvereinigung für heilkundlich praktizierte Osteopathie e. V.,These are the hands that care.
mncz7no1,mxpdmrfu,-0.057539053,Attitudes of Patients With Skin Tumors During the COVID-19 Pandemic,Digitalisierung - jetzt
mxpdmrfu,p5ii4vr7,-0.05753709,Digitalisierung - jetzt,Participation of rural patients in clinical trials at a multisite academic medical center
0xcxvdf3,gbu4zsoz,-0.05753307,An EUA for Casirivimab and Imdevimab for COVID-19,[COVID-19: a geriatric point-of-view].
lmdnhg1f,0xcxvdf3,-0.05752175,Impact of COVID-19,An EUA for Casirivimab and Imdevimab for COVID-19
a1y6hu93,3d56os6r,-0.057512034,Writing During Hospitalization.,hpO: Berufsvereinigung für heilkundlich praktizierte Osteopathie e. V.
uasjce9l,0xcxvdf3,-0.057495803,Making the most of the first prenatal visit: The challenge of expanding prenatal genetic testing options and limited clinical encounter time.,An EUA for Casirivimab and Imdevimab for COVID-19
mxpdmrfu,39hm5se3,-0.057493556,Digitalisierung - jetzt,Clinical Management of Patients Infected with Highly Pathogenic Microorganisms
srszq1xf,mxpdmrfu,-0.057487752,WFPHA: World Federation of Public Health Associations,Digitalisierung - jetzt
0xcxvdf3,icnonele,-0.05748712,An EUA for Casirivimab and Imdevimab for COVID-19,"Establishing the Medication Therapy Services Clinic: Goals, challenges and future directions"
mxpdmrfu,kkheueh8,-0.057476133,Digitalisierung - jetzt,COVID-19: Symptoms in Dying Residents of Nursing Homes and in Those Admitted to Hospitals
3d56os6r,5t2rmu2d,-0.057458486,hpO: Berufsvereinigung für heilkundlich praktizierte Osteopathie e. V.,The COVID-19 Misinfodemic: Moving Beyond Fact-Checking
yf8kt84e,0xcxvdf3,-0.05745325,Global COVID-19 Efforts as the Platform to Achieving the Sustainable Development Goals,An EUA for Casirivimab and Imdevimab for COVID-19
c1f3tu30,0xcxvdf3,-0.05744224,How COVID-19 has put accessibility front and center,An EUA for Casirivimab and Imdevimab for COVID-19
8ka368y4,0xcxvdf3,-0.057436,"Preventing contrast-induced nephropathy: problems, challenges and future directions.",An EUA for Casirivimab and Imdevimab for COVID-19
wu95zatr,gsonpunw,-0.0574277,Rehabilitation of COVID-19 patients.,Campylobacteriose — eine zoonotische Infektionskrankheit
mxpdmrfu,ys89q4za,-0.057422798,Digitalisierung - jetzt,Scanning profile of patients with covid-19 infection: about 100 cases
mxpdmrfu,20d8g4g4,-0.05741128,Digitalisierung - jetzt,Advances in Molecular Diagnostic Approaches for Biothreat Agents
7mijw9ai,mxpdmrfu,-0.057393033,Focusing on health-care providers' experiences in the COVID-19 crisis,Digitalisierung - jetzt
0idyoghw,3d56os6r,-0.0573805,Foresight or Discounting Danger?,hpO: Berufsvereinigung für heilkundlich praktizierte Osteopathie e. V.
9omr538n,0xcxvdf3,-0.057376653,"A step towards truly independent access for everyone, everywhere.",An EUA for Casirivimab and Imdevimab for COVID-19
3d56os6r,s7d550qw,-0.05737632,hpO: Berufsvereinigung für heilkundlich praktizierte Osteopathie e. V.,Generation Z Workplace Communication Habits and Expectations
mfddmttf,0xcxvdf3,-0.05736963,"Unprecedented pandemic, unprecedented shift, and unprecedented opportunity",An EUA for Casirivimab and Imdevimab for COVID-19
u0jy28pe,mxpdmrfu,-0.057356104,Rate and Risk Factors for Carbapenem Resistant Acinetobacter baumannii Clinical Infections in Colonized Patients.,Digitalisierung - jetzt
mxpdmrfu,kw24lcs7,-0.05735346,Digitalisierung - jetzt,Care models for mental health in a population of patients affected by COVID-19
wt0uykcw,jjdvtfy1,-0.057334296,People and Knowledge,Wieloukładowy zespół zapalny u dzieci a COVID-19
wjnrp0ba,mxpdmrfu,-0.05730917,COVID-19 Infection in Newborns,Digitalisierung - jetzt
ls8qti50,mxpdmrfu,-0.057307992,Immunologic characterization of COVID-19 patients with hematological cancer,Digitalisierung - jetzt
3d56os6r,h2umrven,-0.057307344,hpO: Berufsvereinigung für heilkundlich praktizierte Osteopathie e. V.,Distance Teaching During the COVID-19 Crisis: Social Connectedness Matters Most for Teaching Quality and Students' Learning
qp14njih,mxpdmrfu,-0.057296418,A comprehensive evaluation of early potential risk factors for disease aggravation in patients with COVID-19,Digitalisierung - jetzt
0xcxvdf3,y7s1zz19,-0.05729572,An EUA for Casirivimab and Imdevimab for COVID-19,The vital role of ventilation
ykue4baz,mxpdmrfu,-0.057280194,Treating patients with ReSPECT during a pandemic: Resuscitation decisions during COVID-19,Digitalisierung - jetzt
ax0z4m5r,3d56os6r,-0.05727753,A Time to Reflect and a Time to Move Forward,hpO: Berufsvereinigung für heilkundlich praktizierte Osteopathie e. V.
jhvzeqb3,0xcxvdf3,-0.057275925,Family-Centered Primary Care for Older Adults with Cognitive Impairment,An EUA for Casirivimab and Imdevimab for COVID-19
mxpdmrfu,ois5rucs,-0.05726024,Digitalisierung - jetzt,From the Guest Editors: Grief
mxpdmrfu,r0r5of4l,-0.0572584,Digitalisierung - jetzt,Hospital Environments and Epidemiology of Healthcare-Associated Infections
mxpdmrfu,pru6h0y9,-0.057244886,Digitalisierung - jetzt,[Implications on the scientific production of COVID-19.]
pyzv2xup,mxpdmrfu,-0.05723441,Key components and critical factors for developing a telehealth business framework: a qualitative study,Digitalisierung - jetzt
mxpdmrfu,qvl8jamp,-0.05722635,Digitalisierung - jetzt,"Risk Factors, Clinical Characteristics, and Prognosis of Acute Kidney Injury in Hospitalized COVID-19 Patients: A Retrospective Cohort Study"
mxpdmrfu,mv3e19ff,-0.057207976,Digitalisierung - jetzt,Domestic work and COVID-19
gpsq68zs,0xcxvdf3,-0.05720361,P29 Bringing into focus treatment limitation and DNACPR decisions: How COVID-19 has changed practice,An EUA for Casirivimab and Imdevimab for COVID-19
1mdoy6w5,mxpdmrfu,-0.05717804,"The perceived efficacy of hydroxychloroquine in observational studies: The results of the confounding effect of ""goals of care""",Digitalisierung - jetzt
gsonpunw,y2so3dqt,-0.057163496,Campylobacteriose — eine zoonotische Infektionskrankheit,Editors’ note
mxpdmrfu,j7eiabqj,-0.05715938,Digitalisierung - jetzt,"Clinical characteristics of novel coronavirus disease 2019 (COVID-19) in newborns, infants and children"
6madvn2a,3d56os6r,-0.057157073,Crossing the language limitations.,hpO: Berufsvereinigung für heilkundlich praktizierte Osteopathie e. V.
cql5m00f,0xcxvdf3,-0.057134256,Shaping the future of science: COVID-19 highlighting the importance of GeoHealth,An EUA for Casirivimab and Imdevimab for COVID-19
mxpdmrfu,71vjszp0,-0.057126325,Digitalisierung - jetzt,"COVID-19 Management in Clinical Dental Care. Part I: Epidemiology, Public Health Implications, and Risk Assessment"
mxpdmrfu,vplw4be5,-0.05712206,Digitalisierung - jetzt,Cardiac complications of COVID-19: the concealed realities.
tajsxq2c,0xcxvdf3,-0.057116136,Sustainable Development Goals in Early COVID-19 Prevention and Control,An EUA for Casirivimab and Imdevimab for COVID-19
235hr4sr,mxpdmrfu,-0.057109796,Assessing the quality of life in the families of patients with epidermolysis bullosa: The mothers as main caregivers,Digitalisierung - jetzt
s4esknng,mxpdmrfu,-0.05710019,Spheres of Influence: A Walzerian Approach to Business Ethics,Digitalisierung - jetzt
mxpdmrfu,q7smabcy,-0.057093892,Digitalisierung - jetzt,Clinical characteristics of hemodialysis patients with coronavirus disease 2019
gbdbyjhn,mxpdmrfu,-0.057088975,Development of chimpanzee adenoviruses as vaccine vectors: challenges and successes emerging from clinical trials.,Digitalisierung - jetzt
ufbmrbii,3d56os6r,-0.057087485,Maximizing Benefit of Virtual Learning: Lessons from the COVID-19 Pandemic,hpO: Berufsvereinigung für heilkundlich praktizierte Osteopathie e. V.
bqdti60z,3d56os6r,-0.057077944,Increasing Student Access: Pivots and Lessons Learned during COVID-19,hpO: Berufsvereinigung für heilkundlich praktizierte Osteopathie e. V.
k09tw7gf,0xcxvdf3,-0.057071898,"What matters, most-especially now?",An EUA for Casirivimab and Imdevimab for COVID-19
mxpdmrfu,bgg8qxrw,-0.057059698,Digitalisierung - jetzt,Healthcare Encounter and Financial Impact of COVID-19 on Children's Hospitals
8bzls8kw,0xcxvdf3,-0.057056107,Addressing multiple gastroenterological aspects of COVID-19.,An EUA for Casirivimab and Imdevimab for COVID-19
mxpdmrfu,5bb1g4ri,-0.057054505,Digitalisierung - jetzt,Electrocardiographic manifestations of COVID-19
tthslech,mxpdmrfu,-0.05705068,Impact of prior vaccination on clinical outcomes of patients with COVID-19,Digitalisierung - jetzt
mxpdmrfu,2g8vmeqp,-0.05704092,Digitalisierung - jetzt,Appendix Vaccination Schedules for Dogs and Cats
0xcxvdf3,0wibkuwm,-0.057032917,An EUA for Casirivimab and Imdevimab for COVID-19,COVID-19 associated complications and potential therapeutic targets.
i2p8ufg4,mxpdmrfu,-0.057025485,11 Clinical Trials That Will Shape Medicine in 2022,Digitalisierung - jetzt
8hbe5cag,mxpdmrfu,-0.057011735,"COVID-19, osteoarthritis and women's health",Digitalisierung - jetzt
gsonpunw,531ijpbg,-0.057000753,Campylobacteriose — eine zoonotische Infektionskrankheit,"Bats, Pathogens, and Species Richness"
0xcxvdf3,u98619z6,-0.05699274,An EUA for Casirivimab and Imdevimab for COVID-19,Echocardiographic findings in critical patients with COVID-19
0odx76f6,3d56os6r,-0.0569914,On the airborne aspect of COVID-19 coronovirus,hpO: Berufsvereinigung für heilkundlich praktizierte Osteopathie e. V.
3d56os6r,a47onmje,-0.0569914,hpO: Berufsvereinigung für heilkundlich praktizierte Osteopathie e. V.,On the airborne aspect of COVID-19 coronovirus
86nx9176,mxpdmrfu,-0.056988552,A research agenda for hospital at home.,Digitalisierung - jetzt
oj0678v9,0xcxvdf3,-0.056954496,Evaluation of Potential Therapeutic Options for COVID-19,An EUA for Casirivimab and Imdevimab for COVID-19
w8cfdnfr,0xcxvdf3,-0.05694539,"COVID-19 will severely impact older people's lives, and in many more ways than you think!",An EUA for Casirivimab and Imdevimab for COVID-19
hzqbporv,0xcxvdf3,-0.056945287,Remotely-delivered physiotherapy: can we capture the benefits beyond COVID-19?,An EUA for Casirivimab and Imdevimab for COVID-19
zu4tikpu,3a399yf7,-0.05691133,Exkursion in eine postagile Zukunft,"Factors Influencing Adolescent Anxiety: The Roles of Mothers, Teachers and Peers"
jjdvtfy1,gtppkifl,-0.05690664,Wieloukładowy zespół zapalny u dzieci a COVID-19,The Way Forward With COVID: Better Than Before
dz6a8h3b,mxpdmrfu,-0.056885608,Molecular aspects of COVID-19 differential pathogenesis,Digitalisierung - jetzt
3d56os6r,r2u3egq1,-0.05686155,hpO: Berufsvereinigung für heilkundlich praktizierte Osteopathie e. V.,Management of narcolepsy during COVID-19: a challenge or an opportunity?
3d56os6r,yo9996da,-0.056847125,hpO: Berufsvereinigung für heilkundlich praktizierte Osteopathie e. V.,Will the fourth time be a charm?
l7gbzwdo,mxpdmrfu,-0.056844816,[Nurses' bedside emotions for COVID-19. Consensual qualitative research].,Digitalisierung - jetzt
91a644hl,mxpdmrfu,-0.056804862,"Arts and Cultural Engagement, Reportedly Antisocial or Criminalized Behaviors, and Potential Mediators in Two Longitudinal Cohorts of Adolescents",Digitalisierung - jetzt
7d0pegpc,mxpdmrfu,-0.0568022,"Paternalistic Leadership, Polychronicity, and Life Satisfaction of Nurses: The Role of Work-Family Conflict and Family-Work Conflict in Public Sector Hospitals.",Digitalisierung - jetzt
1k9h42e2,0xcxvdf3,-0.056793515,COVID-19 in older adults.,An EUA for Casirivimab and Imdevimab for COVID-19
bk2njtib,0xcxvdf3,-0.056790505,Optimal Strategies for Control of COVID-19: A Mathematical Perspective,An EUA for Casirivimab and Imdevimab for COVID-19
xzsodswv,tspegq76,-0.056788046,Phylogenetics of superspreading,Koalition bringt E-Patientenakte Richtung Versorgung
rehd13dm,mxpdmrfu,-0.056784935,Perspectives on team communication challenges in caring for children with medical complexity,Digitalisierung - jetzt
9rv4sq34,0xcxvdf3,-0.0567844,The Evidence Base for the Benefits of Functional Septorhinoplasty and its Future Post COVID-19,An EUA for Casirivimab and Imdevimab for COVID-19
swsf3cnv,0xcxvdf3,-0.056782875,Life after COVID-19: Future directions?,An EUA for Casirivimab and Imdevimab for COVID-19
fadvxqlf,0xcxvdf3,-0.05676222,Messing with ßc: A unique receptor with many goals,An EUA for Casirivimab and Imdevimab for COVID-19
mxpdmrfu,1p0c4lbs,-0.056742217,Digitalisierung - jetzt,Conservation Aspects on Developing Geotourism for Young Tourists during the Covid-19 Pandemic in Silalahi Village
sufjr1ek,0xcxvdf3,-0.05673345,The Kids Are / Not / Sort of All Right,An EUA for Casirivimab and Imdevimab for COVID-19
15vm22d8,mxpdmrfu,-0.056721345,"Characteristics and Factors Associated with COVID-19 Infection, Hospitalization, and Mortality Across Race and Ethnicity",Digitalisierung - jetzt
mcbsvqtf,0xcxvdf3,-0.056720812,Households Living in Close Quarters,An EUA for Casirivimab and Imdevimab for COVID-19
3d56os6r,0w92c189,-0.05672035,hpO: Berufsvereinigung für heilkundlich praktizierte Osteopathie e. V.,"Fairness, Accountability, Sustainability, Transparency (FAST) of Artificial Intelligence in Terms of Hospitality Industry"
c38mebz3,0xcxvdf3,-0.05671233,Assessing the Relationship between Poverty and Economic Growth: Does Sustainable Development Goal Can be Achieved?,An EUA for Casirivimab and Imdevimab for COVID-19
1xjao43w,gsonpunw,-0.05670441,Other,Campylobacteriose — eine zoonotische Infektionskrankheit
0xcxvdf3,xq97bsbe,-0.05670279,An EUA for Casirivimab and Imdevimab for COVID-19,Sharing expertise could have saved lives.
0xcxvdf3,xut8hxwz,-0.056701276,An EUA for Casirivimab and Imdevimab for COVID-19,Accurate Screening of COVID-19 Using Attention-Based Deep 3D Multiple Instance Learning.
mxpdmrfu,11s3a1gq,-0.056661826,Digitalisierung - jetzt,Spectrum of Neuropsychiatric Manifestations in COVID-19
z75w0ug4,gsonpunw,-0.0566461,Hematological manifestations and complications of COVID-19,Campylobacteriose — eine zoonotische Infektionskrankheit
23pd6gjw,mxpdmrfu,-0.05664383,Recognising values and engaging communities across cultures: towards developing a cultural protocol for researchers,Digitalisierung - jetzt
i85528l3,gsonpunw,-0.05663803,Clinical course and risk factors for mortality from COVID-19 in patients with haematological malignancies.,Campylobacteriose — eine zoonotische Infektionskrankheit
tal5h7lv,jjdvtfy1,-0.05663142,The COVID-19 world - Are we there yet?,Wieloukładowy zespół zapalny u dzieci a COVID-19
jjdvtfy1,009i6u15,-0.05663142,Wieloukładowy zespół zapalny u dzieci a COVID-19,The Covid-19 world-Are we there yet?
mxpdmrfu,eepx02va,-0.056627166,Digitalisierung - jetzt,Protective and Risk Factors for Medical and Nursing Staff Suffering From Psychological Symptoms During COVID-19
3d56os6r,3vmas95f,-0.0566234,hpO: Berufsvereinigung für heilkundlich praktizierte Osteopathie e. V.,Practice makes perfect?
wg1wjr1s,hcjpj03p,-0.056614358,Clinical features of 17 patients with 2019-nCoV.,Leitlinien zu COVID-19
wg1wjr1s,ioveubcb,-0.056614358,Clinical features of 17 patients with 2019-nCoV.,Darmkrebsvorsorge zu COVID‑19‑Zeiten
wg1wjr1s,9sk9n0f9,-0.056614358,Clinical features of 17 patients with 2019-nCoV.,"Anmerkung zu BVerfG, Beschl. v. 16.12.2021 – 1 BvR 1541/20"
mxpdmrfu,7tl71wah,-0.056609306,Digitalisierung - jetzt,Key Considerations for Successful Risk Communication and Community Engagement (RCCE) Programmes During COVID-19 Pandemic and Other Public Health Emergencies
gsonpunw,jctoh9e5,-0.056588538,Campylobacteriose — eine zoonotische Infektionskrankheit,Regulatory T Cells as Predictors of Clinical Course in Hospitalised COVID-19 Patients
mxpdmrfu,xis9q0ku,-0.0565844,Digitalisierung - jetzt,Table of Contents.
mxpdmrfu,0ax26o75,-0.0565844,Digitalisierung - jetzt,Inhaltsverzeichnis / Table of Contents
5iqpl23p,b8nam316,-0.056583587,Rhinoviruses,"April 26–May 2, 2014"
mxpdmrfu,068nqimz,-0.05658297,Digitalisierung - jetzt,Characterization of memory T cell subsets and common γ−chain cytokines in convalescent COVID‐19 individuals
k7biffsp,mxpdmrfu,-0.056582693,COVID-19 vaccines: Current evidence and considerations,Digitalisierung - jetzt
mxpdmrfu,hxhlvykk,-0.05658007,Digitalisierung - jetzt,Children’s mental health hospital throughout COVID-19
1ygcfgg2,mxpdmrfu,-0.056560412,Biobanks could identify medically actionable findings relevant for COVID-19 clinical care,Digitalisierung - jetzt
shffm16k,mxpdmrfu,-0.056552455,Ten Years of Research in the Journal of Family and Economic Issues: Thoughts on Future Directions,Digitalisierung - jetzt
mxpdmrfu,q2vyuvqa,-0.056551863,Digitalisierung - jetzt,Detection and Occurrence of Indicator Organisms and Pathogens
nazm265s,95u2vws4,-0.05654155,Announcements,Wir haben eine Impfung!
73x5asz6,95u2vws4,-0.056541547,Announcements,Wir haben eine Impfung!
mxpdmrfu,jyvubmxk,-0.056540325,Digitalisierung - jetzt,Pathological findings in the postmortem liver of COVID-19 patients
3d56os6r,szvqpd8a,-0.056537446,hpO: Berufsvereinigung für heilkundlich praktizierte Osteopathie e. V.,Lessons Learnt from COVID-19: How Can We Prepare for Another Pandemic?
mxpdmrfu,n3yeylqc,-0.056536213,Digitalisierung - jetzt,Implementation of customer communication to maintain the hospital image from the issues of COVIDing patients
3d56os6r,xk9marz7,-0.056535702,hpO: Berufsvereinigung für heilkundlich praktizierte Osteopathie e. V.,The Teaching of Antennas's Course during the Covid-19 Pandemic
mxpdmrfu,y85xdle9,-0.05652683,Digitalisierung - jetzt,Occupational diseases of health care workers from exposure to infectious agents: The current state of the problem
mxpdmrfu,q1mxnyt4,-0.05651897,Digitalisierung - jetzt,A histopathological observation regarding the possibility of hemophagocytic lymphohistiocytosis in COVID-19 patients
zcpakbu2,mxpdmrfu,-0.056502186,Clinical features and physiotherapy management for Covid-19 in children.,Digitalisierung - jetzt
mxpdmrfu,ttegboo3,-0.05650017,Digitalisierung - jetzt,"Primary Health Care in Pandemics: Barriers, Challenges and Opportunities"
0xcxvdf3,qeqx23j2,-0.05649887,An EUA for Casirivimab and Imdevimab for COVID-19,"Patient, clinician and independent observer perspectives of shared decision making in adult orthodontics."
i30o6k02,j6nd02sj,-0.056495853,The Jury Trial Reinvented,پیشبینی رفتارهاي پیشگیرانه از کووید-19 بر اساس سازه هاي مدل اعتقاد بهداشتی (HBM): مطالعه مبتنی بر اینترنت در جمعیت استان مازندران
d55jutns,mxpdmrfu,-0.056483738,The Impact of COVID-19-Induced Factors on “Work from Home” of Employees,Digitalisierung - jetzt
mxpdmrfu,6yqkp7pc,-0.056466494,Digitalisierung - jetzt,Lessons Learned – Outbreaks of COVID-19 in Nursing Homes
2yv7ndko,3d56os6r,-0.056459192,"Covid-19 care before, during, and beyond the hospital.",hpO: Berufsvereinigung für heilkundlich praktizierte Osteopathie e. V.
c9xmzst6,0xcxvdf3,-0.056457102,The challenges of international comparisons of COVID-19,An EUA for Casirivimab and Imdevimab for COVID-19
0xcxvdf3,azye4yia,-0.056457102,An EUA for Casirivimab and Imdevimab for COVID-19,The challenges of international comparisons of COVID-19
tdzb3cqv,0xcxvdf3,-0.056420557,Navigating COVID-19 disruptions,An EUA for Casirivimab and Imdevimab for COVID-19
3d56os6r,m0akqnd0,-0.05641915,hpO: Berufsvereinigung für heilkundlich praktizierte Osteopathie e. V.,20/20 Foresight for 2020?
66rjh8ay,mxpdmrfu,-0.05641868,COVID-19 Highlights the Policy Barriers and Complexities of Postpartum Sterilization,Digitalisierung - jetzt
zey0gft2,tnmk3zpf,-0.056412168,COVID vaccines and blood clots: five key questions,CAPNETZ fokussiert auf COVID-19
dtbwy72c,zu4tikpu,-0.05640712,Calling All Rheumatologists!,Exkursion in eine postagile Zukunft
0xcxvdf3,khghwdpy,-0.056401197,An EUA for Casirivimab and Imdevimab for COVID-19,How likely are COVID-19 interventions to benefit the sickest patients?
3d56os6r,imca2tm0,-0.05639437,hpO: Berufsvereinigung für heilkundlich praktizierte Osteopathie e. V.,Mathematics competitions: an integral part of the educational process
9u2k5ctm,mxpdmrfu,-0.056381505,Characterizing COVID-19 Clinical Phenotypes and Associated Comorbidities and Complication Profiles,Digitalisierung - jetzt
0xcxvdf3,iqgzt2nw,-0.056370586,An EUA for Casirivimab and Imdevimab for COVID-19,Local experience on clinical characteristics of COVID-19: Single center experience
jjdvtfy1,211g3qk3,-0.056352384,Wieloukładowy zespół zapalny u dzieci a COVID-19,Conflicts of Interest
0xcxvdf3,vtsd3qww,-0.056350328,An EUA for Casirivimab and Imdevimab for COVID-19,Teaching in the time of COVID‐19
zeflfgld,0xcxvdf3,-0.056345016,Bradyarrhythmias in patients with COVID-19: Marker of poor prognosis?,An EUA for Casirivimab and Imdevimab for COVID-19
v0nl7x2u,3d56os6r,-0.05633483,Collaboration in the time of COVID,hpO: Berufsvereinigung für heilkundlich praktizierte Osteopathie e. V.
v6tszhmd,0xcxvdf3,-0.056324415,Graduating Early in the Time of COVID-19,An EUA for Casirivimab and Imdevimab for COVID-19
mr2nkucx,3d56os6r,-0.05631097,Balancing Risks in the Time of COVID-19,hpO: Berufsvereinigung für heilkundlich praktizierte Osteopathie e. V.
3d56os6r,ei254ds7,-0.05631097,hpO: Berufsvereinigung für heilkundlich praktizierte Osteopathie e. V.,Balancing Risks in the Time of COVID-19.
mxpdmrfu,bfd1dmt3,-0.056308154,Digitalisierung - jetzt,Characteristics and Clinical Outcomes of COVID‐19 Patients in an Underserved‐Inner City Population: A Single Tertiary Center Cohort
mxpdmrfu,l9tlggd9,-0.056293324,Digitalisierung - jetzt,Women's empowerment is the key to development
mq4ntygs,ojco4fjv,-0.05628788,Cyberinsights: It's Complicated,Pflegepolitik in 5 Minuten
mq4ntygs,sz8abu0j,-0.05628788,Cyberinsights: It's Complicated,Pflegepolitik in 5 Minuten
egawqdv3,ojco4fjv,-0.05628788,Cyberinsights: It's Complicated.,Pflegepolitik in 5 Minuten
egawqdv3,sz8abu0j,-0.05628788,Cyberinsights: It's Complicated.,Pflegepolitik in 5 Minuten
mxpdmrfu,nhymwflx,-0.056286342,Digitalisierung - jetzt,Invasive alien species as reservoirs for pathogens
xobc5c2h,mxpdmrfu,-0.05627579,Survival study of hospitalised patients with concurrent COVID-19 and haematological malignancies,Digitalisierung - jetzt
77ngnpgg,mxpdmrfu,-0.05626854,Food Security and Sustainability: Discussing the Four Pillars to Encompass Other Dimensions,Digitalisierung - jetzt
mxpdmrfu,ro12jwoc,-0.05626819,Digitalisierung - jetzt,People are to blame for Covid-19.
mxpdmrfu,ymdq6dcw,-0.05626349,Digitalisierung - jetzt,COVID-19 Fundamentals
swrk8b0t,0xcxvdf3,-0.056256086,Critical community size for COVID-19 -- a model based approach to provide a rationale behind the lockdown,An EUA for Casirivimab and Imdevimab for COVID-19
jpnndcxv,mxpdmrfu,-0.056226727,Epidemiological and clinical characteristics of imported cases of COVID-19: a multicenter study,Digitalisierung - jetzt
mxpdmrfu,xwtz8a93,-0.056224827,Digitalisierung - jetzt,The multifaceted biology of plasmacytoid dendritic cells.
3d56os6r,fl1rp4v2,-0.056210667,hpO: Berufsvereinigung für heilkundlich praktizierte Osteopathie e. V.,An Introduction to COVID-19
3d56os6r,m8ngtu7c,-0.056210667,hpO: Berufsvereinigung für heilkundlich praktizierte Osteopathie e. V.,Introduction to the Introduction.
gyak2ypd,0xcxvdf3,-0.056205805,A Story of Hope: Leading Change beyond Borders through a Culturally Informed Focus,An EUA for Casirivimab and Imdevimab for COVID-19
0xcxvdf3,ii28v9bd,-0.056205794,An EUA for Casirivimab and Imdevimab for COVID-19,A STORY OF HOPE: LEADING CHANGE BEYOND BORDERS THROUGH A CULTURALLY INFORMED FOCUS
mxpdmrfu,evayaf8r,-0.056196727,Digitalisierung - jetzt,COVID-19 and Agricultural Workers: A Descriptive Study
0xcxvdf3,q37ao2y7,-0.056185093,An EUA for Casirivimab and Imdevimab for COVID-19,"Evidence does not make decisions, people do."
e56pztan,mxpdmrfu,-0.056174014,Influenza vaccination of home health care staff and the impact on patient hospitalizations.,Digitalisierung - jetzt
mxpdmrfu,xm3hi69n,-0.056166142,Digitalisierung - jetzt,COVID‐19: Risk Factors Associated with Infectivity and Severity
aznwq3oc,hcjpj03p,-0.056158416,Sociodemographic Factors Associated with Academic Goals in University Students in times of the Covid-19 Pandemic,Leitlinien zu COVID-19
aznwq3oc,ioveubcb,-0.056158416,Sociodemographic Factors Associated with Academic Goals in University Students in times of the Covid-19 Pandemic,Darmkrebsvorsorge zu COVID‑19‑Zeiten
aznwq3oc,9sk9n0f9,-0.056158416,Sociodemographic Factors Associated with Academic Goals in University Students in times of the Covid-19 Pandemic,"Anmerkung zu BVerfG, Beschl. v. 16.12.2021 – 1 BvR 1541/20"
kgfl22df,mxpdmrfu,-0.056134302,Predicting covid-19 outcomes,Digitalisierung - jetzt
3d56os6r,l7s6odd9,-0.056117255,hpO: Berufsvereinigung für heilkundlich praktizierte Osteopathie e. V.,Long covid in children and adolescents
mxpdmrfu,bjl0bjg2,-0.05610386,Digitalisierung - jetzt,"A Comprehensive Review on Factors Influences Biogenesis, Functions, Therapeutic and Clinical Implications of Exosomes"
wq86q3xb,mxpdmrfu,-0.056083836,Health information systems: the foundations of public health.,Digitalisierung - jetzt
gsonpunw,0wuluxfe,-0.056081954,Campylobacteriose — eine zoonotische Infektionskrankheit,Research Highlights.
xp8tcnga,0xcxvdf3,-0.056037672,Communication in the time of COVID-19,An EUA for Casirivimab and Imdevimab for COVID-19
mxpdmrfu,4h3wx81q,-0.05603595,Digitalisierung - jetzt,Histopathology Laboratory Paperwork as a Potential Risk of COVID-19 Transmission among the Lab Personnel
3zef1bpn,3d56os6r,-0.05603532,Public Health COVID-19 Impact Assessment: Lessons Learned and Compelling Needs.,hpO: Berufsvereinigung für heilkundlich praktizierte Osteopathie e. V.
qvay40pd,nbd8yrzc,-0.056030314,All People.,Pädiatrie aktuell – Forschung kurz notiert
qvay40pd,v7jei07c,-0.056030314,All People.,Pädiatrie aktuell – Forschung kurz notiert
2bz595qh,0xcxvdf3,-0.055998124,Current and Future Costs of Intractable Conflicts—Can They Create Attitude Change?,An EUA for Casirivimab and Imdevimab for COVID-19
mxpdmrfu,lf5easd8,-0.0559925,Digitalisierung - jetzt,"[Bite wounds from dogs, cats and humans]."
7fu1ezwa,3d56os6r,-0.05598052,Counting the cost of COVID‐19,hpO: Berufsvereinigung für heilkundlich praktizierte Osteopathie e. V.
0xcxvdf3,4puh5owx,-0.05598018,An EUA for Casirivimab and Imdevimab for COVID-19,Social Interaction Tracking and Patient Prediction System for Potential COVID-19 Patients
mxpdmrfu,dbt7u1r4,-0.05597493,Digitalisierung - jetzt,EFFECTS OF ACETAMINOPHEN ON OUTCOMES IN PATIENTS HOSPITALIZED WITH COVID-19
mxpdmrfu,gx05g5we,-0.05595699,Digitalisierung - jetzt,Key preferences of tourists during COVID-19 pandemic in luxury hotels: Evidence from qualitative data
mxpdmrfu,vh5tm9rr,-0.055956557,Digitalisierung - jetzt,"Management, Facilities, Ethics and Welfare"
jtbyqsut,0xcxvdf3,-0.05594928,Shared decision making and remote consulting.,An EUA for Casirivimab and Imdevimab for COVID-19
mxpdmrfu,7pyinx1a,-0.05588923,Digitalisierung - jetzt,The values of coagulation function in COVID-19 patients
mxpdmrfu,hnjaah4p,-0.055884536,Digitalisierung - jetzt,"COVID-19, public health, and the politics of prevention"
91yy3wfe,0xcxvdf3,-0.0558762,What Will Drive Future Hospitals?,An EUA for Casirivimab and Imdevimab for COVID-19
t2gxkxxd,0xcxvdf3,-0.05583912,How and Why Patients Made Long Covid,An EUA for Casirivimab and Imdevimab for COVID-19
j9gc615b,0xcxvdf3,-0.05582674,Artificial Intelligence in Achieving Sustainable Development Goals,An EUA for Casirivimab and Imdevimab for COVID-19
mxpdmrfu,ja2i3pr1,-0.055822242,Digitalisierung - jetzt,Applications and future directions in invertebrate and fish cell culture
3d56os6r,0bbo4wa8,-0.05581845,hpO: Berufsvereinigung für heilkundlich praktizierte Osteopathie e. V.,What's happening in Without Borders
0xcxvdf3,83x9wajq,-0.055797238,An EUA for Casirivimab and Imdevimab for COVID-19,Getting Through COVID-19: Keeping Clinicians in the Workforce.
mxpdmrfu,cdfz3hei,-0.055784468,Digitalisierung - jetzt,Dementia as a risk factor for aspiration in patients with COVID‐19
8xtexo2z,hqs94hfa,-0.055775058,Marktführer gesucht,Pesticides
mxpdmrfu,m2rfk32n,-0.055770714,Digitalisierung - jetzt,Main Factors Influencing College Student Health and Countermeasures Proposal in Network Environment—From Physical Health Education Perspective
mxpdmrfu,qu728wpk,-0.055762004,Digitalisierung - jetzt,The mental and physical health of family mental health practitioners during COVID-19: relationships with family violence and workplace practices
0xcxvdf3,97c16alz,-0.05574061,An EUA for Casirivimab and Imdevimab for COVID-19,Care Systems COVID-19 Impact Assessment: Lessons Learned and Compelling Needs.
v4eb7ced,mxpdmrfu,-0.05573644,"Exploring the consequences of COVID-19 on tourist behaviors: perceived travel risk, animosity and intentions to travel",Digitalisierung - jetzt
mxpdmrfu,tk9qfuw3,-0.055731848,Digitalisierung - jetzt,"Precision Health Care Elements, Definitions, and Strategies for Patients with Diabetes: A Literature Review"
ym5z5ob6,95u2vws4,-0.05572808,ASTCT Notes,Wir haben eine Impfung!
3d56os6r,e7n5qu4j,-0.055725932,hpO: Berufsvereinigung für heilkundlich praktizierte Osteopathie e. V.,Long-term impact of COVID-19 on disabled children
0xcxvdf3,uku0fc53,-0.05572246,An EUA for Casirivimab and Imdevimab for COVID-19,Prediction Models for COVID-19 Need Further Improvements
gsonpunw,m0r9109y,-0.055707034,Campylobacteriose — eine zoonotische Infektionskrankheit,"Publishing in a time of COVID-19: A message to our readers, authors, reviewers and production team"
4kthfpkl,mxpdmrfu,-0.055687808,"Podophyllotoxin: History, Recent Advances and Future Prospects",Digitalisierung - jetzt
i346f3k0,mxpdmrfu,-0.05568154,COVID-19 Severity among Healthcare Workers: Overweight Male Physicians at Risk,Digitalisierung - jetzt
mxpdmrfu,6xu5vtj7,-0.055640794,Digitalisierung - jetzt,"Explaining ethnicity disparities in COVID-19 mortality: population-based, prospective cohort study"
mxpdmrfu,wfsohuot,-0.05561747,Digitalisierung - jetzt,Health Care Professionals’ Experiences of Patient-Professional Communication Over Patient Portals: Systematic Review of Qualitative Studies
tnmk3zpf,eyszs136,-0.055616405,CAPNETZ fokussiert auf COVID-19,Human Subjects Research in Bioemergencies
37uskjeb,j6nd02sj,-0.055600733,Antibiotics for the Treatment of COVID-19.,پیشبینی رفتارهاي پیشگیرانه از کووید-19 بر اساس سازه هاي مدل اعتقاد بهداشتی (HBM): مطالعه مبتنی بر اینترنت در جمعیت استان مازندران
u1oj0x8y,0xcxvdf3,-0.055599608,The COVID-19 Crisis and Its Impact on the Future of Healthcare.,An EUA for Casirivimab and Imdevimab for COVID-19
mxpdmrfu,fifwvrmg,-0.055598043,Digitalisierung - jetzt,Treatment Outline and Clinical Outcome of Hospitalized COVID-19 Patients: Experiences from a Combined Military Hospital of Bangladesh
mxpdmrfu,3rma1ylt,-0.0555957,Digitalisierung - jetzt,Factors influencing likelihood of COVID-19 vaccination: A survey of Tennessee adults
jjdvtfy1,myhztv3i,-0.05558691,Wieloukładowy zespół zapalny u dzieci a COVID-19,The True Cost of COVID-19
3d56os6r,2jhddb97,-0.055580195,hpO: Berufsvereinigung für heilkundlich praktizierte Osteopathie e. V.,Visitor Restrictions During COVID-19 Pandemic May Impact Surrogate Medical Decision-Making
h283v1io,mxpdmrfu,-0.0555784,COVID-19 in Critical Care Units: Rethinking the Humanization of Nursing Care,Digitalisierung - jetzt
k98cp62u,mxpdmrfu,-0.055562202,Infections as Novel Risk Factors of Atherosclerotic Cardiovascular Diseases: Pathophysiological Links and Therapeutic Implications,Digitalisierung - jetzt
mxpdmrfu,brzcrhmz,-0.055562202,Digitalisierung - jetzt,Infections as Novel Risk Factors of Atherosclerotic Cardiovascular Diseases: Pathophysiological Links and Therapeutic Implications
kmh2twoj,3d56os6r,-0.05555891,Risky Business: lessons from covid-19.,hpO: Berufsvereinigung für heilkundlich praktizierte Osteopathie e. V.
6r4pqapb,0xcxvdf3,-0.055541806,Improving Access to Care in the Context of Opportunity,An EUA for Casirivimab and Imdevimab for COVID-19
05tubjsq,0xcxvdf3,-0.055540826,Decision Making: Physical Therapist Intervention for Patients With COVID-19 in a Geriatric Setting,An EUA for Casirivimab and Imdevimab for COVID-19
mxpdmrfu,h1512buv,-0.05553941,Digitalisierung - jetzt,Children's emotion inferences from masked faces: Implications for social interactions during COVID-19
mxpdmrfu,ebpjw7e6,-0.055537693,Digitalisierung - jetzt,Managing Care during the COVID-19 Pandemic: The Point of View and Fears of Pediatric Cancer Patients’ Families
gsonpunw,eyerwtk9,-0.055527627,Campylobacteriose — eine zoonotische Infektionskrankheit,Clinical news
we1rp0pa,mxpdmrfu,-0.05552493,Leadership in public health,Digitalisierung - jetzt
8xdh7850,0xcxvdf3,-0.05552014,"Purpose, Vision, and Goals for Political Psychology 2020–25",An EUA for Casirivimab and Imdevimab for COVID-19
mxpdmrfu,kejo046n,-0.05550374,Digitalisierung - jetzt,Novel coronavirus infection (COVID-19) and risk groups in obstetrics and gynecology
3cectvkf,8hycs1ki,-0.055478334,Beroepsziekten in cijfers 2020,Unfair dismissal?
mxpdmrfu,e4mp41eo,-0.05547622,Digitalisierung - jetzt,Mitigating the effects of COVID-19 on the work of a children's clinical research facility
c3z3n3yz,0xcxvdf3,-0.055463176,Laboratory Diagnosis of COVID-19: Current Issues and Challenges,An EUA for Casirivimab and Imdevimab for COVID-19
mxpdmrfu,soyng29s,-0.055457857,Digitalisierung - jetzt,Future directions for risk communications at EFSA
mxpdmrfu,qzwrcvp6,-0.055439744,Digitalisierung - jetzt,Ecology of Medical Care
3d56os6r,61e6lyqm,-0.05543475,hpO: Berufsvereinigung für heilkundlich praktizierte Osteopathie e. V.,Reflections on the ‘Right to Justice’: Now and in the Future
mxpdmrfu,wbqv4s1v,-0.055428594,Digitalisierung - jetzt,Diabetes as a Risk Factor for Poor Early Outcomes in Patients Hospitalized With COVID-19
3d56os6r,mrgekx1n,-0.05542133,hpO: Berufsvereinigung für heilkundlich praktizierte Osteopathie e. V.,Fighting for justice
0xcxvdf3,hhx4eigo,-0.055420827,An EUA for Casirivimab and Imdevimab for COVID-19,The Future of Nonviolent Resistance
mxpdmrfu,1gs0775p,-0.055420227,Digitalisierung - jetzt,Clinical Profile of Bloodstream Infections in Covid-19 Patients: A Retrospective Cohort Study
mxpdmrfu,vab45ikc,-0.05541573,Digitalisierung - jetzt,Errors in Figures
mxpdmrfu,yov7phwi,-0.055408034,Digitalisierung - jetzt,Efficacy of Bamlanivimab in Reducing Hospitalization and Mortality Rates in COVID-19 Patients in a Rural Community
v0blfjvb,3d56os6r,-0.055407092,Conditions for workplace learning: a gender divide?,hpO: Berufsvereinigung für heilkundlich praktizierte Osteopathie e. V.
gsonpunw,n1tysdom,-0.055369873,Campylobacteriose — eine zoonotische Infektionskrankheit,Comparison of Laboratory Parameters in Patients with COVID-19
0xcxvdf3,wbdqys0y,-0.05536857,An EUA for Casirivimab and Imdevimab for COVID-19,"Test strategy: At first fast, then reliable"
qp7peart,mxpdmrfu,-0.05536356,The Challenges of Nonprofit Governance,Digitalisierung - jetzt
f43a5k1d,mxpdmrfu,-0.05534489,Risk communication in COVID-19 pandemic: A note for health-care workers,Digitalisierung - jetzt
mxpdmrfu,td9vyvzg,-0.05533767,Digitalisierung - jetzt,Neurological imaging findings in hospitalized COVID-19 patients: a retrospective observational study in two Brazilian reference centers
zu4tikpu,0wuluxfe,-0.055329535,Exkursion in eine postagile Zukunft,Research Highlights.
4zk9hgs5,mxpdmrfu,-0.055328365,Telemonitoring for Patients With COVID-19: Recommendations for Design and Implementation,Digitalisierung - jetzt
xgzzz1py,mxpdmrfu,-0.05530795,Neglected bacterial infections in COVID-19 patients,Digitalisierung - jetzt
3d56os6r,b1jp4qv0,-0.055301547,hpO: Berufsvereinigung für heilkundlich praktizierte Osteopathie e. V.,Negotiating Vulnerabilities in Space and Time in the Twenty-First Century
i0go9knk,3d56os6r,-0.05529022,The necessity of judgment,hpO: Berufsvereinigung für heilkundlich praktizierte Osteopathie e. V.
mxpdmrfu,8avj810u,-0.055281807,Digitalisierung - jetzt,Identifying the predictors of Covid-19 infection outcomes and development of prediction models
mxpdmrfu,7o3rgq26,-0.05526613,Digitalisierung - jetzt,Groupthink among health professional teams in patient care: A scoping review.
4ydh9mit,mxpdmrfu,-0.05524718,Negative psychological aspects of working with experimental animals in scientific research,Digitalisierung - jetzt
m3hoo369,0xcxvdf3,-0.055212304,Finding the Best Balance.,An EUA for Casirivimab and Imdevimab for COVID-19
kkj0u3q1,0xcxvdf3,-0.055197373,Polyserositis secondary to COVID-19: the diagnostic dilemma,An EUA for Casirivimab and Imdevimab for COVID-19
wrzbu9nu,mxpdmrfu,-0.055196922,Covid-19 control in islands,Digitalisierung - jetzt
mxpdmrfu,4c8dt0b0,-0.055190604,Digitalisierung - jetzt,Cardiac point-of-care ultrasound publication trends.
0xcxvdf3,piql88he,-0.05518725,An EUA for Casirivimab and Imdevimab for COVID-19,"Predicting COVID-19 using past pandemics as a guide: how reliable were mathematical models then, and how reliable will they be now?"
3d56os6r,madok9in,-0.055185985,hpO: Berufsvereinigung für heilkundlich praktizierte Osteopathie e. V.,The short-term effect of COVID-19 on schoolchildren's generosity
0xcxvdf3,scn20epj,-0.05518345,An EUA for Casirivimab and Imdevimab for COVID-19,Perceived Coach-Created Motivational Climates as Predictors of Athletes’ Goal Reengagement: The Mediational Role of Goal Motives
o5gu6yct,mxpdmrfu,-0.055182464,Demographic variables associated with Covid-19 mortality,Digitalisierung - jetzt
nxmauvpu,nno1jdc4,-0.055178896,Reasons for HOPE.,Multiorganinfektionen — komplexe klinisch-infektiologische Krankheiten
0xcxvdf3,ucjrzdaf,-0.055168632,An EUA for Casirivimab and Imdevimab for COVID-19,COVID-19: Threat or Opportunity?
mxpdmrfu,7luef1h9,-0.05515834,Digitalisierung - jetzt,Clinical assessment and management of children with bronchiolitis
3d56os6r,1a4wkwu6,-0.055139747,hpO: Berufsvereinigung für heilkundlich praktizierte Osteopathie e. V.,Implementing Group Parent Training in Telepsychology: Lessons Learned During the COVID-19 Pandemic
gsonpunw,hqs94hfa,-0.05512771,Campylobacteriose — eine zoonotische Infektionskrankheit,Pesticides
3d56os6r,lhmo9k4p,-0.055122208,hpO: Berufsvereinigung für heilkundlich praktizierte Osteopathie e. V.,Making Resolutions Last.
kix9qx7l,3d56os6r,-0.0550992,2020: A year we will remember.,hpO: Berufsvereinigung für heilkundlich praktizierte Osteopathie e. V.
5iqpl23p,oz7j2a4f,-0.05509299,Rhinoviruses,October 2021 to January 2022
mxpdmrfu,7vc977dq,-0.05508692,Digitalisierung - jetzt,Success Factors of Artificial Intelligence Implementation in Healthcare
gsonpunw,b1zixcgy,-0.05508354,Campylobacteriose — eine zoonotische Infektionskrankheit,Contents list including Graphcal Abstracts
15s4z3j0,3d56os6r,-0.05507627,Love in the Time of COVID,hpO: Berufsvereinigung für heilkundlich praktizierte Osteopathie e. V.
9w0u8sqo,3d56os6r,-0.05507627,Love in the Time of COVID.,hpO: Berufsvereinigung für heilkundlich praktizierte Osteopathie e. V.
mxpdmrfu,ima3umba,-0.055065062,Digitalisierung - jetzt,Food Handling Concerns and Practices Among Patients With Underlying Medical Conditions Associated With COVID-19 Severity
ti02ffbo,gsonpunw,-0.055061433,COVID-19 - Disinfecting surfaces,Campylobacteriose — eine zoonotische Infektionskrankheit
mxpdmrfu,iwyrq04s,-0.055048212,Digitalisierung - jetzt,Clinical features and imaging findings in six coronavirus disease 2019 patients
zmftahcs,mxpdmrfu,-0.05503664,Undetected cases,Digitalisierung - jetzt
i7gijwfe,aaj9e3v9,-0.055020425,COVID-19: a year on,9 vragen over vaccineren
sboupik6,aaj9e3v9,-0.055020425,The year that was,9 vragen over vaccineren
713xsj1z,aaj9e3v9,-0.055020425,[Graefe year 2020].,9 vragen over vaccineren
fhj0pvto,aaj9e3v9,-0.055020425,A year of Covid,9 vragen over vaccineren
0xcxvdf3,csqf1rpu,-0.05500801,An EUA for Casirivimab and Imdevimab for COVID-19,A different way of nursing.
jn17ev8m,gsonpunw,-0.05500224,Cells and Viruses,Campylobacteriose — eine zoonotische Infektionskrankheit
s5t2piar,aaj9e3v9,-0.0549887,Volpocalypse Now,9 vragen over vaccineren
mxpdmrfu,d527yv4x,-0.054985657,Digitalisierung - jetzt,Clotting factors in COVID-19: Epidemiological association and prognostic values in different clinical presentations in an Italian cohort
mxpdmrfu,5wt2oeie,-0.054983296,Digitalisierung - jetzt,Environmental Health Perspectives at 50
0xcxvdf3,3hd8ql6u,-0.05497991,An EUA for Casirivimab and Imdevimab for COVID-19,Telecardiology during the Covid-19 pandemic: past mistakes and future hopes
mdd60ic7,d7rlj43k,-0.054971013,Acknowledgement to Referees,Einladung zu einer Hybrid-Veranstaltung 2022
d7rlj43k,nfzoanb9,-0.054971013,Einladung zu einer Hybrid-Veranstaltung 2022,Acknowledgement to Referees
d7rlj43k,qgrecd29,-0.054971013,Einladung zu einer Hybrid-Veranstaltung 2022,Acknowledgement to Referees
85wdxtxr,mxpdmrfu,-0.054957796,COVID-19 and paediatric patient involvement (cardiovascular aspects),Digitalisierung - jetzt
mxpdmrfu,en4z438f,-0.054937363,Digitalisierung - jetzt,"Geography, generalisability, and susceptibility in clinical trials"
mln07ka4,mxpdmrfu,-0.054929722,COVID-19 mortality risk for older men and women,Digitalisierung - jetzt
mxpdmrfu,91kyjw7j,-0.05491837,Digitalisierung - jetzt,COVID-19 ECONOMICS: Competitive Survival in a Devastated Industry: Evidence from Hotels during COVID-19
6z7qj9vo,owvwcvnp,-0.054910533,HEARTS of athletes.,Respuesta
0b6ebsoc,mxpdmrfu,-0.05489705,"Pregnancy, Postpartum Care, and COVID-19 Vaccination in 2021",Digitalisierung - jetzt
ppvzblrh,mxpdmrfu,-0.05489416,Public Health Across the Political Spectrum for All.,Digitalisierung - jetzt
mxpdmrfu,o4l3kmes,-0.05489416,Digitalisierung - jetzt,Public Health Across the Political Spectrum for All
3d56os6r,2mjqa6bh,-0.054887116,hpO: Berufsvereinigung für heilkundlich praktizierte Osteopathie e. V.,"Reimagining Numeracies: Empowered, Game-Informed Meaning Making in and beyond the Pandemic Era"
3d56os6r,xcsut9du,-0.054861624,hpO: Berufsvereinigung für heilkundlich praktizierte Osteopathie e. V.,Successes and Challenges in Teaching Chemistry to Deaf and Hard of-Hearing Students in the Time of COVID-19
7ut3owpi,0xcxvdf3,-0.054839976,Providing behavioral workforce development technical assistance during COVID-19: adjustments and needs,An EUA for Casirivimab and Imdevimab for COVID-19
mxpdmrfu,x27t5sjb,-0.054838676,Digitalisierung - jetzt,Assessing the Threat: Public Health
3d56os6r,dqhwz43f,-0.054836173,hpO: Berufsvereinigung für heilkundlich praktizierte Osteopathie e. V.,Primary care: challenges faced during COVID-19
35e5kqvk,mxpdmrfu,-0.054834906,Investigation of the discomforts of the medical staff in COVID-19 isolation room,Digitalisierung - jetzt
uuf45tow,gsonpunw,-0.054827522,Impact of COVID-19 on Children and Pediatricians,Campylobacteriose — eine zoonotische Infektionskrankheit
jbg4jiot,mxpdmrfu,-0.05481497,Similarities and perspectives on the two C's-Cancer and COVID-19,Digitalisierung - jetzt
3d56os6r,0u64fgvl,-0.05479232,hpO: Berufsvereinigung für heilkundlich praktizierte Osteopathie e. V.,Resolving conflict: superordinate goals and careful communication
9ynr3c3s,0xcxvdf3,-0.054788504,Planting Critical Ideas: Artists Reconfiguring the Environmental Crisis,An EUA for Casirivimab and Imdevimab for COVID-19
4q5916v2,3d56os6r,-0.054782778,It is important to consider research that is challenging and controversial,hpO: Berufsvereinigung für heilkundlich praktizierte Osteopathie e. V.
zznvkxra,gsonpunw,-0.054782264,BASL Abstracts,Campylobacteriose — eine zoonotische Infektionskrankheit
01hv5kun,gsonpunw,-0.054782264,ABSTRACTS,Campylobacteriose — eine zoonotische Infektionskrankheit
zynq5bwv,gsonpunw,-0.054782264,2005 ECVIM Abstracts,Campylobacteriose — eine zoonotische Infektionskrankheit
8dy2777x,gsonpunw,-0.054782264,Abstracts DEGRO 2021,Campylobacteriose — eine zoonotische Infektionskrankheit
gsonpunw,n3t1jj29,-0.054782264,Campylobacteriose — eine zoonotische Infektionskrankheit,ABSTRACTS
3d56os6r,q2l0gumq,-0.05476696,hpO: Berufsvereinigung für heilkundlich praktizierte Osteopathie e. V.,Benefits of physical activity and physical exercise in the time of pandemic
mj2zwh2b,3d56os6r,-0.05473572,"TPACK: Technology, Pedagogy, and Content Knowledge for Paraeducator in the Context of Sustainable Development Goal 4",hpO: Berufsvereinigung für heilkundlich praktizierte Osteopathie e. V.
mdd60ic7,nkntemui,-0.054732125,Acknowledgement to Referees,Versorgung von Krebspatienten leidet
nfzoanb9,nkntemui,-0.054732125,Acknowledgement to Referees,Versorgung von Krebspatienten leidet
qgrecd29,nkntemui,-0.054732125,Acknowledgement to Referees,Versorgung von Krebspatienten leidet
mxpdmrfu,drd3urnx,-0.054729365,Digitalisierung - jetzt,"The Two Faces of Nematode Infection: Virulence and Immunomodulatory Molecules From Nematode Parasites of Mammals, Insects and Plants"
vzv6qni5,zu4tikpu,-0.054720215,The Psychological Consequences of the COVID-19 on Residents and Staff in Nursing Homes,Exkursion in eine postagile Zukunft
78e5b666,mxpdmrfu,-0.054720167,A quantitative exploration of symptoms in COVID-19 patients: an observational cohort study,Digitalisierung - jetzt
ym5z5ob6,jjdvtfy1,-0.05471901,ASTCT Notes,Wieloukładowy zespół zapalny u dzieci a COVID-19
3d56os6r,rx8peyt7,-0.054699562,hpO: Berufsvereinigung für heilkundlich praktizierte Osteopathie e. V.,Psychogeriatrics in a world with COVID-19
3d56os6r,sskzku0r,-0.054699562,hpO: Berufsvereinigung für heilkundlich praktizierte Osteopathie e. V.,Psychogeriatrics in a world with COVID-19
0xcxvdf3,4ze1ivlc,-0.054698043,An EUA for Casirivimab and Imdevimab for COVID-19,COVID-19: how things change in a short while
0xcxvdf3,1eiu67iw,-0.05469519,An EUA for Casirivimab and Imdevimab for COVID-19,Kids & COVID: Part Two: New Insights into Potential Problems Warrant Caution
3d56os6r,c2io6utd,-0.054693487,hpO: Berufsvereinigung für heilkundlich praktizierte Osteopathie e. V.,Employment Consequences of COVID-19 for People with Disabilities and Employers
bhlfa3uk,3d56os6r,-0.054692682,The impact of the pandemic on probation: lessons for the future,hpO: Berufsvereinigung für heilkundlich praktizierte Osteopathie e. V.
fouh4jhs,i6vetquk,-0.054686856,Konjunkturpaket notwendig — Rückkehr zur Schuldenbremse nicht forcieren,The pathogens
0xcxvdf3,tg0o918v,-0.054678664,An EUA for Casirivimab and Imdevimab for COVID-19,The single most important lesson from COVID-19 – It is time to take public health seriously
7kdzayie,mxpdmrfu,-0.05466674,“Weighing” the risks and benefits – Thromboprophylaxis challenges in obese COVID-19 patients,Digitalisierung - jetzt
mxpdmrfu,pqr5keuu,-0.054659847,Digitalisierung - jetzt,Ethical Issues in Public Health
mxpdmrfu,zuhg40wa,-0.054655664,Digitalisierung - jetzt,Americans' perceptions of disparities in COVID-19 mortality: Results from a nationally-representative survey
g6wxlp66,mxpdmrfu,-0.054649398,The COVID-19 pandemic: lifestyle and cardiovascular risk factors,Digitalisierung - jetzt
mxpdmrfu,zem2weuy,-0.054638695,Digitalisierung - jetzt,"COVID Stress Factors, Willingness to Be Vaccinated, and Reasons for Vaccination Hesitancy Amongst Ethnic Minorities and Youth"
tm2smij9,0xcxvdf3,-0.05459378,Rehabilitation after critical illness: how to facilitate a successful return to work,An EUA for Casirivimab and Imdevimab for COVID-19
mxpdmrfu,pdj55b0f,-0.05458686,Digitalisierung - jetzt,Role of Hematological and Immunological Parameters in COVID-19 Patients
0xcxvdf3,3sg7ol68,-0.054581452,An EUA for Casirivimab and Imdevimab for COVID-19,"COVID-19: Look to the Future, Learn from the Past"
mxpdmrfu,krgk5r25,-0.054554764,Digitalisierung - jetzt,Biological Hazards and Select Agents
tnmk3zpf,y3hpzj0u,-0.054550517,CAPNETZ fokussiert auf COVID-19,"Acknowledgment of Referees, 2020"
uuf45tow,3d56os6r,-0.054548115,Impact of COVID-19 on Children and Pediatricians,hpO: Berufsvereinigung für heilkundlich praktizierte Osteopathie e. V.
0t6fse01,0xcxvdf3,-0.054547,Locating Facilities Under Deliberate Disruptive Attacks,An EUA for Casirivimab and Imdevimab for COVID-19
dhsniglo,fouh4jhs,-0.054539133,People + Companies,Konjunkturpaket notwendig — Rückkehr zur Schuldenbremse nicht forcieren
9bdiz5pz,fouh4jhs,-0.054539133,People + Companies,Konjunkturpaket notwendig — Rückkehr zur Schuldenbremse nicht forcieren
fouh4jhs,wm7yrtrw,-0.054539133,Konjunkturpaket notwendig — Rückkehr zur Schuldenbremse nicht forcieren,People + Companies
fouh4jhs,6uvm25og,-0.054539133,Konjunkturpaket notwendig — Rückkehr zur Schuldenbremse nicht forcieren,People + Companies
mxpdmrfu,18f00tlh,-0.054533333,Digitalisierung - jetzt,Report of the 2021 meeting of the International Society of Protistologists
mxpdmrfu,5g1mbtko,-0.054528944,Digitalisierung - jetzt,Clinical Profile and Demographic Features of COVID-19 Patients in a Tertiary Care Hospital of Pakistan
mxpdmrfu,cxcodkt5,-0.05450917,Digitalisierung - jetzt,Odds Ratio Estimation of Medical Students' Attitudes towards COVID-19 Vaccination
zu4tikpu,gd37nhjf,-0.05450763,Exkursion in eine postagile Zukunft,Contemporary Issues in Women's Health.
3d56os6r,nd04s2mc,-0.054489724,hpO: Berufsvereinigung für heilkundlich praktizierte Osteopathie e. V.,ISBER in the Time of COVID.
cx2h5bsw,mxpdmrfu,-0.054479245,"Vascular Events, Vascular Disease and Vascular Risk Factors—Strongly Intertwined with COVID-19",Digitalisierung - jetzt
gsonpunw,o8b1dx3b,-0.054474834,Campylobacteriose — eine zoonotische Infektionskrankheit,COVID-19 in persons with haematological cancers
dlwdmfxf,0xcxvdf3,-0.054472085,Exercise Throughout Pregnancy in a Hospital Setting: Looking Beyond COVID-19,An EUA for Casirivimab and Imdevimab for COVID-19
mxpdmrfu,gc0x0ifb,-0.054447804,Digitalisierung - jetzt,COVID-19: The Patients' Perceived Impact on Dental Care.
mxpdmrfu,pf42cc66,-0.054444462,Digitalisierung - jetzt,Our mind-body reactions to COVID-19.
3rfjzx8p,3d56os6r,-0.054441303,Author Correction: Reasons for success and lessons learnt from nanoscale vaccines against COVID-19,hpO: Berufsvereinigung für heilkundlich praktizierte Osteopathie e. V.
qwinj5r4,tnmk3zpf,-0.05443718,Psychological Factors and Consequences of Psychosocial Stress during the Pandemic,CAPNETZ fokussiert auf COVID-19
iuhho15w,mxpdmrfu,-0.05443428,Remdesivir for the treatment of Covid-19: the value of biochemical studies,Digitalisierung - jetzt
zq0zt3tu,mxpdmrfu,-0.054431055,Future potential of metagenomics in clinical laboratories.,Digitalisierung - jetzt
gmphqknf,mxpdmrfu,-0.054423224,Health Disparities And COVID-19,Digitalisierung - jetzt
mxpdmrfu,u29nkohv,-0.054423224,Digitalisierung - jetzt,Health Disparities and COVID-19
mxpdmrfu,6q0qvxy7,-0.054416206,Digitalisierung - jetzt,COVID-19 in patients with neurological disorders.
6spnk4sj,zu4tikpu,-0.054409135,Acknowledgment to reviewers—2020,Exkursion in eine postagile Zukunft
zu4tikpu,60eo1w1k,-0.054407306,Exkursion in eine postagile Zukunft,"[Mapping the intricacies of care networks for persons with disabilities, from the perspectives of users-citizens-guides]."
zu4tikpu,ro12jwoc,-0.054401074,Exkursion in eine postagile Zukunft,People are to blame for Covid-19.
031nil59,mxpdmrfu,-0.054396853,Preliminary concerns with vaccine vectors,Digitalisierung - jetzt
64lh252t,gsonpunw,-0.05439634,Vehicles for oligonucleotide delivery to tumours.,Campylobacteriose — eine zoonotische Infektionskrankheit
1k9h42e2,j6nd02sj,-0.054385785,COVID-19 in older adults.,پیشبینی رفتارهاي پیشگیرانه از کووید-19 بر اساس سازه هاي مدل اعتقاد بهداشتی (HBM): مطالعه مبتنی بر اینترنت در جمعیت استان مازندران
3d56os6r,soyng29s,-0.054383203,hpO: Berufsvereinigung für heilkundlich praktizierte Osteopathie e. V.,Future directions for risk communications at EFSA
gxbn64e9,mxpdmrfu,-0.054382,"Summarized facts, managements and treatment pattern for COVID -19",Digitalisierung - jetzt
3d56os6r,zgw234mq,-0.05437925,hpO: Berufsvereinigung für heilkundlich praktizierte Osteopathie e. V.,Lessons from the COVID-19 pandemic
3d56os6r,w80bofno,-0.05437925,hpO: Berufsvereinigung für heilkundlich praktizierte Osteopathie e. V.,Lessons from a pandemic
mrdg743n,fouh4jhs,-0.054376543,Recruiting Residents During COVID-19,Konjunkturpaket notwendig — Rückkehr zur Schuldenbremse nicht forcieren
8dn4hdvb,3d56os6r,-0.054372348,Period measures of life course complexity,hpO: Berufsvereinigung für heilkundlich praktizierte Osteopathie e. V.
qvay40pd,6gxlv2ci,-0.05437176,All People.,BvDU Kurz notiert
qvay40pd,0e0stvsd,-0.05437176,All People.,BvDU Kurz notiert
3wwtcpdn,mxpdmrfu,-0.054354135,Infection Control and Management of COVID-19: Challenges for Paediatric Tertiary Care Hospitals,Digitalisierung - jetzt
jn17ev8m,mxpdmrfu,-0.054341387,Cells and Viruses,Digitalisierung - jetzt
jkyng8t2,mxpdmrfu,-0.054339163,Clinical characteristics of hospitalized COVID -19 infected patients in Palestine,Digitalisierung - jetzt
mxpdmrfu,ugzlj61j,-0.05432405,Digitalisierung - jetzt,Factors Affecting Nursing Intention for Patients with Emerging Infectious Diseases among Nurses in Hospitals Dedicated to COVID-19: A Focus on the Mediating Effects of Job Crafting
mxpdmrfu,opra4r47,-0.054316238,Digitalisierung - jetzt,Clinical Characteristics and Outcomes of 421 Patients With Coronavirus Disease 2019 Treated in a Mobile Cabin Hospital
4130si4q,mxpdmrfu,-0.054302625,Evaluation of artificial intelligence clinical applications: Detailed case analyses show value of healthcare ethics approach in identifying patient care issues.,Digitalisierung - jetzt
3d56os6r,6hwi1tj7,-0.054289937,hpO: Berufsvereinigung für heilkundlich praktizierte Osteopathie e. V.,Beyond Vaccination Mandates: Solidarity and Freedom During COVID-19
3d56os6r,hzg9c2k1,-0.054281913,hpO: Berufsvereinigung für heilkundlich praktizierte Osteopathie e. V.,Emotional intelligence and transformational leadership in virtual teams: lessons from MMOGs
mxpdmrfu,0t833ch9,-0.054280564,Digitalisierung - jetzt,Supporting Role of Society and Firms to COVID-19 Management among Medical Practitioners
97d4w58c,3d56os6r,-0.054280415,4. Events Getting Ahead of Themselves: Rethinking the Temporality of Expectations,hpO: Berufsvereinigung für heilkundlich praktizierte Osteopathie e. V.
0xcxvdf3,61e6lyqm,-0.054273643,An EUA for Casirivimab and Imdevimab for COVID-19,Reflections on the ‘Right to Justice’: Now and in the Future
gsonpunw,x3lb6viw,-0.054272976,Campylobacteriose — eine zoonotische Infektionskrankheit,Defective Interfering RNAs: Foes of Viruses and Friends of Virologists
mxpdmrfu,gx7mirqh,-0.054199155,Digitalisierung - jetzt,Comparison of characteristics and outcomes of patients admitted to hospital with COVID-19 during wave 1 and wave 2 of the current pandemic
mxpdmrfu,ca69mpdr,-0.054193296,Digitalisierung - jetzt,Outcomes of COVID-19 in Patients With Cancer: Report From the National COVID Cohort Collaborative (N3C)
h9ictn1b,3cectvkf,-0.054184206,Implication of epitranscriptomics in trained innate immunity and COVID-19,Beroepsziekten in cijfers 2020
vur1c2nf,nkgs2iv6,-0.054168973,Communicating With Patients and Families During COVID-19,Aktuelles Studienergebnis unterstreicht zurückhaltende Kommentierung
mxpdmrfu,porpcj9q,-0.054159522,Digitalisierung - jetzt,Virtual integrated primary care teams: Recommendations for team-based care
mxpdmrfu,gj7gza7p,-0.054159008,Digitalisierung - jetzt,Recent Advances in Electrochemical Sensors for the Detection of Biomolecules and Whole Cells
mxpdmrfu,cmexddcz,-0.054147787,Digitalisierung - jetzt,Classification Results for Hyperovals of Generalized Quadrangles
44emw2do,b1hz5v8f,-0.054132786,Thoughts about COVID-19,"COVID-19 en verwikkelingen vaccinatie: beroepsziekte, arbeidsongeval?"
pse44czu,mxpdmrfu,-0.054117944,Reporting cancer care outcomes from the private sector.,Digitalisierung - jetzt
3d56os6r,0p0o3xql,-0.05410779,hpO: Berufsvereinigung für heilkundlich praktizierte Osteopathie e. V.,Privacy in a Time of COVID-19: How Concerned Are You?
mxpdmrfu,er1mi9nz,-0.05409822,Digitalisierung - jetzt,Prospects for Realizing International Women’s Rights Law Through Local Governance: the Case of Cities for CEDAW
mxpdmrfu,kvjnoiec,-0.054087345,Digitalisierung - jetzt,COVID-19 and risks for disadvantaged students: a media coverage analysis from a cultural psychology perspective
0xcxvdf3,qmmkqyfl,-0.054085106,An EUA for Casirivimab and Imdevimab for COVID-19,Challenging the Conventional Interpretation of HCMV Seronegativity
0xcxvdf3,eskoeqrl,-0.05407586,An EUA for Casirivimab and Imdevimab for COVID-19,Hyponatremia is Associated with Poor Outcome in COVID-19
mxpdmrfu,e0p266dd,-0.05407242,Digitalisierung - jetzt,Immunesenescence: A Predisposing Risk Factor for the Development of COVID-19?
0xcxvdf3,7fe9zvma,-0.05407003,An EUA for Casirivimab and Imdevimab for COVID-19,How will Covid-19 Influence Addictive Behaviours and their Management?
0zeppske,mxpdmrfu,-0.05406272,Human coronaviruses: Clinical features and phylogenetic analysis,Digitalisierung - jetzt
mxpdmrfu,n4quugbp,-0.054059826,Digitalisierung - jetzt,"Clinical presentations, pregnancy complications, and maternal outcomes in pregnant women with COVID‐19 and tuberculosis: A retrospective cohort study"
mxpdmrfu,abeqkysv,-0.054059826,Digitalisierung - jetzt,"Clinical presentations, pregnancy complications, and maternal outcomes in pregnant women with COVID-19 and tuberculosis: A retrospective cohort study"
0xcxvdf3,t1emt6jd,-0.054057457,An EUA for Casirivimab and Imdevimab for COVID-19,Complement control for COVID-19
0xcxvdf3,mh4p7hdm,-0.05405529,An EUA for Casirivimab and Imdevimab for COVID-19,COVID-19: Immediate Predictors of Individual Resilience
2dmsxc0b,jjdvtfy1,-0.05404679,COVID-2019: Experience of setting up quarantine center,Wieloukładowy zespół zapalny u dzieci a COVID-19
0xcxvdf3,x0c1o4h9,-0.054045912,An EUA for Casirivimab and Imdevimab for COVID-19,Dissecting the Important Difference Between Good Surgeons and Good Leaders
0imk33l8,3d56os6r,-0.054044098,JNIP Impact Factor Rise Is a Final Tribute to the Years of Impactful Service Made by our Managing Editor,hpO: Berufsvereinigung für heilkundlich praktizierte Osteopathie e. V.
t2l0hblx,mxpdmrfu,-0.05404322,"Sleep Dysfunction in COVID-19 Patients: Prevalence, Risk Factors, Mechanisms, and Management",Digitalisierung - jetzt
9hekilse,mxpdmrfu,-0.054032687,Onto other topics,Digitalisierung - jetzt
mxpdmrfu,afmdh7ab,-0.054020617,Digitalisierung - jetzt,Neurologic and neuroimaging findings in patients with COVID-19: A retrospective multicenter study
mxpdmrfu,8srp591h,-0.05401641,Digitalisierung - jetzt,Recognising a watershed moment: opportunities for clinical research nursing and midwifery.
4a1rxyxc,tnmk3zpf,-0.05401388,COVID‐19 and immunological regulations – from basic and translational aspects to clinical implications,CAPNETZ fokussiert auf COVID-19
zi8mpy7h,tnmk3zpf,-0.054010298,Human Bocavirus,CAPNETZ fokussiert auf COVID-19
0xcxvdf3,jw6ux0ed,-0.054007147,An EUA for Casirivimab and Imdevimab for COVID-19,Promoting the original innovation for disruptive technology
mxpdmrfu,wzkjun72,-0.054003045,Digitalisierung - jetzt,IN-HOSPITAL MORTALITY AND OUTCOMES IN HOSPITALIZED PATIENTS WITH MYOCARDIAL INJURY AND COVID-19 INFECTION
mxpdmrfu,4atqhen1,-0.054001976,Digitalisierung - jetzt,Covid-19 Infection in a Patient with Secondary Hypogammaglobulinemia
3d56os6r,6glhvp18,-0.053997718,hpO: Berufsvereinigung für heilkundlich praktizierte Osteopathie e. V.,Convening during COVID-19: Lessons learnt from organizing virtual workshops in 2020
u4laoljh,zu4tikpu,-0.053993125,News and events.,Exkursion in eine postagile Zukunft
1vwy9yiz,jjdvtfy1,-0.053990535,Public health round-up.,Wieloukładowy zespół zapalny u dzieci a COVID-19
0tzxcfep,jjdvtfy1,-0.053990535,Public health round-up,Wieloukładowy zespół zapalny u dzieci a COVID-19
r7d4cl3x,jjdvtfy1,-0.053990535,Public health round-up,Wieloukładowy zespół zapalny u dzieci a COVID-19
gk23aq2e,jjdvtfy1,-0.053990535,Public health round-up,Wieloukładowy zespół zapalny u dzieci a COVID-19
jjdvtfy1,bfwoqci2,-0.053990535,Wieloukładowy zespół zapalny u dzieci a COVID-19,Public health round-up
jjdvtfy1,oherdkfq,-0.053990535,Wieloukładowy zespół zapalny u dzieci a COVID-19,Public health round-up
gsonpunw,sl72w41v,-0.053990252,Campylobacteriose — eine zoonotische Infektionskrankheit,Influence of computers in students’ academic achievement
bnn7pi8s,0xcxvdf3,-0.05398811,"Intensive care sedation: the past, present and the future.",An EUA for Casirivimab and Imdevimab for COVID-19
0xcxvdf3,0o7awt91,-0.05396907,An EUA for Casirivimab and Imdevimab for COVID-19,The VODAN IN: support of a FAIR-based infrastructure for COVID-19
zu4tikpu,ois5rucs,-0.053959373,Exkursion in eine postagile Zukunft,From the Guest Editors: Grief
ie11g64f,zu4tikpu,-0.05395736,Redesigning health programmes for all children and adolescents,Exkursion in eine postagile Zukunft
mxpdmrfu,3n8tnoug,-0.053951565,Digitalisierung - jetzt,16 Methods for Detecting Microbial Pathogens in Food and Water
834rqzto,0xcxvdf3,-0.053949587,Decision making across adulthood during physical distancing,An EUA for Casirivimab and Imdevimab for COVID-19
lxmfymeq,mxpdmrfu,-0.0539409,A Qualitative study on diverse perspectives and identities of firearm owners.,Digitalisierung - jetzt
gsonpunw,uyi7st8q,-0.053940885,Campylobacteriose — eine zoonotische Infektionskrankheit,Clinical characteristics of COVID-19 patients and the main nursing diagnoses
gmitz3gg,mxpdmrfu,-0.053935386,Sequential stages of clinical trials and overview of issues to be considered,Digitalisierung - jetzt
mxpdmrfu,h6kb0nsr,-0.053933617,Digitalisierung - jetzt,COVID-19 in cancer patients
mxpdmrfu,75iv3s9j,-0.053933617,Digitalisierung - jetzt,43 COVID-19 in Patients With Cancer
c4sklxwh,mxpdmrfu,-0.053904165,"COVID-19 by numbers -infections, cases and deaths.",Digitalisierung - jetzt
xm6j3wle,0xcxvdf3,-0.053902425,Remembering Metchnikoff in the time of COVID‐19,An EUA for Casirivimab and Imdevimab for COVID-19
qefx8fp5,gsonpunw,-0.05388347,Deficiencies in the Designs and Interventions of COVID-19 Clinical Trials,Campylobacteriose — eine zoonotische Infektionskrankheit
l1nvnvkg,gsonpunw,-0.05387889,Transmission and risk factors of OF COVID-19.,Campylobacteriose — eine zoonotische Infektionskrankheit
3d56os6r,dmk94k5s,-0.053876363,hpO: Berufsvereinigung für heilkundlich praktizierte Osteopathie e. V.,Impact of Moving to Online Learning on the Way Educators Teach
3cectvkf,nd04s2mc,-0.053874556,Beroepsziekten in cijfers 2020,ISBER in the Time of COVID.
mxpdmrfu,y9un38et,-0.053830806,Digitalisierung - jetzt,"Positive Organizational Practices, Life Satisfaction, and Psychological Capital in the Public and Private Sectors"
3d56os6r,0o98ethf,-0.05382311,hpO: Berufsvereinigung für heilkundlich praktizierte Osteopathie e. V.,"""MoRPHEE"" fighting COVID-19"
0xcxvdf3,0014ih0d,-0.053816397,An EUA for Casirivimab and Imdevimab for COVID-19,Obsessive-Compulsive Disorder During COVID-19: Turning a Problem into an Opportunity?
vxr7szms,mxpdmrfu,-0.05381596,Psychiatric management of Patients in intensive care units,Digitalisierung - jetzt
1xjao43w,hcjpj03p,-0.053813588,Other,Leitlinien zu COVID-19
1xjao43w,9sk9n0f9,-0.053813588,Other,"Anmerkung zu BVerfG, Beschl. v. 16.12.2021 – 1 BvR 1541/20"
1xjao43w,ioveubcb,-0.053813588,Other,Darmkrebsvorsorge zu COVID‑19‑Zeiten
mxpdmrfu,dld99nj1,-0.05380667,Digitalisierung - jetzt,Risk of morbidity and mortality in COVID-19 patients with cancer
3d56os6r,6ay0qk51,-0.053803463,hpO: Berufsvereinigung für heilkundlich praktizierte Osteopathie e. V.,'Unprecedented achievement': who received the first billion COVID vaccinations?
mhth6nwe,mxpdmrfu,-0.053800974,The Current State of COVID-19 Infection in Filipino Children,Digitalisierung - jetzt
3d56os6r,7db0hsux,-0.053762138,hpO: Berufsvereinigung für heilkundlich praktizierte Osteopathie e. V.,The challenge of the COVID-19 pandemic: what can we learn from history?
mxpdmrfu,vzqv7znj,-0.053758875,Digitalisierung - jetzt,Remote patient monitoring in COVID-19: a critical appraisal
mxpdmrfu,60nlrgbx,-0.053750798,Digitalisierung - jetzt,Health Economics of Vaccines: From Current Practice to Future Perspectives
zetmqqn0,gsonpunw,-0.053728648,"We, the frontliners",Campylobacteriose — eine zoonotische Infektionskrankheit
0bbo4wa8,0xcxvdf3,-0.053724904,What's happening in Without Borders,An EUA for Casirivimab and Imdevimab for COVID-19
0xcxvdf3,19w891yo,-0.053723622,An EUA for Casirivimab and Imdevimab for COVID-19,Scientists whose ideas came on the move.
3r1uil1c,mxpdmrfu,-0.05371551,Proximity to COVID-19 on Mental Health Symptoms among Hospital Medical Staff.,Digitalisierung - jetzt
m1qdtp1y,0xcxvdf3,-0.053698007,Keeping current on patient safety.,An EUA for Casirivimab and Imdevimab for COVID-19
mxpdmrfu,h7l1935f,-0.053696144,Digitalisierung - jetzt,The application of 6S and PDCA management strategies in the nursing of COVID-19 patients
0xcxvdf3,762gp21e,-0.053666018,An EUA for Casirivimab and Imdevimab for COVID-19,The influence of demographics and personality on COVID-19 coping in young adults
nr9uwiuy,3d56os6r,-0.053657748,Responding to COVID-19: Lessons Learned from a Senior Living and Social Service Organization,hpO: Berufsvereinigung für heilkundlich praktizierte Osteopathie e. V.
mxpdmrfu,vlph2bjh,-0.05365557,Digitalisierung - jetzt,Strengths and Struggles for Families Involved in Hospice Care During the COVID-19 Pandemic
0xcxvdf3,t1c8sk1u,-0.05360946,An EUA for Casirivimab and Imdevimab for COVID-19,Vertical Proliferation Challenges
wuse14y1,3d56os6r,-0.053603575,Applying for residency in the time of COVID-19,hpO: Berufsvereinigung für heilkundlich praktizierte Osteopathie e. V.
3d56os6r,tdh0li11,-0.05359495,hpO: Berufsvereinigung für heilkundlich praktizierte Osteopathie e. V.,We Must Embrace Our Interconnectedness.
mxpdmrfu,92iehafh,-0.053593542,Digitalisierung - jetzt,Organoid Studies in COVID-19 Research
9xjk2ofz,mxpdmrfu,-0.053591866,O-051 Telenursing within fertility,Digitalisierung - jetzt
mxpdmrfu,a2eili85,-0.05359005,Digitalisierung - jetzt,Investor Attention in Cryptocurrency Markets
mxpdmrfu,ycsqw405,-0.053586405,Digitalisierung - jetzt,Firms’ approach to mitigating risks in the platinum group metals sector
mxpdmrfu,5zu7okqd,-0.05358118,Digitalisierung - jetzt,Travel and public health
oi8xbbso,3d56os6r,-0.0535639,Three Bullets in Three Hemispheres-Shared Decision-Making During the Covid-19 Pandemic,hpO: Berufsvereinigung für heilkundlich praktizierte Osteopathie e. V.
mxpdmrfu,zu7xdohq,-0.05355792,Digitalisierung - jetzt,Lessons From the Field. Family Grief Care and Bibliotherapy: A Call for Models and Studies
cvlk80fl,zu4tikpu,-0.05353647,News and Announcements,Exkursion in eine postagile Zukunft
v5c42a9f,zu4tikpu,-0.05353647,News and Announcements,Exkursion in eine postagile Zukunft
3d56os6r,zw0zhuyk,-0.053530913,hpO: Berufsvereinigung für heilkundlich praktizierte Osteopathie e. V.,COVID-19 and Book Publishing: Impacts and Insights for 2021
0xcxvdf3,ya8uybre,-0.05353049,An EUA for Casirivimab and Imdevimab for COVID-19,11 Ways to Stop Misinformation
ejzflqha,zu4tikpu,-0.05351737,COVID-19 Vaccination in Children and University Students,Exkursion in eine postagile Zukunft
tazvpnuu,zu4tikpu,-0.05351553,Challenges and Opportunities for Academic Parents During COVID-19,Exkursion in eine postagile Zukunft
qtza4axr,mxpdmrfu,-0.05351282,Meaning of Respect for Older People in Family Relationships,Digitalisierung - jetzt
049uxyjf,3d56os6r,-0.053512592,How can I make the most of my time shielding?,hpO: Berufsvereinigung für heilkundlich praktizierte Osteopathie e. V.
3zc76isd,3d56os6r,-0.053508226,Higher Education Instructors’ Usage of and Learning From Student Evaluations of Teaching – Do Achievement Goals Matter?,hpO: Berufsvereinigung für heilkundlich praktizierte Osteopathie e. V.
mxpdmrfu,biwnqa3f,-0.053499363,Digitalisierung - jetzt,Prevention of Infectious Diseases in Athletes
0xcxvdf3,i6j3kjl8,-0.053498816,An EUA for Casirivimab and Imdevimab for COVID-19,Impact of comorbidities on COVID-19 outcome
0xcxvdf3,tavz61h3,-0.053486537,An EUA for Casirivimab and Imdevimab for COVID-19,Progressing the construct of enjoyment: conceptualizing enjoyment as a proactive process
e9oxvgar,gsonpunw,-0.053474598,"Sociality, Parasites, and Pathogens in Bats",Campylobacteriose — eine zoonotische Infektionskrankheit
3d56os6r,htjkl92t,-0.053469725,hpO: Berufsvereinigung für heilkundlich praktizierte Osteopathie e. V.,Moving conferences online: lessons learned from an international virtual meeting
mxpdmrfu,jyi7ik6t,-0.053460147,Digitalisierung - jetzt,Aspects of protection and social vulnerability of teenagers in public all-day schools
3d56os6r,sqacb0mm,-0.0534222,hpO: Berufsvereinigung für heilkundlich praktizierte Osteopathie e. V.,Love in the time of COVID-19: Experiences of a psychology trainee
3d56os6r,riy2nm5l,-0.0534222,hpO: Berufsvereinigung für heilkundlich praktizierte Osteopathie e. V.,Love In The Time Of Covid-19: Experiences Of A Psychology Trainee
mxpdmrfu,mn7tpptz,-0.0534187,Digitalisierung - jetzt,Epistaxis in hospitalized patients with COVID-19
mxpdmrfu,q73goacw,-0.053407222,Digitalisierung - jetzt,"Plagues, Public Health, and Politics"
y2so3dqt,zu4tikpu,-0.053401742,Editors’ note,Exkursion in eine postagile Zukunft
2vpvdm11,jjdvtfy1,-0.05338029,Technological advances behind the anthrax investigation,Wieloukładowy zespół zapalny u dzieci a COVID-19
mxpdmrfu,adcsld39,-0.053362463,Digitalisierung - jetzt,Guidelines for the management of diabetes in care homes during the Covid-19 pandemic
lvp6jvvl,mxpdmrfu,-0.053346064,A survey of clinical practices among oncologists regarding hepatitis B screening in patients with cancer,Digitalisierung - jetzt
f4hjt5we,0xcxvdf3,-0.053333372,Understanding and shaping the future of work with self-determination theory,An EUA for Casirivimab and Imdevimab for COVID-19
sqg3tluo,0xcxvdf3,-0.053326733,The Challenge of Clearly Counting COVID-19 Cases in Children,An EUA for Casirivimab and Imdevimab for COVID-19
0xcxvdf3,nahdy571,-0.05331368,An EUA for Casirivimab and Imdevimab for COVID-19,Living to Spend Another Day: Exploring Resilience as a New Fourth Goal of Ecological Economics
mxpdmrfu,zqjssybb,-0.05331096,Digitalisierung - jetzt,Humble servants to human society
mxpdmrfu,aj2335t2,-0.053289663,Digitalisierung - jetzt,"Demographic, socioeconomic, and sociocultural factors associated with any breastfeeding in homeless mothers"
fouh4jhs,taylx8ax,-0.053279564,Konjunkturpaket notwendig — Rückkehr zur Schuldenbremse nicht forcieren,ESICM LIVES 2020
xpzx22qg,mxpdmrfu,-0.053271037,Risk management,Digitalisierung - jetzt
mxpdmrfu,qy0n8kis,-0.053264927,Digitalisierung - jetzt,Exploration of the views and experiences of research healthcare professionals during their redeployment to clinical roles during the COVID‐19 pandemic
mxpdmrfu,sc02fyqs,-0.05324258,Digitalisierung - jetzt,On COVID-19 and Matters Arising
avgbsw8t,mxpdmrfu,-0.053235568,Educating future doctors for uncertainty and complexity.,Digitalisierung - jetzt
lrk1a4bk,3d56os6r,-0.053234834,Ten simple rules for tackling your first mathematical models: A guide for graduate students by graduate students,hpO: Berufsvereinigung für heilkundlich praktizierte Osteopathie e. V.
22wu7ya2,3d56os6r,-0.053234834,Ten simple rules for tackling your first mathematical models: A guide for graduate students by graduate students,hpO: Berufsvereinigung für heilkundlich praktizierte Osteopathie e. V.
prkum63z,mxpdmrfu,-0.05320933,COVID-19 and religious congregations: Implications for spread of novel pathogens,Digitalisierung - jetzt
taylx8ax,zu4tikpu,-0.053203654,ESICM LIVES 2020,Exkursion in eine postagile Zukunft
0xcxvdf3,8lwnmdeq,-0.053195883,An EUA for Casirivimab and Imdevimab for COVID-19,SPECIFIC PROBLEM AREAS
wg1wjr1s,95u2vws4,-0.05317905,Clinical features of 17 patients with 2019-nCoV.,Wir haben eine Impfung!
mxpdmrfu,dlmzcl9g,-0.05317313,Digitalisierung - jetzt,SEROEPIDEMIOLOGIC STUDIES OF CORONAVIRUS INFECTION IN ADULTS AND CHILDREN(1)
mxpdmrfu,m8n0kj5p,-0.05317179,Digitalisierung - jetzt,COVID-19 Infection During Pregnancy and Associated Perinatal Health Outcomes: A National Cohort Study of US Pregnancies
mxpdmrfu,tfd85p5u,-0.053165898,Digitalisierung - jetzt,Influence of Covid'19 on Corporate Leadership Behavior towards Workforce Safety and Business Objectives
gsonpunw,i62ok4nk,-0.053162497,Campylobacteriose — eine zoonotische Infektionskrankheit,Supporting Junior Women: Strategies for Men Colleagues
0sqbn18v,3d56os6r,-0.05314876,Toward establishing telepsychology guideline. Turning the challenges of COVID-19 into opportunity,hpO: Berufsvereinigung für heilkundlich praktizierte Osteopathie e. V.
mxpdmrfu,imrs0mpj,-0.053148635,Digitalisierung - jetzt,Evaluation of airborne transmission risk in university towns based on IEQ surveys
0f15j0t1,3d56os6r,-0.05314079,Primary Care Practice Finances.,hpO: Berufsvereinigung für heilkundlich praktizierte Osteopathie e. V.
mdmsu2s6,0xcxvdf3,-0.053134404,Leadership during the COVID-19 crisis and beyond,An EUA for Casirivimab and Imdevimab for COVID-19
mxpdmrfu,y3l4elq6,-0.053126078,Digitalisierung - jetzt,Psychological wellbeing and associated factors among nurses exposed to COVID 19: Findings from a cross sectional study
0xcxvdf3,9kiswx6b,-0.05310629,An EUA for Casirivimab and Imdevimab for COVID-19,The Impact of COVID-19: Perspectives of Recreational Therapists Working with Older Adults
3d56os6r,ummenh2x,-0.053096823,hpO: Berufsvereinigung für heilkundlich praktizierte Osteopathie e. V.,Challenges for Children 65+ Caring for Parents 90+ With Dementia During COVID-19
3d56os6r,4n04oyuf,-0.05309608,hpO: Berufsvereinigung für heilkundlich praktizierte Osteopathie e. V.,Losing touch.
3d56os6r,gqhe4rzr,-0.053094212,hpO: Berufsvereinigung für heilkundlich praktizierte Osteopathie e. V.,Ventilation in covid-19: Lessons to be learnt?
mxpdmrfu,p4eu9otn,-0.0530912,Digitalisierung - jetzt,Implications of cardiac markers in risk-stratification and management for COVID-19 patients
3r86t0nl,3d56os6r,-0.05308197,"Virtual student experiences: A case study of objectives, outcomes, and anticipated consequences",hpO: Berufsvereinigung für heilkundlich praktizierte Osteopathie e. V.
oew8wkt5,3d56os6r,-0.053071138,Disability and Contingency Care.,hpO: Berufsvereinigung für heilkundlich praktizierte Osteopathie e. V.
mxpdmrfu,lp1zdquy,-0.053063765,Digitalisierung - jetzt,COMPARISONS AMONG COMPUTED TOMOGRAPHIC FEATURES OF ADIPOSE MASSES IN DOGS AND CATS.
8lwnmdeq,tnmk3zpf,-0.05306001,SPECIFIC PROBLEM AREAS,CAPNETZ fokussiert auf COVID-19
sp7z568k,j6nd02sj,-0.05305678,Treatment of Critical COVID-19 Patients,پیشبینی رفتارهاي پیشگیرانه از کووید-19 بر اساس سازه هاي مدل اعتقاد بهداشتی (HBM): مطالعه مبتنی بر اینترنت در جمعیت استان مازندران
63fc5mx7,mxpdmrfu,-0.053055998,Chapter 5 Project Considerations,Digitalisierung - jetzt
x2z81cqm,0xcxvdf3,-0.053051148,Development and utilization of an intelligent application for aiding COVID-19 diagnosis,An EUA for Casirivimab and Imdevimab for COVID-19
9nmz5317,mxpdmrfu,-0.053049587,Coronavirus and other pathogens: Reflecting on the relationship between health psychology and infectious disease,Digitalisierung - jetzt
gsonpunw,hny4yuj7,-0.053039536,Campylobacteriose — eine zoonotische Infektionskrankheit,Supporting our Fellows and Members through COVID-19.
w53rz0gr,yx0busge,-0.053036775,Comment,Procyonids and Viverids
3d56os6r,tazwdj8m,-0.05302489,hpO: Berufsvereinigung für heilkundlich praktizierte Osteopathie e. V.,Shaping Students’ Attitudes Toward Diversity: Do Faculty Practices and Interactions With Students Matter?
qwc27c52,0xcxvdf3,-0.053015836,Long COVID and kids: scientists race to find answers,An EUA for Casirivimab and Imdevimab for COVID-19
3du9hec1,0xcxvdf3,-0.052990187,Key factors in the contingency plan for COVID-19 during the Magal celebration in 2020,An EUA for Casirivimab and Imdevimab for COVID-19
mherdb4v,nkgs2iv6,-0.052980386,Lessons for and from COVID‐19 for investors and their advisors,Aktuelles Studienergebnis unterstreicht zurückhaltende Kommentierung
8ynum9m5,jjdvtfy1,-0.052979145,The reason for this number,Wieloukładowy zespół zapalny u dzieci a COVID-19
mxpdmrfu,nbxr09uw,-0.052971963,Digitalisierung - jetzt,Focus on chest trauma: implications from clinical and experimental studies
n4gece0x,gsonpunw,-0.05296713,Encountering COVID-19 as Endocrinologists,Campylobacteriose — eine zoonotische Infektionskrankheit
gsonpunw,bqm6ty79,-0.05296713,Campylobacteriose — eine zoonotische Infektionskrankheit,Encountering COVID-19 as Endocrinologists
mxpdmrfu,z3cxj7jk,-0.05295584,Digitalisierung - jetzt,The Application of NIRS to Determine Animal Physiological Traits for Wildlife Management and Conservation
qetuaf6e,mxpdmrfu,-0.052939154,Determination of Risk Groups for the Covid-19 Underlying Deseases,Digitalisierung - jetzt
nno1jdc4,z70bo3ve,-0.052937668,Multiorganinfektionen — komplexe klinisch-infektiologische Krankheiten,COVID-19 in a Hispanic Woman
sh67dbej,44emw2do,-0.052935597,De verpleegkundestudent in 2025,Thoughts about COVID-19
3d56os6r,i8oeuyt2,-0.05293478,hpO: Berufsvereinigung für heilkundlich praktizierte Osteopathie e. V.,A Balance for Fairness: Fair Distribution Utilising Physics in Games of Characteristic Function Form
mxpdmrfu,rh8zai5m,-0.052927557,Digitalisierung - jetzt,Asthma and allergic diseases are not risk factors for hospitalization in children with COVID-19
mxpdmrfu,ytek7kj0,-0.052927203,Digitalisierung - jetzt,The Fragility of Statistically Significant Results in Randomized Clinical Trials for COVID-19
mxpdmrfu,qh6we1sr,-0.052917164,Digitalisierung - jetzt,Challenges and Opportunities for COVID-19 Vaccines in Patients with Cancer.
mxpdmrfu,5nfwpyt7,-0.052901167,Digitalisierung - jetzt,"Response to authors of ""Barriers to hospital electronic public health reporting and implications for the COVID-19 pandemic"""
s8cyvupi,mxpdmrfu,-0.052896585,Advancing clinical trials in nursing homes: A proposed roadmap to success,Digitalisierung - jetzt
tk0mhzio,mxpdmrfu,-0.052896585,Advancing Clinical Trials in Nursing Homes: A Proposed Roadmap to Success,Digitalisierung - jetzt
kwgzk0qg,gsonpunw,-0.0528957,COVID-19 and Biomedical Publishing: Challenges and Prospects.,Campylobacteriose — eine zoonotische Infektionskrankheit
z78eeh0f,mxpdmrfu,-0.052894708,Case Studies on the Local Coverage Process,Digitalisierung - jetzt
mxpdmrfu,a3di1tgz,-0.052886132,Digitalisierung - jetzt,COVID-19 in Pregnant Women and Their Newborn Infants.
hcjpj03p,ecmg8kti,-0.0528783,Leitlinien zu COVID-19,COVID-19: Clinical aspects and therapeutics responses
ecmg8kti,ioveubcb,-0.0528783,COVID-19: Clinical aspects and therapeutics responses,Darmkrebsvorsorge zu COVID‑19‑Zeiten
ecmg8kti,9sk9n0f9,-0.0528783,COVID-19: Clinical aspects and therapeutics responses,"Anmerkung zu BVerfG, Beschl. v. 16.12.2021 – 1 BvR 1541/20"
3d56os6r,pebt5r38,-0.052859146,hpO: Berufsvereinigung für heilkundlich praktizierte Osteopathie e. V.,Children's Covid-19 Literature
mo90z8hz,mxpdmrfu,-0.052848473,Risk factors and outcomes associated with community-onset and hospital-acquired coinfection in patients hospitalized for coronavirus disease 2019 (COVID-19): A multihospital cohort study,Digitalisierung - jetzt
nt0z75lv,mxpdmrfu,-0.052847467,Impact of Cancer History on Outcomes Among Hospitalized Patients with COVID-19,Digitalisierung - jetzt
167bb6f0,mxpdmrfu,-0.052847467,Impact of Cancer History on Outcomes Among Hospitalized Patients with COVID‐19,Digitalisierung - jetzt
qe1ycnrh,jjdvtfy1,-0.052839253,Covid-19 and the power of rules,Wieloukładowy zespół zapalny u dzieci a COVID-19
gsonpunw,kd6obuvs,-0.052835025,Campylobacteriose — eine zoonotische Infektionskrankheit,Address COVID-19 Issues With Volunteers
gsonpunw,yvgzkt8a,-0.052820202,Campylobacteriose — eine zoonotische Infektionskrankheit,"Journals, Academics, and Pandemics"
mdd60ic7,sfarwvit,-0.052805256,Acknowledgement to Referees,So machen Vermittler ihren Betrieb zukunftsfest
nfzoanb9,sfarwvit,-0.052805256,Acknowledgement to Referees,So machen Vermittler ihren Betrieb zukunftsfest
sfarwvit,qgrecd29,-0.052805256,So machen Vermittler ihren Betrieb zukunftsfest,Acknowledgement to Referees
nno1jdc4,yedycf5b,-0.05279305,Multiorganinfektionen — komplexe klinisch-infektiologische Krankheiten,COVID-19 in hypertensive people
l55ssnl6,0xcxvdf3,-0.05279181,Measuring progress towards healthy working lives,An EUA for Casirivimab and Imdevimab for COVID-19
pkw6nd5l,0xcxvdf3,-0.05279181,Measuring progress towards healthy working lives,An EUA for Casirivimab and Imdevimab for COVID-19
0xcxvdf3,runc5gww,-0.052785322,An EUA for Casirivimab and Imdevimab for COVID-19,The Impact of Work Characteristics on Social Distancing: Implications at the Time of COVID-19
2q6t111v,0xcxvdf3,-0.052776236,COVID-19: A Crisis or a Springboard,An EUA for Casirivimab and Imdevimab for COVID-19
vb44nd63,mxpdmrfu,-0.052772846,Outcomes and risk factors for death among hospitalized children and adolescents with kidney diseases and COVID-19: an analysis of a nationwide database,Digitalisierung - jetzt
mxpdmrfu,5hb4f9u8,-0.05276928,Digitalisierung - jetzt,"Risk factors for adverse clinical outcomes with COVID-19 in China: a multicenter, retrospective, observational study"
mxpdmrfu,wvd7mvf9,-0.05276516,Digitalisierung - jetzt,Ecological origins of novel human pathogens.
t6q5quu4,mxpdmrfu,-0.0527536,Clinical and laboratory features of cats with feline infectious peritonitis--a retrospective study of 231 confirmed cases (2000-2010).,Digitalisierung - jetzt
3d56os6r,qzxvh2qc,-0.052746188,hpO: Berufsvereinigung für heilkundlich praktizierte Osteopathie e. V.,"Management of COVID-19: the risks associated with treatment are clear, but the benefits remain uncertain"
4ojcl7jv,mxpdmrfu,-0.05274027,Potential Prognostic Biomarkers of OSBPL Family Genes in Patients with Pancreatic Ductal Adenocarcinoma,Digitalisierung - jetzt
838mmicb,0xcxvdf3,-0.052733943,Clinically practiced and commercially viable nanobio engineered analytical methods for COVID-19 diagnosis,An EUA for Casirivimab and Imdevimab for COVID-19
3d56os6r,fef0oj3i,-0.052732695,hpO: Berufsvereinigung für heilkundlich praktizierte Osteopathie e. V.,Top five ethical lessons of COVID-19 that the world must learn
jjdvtfy1,3ihbztot,-0.0527325,Wieloukładowy zespół zapalny u dzieci a COVID-19,The Challenge of Coming to Terms With Evolving Priorities
7g2mkmg6,mxpdmrfu,-0.052730214,“Quality of life”: parent and neonatologist perspectives,Digitalisierung - jetzt
0xcxvdf3,fx494wip,-0.052729372,An EUA for Casirivimab and Imdevimab for COVID-19,COVID-19: Looking Into the Overlooked
uuf45tow,0xcxvdf3,-0.052714016,Impact of COVID-19 on Children and Pediatricians,An EUA for Casirivimab and Imdevimab for COVID-19
xp51163i,0xcxvdf3,-0.05271118,"Delirium in COVID-19: common, distressing and linked with poor outcomes. . . can we do better?",An EUA for Casirivimab and Imdevimab for COVID-19
0xcxvdf3,2ehb4o4l,-0.0527028,An EUA for Casirivimab and Imdevimab for COVID-19,"""Back to the future""projections for COVID-19 surges"
c84wxtne,0xcxvdf3,-0.052699693,COVID-19: The CIDRAP Viewpoint Part 2: Effective COVID-19 Crisis Communication,An EUA for Casirivimab and Imdevimab for COVID-19
g4luqtjv,mxpdmrfu,-0.052691214,Clinical presentation and course of COVID-19.,Digitalisierung - jetzt
3d56os6r,x1p1ay0l,-0.052691165,hpO: Berufsvereinigung für heilkundlich praktizierte Osteopathie e. V.,Advocating for evidence-informed decisions to make healthcare fit for each person
mxpdmrfu,l9nm8ej3,-0.05266806,Digitalisierung - jetzt,Academic labs supporting COVID-19 diagnostics
b55zzcd2,mxpdmrfu,-0.052659385,"Health Care Workers' Knowledge, Attitudes, and Beliefs Related to COVID-19 in Palliative Medicine and Hospice Care",Digitalisierung - jetzt
ktjbn1l4,gsonpunw,-0.05265721,Events calendar,Campylobacteriose — eine zoonotische Infektionskrankheit
fq5l4ean,gsonpunw,-0.05265721,Events calendar,Campylobacteriose — eine zoonotische Infektionskrankheit
d7rlj43k,i6vetquk,-0.052654225,Einladung zu einer Hybrid-Veranstaltung 2022,The pathogens
3d56os6r,0r6h6ytv,-0.052651614,hpO: Berufsvereinigung für heilkundlich praktizierte Osteopathie e. V.,Guiding Principles for Prioritization of Limited In-person Dermatology Appointments During the COVID-19 Pandemic
b5zqgc74,0xcxvdf3,-0.052651417,The WSES: what do we see in the future?,An EUA for Casirivimab and Imdevimab for COVID-19
3d56os6r,5wrygeej,-0.052640874,hpO: Berufsvereinigung für heilkundlich praktizierte Osteopathie e. V.,"This Is the Way the World Ends: a Philosophy of Civilization since 1900, and a Philosophy of the Future"
mxpdmrfu,joksrgio,-0.052639198,Digitalisierung - jetzt,C-reactive protein and clinical outcomes in patients with COVID-19
f5e1ky7y,0xcxvdf3,-0.052636955,Compassion in a time of COVID-19,An EUA for Casirivimab and Imdevimab for COVID-19
0xcxvdf3,v323p0hf,-0.052636955,An EUA for Casirivimab and Imdevimab for COVID-19,Compassion in a time of COVID-19
gsonpunw,h4vwb5d9,-0.052632697,Campylobacteriose — eine zoonotische Infektionskrankheit,Characteristics and outcomes of hospitalized patients with cardiovascular complications of covid-19
ejqt2d8f,0xcxvdf3,-0.052628696,"Achieving zero covid is not easy, but the alternative is far worse.",An EUA for Casirivimab and Imdevimab for COVID-19
3d56os6r,avuqv5jo,-0.0526235,hpO: Berufsvereinigung für heilkundlich praktizierte Osteopathie e. V.,Reimagining long-term care
5si31xe2,jjdvtfy1,-0.052623257,Creating collaboration by breaking down scientific barriers,Wieloukładowy zespół zapalny u dzieci a COVID-19
pn098k88,owvwcvnp,-0.052615713,Bioterrorism,Respuesta
owvwcvnp,w9h24b8z,-0.052615713,Respuesta,Bioterrorism
mxpdmrfu,xwehruqa,-0.052614797,Digitalisierung - jetzt,An evaluation of the experiences of young people in Patient and Public Involvement for palliative care research
3d56os6r,dlwdmfxf,-0.052599415,hpO: Berufsvereinigung für heilkundlich praktizierte Osteopathie e. V.,Exercise Throughout Pregnancy in a Hospital Setting: Looking Beyond COVID-19
zu4tikpu,ygfxky4u,-0.05257522,Exkursion in eine postagile Zukunft,"COVID‐19, children and schools: overlooked and at risk"
08obr0nn,mxpdmrfu,-0.052552197,In Consideration of Our Mutual Relationship with Cats,Digitalisierung - jetzt
0xcxvdf3,e2mt77u8,-0.05255017,An EUA for Casirivimab and Imdevimab for COVID-19,Complex network prediction using deep learning
mxpdmrfu,00as3272,-0.05254432,Digitalisierung - jetzt,Validation of diagnosis codes to identify hospitalized COVID-19 patients in health care claims data
ioczivzz,3d56os6r,-0.05254371,Psychological Factors Explaining Perceived Impact of COVID-19 on Travel,hpO: Berufsvereinigung für heilkundlich praktizierte Osteopathie e. V.
mxpdmrfu,ktdkoszz,-0.05253482,Digitalisierung - jetzt,Evaluating Telehealth Adoption and Related Barriers Among Hospitals Located in Rural and Urban Areas
mxpdmrfu,t0d0q17h,-0.052528877,Digitalisierung - jetzt,"Impact of COVID-19 on mental health in eye care professionals, staff and students"
mxpdmrfu,1r237jq6,-0.0525082,Digitalisierung - jetzt,The changing landscape for the management of patients with neovascular AMD: brolucizumab in clinical practice
qm3enre3,0xcxvdf3,-0.052507963,Helping to improve the CaRMS match.,An EUA for Casirivimab and Imdevimab for COVID-19
3d56os6r,4o9ph0d3,-0.052507095,hpO: Berufsvereinigung für heilkundlich praktizierte Osteopathie e. V.,The role of public communication in decision making for waste management infrastructure.
mxpdmrfu,awdljd86,-0.052507076,Digitalisierung - jetzt,"Pediatric Physical Therapy Telehealth and COVID-19: Factors, Facilitators, and Barriers Influencing Effectiveness—a Survey Study"
ohxgavza,mxpdmrfu,-0.05250337,Covid-19 in Obstetrics and Neonatology: Regional Experience,Digitalisierung - jetzt
mxpdmrfu,t8ocloh9,-0.052501965,Digitalisierung - jetzt,COVID-19 Transmission and Clinical Features in Pediatric Intensive Care Health Care Workers
l16jjzut,mxpdmrfu,-0.052492965,Risk Factors for Severe COVID-19 in Children.,Digitalisierung - jetzt
0xcxvdf3,4nh3no7s,-0.052487966,An EUA for Casirivimab and Imdevimab for COVID-19,COVID 19–laboratory scenario
mxpdmrfu,v1hfq0jo,-0.052484274,Digitalisierung - jetzt,The objectives and outcomes of airport privatisation
e6m608nm,0xcxvdf3,-0.05247176,k-means Cluster Shape Implications,An EUA for Casirivimab and Imdevimab for COVID-19
xbmhbvob,0xcxvdf3,-0.05246613,Regenerative Engineering: Current Applications and Future Perspectives,An EUA for Casirivimab and Imdevimab for COVID-19
a2omf1gg,jjdvtfy1,-0.05244956,The promising barrier: Theoretical investigation,Wieloukładowy zespół zapalny u dzieci a COVID-19
aorrfl8y,gsonpunw,-0.05244941,Nurses' House-for Nurses.,Campylobacteriose — eine zoonotische Infektionskrankheit
t9n6zcaj,0xcxvdf3,-0.05244739,Message from the CCSSA President - COVID-19: The greatest global critical care challenge of our time,An EUA for Casirivimab and Imdevimab for COVID-19
wl6hj4sv,mxpdmrfu,-0.0524395,COVID-19 Patient Education and Consumer Health Information Resources and Services,Digitalisierung - jetzt
n54036de,zu4tikpu,-0.052431624,COVID-19 in children: reasons for uneventful clinical course,Exkursion in eine postagile Zukunft
xjub2wp9,0xcxvdf3,-0.05243151,Future Prospects in Balanced Scorecard Research: Sustainability Perspective,An EUA for Casirivimab and Imdevimab for COVID-19
kpelxh8c,3d56os6r,-0.05242034,Empowering People to Make Healthier Choices: A Critical Discourse Analysis of the Tackling Obesity Policy,hpO: Berufsvereinigung für heilkundlich praktizierte Osteopathie e. V.
dcv837db,gsonpunw,-0.052399933,Thrust Into the Spotlight: COVID-19 Focuses Media Attention on Nursing Homes,Campylobacteriose — eine zoonotische Infektionskrankheit
aryoibah,0xcxvdf3,-0.052394435,"Context, input and process as critical elements for successful Emergency Remote Learning",An EUA for Casirivimab and Imdevimab for COVID-19
bn9zl4pj,0xcxvdf3,-0.052393466,Theory-based Habit Modeling for Enhancing Behavior Prediction,An EUA for Casirivimab and Imdevimab for COVID-19
rpi9riz3,mxpdmrfu,-0.052393295,Practical geospatial and sociodemographic predictors of human mobility,Digitalisierung - jetzt
mxpdmrfu,p1u9nqv1,-0.052388515,Digitalisierung - jetzt,Do women prefer caesarean sections? A qualitative evidence synthesis of their views and experiences.
jtnrh2bi,0xcxvdf3,-0.05238788,The impact of artificial intelligence on event experiences: a scenario technique approach,An EUA for Casirivimab and Imdevimab for COVID-19
mxpdmrfu,8gluohyb,-0.052385524,Digitalisierung - jetzt,Identification and validation of prognostic factors in patients with COVID-19: A retrospective study based on artificial intelligence algorithms
mxpdmrfu,4asnl7rd,-0.052385524,Digitalisierung - jetzt,Identification and validation of prognostic factors in patients with COVID-19: A retrospective study based on artificial intelligence algorithms
mxpdmrfu,tyzloyu0,-0.052384697,Digitalisierung - jetzt,Unsupervised Discovery of Risk Profiles on Negative and Positive COVID-19 Hospitalized Patients
mxpdmrfu,y2so3dqt,-0.05238463,Digitalisierung - jetzt,Editors’ note
mxpdmrfu,rs3ujz3b,-0.052383933,Digitalisierung - jetzt,ELSI Implications of Prioritizing Biological Therapies in Times of COVID-19
mxpdmrfu,pbzne3fb,-0.052380007,Digitalisierung - jetzt,Hematology Laboratory Abnormalities in Patients with Coronavirus Disease 2019 (COVID-19)
3d56os6r,xhs49gah,-0.052375007,hpO: Berufsvereinigung für heilkundlich praktizierte Osteopathie e. V.,Management of Pregnant Women with Covid-19 - Own Experience
xzsodswv,ojco4fjv,-0.052363567,Phylogenetics of superspreading,Pflegepolitik in 5 Minuten
xzsodswv,sz8abu0j,-0.052363567,Phylogenetics of superspreading,Pflegepolitik in 5 Minuten
mxpdmrfu,tm4t3fof,-0.052357685,Digitalisierung - jetzt,"Wound hygiene survey: awareness, implementation, barriers and outcomes"
mxpdmrfu,jg2o5yyx,-0.052352928,Digitalisierung - jetzt,"COVID-19 vaccination, issues and future prospects"
mxpdmrfu,o85gdm0p,-0.052352328,Digitalisierung - jetzt,The factors of influence on the development of voluntary health insurance
cp23x6lp,mxpdmrfu,-0.052346244,Recommendations for the care of patients with heart failure and COVID-19.,Digitalisierung - jetzt
wzun1vvq,mxpdmrfu,-0.052322067,Critical care during epidemics,Digitalisierung - jetzt
ft15w83r,fouh4jhs,-0.052315336,"COVID-19: Knowns, Unknowns, and Questions",Konjunkturpaket notwendig — Rückkehr zur Schuldenbremse nicht forcieren
ocx01liy,mxpdmrfu,-0.05230967,Experience on primary care of patients with coronavirus disease 2019,Digitalisierung - jetzt
3d56os6r,h6g4hcrd,-0.052309435,hpO: Berufsvereinigung für heilkundlich praktizierte Osteopathie e. V.,Public Health Decision-Making in the Real World: Four Points to Reshape It After COVID-19
9nbd25uo,mxpdmrfu,-0.05229156,Linking human behaviors and infectious diseases,Digitalisierung - jetzt
gsonpunw,qe6a626g,-0.052282654,Campylobacteriose — eine zoonotische Infektionskrankheit,Association between vaccinations and clinical manifestations in children with COVID-19.
xbks7gz5,0xcxvdf3,-0.052282564,The Impossible and the Undesirable,An EUA for Casirivimab and Imdevimab for COVID-19
3d56os6r,12shdu5m,-0.052281614,hpO: Berufsvereinigung für heilkundlich praktizierte Osteopathie e. V.,Benefits and Risks of Visitor Restrictions for Hospitalized Children During the COVID Pandemic
mrdg743n,mxpdmrfu,-0.05227704,Recruiting Residents During COVID-19,Digitalisierung - jetzt
qvay40pd,nkgs2iv6,-0.05226957,All People.,Aktuelles Studienergebnis unterstreicht zurückhaltende Kommentierung
mxpdmrfu,ddmwlhr0,-0.05226889,Digitalisierung - jetzt,COVID-19 vaccines in patients with cancer
3d56os6r,vpflu6vi,-0.05225609,hpO: Berufsvereinigung für heilkundlich praktizierte Osteopathie e. V.,Lack of respect and balance
0xcxvdf3,7kd65cj0,-0.05224904,An EUA for Casirivimab and Imdevimab for COVID-19,Help Me Create Smart Things: How to Support Design and Art Students at a Distance
q3ow03mk,3d56os6r,-0.0522486,Exceptional childhood and COVID-19: Engaging children in a time of civil emergency,hpO: Berufsvereinigung für heilkundlich praktizierte Osteopathie e. V.
nxmauvpu,gsonpunw,-0.052237652,Reasons for HOPE.,Campylobacteriose — eine zoonotische Infektionskrankheit
0xcxvdf3,bwtit080,-0.052235104,An EUA for Casirivimab and Imdevimab for COVID-19,Goals and good health: Undergraduates' goals for avoiding COVID-19
gial73h8,0xcxvdf3,-0.052229937,Lead time of early warning by wastewater surveillance for COVID-19: Geographical variations and impacting factors,An EUA for Casirivimab and Imdevimab for COVID-19
3d56os6r,p7f195i7,-0.052215643,hpO: Berufsvereinigung für heilkundlich praktizierte Osteopathie e. V.,DMCN 2021 highlights: expanding our lifelong commitment to disabled people worldwide.
34vjj0nf,mxpdmrfu,-0.052210044,"Nurses as heroes, warriors and political activists",Digitalisierung - jetzt
0xcxvdf3,nmh81eh4,-0.052204926,An EUA for Casirivimab and Imdevimab for COVID-19,Great Plagues of the Past and Remaining Questions
t2bbh2yp,0xcxvdf3,-0.052203353,The Need to Expand Coverage and Enhance Access to Essential Services on a Predeductible Basis Following COVID-19,An EUA for Casirivimab and Imdevimab for COVID-19
arm0o3lm,mxpdmrfu,-0.05220312,"Distance Interpreting: Terminology, Taxonomy, and Key Directions of Research",Digitalisierung - jetzt
jjdvtfy1,3spht4a3,-0.052199636,Wieloukładowy zespół zapalny u dzieci a COVID-19,Bringing ultimate simplicity to temporisation.
mxpdmrfu,skjuu9kj,-0.052199014,Digitalisierung - jetzt,The state of the journal: the Journal of the Medical Library Association in 2020
mxpdmrfu,te5pxkbj,-0.052194525,Digitalisierung - jetzt,Necrotic lesions on the face in a patient with COVID-19
nmc9olrd,3d56os6r,-0.052194174,Budgeting in the time of COVID-19,hpO: Berufsvereinigung für heilkundlich praktizierte Osteopathie e. V.
0xcxvdf3,lc3qvs0x,-0.052193638,An EUA for Casirivimab and Imdevimab for COVID-19,[The COVID-19 implications: the role of stress and stigmatization].
el6cvwtk,3d56os6r,-0.05217874,Spectrum of COVID-19 in children,hpO: Berufsvereinigung für heilkundlich praktizierte Osteopathie e. V.
mxpdmrfu,2dpi64h2,-0.052174803,Digitalisierung - jetzt,The clinical value of minimal invasive autopsy in COVID-19 patients
nno1jdc4,mfsxdhot,-0.05216108,Multiorganinfektionen — komplexe klinisch-infektiologische Krankheiten,Scientists deliberately gave people COVID - here's what they learnt.
gsonpunw,s6tcszbw,-0.052154996,Campylobacteriose — eine zoonotische Infektionskrankheit,Symposia and webinars
lipntyca,mxpdmrfu,-0.052151334,Culture and Consent in Clinical Care: A Critical Review of Nursing and Nursing Ethics Literature.,Digitalisierung - jetzt
mxpdmrfu,m3zbul72,-0.052144136,Digitalisierung - jetzt,Variables Impacting Nursing Home Goals of Care Discussions and Order Implementation During COVID-19
3d56os6r,22x3iy4c,-0.052136708,hpO: Berufsvereinigung für heilkundlich praktizierte Osteopathie e. V.,The Impact of COVID-19 on Sleep Quality in People Living With Disabilities
mxpdmrfu,uhfxidw6,-0.05213646,Digitalisierung - jetzt,Geographies of risk: Emerging infectious diseases and travel health data
6z7qj9vo,e69c9wyw,-0.052129198,HEARTS of athletes.,Nutzen von Erfahrungswissen in Krisen. Zur These einer vermehrten Bezugnahme auf Geschichte in Krisenzeiten
356vat73,gsonpunw,-0.05210187,COVID 19 in neonates,Campylobacteriose — eine zoonotische Infektionskrankheit
usee3zt5,gsonpunw,-0.05210187,COVID 19 in neonates,Campylobacteriose — eine zoonotische Infektionskrankheit
gsonpunw,d9ph8jnw,-0.05210187,Campylobacteriose — eine zoonotische Infektionskrankheit,Neonates and COVID-19
0a3p8j9d,mxpdmrfu,-0.05209558,"The Impact of Nursing on Trauma Patient Satisfaction: An Analysis of HCAHPS From 112,283 Patients.",Digitalisierung - jetzt
3d56os6r,psbvzfav,-0.052092277,hpO: Berufsvereinigung für heilkundlich praktizierte Osteopathie e. V.,Diversity of the physician workforce: Specialty choice decisions during medical school.
mxpdmrfu,ithy5yks,-0.052088723,Digitalisierung - jetzt,External Validation of a Clinical Risk Score to Predict Hospital Admission and In-Hospital Mortality in COVID-19 Patients
eqtadpmo,0xcxvdf3,-0.05208845,Covid19: Could other alternatives have been possible?,An EUA for Casirivimab and Imdevimab for COVID-19
4a0hsmfk,gsonpunw,-0.05208778,"Contents of Volume 65, issues 1 and 2",Campylobacteriose — eine zoonotische Infektionskrankheit
0xcxvdf3,a2pjfsda,-0.052085806,An EUA for Casirivimab and Imdevimab for COVID-19,Heart failure in COVID-19 patients: Critical care experience
up74pszd,0xcxvdf3,-0.052079257,Successful Succession: Insights from a Third-Generation Financial Advisory Firm,An EUA for Casirivimab and Imdevimab for COVID-19
mxpdmrfu,kpo3ig0r,-0.05206146,Digitalisierung - jetzt,Gender-Specific Differences in the Intensive Care Treatment of COVID-19 Patients
3d56os6r,pc8w09y9,-0.0520576,hpO: Berufsvereinigung für heilkundlich praktizierte Osteopathie e. V.,Collective market shaping by competitors and its contribution to market resilience
cajqkeju,0xcxvdf3,-0.05204273,Reinventing the Future of Work and Business: the Psychological Perspective,An EUA for Casirivimab and Imdevimab for COVID-19
gtvixq36,jjdvtfy1,-0.05204049,"Path Analysis Of Covid-19 with the Influence of Air Pressure, Air Temperature, and Relative Humidity",Wieloukładowy zespół zapalny u dzieci a COVID-19
mxpdmrfu,u28q4c4n,-0.052038055,Digitalisierung - jetzt,Gender Differences in Patients With COVID-19: Focus on Severity and Mortality
mxpdmrfu,qpbkl6lk,-0.052038055,Digitalisierung - jetzt,Gender Differences in Patients With COVID-19: Focus on Severity and Mortality
mxpdmrfu,kw8mmegp,-0.05203785,Digitalisierung - jetzt,Clinical characteristics of 17 patients with COVID-19 and systemic autoimmune diseases: a retrospective study
2w71or19,0xcxvdf3,-0.052023556,Future Outlook,An EUA for Casirivimab and Imdevimab for COVID-19
jjdvtfy1,nu6q6vdi,-0.05202323,Wieloukładowy zespół zapalny u dzieci a COVID-19,"Consolidating the Past, Moving Towards the Future"
mxpdmrfu,zy8ciihz,-0.05200424,Digitalisierung - jetzt,[economic and Organizational Aspects of State Regulation of the Health Sector in the Region in a Complex Epidemiological Situation]
tpsj88xl,0xcxvdf3,-0.051991742,Is it wrong to prioritise younger patients with covid-19?,An EUA for Casirivimab and Imdevimab for COVID-19
8zyvri9j,mxpdmrfu,-0.051985852,Risk Factors of COVID-19 Critical Outcomes in the Eastern Mediterranean Region: Multicountry Retrospective Study,Digitalisierung - jetzt
0xcxvdf3,wdehxus6,-0.051985454,An EUA for Casirivimab and Imdevimab for COVID-19,Using Artificial Intelligence to provide Intelligent Dispute Resolution Support
r0j4mx42,3d56os6r,-0.051959474,Telepsychiatry in the time of COVID-19: Shattering assumptions,hpO: Berufsvereinigung für heilkundlich praktizierte Osteopathie e. V.
5iqpl23p,gsonpunw,-0.05195867,Rhinoviruses,Campylobacteriose — eine zoonotische Infektionskrankheit
deh9eq35,3d56os6r,-0.051945202,Covid-19: managing risk in the workplace.,hpO: Berufsvereinigung für heilkundlich praktizierte Osteopathie e. V.
0xcxvdf3,1tuqajgg,-0.05192886,An EUA for Casirivimab and Imdevimab for COVID-19,Clinically Important Difference: 4 Tips Toward a Better Understanding
3d56os6r,xz0dlyb5,-0.051925518,hpO: Berufsvereinigung für heilkundlich praktizierte Osteopathie e. V.,How can I make the most of working from home?
dx0eqnb8,mxpdmrfu,-0.051915955,Obesity and its impact on the different aspects of the COVID-19 infection: Public health perspective,Digitalisierung - jetzt
3d56os6r,00gjgwta,-0.051896848,hpO: Berufsvereinigung für heilkundlich praktizierte Osteopathie e. V.,Introduction to the Guidelines
0xcxvdf3,yyhyfy5w,-0.051885996,An EUA for Casirivimab and Imdevimab for COVID-19,How the COVID-19 contingency affects children
1m7knvmh,mxpdmrfu,-0.051880244,Modeling Citation Trajectories of Scientific Papers,Digitalisierung - jetzt
po7bzxhd,mxpdmrfu,-0.051880058,COVID‐19 infection in patients with Sézary syndrome: report of two cases,Digitalisierung - jetzt
mxpdmrfu,dxmf2ht1,-0.0518761,Digitalisierung - jetzt,Clinical Features and Outcomes of Patients With Human Immunodeficiency Virus With COVID-19
mxpdmrfu,b1zixcgy,-0.05186125,Digitalisierung - jetzt,Contents list including Graphcal Abstracts
n0huh0ra,jjdvtfy1,-0.051851485,Scientific losses and gains during the COVID-19 shutdown,Wieloukładowy zespół zapalny u dzieci a COVID-19
rk8pract,0xcxvdf3,-0.051843777,COVID-19 diagnostics in context,An EUA for Casirivimab and Imdevimab for COVID-19
mxpdmrfu,l9hq73c3,-0.051843338,Digitalisierung - jetzt,COVID-19 infection in children
u1oj0x8y,3d56os6r,-0.051833287,The COVID-19 Crisis and Its Impact on the Future of Healthcare.,hpO: Berufsvereinigung für heilkundlich praktizierte Osteopathie e. V.
x2pml0li,0xcxvdf3,-0.051830262,Family Physician’s and Primary Care Team’s Perspectives on Supporting Family Caregivers in Primary Care Networks,An EUA for Casirivimab and Imdevimab for COVID-19
q1u869nq,mxpdmrfu,-0.051825237,Medical Geology,Digitalisierung - jetzt
mxpdmrfu,kvt3t5ud,-0.05182364,Digitalisierung - jetzt,Theories of Postdigital Heterogeneity: Implications for Research on Education and Datafication
mxpdmrfu,uc3ht0up,-0.051817972,Digitalisierung - jetzt,Training Clinical And Public Health Leaders In Climate And Health.
uvh6acz9,gsonpunw,-0.051808186,Resources during covid-19,Campylobacteriose — eine zoonotische Infektionskrankheit
gsonpunw,ce8ng2et,-0.051808186,Campylobacteriose — eine zoonotische Infektionskrankheit,COVID-19 resources.
fdxx5jdk,0xcxvdf3,-0.051802862,Moving Toward Impact: An Introduction to Implementation Science for Gastroenterologists and Hepatologists,An EUA for Casirivimab and Imdevimab for COVID-19
3d56os6r,07bho4nv,-0.051798098,hpO: Berufsvereinigung für heilkundlich praktizierte Osteopathie e. V.,KRCP’s past and future path
bhslqnvs,mxpdmrfu,-0.051796276,Psychological distress and perceived job stressors among hospital nurses and physicians during the COVID‐19 outbreak,Digitalisierung - jetzt
h4sbldg0,mxpdmrfu,-0.051795248,COVID-19 Kaggle Literature Organization,Digitalisierung - jetzt
mxpdmrfu,q6myeltr,-0.051787052,Digitalisierung - jetzt,The Elements of Data Sharing
mxpdmrfu,z7iny11n,-0.051778235,Digitalisierung - jetzt,Evaluating the Efficacy of Therapies in COVID-19 Patients
ytuhhiwf,zu4tikpu,-0.051772695,Perspectives: Research for all.,Exkursion in eine postagile Zukunft
61uhodwe,0xcxvdf3,-0.051769175,Why we need scientists to make sustainable policies,An EUA for Casirivimab and Imdevimab for COVID-19
8ow3agh0,zu4tikpu,-0.051766764,Concerns of Family Caregivers during COVID-19: The Concerns of Caregivers and the Surprising Silver Linings,Exkursion in eine postagile Zukunft
mxpdmrfu,hq7dbb94,-0.05176239,Digitalisierung - jetzt,Factors Associated with COVID-19 Vaccine Hesitancy
mxpdmrfu,t65u6ucn,-0.05175727,Digitalisierung - jetzt,Communicating with medical library users during COVID-19
4daq5bqw,3d56os6r,-0.051753487,2020 SNMMI Highlights Lecture: Neuroscience.,hpO: Berufsvereinigung für heilkundlich praktizierte Osteopathie e. V.
2m0romx0,j6nd02sj,-0.05174996,Progression of specialist trainees,پیشبینی رفتارهاي پیشگیرانه از کووید-19 بر اساس سازه هاي مدل اعتقاد بهداشتی (HBM): مطالعه مبتنی بر اینترنت در جمعیت استان مازندران
mxpdmrfu,y6f9p96h,-0.051739894,Digitalisierung - jetzt,Microbiomes for All
l5441kqp,3d56os6r,-0.051736616,The Internet of Things: Enabling Opportunities and Challenges,hpO: Berufsvereinigung für heilkundlich praktizierte Osteopathie e. V.
kltg8nmm,0xcxvdf3,-0.051733255,A Comparison of Clinical Characteristics and Outcomes in Elderly and Younger Patients with COVID-19,An EUA for Casirivimab and Imdevimab for COVID-19
0xcxvdf3,a53ofpe5,-0.051730774,An EUA for Casirivimab and Imdevimab for COVID-19,Operational Representation of Dependencies in Context-Dependent Event Structures
3d56os6r,j3d3r1t5,-0.05172641,hpO: Berufsvereinigung für heilkundlich praktizierte Osteopathie e. V.,Future Climate Resilience Through Informed Decision Making in Retrofitting Projects
9faz5lpt,0xcxvdf3,-0.05172337,Highly accurate protein structure prediction with AlphaFold,An EUA for Casirivimab and Imdevimab for COVID-19
3d56os6r,56bpyjag,-0.051722955,hpO: Berufsvereinigung für heilkundlich praktizierte Osteopathie e. V.,Ensuring full participation of people with disabilities in an era of telehealth
3d56os6r,3h9rt295,-0.05171914,hpO: Berufsvereinigung für heilkundlich praktizierte Osteopathie e. V.,Accessing Artificial Intelligence for Clinical Decision-Making
3d56os6r,w0mtl29c,-0.051696192,hpO: Berufsvereinigung für heilkundlich praktizierte Osteopathie e. V.,Foundation doctors' perspectives on the impact of the COVID-19 pandemic and lessons for the future.
3d56os6r,bgg8qxrw,-0.051687002,hpO: Berufsvereinigung für heilkundlich praktizierte Osteopathie e. V.,Healthcare Encounter and Financial Impact of COVID-19 on Children's Hospitals
0xcxvdf3,0qb1555o,-0.051675595,An EUA for Casirivimab and Imdevimab for COVID-19,Family and Community Support Service – The Compassionate Communities Approach
0sl4xp50,tnmk3zpf,-0.051663734,Neuropathological Features of COVID-19,CAPNETZ fokussiert auf COVID-19
0xcxvdf3,clu7kifw,-0.051658224,An EUA for Casirivimab and Imdevimab for COVID-19,Job Crafting: A Challenge to Promote Decent Work for Vulnerable Workers
lrg11s5n,0xcxvdf3,-0.051652774,A Critical Assessment of Some Recent Work on COVID-19,An EUA for Casirivimab and Imdevimab for COVID-19
2wmuctvt,pn098k88,-0.051650725,The Reply.,Bioterrorism
2lm91mez,pn098k88,-0.051650725,Reply.,Bioterrorism
2lm91mez,w9h24b8z,-0.051650725,Reply.,Bioterrorism
2wmuctvt,w9h24b8z,-0.051650725,The Reply.,Bioterrorism
pn098k88,vgaahz62,-0.051650725,Bioterrorism,Reply.
pn098k88,v9mlb3m8,-0.051650725,Bioterrorism,Reply
pn098k88,f8vo6gzc,-0.051650725,Bioterrorism,The Reply.
pn098k88,2p39og9b,-0.051650725,Bioterrorism,In Reply.
pn098k88,5dwv9h8c,-0.051650725,Bioterrorism,In Reply.
pn098k88,sc4ifrwz,-0.051650725,Bioterrorism,Reply.
pn098k88,8dacd0jz,-0.051650725,Bioterrorism,In Reply.
pn098k88,v2n3p459,-0.051650725,Bioterrorism,Reply
pn098k88,55uti99t,-0.051650725,Bioterrorism,Reply.
pn098k88,pwbppgdv,-0.051650725,Bioterrorism,Reply
pn098k88,o73lyv70,-0.051650725,Bioterrorism,The Reply.
pn098k88,7b6x9t9e,-0.051650725,Bioterrorism,IN REPLY.
pn098k88,rbbsqpoy,-0.051650725,Bioterrorism,Reply.
pn098k88,6bagohw8,-0.051650725,Bioterrorism,Reply
pn098k88,slnbcnqz,-0.051650725,Bioterrorism,Reply
pn098k88,3o5md40w,-0.051650725,Bioterrorism,Reply.
vgaahz62,w9h24b8z,-0.051650725,Reply.,Bioterrorism
f8vo6gzc,w9h24b8z,-0.051650725,The Reply.,Bioterrorism
v9mlb3m8,w9h24b8z,-0.051650725,Reply,Bioterrorism
2p39og9b,w9h24b8z,-0.051650725,In Reply.,Bioterrorism
sc4ifrwz,w9h24b8z,-0.051650725,Reply.,Bioterrorism
5dwv9h8c,w9h24b8z,-0.051650725,In Reply.,Bioterrorism
8dacd0jz,w9h24b8z,-0.051650725,In Reply.,Bioterrorism
55uti99t,w9h24b8z,-0.051650725,Reply.,Bioterrorism
v2n3p459,w9h24b8z,-0.051650725,Reply,Bioterrorism
pwbppgdv,w9h24b8z,-0.051650725,Reply,Bioterrorism
rbbsqpoy,w9h24b8z,-0.051650725,Reply.,Bioterrorism
7b6x9t9e,w9h24b8z,-0.051650725,IN REPLY.,Bioterrorism
o73lyv70,w9h24b8z,-0.051650725,The Reply.,Bioterrorism
6bagohw8,w9h24b8z,-0.051650725,Reply,Bioterrorism
slnbcnqz,w9h24b8z,-0.051650725,Reply,Bioterrorism
3o5md40w,w9h24b8z,-0.051650725,Reply.,Bioterrorism
0xcxvdf3,7yscd9gc,-0.051640064,An EUA for Casirivimab and Imdevimab for COVID-19,COVID-19 in children and altered inflammatory responses
jjdvtfy1,9iy4fxd5,-0.05163776,Wieloukładowy zespół zapalny u dzieci a COVID-19,COVID-19: Evidence of the Eye
nz4jfceq,mxpdmrfu,-0.051635537,"Fears, feelings and findings about COVID-19 disease in hospitalized cancer patients in a tertiary Hospital in Spain",Digitalisierung - jetzt
3d56os6r,zhdqiuei,-0.05163384,hpO: Berufsvereinigung für heilkundlich praktizierte Osteopathie e. V.,Demographics Matter! The Potentially Disproportionate Effect of COVID-19 on Hospital Ratings
mxpdmrfu,1ru5fq8u,-0.05163234,Digitalisierung - jetzt,Multiple clinical risks for cannabis users during the COVID-19 pandemic
mxpdmrfu,30aiwyzi,-0.05163147,Digitalisierung - jetzt,Genomics of Infectious Diseases and Private Industry
mxpdmrfu,k6r58us6,-0.05162351,Digitalisierung - jetzt,Impact of COVID-19 on academic mothers
3d56os6r,qxhpkkhn,-0.051610947,hpO: Berufsvereinigung für heilkundlich praktizierte Osteopathie e. V.,Cardiovascular Biomarkers: Lessons of the Past and Prospects for the Future
3d56os6r,jf68n55s,-0.05161085,hpO: Berufsvereinigung für heilkundlich praktizierte Osteopathie e. V.,Stewardship as process: A paradox perspective
pytl0vi2,mxpdmrfu,-0.051607158,Towards a syndemic public health response to COVID-19.,Digitalisierung - jetzt
04nzlwx1,0xcxvdf3,-0.051605497,What’s next for nudging and choice architecture?,An EUA for Casirivimab and Imdevimab for COVID-19
gsonpunw,1isy3uvd,-0.05160189,Campylobacteriose — eine zoonotische Infektionskrankheit,Telehealth in Neurodegenerative Diseases: Opportunities and Challenges for Patients and Physicians
mlh6d734,jjdvtfy1,-0.051599126,"Artificial Intelligence: Promise, Pitfalls, and Perspective.",Wieloukładowy zespół zapalny u dzieci a COVID-19
dtbwy72c,0xcxvdf3,-0.051598612,Calling All Rheumatologists!,An EUA for Casirivimab and Imdevimab for COVID-19
mxpdmrfu,u1mgf6jo,-0.051594958,Digitalisierung - jetzt,A study on tourists’ perceived risks from COVID-19 using Q-methodology
mxpdmrfu,2iexbh3z,-0.051591247,Digitalisierung - jetzt,Three cases of COVID-19 patients presenting with erythema
vgs3bp3s,mxpdmrfu,-0.05158767,COVID-19: Recommendations for regional anesthesia,Digitalisierung - jetzt
3d56os6r,mr2usb52,-0.05158637,hpO: Berufsvereinigung für heilkundlich praktizierte Osteopathie e. V.,Commentary: Opportunities and challenges of technology in relationship marketing
3d56os6r,ny543982,-0.051577885,hpO: Berufsvereinigung für heilkundlich praktizierte Osteopathie e. V.,COVID-19: The Lessons We Should Have Learned from Existing Literature
bdds4kaj,mxpdmrfu,-0.05157206,"Breastfeeding and COVID-19, 20 May 2020",Digitalisierung - jetzt
jqlrgv47,tnmk3zpf,-0.0515677,Cardiovascular Risk Factors and Markers,CAPNETZ fokussiert auf COVID-19
mxpdmrfu,ystzrjjr,-0.051566284,Digitalisierung - jetzt,Progress on Occupational Health Research and Practice Among Health Care Workers
mxpdmrfu,jnd1eonz,-0.051563658,Digitalisierung - jetzt,"A country level analysis measuring the impact of government actions, country preparedness and socioeconomic factors on COVID-19 mortality and related health outcomes"
sg3hrxlb,mxpdmrfu,-0.051562443,Clinical features and outcomes of adults with COVID-19: A systematic review and pooled analysis of the literature,Digitalisierung - jetzt
ji5pqh47,mxpdmrfu,-0.051560305,Hand Hygiene Among Health Care Workers During COVID-19 Pandemic: Challenges and Recommendations.,Digitalisierung - jetzt
3d56os6r,1hhie5ri,-0.051533766,hpO: Berufsvereinigung für heilkundlich praktizierte Osteopathie e. V.,Three pitfalls of accountable healthcare rationing.
e4crbz0c,5h5vvxmt,-0.05153046,Räumliche Ausbreitung von COVID-19 durch interregionale Verflechtungen,WILDLIFE
jjdvtfy1,0hic0a3k,-0.051521003,Wieloukładowy zespół zapalny u dzieci a COVID-19,COVID-19 – rumours and facts in media
3d56os6r,12mbf9ir,-0.05151593,hpO: Berufsvereinigung für heilkundlich praktizierte Osteopathie e. V.,Leukemoid Reaction in a COVID-19 Patient
0xcxvdf3,6eh2l6ce,-0.05151007,An EUA for Casirivimab and Imdevimab for COVID-19,Primary healthcare clinicians
3d56os6r,pukpulbe,-0.051509246,hpO: Berufsvereinigung für heilkundlich praktizierte Osteopathie e. V.,COVID-19 and the right of return
mxpdmrfu,2et3gcb5,-0.05150617,Digitalisierung - jetzt,Clinical and Imaging features of COVID-19 Patients: Analysis of Data from High-Altitude Areas
mxpdmrfu,jlawd5hi,-0.051504567,Digitalisierung - jetzt,Experiences and academic alternatives of the University of Medical Sciences of Cienfuegos during COVID-19
mxpdmrfu,mjflvkc4,-0.051500123,Digitalisierung - jetzt,The I in COVID: The importance of community and patient involvement in COVID-19 research.
ef5me4sd,3d56os6r,-0.051498923,The Role of Traditional Knowledge in the COVID-19 Battle,hpO: Berufsvereinigung für heilkundlich praktizierte Osteopathie e. V.
c747edyv,0xcxvdf3,-0.05149745,Short time: what is it and how does it work?,An EUA for Casirivimab and Imdevimab for COVID-19
f5jzemxv,3d56os6r,-0.0514773,Examining first-grade teachers’ experiences and approaches regarding the impact of the COVID-19 pandemic on teaching and learning,hpO: Berufsvereinigung für heilkundlich praktizierte Osteopathie e. V.
0xcxvdf3,pxrfqdxn,-0.05146719,An EUA for Casirivimab and Imdevimab for COVID-19,The Role of Patient Involvement When Developing Therapies
mxpdmrfu,484f1hc2,-0.05146299,Digitalisierung - jetzt,E-Learning during COVID-19: perspectives and experiences of the faculty and students
mxpdmrfu,0cuosmxt,-0.051462576,Digitalisierung - jetzt,Interdisciplinary Teams for Teacher Professional Development
3d56os6r,u3j5fwhd,-0.051462222,hpO: Berufsvereinigung für heilkundlich praktizierte Osteopathie e. V.,Factors Predicting Willingness to Share COVID-19 Misinformation
j4e9g1oh,3d56os6r,-0.05146051,Returning Home from COVID Island,hpO: Berufsvereinigung für heilkundlich praktizierte Osteopathie e. V.
bflha5xy,zu4tikpu,-0.05145998,Considerations for Restaurants and Bars,Exkursion in eine postagile Zukunft
gsonpunw,38kq3744,-0.051450223,Campylobacteriose — eine zoonotische Infektionskrankheit,COVID-19 Vaccines and Breastfeeding
mxpdmrfu,umz2jbxm,-0.05144761,Digitalisierung - jetzt,"Effect of environmental, economic and health factors on CoVid-19 transmission"
5iv1k1gy,mxpdmrfu,-0.0514472,Correction to: COVID‑19 in children: clinical and epidemiological spectrum in the community,Digitalisierung - jetzt
mxpdmrfu,3p2cuxk0,-0.051436335,Digitalisierung - jetzt,Pathological inflammation in patients with COVID-19: a key role for monocytes and macrophages
mxpdmrfu,awu1p88m,-0.051420625,Digitalisierung - jetzt,Point-of-care testing detection methods for COVID-19
n31h1zod,mxpdmrfu,-0.05141441,Opportunities and Challenges in Democratizing Immunology Datasets,Digitalisierung - jetzt
zi8mpy7h,mxpdmrfu,-0.051407527,Human Bocavirus,Digitalisierung - jetzt
us6a7qvp,0xcxvdf3,-0.051402226,"PHYSIOLOGICAL REVIEWS: THE PAST, THE PRESENT, AND THE FUTURE",An EUA for Casirivimab and Imdevimab for COVID-19
bg2yq68u,0xcxvdf3,-0.051399883,"The concept, approach, and future research of hydrological connectivity and its assessment at multiscales",An EUA for Casirivimab and Imdevimab for COVID-19
ayf87gm9,mxpdmrfu,-0.051361352,Megaendoprostheses in the management of malignant tumors of the lower extremities-risk factors for revision surgery.,Digitalisierung - jetzt
mxpdmrfu,in7vyqjp,-0.051359035,Digitalisierung - jetzt,Longitudinal symptom and clinical outcome analysis of hospitalized COVID-19 patients
1x33r4dw,hcjpj03p,-0.051356908,Sports: The Infectious Hazards.,Leitlinien zu COVID-19
1x33r4dw,9sk9n0f9,-0.051356908,Sports: The Infectious Hazards.,"Anmerkung zu BVerfG, Beschl. v. 16.12.2021 – 1 BvR 1541/20"
1x33r4dw,ioveubcb,-0.051356908,Sports: The Infectious Hazards.,Darmkrebsvorsorge zu COVID‑19‑Zeiten
4rlse18u,0xcxvdf3,-0.051354524,How Typical is the Spectrum of COVID-19 in Nursing Home Residents?,An EUA for Casirivimab and Imdevimab for COVID-19
3d56os6r,msphh3tv,-0.051337175,hpO: Berufsvereinigung für heilkundlich praktizierte Osteopathie e. V.,Achieving Sustainable Development Goals Through Digital Infrastructure for Intelligent Connectivity
hdir88jw,mxpdmrfu,-0.051322408,Family experiences in discovering Autism Spectrum Disorder: implications for family nursing.,Digitalisierung - jetzt
mxpdmrfu,o7hlp5w8,-0.051318996,Digitalisierung - jetzt,COVID-19 and psychiatric training: Results from the efpt country surveys
ciu5jhjn,0xcxvdf3,-0.051317498,Preface: Primary Care during COVID-19 and Beyond,An EUA for Casirivimab and Imdevimab for COVID-19
mxpdmrfu,0s642qsy,-0.051315308,Digitalisierung - jetzt,Immunisation resources for nurses
mxpdmrfu,uzxmcofk,-0.051307015,Digitalisierung - jetzt,Comparison between hospitalized patients affected or not by COVID-19 (RESILIENCY study)
3d56os6r,tx5osmw1,-0.051305365,hpO: Berufsvereinigung für heilkundlich praktizierte Osteopathie e. V.,Unprecedented Training: Experience of Residents During the COVID-19 Pandemic
d5a9s6fj,3d56os6r,-0.05130091,Long-Term Care,hpO: Berufsvereinigung für heilkundlich praktizierte Osteopathie e. V.
gsonpunw,qqg2yy73,-0.051298574,Campylobacteriose — eine zoonotische Infektionskrankheit,Clinical characteristics of 11 asymptomatic patients with COVID-19
3d56os6r,gw27ja77,-0.051293626,hpO: Berufsvereinigung für heilkundlich praktizierte Osteopathie e. V.,Travel vaccines throughout history
mxpdmrfu,5z5iehna,-0.051288452,Digitalisierung - jetzt,Human and Bovine Viruses and Bacteria at Three Great Lakes Beaches: Environmental Variable Associations and Health Risk.
3d56os6r,tdh83o9k,-0.051288337,hpO: Berufsvereinigung für heilkundlich praktizierte Osteopathie e. V.,Learning in the Year 2030
0xcxvdf3,wkeq8k04,-0.051282104,An EUA for Casirivimab and Imdevimab for COVID-19,Advancing Rights-Based Family Planning from 2020 to 2030
drzkro4r,mxpdmrfu,-0.051280957,Perspectives on the Economics and Sociology of Health: Contributions from the Institutionalist Approach of Economics of Convention - An Introduction,Digitalisierung - jetzt
4656bo8g,gsonpunw,-0.05127878,Passages 2021,Campylobacteriose — eine zoonotische Infektionskrankheit
id7isrpg,0xcxvdf3,-0.051277462,Defining Vulnerable Patients with Heart Failure - Opportunistic Lessons from Covid-19,An EUA for Casirivimab and Imdevimab for COVID-19
0xcxvdf3,nq4kp6t8,-0.051268872,An EUA for Casirivimab and Imdevimab for COVID-19,Targeting sedentary behavior as a feasible health strategy during COVID-19
mxpdmrfu,2nrvjxq3,-0.051260874,Digitalisierung - jetzt,Factors influencing the effectiveness of remote patient monitoring interventions: a realist review
h5dodxws,mxpdmrfu,-0.051258456,Evaluating the consequences of health policy decisions,Digitalisierung - jetzt
mxpdmrfu,md1etcw8,-0.051257696,Digitalisierung - jetzt,Experiences of clinical first-line nurses treating patients with COVID-19: A qualitative study
j0lcwjf5,0xcxvdf3,-0.05124332,Correction to: COVID-19: a novel coronavirus and a novel challenge for critical care,An EUA for Casirivimab and Imdevimab for COVID-19
jxbrpc5d,mxpdmrfu,-0.05123964,Clinical characteristics and outcomes in patients with coronavirus disease 2019 and multiple sclerosis,Digitalisierung - jetzt
0xcxvdf3,0wbvlkdn,-0.05122909,An EUA for Casirivimab and Imdevimab for COVID-19,Post-COVID-19 distress and unhealthy behavior
gqqhhhlr,0xcxvdf3,-0.051225673,Exploring AyuGenomics approach for understanding COVID-19 predisposition and progression,An EUA for Casirivimab and Imdevimab for COVID-19
3d56os6r,nyccbkj6,-0.05120202,hpO: Berufsvereinigung für heilkundlich praktizierte Osteopathie e. V.,Impacts of COVID-19 on access to transportation for people with disabilities
juxjvysu,0xcxvdf3,-0.05119543,Important considerations regarding the future management of coronavirus (COVID-19),An EUA for Casirivimab and Imdevimab for COVID-19
mxpdmrfu,b4ne41u8,-0.05119118,Digitalisierung - jetzt,Principles Guiding Nonpandemic Critical Care Research During a Pandemic
mxpdmrfu,akoxpcdk,-0.051188637,Digitalisierung - jetzt,Gender Differences in Authorship of Obstetrics and Gynecology Publications During the COVID-19 Pandemic
52rnptpw,0xcxvdf3,-0.051174637,"Prelaboratory Technique-Based Simulations: Exploring Student Perceptions of Their Impact on In-Class Ability, Preparedness, and Emotional State",An EUA for Casirivimab and Imdevimab for COVID-19
3d56os6r,kpxypbar,-0.051165067,hpO: Berufsvereinigung für heilkundlich praktizierte Osteopathie e. V.,Homeschooling for Quarantined Residents: A Virtual Back to the Basics Curriculum
3d56os6r,6a6sz5io,-0.051162846,hpO: Berufsvereinigung für heilkundlich praktizierte Osteopathie e. V.,Be a part of the process of establishing standards
mxpdmrfu,keokw6dx,-0.051158745,Digitalisierung - jetzt,Physical Activity Participation in Rural Areas: A Case Study
6a6sz5io,0xcxvdf3,-0.05115542,Be a part of the process of establishing standards,An EUA for Casirivimab and Imdevimab for COVID-19
2kf8qr8z,tnmk3zpf,-0.051153257,Human astroviruses.,CAPNETZ fokussiert auf COVID-19
3d56os6r,n5r2riut,-0.051149026,hpO: Berufsvereinigung für heilkundlich praktizierte Osteopathie e. V.,Leading in challenging times.
mxpdmrfu,8rh0j38y,-0.051144287,Digitalisierung - jetzt,Analysis of Motives and Factors Connected to Suicidal Behavior in Patients Hospitalized in a Psychiatric Department
fegnkxam,mxpdmrfu,-0.05114237,Factors influencing the psychosocial impact of COVID-19 pandemic on healthcare workers and their level of satisfaction towards organisational efforts.,Digitalisierung - jetzt
mxpdmrfu,yx0busge,-0.05113529,Digitalisierung - jetzt,Procyonids and Viverids
0xcxvdf3,7wgco4st,-0.051134627,An EUA for Casirivimab and Imdevimab for COVID-19,"Myoclonus and COVID‐19: A Challenge for the Present, a Lesson for the Future"
mxpdmrfu,tc5zimcu,-0.051130086,Digitalisierung - jetzt,Teledermatology in Primary Care in Singapore: Experiences of Family Doctors and Specialists.
mxpdmrfu,q4nlfpwk,-0.05112852,Digitalisierung - jetzt,International evidence on state ownership and trade credit: Opportunities and motivations
u0ycqelc,jjdvtfy1,-0.0511277,Future prospects,Wieloukładowy zespół zapalny u dzieci a COVID-19
mxpdmrfu,y8fb7cnt,-0.0510875,Digitalisierung - jetzt,Examination of Symptoms of Depression among Cooperative Dairy Farmers
tmk1trgi,jjdvtfy1,-0.05108269,"A history of crowd simulation: the past, evolution, and new perspectives",Wieloukładowy zespół zapalny u dzieci a COVID-19
yxfzxach,tnmk3zpf,-0.051069036,Key markets for iris biometrics,CAPNETZ fokussiert auf COVID-19
mxpdmrfu,ajhgeib7,-0.05106461,Digitalisierung - jetzt,SHATTUCK LECTURE: The Future of Public Health.
mxpdmrfu,nrhutg08,-0.05106446,Digitalisierung - jetzt,Update on clinical outcomes of women with COVID-19 during pregnancy
3d56os6r,d3z9t8x3,-0.05105193,hpO: Berufsvereinigung für heilkundlich praktizierte Osteopathie e. V.,Goals in Nutrition Science 2020-2025
hp3vgjz1,mxpdmrfu,-0.051048946,Management of an Immunocompromised Pediatric Patient With Multiple Hospitalizations for Symptomatic COVID-19.,Digitalisierung - jetzt
mxpdmrfu,9raqo0s4,-0.05104609,Digitalisierung - jetzt,Influence of Health Disparities on Covid-19 Critical Care Admissions
mxpdmrfu,hhk0bi94,-0.051039394,Digitalisierung - jetzt,Letter: Outcomes and Spectrum of Major Neurovascular Events Among COVID-19 Patients: A 3-Center Experience
a0br0vie,mxpdmrfu,-0.05103729,Research progress on career anxiety and influencing factors of nursing college students under the background of COVID-19,Digitalisierung - jetzt
v7avbjft,mxpdmrfu,-0.051032778,A critical appraisal of a case-control study on healthcare workers,Digitalisierung - jetzt
mxpdmrfu,fuujiuo4,-0.051031638,Digitalisierung - jetzt,Investigating practice-level and individual factors of advanced practice registered nurses and physician assistants and their relationship to resilience.
41eznb4t,3d56os6r,-0.05102938,Rethinking race in medical decision making,hpO: Berufsvereinigung für heilkundlich praktizierte Osteopathie e. V.
g6ahdyri,3d56os6r,-0.051026203,Smartphone Perception and Experiences of Teacher Candidates during COVID-19 Process: What Is My Smartphone for Me?,hpO: Berufsvereinigung für heilkundlich praktizierte Osteopathie e. V.
3d56os6r,mctgonmc,-0.051023908,hpO: Berufsvereinigung für heilkundlich praktizierte Osteopathie e. V.,The vital role of meaningful community engagement in responding to the COVID-19 pandemic
3d56os6r,8xu53usj,-0.051023908,hpO: Berufsvereinigung für heilkundlich praktizierte Osteopathie e. V.,The vital role of meaningful community engagement in responding to the COVID-19 pandemic.
t31sktni,mxpdmrfu,-0.05102183,Clinical research updates.,Digitalisierung - jetzt
mxpdmrfu,ebji25om,-0.051016174,Digitalisierung - jetzt,Measuring judiciarization of people with mental illnesses
mxpdmrfu,k6v5y8wz,-0.051011045,Digitalisierung - jetzt,"Planning and governing nature-based solutions in river landscapes: Concepts, cases, and insights"
0xcxvdf3,dmk94k5s,-0.05100423,An EUA for Casirivimab and Imdevimab for COVID-19,Impact of Moving to Online Learning on the Way Educators Teach
lw1uh03b,mxpdmrfu,-0.05099848,Key questions: research priorities for student mental health.,Digitalisierung - jetzt
3d56os6r,gqvh4x16,-0.050994083,hpO: Berufsvereinigung für heilkundlich praktizierte Osteopathie e. V.,Healthcare students: should they be prioritized for COVID-19 vaccination?
mxpdmrfu,wnwijfbl,-0.050990526,Digitalisierung - jetzt,Are patients forgetting the basics?
w53rz0gr,82awoivw,-0.050985232,Comment,COULD COVID-19 BE A HEMOGLOBINOPATHY?
3d56os6r,3jgfoi5s,-0.05097074,hpO: Berufsvereinigung für heilkundlich praktizierte Osteopathie e. V.,106 Learning from the Long Term Experiences of Patients Recovering from COVID-19: Utilizing a Novel Approach to a Transition of Care Curriculum to Benefit Students and Patients
h5xetfm0,mxpdmrfu,-0.050967306,Environmental Risk Factors for Stroke and Cardiovascular Disease,Digitalisierung - jetzt
t5fjii32,jjdvtfy1,-0.05096201,The kaiwhakahaere comments.,Wieloukładowy zespół zapalny u dzieci a COVID-19
ttlu2j62,mxpdmrfu,-0.05096136,Covid-19 vaccines for kids,Digitalisierung - jetzt
6f50mgnb,0xcxvdf3,-0.05095963,Additional COVID-19 Guidance for Caregivers of People Living with Dementia in Community Settings,An EUA for Casirivimab and Imdevimab for COVID-19
c84wxtne,3d56os6r,-0.050959446,COVID-19: The CIDRAP Viewpoint Part 2: Effective COVID-19 Crisis Communication,hpO: Berufsvereinigung für heilkundlich praktizierte Osteopathie e. V.
mxpdmrfu,3ol8raae,-0.050955757,Digitalisierung - jetzt,"Characterization of T cell, B cell and Natural Killer Cell Subsets in COVID-19 Patients"
cw52zdd3,0xcxvdf3,-0.05095281,Intermittent Hypoxic Preconditioning: A Potential New Powerful Strategy for COVID-19 Rehabilitation,An EUA for Casirivimab and Imdevimab for COVID-19
17qp0sz8,mxpdmrfu,-0.050941188,Outcomes of COVID-19 in Patients with Skin Cancer,Digitalisierung - jetzt
hzx0apjj,mxpdmrfu,-0.050941188,Outcomes of COVID‐19 in patients with skin cancer,Digitalisierung - jetzt
f88wwa2h,0xcxvdf3,-0.05093171,It Takes a Village to Raise a Child: Understanding and Expanding the Concept of the “Village”,An EUA for Casirivimab and Imdevimab for COVID-19
3d56os6r,kda33uyn,-0.05091085,hpO: Berufsvereinigung für heilkundlich praktizierte Osteopathie e. V.,Physical activity: moving from words to action.
2uj7thw6,0xcxvdf3,-0.050903536,COVID Positive.,An EUA for Casirivimab and Imdevimab for COVID-19
mxpdmrfu,coboic7p,-0.05088761,Digitalisierung - jetzt,Modified Clinical Risk Score to Predict Hospital Admission and In-hospital Mortality in Covid-19 Patients
mxpdmrfu,47etwgjy,-0.050879754,Digitalisierung - jetzt,"Mothers' Experiences of Pregnancy, Labor and Birth, and Postpartum During COVID-19 in the United States: Preliminary Results of a Mixed-Methods Study."
mxpdmrfu,x2hlk5j1,-0.05087607,Digitalisierung - jetzt,Analysis of the Current State of Affairs around the Btwc: Problems and Their Possible Solutions
gx9hfx1t,mxpdmrfu,-0.05087453,Bibliometric analysis of pathogenic organisms,Digitalisierung - jetzt
mxpdmrfu,fpzitscu,-0.05086379,Digitalisierung - jetzt,"Social, economic, and environmental factors influencing the basic reproduction number of COVID-19 across countries"
n4vegdal,3d56os6r,-0.050862417,Covid-19 or How to Learn the Lessons of the World Wars,hpO: Berufsvereinigung für heilkundlich praktizierte Osteopathie e. V.
mxpdmrfu,suvmfqhn,-0.050843854,Digitalisierung - jetzt,Tropheryma whipplei in Children with Gastroenteritis
3d56os6r,g2tnxz3z,-0.050840005,hpO: Berufsvereinigung für heilkundlich praktizierte Osteopathie e. V.,Accounting for care within human geography
mxpdmrfu,bpnnywke,-0.05083226,Digitalisierung - jetzt,"Evolving effects of COVID-19 safety precaution expectations, risk avoidance, and socio-demographics factors on customer hesitation toward patronizing restaurants and hotels"
01ykwhj7,mxpdmrfu,-0.05082975,Risk Factors Associated with Mechanical Ventilation in Critical Bronchiolitis,Digitalisierung - jetzt
jjdvtfy1,0u8bty4d,-0.050824337,Wieloukładowy zespół zapalny u dzieci a COVID-19,Forging a new corporate engagement
mhwjshow,mxpdmrfu,-0.050823066,Bats as the reservoir for outbreaks of emerging infectious diseases.,Digitalisierung - jetzt
3d56os6r,9h8qkngt,-0.05081541,hpO: Berufsvereinigung für heilkundlich praktizierte Osteopathie e. V.,Introduction: Capabilities and Covid-19
0xcxvdf3,0cri8cpx,-0.050808545,An EUA for Casirivimab and Imdevimab for COVID-19,Critical Care Transport of Patients With COVID-19
c051t9rl,0xcxvdf3,-0.05079828,Taking phototherapeutics from concept to clinical launch,An EUA for Casirivimab and Imdevimab for COVID-19
2ckrvy2t,mxpdmrfu,-0.050792176,Point-of-Care Testing in Microbiology,Digitalisierung - jetzt
mxpdmrfu,xj1ly4km,-0.050790578,Digitalisierung - jetzt,Staff wellbeing in times of COVID-19
d5dtu8qe,jjdvtfy1,-0.050790213,This Scientific Life,Wieloukładowy zespół zapalny u dzieci a COVID-19
qb9067ku,0xcxvdf3,-0.05077738,Cerebellar Scholars' Challenging Time in COVID-19 Pandemia,An EUA for Casirivimab and Imdevimab for COVID-19
ng5zd1xp,3d56os6r,-0.05077608,What Am I Entitled To?,hpO: Berufsvereinigung für heilkundlich praktizierte Osteopathie e. V.
ytuhhiwf,gsonpunw,-0.050774254,Perspectives: Research for all.,Campylobacteriose — eine zoonotische Infektionskrankheit
wvulqt3q,mxpdmrfu,-0.05076193,Clinical symptoms of hyperandrogenic women diagnosed with COVID-19,Digitalisierung - jetzt
9fw18lu2,0xcxvdf3,-0.050746407,Microneurosurgery in COVID-19-Positive Patients,An EUA for Casirivimab and Imdevimab for COVID-19
4rs2agpx,3d56os6r,-0.050744705,Variation in Value-Based Outcome Measures Among Assisted Living Communities Served by a Home-Based Primary Care Practice During COVID-19,hpO: Berufsvereinigung für heilkundlich praktizierte Osteopathie e. V.
v29hmqms,mxpdmrfu,-0.05074335,Risk Factors and Mortality for Atypical Presentation of COVID-19 Infection in Hospitalized Patients - Lessons From the Early Pandemic.,Digitalisierung - jetzt
0xcxvdf3,fp3k7r3v,-0.050737944,An EUA for Casirivimab and Imdevimab for COVID-19,COVID-19 and Heart Failure: The Big Challenge
gsonpunw,egknlwzf,-0.050722577,Campylobacteriose — eine zoonotische Infektionskrankheit,Remdesivir and Mortality in Patients with COVID-19.
4vv2un8q,3d56os6r,-0.05071086,Lessons learned from the road less traveled,hpO: Berufsvereinigung für heilkundlich praktizierte Osteopathie e. V.
mxpdmrfu,uk3yiqsa,-0.050706275,Digitalisierung - jetzt,Pride and adversity among nurses and physicians during the pandemic in two US healthcare systems: a mixed methods analysis
4ko557n1,mxpdmrfu,-0.050704822,"One Health, emerging infectious diseases and wildlife: two decades of progress?",Digitalisierung - jetzt
gsonpunw,8oc6d2v5,-0.050687585,Campylobacteriose — eine zoonotische Infektionskrankheit,Immunologic Studies in Humans
z4blmcd0,n5r2riut,-0.050686136,COVID-19 and VIH,Leading in challenging times.
0k2vqw4k,0xcxvdf3,-0.050676383,Child Psychiatrists and Psychologists: Enhanced Collaboration in Primary Care,An EUA for Casirivimab and Imdevimab for COVID-19
5e2yu3e1,0xcxvdf3,-0.050658047,Differentiating COVID-19 Response Strategies,An EUA for Casirivimab and Imdevimab for COVID-19
cqglo0s7,hqs94hfa,-0.050649714,Allergologie in Zeiten von Covid-19,Pesticides
hqs94hfa,3quzlcrp,-0.050649714,Pesticides,DNGK — Forschung in Zeiten von COVID-19
95595ar7,hqs94hfa,-0.050649706,Intensivbehandlung von Schwerverletzten,Pesticides
k6edo2ff,mxpdmrfu,-0.05064968,Factors associated with survival in older patients affected by COVID-19: A retrospective cohort study,Digitalisierung - jetzt
0xcxvdf3,8944mpi0,-0.050603226,An EUA for Casirivimab and Imdevimab for COVID-19,Developing Critical Appraisal and Evidence Synthesis skills in future Microbiologists
yrm2z8jc,3d56os6r,-0.05059929,Can You Teach Resilience?,hpO: Berufsvereinigung für heilkundlich praktizierte Osteopathie e. V.
3c25vshm,mxpdmrfu,-0.050593626,Efficiency and profitability in US not-for-profit hospitals,Digitalisierung - jetzt
0xcxvdf3,173mufe9,-0.050593615,An EUA for Casirivimab and Imdevimab for COVID-19,Do patient characteristics affect the predictive validity of Functional Capacity Evaluations?
0xcxvdf3,ublikk91,-0.050578978,An EUA for Casirivimab and Imdevimab for COVID-19,Evaluating immersive experiences during Covid-19 and beyond
gsonpunw,w6z0l1yx,-0.05057638,Campylobacteriose — eine zoonotische Infektionskrankheit,Children's Hospitals and Impact of COVID-19.
vizkookg,mxpdmrfu,-0.050566163,Attitudes and Factors Associated With COVID-19 Vaccine Hesitancy Among Patients With Breast Cancer,Digitalisierung - jetzt
mxpdmrfu,th8wzqta,-0.0505659,Digitalisierung - jetzt,Abstracts of QSAR‐related Publications 5/2005
mxpdmrfu,o3vnfayb,-0.05056523,Digitalisierung - jetzt,The impact of COVID-19 on private and public primary care physicians: A cross-sectional study
dhsniglo,6gxlv2ci,-0.050565027,People + Companies,BvDU Kurz notiert
dhsniglo,0e0stvsd,-0.050565027,People + Companies,BvDU Kurz notiert
9bdiz5pz,6gxlv2ci,-0.050565027,People + Companies,BvDU Kurz notiert
9bdiz5pz,0e0stvsd,-0.050565027,People + Companies,BvDU Kurz notiert
0e0stvsd,wm7yrtrw,-0.050565027,BvDU Kurz notiert,People + Companies
6gxlv2ci,wm7yrtrw,-0.050565027,BvDU Kurz notiert,People + Companies
6gxlv2ci,6uvm25og,-0.050565027,BvDU Kurz notiert,People + Companies
0e0stvsd,6uvm25og,-0.050565027,BvDU Kurz notiert,People + Companies
0roxc0k4,95u2vws4,-0.05056348,Posters,Wir haben eine Impfung!
29w3tiwv,95u2vws4,-0.050563447,Posters,Wir haben eine Impfung!
mxpdmrfu,xpg6vs25,-0.050544806,Digitalisierung - jetzt,Experiences of Patients With COVID-19 Admitted to the Intensive Care Units: A Qualitative Study
87a70hv1,mxpdmrfu,-0.05052814,In Their Own Words: A Study on COVID-19-Related Concerns and Perceptions of Risk Among Older University Employees,Digitalisierung - jetzt
mxpdmrfu,8tsbsoxr,-0.050516672,Digitalisierung - jetzt,Litigation in Infections of Obstetrics and Gynecology
53zota2n,mxpdmrfu,-0.05050248,What factors drive the satisfaction of citizens with governments' responses to COVID-19?,Digitalisierung - jetzt
mxpdmrfu,41palmyc,-0.05050065,Digitalisierung - jetzt,Demographic and clinical features associated with in-hospital mortality in Egyptian COVID-19 patients: A retrospective cohort study
nkgs2iv6,taylx8ax,-0.05049372,Aktuelles Studienergebnis unterstreicht zurückhaltende Kommentierung,ESICM LIVES 2020
mxpdmrfu,747neu4n,-0.05048905,Digitalisierung - jetzt,Eruption as a clinical manifestation of COVID-19: photographs of a patient
0xcxvdf3,l9k0u8od,-0.050487507,An EUA for Casirivimab and Imdevimab for COVID-19,"Experiences of People with an Intellectual Disability, Their Relatives, and Support Staff with COVID-19: The Value of Vital Supportive Relationships"
jaoj6ssd,3d56os6r,-0.05048514,Life lessons of the pandemic ”COVID-19”,hpO: Berufsvereinigung für heilkundlich praktizierte Osteopathie e. V.
j05mw82m,3d56os6r,-0.0504803,Adapting to the Reimbursement Landscape: The Future of Value-Based Care.,hpO: Berufsvereinigung für heilkundlich praktizierte Osteopathie e. V.
mxpdmrfu,3zqtacac,-0.050479043,Digitalisierung - jetzt,The many facets of academic mobility and its impact on scholars' career
jikja6jj,0xcxvdf3,-0.05047873,COVID-19 poses novel challenges for global primary care,An EUA for Casirivimab and Imdevimab for COVID-19
3d56os6r,9mcg18n2,-0.050477274,hpO: Berufsvereinigung für heilkundlich praktizierte Osteopathie e. V.,Avoiding Trouble Ahead: Lessons Learned and Suggestions for Economic Evaluations of COVID-19 Vaccines
mlh6d734,3d56os6r,-0.05047441,"Artificial Intelligence: Promise, Pitfalls, and Perspective.",hpO: Berufsvereinigung für heilkundlich praktizierte Osteopathie e. V.
cpmjkx3y,mxpdmrfu,-0.050473534,COVID-19 vaccination campaign: dialogues with nurses working in Primary Health Care,Digitalisierung - jetzt
zu4tikpu,484f1hc2,-0.050449286,Exkursion in eine postagile Zukunft,E-Learning during COVID-19: perspectives and experiences of the faculty and students
mxpdmrfu,j6zlnv6s,-0.050446525,Digitalisierung - jetzt,Underlying conditions in adults with COVID-19
n4bhu9cq,3d56os6r,-0.050440263,Three Reasons to Focus on Patient and Family Engagement During the COVID-19 Pandemic,hpO: Berufsvereinigung für heilkundlich praktizierte Osteopathie e. V.
xpa1if5s,3d56os6r,-0.050440263,Three Reasons to Focus on Patient and Family Engagement During the COVID-19 Pandemic.,hpO: Berufsvereinigung für heilkundlich praktizierte Osteopathie e. V.
w2v6f0ks,gsonpunw,-0.05043971,Clinical Studies - Outcomes,Campylobacteriose — eine zoonotische Infektionskrankheit
mxpdmrfu,t1f0llx4,-0.050438415,Digitalisierung - jetzt,Conflict in troponin levels in COVID-19 patients
mxpdmrfu,u4laoljh,-0.050416112,Digitalisierung - jetzt,News and events.
t31sktni,gsonpunw,-0.05041076,Clinical research updates.,Campylobacteriose — eine zoonotische Infektionskrankheit
mxpdmrfu,r7nk5k6m,-0.050409403,Digitalisierung - jetzt,3D Printing in Eye Care
iyvrw2it,mxpdmrfu,-0.050398566,Debates editors’ introduction: Sociological responses to Covid-19 (Part I),Digitalisierung - jetzt
m1qul7cr,0xcxvdf3,-0.050388794,"Dermatologist Perceptions of Teledermatology Implementation and Future Use After COVID-19: Demographics, Barriers, and Insights",An EUA for Casirivimab and Imdevimab for COVID-19
59496ooz,mxpdmrfu,-0.05038873,"Quality of life, depressive and minor psychiatrics symptoms in nursing students",Digitalisierung - jetzt
t7qt41wv,jjdvtfy1,-0.05037924,Cover runners-up of 2021,Wieloukładowy zespół zapalny u dzieci a COVID-19
om6z63ql,mxpdmrfu,-0.050377104,Parkinson rehabilitation in nursing homes: a qualitative exploration of the experiences of patients and caregivers,Digitalisierung - jetzt
3d56os6r,b6q7gnfl,-0.050363474,hpO: Berufsvereinigung für heilkundlich praktizierte Osteopathie e. V.,Play in the time of pandemic: children’s agency and lost learning
yrkmcp1e,0xcxvdf3,-0.050357502,"""Screen-time"" for children and adolescents in COVID-19 times: Need to have the contextually informed perspective",An EUA for Casirivimab and Imdevimab for COVID-19
0xcxvdf3,f2tezlwt,-0.0503529,An EUA for Casirivimab and Imdevimab for COVID-19,Attention to detail and a permissive set-up: crucial for an effective TURBT
mxpdmrfu,zedarftk,-0.05035153,Digitalisierung - jetzt,"Fomites, hands, and the transmission of respiratory viruses"
tvetgbqo,tnmk3zpf,-0.05034812,Psychological Aspects of the COVID-19 Pandemic,CAPNETZ fokussiert auf COVID-19
rtjxzre1,tnmk3zpf,-0.050325852,Hematological and Serological Parameters for Detection of Covid-19,CAPNETZ fokussiert auf COVID-19
mxpdmrfu,p1v5wppq,-0.05032266,Digitalisierung - jetzt,Echocardiographic characteristics of subjects with COVID-19: A case series
47jchs80,mxpdmrfu,-0.05031882,Practices and Pitfalls of 3D Printing for COVID-19,Digitalisierung - jetzt
9x5riz15,jjdvtfy1,-0.05031622,Covid-19 - The Law and Limits of Quarantine.,Wieloukładowy zespół zapalny u dzieci a COVID-19
w9ka0xq1,0xcxvdf3,-0.0503108,Covid-19 in children – what is known so far,An EUA for Casirivimab and Imdevimab for COVID-19
p41d2hhu,mxpdmrfu,-0.05030946,[Covid-19: health care workers between heroism and ostracism],Digitalisierung - jetzt
0xcxvdf3,4azkjkaz,-0.05030665,An EUA for Casirivimab and Imdevimab for COVID-19,Disruption of Patient and Family Centered Care Through the COVID-19 Pandemic
t6cwpqvw,mxpdmrfu,-0.050286915,Treatment of COVID-19 Patients at a Medical College Hospital in Bangladesh,Digitalisierung - jetzt
1q2moaf3,mxpdmrfu,-0.050282642,News from the Society,Digitalisierung - jetzt
mxpdmrfu,o6fdwi8n,-0.050282642,Digitalisierung - jetzt,Society News
3d56os6r,vqwq5rbv,-0.05027225,hpO: Berufsvereinigung für heilkundlich praktizierte Osteopathie e. V.,Innovations in practice: Telepharmacy's time has arrived.
z4blmcd0,mq4ntygs,-0.05026481,COVID-19 and VIH,Cyberinsights: It's Complicated
z4blmcd0,egawqdv3,-0.05026481,COVID-19 and VIH,Cyberinsights: It's Complicated.
mxpdmrfu,a26tkwhp,-0.050260533,Digitalisierung - jetzt,Barriers to Hospital Electronic Public Health Reporting and Implications for the COVID-19 Pandemic
zu4tikpu,vab45ikc,-0.05025493,Exkursion in eine postagile Zukunft,Errors in Figures
0xcxvdf3,8hglw7ob,-0.05025241,An EUA for Casirivimab and Imdevimab for COVID-19,On-admission parameters based prognostication in COVID-19: an important missing link…()
69f5tivz,zu4tikpu,-0.050247718,"We Are People, Not Clusters!",Exkursion in eine postagile Zukunft
mxpdmrfu,w92ue2po,-0.05024106,Digitalisierung - jetzt,Attention-based Clinical Note Summarization
3d56os6r,jrkh5qe2,-0.050240025,hpO: Berufsvereinigung für heilkundlich praktizierte Osteopathie e. V.,The Addition of Active Stretching to Balance Strategy Exercise is the Most Effective as a Home-Based Exercise Program in Improving the Balance of the Elderly
3d56os6r,37o8vgbl,-0.0502387,hpO: Berufsvereinigung für heilkundlich praktizierte Osteopathie e. V.,Impact of the COVID-19 Pandemic on Patient Preferences and Decision Making for Symptomatic Urolithiasis
nkntemui,192wv9gk,-0.050238475,Versorgung von Krebspatienten leidet,Covid-19 in the workplace.
mxhv61gk,jjdvtfy1,-0.050233018,Recent advances in processing negation,Wieloukładowy zespół zapalny u dzieci a COVID-19
mxpdmrfu,sokalm2f,-0.050228313,Digitalisierung - jetzt,Preparedness for Life-Threatening Situations in a Pediatric Tertiary-Care University Children’s Hospital: A Survey †
3d56os6r,3zqca05j,-0.050228193,hpO: Berufsvereinigung für heilkundlich praktizierte Osteopathie e. V.,"Cooperative learning in online accounting education: Challenges, benefits, and drawbacks"
3d56os6r,6tavejnk,-0.05022569,hpO: Berufsvereinigung für heilkundlich praktizierte Osteopathie e. V.,Adapting patient consent in response to COVID-19
gxvoampo,0xcxvdf3,-0.050220054,Covid-19: most patients require mechanical ventilation in first 24 hours of critical care,An EUA for Casirivimab and Imdevimab for COVID-19
0xcxvdf3,1yxk7znb,-0.05021785,An EUA for Casirivimab and Imdevimab for COVID-19,Covid-19 crisis as an unexpected opportunity to adopt radical changes to tackle overtourism
3d56os6r,c1uptd6w,-0.050209336,hpO: Berufsvereinigung für heilkundlich praktizierte Osteopathie e. V.,Education in the time of COVID-19
mxpdmrfu,vkykqbso,-0.050190575,Digitalisierung - jetzt,Tracheotomy in COVID-19 patients: Optimizing patient selection and identifying prognostic indicators
mxpdmrfu,pvfi05i0,-0.05019,Digitalisierung - jetzt,Analysis of online information onsupport group meetings forcrohn's disease patients
mxpdmrfu,u720ltqg,-0.0501899,Digitalisierung - jetzt,Midwifery Leadership
lnqmrz8z,mxpdmrfu,-0.050180398,Systematic and Other Reviews: Criteria and Complexities.,Digitalisierung - jetzt
0sl4xp50,gsonpunw,-0.050173767,Neuropathological Features of COVID-19,Campylobacteriose — eine zoonotische Infektionskrankheit
mxpdmrfu,sl72w41v,-0.050163653,Digitalisierung - jetzt,Influence of computers in students’ academic achievement
xzywy4hf,0xcxvdf3,-0.05015336,On being the right size,An EUA for Casirivimab and Imdevimab for COVID-19
1p6k6ssl,mxpdmrfu,-0.050125647,Molecular bases of COVID-19 pathogenesis,Digitalisierung - jetzt
9i65rgif,mxpdmrfu,-0.050120853,Influence of Self-Compassion on the Health of Midwives and Nurses: Protocol for a Scoping Review.,Digitalisierung - jetzt
3d56os6r,x553nwpx,-0.0501184,hpO: Berufsvereinigung für heilkundlich praktizierte Osteopathie e. V.,Counseling Asynchronous Gifted Students: A 30-Year Perspective
yedycf5b,mxpdmrfu,-0.050103106,COVID-19 in hypertensive people,Digitalisierung - jetzt
0xcxvdf3,vbuia8bx,-0.050097175,An EUA for Casirivimab and Imdevimab for COVID-19,Bronchiectasis—Could Immunonutrition Have a Role to Play in Future Management?
hrnn8nwd,mxpdmrfu,-0.050096918,The aetiology of pharyngotonsillitis in primary health care: a prospective observational study,Digitalisierung - jetzt
mxpdmrfu,kx9rmw9y,-0.0500881,Digitalisierung - jetzt,Risks of and risk factors for COVID-19 disease in people with diabetes: a cohort study of the total population of Scotland
gsonpunw,rzx3wt5c,-0.050084304,Campylobacteriose — eine zoonotische Infektionskrankheit,Nurses as substitutes for doctors in primary care.
mxpdmrfu,7zy1bvga,-0.050084256,Digitalisierung - jetzt,Children of Incarcerated Parents and COVID‐19
kuur2wy1,jjdvtfy1,-0.050076555,Chapter 9 Business Continuity,Wieloukładowy zespół zapalny u dzieci a COVID-19
cwri42bd,0xcxvdf3,-0.050076015,Assessing the options.,An EUA for Casirivimab and Imdevimab for COVID-19
0xcxvdf3,7ibh48f3,-0.05007347,An EUA for Casirivimab and Imdevimab for COVID-19,An event-centric prediction system for COVID-19
mdd60ic7,3t9d4b0b,-0.05007102,Acknowledgement to Referees,'Der Verbrennungsmotor wird zu einem Bedarfsartikel'
nfzoanb9,3t9d4b0b,-0.05007102,Acknowledgement to Referees,'Der Verbrennungsmotor wird zu einem Bedarfsartikel'
3t9d4b0b,qgrecd29,-0.05007102,'Der Verbrennungsmotor wird zu einem Bedarfsartikel',Acknowledgement to Referees
0xcxvdf3,12mbf9ir,-0.050069507,An EUA for Casirivimab and Imdevimab for COVID-19,Leukemoid Reaction in a COVID-19 Patient
0sl4xp50,zu4tikpu,-0.05006641,Neuropathological Features of COVID-19,Exkursion in eine postagile Zukunft
vb3b2viw,95u2vws4,-0.050059523,Notes and News,Wir haben eine Impfung!
95u2vws4,vn89nmit,-0.050059523,Wir haben eine Impfung!,News and Notes
mxpdmrfu,lw3xxrer,-0.05005787,Digitalisierung - jetzt,Comparing Different Typologies of Physical Activities With a Focus on Motivation
mxpdmrfu,0b33wufm,-0.05005606,Digitalisierung - jetzt,Clinical and immunological factors that distinguish COVID-19 from pandemic influenza A(H1N1)
0xcxvdf3,lgee3ers,-0.05005385,An EUA for Casirivimab and Imdevimab for COVID-19,Connecting at Local Level: Exploring Opportunities for Future Design of Technology to Support Social Connections in Age-friendly Communities
41eznb4t,0xcxvdf3,-0.050053127,Rethinking race in medical decision making,An EUA for Casirivimab and Imdevimab for COVID-19
dmcm44ga,0xcxvdf3,-0.050050743,Decentralizing COVID‐19 care—Moving towards a COVID‐19‐capable healthcare system (CCHS),An EUA for Casirivimab and Imdevimab for COVID-19
vfgdoqqo,0xcxvdf3,-0.05004843,Can we do better?,An EUA for Casirivimab and Imdevimab for COVID-19
zk03ljns,mxpdmrfu,-0.05004705,Dynamic changes of peripheral blood lymphocytes subsets in adult patients with COVID-19,Digitalisierung - jetzt
3d56os6r,cs1qoxs6,-0.050039265,hpO: Berufsvereinigung für heilkundlich praktizierte Osteopathie e. V.,Discussing Around a Virtual fire: Citizen Engagement in a Shared Decision-Making Conference.
vat54kjg,0xcxvdf3,-0.050024565,How are Small Businesses Adjusting to COVID-19? Early Evidence from a Survey,An EUA for Casirivimab and Imdevimab for COVID-19
mxpdmrfu,qm8b5ew7,-0.050019413,Digitalisierung - jetzt,The invisible labor and multidimensional impacts of negotiating childcare on farms
0xcxvdf3,r50n3u40,-0.050003972,An EUA for Casirivimab and Imdevimab for COVID-19,Growing the pattern: Our first year
du2j1pfq,0xcxvdf3,-0.04999248,Opinion: Gigacity – a source of problems or the new way to sustainable development,An EUA for Casirivimab and Imdevimab for COVID-19
6t5xvqit,0xcxvdf3,-0.04998793,Surviving Together by Staying Apart: How Older Adults Experienced the COVID-19 Crisis,An EUA for Casirivimab and Imdevimab for COVID-19
3d56os6r,61ntih6q,-0.049987737,hpO: Berufsvereinigung für heilkundlich praktizierte Osteopathie e. V.,Contractual Variations: Long Live the Doctrine of Consideration?
1ra2px67,tnmk3zpf,-0.049984705,Three Hypotheses About Children COVID19.,CAPNETZ fokussiert auf COVID-19
fw39tmjp,tnmk3zpf,-0.049984705,Three Hypotheses About Children COVID19,CAPNETZ fokussiert auf COVID-19
3h2nkasq,mxpdmrfu,-0.04997208,"Differences in the clinical characteristics and outcomes of COVID-19 patients in the epicenter and peripheral areas of the pandemic from China: a retrospective, large-sample, comparative analysis",Digitalisierung - jetzt
mxpdmrfu,8ru04gef,-0.049961597,Digitalisierung - jetzt,Cystatins in Health and Diseases
mxpdmrfu,6hoo4yxv,-0.04995878,Digitalisierung - jetzt,Editorial: Molecular Aspects of Mucopolysaccharidoses
gsonpunw,bwe2v076,-0.04995305,Campylobacteriose — eine zoonotische Infektionskrankheit,Clinical chemistry tests for patients with COVID-19 - important caveats for interpretation
hcjpj03p,6z7qj9vo,-0.049952578,Leitlinien zu COVID-19,HEARTS of athletes.
6z7qj9vo,9sk9n0f9,-0.049952578,HEARTS of athletes.,"Anmerkung zu BVerfG, Beschl. v. 16.12.2021 – 1 BvR 1541/20"
6z7qj9vo,ioveubcb,-0.049952578,HEARTS of athletes.,Darmkrebsvorsorge zu COVID‑19‑Zeiten
nr2qpusk,mxpdmrfu,-0.04994109,Radiological findings of COVID-19-related thromboembolic complications,Digitalisierung - jetzt
3d56os6r,eg5y3gq9,-0.04993385,hpO: Berufsvereinigung für heilkundlich praktizierte Osteopathie e. V.,The Past in the Present: What our Ancestors Taught us about Surviving Pandemics
5s7gs1gq,jjdvtfy1,-0.04993098,Ontology-Driven Edge Computing,Wieloukładowy zespół zapalny u dzieci a COVID-19
mxpdmrfu,ps4gcy9o,-0.04992461,Digitalisierung - jetzt,"Health of Antarctic birds: a review of their parasites, pathogens and diseases"
cvgq5bel,0xcxvdf3,-0.049918562,Transient complete heart block in a patient with critical COVID-19,An EUA for Casirivimab and Imdevimab for COVID-19
fnjynlmj,mxpdmrfu,-0.049917735,"Infection, Screening, and Psychological Stress of Health-Care Workers With COVID-19 in a Nonfrontline Clinical Department",Digitalisierung - jetzt
gsonpunw,febc6rvi,-0.04991593,Campylobacteriose — eine zoonotische Infektionskrankheit,Hematologic Disorders
izlpz4qn,nkgs2iv6,-0.04990965,Risk Factors for Mortality of COVID-19 Patients,Aktuelles Studienergebnis unterstreicht zurückhaltende Kommentierung
jsdgp712,mxpdmrfu,-0.049897738,Pneumococcal superinfection in COVID-19 patients: A series of 5 cases,Digitalisierung - jetzt
dike9fxa,0xcxvdf3,-0.049895395,Increase in Suicidal Thinking During COVID-19,An EUA for Casirivimab and Imdevimab for COVID-19
0xcxvdf3,rfwp7o6h,-0.04989152,An EUA for Casirivimab and Imdevimab for COVID-19,"Observations, Conclusions, Perspective"
3d56os6r,t6tfmqoi,-0.049885564,hpO: Berufsvereinigung für heilkundlich praktizierte Osteopathie e. V.,The challenges of distributing COVID-19 vaccinations
3d56os6r,sz8d7std,-0.04988093,hpO: Berufsvereinigung für heilkundlich praktizierte Osteopathie e. V.,Making Fashion Sustainable: Waste and Collective Responsibility
72k2mhxs,mxpdmrfu,-0.04987849,Assuring result quality: Emerging and biosecurity nicrobiological agents,Digitalisierung - jetzt
0xcxvdf3,kpg111zc,-0.04987404,An EUA for Casirivimab and Imdevimab for COVID-19,Peripheral infiltration of remdesivir in 3 patients with COVID-19: Case series and discussion
5g7f5kc7,0xcxvdf3,-0.0498655,Smart moves for an aging population,An EUA for Casirivimab and Imdevimab for COVID-19
r9ixvrd8,mxpdmrfu,-0.049864504,Disinfection and Sterilization in Health Care Facilities: An Overview and Current Issues.,Digitalisierung - jetzt
8he5e5pu,0xcxvdf3,-0.049863413,Automated Prediction of Novice Programmer Performance Using Programming Trajectories,An EUA for Casirivimab and Imdevimab for COVID-19
cqglo0s7,mdd60ic7,-0.049861398,Allergologie in Zeiten von Covid-19,Acknowledgement to Referees
cqglo0s7,nfzoanb9,-0.049861398,Allergologie in Zeiten von Covid-19,Acknowledgement to Referees
cqglo0s7,qgrecd29,-0.049861398,Allergologie in Zeiten von Covid-19,Acknowledgement to Referees
mdd60ic7,95595ar7,-0.049861398,Acknowledgement to Referees,Intensivbehandlung von Schwerverletzten
mdd60ic7,3quzlcrp,-0.049861398,Acknowledgement to Referees,DNGK — Forschung in Zeiten von COVID-19
nfzoanb9,95595ar7,-0.049861398,Acknowledgement to Referees,Intensivbehandlung von Schwerverletzten
95595ar7,qgrecd29,-0.049861398,Intensivbehandlung von Schwerverletzten,Acknowledgement to Referees
nfzoanb9,3quzlcrp,-0.049861398,Acknowledgement to Referees,DNGK — Forschung in Zeiten von COVID-19
qgrecd29,3quzlcrp,-0.049861398,Acknowledgement to Referees,DNGK — Forschung in Zeiten von COVID-19
8kb827kj,mxpdmrfu,-0.049857616,Clinical and imaging characteristics of cancer patients with COVID-19: a pilot study,Digitalisierung - jetzt
0zvc5nlr,mxpdmrfu,-0.049852204,Epidemiology and factors associated with COVID-19 outbreak-related deaths in patients admitted to medical centers of Mazandaran University of Medical Sciences,Digitalisierung - jetzt
3d56os6r,vk6eotjs,-0.049840234,hpO: Berufsvereinigung für heilkundlich praktizierte Osteopathie e. V.,"COVID-19, frailty and long-term care: Implications for policy and practice"
3d56os6r,abavkft7,-0.049837925,hpO: Berufsvereinigung für heilkundlich praktizierte Osteopathie e. V.,A Time to Reflect
mxpdmrfu,4383puog,-0.049826734,Digitalisierung - jetzt,Health Disparities and Differences in Health-Care-Utilization in Patients With Pulmonary Arterial Hypertension
3d56os6r,p6pwjikv,-0.049825925,hpO: Berufsvereinigung für heilkundlich praktizierte Osteopathie e. V.,An intriguing experience: Counselling Covid 19 clients
pprb7641,0xcxvdf3,-0.049824934,Long COVID in children,An EUA for Casirivimab and Imdevimab for COVID-19
5os5lhqy,3d56os6r,-0.04981581,Promises and challenges of Blockchain in education,hpO: Berufsvereinigung für heilkundlich praktizierte Osteopathie e. V.
kh10am7m,0xcxvdf3,-0.04981099,"A more perfect future: Driving diversity, equity, and inclusion in ASHP",An EUA for Casirivimab and Imdevimab for COVID-19
3l3rzrw8,j6nd02sj,-0.049809925,Notable advances 2012,پیشبینی رفتارهاي پیشگیرانه از کووید-19 بر اساس سازه هاي مدل اعتقاد بهداشتی (HBM): مطالعه مبتنی بر اینترنت در جمعیت استان مازندران
mjflvkc4,0xcxvdf3,-0.049804084,The I in COVID: The importance of community and patient involvement in COVID-19 research.,An EUA for Casirivimab and Imdevimab for COVID-19
vmj1m26i,tnmk3zpf,-0.049795017,Deadly unknowns,CAPNETZ fokussiert auf COVID-19
rpt3hwwt,0xcxvdf3,-0.049793273,Prone Positioning Works: But for How Long and to What End Point?,An EUA for Casirivimab and Imdevimab for COVID-19
ft15w83r,e69c9wyw,-0.049786534,"COVID-19: Knowns, Unknowns, and Questions",Nutzen von Erfahrungswissen in Krisen. Zur These einer vermehrten Bezugnahme auf Geschichte in Krisenzeiten
mxpdmrfu,27ikx97x,-0.049777105,Digitalisierung - jetzt,The effects of blood group types on the risk of COVID-19 infection and its clinical outcome
p6oo70ex,mxpdmrfu,-0.04977706,Factors Influencing Sleep Quality among Female Staff Nurses during the Early COVID-19 Pandemic in the United States,Digitalisierung - jetzt
mxpdmrfu,aystr5na,-0.04977706,Digitalisierung - jetzt,Factors Influencing Sleep Quality among Female Staff Nurses during the Early COVID-19 Pandemic in the United States
3d56os6r,05gqq5kz,-0.04977037,hpO: Berufsvereinigung für heilkundlich praktizierte Osteopathie e. V.,Fair and Diverse Allocation of Scarce Resources
hcjpj03p,qkc0v9xq,-0.049757816,Leitlinien zu COVID-19,MLFW: A Database for Face Recognition on Masked Faces
qkc0v9xq,ioveubcb,-0.049757816,MLFW: A Database for Face Recognition on Masked Faces,Darmkrebsvorsorge zu COVID‑19‑Zeiten
qkc0v9xq,9sk9n0f9,-0.049757816,MLFW: A Database for Face Recognition on Masked Faces,"Anmerkung zu BVerfG, Beschl. v. 16.12.2021 – 1 BvR 1541/20"
0xcxvdf3,nbhfl9cq,-0.049751356,An EUA for Casirivimab and Imdevimab for COVID-19,Support for self-isolation is critical in covid-19 response.
0xcxvdf3,1gm8erlj,-0.04974951,An EUA for Casirivimab and Imdevimab for COVID-19,Characterizing Long COVID: Deep Phenotype of a Complex Condition
mxpdmrfu,w4ge6se3,-0.04974654,Digitalisierung - jetzt,On the history of human coronaviruses
0xcxvdf3,l5btd56q,-0.049738307,An EUA for Casirivimab and Imdevimab for COVID-19,Host directed therapies: COVID-19 and beyond
mxpdmrfu,gnce60ff,-0.04970253,Digitalisierung - jetzt,Peptides in COVID-19 Clinical Trials—A Snapshot
eb4qwedk,j6nd02sj,-0.049691807,Covid-19: US doctors begin administering vaccine to children aged 5-11,پیشبینی رفتارهاي پیشگیرانه از کووید-19 بر اساس سازه هاي مدل اعتقاد بهداشتی (HBM): مطالعه مبتنی بر اینترنت در جمعیت استان مازندران
mxpdmrfu,r4495jpa,-0.04968623,Digitalisierung - jetzt,Covid-19: Validity of key studies in doubt after leading journals issue expressions of concern
9oj9lt8y,0xcxvdf3,-0.04968557,Expanding remote ambulatory care learning environments from COVID-19 to beyond,An EUA for Casirivimab and Imdevimab for COVID-19
mxpdmrfu,58vclufl,-0.049681164,Digitalisierung - jetzt,COVID‐19 in pregnancy: risk of adverse neonatal outcomes
mxpdmrfu,il7l0wdw,-0.04965593,Digitalisierung - jetzt,"Policy, Politics, Nursing Practice, and COVID-19"
mxpdmrfu,9ble9nyt,-0.049650405,Digitalisierung - jetzt,Ocular Findings in Patients with COVID-19: Impact on Eye Banking
u74oo2ot,0xcxvdf3,-0.049635038,Case Management on the Front Lines of COVID-19: The Importance of the Individualized Care Plan Across Care Settings.,An EUA for Casirivimab and Imdevimab for COVID-19
0xcxvdf3,f280ppq9,-0.049635038,An EUA for Casirivimab and Imdevimab for COVID-19,Case Management on the Front Lines of COVID-19: The Importance of the Individualized Care Plan Across Care Settings.
3d56os6r,m3zbul72,-0.04961433,hpO: Berufsvereinigung für heilkundlich praktizierte Osteopathie e. V.,Variables Impacting Nursing Home Goals of Care Discussions and Order Implementation During COVID-19
aa9yxcou,mxpdmrfu,-0.049610633,Undocumented U.S. Immigrants and Covid-19.,Digitalisierung - jetzt
r0nph5c0,zef5x9io,-0.049605407,AeDA informiert,COVID-19 on the riverbank
rant2m25,0xcxvdf3,-0.04960523,Answering the right questions for policymakers on COVID-19,An EUA for Casirivimab and Imdevimab for COVID-19
mxpdmrfu,r2kl4isc,-0.04960496,Digitalisierung - jetzt,CTSA pharmacies: Contribution to research and public health during the COVID-19 pandemic
mxpdmrfu,hks3ypz2,-0.049579475,Digitalisierung - jetzt,"Gatekeepers, wizards, and a mutual appreciation of each other's kingdoms"
39mx8yyk,mxpdmrfu,-0.04957698,Incidence of Thrombotic Events and Outcomes in COVID-19 Patients Admitted to Intensive Care Units,Digitalisierung - jetzt
2ablwz96,0xcxvdf3,-0.049574178,Current Community Transmission and Future Perspectives on the Covid-19 Process,An EUA for Casirivimab and Imdevimab for COVID-19
5471dogs,0xcxvdf3,-0.049570348,Feature Driven and Point Process Approaches for Popularity Prediction,An EUA for Casirivimab and Imdevimab for COVID-19
h71lvv2v,mxpdmrfu,-0.049569275,Benefits and drawbacks of videoconferencing for collaborating multidisciplinary teams in regional oncology networks: a scoping review,Digitalisierung - jetzt
2k7r6xmg,mxpdmrfu,-0.049560323,Dynamic profile and clinical implications of hematological parameters in hospitalized patients with coronavirus disease 2019.,Digitalisierung - jetzt
mxpdmrfu,qk3gk3md,-0.04956018,Digitalisierung - jetzt,Risk Communication During COVID-19
o0lkt66q,3cectvkf,-0.04955903,Covid-19: Intermission ?,Beroepsziekten in cijfers 2020
mxpdmrfu,3om4kdym,-0.049553633,Digitalisierung - jetzt,Stability of Risk Preferences During COVID-19: Evidence From Four Measurements
3d56os6r,hnrlem31,-0.049551215,hpO: Berufsvereinigung für heilkundlich praktizierte Osteopathie e. V.,Hand-held medical robots.
mxpdmrfu,26urysvd,-0.049545567,Digitalisierung - jetzt,Cell position matters in tumour development.
6lz5flbm,3d56os6r,-0.049535636,Legacies and Gifts: An Editorial Farewell,hpO: Berufsvereinigung für heilkundlich praktizierte Osteopathie e. V.
3v4fhamf,mxpdmrfu,-0.049534913,Awareness regarding COVID-19 among health workers at Kastamonu education and research hospital,Digitalisierung - jetzt
0xcxvdf3,m1ekv99w,-0.04953185,An EUA for Casirivimab and Imdevimab for COVID-19,Tackling diabetes: how nurses can make the difference
1ag2kvzo,mxpdmrfu,-0.049531296,Heads in the Clouds: Measuring the Implications of Universities Migrating to Public Clouds,Digitalisierung - jetzt
jjdvtfy1,utdwxcge,-0.049514953,Wieloukładowy zespół zapalny u dzieci a COVID-19,Forging Forward Together: Transforming Scientific Practice to Accelerate Scientific Progress
3d56os6r,s6bwpk8u,-0.04950733,hpO: Berufsvereinigung für heilkundlich praktizierte Osteopathie e. V.,The Right Time for Steroids in Covid-19
bf3gorbq,0xcxvdf3,-0.049506336,"Promoting Critical Thinking in an Online, Project-Based Course",An EUA for Casirivimab and Imdevimab for COVID-19
1jylalry,0xcxvdf3,-0.049501844,Indigenous populations: left behind in the COVID-19 response,An EUA for Casirivimab and Imdevimab for COVID-19
jjdvtfy1,pru6h0y9,-0.04949906,Wieloukładowy zespół zapalny u dzieci a COVID-19,[Implications on the scientific production of COVID-19.]
ml942sxg,mxpdmrfu,-0.04948559,Isolating residents including wandering residents in care and group homes: Medical ethics and English law in the context of Covid-19,Digitalisierung - jetzt
mxpdmrfu,fqo9upol,-0.049480885,Digitalisierung - jetzt,"COVID-19 and Personality: A Cross-Sectional Multicenter Study of the Relationship Between Personality Factors and COVID-19-Related Impacts, Concerns, and Behaviors"
gsonpunw,2tybpyh6,-0.04947965,Campylobacteriose — eine zoonotische Infektionskrankheit,COVID-19 and the healthcare workers
gsonpunw,yd75ciwz,-0.04947965,Campylobacteriose — eine zoonotische Infektionskrankheit,COVID-19 and the healthcare workers
aq63jl63,mdd60ic7,-0.04947309,Wir beweisen Gestaltungswillen,Acknowledgement to Referees
aq63jl63,nfzoanb9,-0.04947309,Wir beweisen Gestaltungswillen,Acknowledgement to Referees
aq63jl63,qgrecd29,-0.04947309,Wir beweisen Gestaltungswillen,Acknowledgement to Referees
ft15w83r,sfarwvit,-0.049466137,"COVID-19: Knowns, Unknowns, and Questions",So machen Vermittler ihren Betrieb zukunftsfest
pzbg163v,0xcxvdf3,-0.049465153,The compelling arguments for the need of microvascular investigation in COVID-19 critical patients,An EUA for Casirivimab and Imdevimab for COVID-19
mxpdmrfu,xmagm0pn,-0.049458787,Digitalisierung - jetzt,Organizational Culture and COVID-19
lu7epwfh,0xcxvdf3,-0.049450748,My advice to the NEXT generation,An EUA for Casirivimab and Imdevimab for COVID-19
3d56os6r,r44rjlld,-0.04944078,hpO: Berufsvereinigung für heilkundlich praktizierte Osteopathie e. V.,Best Paper Award 2020
mxpdmrfu,zp3ekasf,-0.049439568,Digitalisierung - jetzt,COVID-19 Infection in Medical Laboratory Professional: a Note
mxpdmrfu,7dwjmf2x,-0.04943809,Digitalisierung - jetzt,"Collective Sensemaking Around COVID-19: Experiences, Concerns, and Agendas for our Rapidly Changing Organizational Lives"
3d56os6r,o8liommd,-0.04943008,hpO: Berufsvereinigung für heilkundlich praktizierte Osteopathie e. V.,The Impact of COVID-19 on Weather Forecasts: A Balanced View
olzqsdf1,3d56os6r,-0.04942895,Book Review: Television Goes to the Movies,hpO: Berufsvereinigung für heilkundlich praktizierte Osteopathie e. V.
mxpdmrfu,4u5kg19g,-0.0494287,Digitalisierung - jetzt,Factors Influencing Anxiety of Health Care Workers in the Radiology Department with High Exposure Risk to COVID-19
mxpdmrfu,zhklwsit,-0.049427215,Digitalisierung - jetzt,Clinical Molecular Genetics Evaluation in Women with Reproductive Failures.
aly533by,3d56os6r,-0.04942466,Lessons Learned From the COVID-19 Pandemic as Experienced by Older Adults Treated for COVID-19,hpO: Berufsvereinigung für heilkundlich praktizierte Osteopathie e. V.
3d56os6r,qihsv8hh,-0.049420957,hpO: Berufsvereinigung für heilkundlich praktizierte Osteopathie e. V.,Smart Approaches to Food Waste Final Disposal.
3d56os6r,v10pr17o,-0.049419608,hpO: Berufsvereinigung für heilkundlich praktizierte Osteopathie e. V.,Celebrations and opportunities in the midst of change
3d56os6r,rh8t00fx,-0.04941835,hpO: Berufsvereinigung für heilkundlich praktizierte Osteopathie e. V.,Parents' Perceptions and Engagement Regarding School-Based Physical Activity Promotion.
p7mtdj1c,mxpdmrfu,-0.04941277,Literature Listing,Digitalisierung - jetzt
4l80fzcb,mxpdmrfu,-0.049406487,Comments for better understanding of the study clinical characteristics and prognostic factors in COVID-19 patients aged ≥80 years,Digitalisierung - jetzt
3d56os6r,sg0oti5d,-0.049404103,hpO: Berufsvereinigung für heilkundlich praktizierte Osteopathie e. V.,Ergonomics of Virtual Learning During COVID-19
mxpdmrfu,psf2lw4c,-0.04939902,Digitalisierung - jetzt,COVID-19 Patients with Recent Influenza A/B Infection: A Retrospective Study
rg9afqiy,0xcxvdf3,-0.049392022,Primary care networks: Where are we? Where is the evidence base? What might the future bring?,An EUA for Casirivimab and Imdevimab for COVID-19
gsonpunw,6d1r3i8q,-0.049389344,Campylobacteriose — eine zoonotische Infektionskrankheit,Calendar of international meetings
zu4tikpu,211g3qk3,-0.04938424,Exkursion in eine postagile Zukunft,Conflicts of Interest
757jif10,mxpdmrfu,-0.049381558,Personality of Public Health Organizations’ Instagram Accounts and According Differences in Photos at Content and Pixel Levels,Digitalisierung - jetzt
3d56os6r,g3l83lhk,-0.049379446,hpO: Berufsvereinigung für heilkundlich praktizierte Osteopathie e. V.,Leadership to defeat COVID-19
mxpdmrfu,lxz6bdko,-0.049374647,Digitalisierung - jetzt,Amerindian genetic ancestry as a risk factor for tuberculosis? Critical perspectives and implications for public policies in indigenous peoples's health
mxpdmrfu,h6pgk2hh,-0.04937197,Digitalisierung - jetzt,Cardiovascular Manifestations of COVID-19
ufpztqgp,3d56os6r,-0.049366485,Helping ambivalent patients make healthy decisions about COVID-19,hpO: Berufsvereinigung für heilkundlich praktizierte Osteopathie e. V.
mxpdmrfu,nbms0lhx,-0.04935558,Digitalisierung - jetzt,Journal-related Activities and Other Special Activities at the 2020 American Society of Anesthesiologists Meeting.
ge9v31ks,0xcxvdf3,-0.04935442,COVID-19: Challenges and Opportunities for Educators and Generation Z Learners,An EUA for Casirivimab and Imdevimab for COVID-19
0xcxvdf3,jqqz63kt,-0.04935442,An EUA for Casirivimab and Imdevimab for COVID-19,COVID-19: Challenges and Opportunities for Educators and Generation Z Learners
3d56os6r,lho542fd,-0.049352854,hpO: Berufsvereinigung für heilkundlich praktizierte Osteopathie e. V.,"Time Preferences, Mortgage Choice and Mortgage Default"
0wt4m8ny,mxpdmrfu,-0.04934899,Assessing Progress in Health Care Quality Through the Lens of COVID-19,Digitalisierung - jetzt
bab19xwd,mxpdmrfu,-0.04934899,Assessing Progress in Health Care Quality Through the Lens of COVID-19.,Digitalisierung - jetzt
oanlymb3,3d56os6r,-0.04934044,A Comprehensive Review on Smart Grids: Challenges and Opportunities.,hpO: Berufsvereinigung für heilkundlich praktizierte Osteopathie e. V.
uffcwmn7,mxpdmrfu,-0.049335662,Pharmacokinetic characterization of favipiravir in patients with COVID-19 and patient outcome,Digitalisierung - jetzt
3d56os6r,sik1f5bg,-0.04933146,hpO: Berufsvereinigung für heilkundlich praktizierte Osteopathie e. V.,E-workshop on writing multiple-choice questions: Online experience during the period of COVID-19 crisis
mxpdmrfu,z0s03j2k,-0.04931366,Digitalisierung - jetzt,Clinical Considerations in Neurosurgical Radiosurgery in the Time of COVID-19
1ub3xzsv,0xcxvdf3,-0.04931329,Pandemic programming: How COVID-19 affects software developers and how their organizations can help,An EUA for Casirivimab and Imdevimab for COVID-19
v6i9z5zo,0xcxvdf3,-0.04931326,Pandemic Programming: How COVID-19 affects software developers and how their organizations can help,An EUA for Casirivimab and Imdevimab for COVID-19
bl3fcwvx,uinli27p,-0.049309004,Stabilisierende Wirkungen durch Kurzarbeit,Guest editorial: BALKANTRIB ‘20
bl3fcwvx,m1tx74tc,-0.049309004,Stabilisierende Wirkungen durch Kurzarbeit,Guest editorial
phnhw7xp,mxpdmrfu,-0.049304646,Scientific progress and clinical uncertainty.,Digitalisierung - jetzt
fzp3gg5e,3d56os6r,-0.04929216,"Can Your Students Save the World? Utilizing Pandemic®, a Cooperative Board Game, to Teach Management",hpO: Berufsvereinigung für heilkundlich praktizierte Osteopathie e. V.
0xcxvdf3,0yeo5rse,-0.04927991,An EUA for Casirivimab and Imdevimab for COVID-19,"62,406 and Counting"
mxpdmrfu,2b08a4w3,-0.0492747,Digitalisierung - jetzt,Community Pharmacists’ Motivation and Barriers to Providing and Billing Patient Care Services
mxpdmrfu,wtljpa02,-0.0492747,Digitalisierung - jetzt,Community Pharmacists' Motivation and Barriers to Providing and Billing Patient Care Services
mxpdmrfu,yx24golq,-0.049273282,Digitalisierung - jetzt,Bibliometric and Visualization Analysis of Human Coronaviruses: Prospects and Implications for COVID-19 Research
ljce57vu,mxpdmrfu,-0.049270503,"Development of a Vaccine against Human Cytomegalovirus: Advances, Barriers, and Implications for the Clinical Practice",Digitalisierung - jetzt
ahycixcu,0xcxvdf3,-0.049268186,‘Failing forward’: a critique in light of covid-19,An EUA for Casirivimab and Imdevimab for COVID-19
c9xmzst6,hcjpj03p,-0.049265247,The challenges of international comparisons of COVID-19,Leitlinien zu COVID-19
c9xmzst6,ioveubcb,-0.049265247,The challenges of international comparisons of COVID-19,Darmkrebsvorsorge zu COVID‑19‑Zeiten
c9xmzst6,9sk9n0f9,-0.049265247,The challenges of international comparisons of COVID-19,"Anmerkung zu BVerfG, Beschl. v. 16.12.2021 – 1 BvR 1541/20"
hcjpj03p,azye4yia,-0.049265247,Leitlinien zu COVID-19,The challenges of international comparisons of COVID-19
azye4yia,9sk9n0f9,-0.049265247,The challenges of international comparisons of COVID-19,"Anmerkung zu BVerfG, Beschl. v. 16.12.2021 – 1 BvR 1541/20"
azye4yia,ioveubcb,-0.049265247,The challenges of international comparisons of COVID-19,Darmkrebsvorsorge zu COVID‑19‑Zeiten
tmhd4yam,mxpdmrfu,-0.04925095,Physicians’ experiences of video consultation with patients at a public virtual primary care clinic: a qualitative interview study,Digitalisierung - jetzt
mxpdmrfu,rg3z4zyv,-0.049246605,Digitalisierung - jetzt,Updating the landmark literature for the practice of geriatrics: Notable articles from 2012-2019.
8jutg4dx,3d56os6r,-0.049246144,Letters from Abroad,hpO: Berufsvereinigung für heilkundlich praktizierte Osteopathie e. V.
lza4cde8,mxpdmrfu,-0.049243465,Identifying barriers and facilitators to palliative care integration in the management of hospitalized patients with COVID-19: A qualitative study,Digitalisierung - jetzt
mxpdmrfu,10al0b04,-0.049235985,Digitalisierung - jetzt,Topics and Sentiments of Public Concerns Regarding COVID-19 Vaccines: Social Media Trend Analysis
abb3nomd,3d56os6r,-0.049235635,The Challenges and Realities of E-Learning during COVID-19: The Case of University Sport and Physical Education,hpO: Berufsvereinigung für heilkundlich praktizierte Osteopathie e. V.
d82lig2l,mxpdmrfu,-0.049235445,Predicting the COVID-19 Pandemic: The Perceptions of Healthcare Workers and the General Public,Digitalisierung - jetzt
o5l9jnt5,3d56os6r,-0.049228624,30 Years to Coomet: Results and Prospects of Cooperation,hpO: Berufsvereinigung für heilkundlich praktizierte Osteopathie e. V.
mxpdmrfu,369zu3tj,-0.049227323,Digitalisierung - jetzt,Steps towards Serological Diagnosis of Human Bocavirus Infections
0xcxvdf3,93zoanan,-0.04922035,An EUA for Casirivimab and Imdevimab for COVID-19,Emergency surgery in the prone position in a COVID-19 suspect: A challenge to the anesthesiologist
qiy671vz,3d56os6r,-0.04921736,Opportunities for Nursing Science to Advance Patient Care in the Time of COVID-19: A Palliative Care Perspective,hpO: Berufsvereinigung für heilkundlich praktizierte Osteopathie e. V.
qvay40pd,0xcxvdf3,-0.049215265,All People.,An EUA for Casirivimab and Imdevimab for COVID-19
mxpdmrfu,eru7e6cd,-0.04921153,Digitalisierung - jetzt,"Parent-Infant Interaction Tasks Adapted for Remote Testing: Strengths, Challenges, and Recommendations"
ach5vomq,zu4tikpu,-0.049206264,323. Distribution of Pathogens in Coinfections of Patients Admitted with COVID-19,Exkursion in eine postagile Zukunft
jjdvtfy1,k05vckz0,-0.049203467,Wieloukładowy zespół zapalny u dzieci a COVID-19,FakeNewsLab: Experimental Study on Biases and Pitfalls Preventing us from Distinguishing True from False News
mxpdmrfu,61i4zqge,-0.049196634,Digitalisierung - jetzt,Framing Public Opinion on Physician-Patient Conflicts on Microblog: A Comparative Content Analysis
0xcxvdf3,5smtcjs7,-0.049188886,An EUA for Casirivimab and Imdevimab for COVID-19,Moving Through COVID-19: Perspectives of Older Adults in the Getting Older Adults Outdoors Study.
mxpdmrfu,g1b012zn,-0.049183164,Digitalisierung - jetzt,COVID-19 Pandemic and Indigenous Representation in Public Health Data
mxpdmrfu,q7mqkg7a,-0.049183037,Digitalisierung - jetzt,Home advantage during the COVID-19 pandemic: Analyses of European football leagues
jjdvtfy1,rfqhowl4,-0.049180105,Wieloukładowy zespół zapalny u dzieci a COVID-19,Close out Netting Provisions – Their Current Value in a Time of International Uncertainty!
rpi9riz3,tnmk3zpf,-0.049178906,Practical geospatial and sociodemographic predictors of human mobility,CAPNETZ fokussiert auf COVID-19
3d56os6r,m3vwcoby,-0.04917881,hpO: Berufsvereinigung für heilkundlich praktizierte Osteopathie e. V.,Barriers to telehealth: The patient perspective
jjdvtfy1,f2tezlwt,-0.049175605,Wieloukładowy zespół zapalny u dzieci a COVID-19,Attention to detail and a permissive set-up: crucial for an effective TURBT
5y237nqz,hcjpj03p,-0.04917394,Potentials of Neuropeptides as Therapeutic Agents for Neurological Diseases,Leitlinien zu COVID-19
5y237nqz,9sk9n0f9,-0.04917394,Potentials of Neuropeptides as Therapeutic Agents for Neurological Diseases,"Anmerkung zu BVerfG, Beschl. v. 16.12.2021 – 1 BvR 1541/20"
5y237nqz,ioveubcb,-0.04917394,Potentials of Neuropeptides as Therapeutic Agents for Neurological Diseases,Darmkrebsvorsorge zu COVID‑19‑Zeiten
mxpdmrfu,vnxyi5z0,-0.049141474,Digitalisierung - jetzt,Data Analysis Case Studies
2kzkgn7i,mxpdmrfu,-0.04913182,Early Data on Predictors of COVID-19 Treatment Frequency at Community Health Centers,Digitalisierung - jetzt
mxpdmrfu,8tz6cbue,-0.049126595,Digitalisierung - jetzt,NewsCAP: COVID-19 vaccine reluctance among U.S. nurses.
05jtbs3s,0xcxvdf3,-0.04912091,Memory for future actions: the effect of prospective memory on an explicit and implicit memory task.,An EUA for Casirivimab and Imdevimab for COVID-19
6gxlv2ci,y6f9p96h,-0.049119126,BvDU Kurz notiert,Microbiomes for All
0e0stvsd,y6f9p96h,-0.049119126,BvDU Kurz notiert,Microbiomes for All
3d56os6r,gpsq68zs,-0.049118076,hpO: Berufsvereinigung für heilkundlich praktizierte Osteopathie e. V.,P29 Bringing into focus treatment limitation and DNACPR decisions: How COVID-19 has changed practice
3d56os6r,dc5el032,-0.049117964,hpO: Berufsvereinigung für heilkundlich praktizierte Osteopathie e. V.,Leading during COVID‐19 crisis reaps valuable lessons learned
gsonpunw,s6f5k25w,-0.04911645,Campylobacteriose — eine zoonotische Infektionskrankheit,Platelets profile changes in patients with COVID 19
mxpdmrfu,9or3prcy,-0.049114864,Digitalisierung - jetzt,Multispecies sustainability
ayylhbft,0xcxvdf3,-0.049100004,No half-time for COVID-19,An EUA for Casirivimab and Imdevimab for COVID-19
3flcpeh1,0xcxvdf3,-0.04907641,Disability in the Time of COVID,An EUA for Casirivimab and Imdevimab for COVID-19
54z48lff,mxpdmrfu,-0.049073175,Effects of contact with COVID‐19 patients on the mental health of workers in a psychiatric hospital,Digitalisierung - jetzt
3d56os6r,yb8hzkeq,-0.04907174,hpO: Berufsvereinigung für heilkundlich praktizierte Osteopathie e. V.,Community nursing placements: student learning experiences during a pandemic and beyond.
mxpdmrfu,c97thcfa,-0.04906035,Digitalisierung - jetzt,Impact of COVID‐19 on public health nursing student learning outcomes
mxpdmrfu,p8ndemgy,-0.049059294,Digitalisierung - jetzt,RISK FACTORS FOR INFECTION AND HEALTH IMPACTS OF THE COVID-19 PANDEMIC IN PEOPLE WITH AUTOIMMUNE DISEASES
g3mtbrez,3d56os6r,-0.049047787,Making it easier to be a patient in times of a pandemic,hpO: Berufsvereinigung für heilkundlich praktizierte Osteopathie e. V.
mxpdmrfu,7uiufpon,-0.049040806,Digitalisierung - jetzt,[Burden of COVID-19 on women and men]
g9gnlnuq,tnmk3zpf,-0.049031932,"COVID‐19 vaccinations: The unknowns, challenges, and hopes",CAPNETZ fokussiert auf COVID-19
d81raw1r,jjdvtfy1,-0.04902884,Challenges in Setting up a Production Line During Pandemic,Wieloukładowy zespół zapalny u dzieci a COVID-19
mxpdmrfu,xmdt6gbb,-0.049028225,Digitalisierung - jetzt,Identifying and describing cancer survivors: Implications for cancer survivorship research and clinical care.
mxpdmrfu,cluvpu4w,-0.04902776,Digitalisierung - jetzt,Care dependency of patients and residents at the end of life: A secondary data analysis of data from a cross-sectional study in hospitals and geriatric institutions.
0xcxvdf3,t2m0c7kf,-0.049027015,An EUA for Casirivimab and Imdevimab for COVID-19,COVID-19 Retesting in the Primary Care Setting
stvao3rx,0xcxvdf3,-0.049009345,Guidance for Adult Day Services Centers,An EUA for Casirivimab and Imdevimab for COVID-19
4v6vlc97,mxpdmrfu,-0.04899533,Factors affecting nurses' duty to care during the COVID-19 pandemic,Digitalisierung - jetzt
gsonpunw,daj14mp9,-0.048993308,Campylobacteriose — eine zoonotische Infektionskrankheit,Safety Events in Children's Hospitals During the COVID-19 Pandemic.
mxpdmrfu,g2tnxz3z,-0.04897364,Digitalisierung - jetzt,Accounting for care within human geography
mxpdmrfu,u7u39jho,-0.048964977,Digitalisierung - jetzt,Involving Patients in Health Economics Research: “The PACTS Principles”
mxpdmrfu,tq7p4go0,-0.048955448,Digitalisierung - jetzt,Contributions From the Pulmonary Pathology Society: Selected Topics on Nonneoplastic Diseases
adv2rjhg,gsonpunw,-0.048954654,Men and COVID-19: the aftermath.,Campylobacteriose — eine zoonotische Infektionskrankheit
99xka1s9,gsonpunw,-0.048950244,Guest Editors’ Corner,Campylobacteriose — eine zoonotische Infektionskrankheit
0xcxvdf3,xgg4028p,-0.048939407,An EUA for Casirivimab and Imdevimab for COVID-19,Moving beyond the measure: Understanding patients' experiences of communication with nurses.
jjdvtfy1,ont6ro0p,-0.048936836,Wieloukładowy zespół zapalny u dzieci a COVID-19,Anesthesiologist and COVID-19 - Current perspective
jjdvtfy1,rfwp7o6h,-0.04892778,Wieloukładowy zespół zapalny u dzieci a COVID-19,"Observations, Conclusions, Perspective"
mxpdmrfu,urkqpf3u,-0.048926465,Digitalisierung - jetzt,A monthly roundup of key articles in other journals.
mxpdmrfu,iy0h13x8,-0.048926465,Digitalisierung - jetzt,A monthly roundup of key articles in other journals.
mxpdmrfu,w5456jge,-0.048926465,Digitalisierung - jetzt,A monthly roundup of key articles in other journals.
3d56os6r,bvw7yh46,-0.048925277,hpO: Berufsvereinigung für heilkundlich praktizierte Osteopathie e. V.,The Boseman Effect: A Missed Opportunity?
mxpdmrfu,tv6zty9t,-0.048922673,Digitalisierung - jetzt,COVID-19 and strategic communication with parents and guardians of college students
3d56os6r,chqrrh6d,-0.04891882,hpO: Berufsvereinigung für heilkundlich praktizierte Osteopathie e. V.,Supporting Children on the Autism Spectrum as They Experience the Challenges of COVID-19
mxpdmrfu,zrptw8ql,-0.048916597,Digitalisierung - jetzt,Occupational Risks for Anaesthesiologists and Precautions
0xcxvdf3,jsjiqh8h,-0.04891506,An EUA for Casirivimab and Imdevimab for COVID-19,How power affects moral judgments: The role of intuitive thinking
jjdvtfy1,71fidp39,-0.048904154,Wieloukładowy zespół zapalny u dzieci a COVID-19,Standing up to infectious disease
7ek94ms4,3d56os6r,-0.048897732,"COVID-19, Home Confinement, and the Fallacy of ""Safest at Home""",hpO: Berufsvereinigung für heilkundlich praktizierte Osteopathie e. V.
hcjpj03p,yvu5jor2,-0.048886012,Leitlinien zu COVID-19,Editorial: Reflections on rheumatological aspects of COVID-19
9sk9n0f9,yvu5jor2,-0.048886012,"Anmerkung zu BVerfG, Beschl. v. 16.12.2021 – 1 BvR 1541/20",Editorial: Reflections on rheumatological aspects of COVID-19
ioveubcb,yvu5jor2,-0.048886012,Darmkrebsvorsorge zu COVID‑19‑Zeiten,Editorial: Reflections on rheumatological aspects of COVID-19
mxpdmrfu,fc2y2qua,-0.048882402,Digitalisierung - jetzt,Perioperative anesthesia care for patients with confirmed or suspected COVID-19.
1vxguoy9,mxpdmrfu,-0.048874427,Association of Electronic Health Record Vendors With Hospital Financial and Quality Performance: Retrospective Data Analysis,Digitalisierung - jetzt
1xjao43w,nbd8yrzc,-0.048873514,Other,Pädiatrie aktuell – Forschung kurz notiert
1xjao43w,v7jei07c,-0.048873514,Other,Pädiatrie aktuell – Forschung kurz notiert
0xcxvdf3,3pzb098g,-0.048873436,An EUA for Casirivimab and Imdevimab for COVID-19,Predictors of patient experience with teledermatology in setting of COVID-19 pandemic in a single medical center.
0xcxvdf3,vzqv7znj,-0.04886258,An EUA for Casirivimab and Imdevimab for COVID-19,Remote patient monitoring in COVID-19: a critical appraisal
g55m95de,mxpdmrfu,-0.048856504,Managing COVID-19 Iinfection in pediatric patients,Digitalisierung - jetzt
31pl20dl,0xcxvdf3,-0.04884979,Struggling with the strain?,An EUA for Casirivimab and Imdevimab for COVID-19
drtwtnez,3d56os6r,-0.04881381,"Impact of the COVID-19 pandemic on substance use among adults without children, parents, and adolescents",hpO: Berufsvereinigung für heilkundlich praktizierte Osteopathie e. V.
vk70lfue,mxpdmrfu,-0.048798773,"Parenting stress, self‐efficacy and COVID‐19 health risks as predictors of general stress among nurses",Digitalisierung - jetzt
0xcxvdf3,8y1ldnak,-0.048796386,An EUA for Casirivimab and Imdevimab for COVID-19,How long does a lockdown need to be?
kyuxadyz,0xcxvdf3,-0.04877911,Nurse management in dialysis center in covid-19 time − single-center experience,An EUA for Casirivimab and Imdevimab for COVID-19
0xcxvdf3,o13cx1e3,-0.048765484,An EUA for Casirivimab and Imdevimab for COVID-19,"Information and communication during the early months of Covid-19: infodemics, misinformation, and the role of information professionals"
s2yjhz4z,0xcxvdf3,-0.04876476,Lack of physical activity is a global problem,An EUA for Casirivimab and Imdevimab for COVID-19
mhq8p1zb,mxpdmrfu,-0.04876405,Family caregiver quality of life and the care provided to older people living with dementia: qualitative analyses of caregiver interviews,Digitalisierung - jetzt
0xcxvdf3,l8o3vf4q,-0.048752237,An EUA for Casirivimab and Imdevimab for COVID-19,Recruitment and Retention in Diverse Cohorts: Lessons From Community-Engaged Efforts
6f1uz3o0,3d56os6r,-0.048750386,"Attachment styles, negotiation of goal conflict, and perceived partner support during COVID-19",hpO: Berufsvereinigung für heilkundlich praktizierte Osteopathie e. V.
0xcxvdf3,027n7gcf,-0.04874673,An EUA for Casirivimab and Imdevimab for COVID-19,Pedagogical alignment for entrepreneurial development
zu4tikpu,bmgfuzfp,-0.04873705,Exkursion in eine postagile Zukunft,Highlights From the Circulation Family of Journals.
6etd637a,0xcxvdf3,-0.048732277,The Need for More and Better Testing for COVID-19,An EUA for Casirivimab and Imdevimab for COVID-19
mxpdmrfu,4hfgj9wv,-0.048731342,Digitalisierung - jetzt,Commentary: Development and evaluation of a clinical research nursing module for undergraduate nursing schools: expanding Clinical Research Nurses' outreach.
mxpdmrfu,y1cv3sq4,-0.04872213,Digitalisierung - jetzt,"Exploring Canadians' and Europeans' Health Care Professionals' Perception of Biological Risks, Patient Safety, and Professionals' Safety Practices."
fky1v5vx,3d56os6r,-0.048721287,Emerging from the COVID-19 pandemic: the numbers and lessons that will stay with us forever,hpO: Berufsvereinigung für heilkundlich praktizierte Osteopathie e. V.
0xcxvdf3,5hnm5rya,-0.048719835,An EUA for Casirivimab and Imdevimab for COVID-19,Motivating Online Learning: The Challenges of COVID-19 and Beyond
jxz75mdh,mxpdmrfu,-0.04871062,Probiotics: Considerations for Human Health,Digitalisierung - jetzt
3d56os6r,kv0bqenc,-0.048706204,hpO: Berufsvereinigung für heilkundlich praktizierte Osteopathie e. V.,Wisely choosing the numbers during the pandemic
mxpdmrfu,sav6yamz,-0.04870293,Digitalisierung - jetzt,A scoping review of the healthcare provided by nurses to people experiencing domestic violence in primary health care settings
mxpdmrfu,ebqarn6l,-0.04870249,Digitalisierung - jetzt,"Clinical Characteristics and Outcomes of a Cohort of Pediatric Oncohematologic Patients With COVID-19 Infection in the City of Bogotá, Colombia."
k7lwwhdy,mxpdmrfu,-0.048700053,A clinical profile and factors associated with severity of the disease among Polish patients hospitalized due to COVID-19 - an observational study,Digitalisierung - jetzt
mxpdmrfu,f8h7rf7s,-0.048678204,Digitalisierung - jetzt,"Covid-19: Policy to discharge vulnerable patients to care homes was irrational, say judges"
k8sv79rk,mxpdmrfu,-0.048649676,Behavioral Health Professionals’ Perceptions on Patient-Controlled Granular Information Sharing (Part 1): Focus Group Study,Digitalisierung - jetzt
mxpdmrfu,yfohw4zn,-0.048649505,Digitalisierung - jetzt,COVID-19 infections in infants
mxpdmrfu,uif9xtvl,-0.048648987,Digitalisierung - jetzt,Anesthetic Considerations for Recovered COVID-19 Patients
pebb7jke,mxpdmrfu,-0.048636116,"In defence of a single body of clinical and public health, medical ethics",Digitalisierung - jetzt
vlx22si0,mxpdmrfu,-0.048622873,Psychological and Ocular Surface State of Ophthalmologists and Ophthalmic Nurses Working With Patients With Coronavirus Disease 2019.,Digitalisierung - jetzt
3d56os6r,676d0y7y,-0.04862195,hpO: Berufsvereinigung für heilkundlich praktizierte Osteopathie e. V.,Expert consensus on COVID-19 vaccination in children
1b4v609h,jjdvtfy1,-0.04861409,"Rapid COVID testing: Speed, Quality and Cost. Can you have all three?",Wieloukładowy zespół zapalny u dzieci a COVID-19
jjdvtfy1,pja72uar,-0.04861409,Wieloukładowy zespół zapalny u dzieci a COVID-19,"Rapid COVID testing: Speed, Quality and Cost. Can you have all three?"
awpd61av,0xcxvdf3,-0.048612323,Reaching Beyond Our Walls: Are We Meeting the Needs of Those Who Need Us Most?,An EUA for Casirivimab and Imdevimab for COVID-19
85b67wij,0xcxvdf3,-0.048610516,Nursing care provided to people with covid-19: challenges in the performance of the cofen/corens system,An EUA for Casirivimab and Imdevimab for COVID-19
642knvlv,mxpdmrfu,-0.048606716,104 Associations between Neighborhood Disadvantage Measures and COVID-19 Case Clusters,Digitalisierung - jetzt
mxpdmrfu,0axz2zuw,-0.048603747,Digitalisierung - jetzt,COVID-19 and Cardiovascular Health Among Patients with Cancer
mxpdmrfu,yszstck8,-0.048594575,Digitalisierung - jetzt,Finnish nursing students’ perceptions of the development needs in palliative care education and factors influencing learning in undergraduate nursing studies – a qualitative study
gsonpunw,u43n4o97,-0.048586432,Campylobacteriose — eine zoonotische Infektionskrankheit,Psychopathological profile in COVID-19 patients including healthcare workers: the implications
mxpdmrfu,dw9pkvmd,-0.04857847,Digitalisierung - jetzt,The Postpartum Specific Anxiety Scale: Confirmatory factor analyses and relationships with birth experience
r0tsupeh,3d56os6r,-0.04857648,"First-Semester Organic Chemistry during COVID-19: Prioritizing Group Work, Flexibility, and Student Engagement",hpO: Berufsvereinigung für heilkundlich praktizierte Osteopathie e. V.
4kthfpkl,0xcxvdf3,-0.048569426,"Podophyllotoxin: History, Recent Advances and Future Prospects",An EUA for Casirivimab and Imdevimab for COVID-19
95u2vws4,vu2gqd5e,-0.048558805,Wir haben eine Impfung!,Perilipins at a glance
mxpdmrfu,wq4brpfj,-0.048557844,Digitalisierung - jetzt,Examining risk and protective factors for psychological health during the COVID-19 pandemic.
mxpdmrfu,9rr3o0uw,-0.048552077,Digitalisierung - jetzt,COVID-19 and the academy: opinions and experiences of university-based scientists in the U.S
ran269ae,mxpdmrfu,-0.048530128,COVID-19 pandemic & skin care guidelines for health care professionals,Digitalisierung - jetzt
dz607ag0,mxpdmrfu,-0.048525546,"Risk Evaluation of Pathogenic Intestinal Protozoa Infection Among Laboratory Macaques, Animal Facility Workers, and Nearby Villagers From One Health Perspective",Digitalisierung - jetzt
0xcxvdf3,78hj4jof,-0.048521668,An EUA for Casirivimab and Imdevimab for COVID-19,The U.S. COVID-19 Testing Failure.
mxpdmrfu,aci0fr75,-0.048520554,Digitalisierung - jetzt,[Clinical applications of smartwatches]
mxpdmrfu,dxyjbwer,-0.048520554,Digitalisierung - jetzt,[Clinical applications of smartwatches].
mxpdmrfu,eg0hajzl,-0.048487872,Digitalisierung - jetzt,Coronavirus Human Infection Challenge Studies: Assessing Potential Benefits and Risks
txk1tnoy,3d56os6r,-0.04847973,Lessons Learned from Caring for Patients with COVID-19 at the End of Life,hpO: Berufsvereinigung für heilkundlich praktizierte Osteopathie e. V.
jaokbrk7,0xcxvdf3,-0.04847513,How Students Assess Their Careers in the Context of COVID-19,An EUA for Casirivimab and Imdevimab for COVID-19
3d56os6r,fieb5dut,-0.048466153,hpO: Berufsvereinigung für heilkundlich praktizierte Osteopathie e. V.,"Enhancing Memorable Experiences, Tourist Satisfaction, and Revisit Intention through Smart Tourism Technologies"
0xcxvdf3,j4w27pzi,-0.048457257,An EUA for Casirivimab and Imdevimab for COVID-19,Wastewater surveillance for population-wide Covid-19: The present and future
i6vetquk,tspegq76,-0.048456673,The pathogens,Koalition bringt E-Patientenakte Richtung Versorgung
hcjpj03p,6eh2l6ce,-0.04845333,Leitlinien zu COVID-19,Primary healthcare clinicians
ioveubcb,6eh2l6ce,-0.04845333,Darmkrebsvorsorge zu COVID‑19‑Zeiten,Primary healthcare clinicians
9sk9n0f9,6eh2l6ce,-0.04845333,"Anmerkung zu BVerfG, Beschl. v. 16.12.2021 – 1 BvR 1541/20",Primary healthcare clinicians
nxmauvpu,zu4tikpu,-0.048451863,Reasons for HOPE.,Exkursion in eine postagile Zukunft
mxpdmrfu,e039sllf,-0.04844789,Digitalisierung - jetzt,Hospital Volumes of 5 Medical Emergencies in the COVID-19 Pandemic in 2 US Medical Centers.
soow2ehe,mxpdmrfu,-0.04842989,Pandemic Uncertainty: Considerations for Nephrology Nurses,Digitalisierung - jetzt
mxpdmrfu,e8bxh4vh,-0.048427626,Digitalisierung - jetzt,[COVID-19 from a gastroenterological perspective].
0xcxvdf3,ee5ntw33,-0.048424162,An EUA for Casirivimab and Imdevimab for COVID-19,Unifying Pairwise Interactions in Complex Dynamics
gsonpunw,ynaqjrhz,-0.0484215,Campylobacteriose — eine zoonotische Infektionskrankheit,Vaccines
gsonpunw,6uvcx4oy,-0.0484215,Campylobacteriose — eine zoonotische Infektionskrankheit,Vaccines of Covid-19
0xcxvdf3,8ett9o94,-0.048418473,An EUA for Casirivimab and Imdevimab for COVID-19,Running Together: How Sports Partners Keep You Running
0xcxvdf3,sg5klprc,-0.048407584,An EUA for Casirivimab and Imdevimab for COVID-19,Covid-19: biotechnologists make their contribution
mxpdmrfu,w8fl3b7s,-0.048406623,Digitalisierung - jetzt,The Association of Social Determinants of Health With COVID‐19 Mortality in Rural and Urban Counties
74rscxhf,zu4tikpu,-0.04840617,COVID-19 in Patients with Hematologic Malignancies: Outcomes and Options for Treatments,Exkursion in eine postagile Zukunft
o78vugc1,hcjpj03p,-0.048405528,The Correlation between COVID-19 Activities and Climate Factors in Different Climate Types Areas,Leitlinien zu COVID-19
o78vugc1,9sk9n0f9,-0.048405528,The Correlation between COVID-19 Activities and Climate Factors in Different Climate Types Areas,"Anmerkung zu BVerfG, Beschl. v. 16.12.2021 – 1 BvR 1541/20"
o78vugc1,ioveubcb,-0.048405528,The Correlation between COVID-19 Activities and Climate Factors in Different Climate Types Areas,Darmkrebsvorsorge zu COVID‑19‑Zeiten
fnyzegue,mxpdmrfu,-0.048404112,University Students’ Adherence to the COVID-19-guidelines: A Qualitative Study on Facilitators and Barriers,Digitalisierung - jetzt
gjse6qxy,mxpdmrfu,-0.04839144,Organizational aspects of care associated with mortality in critically ill COVID-19 patients,Digitalisierung - jetzt
mxpdmrfu,mild8xtl,-0.04839111,Digitalisierung - jetzt,Challenges Faced by Nursing Home Direct Care Workers During the COVID-19 Pandemic: A Comparison Across Care Settings
mxpdmrfu,n3a8ke8h,-0.048389394,Digitalisierung - jetzt,Coronavirus and the health care of people with disabilities: Immediate steps
3d56os6r,4hcxyd24,-0.048384506,hpO: Berufsvereinigung für heilkundlich praktizierte Osteopathie e. V.,Learning as an Important Privilege: A Life Span Perspective with Implications for Successful Aging
mxpdmrfu,qxzgivqy,-0.0483837,Digitalisierung - jetzt,COVID-19 Reveals Emerging Opportunities for Rural Public Health
n54036de,gsonpunw,-0.04837896,COVID-19 in children: reasons for uneventful clinical course,Campylobacteriose — eine zoonotische Infektionskrankheit
3d56os6r,4yiw9jdv,-0.04837649,hpO: Berufsvereinigung für heilkundlich praktizierte Osteopathie e. V.,Impact of COVID‐19 pandemic on household financial decisions: A consumer vulnerability perspective
ytn3ytka,0xcxvdf3,-0.048371527,COVID-19 in Piauí: initial scenario and perspectives for coping,An EUA for Casirivimab and Imdevimab for COVID-19
1xjao43w,0xcxvdf3,-0.048364524,Other,An EUA for Casirivimab and Imdevimab for COVID-19
gsonpunw,ruw6spq4,-0.048345365,Campylobacteriose — eine zoonotische Infektionskrankheit,Audiovestibular symptoms and sequelae in COVID-19 patients
gup07qrb,0xcxvdf3,-0.048342638,Gynecological Surgery and COVID-19: What is the Impact and How Should I Manage it?,An EUA for Casirivimab and Imdevimab for COVID-19
jjdvtfy1,qernuddb,-0.048325874,Wieloukładowy zespół zapalny u dzieci a COVID-19,Methods lead the way
jjdvtfy1,s4v2b1s3,-0.04831537,Wieloukładowy zespół zapalny u dzieci a COVID-19,COVID19 - moving forward
mxpdmrfu,rcgxslfp,-0.048297215,Digitalisierung - jetzt,Risk factors for COVID‐19‐related mortality in hospitalized children and adolescents with diabetes mellitus: An observational retrospective cohort study
3d56os6r,sctbszes,-0.04829354,hpO: Berufsvereinigung für heilkundlich praktizierte Osteopathie e. V.,Virtual clinics are reassuring but sometimes daunting.
mxpdmrfu,y9vylhw5,-0.04829192,Digitalisierung - jetzt,Tradeoff between efficiency and perceived quality: evidence from patient-level data.
g99myvw1,gsonpunw,-0.04829124,Wastewater warnings,Campylobacteriose — eine zoonotische Infektionskrankheit
0xcxvdf3,ig77p728,-0.048290055,An EUA for Casirivimab and Imdevimab for COVID-19,Assessing the Recovery Assessment Scale Across Time.
3d56os6r,f3cl2aco,-0.04828887,hpO: Berufsvereinigung für heilkundlich praktizierte Osteopathie e. V.,Phytotherapeutic options for the treatment of COVID-19: A concise viewpoint
j6dm6nx6,mxpdmrfu,-0.04828812,Outcomes for COVID-19 Patients with Asthma at a Tertiary Care Center,Digitalisierung - jetzt
0xcxvdf3,llkxapte,-0.048281066,An EUA for Casirivimab and Imdevimab for COVID-19,Digital pathology: the future is now
mxpdmrfu,fyorl3ks,-0.048266396,Digitalisierung - jetzt,Sports Students' Satisfaction with Their Foreign Language Studies during the Outbreak of Covid-19
3d56os6r,98f38vdz,-0.048263922,hpO: Berufsvereinigung für heilkundlich praktizierte Osteopathie e. V.,Practical Approach to Starting a Telemedicine Program: Lessons From the Real World.
0xcxvdf3,osx21nj1,-0.04825163,An EUA for Casirivimab and Imdevimab for COVID-19,Guidance for Large or Extended Families Living in the Same Home
z4blmcd0,s4v2b1s3,-0.04824759,COVID-19 and VIH,COVID19 - moving forward
gt9f4kp7,3d56os6r,-0.0482385,Lessons from the COVID-19 pandemic: The case for virtual residency interviews,hpO: Berufsvereinigung für heilkundlich praktizierte Osteopathie e. V.
vskiyqop,0xcxvdf3,-0.048237905,How bad will it get?,An EUA for Casirivimab and Imdevimab for COVID-19
jjdvtfy1,57y32pic,-0.04822526,Wieloukładowy zespół zapalny u dzieci a COVID-19,Advances in direct optical detection
mxpdmrfu,hn32xjdv,-0.04822049,Digitalisierung - jetzt,Maternal and Neonatal Outcomes in COVID-19 Infected Pregnancies: A Prospective Cohort Study
3d56os6r,z9a7t25n,-0.04819865,hpO: Berufsvereinigung für heilkundlich praktizierte Osteopathie e. V.,Designing Annuities with Flexibility Opportunities in an Uncertain Mortality Scenario
29zv35zb,mxpdmrfu,-0.048194103,Public health monitoring tools for multiple data streams.,Digitalisierung - jetzt
agpdokb2,mxpdmrfu,-0.048191126,Ranking Significant Discrepancies in Clinical Reports,Digitalisierung - jetzt
mxpdmrfu,wsin6p88,-0.048190016,Digitalisierung - jetzt,?hemiluminescent Activity of Blood Phagocytes in Patients with Covid-19
mxpdmrfu,iqgzt2nw,-0.04818138,Digitalisierung - jetzt,Local experience on clinical characteristics of COVID-19: Single center experience
jcchkbbs,mxpdmrfu,-0.048177052,Learning Mathematics From Home During COVID-19: Insights From Two Inquiry-Focussed Primary Schools,Digitalisierung - jetzt
zxq502ym,3d56os6r,-0.04817215,Be aware of how COVID‐19 could impact international students,hpO: Berufsvereinigung für heilkundlich praktizierte Osteopathie e. V.
mxpdmrfu,wm7olzvp,-0.048167583,Digitalisierung - jetzt,Self-reported Health Behaviors & Changes During Covid-19 In University Students
7mncu5zg,mxpdmrfu,-0.048162892,Laboratory Findings in COVID-19 Diagnosis and Prognosis,Digitalisierung - jetzt
vb7cjvub,mxpdmrfu,-0.048133157,Neighborhood Characteristics and Caregiver Depressive Symptoms in the National Study of Caregiving,Digitalisierung - jetzt
0xcxvdf3,e39t1e10,-0.04812064,An EUA for Casirivimab and Imdevimab for COVID-19,Supporting a Work-Life Balance for Radiology Resident Parents
3d56os6r,czyop6h4,-0.048120312,hpO: Berufsvereinigung für heilkundlich praktizierte Osteopathie e. V.,"Can Person-Centred, Strength Based Programmes Impact on Parents’ Engagement in Education?"
mxpdmrfu,hqs94hfa,-0.04811608,Digitalisierung - jetzt,Pesticides
rlojewjh,mxpdmrfu,-0.04811386,Experiences with Public Health Recommendations for COVID-19: A Qualitative Study of Diverse Mothers with Young Children in the United States.,Digitalisierung - jetzt
sxi53xbg,0xcxvdf3,-0.04810662,Be in Control before You Lose Control,An EUA for Casirivimab and Imdevimab for COVID-19
3d56os6r,o96ermpw,-0.048092812,hpO: Berufsvereinigung für heilkundlich praktizierte Osteopathie e. V.,Understanding COVID-19: are children the key?
47la3tjo,0xcxvdf3,-0.048089966,How to Support Residents During the COVID-19 Pandemic,An EUA for Casirivimab and Imdevimab for COVID-19
mxpdmrfu,fweof8nw,-0.04808983,Digitalisierung - jetzt,Observations on central banks in the center and the periphery: secular stagnation and external constraints
mxpdmrfu,1d1r8xq9,-0.0480826,Digitalisierung - jetzt,"Integrating the OHIF Viewer into XNAT: Achievements, Challenges and Prospects for Quantitative Imaging Studies"
zu8d2qvt,tnmk3zpf,-0.048068374,Realigning Minds and Mental Health Resilience during Covid-19,CAPNETZ fokussiert auf COVID-19
mxpdmrfu,mubp88nl,-0.048066612,Digitalisierung - jetzt,Morbid Obesity as an Independent Risk Factor for COVID‐19 Mortality in Hospitalized Patients Younger than 50
mxpdmrfu,mm6tqypg,-0.048065282,Digitalisierung - jetzt,"Estimation of Demographic Parameters of COVID-19 Patients Admitted in a Tertiary Care Hospital, Jaipur"
3d56os6r,z5bs75wm,-0.048060935,hpO: Berufsvereinigung für heilkundlich praktizierte Osteopathie e. V.,Determining Goals of Care During the COVID-19 Pandemic: A Virtual Course for Emergency Medicine Residents
dye4u333,mxpdmrfu,-0.048059937,Faith Community Nurses as Health Leaders During a Pandemic,Digitalisierung - jetzt
ls6cdor5,mxpdmrfu,-0.048059814,Patients’ appraisals about a multicomponent intervention for fibromyalgia syndrome in primary care: a focus group study,Digitalisierung - jetzt
0xcxvdf3,wlrwrisi,-0.048050202,An EUA for Casirivimab and Imdevimab for COVID-19,COVID-19: Coming to terms with the absurd
5lqw1jnw,0xcxvdf3,-0.048042137,Facilitating Sustainable Investment To Build Back Better,An EUA for Casirivimab and Imdevimab for COVID-19
3d56os6r,89mu2f8o,-0.04803948,hpO: Berufsvereinigung für heilkundlich praktizierte Osteopathie e. V.,We have to get it right: Ensuring success
0xcxvdf3,mpx4tmue,-0.048037875,An EUA for Casirivimab and Imdevimab for COVID-19,Factors Associated with COVID-19 Mitigation Behavior among US Adults
mxpdmrfu,pcgsjkfk,-0.04802452,Digitalisierung - jetzt,Prevalence of Hepatopancreatic Injury and Clinical Outcomes in Patients with COVID-19 in United States
zf1haqiw,3d56os6r,-0.048022166,COVID-19 metaphors,hpO: Berufsvereinigung für heilkundlich praktizierte Osteopathie e. V.
3020j6b7,mxpdmrfu,-0.048020583,[Impact of the Covid-19 pandemic on the health of nurses in a university hospital].,Digitalisierung - jetzt
vvrgn2jj,mxpdmrfu,-0.048018195,Transmission of COVID-19 and other infectious diseases in public washrooms: A systematic review,Digitalisierung - jetzt
3d56os6r,opt2d7yx,-0.048017524,hpO: Berufsvereinigung für heilkundlich praktizierte Osteopathie e. V.,COVID-19 and virtual learning in dentistry: Perspective on challenges and opportunities
gsonpunw,6yqkp7pc,-0.048014447,Campylobacteriose — eine zoonotische Infektionskrankheit,Lessons Learned – Outbreaks of COVID-19 in Nursing Homes
nreb22j4,0xcxvdf3,-0.048013035,"A critical mathematics perspective on reading data visualizations: reimagining through reformatting, reframing, and renarrating",An EUA for Casirivimab and Imdevimab for COVID-19
mxpdmrfu,ijtz50ut,-0.04800828,Digitalisierung - jetzt,Risk factors associated with disease progression in a cohort of patients infected with the 2019 novel coronavirus
3d56os6r,ruda60rn,-0.04800637,hpO: Berufsvereinigung für heilkundlich praktizierte Osteopathie e. V.,Validating Habitual and Goal-Directed Decision-Making Performance Online in Healthy Older Adults
3d56os6r,8yfpln99,-0.04800207,hpO: Berufsvereinigung für heilkundlich praktizierte Osteopathie e. V.,Introduction to International Students and COVID-19
ocwft85g,mxpdmrfu,-0.04798994,The macroeconomics of COVID-19: A two-sector interpretation,Digitalisierung - jetzt
8f5hxzce,j6nd02sj,-0.047982488,Acceptability of prophylactic treatment against COVID-19 by paramedics,پیشبینی رفتارهاي پیشگیرانه از کووید-19 بر اساس سازه هاي مدل اعتقاد بهداشتی (HBM): مطالعه مبتنی بر اینترنت در جمعیت استان مازندران
cudg7avh,3d56os6r,-0.04796829,"Quality and safety education for nurses: Making progress in patient safety, learning from COVID",hpO: Berufsvereinigung für heilkundlich praktizierte Osteopathie e. V.
avgbsw8t,0xcxvdf3,-0.047967605,Educating future doctors for uncertainty and complexity.,An EUA for Casirivimab and Imdevimab for COVID-19
zu4tikpu,b1zixcgy,-0.04796681,Exkursion in eine postagile Zukunft,Contents list including Graphcal Abstracts
mj491qxa,0xcxvdf3,-0.047964398,COVID-19: Planning and Postpandemic Partnerships,An EUA for Casirivimab and Imdevimab for COVID-19
mxpdmrfu,d5vmviai,-0.04796255,Digitalisierung - jetzt,COVID-19 and Heart: From Clinical Features to Pharmacological Implications
mxpdmrfu,tslsnzpo,-0.047956005,Digitalisierung - jetzt,"Developing countries, markets, and the coronavirus: two challenges"
r5myvtui,3d56os6r,-0.047955446,Harnessing Globalization: An Everlasting Challenge,hpO: Berufsvereinigung für heilkundlich praktizierte Osteopathie e. V.
gsonpunw,aj4ci6pu,-0.047943857,Campylobacteriose — eine zoonotische Infektionskrankheit,Biosafety Guidelines for COVID-19 Specimens in Biobanks.
hz5ozj90,gsonpunw,-0.047941394,Critical tourism scholars: brokers of hope,Campylobacteriose — eine zoonotische Infektionskrankheit
jjdvtfy1,19cgdc9s,-0.047938403,Wieloukładowy zespół zapalny u dzieci a COVID-19,Examining the Current State of System Testing Methodologies in Quality Assurance
cfezo32i,mxpdmrfu,-0.04793461,Highlights from Recent Cancer Literature.,Digitalisierung - jetzt
0imnvsvh,mxpdmrfu,-0.047932915,"Public health initiatives from hospitalized patients with COVID-19, China",Digitalisierung - jetzt
foqsylx0,0xcxvdf3,-0.047929447,Psychological Affects Change Working Scenario of Human During COVID-19,An EUA for Casirivimab and Imdevimab for COVID-19
mkoakort,3d56os6r,-0.04792864,Critical terms in futures studies,hpO: Berufsvereinigung für heilkundlich praktizierte Osteopathie e. V.
3d56os6r,aojw6mbi,-0.047926486,hpO: Berufsvereinigung für heilkundlich praktizierte Osteopathie e. V.,Integrating Service Learning into a Neuropsychopharmacology Course.
33y9czkg,jjdvtfy1,-0.047924154,View Birdification in the Crowd: Ground-Plane Localization from Perceived Movements,Wieloukładowy zespół zapalny u dzieci a COVID-19
0xcxvdf3,c3j6dqjg,-0.047921784,An EUA for Casirivimab and Imdevimab for COVID-19,Upcoming events
mxpdmrfu,ij621evc,-0.0479167,Digitalisierung - jetzt,Anthropause Opportunities: Experimental Perturbation of Road Traffic and the Potential Effects on Wildlife
mxpdmrfu,rtjxzre1,-0.047913805,Digitalisierung - jetzt,Hematological and Serological Parameters for Detection of Covid-19
e04ftvwn,0xcxvdf3,-0.04791293,"Early tracheostomy: on the cutting edge, some benefit more than others",An EUA for Casirivimab and Imdevimab for COVID-19
mxpdmrfu,rtjl0qbp,-0.04790459,Digitalisierung - jetzt,Time to address the spatiotemporal uncertainties in COVID-19 research: Concerns and challenges
0kyud5m6,mxpdmrfu,-0.04790436,Vaccines against COVID-19: Issues to Consider,Digitalisierung - jetzt
z4blmcd0,nd04s2mc,-0.047894165,COVID-19 and VIH,ISBER in the Time of COVID.
6x9ii84j,z4blmcd0,-0.04789005,COVID-19: unprecedented but expected.,COVID-19 and VIH
p39nhonb,0xcxvdf3,-0.047888715,Critical Issues for COVID positive psychiatric patients in low- and middle-income countries,An EUA for Casirivimab and Imdevimab for COVID-19
gsonpunw,2whbn7cj,-0.047886774,Campylobacteriose — eine zoonotische Infektionskrankheit,The clinical characteristics and course of COVID-19 in hemodialysis patients
3d56os6r,ul7ajgce,-0.047885787,hpO: Berufsvereinigung für heilkundlich praktizierte Osteopathie e. V.,One Piece to the Puzzle
cdqxgbk4,3d56os6r,-0.047879774,"Commentary: In the aftermath, what awaits us?",hpO: Berufsvereinigung für heilkundlich praktizierte Osteopathie e. V.
3d56os6r,ws7ft6xa,-0.047867004,hpO: Berufsvereinigung für heilkundlich praktizierte Osteopathie e. V.,Providing beds for children.
3d56os6r,69d22l7l,-0.047859408,hpO: Berufsvereinigung für heilkundlich praktizierte Osteopathie e. V.,#Cardioonc: Are We Reaching Across the Digital Aisle?
kncor92k,pbaaxjcx,-0.047849305,COVID-19 Pandemisinin Gölgesinde Íhracat Íklimi Endeksi: Íhracat Íçin Güvenilir Bir Gösterge Mi?,Resilience.
3d56os6r,d8t13r9b,-0.047848113,hpO: Berufsvereinigung für heilkundlich praktizierte Osteopathie e. V.,A Missed Opportunity: Advance Care Planning Documentation in Patients with COVID-19 (W205C)
jjdvtfy1,0dac26xk,-0.047845382,Wieloukładowy zespół zapalny u dzieci a COVID-19,Chapter 12 Coronaviridae
gsonpunw,n6vljy5l,-0.04783858,Campylobacteriose — eine zoonotische Infektionskrankheit,Industry Updates
3d56os6r,5wd3ujhh,-0.04782423,hpO: Berufsvereinigung für heilkundlich praktizierte Osteopathie e. V.,Parents on the front lines of COVID-19 face tough choices.
mniaeoop,jjdvtfy1,-0.04782419,I am having trouble keeping up with virtual teaching activities: Reflections in the COVID-19 era,Wieloukładowy zespół zapalny u dzieci a COVID-19
rehd13dm,3d56os6r,-0.047820285,Perspectives on team communication challenges in caring for children with medical complexity,hpO: Berufsvereinigung für heilkundlich praktizierte Osteopathie e. V.
sm4twpwm,mxpdmrfu,-0.047808412,COVID-19 Infection and Circulating Microparticles—Reviewing Evidence as Microthrombogenic Risk Factor for Cerebral Small Vessel Disease,Digitalisierung - jetzt
rytv695f,mxpdmrfu,-0.047797803,Observations on disinfectant performance,Digitalisierung - jetzt
3d56os6r,13ujqjal,-0.047796257,hpO: Berufsvereinigung für heilkundlich praktizierte Osteopathie e. V.,Learning behaviour in an extraordinary situation
mxpdmrfu,9dfue1ft,-0.047792763,Digitalisierung - jetzt,Public relations and customer service: Employer perspectives of social media proficiency
zu4tikpu,ffn1lj7r,-0.047792528,Exkursion in eine postagile Zukunft,Thanks to Reviewers.
pgs3onmy,mxpdmrfu,-0.04778777,COVID patients encountered by a general surgeon- 6 unique scenarios,Digitalisierung - jetzt
1zj0rbwv,0xcxvdf3,-0.047784165,Finding and Creating Spaces of Innovation,An EUA for Casirivimab and Imdevimab for COVID-19
mxpdmrfu,hgituc2j,-0.047773927,Digitalisierung - jetzt,Telemedicine Treatment and Care for Patients with Intellectual Disability
ahh3aix7,mxpdmrfu,-0.047772374,Attitudes of physicians towards COVID‐19 vaccines and reasons of vaccine hesitancy in Turkey,Digitalisierung - jetzt
mxpdmrfu,kgh6m1g2,-0.047767997,Digitalisierung - jetzt,Implementing the SNIS recommendations for neurointerventional emergent care in the setting of COVID-19: impact on stroke metrics and patient outcomes
0xcxvdf3,qcheze80,-0.047764726,An EUA for Casirivimab and Imdevimab for COVID-19,What's in a Story? Looking Back to Move Forward.
uf4r5hq9,mxpdmrfu,-0.047759194,The importance of physical examination in primary health care provided by NPHW is being threatened in COVID19 times,Digitalisierung - jetzt
0xcxvdf3,juuompm0,-0.04774427,An EUA for Casirivimab and Imdevimab for COVID-19,The role of homelessness community based organizations during COVID‐19
78884fmc,mxpdmrfu,-0.047733366,External validation of risk scores to predict in-hospital mortality in patients hospitalized due to coronavirus disease 2019.,Digitalisierung - jetzt
mxpdmrfu,nv013wx9,-0.047733366,Digitalisierung - jetzt,External validation of risk scores to predict in-hospital mortality in patients hospitalized due to coronavirus disease 2019
0xcxvdf3,exj3ox74,-0.047732398,An EUA for Casirivimab and Imdevimab for COVID-19,COVID-19: planning for the aftermath to manage the aftershocks.
awanrm9u,tnmk3zpf,-0.047728684,Respiratory Pathogens,CAPNETZ fokussiert auf COVID-19
wt0uykcw,nno1jdc4,-0.047719885,People and Knowledge,Multiorganinfektionen — komplexe klinisch-infektiologische Krankheiten
9m4iqecw,0xcxvdf3,-0.047707252,Caregiver wellbeing during Covid-19: does being hopeful play a role?,An EUA for Casirivimab and Imdevimab for COVID-19
ly04818r,mxpdmrfu,-0.047692694,Nephrology Workforce and Education in Conflict Zones,Digitalisierung - jetzt
0xcxvdf3,doh7mv4u,-0.04768972,An EUA for Casirivimab and Imdevimab for COVID-19,Psychological Well-Being Sustainable during Entrepreneurial Process—The Moderating Role of Entrepreneurial Creativity
k73svjhp,jjdvtfy1,-0.04768853,Round-up of GHSA Steering Group and Action Packages in 2015,Wieloukładowy zespół zapalny u dzieci a COVID-19
p01yq5t9,zu4tikpu,-0.047687564,Chiroptera (Bats),Exkursion in eine postagile Zukunft
mxpdmrfu,pkem0qp3,-0.047682986,Digitalisierung - jetzt,Therapeutic conflict in patients with COVID-19 and glaucoma
4sr4dzc8,0xcxvdf3,-0.047681883,With Great Power Comes Great Responsibility.,An EUA for Casirivimab and Imdevimab for COVID-19
0xcxvdf3,yqh8pqja,-0.047671877,An EUA for Casirivimab and Imdevimab for COVID-19,Nkengasong tipped to lead PEPFAR.
l960ka7i,0xcxvdf3,-0.04767187,Conclusion,An EUA for Casirivimab and Imdevimab for COVID-19
ncgoknh8,0xcxvdf3,-0.04767187,Conclusion,An EUA for Casirivimab and Imdevimab for COVID-19
qkilkr9b,0xcxvdf3,-0.04767187,Conclusion,An EUA for Casirivimab and Imdevimab for COVID-19
0xcxvdf3,cjm823cm,-0.047671854,An EUA for Casirivimab and Imdevimab for COVID-19,Conclusion
mxpdmrfu,xmibynr8,-0.047670912,Digitalisierung - jetzt,School Libraries and COVID-19
jhe58xuo,0xcxvdf3,-0.04766636,Accelerating Real-Time Applications with Predictable Work-Stealing,An EUA for Casirivimab and Imdevimab for COVID-19
ma4dd8ja,3cectvkf,-0.047657344,Untouched,Beroepsziekten in cijfers 2020
mxpdmrfu,j8cwz2w1,-0.04765481,Digitalisierung - jetzt,Examining Gifted Students' Evaluations of Their Education Programs in Terms of Their Project Production and Management
2w71or19,3d56os6r,-0.04765042,Future Outlook,hpO: Berufsvereinigung für heilkundlich praktizierte Osteopathie e. V.
9fjb5ghc,mxpdmrfu,-0.0476499,Injury Rates in Major League Baseball During the 2020 COVID-19 Season,Digitalisierung - jetzt
mxpdmrfu,ujijpuaa,-0.0476499,Digitalisierung - jetzt,Injury Rates in Major League Baseball During the 2020 COVID-19 Season
rnmvm6yu,0xcxvdf3,-0.047647476,Applicability of MuLBSTA scoring system as diagnostic and prognostic role in early warning of severe COVID-19,An EUA for Casirivimab and Imdevimab for COVID-19
gsonpunw,a2eili85,-0.047643732,Campylobacteriose — eine zoonotische Infektionskrankheit,Investor Attention in Cryptocurrency Markets
jtj12571,mxpdmrfu,-0.047635682,"Trends in Injuries, Illnesses, and Policies in Canadian Healthcare Workplaces",Digitalisierung - jetzt
mxpdmrfu,31d51d9o,-0.04762847,Digitalisierung - jetzt,Tracing of COVID-19 patients by telemedicine with telemonitoring
3d56os6r,9i0rzu09,-0.04762775,hpO: Berufsvereinigung für heilkundlich praktizierte Osteopathie e. V.,Counting Risk Increments to Make Decisions During an Epidemic
gsonpunw,5nced1g2,-0.0476204,Campylobacteriose — eine zoonotische Infektionskrankheit,Genetics hits the headlines
9qfbb16o,mxpdmrfu,-0.04761111,Telehealth Training Is Essential to Care for Underserved Populations: a Medical Student Perspective,Digitalisierung - jetzt
nno1jdc4,zv4sn7c0,-0.047608666,Multiorganinfektionen — komplexe klinisch-infektiologische Krankheiten,Noted
mxpdmrfu,wukkbpbc,-0.04760836,Digitalisierung - jetzt,Coronavirus and COVID-19 disease in aquatic animals’ aspects
mxpdmrfu,ug2qcino,-0.04760198,Digitalisierung - jetzt,"Presentation, Management and Outcomes of COVID-19 Patients with Sickle Cell Disease"
gsonpunw,y9qihjl9,-0.04759213,Campylobacteriose — eine zoonotische Infektionskrankheit,"Arrhythmic Complications of Patients Hospitalized With COVID-19: Incidence, Risk Factors, and Outcomes"
3ajdbhur,jjdvtfy1,-0.047588862,Forging the International Movement for Achieving Justice for All (preprint),Wieloukładowy zespół zapalny u dzieci a COVID-19
z76wnv1s,mxpdmrfu,-0.04758457,Health disparities: Intracellular consequences of social determinants of health.,Digitalisierung - jetzt
mxpdmrfu,jf20vggu,-0.047573704,Digitalisierung - jetzt,"Characteristics, therapeutic modalities and outcomes of COVID-19 ventilated patients in a tertiary care hospital in counter-insurgency zone: Our experience"
mxpdmrfu,qz7t8xfp,-0.047568556,Digitalisierung - jetzt,"The Interplay of COVID 19, Remote Contact, and Race as Risk Factors for Depression"
3d56os6r,mgoyfzr4,-0.047566064,hpO: Berufsvereinigung für heilkundlich praktizierte Osteopathie e. V.,Telemedicine in Neurosurgery: Lessons Learned from a Systematic Review of the Literature for the COVID-19 Era and Beyond
vcwhek6g,mxpdmrfu,-0.04756136,"Deaths in critical care and hospice-prevalence, trends, influences: a national decedent cohort study.",Digitalisierung - jetzt
zolz5rj8,mxpdmrfu,-0.047554195,Health insurance coverage and sources of advice in entrepreneurship: Gender differences,Digitalisierung - jetzt
l663dlrg,mxpdmrfu,-0.047550246,Frontline health-care workers in combating the covid-19: Respect and reflect,Digitalisierung - jetzt
xuvcrvo2,mxpdmrfu,-0.04753939,The Various Faces of Hyperthyroidism,Digitalisierung - jetzt
mxpdmrfu,29fpm9wx,-0.047537077,Digitalisierung - jetzt,Subclinical hypoxemia in COVID-19 patients: Physiological rationale and management in neurotrauma patients
6hnzbfms,j6nd02sj,-0.047536615,COVID-19: The Vital Sign,پیشبینی رفتارهاي پیشگیرانه از کووید-19 بر اساس سازه هاي مدل اعتقاد بهداشتی (HBM): مطالعه مبتنی بر اینترنت در جمعیت استان مازندران
0zkc5w74,0xcxvdf3,-0.04753477,Multiple parameters required for diagnosis of COVID-19 in clinical practice,An EUA for Casirivimab and Imdevimab for COVID-19
28ttfdbv,3d56os6r,-0.047521126,"Review colleagues’ insights, guidance for managing impact of COVID‐19 crisis",hpO: Berufsvereinigung für heilkundlich praktizierte Osteopathie e. V.
gsonpunw,xj1ly4km,-0.047519863,Campylobacteriose — eine zoonotische Infektionskrankheit,Staff wellbeing in times of COVID-19
mxpdmrfu,d9hxar6e,-0.047515154,Digitalisierung - jetzt,Association of Social and Behavioral Risk Factors With Mortality Among US Veterans With COVID-19
mxpdmrfu,p9xhd52i,-0.047510974,Digitalisierung - jetzt,Telehealth Benefits and Barriers
mxpdmrfu,09h0bwik,-0.04750925,Digitalisierung - jetzt,Telehealth and telecommunication in nursing homes during COVID-19 antiepidemic measures in the Netherlands
xu10xcnj,jjdvtfy1,-0.047498457,Turn it up to 11,Wieloukładowy zespół zapalny u dzieci a COVID-19
mxpdmrfu,ab2b4ba9,-0.047480457,Digitalisierung - jetzt,The risk of future waves of COVID-19: Modeling and data analysis
wpno20bo,mxpdmrfu,-0.04748045,Immigrants and Immunizations,Digitalisierung - jetzt
7jxbex32,0xcxvdf3,-0.047457848,Making Interviews Meaningful,An EUA for Casirivimab and Imdevimab for COVID-19
mxpdmrfu,mf2y8lxw,-0.047407005,Digitalisierung - jetzt,SNMMI COVID-19 Task Force Surveys.
nno1jdc4,h1sspo06,-0.047401406,Multiorganinfektionen — komplexe klinisch-infektiologische Krankheiten,[Two years of Covid].
nno1jdc4,00wp938z,-0.047401406,Multiorganinfektionen — komplexe klinisch-infektiologische Krankheiten,COVID‐19 — Two years in
mkuf81k1,3d56os6r,-0.04739812,Consent for covid-19 vaccination in children,hpO: Berufsvereinigung für heilkundlich praktizierte Osteopathie e. V.
wg1wjr1s,tnmk3zpf,-0.047395512,Clinical features of 17 patients with 2019-nCoV.,CAPNETZ fokussiert auf COVID-19
0b33wufm,tnmk3zpf,-0.04738837,Clinical and immunological factors that distinguish COVID-19 from pandemic influenza A(H1N1),CAPNETZ fokussiert auf COVID-19
0xcxvdf3,rwhwo55z,-0.047384005,An EUA for Casirivimab and Imdevimab for COVID-19,Integrated control of COVID-19 in resource poor countries
mxpdmrfu,ylel5k4h,-0.047380585,Digitalisierung - jetzt,Microbiological monitoring of laboratory pigs.
mxpdmrfu,yk1we4ox,-0.047374517,Digitalisierung - jetzt,"Exosomes: Isolation, Characterization and Biomedical Applications."
l7zs4f5f,0xcxvdf3,-0.047371622,Drawing Symbolism and Leadership,An EUA for Casirivimab and Imdevimab for COVID-19
zu4tikpu,6eh2l6ce,-0.0473673,Exkursion in eine postagile Zukunft,Primary healthcare clinicians
plboeyr9,0xcxvdf3,-0.04735535,An Interpretable Model-Based Prediction of Severity and Crucial Factors in Patients with COVID-19,An EUA for Casirivimab and Imdevimab for COVID-19
mxpdmrfu,nsp4n2o3,-0.047348622,Digitalisierung - jetzt,Risk perceptions and politics: Evidence from the COVID-19 pandemic
7qm4q44q,jjdvtfy1,-0.04733834,Snap4City Platform to Speed Up Policies,Wieloukładowy zespół zapalny u dzieci a COVID-19
3d56os6r,mem3ta1r,-0.04733224,hpO: Berufsvereinigung für heilkundlich praktizierte Osteopathie e. V.,Supporting the pursuit of professionalism during a crisis
mxpdmrfu,6d1r3i8q,-0.04732584,Digitalisierung - jetzt,Calendar of international meetings
nrbiwrkp,3d56os6r,-0.047322597,Natural disaster and rationing of care,hpO: Berufsvereinigung für heilkundlich praktizierte Osteopathie e. V.
fxa41mq3,3d56os6r,-0.04731668,The authors respond.,hpO: Berufsvereinigung für heilkundlich praktizierte Osteopathie e. V.
avmiaa3r,3d56os6r,-0.04730782,Counting the costs of COVID-19: why future treatment option values matter,hpO: Berufsvereinigung für heilkundlich praktizierte Osteopathie e. V.
3d56os6r,ll5mkslb,-0.04730782,hpO: Berufsvereinigung für heilkundlich praktizierte Osteopathie e. V.,Counting the costs of COVID-19: why future treatment option values matter
3d56os6r,8hycs1ki,-0.047296494,hpO: Berufsvereinigung für heilkundlich praktizierte Osteopathie e. V.,Unfair dismissal?
mxpdmrfu,3z5d6ri8,-0.047288246,Digitalisierung - jetzt,"Risk factors for bronchiolitis and asthma, and COVID-19 symptoms in young children"
3d56os6r,rgoaqaue,-0.04728496,hpO: Berufsvereinigung für heilkundlich praktizierte Osteopathie e. V.,Vaccinating Children against Covid-19 - The Lessons of Measles.
3d56os6r,8vodfmda,-0.04728496,hpO: Berufsvereinigung für heilkundlich praktizierte Osteopathie e. V.,Vaccinating Children against Covid-19 - The Lessons of Measles
mxpdmrfu,yc76zrep,-0.04728303,Digitalisierung - jetzt,Foreign partner choice in the public interest: Experience and risk in infrastructure public–private partnerships
29gzohn1,mxpdmrfu,-0.047282938,Attitude towards Telemonitoring in Orthodontists and Orthodontic Patients,Digitalisierung - jetzt
d79k5ei9,mxpdmrfu,-0.047271833,Racial and Ethnic Differences and Clinical Outcomes of COVID-19 Patients Presenting to the Emergency Department,Digitalisierung - jetzt
3d56os6r,tv6zty9t,-0.047266174,hpO: Berufsvereinigung für heilkundlich praktizierte Osteopathie e. V.,COVID-19 and strategic communication with parents and guardians of college students
7phpvumr,0xcxvdf3,-0.047266163,SHARING Choices: A Pilot Study to Engage Family in Advance Care Planning of Older Adults With and Without Cognitive Impairment in the Primary Care Context.,An EUA for Casirivimab and Imdevimab for COVID-19
mxpdmrfu,zv4sn7c0,-0.04725078,Digitalisierung - jetzt,Noted
mxpdmrfu,kuur2wy1,-0.047250606,Digitalisierung - jetzt,Chapter 9 Business Continuity
mxpdmrfu,e4v8ppwb,-0.04724921,Digitalisierung - jetzt,Influence of Three Extraction Methods on the Physicochemical Properties of Kefirans Isolated from Three Types of Animal Milk
mxpdmrfu,7xauocti,-0.047246203,Digitalisierung - jetzt,A pilot study on primary cultures of human respiratory tract epithelial cells to predict patients’ responses to H7N9 infection
jeig33d8,0xcxvdf3,-0.04724397,COVID-19 Illustrates Need to Close the Digital Divide,An EUA for Casirivimab and Imdevimab for COVID-19
a0p733gm,0xcxvdf3,-0.04724214,Primary care doctors and the control of COVID-19,An EUA for Casirivimab and Imdevimab for COVID-19
mxpdmrfu,zwfqm8qu,-0.047236312,Digitalisierung - jetzt,COVID-19 and cardiovascular diseases: the facts
r4avr2hl,0xcxvdf3,-0.047228493,Current Status of Epitranscriptomic Marks Affecting lncRNA Structures and Functions,An EUA for Casirivimab and Imdevimab for COVID-19
3d56os6r,zekw75e5,-0.047222912,hpO: Berufsvereinigung für heilkundlich praktizierte Osteopathie e. V.,Pedagogical transformation and teacher learning for knowledge building: Turning COVID-19 challenges into opportunities
0e0stvsd,y3hpzj0u,-0.047222853,BvDU Kurz notiert,"Acknowledgment of Referees, 2020"
6gxlv2ci,y3hpzj0u,-0.047222853,BvDU Kurz notiert,"Acknowledgment of Referees, 2020"
3d56os6r,jpkmum4d,-0.047219705,hpO: Berufsvereinigung für heilkundlich praktizierte Osteopathie e. V.,Advertising and COVID-19
0xcxvdf3,h2v0731y,-0.047197793,An EUA for Casirivimab and Imdevimab for COVID-19,COVID-19-Associated dyslipidemia: Implications for mechanism of impaired resolution and novel therapeutic approaches
mxpdmrfu,s805pqh0,-0.047197696,Digitalisierung - jetzt,Breastfeeding: A Key Investment in Human Capital.
mxpdmrfu,32ohfs3a,-0.04719445,Digitalisierung - jetzt,Psychological effect of COVID-19 on medical health-care workers
3d56os6r,taylx8ax,-0.047190133,hpO: Berufsvereinigung für heilkundlich praktizierte Osteopathie e. V.,ESICM LIVES 2020
0xcxvdf3,4hcxyd24,-0.04718768,An EUA for Casirivimab and Imdevimab for COVID-19,Learning as an Important Privilege: A Life Span Perspective with Implications for Successful Aging
c33pztvr,mxpdmrfu,-0.04718133,Susceptibility of selected domestic animals to COVID-19,Digitalisierung - jetzt
0xcxvdf3,waqwn7dm,-0.047179133,An EUA for Casirivimab and Imdevimab for COVID-19,The Special Issue in the Special Time
aaj9e3v9,zv4sn7c0,-0.047177054,9 vragen over vaccineren,Noted
6ejmt2kq,0xcxvdf3,-0.04717675,Clinician views on best practice community care for people with complex emotional needs and how it can be achieved: a qualitative study,An EUA for Casirivimab and Imdevimab for COVID-19
ouxdz17c,0xcxvdf3,-0.047176737,Clinician views on best practice community care for people with complex emotional needs and how it can be achieved: a qualitative study,An EUA for Casirivimab and Imdevimab for COVID-19
4fbalrsl,0xcxvdf3,-0.047175035,Behavioral Strategy and the COVID-19 Disruption,An EUA for Casirivimab and Imdevimab for COVID-19
cn3e9vwr,zu4tikpu,-0.047163513,Cardiovascular Comorbidities and Covid-19 in Women,Exkursion in eine postagile Zukunft
72a2ptc7,0xcxvdf3,-0.047163274,How QBF Expansion Makes Strategy Extraction Hard,An EUA for Casirivimab and Imdevimab for COVID-19
d7oqb80u,j6nd02sj,-0.047161542,Medical Education in the Age of COVID-19.,پیشبینی رفتارهاي پیشگیرانه از کووید-19 بر اساس سازه هاي مدل اعتقاد بهداشتی (HBM): مطالعه مبتنی بر اینترنت در جمعیت استان مازندران
zdiwgo9i,0xcxvdf3,-0.047158357,The Next 100 Years.,An EUA for Casirivimab and Imdevimab for COVID-19
97d4w58c,0xcxvdf3,-0.047153946,4. Events Getting Ahead of Themselves: Rethinking the Temporality of Expectations,An EUA for Casirivimab and Imdevimab for COVID-19
pn098k88,j6nd02sj,-0.047149535,Bioterrorism,پیشبینی رفتارهاي پیشگیرانه از کووید-19 بر اساس سازه هاي مدل اعتقاد بهداشتی (HBM): مطالعه مبتنی بر اینترنت در جمعیت استان مازندران
j6nd02sj,w9h24b8z,-0.047149535,پیشبینی رفتارهاي پیشگیرانه از کووید-19 بر اساس سازه هاي مدل اعتقاد بهداشتی (HBM): مطالعه مبتنی بر اینترنت در جمعیت استان مازندران,Bioterrorism
jrnkt74x,gsonpunw,-0.047145363,Applications of Teaching Secondary Mathematics in Undergraduate Mathematics Courses,Campylobacteriose — eine zoonotische Infektionskrankheit
sdoncw99,mxpdmrfu,-0.04714325,Have infection control and prevention measures resulted in any adverse outcomes for care home and domiciliary care residents and staff?,Digitalisierung - jetzt
0w3rroir,0xcxvdf3,-0.047136202,A first step toward understanding patient safety,An EUA for Casirivimab and Imdevimab for COVID-19
ti02ffbo,mxpdmrfu,-0.047136195,COVID-19 - Disinfecting surfaces,Digitalisierung - jetzt
mxpdmrfu,szk6yaf8,-0.047129862,Digitalisierung - jetzt,Ventilation of COVID-19 patients in intensive care units
0xcxvdf3,w9oritz2,-0.047127135,An EUA for Casirivimab and Imdevimab for COVID-19,A Development Challenge: Embracing Technology in Leadership Development
3x5ya4k0,0xcxvdf3,-0.04712174,Current Capabilities of First Responders in Different Countries,An EUA for Casirivimab and Imdevimab for COVID-19
gdmivos1,0xcxvdf3,-0.047117624,Comprehensive Knowledge of Reservoir Hosts is Key to Mitigating Future Pandemics,An EUA for Casirivimab and Imdevimab for COVID-19
5iqu5iiz,gsonpunw,-0.047111835,Secondary bacterial infections in patients with covid-19,Campylobacteriose — eine zoonotische Infektionskrankheit
0xcxvdf3,m6euxwqo,-0.0470687,An EUA for Casirivimab and Imdevimab for COVID-19,Altered Mental Status: An Important but Overlooked Presenting Symptom of COVID-19 in Older Adults
fd9cgf3r,0xcxvdf3,-0.04706604,"Fit is It in COVID-19, Future Pandemics, and Overall Healthy Living",An EUA for Casirivimab and Imdevimab for COVID-19
4try1qq0,mxpdmrfu,-0.047055457,Guiding dental students through COVID-19,Digitalisierung - jetzt
mxpdmrfu,o7xp3k6c,-0.047052074,Digitalisierung - jetzt,Nurse staffing practices and adverse events in acute care hospitals: The research protocol of a multisite patient‐level longitudinal study
0xcxvdf3,8hycs1ki,-0.0470499,An EUA for Casirivimab and Imdevimab for COVID-19,Unfair dismissal?
d6rqeswv,0xcxvdf3,-0.04704364,Turning a Crisis Into an Opportunity.,An EUA for Casirivimab and Imdevimab for COVID-19
gsonpunw,6m2l5jif,-0.047039855,Campylobacteriose — eine zoonotische Infektionskrankheit,The Consequences of COVID-19 and Other Disasters for Wildlife and Biodiversity
8doph45w,3d56os6r,-0.04703692,COVID-19 is here to stay: How to teach protection,hpO: Berufsvereinigung für heilkundlich praktizierte Osteopathie e. V.
lmkwie5p,0xcxvdf3,-0.047036517,Integrated working.,An EUA for Casirivimab and Imdevimab for COVID-19
mxpdmrfu,2m722hdv,-0.047035817,Digitalisierung - jetzt,Malnutrition in patients with COVID-19: assessment and consequences.
bqdti60z,0xcxvdf3,-0.047034297,Increasing Student Access: Pivots and Lessons Learned during COVID-19,An EUA for Casirivimab and Imdevimab for COVID-19
0xcxvdf3,bvdyhq6v,-0.047020573,An EUA for Casirivimab and Imdevimab for COVID-19,Echocardiography in the Time of COVID-19
ft15w83r,hcjpj03p,-0.047013637,"COVID-19: Knowns, Unknowns, and Questions",Leitlinien zu COVID-19
ft15w83r,ioveubcb,-0.047013637,"COVID-19: Knowns, Unknowns, and Questions",Darmkrebsvorsorge zu COVID‑19‑Zeiten
ft15w83r,9sk9n0f9,-0.047013637,"COVID-19: Knowns, Unknowns, and Questions","Anmerkung zu BVerfG, Beschl. v. 16.12.2021 – 1 BvR 1541/20"
mxpdmrfu,s6f5k25w,-0.04700783,Digitalisierung - jetzt,Platelets profile changes in patients with COVID 19
178r1i9b,aaj9e3v9,-0.04699468,Covid-19: the unimpressive West,9 vragen over vaccineren
mxpdmrfu,cj4af2e6,-0.046990164,Digitalisierung - jetzt,Teaming with NAADP.
5nt3prpg,mxpdmrfu,-0.046989307,Pharmaceutical care to hospital outpatients during the COVID-19 pandemic. Telepharmacy.,Digitalisierung - jetzt
mxpdmrfu,h29c88jk,-0.046986226,Digitalisierung - jetzt,COVID-19: Observations on standard treatment algorithms
8mwcswmm,0xcxvdf3,-0.046980828,A blueprint for leadership during COVID-19,An EUA for Casirivimab and Imdevimab for COVID-19
0xcxvdf3,navxc6uo,-0.046980828,An EUA for Casirivimab and Imdevimab for COVID-19,A blueprint for leadership during COVID-19.
mxpdmrfu,xsem58kn,-0.046979163,Digitalisierung - jetzt,Logistics as a Competitive Advantage in Retail Organizations
fz1o5ao6,mxpdmrfu,-0.046977244,"Biodiversity loss, emerging pathogens and human health risks",Digitalisierung - jetzt
mxpdmrfu,wjb8g0qq,-0.046977244,Digitalisierung - jetzt,"Biodiversity loss, emerging pathogens and human health risks"
fk3j6a4c,0xcxvdf3,-0.046976637,Special Issue “COVID-19: Diagnostic Imaging and Beyond”,An EUA for Casirivimab and Imdevimab for COVID-19
mxpdmrfu,ydzp9c7u,-0.046976626,Digitalisierung - jetzt,Summary of Business Conducted at the Annual Meeting of the Herpetologists' League
mxpdmrfu,n0xo3e53,-0.046972267,Digitalisierung - jetzt,Multiple myeloma in 16 cats: a retrospective study
1xjao43w,0e0stvsd,-0.04696991,Other,BvDU Kurz notiert
1xjao43w,6gxlv2ci,-0.04696991,Other,BvDU Kurz notiert
3d56os6r,198n277j,-0.04696102,hpO: Berufsvereinigung für heilkundlich praktizierte Osteopathie e. V.,"Teaching, Learning and Evaluation in the Context of the Pandemic: Perceptions of Professors of Future Teachers"
jjdvtfy1,qhwp6qya,-0.046959855,Wieloukładowy zespół zapalny u dzieci a COVID-19,"Individualized mechanical ventilation in a shared ventilator setting: limits, safety and technical details"
vgwvih4b,mxpdmrfu,-0.04695659,Outcome of COVID‐19 in multiple myeloma patients in relation to treatment,Digitalisierung - jetzt
cure54aq,3d56os6r,-0.04695188,Opportunity in an uncertain future: reconceptualising accounting education for the post-COVID-19 world,hpO: Berufsvereinigung für heilkundlich praktizierte Osteopathie e. V.
6spnk4sj,95u2vws4,-0.04694998,Acknowledgment to reviewers—2020,Wir haben eine Impfung!
gfy7bzfi,mxpdmrfu,-0.046948608,News from academia: Biotechnoloy Journal 3/2007,Digitalisierung - jetzt
mxpdmrfu,9g17x3q6,-0.04693931,Digitalisierung - jetzt,Development and Validation of a Clinical Risk Score to Predict the Occurrence of Critical Illness in Hospitalized Patients With COVID-19
mxpdmrfu,dqhwz43f,-0.046937402,Digitalisierung - jetzt,Primary care: challenges faced during COVID-19
e69c9wyw,y3hpzj0u,-0.046930045,Nutzen von Erfahrungswissen in Krisen. Zur These einer vermehrten Bezugnahme auf Geschichte in Krisenzeiten,"Acknowledgment of Referees, 2020"
mxpdmrfu,wjrmxuc0,-0.04692727,Digitalisierung - jetzt,The state of health communication research: A content analysis of articles published in Journal of Health Communication and Health Communication (2010-2019).
mxpdmrfu,4vu4crm8,-0.046903618,Digitalisierung - jetzt,DEVELOPMENT OF PUBLIC HEALTH IN THE PROFESSIONAL TRAINING OF FUTURE TEACHERS.
hiun9foa,gsonpunw,-0.04690312,Abstracts of the world congresses,Campylobacteriose — eine zoonotische Infektionskrankheit
usr7b6dk,mxpdmrfu,-0.04689766,Relation of Dietary Factors with Infection and Mortality Rates of COVID-19 Across the World,Digitalisierung - jetzt
mxpdmrfu,ibwthy6s,-0.046895552,Digitalisierung - jetzt,Did the events following the COVID-19 outbreak influence the incidents of violence against hospital staff?
mxpdmrfu,6hlugtvu,-0.046884436,Digitalisierung - jetzt,A Consequential Eight Years for Health Care and Public Health.
zqt6f6m5,hcjpj03p,-0.046853498,COVID and Climate: Similarities and differences,Leitlinien zu COVID-19
zqt6f6m5,9sk9n0f9,-0.046853498,COVID and Climate: Similarities and differences,"Anmerkung zu BVerfG, Beschl. v. 16.12.2021 – 1 BvR 1541/20"
zqt6f6m5,ioveubcb,-0.046853498,COVID and Climate: Similarities and differences,Darmkrebsvorsorge zu COVID‑19‑Zeiten
mxpdmrfu,0gzhjgfa,-0.04685342,Digitalisierung - jetzt,Comparative Assessment of Mortality Risk Factors Between Admission and Follow-up Models Among Patients Hospitalized with COVID-19
zi8mpy7h,tspegq76,-0.04684909,Human Bocavirus,Koalition bringt E-Patientenakte Richtung Versorgung
cqglo0s7,bdds4kaj,-0.046842653,Allergologie in Zeiten von Covid-19,"Breastfeeding and COVID-19, 20 May 2020"
bdds4kaj,95595ar7,-0.046842653,"Breastfeeding and COVID-19, 20 May 2020",Intensivbehandlung von Schwerverletzten
bdds4kaj,3quzlcrp,-0.046842653,"Breastfeeding and COVID-19, 20 May 2020",DNGK — Forschung in Zeiten von COVID-19
pcnh3nzh,0xcxvdf3,-0.046841767,A teacher wants to help students manage disappointment better,An EUA for Casirivimab and Imdevimab for COVID-19
lbtf8ssh,tnmk3zpf,-0.04683411,Clinical Omissions in COVID-19,CAPNETZ fokussiert auf COVID-19
gsonpunw,06k2bs4s,-0.046827227,Campylobacteriose — eine zoonotische Infektionskrankheit,Targets of anticytokine therapy and the risk of infections in humans and mice.
mxpdmrfu,atl035bp,-0.046826348,Digitalisierung - jetzt,National Study of Youth Opinions on Vaccination for COVID-19 in the U.S
azf0wxgz,mxpdmrfu,-0.046822906,Clinical Insights for Gastroenterology and Hepatology Providers during the COVID-19 Pandemic.,Digitalisierung - jetzt
dwdcns4r,0xcxvdf3,-0.046815164,Rethinking community hubs: community facilities as critical infrastructure,An EUA for Casirivimab and Imdevimab for COVID-19
mxpdmrfu,u3dgmt8a,-0.04681506,Digitalisierung - jetzt,Mucormycosis in COVID-19 pandemic: Risk factors and linkages
0xcxvdf3,7hh7s5x4,-0.0468067,An EUA for Casirivimab and Imdevimab for COVID-19,COVID-19 affects healthy pediatricians more than pediatric patients
3wcmn9jd,0xcxvdf3,-0.046805184,"First Nations peoples leading the way in COVID-19 pandemic planning, response and management",An EUA for Casirivimab and Imdevimab for COVID-19
mxpdmrfu,ow4vtjgh,-0.04679575,Digitalisierung - jetzt,COVID-19 and lending responses of European banks
ft6shgk7,0xcxvdf3,-0.04679521,Game-Based Learning: A Push for Introducing a C(Classroom)-MORPG,An EUA for Casirivimab and Imdevimab for COVID-19
uwrcpu17,mxpdmrfu,-0.046791397,Lessons from COVID-19 in Clinical Neurology,Digitalisierung - jetzt
3d56os6r,hf4nqvme,-0.04678735,hpO: Berufsvereinigung für heilkundlich praktizierte Osteopathie e. V.,COVID-19’s Uncomfortable Revelations About Agile and Sustainable Organizations in a VUCA World
qhi41vfb,jjdvtfy1,-0.0467859,Data Safety Monitoring during Covid‐19: Keep On Keeping On,Wieloukładowy zespół zapalny u dzieci a COVID-19
jjdvtfy1,0j5xuktt,-0.0467859,Wieloukładowy zespół zapalny u dzieci a COVID-19,Data Safety Monitoring during Covid-19: Keep On Keeping On
wu2xmcj2,tnmk3zpf,-0.046774376,Sharpening of medical undergraduates' minds under COVID-19 crisis,CAPNETZ fokussiert auf COVID-19
huivfjt2,tnmk3zpf,-0.046774376,Sharpening of medical undergraduates’ minds under COVID-19 crisis,CAPNETZ fokussiert auf COVID-19
mxpdmrfu,pn1s64pr,-0.046774007,Digitalisierung - jetzt,Factors Affecting Preventive Health Behaviors against COVID-19 in Nursing Students: A Cross-Sectional Study
3d56os6r,do2zvesc,-0.046763647,hpO: Berufsvereinigung für heilkundlich praktizierte Osteopathie e. V.,COVID‐19 vaccines: the importance of transparency and fact‐based education
mxpdmrfu,4avb0qgm,-0.046762716,Digitalisierung - jetzt,Caring for healthcare providers in COVID-19
kyyeh4xu,mxpdmrfu,-0.046748552,Organoid culture systems to study host–pathogen interactions,Digitalisierung - jetzt
mxpdmrfu,hd4f0ii4,-0.046748087,Digitalisierung - jetzt,Misleading Public Statements about COVID-19
jjdvtfy1,lx4rb7vz,-0.04674001,Wieloukładowy zespół zapalny u dzieci a COVID-19,"Coronaviruses: Facts, Myths, and Hypotheses"
0xcxvdf3,mctgonmc,-0.04673686,An EUA for Casirivimab and Imdevimab for COVID-19,The vital role of meaningful community engagement in responding to the COVID-19 pandemic
0xcxvdf3,8xu53usj,-0.04673686,An EUA for Casirivimab and Imdevimab for COVID-19,The vital role of meaningful community engagement in responding to the COVID-19 pandemic.
3u1m1kb3,mxpdmrfu,-0.04672935,A Meta-Analysis of 67 Studies with Presenting Symptoms and Laboratory Tests of COVID-19 Patients,Digitalisierung - jetzt
mxpdmrfu,1h4edx8q,-0.046724923,Digitalisierung - jetzt,Variable Clinical Manifestations of COVID-19: Viral and Human Genomes Talk
dbj9p1h2,0xcxvdf3,-0.04672028,How accurate is pulse pressure variation as a predictor of fluid responsiveness?,An EUA for Casirivimab and Imdevimab for COVID-19
mxpdmrfu,nweb74qx,-0.04671428,Digitalisierung - jetzt,Public and private healthcare sectors during COVID-19: the main challenges in Lithuania
5nu4mbax,mxpdmrfu,-0.046703152,Health Insurance Status and Risk Factors for Poor Outcomes With COVID-19 Among U.S. Health Care Workers: A Cross-Sectional Study,Digitalisierung - jetzt
3d56os6r,6jflw4hc,-0.0467023,hpO: Berufsvereinigung für heilkundlich praktizierte Osteopathie e. V.,Correspondence
1cegi4db,mxpdmrfu,-0.046696752,Remdesivir and mortality reduction in COVID-19 patients: a systematized subgroup analysis of clinical trials,Digitalisierung - jetzt
mxpdmrfu,exppbskl,-0.046696752,Digitalisierung - jetzt,Remdesivir and mortality reduction in COVID-19 patients: a systematized subgroup analysis of clinical trials.
r5bpuone,0xcxvdf3,-0.046685718,The Multiple Effects of SGLT2 Inhibitors Suggest Potential Benefit in COVID-19 Patients,An EUA for Casirivimab and Imdevimab for COVID-19
3d56os6r,crn4teti,-0.04667211,hpO: Berufsvereinigung für heilkundlich praktizierte Osteopathie e. V.,Maintaining Student Engagement during an Abrupt Instructional Transition: Lessons Learned from COVID-19
mxpdmrfu,iqk8ika7,-0.0466597,Digitalisierung - jetzt,[AMIODARONE-INDUCED THYROTOXICOSIS - RISK FACTORS AND PREDICTORS OF OUTCOME: A RETROSPECTIVE STUDY].
3d56os6r,8xdh7850,-0.046658553,hpO: Berufsvereinigung für heilkundlich praktizierte Osteopathie e. V.,"Purpose, Vision, and Goals for Political Psychology 2020–25"
3d56os6r,sfj7f2vw,-0.046651505,hpO: Berufsvereinigung für heilkundlich praktizierte Osteopathie e. V.,Life Design for Youth as a Creativity-Based Intervention for Transforming a Challenging World
mxpdmrfu,8a1nmicc,-0.04664144,Digitalisierung - jetzt,"Mental Health Community and Health System Issues in COVID-19: Lessons from Academic, Community, Provider and Policy Stakeholders"
mxpdmrfu,2rptvgf5,-0.046640135,Digitalisierung - jetzt,Still to Be Explored: Involvement of Other Districts/Organs in Covid-19 Patients
b9ejn4xt,3d56os6r,-0.046638872,Advance Care Planning Among Healthcare Professionals During COVID-19,hpO: Berufsvereinigung für heilkundlich praktizierte Osteopathie e. V.
mxpdmrfu,kxdcrchq,-0.0466346,Digitalisierung - jetzt,"Remdesivir, on the road to DisCoVeRy"
fti4vtdb,0xcxvdf3,-0.04663259,Current and Future Implications of COVID‐19 on Gastroenterology Training and Clinical Practice,An EUA for Casirivimab and Imdevimab for COVID-19
fpkpsam8,0xcxvdf3,-0.04663259,Current and Future Implications of COVID-19 on Gastroenterology Training and Clinical Practice,An EUA for Casirivimab and Imdevimab for COVID-19
z01d8gpf,0xcxvdf3,-0.04662342,Determining the Impact of COVID-19 on End-of-Life Experiences of Family Caregivers for People Living With Dementia,An EUA for Casirivimab and Imdevimab for COVID-19
gs4bxfzt,mxpdmrfu,-0.046600495,Data Smells in Public Datasets,Digitalisierung - jetzt
mln07ka4,j6nd02sj,-0.04659651,COVID-19 mortality risk for older men and women,پیشبینی رفتارهاي پیشگیرانه از کووید-19 بر اساس سازه هاي مدل اعتقاد بهداشتی (HBM): مطالعه مبتنی بر اینترنت در جمعیت استان مازندران
j6nd02sj,ysy9igew,-0.046585083,پیشبینی رفتارهاي پیشگیرانه از کووید-19 بر اساس سازه هاي مدل اعتقاد بهداشتی (HBM): مطالعه مبتنی بر اینترنت در جمعیت استان مازندران,Screening for Chlamydia and Gonorrhea.
3d56os6r,ona1m29j,-0.04658487,hpO: Berufsvereinigung für heilkundlich praktizierte Osteopathie e. V.,Impact of age on outcome of COVID-19 patients at a tertiary care hospital
3d56os6r,1daj3zv9,-0.04658487,hpO: Berufsvereinigung für heilkundlich praktizierte Osteopathie e. V.,Impact of Age on Outcome of Covid-19 Patients at a Tertiary Care Hospital
3bd5qtxd,mxpdmrfu,-0.04658264,Clinical risk in remote consultations in general practice: findings from in-Covid-19 pandemic qualitative research,Digitalisierung - jetzt
3d56os6r,v50n33tf,-0.04658021,hpO: Berufsvereinigung für heilkundlich praktizierte Osteopathie e. V.,Primary Care and Telehealth Spending Differed Across Primary Care Specialties During COVID-19 Stay-at-Home Order
i85528l3,tnmk3zpf,-0.046567425,Clinical course and risk factors for mortality from COVID-19 in patients with haematological malignancies.,CAPNETZ fokussiert auf COVID-19
0xcxvdf3,x1gwd1rq,-0.04653307,An EUA for Casirivimab and Imdevimab for COVID-19,Optimizing Supportive Care in COVID-19 Patients: A Multidisciplinary Approach
3d56os6r,rd70f6te,-0.046532318,hpO: Berufsvereinigung für heilkundlich praktizierte Osteopathie e. V.,Stay Home or Not? Modeling Individuals' Decisions During the COVID-19 Pandemic
44emw2do,zl5d2bbf,-0.046527553,Thoughts about COVID-19,Boletim epidemiológico COVID-19
dtu7711x,mxpdmrfu,-0.04652617,Factors significantly associated with COVID-19 severity in symptomatic patients: A retrospective single-center study,Digitalisierung - jetzt
3d56os6r,gwb38on4,-0.04651469,hpO: Berufsvereinigung für heilkundlich praktizierte Osteopathie e. V.,Barriers and facilitators to providing home-based care in a pandemic: policy and practice implications
0xcxvdf3,kp31qovw,-0.04651446,An EUA for Casirivimab and Imdevimab for COVID-19,Family Business Adapting a New Digital-Based Economy: Opportunities and Challenges for Future Research
85b67wij,mxpdmrfu,-0.046512555,Nursing care provided to people with covid-19: challenges in the performance of the cofen/corens system,Digitalisierung - jetzt
gsonpunw,gf2nos57,-0.046508566,Campylobacteriose — eine zoonotische Infektionskrankheit,Uncertain prospects for postdoctoral researchers.
gsonpunw,oxo1g3sq,-0.04647263,Campylobacteriose — eine zoonotische Infektionskrankheit,Comorbidities and COVID-19
3d56os6r,mqnklaar,-0.04646472,hpO: Berufsvereinigung für heilkundlich praktizierte Osteopathie e. V.,COVID-19 and Educational Consequences for (Vulnerable) Children from the Perspectives of Educational Psychologists
gsonpunw,jg2o5yyx,-0.046453137,Campylobacteriose — eine zoonotische Infektionskrankheit,"COVID-19 vaccination, issues and future prospects"
0xcxvdf3,dqhwz43f,-0.04644365,An EUA for Casirivimab and Imdevimab for COVID-19,Primary care: challenges faced during COVID-19
17oinmb1,0xcxvdf3,-0.046442375,Working in healthcare right now means being asked to do the impossible-then being abandoned to our inevitable failure,An EUA for Casirivimab and Imdevimab for COVID-19
575cvubk,mxpdmrfu,-0.04643485,UNFPA supporting midwives at the heart of the COVID-19 response,Digitalisierung - jetzt
o0qzp5dw,mxpdmrfu,-0.046415046,Perioperative care of the newborns with CHDs in the time of COVID-19,Digitalisierung - jetzt
3d56os6r,96qeyqdu,-0.046411585,hpO: Berufsvereinigung für heilkundlich praktizierte Osteopathie e. V.,Factors affecting the quality of online learning in a task-based college course
u5eawza8,0xcxvdf3,-0.046404958,Accelerating the Adoption of Disruptive Technologies: The Impact of COVID-19 on Intentions to Use Autonomous Vehicles,An EUA for Casirivimab and Imdevimab for COVID-19
nkgs2iv6,5h5vvxmt,-0.04639957,Aktuelles Studienergebnis unterstreicht zurückhaltende Kommentierung,WILDLIFE
mxpdmrfu,u7e1luq2,-0.046397284,Digitalisierung - jetzt,Teaching COVID-19's Impact on Businesses
anrggzdd,jjdvtfy1,-0.046383686,Does social trust slow down or speed up the transmission of COVID-19?,Wieloukładowy zespół zapalny u dzieci a COVID-19
oiaowc6x,mxpdmrfu,-0.046379093,The impact of COVID-19 on obstetrics and gynaecology care,Digitalisierung - jetzt
mxpdmrfu,znpepsem,-0.046377566,Digitalisierung - jetzt,International Business Curricula: Responding to COVID-19 Challenges
3d56os6r,youspsmx,-0.04636796,hpO: Berufsvereinigung für heilkundlich praktizierte Osteopathie e. V.,Responding to Crisis – The Destination Perspective
mxpdmrfu,ut4eq6xf,-0.046359845,Digitalisierung - jetzt,Patient Adherence to Hemoglobin A(1c) Testing Recommendations in Telemedicine and In-Office Cohorts During COVID-19
jjdvtfy1,b3dwpe3q,-0.046357226,Wieloukładowy zespół zapalny u dzieci a COVID-19,Evaluating Medical Devices Remotely: Current Methods and Potential Innovations
3k9ahge2,mdd60ic7,-0.046344757,Auf bessere Zeiten hoffen,Acknowledgement to Referees
3k9ahge2,nfzoanb9,-0.046344757,Auf bessere Zeiten hoffen,Acknowledgement to Referees
3k9ahge2,qgrecd29,-0.046344757,Auf bessere Zeiten hoffen,Acknowledgement to Referees
decnhjzw,mxpdmrfu,-0.04634426,COVID-19 Infection in Newborn Infants,Digitalisierung - jetzt
mxpdmrfu,7mdudfp8,-0.046331976,Digitalisierung - jetzt,"Clinical Features and Risk Factors for In-Hospital Mortality From COVID-19 Infection at a Tertiary Care Medical Center, at the Onset of the US COVID-19 Pandemic"
bl5uza1c,0xcxvdf3,-0.046321876,Moving Towards ‘Goals of Care’ Plans for all Hospital Inpatients,An EUA for Casirivimab and Imdevimab for COVID-19
3d56os6r,w83bzdfk,-0.046307527,hpO: Berufsvereinigung für heilkundlich praktizierte Osteopathie e. V.,What have we learned from the covid-19 pandemic so far?
3d56os6r,j9d6y4eh,-0.046290196,hpO: Berufsvereinigung für heilkundlich praktizierte Osteopathie e. V.,Voronoia 4-ever
mnb1dqea,mxpdmrfu,-0.046289805,Regulatory and microbiological safety issues surrounding cell and tissue-engineering products.,Digitalisierung - jetzt
uej7d5zf,y3hpzj0u,-0.046288148,Molekulare Identifikation von Hantaviren in neuen Wirten,"Acknowledgment of Referees, 2020"
0xcxvdf3,5o0imury,-0.046285927,An EUA for Casirivimab and Imdevimab for COVID-19,The Later Innings of Life: Implications of COVID-19 Resource Allocation Strategies for Older Adults
mxpdmrfu,w1nld77y,-0.046281498,Digitalisierung - jetzt,Best of the other journals.
3d56os6r,bl5uza1c,-0.046281144,hpO: Berufsvereinigung für heilkundlich praktizierte Osteopathie e. V.,Moving Towards ‘Goals of Care’ Plans for all Hospital Inpatients
p6p3vbl6,3d56os6r,-0.04628056,POSTER PRESENTATIONS,hpO: Berufsvereinigung für heilkundlich praktizierte Osteopathie e. V.
3d56os6r,j2c94ljr,-0.04628056,hpO: Berufsvereinigung für heilkundlich praktizierte Osteopathie e. V.,Poster Presentations
mqa4cusb,0xcxvdf3,-0.04628047,Emerging Technologies for Next Generation Learning Spaces,An EUA for Casirivimab and Imdevimab for COVID-19
mxpdmrfu,76emwwux,-0.046276942,Digitalisierung - jetzt,COVID-19: Insights from innovation economists
hoxdnwif,mxpdmrfu,-0.046269927,Identifying higher risk subgroups of health care workers for priority vaccination against COVID-19,Digitalisierung - jetzt
mxpdmrfu,t5ru3cpv,-0.04626792,Digitalisierung - jetzt,Prevalence and outcome of dysnatremia in patients with COVID-19 compared to controls
mxpdmrfu,o1w422sb,-0.046265915,Digitalisierung - jetzt,"Knowledge, attitude and practice of health care professionals on laboratory diagnosis of COVID-19"
xx707vam,0xcxvdf3,-0.046265837,Small interfering RNAs on top,An EUA for Casirivimab and Imdevimab for COVID-19
mxpdmrfu,7jez3ouw,-0.046262536,Digitalisierung - jetzt,Clinical application of interactive monitoring of indicators of health in professional dancers
mxpdmrfu,icvf9r8t,-0.04626113,Digitalisierung - jetzt,Trustworthy or not? Research data on COVID-19 in data repositories
mxpdmrfu,lgutt1r9,-0.04625537,Digitalisierung - jetzt,Assessing exhibition swine as potential disseminators of infectious disease through the detection of five respiratory pathogens at agricultural exhibitions
mxpdmrfu,jqs8f59l,-0.04625472,Digitalisierung - jetzt,Predictors of hospital-acquired bacterial and fungal superinfections in COVID-19: a prospective observational study
mxpdmrfu,kn13hdzy,-0.046254344,Digitalisierung - jetzt,The evolutionary epidemiology of pathogens during vaccination campaigns
y2upr6ps,0xcxvdf3,-0.046219874,"Different location, same results?",An EUA for Casirivimab and Imdevimab for COVID-19
mxpdmrfu,f6uqatwo,-0.04621406,Digitalisierung - jetzt,Bradyarrhythmias in patients with COVID-19: A case series
w53rz0gr,pn098k88,-0.04621351,Comment,Bioterrorism
w53rz0gr,w9h24b8z,-0.04621351,Comment,Bioterrorism
mxpdmrfu,s7d550qw,-0.04620804,Digitalisierung - jetzt,Generation Z Workplace Communication Habits and Expectations
a4fdy9es,gsonpunw,-0.046205167,Doctors as soldiers in times of pandemic,Campylobacteriose — eine zoonotische Infektionskrankheit
0xcxvdf3,2ge753un,-0.046204824,An EUA for Casirivimab and Imdevimab for COVID-19,Functional capacity and rehabilitation strategies in Covid-19 patients: current knowledge and challenges
3d56os6r,ru0emev6,-0.04620244,hpO: Berufsvereinigung für heilkundlich praktizierte Osteopathie e. V.,COVID-19 crisis: time to reflect on how we live and interact with nature
mxpdmrfu,ho9qmcxe,-0.04620006,Digitalisierung - jetzt,"Inequities in the emergence, manifestations and consequences of COVID19"
3d56os6r,o7pbopdw,-0.046189852,hpO: Berufsvereinigung für heilkundlich praktizierte Osteopathie e. V.,Offering biofeedback assisted relaxation training in a virtual world: Considerations and future directions
fxq0v9rx,0xcxvdf3,-0.04618236,Treatment recommendations for COVID-19 patients along with robust explanations,An EUA for Casirivimab and Imdevimab for COVID-19
mxpdmrfu,i5t7yd0n,-0.04617407,Digitalisierung - jetzt,Psychological State of College Students During COVID-19 Epidemic
3d56os6r,3s46cy7m,-0.046172563,hpO: Berufsvereinigung für heilkundlich praktizierte Osteopathie e. V.,"Acquired Haemophilia A: A 15-Year Single-Centre Experience of Demography, Clinical Features and Outcome"
mxpdmrfu,oxo1g3sq,-0.046162095,Digitalisierung - jetzt,Comorbidities and COVID-19
v0nl7x2u,z4blmcd0,-0.046161655,Collaboration in the time of COVID,COVID-19 and VIH
nfsliqvk,mxpdmrfu,-0.046160277,COVID 19 vaccine in patients of hypercoagulable disorders: a clinical perspective,Digitalisierung - jetzt
8nbb0bqy,mxpdmrfu,-0.04615825,Editorial Concern-Possible Reporting of the Same Patients With COVID-19 in Different Reports.,Digitalisierung - jetzt
3d56os6r,xgg4028p,-0.046155684,hpO: Berufsvereinigung für heilkundlich praktizierte Osteopathie e. V.,Moving beyond the measure: Understanding patients' experiences of communication with nurses.
aa9yxcou,0xcxvdf3,-0.046151143,Undocumented U.S. Immigrants and Covid-19.,An EUA for Casirivimab and Imdevimab for COVID-19
mxpdmrfu,2lfdea3f,-0.046145182,Digitalisierung - jetzt,Vaccination Disagreement Between Parents
mxpdmrfu,rn1we4to,-0.04613493,Digitalisierung - jetzt,"Health and Institutional Risk Factors of COVID-19 Mortality in Mexico, 2020"
6zmh6qxd,0xcxvdf3,-0.046134584,A New TPACK Training Model for Tackling the Ongoing Challenges of COVID-19,An EUA for Casirivimab and Imdevimab for COVID-19
3d56os6r,7klt4os0,-0.04612524,hpO: Berufsvereinigung für heilkundlich praktizierte Osteopathie e. V.,The intriguing features of COVID-19 in children and its impact on the pandemic
gsonpunw,be8iim7m,-0.0461221,Campylobacteriose — eine zoonotische Infektionskrankheit,Imaging Findings in Four COVID-19 Patients
jxxx4sx3,gsonpunw,-0.04612118,Health systems neglected by COVID-19 donors,Campylobacteriose — eine zoonotische Infektionskrankheit
mxpdmrfu,i4xmdvny,-0.046120483,Digitalisierung - jetzt,The Importance of Patients' Perspectives in Providing Ophthalmic Care-Lessons From the COVID-19 Pandemic
0xcxvdf3,pv53k094,-0.046117984,An EUA for Casirivimab and Imdevimab for COVID-19,Convergence to the Centre
mxpdmrfu,36sn84yf,-0.04610665,Digitalisierung - jetzt,[Importance of imaging diagnostics in the care of COVID-19 infected patients]
u2e576dt,0xcxvdf3,-0.04609478,Concept for Embedded Primary Care Pharmacist Practitioners (PCPPs): A Disruptive Value-Proposition,An EUA for Casirivimab and Imdevimab for COVID-19
3d56os6r,4tju8q2h,-0.046088506,hpO: Berufsvereinigung für heilkundlich praktizierte Osteopathie e. V.,Blended teaching versus traditional teaching for undergraduate physiotherapy students at the University of the Witwatersrand
74t6mdvg,0xcxvdf3,-0.0460795,Why effective disaster management needs enabling policy environments: Lessons from COVID-19,An EUA for Casirivimab and Imdevimab for COVID-19
3d56os6r,sl72w41v,-0.046073575,hpO: Berufsvereinigung für heilkundlich praktizierte Osteopathie e. V.,Influence of computers in students’ academic achievement
mxpdmrfu,6k5ozfnf,-0.046062484,Digitalisierung - jetzt,Validation of a risk score to predict patients at risk of critical illness with COVID-19
3d56os6r,sqj1vcs3,-0.046061344,hpO: Berufsvereinigung für heilkundlich praktizierte Osteopathie e. V.,"AbGradCon 2021: Lessons in Digital Meetings, International Collaboration, and Interdisciplinarity in Astrobiology"
mxpdmrfu,ie11g64f,-0.04604703,Digitalisierung - jetzt,Redesigning health programmes for all children and adolescents
0xcxvdf3,vfgg9p8m,-0.04604481,An EUA for Casirivimab and Imdevimab for COVID-19,"Diagnosis/Prognosis of COVID-19 Images: Challenges, Opportunities, and Applications"
8jdcil0c,3d56os6r,-0.046043653,Mindfulness Intervention Benefits Older Adults Receiving Rehabilitation Services in Long Term Care,hpO: Berufsvereinigung für heilkundlich praktizierte Osteopathie e. V.
gsonpunw,cqkqexye,-0.04604213,Campylobacteriose — eine zoonotische Infektionskrankheit,"Sports, travel and leisure, and pets"
5fa9pywt,mxpdmrfu,-0.04604101,Authors and Peer-Reviewers: Our Foundation,Digitalisierung - jetzt
dat7un0w,jjdvtfy1,-0.04603531,Pandemic Provides Basis for Successful Set‐Aside Requests,Wieloukładowy zespół zapalny u dzieci a COVID-19
mxpdmrfu,29cbrczw,-0.046034116,Digitalisierung - jetzt,A retrospective observational study of hypoxic covid-19 patients treated with immunomodulatory drugs in a tertiary care hospital
li1zfxrl,0xcxvdf3,-0.046023414,PredictProtein - Predicting Protein Structure and Function for 29 Years,An EUA for Casirivimab and Imdevimab for COVID-19
mxpdmrfu,mxi9cld4,-0.046023235,Digitalisierung - jetzt,Relationship Between Income Level and Hospitalization Rate in COVID-19 Cases; an Example of Social Factors Affecting Health
3d56os6r,u18gmb3v,-0.046016537,hpO: Berufsvereinigung für heilkundlich praktizierte Osteopathie e. V.,Who am I? Narratives as a window to transformative moments in critical care
yuqvpjb0,0xcxvdf3,-0.046014074,"Compassionate Release as a ""Right"" in the Age of COVID-19.",An EUA for Casirivimab and Imdevimab for COVID-19
mxpdmrfu,k0uq0y5i,-0.046013616,Digitalisierung - jetzt,COVID-19 and human security
mxpdmrfu,14266jpv,-0.046011873,Digitalisierung - jetzt,Human brucellosis: recent advances and future challenges
2yz2lzvl,mxpdmrfu,-0.046009727,Investigating The Impacting Factors on The Public's Attitudes Towards Autonomous Vehicles Using Sentiment Analysis from Social Media Data,Digitalisierung - jetzt
mxpdmrfu,ljjt44i0,-0.046002857,Digitalisierung - jetzt,Health Policies Based on Patient Satisfaction: A Bibliometric Study
uw7i3i3x,0xcxvdf3,-0.04600089,"Limitations, Major Findings, and Implications",An EUA for Casirivimab and Imdevimab for COVID-19
h3x29t3d,mxpdmrfu,-0.045998733,Laboratory Diagnosis of Infections in Cancer Patients: Challenges and Opportunities.,Digitalisierung - jetzt
80u6ub4o,gsonpunw,-0.04599809,Clinical Suspicion of COVID-19 in Nursing Home residents: symptoms and mortality risk factors,Campylobacteriose — eine zoonotische Infektionskrankheit
gsonpunw,7ytqy3ia,-0.04599809,Campylobacteriose — eine zoonotische Infektionskrankheit,Clinical Suspicion of COVID-19 in Nursing Home Residents: Symptoms and Mortality Risk Factors
3d56os6r,y01ltlvs,-0.04599808,hpO: Berufsvereinigung für heilkundlich praktizierte Osteopathie e. V.,Exploring the changes of physical education in the age of Covid-19
i6vetquk,95u2vws4,-0.04599101,The pathogens,Wir haben eine Impfung!
mxpdmrfu,eggdb980,-0.045984976,Digitalisierung - jetzt,Biosafety and Biohazards: Understanding Biosafety Levels and Meeting Safety Requirements of a Biobank
hcjpj03p,krgk5r25,-0.0459836,Leitlinien zu COVID-19,Biological Hazards and Select Agents
krgk5r25,ioveubcb,-0.0459836,Biological Hazards and Select Agents,Darmkrebsvorsorge zu COVID‑19‑Zeiten
krgk5r25,9sk9n0f9,-0.0459836,Biological Hazards and Select Agents,"Anmerkung zu BVerfG, Beschl. v. 16.12.2021 – 1 BvR 1541/20"
a4fdy9es,mxpdmrfu,-0.045981966,Doctors as soldiers in times of pandemic,Digitalisierung - jetzt
mxpdmrfu,d35o57ju,-0.04598162,Digitalisierung - jetzt,COVID-19 and the urological practice: changes and future perspectives
mxpdmrfu,6522399f,-0.045981027,Digitalisierung - jetzt,Potential Risk and Safety Measures in Laparoscopy in COVID-19 Positive Patients
2df79sgy,3d56os6r,-0.045976758,Online Student Supervision: A Reflective Study on Lessons and Challenges,hpO: Berufsvereinigung für heilkundlich praktizierte Osteopathie e. V.
3d56os6r,s02s305z,-0.04596799,hpO: Berufsvereinigung für heilkundlich praktizierte Osteopathie e. V.,Surviving the COVID — 19 Pandemic Resurgence: Not Easy but Achievable
ntb9kt47,3d56os6r,-0.04596227,Pandemic and disability: Challenges faced and role of technology,hpO: Berufsvereinigung für heilkundlich praktizierte Osteopathie e. V.
qp7peart,ojco4fjv,-0.04595928,The Challenges of Nonprofit Governance,Pflegepolitik in 5 Minuten
qp7peart,sz8abu0j,-0.04595928,The Challenges of Nonprofit Governance,Pflegepolitik in 5 Minuten
mxpdmrfu,6s2ezysg,-0.045958478,Digitalisierung - jetzt,Barriers and benefits of primary caregivers' involvement in children's education during COVID-19 school closures
mxpdmrfu,2e3vmdx4,-0.045938313,Digitalisierung - jetzt,Neurological Complications Among Native Americans with COVID-19: Our Experience at a Tertiary Care Academic Hospital in the U.S.
psugf0mm,mxpdmrfu,-0.045931146,Association of Inflammatory markers with Covid-19 Outcome among Hospitalized adult Patients.,Digitalisierung - jetzt
k6akl50r,mxpdmrfu,-0.045927692,Why should medical students (not) be recruited to care for patients with COVID-19?,Digitalisierung - jetzt
gdthm9nr,0xcxvdf3,-0.045922555,The New Normal: Patient-Physician Relationships During COVID-19.,An EUA for Casirivimab and Imdevimab for COVID-19
3d56os6r,476fsh8j,-0.045920815,hpO: Berufsvereinigung für heilkundlich praktizierte Osteopathie e. V.,Impact of COVID-19 on patients from FACT or autism teams
3d56os6r,j6zjbo6n,-0.045913476,hpO: Berufsvereinigung für heilkundlich praktizierte Osteopathie e. V.,COVID-19: Reasons for Guarded Optimism
mxpdmrfu,lpkctygx,-0.045900732,Digitalisierung - jetzt,Factors related to preventive COVID-19 infection behaviors among people with mental illness
uf302phw,3d56os6r,-0.045895122,Protecting the elders from COVID- 19 impact-leveraging yoga,hpO: Berufsvereinigung für heilkundlich praktizierte Osteopathie e. V.
60ywqohk,3d56os6r,-0.045892607,Globalization and health scholarship in a time of pandemic: from critical past to uncertain future,hpO: Berufsvereinigung für heilkundlich praktizierte Osteopathie e. V.
mxpdmrfu,1qawjquv,-0.04589248,Digitalisierung - jetzt,"Aquatic Ecosystems, Human Health, and Ecohydrology"
suxm13j4,3d56os6r,-0.0458921,Responding to the Needs of Persons Living With Dementia and Their Caregivers During the COVID-19 Pandemic: Lessons From the Care Ecosystem,hpO: Berufsvereinigung für heilkundlich praktizierte Osteopathie e. V.
mxpdmrfu,3femzyep,-0.04588655,Digitalisierung - jetzt,"[Nursing Homes and COVID-19, An Avoidable Fatality: Results of a Multidisciplinary Approach]"
1fo87lpd,3d56os6r,-0.04588138,How Can Consultations be Fair During the Covid-19 Pandemic?,hpO: Berufsvereinigung für heilkundlich praktizierte Osteopathie e. V.
3d56os6r,tbtpn3tn,-0.04587931,hpO: Berufsvereinigung für heilkundlich praktizierte Osteopathie e. V.,Interns Without Subinternships
yiwrfvfs,gsonpunw,-0.045876406,Factors associated with parents' willingness to enroll their children in trials for COVID-19 vaccination.,Campylobacteriose — eine zoonotische Infektionskrankheit
nuju0srq,0xcxvdf3,-0.045875512,Shifts in Help-seeking Patterns During COVID-19: Should Social Distancing be Rebranded?,An EUA for Casirivimab and Imdevimab for COVID-19
pmbtw6n9,mxpdmrfu,-0.045872543,"Pericardial Involvement in Patients Hospitalized With COVID‐19: Prevalence, Associates, and Clinical Implications",Digitalisierung - jetzt
gsonpunw,scfwscfe,-0.04586874,Campylobacteriose — eine zoonotische Infektionskrankheit,Endpoints for randomized controlled clinical trials for COVID-19 treatments.
3d56os6r,e0i99gyq,-0.045862265,hpO: Berufsvereinigung für heilkundlich praktizierte Osteopathie e. V.,Hindsight From 2020: Lessons to Learn From a Global Pandemic
mxpdmrfu,spca3le8,-0.045861382,Digitalisierung - jetzt,Health Care–Associated Infections and the Radiology Department
4kkmw3lk,mxpdmrfu,-0.045859188,Vaccine hesitancy among paediatric nurses: Prevalence and associated factors,Digitalisierung - jetzt
mxpdmrfu,7j4evbdu,-0.045858,Digitalisierung - jetzt,Safety implications of different forms of understaffing among nurses during the COVID‐19 pandemic
0xcxvdf3,o5owvmh6,-0.04585099,An EUA for Casirivimab and Imdevimab for COVID-19,"""He Needed Just About Everything"": Caring for Aging Adults Postincarceration."
mxpdmrfu,7divzgm4,-0.045845214,Digitalisierung - jetzt,In the shadows: medical student clinical observerships and career exploration in the face of COVID-19
mxpdmrfu,lwyre0vd,-0.04583951,Digitalisierung - jetzt,"Zooming in on COVID: The Intimacies of Screens, Homes and Learning Hierarchies"
mxpdmrfu,dwe5fprb,-0.045837346,Digitalisierung - jetzt,Preoperative Risk Factors for Postoperative Pneumonia Following Arthroplasty: Considerations for Improving Quality of Life for Covid-19 Patients
d0q74s5a,3d56os6r,-0.04583274,Staying connected during COVID-19: Family engagement with adults with developmental disabilities in supported accommodation.,hpO: Berufsvereinigung für heilkundlich praktizierte Osteopathie e. V.
mxpdmrfu,yotcoam6,-0.045828886,Digitalisierung - jetzt,A study on perception on Covid- 19 vaccination among general public
t5fjii32,95u2vws4,-0.04582662,The kaiwhakahaere comments.,Wir haben eine Impfung!
mxpdmrfu,g9ao6ruo,-0.04581937,Digitalisierung - jetzt,Cardiometabolic Risk Factor Control During Times of Crises and Beyond.
4hkxavh2,3d56os6r,-0.045818884,Regional Transport Plans: From Direction Role Denied to Common Rules Identified,hpO: Berufsvereinigung für heilkundlich praktizierte Osteopathie e. V.
i708h5u5,0xcxvdf3,-0.04581749,Conservation optimism and reckoning with the future,An EUA for Casirivimab and Imdevimab for COVID-19
mxpdmrfu,nde12cg9,-0.04580511,Digitalisierung - jetzt,Predictors of adverse outcome in patients with suspected COVID-19 managed in a virtual hospital setting: a cohort study
3d56os6r,nfh0io11,-0.045799695,hpO: Berufsvereinigung für heilkundlich praktizierte Osteopathie e. V.,Covid-19: Financial Impact and Disclosure
i0go9knk,jjdvtfy1,-0.045795895,The necessity of judgment,Wieloukładowy zespół zapalny u dzieci a COVID-19
3d56os6r,x1ibbxc9,-0.04579588,hpO: Berufsvereinigung für heilkundlich praktizierte Osteopathie e. V.,Creating Multicultural Opportunities in Music Teacher Education: Sharing Diversity Through Online Competitions
276c18r4,3d56os6r,-0.04579306,Is it safe yet? Patient readiness and perceptions about returning to hospital for planned orthopaedic care,hpO: Berufsvereinigung für heilkundlich praktizierte Osteopathie e. V.
3d56os6r,djkgpsth,-0.045791987,hpO: Berufsvereinigung für heilkundlich praktizierte Osteopathie e. V.,Thank You for Your Flexibility During These Unprecedented Times
3d56os6r,y64d4hsy,-0.04578854,hpO: Berufsvereinigung für heilkundlich praktizierte Osteopathie e. V.,Building the future medical workforce: helping students choose psychiatry
mxpdmrfu,z0sjfzas,-0.0457864,Digitalisierung - jetzt,Macrophage subsets at the maternal-fetal interface
hcjpj03p,el6qel8s,-0.04576372,Leitlinien zu COVID-19,COVID-19 and Racial/Ethnic Disparities.
9sk9n0f9,el6qel8s,-0.04576372,"Anmerkung zu BVerfG, Beschl. v. 16.12.2021 – 1 BvR 1541/20",COVID-19 and Racial/Ethnic Disparities.
ioveubcb,el6qel8s,-0.04576372,Darmkrebsvorsorge zu COVID‑19‑Zeiten,COVID-19 and Racial/Ethnic Disparities.
mxpdmrfu,mqnklaar,-0.045759264,Digitalisierung - jetzt,COVID-19 and Educational Consequences for (Vulnerable) Children from the Perspectives of Educational Psychologists
qiwb9wf4,3d56os6r,-0.045757513,Reconceptualizing Dermatology Patient Care and Education During the COVID-19 Pandemic and Beyond,hpO: Berufsvereinigung für heilkundlich praktizierte Osteopathie e. V.
mxpdmrfu,rt7l4lhf,-0.045751765,Digitalisierung - jetzt,Patient-reported outcome measures after COVID-19: a prospective cohort study
9ivwgbt8,mxpdmrfu,-0.0457515,"Clinical characteristics, management and health-related quality of life in young adults with COVID-19",Digitalisierung - jetzt
3d56os6r,2b08a4w3,-0.045751486,hpO: Berufsvereinigung für heilkundlich praktizierte Osteopathie e. V.,Community Pharmacists’ Motivation and Barriers to Providing and Billing Patient Care Services
3d56os6r,wtljpa02,-0.045751486,hpO: Berufsvereinigung für heilkundlich praktizierte Osteopathie e. V.,Community Pharmacists' Motivation and Barriers to Providing and Billing Patient Care Services
0xcxvdf3,hrl4bo1o,-0.045746718,An EUA for Casirivimab and Imdevimab for COVID-19,How Will We Spend Our Days and Hours to Improve the Care of Older Adults?
0xcxvdf3,ni6p964n,-0.045741696,An EUA for Casirivimab and Imdevimab for COVID-19,Recognising the vital contribution of GPNs in the COVID-19 crisis
gkkbce7k,0xcxvdf3,-0.04574009,Fortuitous Left Bundle Branch Area Pacing in a Small Child,An EUA for Casirivimab and Imdevimab for COVID-19
3d56os6r,g1qc5t3r,-0.04573644,hpO: Berufsvereinigung für heilkundlich praktizierte Osteopathie e. V.,Impact of the perceived threat of COVID-19 on variety-seeking
zhozmcia,0xcxvdf3,-0.045735538,Focal Peripheral Neuropathies Observed in Patients Diagnosed With COVID-19 : A Case Series,An EUA for Casirivimab and Imdevimab for COVID-19
mxpdmrfu,ont6ro0p,-0.045732934,Digitalisierung - jetzt,Anesthesiologist and COVID-19 - Current perspective
u53qk90z,mxpdmrfu,-0.045724273,Funders' Efforts To Improve Health Of Immigrants,Digitalisierung - jetzt
mxpdmrfu,888bkffr,-0.045723867,Digitalisierung - jetzt,"Biomedical research in developing countries: Opportunities, methods, and challenges"
0xcxvdf3,gqziuppa,-0.04572141,An EUA for Casirivimab and Imdevimab for COVID-19,Sustainability in Community Building: Framing Design Thinking Using a Complex Adaptive Systems Perspective
0wuluxfe,95u2vws4,-0.045718614,Research Highlights.,Wir haben eine Impfung!
3d56os6r,xttmvqvc,-0.04571346,hpO: Berufsvereinigung für heilkundlich praktizierte Osteopathie e. V.,Children With Disabilities Must Be More Than an Afterthought in School Reopening
mxpdmrfu,vyzl4nhy,-0.045704033,Digitalisierung - jetzt,"Medical student residency preferences and motivational factors: a longitudinal, single-institution perspective"
mxpdmrfu,0q29ngzp,-0.04570086,Digitalisierung - jetzt,Retrospective analysis of the effect of current clinical medications and clinicopathological factors on viral shedding in COVID-19 patients
mxpdmrfu,7t4sf0w4,-0.045700524,Digitalisierung - jetzt,Second Episode of COVID-19 in Health Professionals: Report of Two Cases
0xcxvdf3,d5mc7rx2,-0.045696404,An EUA for Casirivimab and Imdevimab for COVID-19,Thanks for inviting me to the party: Virtual poster sessions as a way to connect in a time of disconnection
o8nmxmoh,0xcxvdf3,-0.045694053,Telehealth for the cognitively impaired older adult and their caregivers: lessons from a coordinated approach,An EUA for Casirivimab and Imdevimab for COVID-19
0xcxvdf3,fxa8cior,-0.04569403,An EUA for Casirivimab and Imdevimab for COVID-19,Telehealth for the cognitively impaired older adult and their caregivers: lessons from a coordinated approach
grm8ak38,0xcxvdf3,-0.045690883,Getting back to normal.,An EUA for Casirivimab and Imdevimab for COVID-19
helyb3uj,mxpdmrfu,-0.045682862,Appropriate Nurse Staffing Levels for U.S. Nursing Homes,Digitalisierung - jetzt
0xcxvdf3,6p3z5136,-0.045676775,An EUA for Casirivimab and Imdevimab for COVID-19,46 MEASURING THE IMPACT OF COVID-19 RESTRICTIONS ON MOBILITY IN OLDER ADULTS WITH FRAGILITY FRACTURES USING THE NEW MOBILITY SCORE
hqmu4p50,0xcxvdf3,-0.045676045,Figuring and Drawing: A Visual Approach to Principled Programming,An EUA for Casirivimab and Imdevimab for COVID-19
3d56os6r,1adwesfe,-0.045673124,hpO: Berufsvereinigung für heilkundlich praktizierte Osteopathie e. V.,Access to COVID-19 vaccines: looking beyond COVAX
mxpdmrfu,38kq3744,-0.045672074,Digitalisierung - jetzt,COVID-19 Vaccines and Breastfeeding
mxpdmrfu,8ua6dpdm,-0.045665577,Digitalisierung - jetzt,Attitudes toward hand hygiene among medical students on placement in primary care
mxpdmrfu,bwryab5c,-0.045654263,Digitalisierung - jetzt,From data to models
ydqr9jur,0xcxvdf3,-0.045653157,Treatment and control strategies for COVID-19: Prospects and possibilities,An EUA for Casirivimab and Imdevimab for COVID-19
o1729460,0xcxvdf3,-0.045633815,Leveraging an Ambulatory Patient and Family Advisory Council to Improve Patient Experience Scores,An EUA for Casirivimab and Imdevimab for COVID-19
zu4tikpu,suvmfqhn,-0.045624405,Exkursion in eine postagile Zukunft,Tropheryma whipplei in Children with Gastroenteritis
356vat73,6ola5dx1,-0.04560495,COVID 19 in neonates,La Pandemia
6ola5dx1,usee3zt5,-0.04560495,La Pandemia,COVID 19 in neonates
6ola5dx1,d9ph8jnw,-0.04560495,La Pandemia,Neonates and COVID-19
mxpdmrfu,ltdfyzay,-0.04560269,Digitalisierung - jetzt,A comparative-descriptive analysis of clinical characteristics in 2019-coronavirus-infected children and adults
gw07xp2e,mxpdmrfu,-0.045598544,Similarities in Risk for COVID-19 and Cancer Disparities.,Digitalisierung - jetzt
lwnm6af9,mxpdmrfu,-0.045590334,Practices and experiences of European frontline nurses under the shadow of COVID‐19,Digitalisierung - jetzt
mxpdmrfu,kd2x1vnq,-0.04558892,Digitalisierung - jetzt,Engaging Engineering Students in Public Health Responses to Disease Outbreaks Through Hackathons
q4u22nzn,mxpdmrfu,-0.045586374,Prognostic Value and Risk Factors of Peritoneal Carcinomatosis Recurrence for Patients with Endometrial Cancer: A Multicenter Study from the FRANCOGYN Group.,Digitalisierung - jetzt
mxpdmrfu,f1v5l0jf,-0.045586374,Digitalisierung - jetzt,Prognostic Value and Risk Factors of Peritoneal Carcinomatosis Recurrence for Patients with Endometrial Cancer: A Multicenter Study from the FRANCOGYN Group
mxpdmrfu,5ly2lt31,-0.04558603,Digitalisierung - jetzt,Completion of clinical trials in light of COVID-19.
mxpdmrfu,7kqc1dae,-0.04558475,Digitalisierung - jetzt,Epidemiology of COVID-19: Implications for a Gastroenterologist
6k0qolpf,mxpdmrfu,-0.045571692,Nursing homes and COVID‐19: We can and should do better,Digitalisierung - jetzt
mxpdmrfu,ayydiaam,-0.0455703,Digitalisierung - jetzt,Developing international benchmarks of patient safety culture in hospital care: findings of the OECD patient safety culture pilot data collection and considerations for future work
yfohw4zn,zu4tikpu,-0.045567933,COVID-19 infections in infants,Exkursion in eine postagile Zukunft
6ntba0fk,mxpdmrfu,-0.045566313,Point of care procedures in physiatry: Practice considerations during the Covid-19 pandemic,Digitalisierung - jetzt
mxpdmrfu,gr7oa9up,-0.045566313,Digitalisierung - jetzt,Point of care procedures in physiatry: Practice considerations during the Covid-19 pandemic
0xcxvdf3,jg2o5yyx,-0.045556482,An EUA for Casirivimab and Imdevimab for COVID-19,"COVID-19 vaccination, issues and future prospects"
3d56os6r,ko5uxne3,-0.045553908,hpO: Berufsvereinigung für heilkundlich praktizierte Osteopathie e. V.,How Covid-19 influences the 2030 Agenda: do the practices of achieving the Sustainable Development Goal 11 need rethinking and adjustment?
mxpdmrfu,x0mwnlpz,-0.045552626,Digitalisierung - jetzt,Resident and Family Engagement in Care Conferences: Important Processes and Supporting Strategies
jre6q1cx,mxpdmrfu,-0.04554674,The public health and clinical significance of Giardia and Cryptosporidium in domestic animals,Digitalisierung - jetzt
mxpdmrfu,czkd7bkf,-0.045545988,Digitalisierung - jetzt,Legal aspects of the manners of holding shareholders’ assemblies in the conditions of covid 19 pandemic
3d56os6r,ndecc51m,-0.045542125,hpO: Berufsvereinigung für heilkundlich praktizierte Osteopathie e. V.,Covid-19 is an opportunity for gender equality within the workplace and at home
ctb1obtu,0xcxvdf3,-0.045532007,Had Enough 'Disruption' Yet? Economic Reflections After the (First) Summer of COVID-19,An EUA for Casirivimab and Imdevimab for COVID-19
3d56os6r,qmmkqyfl,-0.04553139,hpO: Berufsvereinigung für heilkundlich praktizierte Osteopathie e. V.,Challenging the Conventional Interpretation of HCMV Seronegativity
4fhmmz2g,mxpdmrfu,-0.045522504,Motivations and Experiences in a Physical Activity Program for Cancer Survivors: Findings from Key Informant Interviews.,Digitalisierung - jetzt
hcjpj03p,hzip08oy,-0.045520365,Leitlinien zu COVID-19,Benzothiazoles as potential antiviral agents
9sk9n0f9,hzip08oy,-0.045520365,"Anmerkung zu BVerfG, Beschl. v. 16.12.2021 – 1 BvR 1541/20",Benzothiazoles as potential antiviral agents
hzip08oy,ioveubcb,-0.045520365,Benzothiazoles as potential antiviral agents,Darmkrebsvorsorge zu COVID‑19‑Zeiten
oxo1g3sq,tnmk3zpf,-0.04551094,Comorbidities and COVID-19,CAPNETZ fokussiert auf COVID-19
exn1sv3z,3d56os6r,-0.045509126,A Methodology for Addressing the Second-Level Digital Divide: A Practical Experience,hpO: Berufsvereinigung für heilkundlich praktizierte Osteopathie e. V.
mxpdmrfu,0o56x9py,-0.04550401,Digitalisierung - jetzt,Gender differences in outcomes of cancer patients with COVID: Signal or noise?
mxpdmrfu,i24sahf0,-0.045498826,Digitalisierung - jetzt,Training Room Management of Medical Conditions: Infectious Diseases
mxpdmrfu,ie6mhee0,-0.045479305,Digitalisierung - jetzt,Physiology of cardiomyocyte injury in COVID-19
mxpdmrfu,x1gwd1rq,-0.045469113,Digitalisierung - jetzt,Optimizing Supportive Care in COVID-19 Patients: A Multidisciplinary Approach
mxpdmrfu,cir2t25q,-0.045465473,Digitalisierung - jetzt,Keeping the research spotlight on COVID-19
mxpdmrfu,q1dyfdzl,-0.045461435,Digitalisierung - jetzt,Shared Language for Shared Work in Population Health.
mxpdmrfu,xbhifslr,-0.045453362,Digitalisierung - jetzt,Concrete steps to diversify the scientific workforce.
3cectvkf,vtsd3qww,-0.045453187,Beroepsziekten in cijfers 2020,Teaching in the time of COVID‐19
0xcxvdf3,1ja7nww5,-0.045449805,An EUA for Casirivimab and Imdevimab for COVID-19,"Bouncing back, if not beyond: Challenges for research on resilience"
mxpdmrfu,pss99zp9,-0.045443643,Digitalisierung - jetzt,Cerebrovascular events and outcomes in hospitalized patients with COVID-19: the society of vascular and interventional neurology multinational registry
bcm57i3v,mxpdmrfu,-0.04544338,Commentary,Digitalisierung - jetzt
mxpdmrfu,knuc7cke,-0.04544338,Digitalisierung - jetzt,Commentary
jtnrh2bi,3d56os6r,-0.045434818,The impact of artificial intelligence on event experiences: a scenario technique approach,hpO: Berufsvereinigung für heilkundlich praktizierte Osteopathie e. V.
mxpdmrfu,ob2q4bye,-0.04541259,Digitalisierung - jetzt,Will Covid‐19 change attitudes towards the welfare state?
2v62axcb,mxpdmrfu,-0.045409776,Transportation Access to Health Care During the COVID-19 Pandemic: Trends and Implications for Significant Patient Populations and Health Care Needs,Digitalisierung - jetzt
0xcxvdf3,j7flm12m,-0.0454084,An EUA for Casirivimab and Imdevimab for COVID-19,Current status and future perspectives on minimally invasive esophagectomy.
3d56os6r,bgm40h6q,-0.045400634,hpO: Berufsvereinigung für heilkundlich praktizierte Osteopathie e. V.,Is It Really Home-Based? A Commentary on the Necessity for Accurate Definitions across Exercise and Physical Activity Programmes
mj2zwh2b,0xcxvdf3,-0.045394108,"TPACK: Technology, Pedagogy, and Content Knowledge for Paraeducator in the Context of Sustainable Development Goal 4",An EUA for Casirivimab and Imdevimab for COVID-19
9tf4vcb9,3d56os6r,-0.045390658,Autonomy versus paternalism: will of the person or will of the collective?,hpO: Berufsvereinigung für heilkundlich praktizierte Osteopathie e. V.
omumxash,mxpdmrfu,-0.045390524,"Disasters, Diagnosis, and Distress: Multiple Perspectives, Populations, and Methodologies",Digitalisierung - jetzt
tj48cd1b,mherdb4v,-0.045374922,Langzeitpflege in COVID-19-Zeiten: Leitfaden zur medizinischen Versorgung,Lessons for and from COVID‐19 for investors and their advisors
mxpdmrfu,tj3kay7c,-0.045374807,Digitalisierung - jetzt,Support nurses and midwives to strengthen healthcare systems.
mxpdmrfu,d1mql258,-0.045372948,Digitalisierung - jetzt,Urgent care for patients in the community
mxpdmrfu,i82ih9jd,-0.045372836,Digitalisierung - jetzt,COVID-19 and its implications in dental care management against bioaerosol transmission
mxpdmrfu,ef6svn8f,-0.045371387,Digitalisierung - jetzt,Eukaryote Genomes
mxpdmrfu,vgpf1cky,-0.04537008,Digitalisierung - jetzt,"Willingness for COVID-19 Vaccination and Influencing factors in Nurses from Tangshan City, China: A Cross-sectional Study"
mxpdmrfu,u656ns13,-0.045367226,Digitalisierung - jetzt,Perioperative Nursing Simulation and its Influence on Student Nurses' Career Interest
l7gxl7rz,jjdvtfy1,-0.045363087,Out-of-the-Lab Pervasive Computing,Wieloukładowy zespół zapalny u dzieci a COVID-19
f5zpn3a4,mxpdmrfu,-0.045358807,Development of a tool to prioritize the monitoring of COVID-19 patients by public health teams,Digitalisierung - jetzt
l960ka7i,3d56os6r,-0.045356337,Conclusion,hpO: Berufsvereinigung für heilkundlich praktizierte Osteopathie e. V.
3d56os6r,ncgoknh8,-0.045356337,hpO: Berufsvereinigung für heilkundlich praktizierte Osteopathie e. V.,Conclusion
3d56os6r,qkilkr9b,-0.045356337,hpO: Berufsvereinigung für heilkundlich praktizierte Osteopathie e. V.,Conclusion
3d56os6r,cjm823cm,-0.045356337,hpO: Berufsvereinigung für heilkundlich praktizierte Osteopathie e. V.,Conclusion
lnwaqisn,3d56os6r,-0.045350328,The year past and the year ahead - some facts and figures about Eurosurveillance.,hpO: Berufsvereinigung für heilkundlich praktizierte Osteopathie e. V.
9nwv2b1x,mxpdmrfu,-0.045347676,The Geostrategical Settings and the Systemic Risks,Digitalisierung - jetzt
qlirntk0,3d56os6r,-0.045347,Organizing Virtual Training - Experience Gained from Covid-19 Pandemic,hpO: Berufsvereinigung für heilkundlich praktizierte Osteopathie e. V.
sufjr1ek,3d56os6r,-0.045335162,The Kids Are / Not / Sort of All Right,hpO: Berufsvereinigung für heilkundlich praktizierte Osteopathie e. V.
6xfi4iou,3d56os6r,-0.045332447,Guest editorial: The SHAMISEN project - Applicability or lessons learnt and recommendations for disaster situations,hpO: Berufsvereinigung für heilkundlich praktizierte Osteopathie e. V.
3d56os6r,0twlo062,-0.045332447,hpO: Berufsvereinigung für heilkundlich praktizierte Osteopathie e. V.,Guest editorial: The SHAMISEN project – Applicability or lessons learnt and recommendations for disaster situations
mxpdmrfu,2fpjy3hs,-0.045327436,Digitalisierung - jetzt,Mortality Predictors in COVID-19 Patients with Cardiogenic Shock
mxpdmrfu,t6e2dcjy,-0.045325592,Digitalisierung - jetzt,Hyperferritinemia and the Extent of Mucormycosis in COVID-19 Patients
s70qsr79,0xcxvdf3,-0.045322865,Coivd-19 Impact Monitoring for Agriculutre,An EUA for Casirivimab and Imdevimab for COVID-19
3d56os6r,wcl8z530,-0.04531362,hpO: Berufsvereinigung für heilkundlich praktizierte Osteopathie e. V.,Beyond the Linguistic/Medical Anthropology Divide: Retooling Anthropology to Face COVID-19.
mxpdmrfu,hof83pje,-0.045306195,Digitalisierung - jetzt,Altered Lipid Profile is a Risk Factor for the Progression Andrecurrenceof COVID-19: From Two Retrospective Cohorts
peortqh5,jjdvtfy1,-0.04530146,COVID-19 Bringing Cairenes Back to their Streets,Wieloukładowy zespół zapalny u dzieci a COVID-19
3d56os6r,g9gnlnuq,-0.04529707,hpO: Berufsvereinigung für heilkundlich praktizierte Osteopathie e. V.,"COVID‐19 vaccinations: The unknowns, challenges, and hopes"
0tte9rf6,0xcxvdf3,-0.045288444,Identification and validation of a novel clinical signature to predict the prognosis in confirmed COVID-19 patients,An EUA for Casirivimab and Imdevimab for COVID-19
0xcxvdf3,g8o0mhjf,-0.04528802,An EUA for Casirivimab and Imdevimab for COVID-19,"Doctor, How Long Should I Isolate?"
mxpdmrfu,da3bpnbd,-0.045281842,Digitalisierung - jetzt,Knowledge and Perceptions of COVID-19 Among Health Care Workers: Cross-Sectional Study
0xcxvdf3,rdsgub59,-0.04525913,An EUA for Casirivimab and Imdevimab for COVID-19,COVID-19: the Emerging Role of Medical Student Involvement
3d56os6r,vv841f03,-0.04525257,hpO: Berufsvereinigung für heilkundlich praktizierte Osteopathie e. V.,COVID-19 Disruption Demonstrates Win-Win Climate Solutions for Major League Sports.
0xcxvdf3,m5tyezmh,-0.045248516,An EUA for Casirivimab and Imdevimab for COVID-19,Seeking inspiration at the end of a turbulent year
bgwyg02i,0xcxvdf3,-0.045242753,Prioritising your issues in the coming year.,An EUA for Casirivimab and Imdevimab for COVID-19
mxpdmrfu,aa2wusey,-0.04524004,Digitalisierung - jetzt,Clinical characteristics of human bocavirus infections compared with other respiratory viruses in Spanish children.
0xcxvdf3,8l4bb9rx,-0.045229312,An EUA for Casirivimab and Imdevimab for COVID-19,Goal Content and Attitudes toward Physical Activity among Primary School Students during COVID-19 Conditional Movement Control Order
5c1z3hxf,0xcxvdf3,-0.045209616,State Public Option Plans - Too Modest to Improve Affordability?,An EUA for Casirivimab and Imdevimab for COVID-19
w53rz0gr,hee0ubpw,-0.04519402,Comment,Parasitoses
3d56os6r,95r50c0y,-0.045193825,hpO: Berufsvereinigung für heilkundlich praktizierte Osteopathie e. V.,Learning Postdisruption: Lessons from Students in a Fully Online Nonmajors Laboratory Course
6hjj239s,0xcxvdf3,-0.045191567,Covid‐19 Emergency Support,An EUA for Casirivimab and Imdevimab for COVID-19
aculw8qf,0xcxvdf3,-0.04519156,Covid-19 Emergency Support,An EUA for Casirivimab and Imdevimab for COVID-19
2ein7n7r,3d56os6r,-0.04518487,Matters of Life and Death.,hpO: Berufsvereinigung für heilkundlich praktizierte Osteopathie e. V.
ti8hnjgc,mxpdmrfu,-0.04517516,Incidence of Nosocomial COVID-19 in Patients Hospitalized at a Large US Academic Medical Center,Digitalisierung - jetzt
mxpdmrfu,g9l76vm2,-0.04517064,Digitalisierung - jetzt,Two issues brought to urban farms by the COVID-19 pandemic
3d56os6r,9tzsrofa,-0.045162104,hpO: Berufsvereinigung für heilkundlich praktizierte Osteopathie e. V.,Staff: our most valuable asset.
3d56os6r,e4nne4b6,-0.045155987,hpO: Berufsvereinigung für heilkundlich praktizierte Osteopathie e. V.,COVID-19 pandemic: challenges ahead
mxpdmrfu,wxwka4hr,-0.04512988,Digitalisierung - jetzt,Neurological involvement in the respiratory manifestations of COVID-19 patients
mxpdmrfu,a1nnpcfo,-0.045109894,Digitalisierung - jetzt,﻿Clinical observation of different treatment strategies in pregnant women with COVID-19: a retrospective study
3d56os6r,fg6j7989,-0.0451046,hpO: Berufsvereinigung für heilkundlich praktizierte Osteopathie e. V.,The Divided Principle of Justice: Ethical Decision-Making at Surge Capacity
mxpdmrfu,vpw8u5sn,-0.045097202,Digitalisierung - jetzt,Social Determinants of Health Are Needed in COVID-19 Risk Assessments for the Workforce
qmhzzsgb,mxpdmrfu,-0.04509412,"Clinical challenges in cancer patients with COVID-19: Aging, immunosuppression, and comorbidities",Digitalisierung - jetzt
mxpdmrfu,erwds6dp,-0.045093097,Digitalisierung - jetzt,Bats and Coronaviruses in the Context of COVID-19
3d56os6r,aoqj7pd3,-0.045081064,hpO: Berufsvereinigung für heilkundlich praktizierte Osteopathie e. V.,Private Equity's Game Plan and Why it Should Matter to Us.
wt1820lq,mxpdmrfu,-0.045078374,Food insecurity in the households of children with autism spectrum disorders and intellectual disabilities in the United States: Analysis of the National Survey of Children's Health Data 2016-2018.,Digitalisierung - jetzt
0xcxvdf3,cx4ldwgk,-0.045068003,An EUA for Casirivimab and Imdevimab for COVID-19,How COVID-19 is Affecting Apprentices
mxpdmrfu,r6k0x9ei,-0.0450651,Digitalisierung - jetzt,Physical activity and its relationship with COVID-19 cases and deaths: Analysis of U.S. counties
xjxvk4f5,jjdvtfy1,-0.045049258,Distance teaching of experimental scientific methodology and scientific thinking,Wieloukładowy zespół zapalny u dzieci a COVID-19
i4ylm5d4,mxpdmrfu,-0.04504301,Relationship between the number of prenatal care visits and the occurrence of adverse perinatal outcomes.,Digitalisierung - jetzt
3d56os6r,9i9dhp3g,-0.045034923,hpO: Berufsvereinigung für heilkundlich praktizierte Osteopathie e. V.,Novel Pedagogical Training for Nursing Doctoral Students in Support of Remote Learning: A Win-Win Situation
kmszldwt,0xcxvdf3,-0.045025744,COVID-19 and its potential impact on stages of tourist Destination Development,An EUA for Casirivimab and Imdevimab for COVID-19
cd7adns8,hcjpj03p,-0.045019116,65 Haematological Diseases in the Tropics,Leitlinien zu COVID-19
cd7adns8,ioveubcb,-0.045019116,65 Haematological Diseases in the Tropics,Darmkrebsvorsorge zu COVID‑19‑Zeiten
cd7adns8,9sk9n0f9,-0.045019116,65 Haematological Diseases in the Tropics,"Anmerkung zu BVerfG, Beschl. v. 16.12.2021 – 1 BvR 1541/20"
0xcxvdf3,lw3xxrer,-0.04501445,An EUA for Casirivimab and Imdevimab for COVID-19,Comparing Different Typologies of Physical Activities With a Focus on Motivation
g50fc8yi,mxpdmrfu,-0.045005284,Epidemiological Characteristics of COVID-19 Deaths in China: An Analysis of Environmental Factors,Digitalisierung - jetzt
hcjpj03p,nhymwflx,-0.045002684,Leitlinien zu COVID-19,Invasive alien species as reservoirs for pathogens
nhymwflx,ioveubcb,-0.045002684,Invasive alien species as reservoirs for pathogens,Darmkrebsvorsorge zu COVID‑19‑Zeiten
nhymwflx,9sk9n0f9,-0.045002684,Invasive alien species as reservoirs for pathogens,"Anmerkung zu BVerfG, Beschl. v. 16.12.2021 – 1 BvR 1541/20"
09lp3usk,0xcxvdf3,-0.045001343,Forward View Retrospective,An EUA for Casirivimab and Imdevimab for COVID-19
zhm8e7z4,3d56os6r,-0.044998482,Technology and Entrepreneurial Marketing Decisions During COVID-19,hpO: Berufsvereinigung für heilkundlich praktizierte Osteopathie e. V.
zqz2px10,mxpdmrfu,-0.044994768,The Lived Experiences of Family Members of Covid-19 Patients Admitted to Intensive Care Unit: A Phenomenological Study,Digitalisierung - jetzt
0xcxvdf3,cpl373kv,-0.04499179,An EUA for Casirivimab and Imdevimab for COVID-19,An Adaptable LSTM Network Predicting COVID-19 Occurrence Using Time Series Data
mxpdmrfu,94y6rtos,-0.04499148,Digitalisierung - jetzt,Resource scarcity and prioritization decisions in medical care: A lab experiment with heterogeneous patient types.
m1qdtp1y,mxpdmrfu,-0.044987697,Keeping current on patient safety.,Digitalisierung - jetzt
fkcbkxkx,3d56os6r,-0.04497781,In Brief,hpO: Berufsvereinigung für heilkundlich praktizierte Osteopathie e. V.
3d56os6r,zq25tlkm,-0.04497781,hpO: Berufsvereinigung für heilkundlich praktizierte Osteopathie e. V.,In Brief
mxpdmrfu,bh10qg17,-0.044977218,Digitalisierung - jetzt,Knowledge and Expectations of Perinatal Care Among Pregnant Women During the COVID-19 Pandemic
vk8waw3b,mxpdmrfu,-0.0449772,Contact Screening for Healthcare Workers Exposed to Patients with COVID-19,Digitalisierung - jetzt
gsonpunw,t65u6ucn,-0.044976987,Campylobacteriose — eine zoonotische Infektionskrankheit,Communicating with medical library users during COVID-19
0xcxvdf3,g1qc5t3r,-0.044965256,An EUA for Casirivimab and Imdevimab for COVID-19,Impact of the perceived threat of COVID-19 on variety-seeking
l55mx4lp,mxpdmrfu,-0.044950567,Hospital course and discharge criteria for children hospitalized with bronchiolitis,Digitalisierung - jetzt
tldy1lwy,mxpdmrfu,-0.044928715,"Endocrinology, not including diabetes",Digitalisierung - jetzt
jjdvtfy1,dcorsqbf,-0.04492827,Wieloukładowy zespół zapalny u dzieci a COVID-19,Giving up the (traditional) restaurant ghost
mxpdmrfu,qkfhq2n8,-0.044927422,Digitalisierung - jetzt,Factors affecting the mortality rate of patients with cancer hospitalized with COVID-19: a single center's experience
0xcxvdf3,k7re86m1,-0.044927176,An EUA for Casirivimab and Imdevimab for COVID-19,"""Stop scaring the children"": a call for resilient and tenacious optimism"
mxpdmrfu,3mgysx24,-0.044922046,Digitalisierung - jetzt,"The landscape of COVID-19 in cancer patients: Prevalence, impacts, and recommendations"
mxpdmrfu,u6wxkmpi,-0.044920333,Digitalisierung - jetzt,COVID-19 Legislation Advances Nursing's Scope of Practice
3d56os6r,gnfiaa2n,-0.04491892,hpO: Berufsvereinigung für heilkundlich praktizierte Osteopathie e. V.,Orders & Contracts
3d56os6r,q39u3ky7,-0.04491892,hpO: Berufsvereinigung für heilkundlich praktizierte Osteopathie e. V.,Orders & Contracts
mxpdmrfu,n0l1khb9,-0.044911683,Digitalisierung - jetzt,454. Healthcare Workers with COVID-19 infection: Experience from a Designated COVID-19 Clinic
qrlrg62o,mxpdmrfu,-0.04490744,Survival of COVID-19 with Multimorbidity Patients,Digitalisierung - jetzt
mxpdmrfu,nfipz41e,-0.044905167,Digitalisierung - jetzt,Caring for the COVID Patient: A Clinical Pharmacist's Perspective.
u8v38qzd,mxpdmrfu,-0.044899143,"To Work With Marginalized Populations, Empathy Is Key.",Digitalisierung - jetzt
baz9y41a,mxpdmrfu,-0.044895783,Clinical course and severity outcome indicators among COVID 19 hospitalized patients in relation to comorbidities distribution Mexican cohort,Digitalisierung - jetzt
mxpdmrfu,k2gwtybp,-0.044894915,Digitalisierung - jetzt,Community Care and COVID-19: A Case Study
izlpz4qn,zu4tikpu,-0.044894017,Risk Factors for Mortality of COVID-19 Patients,Exkursion in eine postagile Zukunft
ad47xdvh,mxpdmrfu,-0.04488355,Considerations for Studying the Impacts of COVID-19 and Other Complex Hazards on Drinking Water Systems,Digitalisierung - jetzt
jkm1l3ub,aaj9e3v9,-0.04487665,Is this the COVID decade?,9 vragen over vaccineren
9arrvpj9,3d56os6r,-0.044874206,The time to offer treatments for COVID-19,hpO: Berufsvereinigung für heilkundlich praktizierte Osteopathie e. V.
0xcxvdf3,fr1ln51g,-0.044866323,An EUA for Casirivimab and Imdevimab for COVID-19,The Future of Telemedicine in the Management of Heart Failure Patients
mxpdmrfu,livtaxla,-0.04486409,Digitalisierung - jetzt,"Postsecondary education, COVID‐19, and students with disabilities"
0xcxvdf3,020l8j50,-0.044852797,An EUA for Casirivimab and Imdevimab for COVID-19,Some Predictors of Perceived Support and Proximity in Students during COVID-19 Distance Learning
mxpdmrfu,lv39vicw,-0.044847805,Digitalisierung - jetzt,Coronaviruses and their diseases.
grzjod14,mxpdmrfu,-0.04484561,Biometrics and Knowledge Management Information Systems,Digitalisierung - jetzt
p9bhlcpu,3d56os6r,-0.044845235,Transforming challenges into opportunities: conducting health preference research during the COVID-19 pandemic and beyond,hpO: Berufsvereinigung für heilkundlich praktizierte Osteopathie e. V.
z8udq55w,0xcxvdf3,-0.04484212,Finding a new balance,An EUA for Casirivimab and Imdevimab for COVID-19
mxpdmrfu,757emzjo,-0.04483772,Digitalisierung - jetzt,Antiviral Resistance in Influenza Viruses: Clinical and Epidemiological Aspects
tz9psjqv,mxpdmrfu,-0.04483644,Covid-19 Success Stories of 3D Printing,Digitalisierung - jetzt
cf6lvhlc,0xcxvdf3,-0.04479619,Isolated hypophosphataemia as an early marker of primary hyperparathyroidism.,An EUA for Casirivimab and Imdevimab for COVID-19
3d56os6r,xzywy4hf,-0.044792965,hpO: Berufsvereinigung für heilkundlich praktizierte Osteopathie e. V.,On being the right size
3d56os6r,aeu17tib,-0.044782873,hpO: Berufsvereinigung für heilkundlich praktizierte Osteopathie e. V.,Can robots tackle late-life loneliness? Scanning of future opportunities and challenges in assisted living facilities
3d56os6r,t2gxkxxd,-0.044781804,hpO: Berufsvereinigung für heilkundlich praktizierte Osteopathie e. V.,How and Why Patients Made Long Covid
1gjbktzb,mxpdmrfu,-0.044775866,Competing Visions for the Future of Health Policy.,Digitalisierung - jetzt
mxpdmrfu,uxkwskoc,-0.044759646,Digitalisierung - jetzt,The Danish sports chiropractic landscape: an exploration of practice characteristics and salient developmental issues
z9mnsgxk,ojco4fjv,-0.044752337,"Repurposed, Reassigned, Redeployed",Pflegepolitik in 5 Minuten
z9mnsgxk,sz8abu0j,-0.044752337,"Repurposed, Reassigned, Redeployed",Pflegepolitik in 5 Minuten
jjdvtfy1,35lc5e1p,-0.044726197,Wieloukładowy zespół zapalny u dzieci a COVID-19,"Scientific misinformation: A perfect storm, missteps, and moving forward."
mxpdmrfu,lmz4vf3l,-0.044724494,Digitalisierung - jetzt,400. Secondary Infections in COVID-19 Patients Receiving Tocilizumab in a Community Hospital
4xequq1u,3d56os6r,-0.044715926,Six lessons for public health in the fight against COVID-19,hpO: Berufsvereinigung für heilkundlich praktizierte Osteopathie e. V.
3d56os6r,6lh65jl5,-0.044707272,hpO: Berufsvereinigung für heilkundlich praktizierte Osteopathie e. V.,Should children become key stakeholders in designing family-friendly workplaces?
mxpdmrfu,mppms4qz,-0.04470424,Digitalisierung - jetzt,Epidemiology and Outcomes of COVID-19 in Home Dialysis Patients Compared with In-Center Dialysis Patients
0xcxvdf3,mstefs0l,-0.04470013,An EUA for Casirivimab and Imdevimab for COVID-19,Teaching for social impact: integrating generational goals and concerns into religious education
rtjl0qbp,tnmk3zpf,-0.044693165,Time to address the spatiotemporal uncertainties in COVID-19 research: Concerns and challenges,CAPNETZ fokussiert auf COVID-19
0xcxvdf3,gk0d6spi,-0.044692952,An EUA for Casirivimab and Imdevimab for COVID-19,Computer Game-Based Telerehabilitation Platform Targeting Manual Dexterity: Exercise Is Fun. “You Are Kidding—Right?”
mxpdmrfu,uw96wqir,-0.044681344,Digitalisierung - jetzt,Gender differences in Health Risk Behaviors and its correlates during COVID-19 pandemic
gsh9nhy5,mxpdmrfu,-0.04466983,The genomics of emerging pathogens.,Digitalisierung - jetzt
3d56os6r,2lfdea3f,-0.04466683,hpO: Berufsvereinigung für heilkundlich praktizierte Osteopathie e. V.,Vaccination Disagreement Between Parents
zu4tikpu,v7xbnfg9,-0.044666804,Exkursion in eine postagile Zukunft,Cautions on the laboratory indicators of COVID‐19 patients on and during admission
8szvejqf,mxpdmrfu,-0.04466536,A Systematic Approach to Public Health – Novel Application of the Human Factors Analysis and Classification System to Public Health and COVID-19,Digitalisierung - jetzt
mm2r609w,mxpdmrfu,-0.044653844,The impact of COVID-19 on community neurology patients,Digitalisierung - jetzt
tazvpnuu,0xcxvdf3,-0.04465255,Challenges and Opportunities for Academic Parents During COVID-19,An EUA for Casirivimab and Imdevimab for COVID-19
xgo8s2oy,0xcxvdf3,-0.044644043,Insufficient Advance Care Planning? Correlates of Planning Without Personal Conversations.,An EUA for Casirivimab and Imdevimab for COVID-19
mxpdmrfu,80pw8812,-0.044639785,Digitalisierung - jetzt,[Mental health status and its influencing factors among college students during the epidemic of COVID-19].
53zota2n,0xcxvdf3,-0.04463778,What factors drive the satisfaction of citizens with governments' responses to COVID-19?,An EUA for Casirivimab and Imdevimab for COVID-19
0xcxvdf3,gnefx6s9,-0.044634067,An EUA for Casirivimab and Imdevimab for COVID-19,A Diverse Organizational Culture and Its Impact on Innovative Work Behavior of Municipal Employees
mxpdmrfu,codui9gb,-0.044630516,Digitalisierung - jetzt,Clinical characteristics of critically ill patients with COVID-19.
8hbe5cag,gsonpunw,-0.044630077,"COVID-19, osteoarthritis and women's health",Campylobacteriose — eine zoonotische Infektionskrankheit
3d56os6r,v92r2c2r,-0.044626553,hpO: Berufsvereinigung für heilkundlich praktizierte Osteopathie e. V.,COVID‐19 makes clear why deinstitutionalization is essential
3d56os6r,oadp0wnr,-0.044626553,hpO: Berufsvereinigung für heilkundlich praktizierte Osteopathie e. V.,COVID-19 makes clear why deinstitutionalization is essential
mxpdmrfu,5e02deke,-0.04462166,Digitalisierung - jetzt,Perceptions of risk for COVID-19 among individuals with chronic diseases and stakeholders in Central Appalachia
s92xfrfb,mxpdmrfu,-0.044607125,Psychometric properties of the Gender Role Attitudes Scale among Turkish nursing students and factors affecting their attitudes.,Digitalisierung - jetzt
q3pyiyt4,0xcxvdf3,-0.044606525,MigrationsKB: A Knowledge Base of Public Attitudes towards Migrations and their Driving Factors,An EUA for Casirivimab and Imdevimab for COVID-19
n6urehm5,3d56os6r,-0.044604693,2020: It Was Quite a Year!,hpO: Berufsvereinigung für heilkundlich praktizierte Osteopathie e. V.
mxpdmrfu,gkxtd5if,-0.044601146,Digitalisierung - jetzt,[changing of Social Well-being and Health of Older Women during Covid-19: Objective and Subjective Factors]
0xcxvdf3,3zrc1lka,-0.044600956,An EUA for Casirivimab and Imdevimab for COVID-19,The Myriad Ways in Which COVID-19 Revealed Character
41ucn0ro,3d56os6r,-0.04459854,Special education teachers’ experiences of addressing challenging behaviour during the pandemic,hpO: Berufsvereinigung für heilkundlich praktizierte Osteopathie e. V.
3d56os6r,iao6364j,-0.04459774,hpO: Berufsvereinigung für heilkundlich praktizierte Osteopathie e. V.,Designing mathematical problems task through COVID-19 context
zu4tikpu,u98619z6,-0.044562798,Exkursion in eine postagile Zukunft,Echocardiographic findings in critical patients with COVID-19
0xcxvdf3,ajbdqvho,-0.044558372,An EUA for Casirivimab and Imdevimab for COVID-19,Capacity and decision making
3d56os6r,qbop37am,-0.044553217,hpO: Berufsvereinigung für heilkundlich praktizierte Osteopathie e. V.,Critical care medicine 2013: a review and prospect.
3d56os6r,1cyq3dg4,-0.044552565,hpO: Berufsvereinigung für heilkundlich praktizierte Osteopathie e. V.,Events and sustainability: why making events more sustainable is not enough
t3eg7v5o,mxpdmrfu,-0.044542257,Predictors of mortality in patients with COVID-19 - a systematic review,Digitalisierung - jetzt
gbesxdw8,0xcxvdf3,-0.0445403,Missing the Target,An EUA for Casirivimab and Imdevimab for COVID-19
0xcxvdf3,r4nj3yob,-0.04452112,An EUA for Casirivimab and Imdevimab for COVID-19,Mechanisms of mindfulness for professional golfers: the mediating role of basic psychological needs
8cyr7wkn,jjdvtfy1,-0.044515956,Lessons from the past.,Wieloukładowy zespół zapalny u dzieci a COVID-19
nno1jdc4,vur1c2nf,-0.044512585,Multiorganinfektionen — komplexe klinisch-infektiologische Krankheiten,Communicating With Patients and Families During COVID-19
3d56os6r,larnpelj,-0.04450976,hpO: Berufsvereinigung für heilkundlich praktizierte Osteopathie e. V.,Controlling Cost in Time of Covid-19
l0khap0p,3d56os6r,-0.04450069,Celebrate Life.,hpO: Berufsvereinigung für heilkundlich praktizierte Osteopathie e. V.
l1nvnvkg,tnmk3zpf,-0.04449246,Transmission and risk factors of OF COVID-19.,CAPNETZ fokussiert auf COVID-19
3d56os6r,1eqoy14c,-0.044484656,hpO: Berufsvereinigung für heilkundlich praktizierte Osteopathie e. V.,The future of obesity care
mz3kysvr,0xcxvdf3,-0.044483237,General practice in the years ahead: relationships will matter more than ever,An EUA for Casirivimab and Imdevimab for COVID-19
ym5z5ob6,sfarwvit,-0.04448212,ASTCT Notes,So machen Vermittler ihren Betrieb zukunftsfest
3d56os6r,bee2rcw2,-0.044477034,hpO: Berufsvereinigung für heilkundlich praktizierte Osteopathie e. V.,Travel restrictions and evidence‐based decision making for novel epidemics
mxpdmrfu,sytlrpbf,-0.044472262,Digitalisierung - jetzt,Identifying Immunological and Clinical Predictors of COVID-19 Severity and Sequelae by Mathematical Modeling
gksuo6yx,mxpdmrfu,-0.0444574,Vulnerability of Construction Workers During COVID-19: Tracking Welfare Responses and Challenges,Digitalisierung - jetzt
3d56os6r,vn4qh22i,-0.044453386,hpO: Berufsvereinigung für heilkundlich praktizierte Osteopathie e. V.,My Lived Experience As an Epidemiologist in 2020.
mdd60ic7,rxfw9idl,-0.044452198,Acknowledgement to Referees,Coronavirus: Stehen wir am Beginn einer neuen Pandemie?
nfzoanb9,rxfw9idl,-0.044452198,Acknowledgement to Referees,Coronavirus: Stehen wir am Beginn einer neuen Pandemie?
rxfw9idl,qgrecd29,-0.044452198,Coronavirus: Stehen wir am Beginn einer neuen Pandemie?,Acknowledgement to Referees
0e0stvsd,avlpi6k6,-0.044445377,BvDU Kurz notiert,Covid-19: Uncovering Individuality
6gxlv2ci,avlpi6k6,-0.044445377,BvDU Kurz notiert,Covid-19: Uncovering Individuality
hcjpj03p,8lwnmdeq,-0.044429135,Leitlinien zu COVID-19,SPECIFIC PROBLEM AREAS
8lwnmdeq,ioveubcb,-0.044429135,SPECIFIC PROBLEM AREAS,Darmkrebsvorsorge zu COVID‑19‑Zeiten
8lwnmdeq,9sk9n0f9,-0.044429135,SPECIFIC PROBLEM AREAS,"Anmerkung zu BVerfG, Beschl. v. 16.12.2021 – 1 BvR 1541/20"
vpbmxk1i,95u2vws4,-0.04442783,Journal Highlights,Wir haben eine Impfung!
zu4tikpu,a3di1tgz,-0.044422027,Exkursion in eine postagile Zukunft,COVID-19 in Pregnant Women and Their Newborn Infants.
fouh4jhs,5h5vvxmt,-0.04442095,Konjunkturpaket notwendig — Rückkehr zur Schuldenbremse nicht forcieren,WILDLIFE
3d56os6r,az3gpma5,-0.04441667,hpO: Berufsvereinigung für heilkundlich praktizierte Osteopathie e. V.,"The performance of truth: politicians, fact-checking journalism, and the struggle to tackle COVID-19 misinformation"
mxpdmrfu,6a1rkaiw,-0.044412874,Digitalisierung - jetzt,Patient-Related Complexity of Care in Healthcare Organizations: A Management and Evaluation Model.
3ckp115n,mxpdmrfu,-0.044396702,Considerations for Patients With Peripheral Artery Disease During the COVID-19 Pandemic,Digitalisierung - jetzt
mxpdmrfu,d3vjwckk,-0.04437749,Digitalisierung - jetzt,Multiagency working between children's social care and schools during COVID-19: case study experiences from English local authorities and international reflections
kpelxh8c,0xcxvdf3,-0.04436382,Empowering People to Make Healthier Choices: A Critical Discourse Analysis of the Tackling Obesity Policy,An EUA for Casirivimab and Imdevimab for COVID-19
hcjpj03p,ls36jxkv,-0.044362064,Leitlinien zu COVID-19,Genophenotypic Factors and Pharmacogenomics in Adverse Drug Reactions
9sk9n0f9,ls36jxkv,-0.044362064,"Anmerkung zu BVerfG, Beschl. v. 16.12.2021 – 1 BvR 1541/20",Genophenotypic Factors and Pharmacogenomics in Adverse Drug Reactions
ioveubcb,ls36jxkv,-0.044362064,Darmkrebsvorsorge zu COVID‑19‑Zeiten,Genophenotypic Factors and Pharmacogenomics in Adverse Drug Reactions
1x33r4dw,gsonpunw,-0.044354923,Sports: The Infectious Hazards.,Campylobacteriose — eine zoonotische Infektionskrankheit
xmkg668o,mxpdmrfu,-0.04435307,The Risk Factors for Weaning Failure of Mechanically Ventilated Patients With COVID-19: A Retrospective Study in National Medical Team Work,Digitalisierung - jetzt
3d56os6r,1k9r1ojf,-0.044347063,hpO: Berufsvereinigung für heilkundlich praktizierte Osteopathie e. V.,COVID-19 CRISIS: we must care for ourselves as we care for others.
5vujmm2i,mxpdmrfu,-0.044345222,The Impact of COVID-19 on Flight Networks,Digitalisierung - jetzt
u57gsa7q,mxpdmrfu,-0.044345222,The Impact of COVID-19 on Flight Networks,Digitalisierung - jetzt
xc1s3pjp,0xcxvdf3,-0.044344246,Call for a bigger vision.,An EUA for Casirivimab and Imdevimab for COVID-19
mxpdmrfu,2ni6efmt,-0.044332035,Digitalisierung - jetzt,Analysis of Solutions Improving Safety of Cyclists in the Road Traffic
c71asbj9,0xcxvdf3,-0.044317603,"New urbanism: Past, present, and future",An EUA for Casirivimab and Imdevimab for COVID-19
3k8gz1a9,0xcxvdf3,-0.044316575,The Psychiatry Milestones 2.0: How Did We Get from 1.0 to 2.0 and What Can Users Expect?,An EUA for Casirivimab and Imdevimab for COVID-19
z4blmcd0,fg1qcry5,-0.044315353,COVID-19 and VIH,A time to be calm
mxpdmrfu,q8xjdxet,-0.04431477,Digitalisierung - jetzt,Rural infection preventionists’ experiences during the COVID-19 pandemic: Findings from focus groups conducted with association of professionals in infection control & epidemiology (APIC) members
2h3kz82b,mxpdmrfu,-0.044309787,Neutrophil-to-lymphocyte ratio as an independent risk factor for mortality in hospitalized patients with COVID-19,Digitalisierung - jetzt
d35o57ju,0xcxvdf3,-0.04430222,COVID-19 and the urological practice: changes and future perspectives,An EUA for Casirivimab and Imdevimab for COVID-19
mxpdmrfu,hpwyb2yj,-0.044301506,Digitalisierung - jetzt,Withdrawing critical care from patients in a triage situation
v02ebqvj,0xcxvdf3,-0.044292863,Clinician Absences and Contributing Factors During a COVID-19 Surge: Potential Areas for Intervention and Planning,An EUA for Casirivimab and Imdevimab for COVID-19
z6c3vzb7,jjdvtfy1,-0.044286482,COVID-19 Industry Guidance: Communications Infrastructure,Wieloukładowy zespół zapalny u dzieci a COVID-19
cu1k0u68,ojco4fjv,-0.044284206,Hypoalbuminemia in COVID‐19,Pflegepolitik in 5 Minuten
cu1k0u68,sz8abu0j,-0.044284206,Hypoalbuminemia in COVID‐19,Pflegepolitik in 5 Minuten
3d56os6r,mlsgxtz9,-0.04428212,hpO: Berufsvereinigung für heilkundlich praktizierte Osteopathie e. V.,Engaging students during the COVID-19 pandemic
4znoh6r9,mxpdmrfu,-0.044278044,The involvement of community pediatricians in the treatment of developmental-behavioral difficulties as perceived by directors of child development centers,Digitalisierung - jetzt
0xcxvdf3,dnr4jrne,-0.044272218,An EUA for Casirivimab and Imdevimab for COVID-19,Quality of Life and Factors Affecting It: A Study Among People Living Near a Solid Waste Management Facility
0xcxvdf3,3jkxcuu2,-0.04426389,An EUA for Casirivimab and Imdevimab for COVID-19,The Importance of Connectivity: How Social Distancing Might Impact Freshman Medical Students.
3d56os6r,rkn9ffr0,-0.044260297,hpO: Berufsvereinigung für heilkundlich praktizierte Osteopathie e. V.,Impact of Restricted Contact between Grandparents and Grandchildren during the COVID-19 Pandemic
j7hh9u49,3d56os6r,-0.044252604,4.C. Round table: Recovering from the COVID-19 Pandemic: Identifying and Acting Upon Lessons Learned,hpO: Berufsvereinigung für heilkundlich praktizierte Osteopathie e. V.
q7npcqv7,mxpdmrfu,-0.044251613,A paramedic in public health,Digitalisierung - jetzt
mxpdmrfu,f6i3kn4d,-0.04425134,Digitalisierung - jetzt,Research and Prospect Analysis of Sports Consumption Willingness Based on Public Health Emergencies
3rxajorg,jjdvtfy1,-0.044245213,Heuristic “bottom-up”: Covid-19,Wieloukładowy zespół zapalny u dzieci a COVID-19
mxpdmrfu,zwn614wp,-0.04424298,Digitalisierung - jetzt,Therapeutic targets and potential agents for the treatment of COVID-19.
uzkho43n,mxpdmrfu,-0.044241194,An Analysis of the Effects of Psychosocial Work Environment on the Retention Intentions of Primary Care Coordinators Nursing Patients with Chronic Illness,Digitalisierung - jetzt
3d56os6r,vu2gqd5e,-0.04423477,hpO: Berufsvereinigung für heilkundlich praktizierte Osteopathie e. V.,Perilipins at a glance
tc8alt8o,mxpdmrfu,-0.044233352,"Authors' responses to the comments on “Attitude, practice, behavior, and mental health impact of COVID-19 on doctors”",Digitalisierung - jetzt
mxpdmrfu,t1si2j0g,-0.044207845,Digitalisierung - jetzt,Analysis of worldwide surgical outcomes in COVID-19-infected patients: a gynecological oncology perspective
3d56os6r,4s41rbsd,-0.04420621,hpO: Berufsvereinigung für heilkundlich praktizierte Osteopathie e. V.,Nonuremic calciphylaxis in a COVID-19 patient
g2t3dvx6,mxpdmrfu,-0.04419948,Transforming risk management,Digitalisierung - jetzt
6lngz7y1,mxpdmrfu,-0.044198982,A comparative study on the clinical features of COVID-19 pneumonia to other pneumonias,Digitalisierung - jetzt
mxpdmrfu,29mcj9os,-0.044188514,Digitalisierung - jetzt,Teaching Ultrasound at the Point of Care in Times of Social Distancing
3d56os6r,jz2x8zwq,-0.044187725,hpO: Berufsvereinigung für heilkundlich praktizierte Osteopathie e. V.,"Nursing in the COVID‐19 pandemic and beyond: protecting, saving, supporting and honouring nurses"
4dydigyc,mxpdmrfu,-0.044177353,Care Transitions to the Community from Veterans Affairs Nursing Homes: Experiences of Social Connection and Disconnection,Digitalisierung - jetzt
mg9for3u,3d56os6r,-0.044167466,COVID: An Unexpected Barrier to Care,hpO: Berufsvereinigung für heilkundlich praktizierte Osteopathie e. V.
mxpdmrfu,ruvzgy1l,-0.04416741,Digitalisierung - jetzt,The Management and Outcomes of Coronavirus Disease 2019 Infection in a Series of Neurosurgical Patients
3d56os6r,pz9mdx88,-0.04416419,hpO: Berufsvereinigung für heilkundlich praktizierte Osteopathie e. V.,Learning in the Time of COVID-19: Key Lessons From the Pandemic for Medical Trainees
ni6iyzdn,mxpdmrfu,-0.044152077,Predicting Drug-Target Interaction Networks Based on Functional Groups and Biological Features,Digitalisierung - jetzt
0xcxvdf3,9ne2a5h0,-0.044151954,An EUA for Casirivimab and Imdevimab for COVID-19,"Real-time individual benefit from social interactions before and during the lockdown: The crucial role of personality, neurobiology and genes"
iqpj2wb4,3d56os6r,-0.04414885,Impact of COVID-19 lockdown on children with developmental disabilities and their parents,hpO: Berufsvereinigung für heilkundlich praktizierte Osteopathie e. V.
mxpdmrfu,czbgayq9,-0.04414365,Digitalisierung - jetzt,Endometriosis – novel approaches and controversies debated
6i6btpff,0xcxvdf3,-0.044143017,An Impact-Centred Tool for Developing Design Students’ Capacity for Sustainable Transformation,An EUA for Casirivimab and Imdevimab for COVID-19
mxpdmrfu,rscznxsx,-0.044131313,Digitalisierung - jetzt,"The Impact of Education, COVID-19 and Risk Factors on the Quality of Life in Patients with Type 2 Diabetes"
1l9dxc16,3d56os6r,-0.044131245,Mind over matter,hpO: Berufsvereinigung für heilkundlich praktizierte Osteopathie e. V.
3d56os6r,j8cwz2w1,-0.04413074,hpO: Berufsvereinigung für heilkundlich praktizierte Osteopathie e. V.,Examining Gifted Students' Evaluations of Their Education Programs in Terms of Their Project Production and Management
8wc5b44u,3d56os6r,-0.044123985,"COVID-19, WHO guidelines, pedagogy, and respite",hpO: Berufsvereinigung für heilkundlich praktizierte Osteopathie e. V.
mxpdmrfu,bc9iauvq,-0.044119444,Digitalisierung - jetzt,Blockchain Technology: Opportunities and Challenges for Small and Large Banks during COVID-19
zu4tikpu,exsd4b98,-0.044118043,Exkursion in eine postagile Zukunft,Talk to Patients About: ACIP
mxpdmrfu,da6ym8py,-0.044117503,Digitalisierung - jetzt,The nature of the pandemic: Exploring the negative impacts of the COVID-19 pandemic upon recreation visitor behaviors and experiences in parks and protected areas
br4b8tum,0xcxvdf3,-0.044113554,COVID-19 Impact on Educational System Globally,An EUA for Casirivimab and Imdevimab for COVID-19
mxpdmrfu,bss72vuq,-0.04411308,Digitalisierung - jetzt,A hospital-wide response to multiple outbreaks of COVID-19 in health care workers: Lessons learned from the field
g2oztc8j,mxpdmrfu,-0.044111468,Sonographer safety issues during the COVID-19 pandemic,Digitalisierung - jetzt
niqozqe1,0xcxvdf3,-0.044109467,Conceptual Design of Working from Home Based on Behavior Change in New Normal,An EUA for Casirivimab and Imdevimab for COVID-19
n6ptd4yy,3d56os6r,-0.04410779,"Letter to the Editor: Study of Live Lecture Attendance, Student Perceptions and Expectations",hpO: Berufsvereinigung für heilkundlich praktizierte Osteopathie e. V.
n4u71dhd,0xcxvdf3,-0.04410203,Optimum Management of COVID-19 in the Geriatric Population: The Need for a Comprehensive Assessment,An EUA for Casirivimab and Imdevimab for COVID-19
j6nd02sj,t1emt6jd,-0.044093776,پیشبینی رفتارهاي پیشگیرانه از کووید-19 بر اساس سازه هاي مدل اعتقاد بهداشتی (HBM): مطالعه مبتنی بر اینترنت در جمعیت استان مازندران,Complement control for COVID-19
0xcxvdf3,uq0nywme,-0.044090975,An EUA for Casirivimab and Imdevimab for COVID-19,"Recent Improvements in Marathon Run Times Are Likely Technological, Not Physiological"
09805bc0,mxpdmrfu,-0.04408867,Mortality Rate of Patients With COVID-19 Based on Underlying Health Conditions,Digitalisierung - jetzt
mxpdmrfu,qalachni,-0.044087604,Digitalisierung - jetzt,Internet of things in healthcare for patient safety: an empirical study
wsojba3s,mxpdmrfu,-0.04408031,"Influence of caring for COVID‐19 patients on nurse's turnover, work satisfaction and quality of care",Digitalisierung - jetzt
a56hdajq,mxpdmrfu,-0.044077594,"Prevalence, content and significance of advance care planning in nursing home patients",Digitalisierung - jetzt
nslp897x,0xcxvdf3,-0.044076458,"Questioning Aid for Rich, Real-Time Discussion (QARRD): A Tool to Improve Critical Thinking in Clinical Settings",An EUA for Casirivimab and Imdevimab for COVID-19
3d56os6r,647jry0k,-0.044075895,hpO: Berufsvereinigung für heilkundlich praktizierte Osteopathie e. V.,Addressing the Experience of Children and Adolescents During the COVID-19 Pandemic
b965x25b,nkgs2iv6,-0.04407426,Faces of Risk and Resilience: Fathers and Their Families,Aktuelles Studienergebnis unterstreicht zurückhaltende Kommentierung
6p4kkgp4,mxpdmrfu,-0.044073477,Human Vaccines & Immunotherapeutics: news.,Digitalisierung - jetzt
mxpdmrfu,oi8ls8to,-0.044073477,Digitalisierung - jetzt,Human vaccines & immunotherapeutics: news.
mxpdmrfu,l7r5uar8,-0.044073477,Digitalisierung - jetzt,Human Vaccines & Immunotherapeutics: news
4lvid53c,3d56os6r,-0.04406572,Factors Associated With US Adults' Likelihood of Accepting COVID-19 Vaccination,hpO: Berufsvereinigung für heilkundlich praktizierte Osteopathie e. V.
mxpdmrfu,8b9qnxwl,-0.0440656,Digitalisierung - jetzt,Human Factors and Multidisciplinary Response to COVID-19 Social Distancing
3d56os6r,hrcjwvou,-0.044062905,hpO: Berufsvereinigung für heilkundlich praktizierte Osteopathie e. V.,The first 10000 COVID-19 papers in perspective: are we publishing what we should be publishing?
3d56os6r,z2lpbrpu,-0.044054333,hpO: Berufsvereinigung für heilkundlich praktizierte Osteopathie e. V.,What should be the ideal definite COVID-19 case definition?
mxpdmrfu,rer617kg,-0.044044882,Digitalisierung - jetzt,"Quality of Life, Resilience, and Related Factors of Nursing Students During the COVID-19 Pandemic"
75olpaoo,mxpdmrfu,-0.044035096,Biomedical Vignette,Digitalisierung - jetzt
mxpdmrfu,0d682m0n,-0.044035096,Digitalisierung - jetzt,Biomedical vignette
0h6yapwt,mxpdmrfu,-0.04403137,Operation Distribution: Physicians Key in COVID-19 Vaccines Distribution,Digitalisierung - jetzt
mxpdmrfu,zujq1erv,-0.044028867,Digitalisierung - jetzt,Detectroops - A Street Mascarar
gsonpunw,ys89q4za,-0.044028014,Campylobacteriose — eine zoonotische Infektionskrankheit,Scanning profile of patients with covid-19 infection: about 100 cases
o4384s1l,mxpdmrfu,-0.044020496,"COVID-19 Patients Symptoms: Gastrointestinal Presentations, Comorbidities and Outcome in a Canadian Hospital setting",Digitalisierung - jetzt
0kmlh25x,mxpdmrfu,-0.04401973,Identifying Nontraditional Epidemic Disease Risk Factors Associated with Major Health Events from World Health Organization and World Bank Open Data,Digitalisierung - jetzt
mxpdmrfu,bnmh31i9,-0.044018578,Digitalisierung - jetzt,Lessons From the Field Brief Report Family Grief Care and Bibliotherapy: A Call for Models and Studies
0f15j0t1,0xcxvdf3,-0.04401579,Primary Care Practice Finances.,An EUA for Casirivimab and Imdevimab for COVID-19
mxpdmrfu,qfbwg4pt,-0.044012353,Digitalisierung - jetzt,The cutaneous manifestations related to COVID-19 infection and vaccination: Current aspects and future prospects
no2q22kj,0xcxvdf3,-0.044009063,The potential role of nutrition in mitigating the psychological impact of COVID-19 in healthcare workers,An EUA for Casirivimab and Imdevimab for COVID-19
z4blmcd0,tmzvwhqf,-0.044004813,COVID-19 and VIH,A deep dive into Avivore
mxpdmrfu,8q3fqllg,-0.0439887,Digitalisierung - jetzt,Comparison of Direct-to-Consumer Telemedicine Visits With Primary Care Visits
0xcxvdf3,hpwyb2yj,-0.043986537,An EUA for Casirivimab and Imdevimab for COVID-19,Withdrawing critical care from patients in a triage situation
3d56os6r,0e0b9i2m,-0.0439834,hpO: Berufsvereinigung für heilkundlich praktizierte Osteopathie e. V.,Reimagining the introductory material in teaching money creation and monetary policy
5lq26nuw,0xcxvdf3,-0.04398282,COVID-19 protective model: the role of threat perceptions and informational cues in influencing behavior. (Special Issue: COVID-19 one year on.),An EUA for Casirivimab and Imdevimab for COVID-19
0xcxvdf3,ph2qwdu0,-0.04397629,An EUA for Casirivimab and Imdevimab for COVID-19,COVID-19 and Help-Seeking Behavior for Intimate Partner Violence Victims
3bepui8m,mxpdmrfu,-0.043968886,Mortality in Older Patients with COVID-19,Digitalisierung - jetzt
qa1zy72j,0xcxvdf3,-0.043968856,[COVID-19 and The Invisible Damage: The Role of The Family Physician].,An EUA for Casirivimab and Imdevimab for COVID-19
mxpdmrfu,vdmbht0v,-0.043965388,Digitalisierung - jetzt,Major Characteristics of Severity and Mortality in Diabetic Patients With COVID-19 and Establishment of Severity Risk Score
1xjao43w,nkgs2iv6,-0.043962747,Other,Aktuelles Studienergebnis unterstreicht zurückhaltende Kommentierung
i6vetquk,e69c9wyw,-0.043961745,The pathogens,Nutzen von Erfahrungswissen in Krisen. Zur These einer vermehrten Bezugnahme auf Geschichte in Krisenzeiten
mxpdmrfu,b3dwpe3q,-0.043955985,Digitalisierung - jetzt,Evaluating Medical Devices Remotely: Current Methods and Potential Innovations
mxpdmrfu,kyisfyj9,-0.043950945,Digitalisierung - jetzt,Asthmatic patients and COVID‐19: Different disease course?
3d56os6r,ue6cz1b6,-0.043944217,hpO: Berufsvereinigung für heilkundlich praktizierte Osteopathie e. V.,Farewell to editorial deadlines!
cvuiispn,95u2vws4,-0.04394289,Events.,Wir haben eine Impfung!
95u2vws4,ukxb9ktz,-0.04394289,Wir haben eine Impfung!,Events
p49pr3ll,mxpdmrfu,-0.043937605,Utility of point of care ultrasonography for COVID-19,Digitalisierung - jetzt
g99zaw5f,3d56os6r,-0.043933105,Preparing for the Future - Nanobodies for Covid-19?,hpO: Berufsvereinigung für heilkundlich praktizierte Osteopathie e. V.
mxpdmrfu,8lhkiw9p,-0.043929704,Digitalisierung - jetzt,The Challenges of COVID-19 for People Living With Diabetes: Considerations for Digital Health
9w30i6y5,mxpdmrfu,-0.043926693,Contents of Volume 73,Digitalisierung - jetzt
v055nod1,mxpdmrfu,-0.043926693,Contents of volume 11,Digitalisierung - jetzt
4aiqkww9,mxpdmrfu,-0.043926693,Contents of volume 18,Digitalisierung - jetzt
nrr17xmu,mxpdmrfu,-0.043926693,Contents of volume 10,Digitalisierung - jetzt
mxpdmrfu,lhpy3d3p,-0.043926693,Digitalisierung - jetzt,Contents to volume 14
mxpdmrfu,mpviiypm,-0.043926693,Digitalisierung - jetzt,Contents of volume 46
mxpdmrfu,o3i659r1,-0.043926693,Digitalisierung - jetzt,Contents of volume 2
b090de9w,0xcxvdf3,-0.04391531,This is no time to stop tracking COVID-19,An EUA for Casirivimab and Imdevimab for COVID-19
3d56os6r,iupjr6aq,-0.04391382,hpO: Berufsvereinigung für heilkundlich praktizierte Osteopathie e. V.,COVID-19: The Power of Historical Lessons.
5zhvc0nl,0xcxvdf3,-0.043913443,Outcomes of a COVID Mobility Team,An EUA for Casirivimab and Imdevimab for COVID-19
n0n2r82u,jjdvtfy1,-0.04391284,Ethics of Being Close,Wieloukładowy zespół zapalny u dzieci a COVID-19
gsonpunw,ejnc8ok3,-0.04391079,Campylobacteriose — eine zoonotische Infektionskrankheit,Moving Goal Posts
hcjpj03p,mherdb4v,-0.04389889,Leitlinien zu COVID-19,Lessons for and from COVID‐19 for investors and their advisors
mherdb4v,9sk9n0f9,-0.04389889,Lessons for and from COVID‐19 for investors and their advisors,"Anmerkung zu BVerfG, Beschl. v. 16.12.2021 – 1 BvR 1541/20"
mherdb4v,ioveubcb,-0.04389889,Lessons for and from COVID‐19 for investors and their advisors,Darmkrebsvorsorge zu COVID‑19‑Zeiten
3d56os6r,10zi39ij,-0.04389699,hpO: Berufsvereinigung für heilkundlich praktizierte Osteopathie e. V.,Remaining Motivated despite the Limitations: University Students' Learning Propensity during the COVID-19 Pandemic
0xcxvdf3,e8bxh4vh,-0.043888792,An EUA for Casirivimab and Imdevimab for COVID-19,[COVID-19 from a gastroenterological perspective].
mxpdmrfu,zmorxo45,-0.043888584,Digitalisierung - jetzt,Professional quality of life in nurses on the frontline against COVID‐19
7bc9zqzq,mxpdmrfu,-0.04388754,Isolation and characterization of current human coronavirus strains in primary human epithelial cell cultures reveal differences in target cell tropism.,Digitalisierung - jetzt
ji6fo56x,0xcxvdf3,-0.04388616,Integrative approaches required to support children affected by COVID-19,An EUA for Casirivimab and Imdevimab for COVID-19
mxpdmrfu,e0l1u12s,-0.043876115,Digitalisierung - jetzt,Best Practices for Integrating Medical Students Into Telehealth Visits
3d56os6r,f2oa5d5z,-0.0438749,hpO: Berufsvereinigung für heilkundlich praktizierte Osteopathie e. V.,Childhood Cancer Survivors and Distance Education Challenges: Lessons Learned from the COVID19 Pandemic
mxpdmrfu,yiwrfvfs,-0.0438715,Digitalisierung - jetzt,Factors associated with parents' willingness to enroll their children in trials for COVID-19 vaccination.
mxpdmrfu,axijpn4y,-0.04386614,Digitalisierung - jetzt,A COVID-19 Infection Risk Model for Frontline Health Care Workers
3d56os6r,xpx7yykw,-0.043864984,hpO: Berufsvereinigung für heilkundlich praktizierte Osteopathie e. V.,In Praise of Veterans.
mxpdmrfu,16srr943,-0.043863658,Digitalisierung - jetzt,Trends and Prospects of Studies of Medical History in Japan: the Diversification of Study Areas and Methodologies
nxmauvpu,0xcxvdf3,-0.043861937,Reasons for HOPE.,An EUA for Casirivimab and Imdevimab for COVID-19
mxpdmrfu,k06wt8yb,-0.04384516,Digitalisierung - jetzt,Caregivers of Individuals with Cancer in the COVID-19 Pandemic: A Phenomenological Study
jrdjx3dh,0xcxvdf3,-0.043844264,Calculated decisions: COVID-19 calculators during extreme resource-limited situations.,An EUA for Casirivimab and Imdevimab for COVID-19
0xcxvdf3,izkwiqoa,-0.043844257,An EUA for Casirivimab and Imdevimab for COVID-19,Calculated decisions: COVID-19 calculators during extreme resource-limited situations
swgsbqn6,mxpdmrfu,-0.04383565,Risk Factors Associated With COVID-19 Symptoms and Potential Vertical Transmission During Pregnancy: A Retrospective Cohort Study,Digitalisierung - jetzt
ngdpuhce,mxpdmrfu,-0.043830432,Changes in Stress and Workplace Shortages Reported by U.S. Critical Care Physicians Treating Coronavirus Disease 2019 Patients.,Digitalisierung - jetzt
adv2rjhg,mxpdmrfu,-0.043825474,Men and COVID-19: the aftermath.,Digitalisierung - jetzt
vbvv36vf,mxpdmrfu,-0.043805003,COVID-19 Infection in the Human Reproductive Tract of Men and Nonpregnant Women,Digitalisierung - jetzt
mxpdmrfu,niqbkujt,-0.043805003,Digitalisierung - jetzt,COVID-19 Infection in the Human Reproductive Tract of Men and Nonpregnant Women
pnzy07n7,3d56os6r,-0.04380421,"Training in Neurology: How Lessons Learned on Teaching, Well-being and Telemedicine During the COVID-19 Pandemic Can Shape the Future of Neurology Education.",hpO: Berufsvereinigung für heilkundlich praktizierte Osteopathie e. V.
4tms03ev,mxpdmrfu,-0.043803975,Vaccinating our children against COVID-19,Digitalisierung - jetzt
0xcxvdf3,z0bbcdtb,-0.043797377,An EUA for Casirivimab and Imdevimab for COVID-19,Leading From the Middle: How Principals Rely on District Guidance and Organizational Conditions in Times of Crisis
0xcxvdf3,p3trf8s1,-0.04379157,An EUA for Casirivimab and Imdevimab for COVID-19,Daily briefing: How to predict COVID's next move
4o4s9eb7,zu4tikpu,-0.043779638,COVID-19 vaccines and women's security,Exkursion in eine postagile Zukunft
mxpdmrfu,yymqyxzw,-0.043778557,Digitalisierung - jetzt,School Nurses on the Front Lines of Healthcare: Infectious Diseases Popularized in the News
0xcxvdf3,c5mvzswz,-0.04377439,An EUA for Casirivimab and Imdevimab for COVID-19,Implementation of Drive-through Testing for COVID-19 with Community Paramedics
xx7ro878,mxpdmrfu,-0.04377321,COVID-19: Initial experience of an international group of hand surgeons,Digitalisierung - jetzt
mxpdmrfu,mb9nr0lx,-0.043771137,Digitalisierung - jetzt,Study Data Element Mapping: Feasibility of Defining Common Data Elements Across COVID-19 Studies
mxpdmrfu,p6zgmid0,-0.043765243,Digitalisierung - jetzt,Enhancing data-driven elderly appointment services in domestic care communities under COVID-19
mxpdmrfu,9ea6vo84,-0.0437649,Digitalisierung - jetzt,[ONCOLOGY CARE CHALLENGES TREATING COVID-19 CONFIRMED CANCER PATIENTS: A REVIEW AND RECOMMENDATIONS].
n1tysdom,zu4tikpu,-0.04374903,Comparison of Laboratory Parameters in Patients with COVID-19,Exkursion in eine postagile Zukunft
rwjjfz4q,3d56os6r,-0.04374666,Ultrahyperbolic Representation Learning,hpO: Berufsvereinigung für heilkundlich praktizierte Osteopathie e. V.
mxpdmrfu,v76ce75g,-0.04374549,Digitalisierung - jetzt,Overcoming the Market Dominance of Hospitals
5qbx5p6y,0xcxvdf3,-0.043740857,Factors influencing nursing students’ participatory behavior during COVID-19,An EUA for Casirivimab and Imdevimab for COVID-19
mxpdmrfu,lpddaei0,-0.04373033,Digitalisierung - jetzt,Student Wellness and Academic Libraries: Case Studies and Activities for Promoting Health and Success
br8oczw5,mxpdmrfu,-0.043726105,Chapter 13 Infectious Diseases,Digitalisierung - jetzt
mxpdmrfu,wm6y6uwm,-0.043705296,Digitalisierung - jetzt,Logistic and organizational aspects of a dedicated intensive care unit for COVID-19 patients
3d56os6r,e3gkmop9,-0.043704093,hpO: Berufsvereinigung für heilkundlich praktizierte Osteopathie e. V.,Effectiveness of Virtual Wellness Programming for Adults with Disabilities: Clients' Perspectives
j90jc0rj,mxpdmrfu,-0.043699678,Validation of reported risk factors for disease classification and prognosis in COVID-19: a descriptive and retrospective study,Digitalisierung - jetzt
mxpdmrfu,tx0dkyic,-0.043691777,Digitalisierung - jetzt,Customer Experience and Satisfaction in Private Insurance Web Areas
3d56os6r,3vujp9wr,-0.043691505,hpO: Berufsvereinigung für heilkundlich praktizierte Osteopathie e. V.,Humility: a virtue critical to both successful COVID-19 research and patient care
gsonpunw,lv39vicw,-0.043690003,Campylobacteriose — eine zoonotische Infektionskrankheit,Coronaviruses and their diseases.
nwzc1385,mxpdmrfu,-0.04368123,Subjective discomfort and personality traits of university teachers during the COVID-19 pandemic,Digitalisierung - jetzt
186mmdlv,0xcxvdf3,-0.04366488,A Novel Approach to Policy Development under Disruptive Circumstances using Situation Awareness and Scenario Planning in Higher Education,An EUA for Casirivimab and Imdevimab for COVID-19
mxpdmrfu,1cr90qiw,-0.043662757,Digitalisierung - jetzt,Factors affecting cancer patients' electronic communication with providers: Implications for COVID-19 induced transitions to telehealth
3d56os6r,3fke4mca,-0.043662697,hpO: Berufsvereinigung für heilkundlich praktizierte Osteopathie e. V.,"Teaching leadership the ‘Day After’, with care"
y4ygwb4x,0xcxvdf3,-0.04366169,COVID-19 and lockdown: living in 'interesting times'.,An EUA for Casirivimab and Imdevimab for COVID-19
70zflr06,0xcxvdf3,-0.043659892,Emergency Radiology in 2020: Moving Forward Together.,An EUA for Casirivimab and Imdevimab for COVID-19
zdojnaca,mxpdmrfu,-0.0436586,Impact of corticosteroids in hospitalised COVID-19 patients,Digitalisierung - jetzt
2l7qn5sy,mxpdmrfu,-0.0436586,Impact of corticosteroids in hospitalised COVID-19 patients,Digitalisierung - jetzt
mxpdmrfu,8czgrl0r,-0.04365771,Digitalisierung - jetzt,Prevalence of COVID-19 Among Typical Ambulatory Care Patients in a District General Hospital in the United Kingdom
nhwxcwvu,gsonpunw,-0.043651585,Two roads diverge,Campylobacteriose — eine zoonotische Infektionskrankheit
cqglo0s7,livtaxla,-0.04364865,Allergologie in Zeiten von Covid-19,"Postsecondary education, COVID‐19, and students with disabilities"
95595ar7,livtaxla,-0.04364865,Intensivbehandlung von Schwerverletzten,"Postsecondary education, COVID‐19, and students with disabilities"
livtaxla,3quzlcrp,-0.04364865,"Postsecondary education, COVID‐19, and students with disabilities",DNGK — Forschung in Zeiten von COVID-19
wtlg90u5,mxpdmrfu,-0.043624897,The Pandemic Determinants of Health,Digitalisierung - jetzt
gsonpunw,mmyk5oto,-0.043620143,Campylobacteriose — eine zoonotische Infektionskrankheit,COVID-19 in tuberculosis patients: A report of three cases
n4bdwtb1,jjdvtfy1,-0.04361339,"Current Resources for Evidence-Based Practice, May 2021.",Wieloukładowy zespół zapalny u dzieci a COVID-19
yimhuifl,0xcxvdf3,-0.043604802,Achieving structured knowledge management with a novel online group decision support system,An EUA for Casirivimab and Imdevimab for COVID-19
5dqqlf80,mxpdmrfu,-0.043588378,"Covid-19 pandemic and food: Present knowledge, risks, consumers fears and safety",Digitalisierung - jetzt
mxpdmrfu,1fxgpwe5,-0.043588076,Digitalisierung - jetzt,Delivering healthcare at distance to cardiac patients during the COVID-19 pandemic: Experiences from clinical practice
mxpdmrfu,97g0ycj4,-0.043584295,Digitalisierung - jetzt,Statistical Analysis of Spatial Network Characteristics in Relation to COVID-19 Transmission Risks in US Counties
3d56os6r,ygfxky4u,-0.04358075,hpO: Berufsvereinigung für heilkundlich praktizierte Osteopathie e. V.,"COVID‐19, children and schools: overlooked and at risk"
jjdvtfy1,re2664mx,-0.043570764,Wieloukładowy zespół zapalny u dzieci a COVID-19,The promise of direct-to-consumer COVID-19 testing: ethical and regulatory issues
3d56os6r,s8dn268d,-0.043558974,hpO: Berufsvereinigung für heilkundlich praktizierte Osteopathie e. V.,Covid-19 communication-a matter of life and death?
mxpdmrfu,kpg111zc,-0.04355822,Digitalisierung - jetzt,Peripheral infiltration of remdesivir in 3 patients with COVID-19: Case series and discussion
l8x8nmvs,3d56os6r,-0.043554578,"For Us, COVID-19 Is Personal",hpO: Berufsvereinigung für heilkundlich praktizierte Osteopathie e. V.
u0rin3cw,mxpdmrfu,-0.043552015,Consequences of the COVID-19 pandemic for patients with metabolic diseases,Digitalisierung - jetzt
mxpdmrfu,doh52wnv,-0.043551646,Digitalisierung - jetzt,Positive effects of Lianhuaqingwen granules in COVID-19 patients: A retrospective study of 248 cases
3d56os6r,sqkd4n5g,-0.043548185,hpO: Berufsvereinigung für heilkundlich praktizierte Osteopathie e. V.,Distance Learning in an International Context: A Case of Success
0oo42hv1,0xcxvdf3,-0.043546382,Top COVID-19 Prognostic Factors Identified,An EUA for Casirivimab and Imdevimab for COVID-19
48fkzsma,mxpdmrfu,-0.043539044,The key molecular events during Macrobrachium rosenbergii nodavirus (MrNV) infection and replication in Sf9 insect cells,Digitalisierung - jetzt
2rm91r6e,3d56os6r,-0.04352244,Analyzing Communication Broadcasting in the Digital Space,hpO: Berufsvereinigung für heilkundlich praktizierte Osteopathie e. V.
ejzflqha,3d56os6r,-0.043513782,COVID-19 Vaccination in Children and University Students,hpO: Berufsvereinigung für heilkundlich praktizierte Osteopathie e. V.
jjdvtfy1,em1abdrg,-0.043513335,Wieloukładowy zespół zapalny u dzieci a COVID-19,COVID-19 and anosmia: A review based on up-to-date knowledge
fzw201op,0xcxvdf3,-0.04349859,"Radiologist's profile—yesterday, today, and tomorrow",An EUA for Casirivimab and Imdevimab for COVID-19
3d56os6r,xm7550tv,-0.043493234,hpO: Berufsvereinigung für heilkundlich praktizierte Osteopathie e. V.,"Author declaration: have you considered equity, diversity and inclusion?"
0xcxvdf3,8pas3e7k,-0.04348972,An EUA for Casirivimab and Imdevimab for COVID-19,First-Year Medical Student Experiences Adjusting to the Immediate Aftermath of COVID-19
3pcnhesb,0xcxvdf3,-0.043484155,Person-Centered Care: An International Dialogue.,An EUA for Casirivimab and Imdevimab for COVID-19
uj90le72,j6nd02sj,-0.04348301,Age and covid fatality,پیشبینی رفتارهاي پیشگیرانه از کووید-19 بر اساس سازه هاي مدل اعتقاد بهداشتی (HBM): مطالعه مبتنی بر اینترنت در جمعیت استان مازندران
mxpdmrfu,q6j818x1,-0.043481577,Digitalisierung - jetzt,Digital Assets for Project-Based Studies and Project Management
mxpdmrfu,0hvaskiz,-0.04347503,Digitalisierung - jetzt,Prevalence and risk factors of COVID-19 suicidal behavior in Bangladeshi population: are healthcare professionals at greater risk?
jxxx4sx3,mxpdmrfu,-0.04347464,Health systems neglected by COVID-19 donors,Digitalisierung - jetzt
mxpdmrfu,rs8rd1sb,-0.043474372,Digitalisierung - jetzt,Household Asset Portfolios during the Covid-19 Pandemic
zps6ksvg,mxpdmrfu,-0.043469567,Values Education,Digitalisierung - jetzt
augx5r6y,mxpdmrfu,-0.043462183,Electronic Patient Reporting of Adverse Events and Quality of Life: A Prospective Feasibility Study in General Oncology.,Digitalisierung - jetzt
kvrmxhip,mxpdmrfu,-0.04346142,COVID-19: a primer for the rheumatologist: management of patients and care settings,Digitalisierung - jetzt
tpji4q0k,mxpdmrfu,-0.04346142,COVID-19: a primer for the rheumatologist: management of patients and care settings.,Digitalisierung - jetzt
31mrb6wx,zu4tikpu,-0.04345523,News and views.,Exkursion in eine postagile Zukunft
zu4tikpu,wejrmxmz,-0.04345523,Exkursion in eine postagile Zukunft,News & Views
zu4tikpu,keq5idua,-0.04345523,Exkursion in eine postagile Zukunft,News and views.
zu4tikpu,i4kyfbkw,-0.04345523,Exkursion in eine postagile Zukunft,News and views.
3d56os6r,p5loa4rf,-0.043440856,hpO: Berufsvereinigung für heilkundlich praktizierte Osteopathie e. V.,Group decision-making with Fermatean fuzzy soft expert knowledge
dady7tjh,0xcxvdf3,-0.043437146,"What Millennials Want Out of Primary Care, and How to Deliver It",An EUA for Casirivimab and Imdevimab for COVID-19
3d56os6r,zbtc3gzi,-0.04343343,hpO: Berufsvereinigung für heilkundlich praktizierte Osteopathie e. V.,Real-time Online Scheduling Advantages
mo7yxjgs,mxpdmrfu,-0.04343277,Longitudinal Examination of COVID-19 Public Health Measures on Mental Health for Rural Patients With Serious Mental Illness,Digitalisierung - jetzt
3d56os6r,714fjj3n,-0.04343087,hpO: Berufsvereinigung für heilkundlich praktizierte Osteopathie e. V.,Honing action competence in sustainable development: what happens in classrooms matters
0xcxvdf3,u2n65e3w,-0.04341029,An EUA for Casirivimab and Imdevimab for COVID-19,[Telepsychiatry in adults and adolescents: a useful tool against CoViD-19.]
j8ecr4vo,3d56os6r,-0.043408882,COVID-19 and Precarious Employment: Consequences of the Evolving Crisis,hpO: Berufsvereinigung für heilkundlich praktizierte Osteopathie e. V.
3d56os6r,nahdy571,-0.04340842,hpO: Berufsvereinigung für heilkundlich praktizierte Osteopathie e. V.,Living to Spend Another Day: Exploring Resilience as a New Fourth Goal of Ecological Economics
0xcxvdf3,qekoxwl0,-0.043406434,An EUA for Casirivimab and Imdevimab for COVID-19,Recovering Better from COVID-19 Will Need a Rethink of Multilateralism
li3jn61v,0xcxvdf3,-0.043397117,COVID-19 may prompt us to reassess our work-life balance,An EUA for Casirivimab and Imdevimab for COVID-19
mxpdmrfu,r220c8q1,-0.043393534,Digitalisierung - jetzt,The Digital Reindustrialisation of Cities
w0g2b3o7,3d56os6r,-0.043389704,The spread of the COVID-19 pandemic in time and space,hpO: Berufsvereinigung für heilkundlich praktizierte Osteopathie e. V.
3d56os6r,uz6752yo,-0.043389704,hpO: Berufsvereinigung für heilkundlich praktizierte Osteopathie e. V.,The Spread of the Covid-19 Pandemic in Time and Space
mdd60ic7,avobcnzk,-0.04338396,Acknowledgement to Referees,Neue Impfempfehlungen - auch zu COVID-19
nfzoanb9,avobcnzk,-0.04338396,Acknowledgement to Referees,Neue Impfempfehlungen - auch zu COVID-19
qgrecd29,avobcnzk,-0.04338396,Acknowledgement to Referees,Neue Impfempfehlungen - auch zu COVID-19
mxpdmrfu,aln52mwg,-0.043381754,Digitalisierung - jetzt,Dominant factors determining differences of COVID-19 fatalities between India and other large-population regions
mucedil8,mxpdmrfu,-0.043381426,Dealing with pandemics: An investigation of the effects of COVID-19 on customers’ evaluations of hospitality services,Digitalisierung - jetzt
mxpdmrfu,punonv90,-0.043381426,Digitalisierung - jetzt,Dealing with pandemics: An investigation of the effects of COVID-19 on customers’ evaluations of hospitality services
hef1rrmf,mxpdmrfu,-0.04337552,The fear of Covid-19 and its predictive factors among health care workers in Mahdia Tunisia,Digitalisierung - jetzt
0bmy6o1b,mxpdmrfu,-0.043375194,The impact of The Covid-19 pandemic on firms’ organizational designs,Digitalisierung - jetzt
vur1c2nf,0xcxvdf3,-0.0433736,Communicating With Patients and Families During COVID-19,An EUA for Casirivimab and Imdevimab for COVID-19
3d56os6r,obnbjr74,-0.043372363,hpO: Berufsvereinigung für heilkundlich praktizierte Osteopathie e. V.,Guest Editors’ Introduction: SBCCI 2020
mxpdmrfu,j8ewavmq,-0.043367226,Digitalisierung - jetzt,"Contested Daily Routines, Contested Care. Children with Type 1 Diabetes in Covid-19 Times"
3d56os6r,tv1pj5fp,-0.04336581,hpO: Berufsvereinigung für heilkundlich praktizierte Osteopathie e. V.,A qualitative investigation into the results of a discrete choice experiment and the impact of COVID-19 on patient preferences for virtual consultations
0ijoq5gq,mxpdmrfu,-0.04336542,Emotional reactions towards COVID-19 among persons with diabetes,Digitalisierung - jetzt
0xcxvdf3,yvjq8e6d,-0.043364793,An EUA for Casirivimab and Imdevimab for COVID-19,When Challenging Is Engaging: Videos to Educate and Fascinate Neurologists
pke0d4ck,mxpdmrfu,-0.043363944,Identification of hematological and inflammatory parameters associated with disease severity in hospitalized patients of COVID-19,Digitalisierung - jetzt
5h5vvxmt,e69c9wyw,-0.043362733,WILDLIFE,Nutzen von Erfahrungswissen in Krisen. Zur These einer vermehrten Bezugnahme auf Geschichte in Krisenzeiten
mxpdmrfu,z79gel8h,-0.043358013,Digitalisierung - jetzt,"Sharing a household with children and risk of COVID-19: a study of over 300,000 adults living in healthcare worker households in Scotland"
apkk5e8b,jjdvtfy1,-0.043353897,New law in the air transport during the COVID-19 era,Wieloukładowy zespół zapalny u dzieci a COVID-19
1aca1n37,3d56os6r,-0.043353718,A deep reinforcement learning based decision‐making approach for avoiding crowd situation within the case of Covid'19 pandemic,hpO: Berufsvereinigung für heilkundlich praktizierte Osteopathie e. V.
mxpdmrfu,fad57haw,-0.04335065,Digitalisierung - jetzt,Current Understanding of COVID-19 Clinical Course and Investigational Treatments
mxpdmrfu,qlcuml8y,-0.043350086,Digitalisierung - jetzt,The Epistemic Duties of Philosophers: An Addendum.
mxpdmrfu,pxv410oc,-0.04333933,Digitalisierung - jetzt,Mental health services in primary care.
hv2pdubo,3d56os6r,-0.04333744,Finding ways for children's doctors to care for big 'Kids' and save adults in a pandemic.,hpO: Berufsvereinigung für heilkundlich praktizierte Osteopathie e. V.
qvuv289g,mxpdmrfu,-0.04333729,Changes in life history and population size can explain relative neutral diversity levels on X and autosomes in extant human populations,Digitalisierung - jetzt
feg8nc18,jjdvtfy1,-0.043336965,Clippings,Wieloukładowy zespół zapalny u dzieci a COVID-19
3d56os6r,f83bhele,-0.043329865,hpO: Berufsvereinigung für heilkundlich praktizierte Osteopathie e. V.,Teaching residents how to deliver active learning during didactic lectures
hv2pdubo,0xcxvdf3,-0.043329686,Finding ways for children's doctors to care for big 'Kids' and save adults in a pandemic.,An EUA for Casirivimab and Imdevimab for COVID-19
a6qcg96s,0xcxvdf3,-0.043325435,COVID-19 as a Complex Intergovernmental Problem,An EUA for Casirivimab and Imdevimab for COVID-19
mxpdmrfu,rh0x9gxf,-0.043320943,Digitalisierung - jetzt,Patients' Experiences of Cardiovascular Health Education and Risk Communication: A Qualitative Synthesis.
w2v6f0ks,95u2vws4,-0.043319397,Clinical Studies - Outcomes,Wir haben eine Impfung!
qm6lrfuy,0xcxvdf3,-0.043316998,Neurosurgical Practice at the Time of COVID-19,An EUA for Casirivimab and Imdevimab for COVID-19
5wd3ujhh,0xcxvdf3,-0.043316312,Parents on the front lines of COVID-19 face tough choices.,An EUA for Casirivimab and Imdevimab for COVID-19
mxpdmrfu,eads671h,-0.043309722,Digitalisierung - jetzt,Clinical risk scores for the early prediction of severe outcomes in patients hospitalized for COVID-19
mxpdmrfu,c9ts2g7w,-0.04330911,Digitalisierung - jetzt,Viruses Present Indoors and Analyses Approaches
e3hgr5hr,3d56os6r,-0.04330773,Telemedicine in Long-Term Care Facilities During and Beyond COVID-19: Challenges Caused by the Digital Divide,hpO: Berufsvereinigung für heilkundlich praktizierte Osteopathie e. V.
w3bomlyn,hcjpj03p,-0.043303166,Key Aspects in Nutritional Management of COVID-19 Patients,Leitlinien zu COVID-19
w3bomlyn,9sk9n0f9,-0.043303166,Key Aspects in Nutritional Management of COVID-19 Patients,"Anmerkung zu BVerfG, Beschl. v. 16.12.2021 – 1 BvR 1541/20"
w3bomlyn,ioveubcb,-0.043303166,Key Aspects in Nutritional Management of COVID-19 Patients,Darmkrebsvorsorge zu COVID‑19‑Zeiten
hcjpj03p,r493xr7j,-0.043303166,Leitlinien zu COVID-19,Key Aspects in Nutritional Management of COVID-19 Patients
ioveubcb,r493xr7j,-0.043303166,Darmkrebsvorsorge zu COVID‑19‑Zeiten,Key Aspects in Nutritional Management of COVID-19 Patients
9sk9n0f9,r493xr7j,-0.043303166,"Anmerkung zu BVerfG, Beschl. v. 16.12.2021 – 1 BvR 1541/20",Key Aspects in Nutritional Management of COVID-19 Patients
3d56os6r,61ip1a7f,-0.0432962,hpO: Berufsvereinigung für heilkundlich praktizierte Osteopathie e. V.,"E-learning, during the pandemic and beyond"
1xjao43w,95u2vws4,-0.043290295,Other,Wir haben eine Impfung!
jlo26o0f,0xcxvdf3,-0.043288942,Why Has Metabolomics So Far Not Managed to Efficiently Contribute to the Improvement of Assisted Reproduction Outcomes? The Answer through a Review of the Best Available Current Evidence,An EUA for Casirivimab and Imdevimab for COVID-19
mxpdmrfu,tn1vymu4,-0.043286238,Digitalisierung - jetzt,"COVID-19, health disparities and the US election"
kwgzk0qg,3d56os6r,-0.0432851,COVID-19 and Biomedical Publishing: Challenges and Prospects.,hpO: Berufsvereinigung für heilkundlich praktizierte Osteopathie e. V.
z34h5tzs,tnmk3zpf,-0.043284018,COVID-19 in children: Clinical and epidemiological data,CAPNETZ fokussiert auf COVID-19
pn098k88,y4xbv7ju,-0.043278374,Bioterrorism,Reply to Chaturvedi.
y4xbv7ju,w9h24b8z,-0.043278374,Reply to Chaturvedi.,Bioterrorism
3d56os6r,in6fkt76,-0.043270487,hpO: Berufsvereinigung für heilkundlich praktizierte Osteopathie e. V.,Always Essential: Valuing Direct Care Workers in Long-Term Care
mxpdmrfu,6uttp3rg,-0.043265224,Digitalisierung - jetzt,Promoting and Risk Factors of Nurses’ Hardiness Levels during the COVID-19 Pandemic: Results from an Italian Cohort
0xcxvdf3,sodmxkgg,-0.043262582,An EUA for Casirivimab and Imdevimab for COVID-19,Fast Screening Systems for COVID-19
n54036de,tnmk3zpf,-0.04326171,COVID-19 in children: reasons for uneventful clinical course,CAPNETZ fokussiert auf COVID-19
3d56os6r,qyudqau1,-0.04325979,hpO: Berufsvereinigung für heilkundlich praktizierte Osteopathie e. V.,In-host Mathematical Modelling of COVID-19 in Humans
0xcxvdf3,larnpelj,-0.043258127,An EUA for Casirivimab and Imdevimab for COVID-19,Controlling Cost in Time of Covid-19
38hb2vht,0xcxvdf3,-0.043254595,Comparing the accuracy of several network-based COVID-19 prediction algorithms,An EUA for Casirivimab and Imdevimab for COVID-19
0xcxvdf3,pp4d0abi,-0.04325083,An EUA for Casirivimab and Imdevimab for COVID-19,Support students’ changing needs throughout the pandemic
mxpdmrfu,6lhmafvo,-0.043247506,Digitalisierung - jetzt,Assessing the Quality and Reliability of COVID-19 Information on Patient Organization Websites
mxpdmrfu,eni10ira,-0.043246556,Digitalisierung - jetzt,The common risk factors for progression and mortality in COVID-19 patients: a meta-analysis
mxpdmrfu,vnjrqraa,-0.043245267,Digitalisierung - jetzt,The effects of quality of evidence communication on perception of public health information about COVID-19: two randomised controlled trials
dxe19uwb,0xcxvdf3,-0.043242946,"Person, Place, Time and COVID-19 Inequities",An EUA for Casirivimab and Imdevimab for COVID-19
fvagtwxc,mxpdmrfu,-0.04324001,Other adverse reaction research,Digitalisierung - jetzt
mxpdmrfu,df36yv6v,-0.04324001,Digitalisierung - jetzt,Other adverse reaction research
mxpdmrfu,u3z1l3ax,-0.04324001,Digitalisierung - jetzt,Other adverse reaction research
0xcxvdf3,m3zbul72,-0.04323954,An EUA for Casirivimab and Imdevimab for COVID-19,Variables Impacting Nursing Home Goals of Care Discussions and Order Implementation During COVID-19
gsonpunw,3jhxdn8r,-0.043239422,Campylobacteriose — eine zoonotische Infektionskrankheit,Contents page 1
mxpdmrfu,mt0r4srq,-0.04323858,Digitalisierung - jetzt,The Development of Education of Public Health Nurses for Applying Genomics in Preventive Health Care
b0dgkx6d,sxc3e7h2,-0.04323701,Urocyon littoralis,In demand.
dy7teh14,0xcxvdf3,-0.04323565,Making the Case for Centralized Dementia Care Through Adaptive Reuse in the Time of COVID-19,An EUA for Casirivimab and Imdevimab for COVID-19
7a1oo55e,gsonpunw,-0.043234084,Assessment of risk scores in Covid-19,Campylobacteriose — eine zoonotische Infektionskrankheit
0xcxvdf3,y59p61n8,-0.043232847,An EUA for Casirivimab and Imdevimab for COVID-19,"Learning Loss, a Potential Challenge for Transition to Undergraduate Study Following COVID19 School Disruption"
3d56os6r,mdmsu2s6,-0.04323149,hpO: Berufsvereinigung für heilkundlich praktizierte Osteopathie e. V.,Leadership during the COVID-19 crisis and beyond
0xcxvdf3,08dkaeit,-0.043229982,An EUA for Casirivimab and Imdevimab for COVID-19,Uniting for adolescents in covid-19 and beyond
tj48cd1b,ft15w83r,-0.043221768,Langzeitpflege in COVID-19-Zeiten: Leitfaden zur medizinischen Versorgung,"COVID-19: Knowns, Unknowns, and Questions"
3d56os6r,teas8vts,-0.04322139,hpO: Berufsvereinigung für heilkundlich praktizierte Osteopathie e. V.,The neurocomputational architecture of explore-exploit decision making
mxpdmrfu,8wpdefua,-0.043214653,Digitalisierung - jetzt,PATIENT REACTIONS ON SOCIAL MEDIA TO THE ASRM COVID TREATMENTS SUSPENSIONS
nno1jdc4,9blq86zo,-0.043214574,Multiorganinfektionen — komplexe klinisch-infektiologische Krankheiten,Am I a “COVID-19 Patient” or “a Patient With COVID-19”?
w5w710np,mxpdmrfu,-0.04321159,Viewing the US presidential electoral map through the lens of public health,Digitalisierung - jetzt
b2y71n7o,0xcxvdf3,-0.043208055,Good-Enough Synthesis,An EUA for Casirivimab and Imdevimab for COVID-19
btni2bs3,0xcxvdf3,-0.043194395,Persistent Hiccups as an Atypical Initial Presentation of COVID-19: A Case Report,An EUA for Casirivimab and Imdevimab for COVID-19
1wrwxb9b,mxpdmrfu,-0.043174736,Neurotropic mechanisms in COVID-19 and their potential influence on neuropsychological outcomes in children,Digitalisierung - jetzt
lbsacgr7,mxpdmrfu,-0.043174736,Neurotropic mechanisms in COVID-19 and their potential influence on neuropsychological outcomes in children.,Digitalisierung - jetzt
i14w8168,0xcxvdf3,-0.04317457,Pathways to a more peaceful and sustainable world: The transformative power of children in families,An EUA for Casirivimab and Imdevimab for COVID-19
64740c4h,0xcxvdf3,-0.043174364,Covid-19: transforming healthcare will require collaboration and innovative policies.,An EUA for Casirivimab and Imdevimab for COVID-19
0xcxvdf3,1jydmuk8,-0.043169264,An EUA for Casirivimab and Imdevimab for COVID-19,Transfer Patient Imaging: A Novel Peer Feedback Program Beyond Institutional Boundaries
fb6nfzr5,3d56os6r,-0.043167066,Overcrowded curriculum is an impediment to change (Part A),hpO: Berufsvereinigung für heilkundlich praktizierte Osteopathie e. V.
rma1vwkj,mxpdmrfu,-0.04316511,Modelling COVID-19 transmission in the United States through interstate and foreign travels and evaluating impact of governmental public health interventions,Digitalisierung - jetzt
mxpdmrfu,ityq9b1p,-0.043159984,Digitalisierung - jetzt,Factors associated with increased mortality in critically ill COVID-19 patients in a Mexican public hospital: the other faces of health system oversaturation.
mxpdmrfu,8cmdrk4r,-0.043158166,Digitalisierung - jetzt,Nontraditional Antibiotics—Challenges and Triumphs
mxpdmrfu,75d8m3rl,-0.043157753,Digitalisierung - jetzt,Point-of-care tests to inform antibiotic prescribing
mxpdmrfu,95wdfnih,-0.043153588,Digitalisierung - jetzt,Prognostic factors at admission on patients with cancer and COVID-19: Analysis of HOPE registry data
jjdvtfy1,60iwzsp6,-0.043145824,Wieloukładowy zespół zapalny u dzieci a COVID-19,The value of superstitions
mxpdmrfu,bsy0zkjj,-0.04314422,Digitalisierung - jetzt,Beliefs About the Stock Market and Investment Choices: Evidence from a Field Experiment
0xcxvdf3,avf7rug0,-0.04313797,An EUA for Casirivimab and Imdevimab for COVID-19,COVID-19 Lessons: Compassion and Flexibility are Critical to Equitable Learning
m3hoo369,3d56os6r,-0.043131165,Finding the Best Balance.,hpO: Berufsvereinigung für heilkundlich praktizierte Osteopathie e. V.
e3zbfxgk,3d56os6r,-0.0431304,Virtual multidisciplinary team meetings in the age of COVID-19: an effective and pragmatic alternative,hpO: Berufsvereinigung für heilkundlich praktizierte Osteopathie e. V.
0xcxvdf3,yg33w7ll,-0.04312835,An EUA for Casirivimab and Imdevimab for COVID-19,Prediction model for COVID-19 patient visits in the ambulatory setting
0xcxvdf3,b3dwpe3q,-0.043121353,An EUA for Casirivimab and Imdevimab for COVID-19,Evaluating Medical Devices Remotely: Current Methods and Potential Innovations
mxpdmrfu,m0r9109y,-0.043120068,Digitalisierung - jetzt,"Publishing in a time of COVID-19: A message to our readers, authors, reviewers and production team"
mxpdmrfu,dep901r4,-0.04311722,Digitalisierung - jetzt,Coronavirus Disease 2019 and Vaccination of Children and Adolescents: Prospects and Challenges
3d56os6r,dqqs2hzd,-0.043112427,hpO: Berufsvereinigung für heilkundlich praktizierte Osteopathie e. V.,Medical student perspectives on conducting patient experience debrief interviews with hospitalized children and their families.
jjdvtfy1,ymdq6dcw,-0.043102812,Wieloukładowy zespół zapalny u dzieci a COVID-19,COVID-19 Fundamentals
mxpdmrfu,qybrotg8,-0.043099362,Digitalisierung - jetzt,Beloved Things: Interpreting Curated Pottery in Diasporic Contexts
mxpdmrfu,hmxvx74c,-0.04309341,Digitalisierung - jetzt,Clinical Efficiency and Safety Outcomes of Virtual Care for Oncology Patients During the COVID-19 Pandemic
64w92l18,mxpdmrfu,-0.04308873,Clinical profile of pregnant women with COVID-19 hospitalized in regional referral hospital,Digitalisierung - jetzt
sz0eynkd,mxpdmrfu,-0.043083888,"Physical activity, patient-reported symptoms, and clinical events: Insights into postprocedural recovery from personal digital devices",Digitalisierung - jetzt
moxiq45d,95u2vws4,-0.04307735,"Contents of volumes 263, 264, 266–289",Wir haben eine Impfung!
q05ddrgg,mxpdmrfu,-0.043070138,Rest-activity rhythms in emerging adults: implications for cardiometabolic health.,Digitalisierung - jetzt
p6pwjikv,zu4tikpu,-0.04306876,An intriguing experience: Counselling Covid 19 clients,Exkursion in eine postagile Zukunft
mxpdmrfu,ruw704k2,-0.04306667,Digitalisierung - jetzt,Assessing patient safety culture in 15 intensive care units: a mixed-methods study
ty75hqcs,0xcxvdf3,-0.04305611,Recent Advances in Smellscape Research for the Built Environment,An EUA for Casirivimab and Imdevimab for COVID-19
h68glk21,zu4tikpu,-0.04305226,Neurological aspects of COVID-19,Exkursion in eine postagile Zukunft
6zkuon1w,0xcxvdf3,-0.043048777,Optimizing Early Rehabilitation Intervention: Insights from Different Outcomes in 2 Patients with Severe COVID-19,An EUA for Casirivimab and Imdevimab for COVID-19
gu6m3goi,mxpdmrfu,-0.04304829,The characteristic peripheral blood morphological features of hospitalized patients infected with COVID‐19,Digitalisierung - jetzt
dq7zw4ly,3d56os6r,-0.043043107,BreakingBERT@IITK at SemEval-2021 Task 9 : Statement Verification and Evidence Finding with Tables,hpO: Berufsvereinigung für heilkundlich praktizierte Osteopathie e. V.
e4crbz0c,y3hpzj0u,-0.043042723,Räumliche Ausbreitung von COVID-19 durch interregionale Verflechtungen,"Acknowledgment of Referees, 2020"
5874hy45,mxpdmrfu,-0.043041926,COVID-19 Control: Disrupting Doctor-Patient Relationships,Digitalisierung - jetzt
mxpdmrfu,n8oy3okg,-0.04303546,Digitalisierung - jetzt,Instructor Methods and Curricular Effects on Students’ Value of Lectures
ammlx8aq,0xcxvdf3,-0.043029714,Student Dropout Prediction,An EUA for Casirivimab and Imdevimab for COVID-19
mxpdmrfu,jflt93zz,-0.04302881,Digitalisierung - jetzt,Evaluating the Patient and Setting-Specific Factors That Influenced the Quality of Informed Consent in a Retrospective Cohort of Subtotal Cholecystectomy Patients.
mxpdmrfu,72cz8d5j,-0.04302881,Digitalisierung - jetzt,Evaluating the Patient and Setting-Specific Factors That Influenced the Quality of Informed Consent in a Retrospective Cohort of Subtotal Cholecystectomy Patients
vur1c2nf,fouh4jhs,-0.04302802,Communicating With Patients and Families During COVID-19,Konjunkturpaket notwendig — Rückkehr zur Schuldenbremse nicht forcieren
45h2k86r,mxpdmrfu,-0.043027285,"Covid-19, Financial Risk and the Airline Industry",Digitalisierung - jetzt
hcjpj03p,izlpz4qn,-0.04301696,Leitlinien zu COVID-19,Risk Factors for Mortality of COVID-19 Patients
izlpz4qn,9sk9n0f9,-0.04301696,Risk Factors for Mortality of COVID-19 Patients,"Anmerkung zu BVerfG, Beschl. v. 16.12.2021 – 1 BvR 1541/20"
izlpz4qn,ioveubcb,-0.04301696,Risk Factors for Mortality of COVID-19 Patients,Darmkrebsvorsorge zu COVID‑19‑Zeiten
5pxt3gd4,0xcxvdf3,-0.043011986,COVID-19 Lockdown: Key Factors in Citizens’ Stress,An EUA for Casirivimab and Imdevimab for COVID-19
3d56os6r,wr2k6wap,-0.04301155,hpO: Berufsvereinigung für heilkundlich praktizierte Osteopathie e. V.,Vaccine Innovations - Past and Future.
i7gijwfe,3d56os6r,-0.043010507,COVID-19: a year on,hpO: Berufsvereinigung für heilkundlich praktizierte Osteopathie e. V.
sboupik6,3d56os6r,-0.043010507,The year that was,hpO: Berufsvereinigung für heilkundlich praktizierte Osteopathie e. V.
3d56os6r,713xsj1z,-0.043010507,hpO: Berufsvereinigung für heilkundlich praktizierte Osteopathie e. V.,[Graefe year 2020].
3d56os6r,fhj0pvto,-0.043010507,hpO: Berufsvereinigung für heilkundlich praktizierte Osteopathie e. V.,A year of Covid
3d56os6r,3j7n0lcn,-0.043005865,hpO: Berufsvereinigung für heilkundlich praktizierte Osteopathie e. V.,The challenges of entering the metaverse: An experiment on the effect of extended reality on workload
mxpdmrfu,2zum6bgn,-0.043005437,Digitalisierung - jetzt,Hydroxychloroquine and Remdesivir in COVID-19: A critical analysis of recent events
n6vomy8t,0xcxvdf3,-0.042999253,Synthesizing evidence from the earliest studies to support decision-making: to what extent could the evidence be reliable?,An EUA for Casirivimab and Imdevimab for COVID-19
zhdqiuei,mxpdmrfu,-0.042999174,Demographics Matter! The Potentially Disproportionate Effect of COVID-19 on Hospital Ratings,Digitalisierung - jetzt
3d56os6r,zm5vzrv9,-0.042998545,hpO: Berufsvereinigung für heilkundlich praktizierte Osteopathie e. V.,"COVID-19: Impact of a ""Global Player""-A Reflection 1 Year On"
nno1jdc4,zz9wd1h6,-0.04299497,Multiorganinfektionen — komplexe klinisch-infektiologische Krankheiten,Keep on walking
kd4l8ley,mxpdmrfu,-0.04298587,SemEval-2021 Task 6: Detection of Persuasion Techniques in Texts and Images,Digitalisierung - jetzt
1vih2qg1,mxpdmrfu,-0.04298146,Effects of Environmental Factors on Severity and Mortality of COVID-19,Digitalisierung - jetzt
0xcxvdf3,ipi70nr9,-0.042974748,An EUA for Casirivimab and Imdevimab for COVID-19,2021 - 50 years of DMFR and hopefully the beginning of the end of the COVID-19 crisis
0xcxvdf3,hy3mwnc2,-0.04297375,An EUA for Casirivimab and Imdevimab for COVID-19,Long COVID Citizen Scientists: Developing a Needs-Based Research Agenda by Persons Affected by Long COVID
hcxky17t,6z7qj9vo,-0.04296158,COVID-19-Infektion ist kein Arbeitsunfall,HEARTS of athletes.
fg1qcry5,3d56os6r,-0.042959772,A time to be calm,hpO: Berufsvereinigung für heilkundlich praktizierte Osteopathie e. V.
0xcxvdf3,3mt5d5o3,-0.04295874,An EUA for Casirivimab and Imdevimab for COVID-19,A data-driven approach for a class of stochastic dynamic optimization problems
mxpdmrfu,87987cbk,-0.042943995,Digitalisierung - jetzt,Mitigating absenteeism in hospital workers during a pandemic.
xqheq8jp,tspegq76,-0.042941,Algebraic Polytopes in Normaliz,Koalition bringt E-Patientenakte Richtung Versorgung
nc0zfv29,3d56os6r,-0.04294062,"Online learning in higher music education: Benefits, challenges and drawbacks of one-to-one videoconference instrumental lessons",hpO: Berufsvereinigung für heilkundlich praktizierte Osteopathie e. V.
mxpdmrfu,p6lbto53,-0.042940516,Digitalisierung - jetzt,Contextualizing small business resilience during the COVID-19 pandemic: evidence from small business owner-managers
hcjpj03p,s27s4umt,-0.04294033,Leitlinien zu COVID-19,Profiles of US Hispanics Unvaccinated for COVID-19
9sk9n0f9,s27s4umt,-0.04294033,"Anmerkung zu BVerfG, Beschl. v. 16.12.2021 – 1 BvR 1541/20",Profiles of US Hispanics Unvaccinated for COVID-19
ioveubcb,s27s4umt,-0.04294033,Darmkrebsvorsorge zu COVID‑19‑Zeiten,Profiles of US Hispanics Unvaccinated for COVID-19
eqtadpmo,mxpdmrfu,-0.042934526,Covid19: Could other alternatives have been possible?,Digitalisierung - jetzt
fxk94pch,mxpdmrfu,-0.042933017,Hypertension and its management in COVID-19 patients: The assorted view,Digitalisierung - jetzt
o810k0aj,mxpdmrfu,-0.042927817,Reasons to Accept Vaccine Refusers in Primary Care,Digitalisierung - jetzt
j6xj2qyi,mxpdmrfu,-0.042926595,"Beyond private 5G networks: applications, architectures, operator models and technological enablers",Digitalisierung - jetzt
gpqvvmee,0xcxvdf3,-0.042925887,Internal migration toward siblings in later life.,An EUA for Casirivimab and Imdevimab for COVID-19
pf42cc66,tnmk3zpf,-0.04292471,Our mind-body reactions to COVID-19.,CAPNETZ fokussiert auf COVID-19
ccvhzq06,3d56os6r,-0.04292437,The things we do for those we love,hpO: Berufsvereinigung für heilkundlich praktizierte Osteopathie e. V.
bxwsii19,0xcxvdf3,-0.0429176,"Readers reflect on opportunities, challenges following COVID",An EUA for Casirivimab and Imdevimab for COVID-19
mxpdmrfu,rymxsv1f,-0.042909432,Digitalisierung - jetzt,Challenges and Management of Long COVID in Individuals with Hematological Illnesses
pndbtlo6,mxpdmrfu,-0.042907733,Museums and Social Media During COVID-19,Digitalisierung - jetzt
3d56os6r,2onpcr2k,-0.042906675,hpO: Berufsvereinigung für heilkundlich praktizierte Osteopathie e. V.,Enhancing Nature Connection and Positive Affect in Children through Mindful Engagement with Natural Environments
efbt14a0,mxpdmrfu,-0.042904947,"Distance Measures, Inconsistency Matrices and Algorithms for the Study of Epidemiological and Financial Crises",Digitalisierung - jetzt
yvp9rhg3,3d56os6r,-0.042904854,Teaching remote consultation,hpO: Berufsvereinigung für heilkundlich praktizierte Osteopathie e. V.
gsonpunw,zd2mb7wy,-0.04290199,Campylobacteriose — eine zoonotische Infektionskrankheit,Stock markets’ reaction to COVID-19: cases or fatalities?
6f1uz3o0,0xcxvdf3,-0.042896558,"Attachment styles, negotiation of goal conflict, and perceived partner support during COVID-19",An EUA for Casirivimab and Imdevimab for COVID-19
3d56os6r,x830b5az,-0.04289195,hpO: Berufsvereinigung für heilkundlich praktizierte Osteopathie e. V.,From professor to patient X
mrdg743n,tnmk3zpf,-0.042882916,Recruiting Residents During COVID-19,CAPNETZ fokussiert auf COVID-19
7bunyhtv,mxpdmrfu,-0.042877164,Comorbid infections in patients with spondyloarthritis,Digitalisierung - jetzt
0xcxvdf3,2r9ocf8f,-0.04287148,An EUA for Casirivimab and Imdevimab for COVID-19,Is It Possible to Find Something Positive in Being Confined Due to COVID-19? Implications for Well-Being
0xcxvdf3,o6f3c2o8,-0.042867925,An EUA for Casirivimab and Imdevimab for COVID-19,Improved maximum likelihood estimation of the shape-scale family based on the generalized progressive hybrid censoring scheme
mxpdmrfu,x1g168p1,-0.042858344,Digitalisierung - jetzt,The Knowledge of COVID-19 among Health Care Workers in a Nigerian Urban Community and their Willingness to Manage COVID-19 Patients.
p01yq5t9,nkgs2iv6,-0.042858295,Chiroptera (Bats),Aktuelles Studienergebnis unterstreicht zurückhaltende Kommentierung
mxpdmrfu,n3xegdua,-0.042857524,Digitalisierung - jetzt,Societal Information Cultures: Insights from the COVID-19 Pandemic
mxpdmrfu,ce1us64t,-0.042853303,Digitalisierung - jetzt,Goals of Care in a Pandemic: Our Experience and Recommendations
mxpdmrfu,8jy7r9q2,-0.042853236,Digitalisierung - jetzt,Patient Safety Culture in European Hospitals: A Comparative Mixed Methods Study
3d56os6r,p9xhd52i,-0.042847272,hpO: Berufsvereinigung für heilkundlich praktizierte Osteopathie e. V.,Telehealth Benefits and Barriers
nx4thzli,3d56os6r,-0.0428463,"Assessing the future direction of sustainable development in public hospitals: Time-horizon, path and action",hpO: Berufsvereinigung für heilkundlich praktizierte Osteopathie e. V.
3d56os6r,i17zq8s9,-0.04284537,hpO: Berufsvereinigung für heilkundlich praktizierte Osteopathie e. V.,Will COVID-19 affect your practice in the future?
i7syxxuv,3d56os6r,-0.042844817,"Case reports and ethics: Focus on consent, privacy and authorship",hpO: Berufsvereinigung für heilkundlich praktizierte Osteopathie e. V.
w589id8p,mxpdmrfu,-0.042840958,COVID-19 Genetic and Environmental Risk Factors: A Look at the Evidence,Digitalisierung - jetzt
3cectvkf,6vyyfvhe,-0.04283093,Beroepsziekten in cijfers 2020,Exercise in the time of COVID-19
3d56os6r,qhsp7i7h,-0.04282031,hpO: Berufsvereinigung für heilkundlich praktizierte Osteopathie e. V.,Personal reflections on navigating the COVID‐19 pandemic: From vision to reality
mxpdmrfu,yvos6tg8,-0.042810902,Digitalisierung - jetzt,Vaccination Criteria Based on Factors Influencing COVID-19 Diffusion and Mortality
mxpdmrfu,l6f5uxcv,-0.042802732,Digitalisierung - jetzt,Fear of COVID-19 Scale for Hospital Staff in Regional Hospitals in Mexico: A Survey Study
kmszldwt,mxpdmrfu,-0.04280068,COVID-19 and its potential impact on stages of tourist Destination Development,Digitalisierung - jetzt
0xcxvdf3,4lib4u9h,-0.04279568,An EUA for Casirivimab and Imdevimab for COVID-19,The Impact of COVID-19 on Telemedicine Utilization Across Multiple Service Lines
2r62ykjj,ojco4fjv,-0.042795423,Inequality and Welfare,Pflegepolitik in 5 Minuten
2r62ykjj,sz8abu0j,-0.042795423,Inequality and Welfare,Pflegepolitik in 5 Minuten
3p2cuxk0,tnmk3zpf,-0.04279065,Pathological inflammation in patients with COVID-19: a key role for monocytes and macrophages,CAPNETZ fokussiert auf COVID-19
mxpdmrfu,ommrx0fl,-0.04278734,Digitalisierung - jetzt,"Patient and provider education on HER2-positive metastatic breast cancer: Defining gaps in clinician practice, patient behaviors, patient-provider alignment, and clinical knowledge"
jjdvtfy1,p9wp18le,-0.042786054,Wieloukładowy zespół zapalny u dzieci a COVID-19,Building the Critical Path for COVID-19 Therapeutics
dtbwy72c,mxpdmrfu,-0.042781718,Calling All Rheumatologists!,Digitalisierung - jetzt
z6as1t2r,0xcxvdf3,-0.04277856,Unraveling the Dynamic Importance of County-level Features in Trajectory of COVID-19,An EUA for Casirivimab and Imdevimab for COVID-19
0xcxvdf3,0a19v93t,-0.04277856,An EUA for Casirivimab and Imdevimab for COVID-19,Unraveling the Dynamic Importance of County-level Features in Trajectory of COVID-19
sh67dbej,t5fjii32,-0.042774547,De verpleegkundestudent in 2025,The kaiwhakahaere comments.
12avuyhc,mxpdmrfu,-0.0427624,Increasing influenza vaccination rates among healthcare workers by focusing on workplace and patient safety,Digitalisierung - jetzt
ejqt2d8f,3d56os6r,-0.042755503,"Achieving zero covid is not easy, but the alternative is far worse.",hpO: Berufsvereinigung für heilkundlich praktizierte Osteopathie e. V.
aypzu1ka,3d56os6r,-0.042752557,Benefits and limitations of telegenetics: A literature review.,hpO: Berufsvereinigung für heilkundlich praktizierte Osteopathie e. V.
3d56os6r,k4gvy28p,-0.042749383,hpO: Berufsvereinigung für heilkundlich praktizierte Osteopathie e. V.,Material-Mind-Method: On the Teaching of Reference Teaching Reference: Continuing to Learn
jjdvtfy1,qvqoncbk,-0.042743873,Wieloukładowy zespół zapalny u dzieci a COVID-19,COVID-19 in air suspensions
0xcxvdf3,9p1skrpd,-0.04274316,An EUA for Casirivimab and Imdevimab for COVID-19,Telemedicine in Heart Failure During COVID-19: A Step Into the Future
0xcxvdf3,59ckewa3,-0.04272222,An EUA for Casirivimab and Imdevimab for COVID-19,Covid-19: This is a gamble and not a plan
zzp18cpo,9lfhh0n9,-0.042717665,"Chukranoids A–I, isopimarane diterpenoids from Chukrasia velutina",Rewind
mxpdmrfu,4c19sgoc,-0.042712707,Digitalisierung - jetzt,Caring for People With Dementia Under COVID-19 Restrictions: A Pilot Study on Family Caregivers
mxpdmrfu,tcws4p8z,-0.04271187,Digitalisierung - jetzt,Disseminated Inflammatory Lesions in 2 COVID-19 Patients: Challenge
mxpdmrfu,el4eb9qr,-0.042709235,Digitalisierung - jetzt,Factors influencing people’s participation in home garden project during covid-19 pandemic: A review
i85528l3,hcjpj03p,-0.0427,Clinical course and risk factors for mortality from COVID-19 in patients with haematological malignancies.,Leitlinien zu COVID-19
i85528l3,ioveubcb,-0.0427,Clinical course and risk factors for mortality from COVID-19 in patients with haematological malignancies.,Darmkrebsvorsorge zu COVID‑19‑Zeiten
i85528l3,9sk9n0f9,-0.0427,Clinical course and risk factors for mortality from COVID-19 in patients with haematological malignancies.,"Anmerkung zu BVerfG, Beschl. v. 16.12.2021 – 1 BvR 1541/20"
mxpdmrfu,x1u20td5,-0.042697635,Digitalisierung - jetzt,Role of doctors in epidemics: historical perspectives and implications for COVID-19
9a4xjg09,mxpdmrfu,-0.042695116,Assessing the public perceptions of treated wastewater reuse: opportunities and implications for urban communities in developing countries,Digitalisierung - jetzt
3d56os6r,gaepb99j,-0.04269397,hpO: Berufsvereinigung für heilkundlich praktizierte Osteopathie e. V.,Creating a Blueprint for the Future: Lessons Learned From Public Health Laboratories in the COVID-19 Response.
mxpdmrfu,00q7ar9i,-0.04269168,Digitalisierung - jetzt,COVID-19 serological evaluation in a cohort of Vaccinated healthcare workers
mxpdmrfu,rmq8uqf0,-0.042686615,Digitalisierung - jetzt,Knowledge of Health Care Professionals and Medical Students Regarding Covid-19 in a Tertiary Care Hospital in Nepal
mxpdmrfu,8i1vp3ls,-0.042678017,Digitalisierung - jetzt,Effects of the covid 19 pandemic on the mental health of professional soccer teams: Epidemiological factors associated with state and trait anxiety
mxpdmrfu,g603d7pa,-0.042675335,Digitalisierung - jetzt,The effect of COVID-19 epidemic on the mental health of nurses’ family members
3d56os6r,ma4dd8ja,-0.04267351,hpO: Berufsvereinigung für heilkundlich praktizierte Osteopathie e. V.,Untouched
3d56os6r,0o7awt91,-0.042671423,hpO: Berufsvereinigung für heilkundlich praktizierte Osteopathie e. V.,The VODAN IN: support of a FAIR-based infrastructure for COVID-19
mln07ka4,gsonpunw,-0.042671178,COVID-19 mortality risk for older men and women,Campylobacteriose — eine zoonotische Infektionskrankheit
jjdvtfy1,26uu60nm,-0.04266788,Wieloukładowy zespół zapalny u dzieci a COVID-19,Forging a path to a better normal for conferences and collaboration
mxpdmrfu,qg0r4ig2,-0.042659994,Digitalisierung - jetzt,Intention to Vaccinate Children Against COVID-19 Among Vaccinated and Unvaccinated US Parents
mxpdmrfu,lprt1o5z,-0.042657476,Digitalisierung - jetzt,Associations among state-level physical distancing measures and suicidal thoughts and behaviors among U.S. adults during the early COVID-19 pandemic
nv5lbjkx,3d56os6r,-0.04265718,Neurotoxicosis in 4 Cats Receiving Ronidazole,hpO: Berufsvereinigung für heilkundlich praktizierte Osteopathie e. V.
jjdvtfy1,pfp5xg56,-0.04265231,Wieloukładowy zespół zapalny u dzieci a COVID-19,The Habsburgs: To Rule the World
sq08b8hz,hcjpj03p,-0.042651642,Neuropsychological consequences of Covid-19.,Leitlinien zu COVID-19
sq08b8hz,ioveubcb,-0.042651642,Neuropsychological consequences of Covid-19.,Darmkrebsvorsorge zu COVID‑19‑Zeiten
sq08b8hz,9sk9n0f9,-0.042651642,Neuropsychological consequences of Covid-19.,"Anmerkung zu BVerfG, Beschl. v. 16.12.2021 – 1 BvR 1541/20"
hcjpj03p,hktz816l,-0.042651642,Leitlinien zu COVID-19,Neuropsychological consequences of Covid-19
ioveubcb,hktz816l,-0.042651642,Darmkrebsvorsorge zu COVID‑19‑Zeiten,Neuropsychological consequences of Covid-19
9sk9n0f9,hktz816l,-0.042651642,"Anmerkung zu BVerfG, Beschl. v. 16.12.2021 – 1 BvR 1541/20",Neuropsychological consequences of Covid-19
hcjpj03p,tvetgbqo,-0.042645566,Leitlinien zu COVID-19,Psychological Aspects of the COVID-19 Pandemic
tvetgbqo,ioveubcb,-0.042645566,Psychological Aspects of the COVID-19 Pandemic,Darmkrebsvorsorge zu COVID‑19‑Zeiten
tvetgbqo,9sk9n0f9,-0.042645566,Psychological Aspects of the COVID-19 Pandemic,"Anmerkung zu BVerfG, Beschl. v. 16.12.2021 – 1 BvR 1541/20"
mxpdmrfu,51n3mw9x,-0.042637065,Digitalisierung - jetzt,Response of the Authors
mxpdmrfu,flha6275,-0.04261746,Digitalisierung - jetzt,A Review of Psychological Issues among Patients and Healthcare Staff during Two Major Coronavirus Disease Outbreaks in China: Contributory Factors and Management Strategies
mxpdmrfu,mz9goiqk,-0.042616095,Digitalisierung - jetzt,Characteristics of and Public Health Emergency Responses to COVID-19 and H1N1 Outbreaks: A Case-Comparison Study
3d56os6r,sxc3e7h2,-0.04261556,hpO: Berufsvereinigung für heilkundlich praktizierte Osteopathie e. V.,In demand.
mxpdmrfu,j3jl3ih3,-0.042615034,Digitalisierung - jetzt,Clinical Characteristics of Saffold Virus Infection in Children.
mxpdmrfu,akktkosz,-0.042612605,Digitalisierung - jetzt,Identifying and classifying the contributing factors to financial resilience
kd6obuvs,tnmk3zpf,-0.04261201,Address COVID-19 Issues With Volunteers,CAPNETZ fokussiert auf COVID-19
c2m5n02t,mxpdmrfu,-0.042604417,"Spatial analysis and influencing factors of pulmonary tuberculosis among students in Nanning, during 2012–2018",Digitalisierung - jetzt
3d56os6r,nttfyts0,-0.042601857,hpO: Berufsvereinigung für heilkundlich praktizierte Osteopathie e. V.,Protecting Nursing Home Residents and Staff from COVID-19.
mxpdmrfu,hhkqw5eh,-0.04260136,Digitalisierung - jetzt,Clinical nutrition approach in medical management of COVID-19 hospitalized patients: A narrative review
1xjao43w,bl3fcwvx,-0.04260097,Other,Stabilisierende Wirkungen durch Kurzarbeit
mxpdmrfu,qhwqfb5k,-0.042595025,Digitalisierung - jetzt,IOTECH in times of COVID-19
3d56os6r,k7qwzglk,-0.04259094,hpO: Berufsvereinigung für heilkundlich praktizierte Osteopathie e. V.,Propelled: evidence on the impact of vaccination against COVID-19 on travel propensity
n6yxusaq,mxpdmrfu,-0.042586237,Effects of Tocilizumab in COVID-19 patients: a cohort study,Digitalisierung - jetzt
gsonpunw,siewh7vt,-0.04258024,Campylobacteriose — eine zoonotische Infektionskrankheit,Secondary Metabolites of Plants as Modulators of Endothelium Functions
0xcxvdf3,kfs2zuk7,-0.0425777,An EUA for Casirivimab and Imdevimab for COVID-19,COVID-19: What approach should people take to prevent it?
mxpdmrfu,myz05g8i,-0.042576555,Digitalisierung - jetzt,Headache in patients with COVID-19
3t57next,y3hpzj0u,-0.042566925,Allokation knapper medizinischer Ressourcen auf COVID-19-PatientInnen. Ergebnisse einer Vignettenstudie,"Acknowledgment of Referees, 2020"
hcjpj03p,y3hpzj0u,-0.04256485,Leitlinien zu COVID-19,"Acknowledgment of Referees, 2020"
9sk9n0f9,y3hpzj0u,-0.04256485,"Anmerkung zu BVerfG, Beschl. v. 16.12.2021 – 1 BvR 1541/20","Acknowledgment of Referees, 2020"
ioveubcb,y3hpzj0u,-0.04256485,Darmkrebsvorsorge zu COVID‑19‑Zeiten,"Acknowledgment of Referees, 2020"
3d56os6r,vukl2d1s,-0.042560685,hpO: Berufsvereinigung für heilkundlich praktizierte Osteopathie e. V.,Telehealth in the time of COVID-19.
mxpdmrfu,iw1noswo,-0.042557754,Digitalisierung - jetzt,[Diagnostic steps and estimation of disease prognosis in COVID-19-infected patients]
4be5huph,0xcxvdf3,-0.04255604,Location of the Shift Technical Advisor Role in Nuclear Power Plant Scenarios - Impact on Performance,An EUA for Casirivimab and Imdevimab for COVID-19
l7iuk73z,mxpdmrfu,-0.042555362,Infectious Diseases,Digitalisierung - jetzt
0xcxvdf3,3vwxiep2,-0.04255149,An EUA for Casirivimab and Imdevimab for COVID-19,"Covid‐19, race and family therapy"
5yzdjcbm,0xcxvdf3,-0.042549983,The Impact of the Economic Corridor on Economic Stability: A Double Mediating Role of Environmental Sustainability and Sustainable Development Under the Exceptional Circumstances of COVID-19,An EUA for Casirivimab and Imdevimab for COVID-19
3d56os6r,yzck3148,-0.042549726,hpO: Berufsvereinigung für heilkundlich praktizierte Osteopathie e. V.,Should lockdown be based on age rather than geography?
jjdvtfy1,k0bl347l,-0.042544674,Wieloukładowy zespół zapalny u dzieci a COVID-19,Closing Up an Unusual Year
3d56os6r,o8omhswn,-0.042543035,hpO: Berufsvereinigung für heilkundlich praktizierte Osteopathie e. V.,COVID-19: losing battles or winning the war?
prqiviut,gsonpunw,-0.042538617,Public health ethics: the voices of practitioners.,Campylobacteriose — eine zoonotische Infektionskrankheit
4v2ybfyw,mxpdmrfu,-0.04253536,Mental health advice for frontline healthcare providers caring for patients with COVID-19,Digitalisierung - jetzt
0fy88v49,mxpdmrfu,-0.042533107,Factors Affecting Nurses’ Internal Transfer Intentions after the Introduction of COVID-19-Related Family Visiting Restrictions,Digitalisierung - jetzt
mxpdmrfu,9fqbbkkw,-0.04253232,Digitalisierung - jetzt,"Advanced Practice Nurses Globally: Responding to Health Challenges, Improving Outcomes"
mxpdmrfu,275mrkv8,-0.042528823,Digitalisierung - jetzt,COVID-19 and Hospital Financial Viability in the US
3d56os6r,2ikc96x6,-0.042523954,hpO: Berufsvereinigung für heilkundlich praktizierte Osteopathie e. V.,Taking ownership of your career: professional development through experiential learning
3d56os6r,fm6qczjh,-0.042523578,hpO: Berufsvereinigung für heilkundlich praktizierte Osteopathie e. V.,Summer Internship with University Students in the Context of Covid-19 Restrictions
mxpdmrfu,b9rxecuu,-0.042517394,Digitalisierung - jetzt,Infectious Diseases in Pregnancy
3d56os6r,re21vuv9,-0.042516824,hpO: Berufsvereinigung für heilkundlich praktizierte Osteopathie e. V.,Exploration of Technology Home-based Learning Guidance for Parents and Students during the Covid-19 Pandemic
mxpdmrfu,izuqmffx,-0.042512685,Digitalisierung - jetzt,"Family Presence for Patients and Separated Relatives During COVID-19: Physical, Virtual, and Surrogate"
mxpdmrfu,uo5b7etg,-0.042512152,Digitalisierung - jetzt,Variability in Results of the Microscopic Agglutination Test in Dogs with Clinical Leptospirosis and Dogs Vaccinated against Leptospirosis
3d56os6r,oslgjw7r,-0.042509075,hpO: Berufsvereinigung für heilkundlich praktizierte Osteopathie e. V.,Shifting to Delivering Simulation Virtually Within a Healthcare Education Setting
jjdvtfy1,l9pblnbc,-0.042507038,Wieloukładowy zespół zapalny u dzieci a COVID-19,The Great awakening: Are We Up to the Challenge?
3jgadect,0xcxvdf3,-0.042501934,The AstroCamp Project,An EUA for Casirivimab and Imdevimab for COVID-19
26lviumd,0xcxvdf3,-0.042495966,Smart Close-out Netting,An EUA for Casirivimab and Imdevimab for COVID-19
575laxue,mxpdmrfu,-0.04249351,The severity of COVID-19 among pregnant women and the risk of adverse maternal outcomes,Digitalisierung - jetzt
3d56os6r,ihfi9zas,-0.042486593,hpO: Berufsvereinigung für heilkundlich praktizierte Osteopathie e. V.,Supporting COVID-19 School Safety for Children With Disabilities and Medical Complexity
3d56os6r,p3ex47y2,-0.042481437,hpO: Berufsvereinigung für heilkundlich praktizierte Osteopathie e. V.,Outcomes of COVID-19 adults managed in an outpatient versus hospital setting
ufv6apgv,mxpdmrfu,-0.04248142,Public Health Syndromic Surveillance Systems,Digitalisierung - jetzt
zw48au6g,0xcxvdf3,-0.04247667,Domain-based asymmetry in expectations of the future,An EUA for Casirivimab and Imdevimab for COVID-19
mxpdmrfu,fgh6yeyw,-0.042473145,Digitalisierung - jetzt,Safety of Healthcare Workers During the Airway Management in Adult and Pediatric Patients with COVID-19
mxpdmrfu,qeu3zu37,-0.04247195,Digitalisierung - jetzt,Practical Considerations When Performing Neurodiagnostic Studies on Patients with COVID-19 and Other Highly Virulent Diseases
3d56os6r,3pg9l4hc,-0.04246458,hpO: Berufsvereinigung für heilkundlich praktizierte Osteopathie e. V.,Grandparent care and COVID-19
95u2vws4,6uvm25og,-0.042461403,Wir haben eine Impfung!,People + Companies
dhsniglo,95u2vws4,-0.042461388,People + Companies,Wir haben eine Impfung!
9bdiz5pz,95u2vws4,-0.042461388,People + Companies,Wir haben eine Impfung!
wm7yrtrw,95u2vws4,-0.042461388,People + Companies,Wir haben eine Impfung!
mpr3xb2a,0xcxvdf3,-0.04246095,COVID-19–We urgently need to start developing an exit strategy,An EUA for Casirivimab and Imdevimab for COVID-19
tys5gytz,0xcxvdf3,-0.042459045,Invigorating primary care for older adults living with dementia.,An EUA for Casirivimab and Imdevimab for COVID-19
mxpdmrfu,iwy1g2be,-0.04245805,Digitalisierung - jetzt,Risk communication and community engagement during COVID-19
dhsniglo,tj48cd1b,-0.04245746,People + Companies,Langzeitpflege in COVID-19-Zeiten: Leitfaden zur medizinischen Versorgung
tj48cd1b,9bdiz5pz,-0.04245746,Langzeitpflege in COVID-19-Zeiten: Leitfaden zur medizinischen Versorgung,People + Companies
tj48cd1b,wm7yrtrw,-0.04245746,Langzeitpflege in COVID-19-Zeiten: Leitfaden zur medizinischen Versorgung,People + Companies
tj48cd1b,6uvm25og,-0.04245746,Langzeitpflege in COVID-19-Zeiten: Leitfaden zur medizinischen Versorgung,People + Companies
k8sv79rk,0xcxvdf3,-0.042457383,Behavioral Health Professionals’ Perceptions on Patient-Controlled Granular Information Sharing (Part 1): Focus Group Study,An EUA for Casirivimab and Imdevimab for COVID-19
1gjbktzb,3d56os6r,-0.042451575,Competing Visions for the Future of Health Policy.,hpO: Berufsvereinigung für heilkundlich praktizierte Osteopathie e. V.
0xcxvdf3,qz5v1ec9,-0.04245098,An EUA for Casirivimab and Imdevimab for COVID-19,Critical Steps in Data Management During a Crisis
mxpdmrfu,7rwd0i9u,-0.042447943,Digitalisierung - jetzt,Experts’ views on COVID‐19 vaccination and the impact of the pandemic on patients with Gaucher disease
3d56os6r,swsf3cnv,-0.042444337,hpO: Berufsvereinigung für heilkundlich praktizierte Osteopathie e. V.,Life after COVID-19: Future directions?
3d56os6r,sfoenjct,-0.042431228,hpO: Berufsvereinigung für heilkundlich praktizierte Osteopathie e. V.,Reflections on the teaching and learning process in Physical Education during the COVID-19 pandemic. A real case
0xcxvdf3,fea2m9jn,-0.042419467,An EUA for Casirivimab and Imdevimab for COVID-19,A Time for Clinical Transformation: Emerging Implications From COVID-19 for Athlete Transition Research and Clinical Practice
mxpdmrfu,8u32gkf3,-0.042414706,Digitalisierung - jetzt,"Antenatal care, care at birth, and breastfeeding during the coronavirus (COVID - 19) pandemic"
nb15amwr,3d56os6r,-0.042412955,A time of reflection: a time for change,hpO: Berufsvereinigung für heilkundlich praktizierte Osteopathie e. V.
mxpdmrfu,a1482w9p,-0.042406548,Digitalisierung - jetzt,Factors associated with mental health outcomes among patients with COVID-19 treated in the Fangcang shelter hospital in China.
mxpdmrfu,am6al89n,-0.042401105,Digitalisierung - jetzt,Comparative clinical characteristics among different age group of adult COVID-19 Patients
mxpdmrfu,mzhwfbpe,-0.042398077,Digitalisierung - jetzt,"A qualitative study of rural healthcare providers’ views of social, cultural, and programmatic barriers to healthcare access"
3d56os6r,9fqbbkkw,-0.042397916,hpO: Berufsvereinigung für heilkundlich praktizierte Osteopathie e. V.,"Advanced Practice Nurses Globally: Responding to Health Challenges, Improving Outcomes"
jhj6cazo,mxpdmrfu,-0.04239498,Burnout and resilience in doctors in clinical and preclinical departments in a tertiary care teaching and dedicated COVID-19 hospital,Digitalisierung - jetzt
yvu5jor2,tnmk3zpf,-0.042394843,Editorial: Reflections on rheumatological aspects of COVID-19,CAPNETZ fokussiert auf COVID-19
mxpdmrfu,hqvzaon9,-0.042393517,Digitalisierung - jetzt,Correspondence on 'Risk factors for hospital admissions related to COVID-19 in patients with autoimmune inflammatory rheumatic diseases'.
mxpdmrfu,746p09ts,-0.042393517,Digitalisierung - jetzt,Correspondence to 'Risk factors for hospital admissions related to COVID-19 in patients with autoimmune inflammatory rheumatic diseases'
ja8ile0i,3d56os6r,-0.04239315,Will COVID-19 Derail the Progress Towards SDGs?,hpO: Berufsvereinigung für heilkundlich praktizierte Osteopathie e. V.
mxpdmrfu,95uyglwf,-0.04238975,Digitalisierung - jetzt,"COVID-19: Current understanding of its Pathophysiology, Clinical presentation and Treatment."
2fmr8fpf,mxpdmrfu,-0.042386364,INFORMATIZATION OF HEALTH CARE ON THE EXAMPLE OF A UTILITY COMPANY.,Digitalisierung - jetzt
pgs3onmy,0xcxvdf3,-0.042372257,COVID patients encountered by a general surgeon- 6 unique scenarios,An EUA for Casirivimab and Imdevimab for COVID-19
aqow73ul,mxpdmrfu,-0.042361908,Exploring documentation in Person-centred care: A content analysis of care plans,Digitalisierung - jetzt
e4tjf1f2,mxpdmrfu,-0.042351604,Communication during the COVID-19 pandemic: evaluation study on self-perceived competences and views of health care professionals,Digitalisierung - jetzt
mxpdmrfu,hhdawwjf,-0.04234298,Digitalisierung - jetzt,"Ethical dilemmas faced by health care workers during COVID-19 pandemic: Issues, implications and suggestions"
phhoqm07,0xcxvdf3,-0.042341,The importance of asking questions and doing things for a reason,An EUA for Casirivimab and Imdevimab for COVID-19
a8f94v8y,3d56os6r,-0.042333648,Teaching medical students remotely during a pandemic – what can psychiatry offer?,hpO: Berufsvereinigung für heilkundlich praktizierte Osteopathie e. V.
mxpdmrfu,wcqvsuzq,-0.042331576,Digitalisierung - jetzt,Has COVID-19 had a greater impact on female than male oncologists? Results of the ESMO Women for Oncology (W4O) Survey
gsonpunw,qh6we1sr,-0.04233111,Campylobacteriose — eine zoonotische Infektionskrankheit,Challenges and Opportunities for COVID-19 Vaccines in Patients with Cancer.
mxpdmrfu,q4jts1mr,-0.042321246,Digitalisierung - jetzt,COVID-19: A health-care worker’s perspective
ft15w83r,dwa7srww,-0.04231919,"COVID-19: Knowns, Unknowns, and Questions",Digitale Innovationen durch Rekombination fördern
mxpdmrfu,om942iob,-0.04231027,Digitalisierung - jetzt,Patterns in Local Economic Development in Light of COVID-19
3d56os6r,mod4xxhm,-0.042307846,hpO: Berufsvereinigung für heilkundlich praktizierte Osteopathie e. V.,Universal Ownership in Practice: A Practical Investment Framework for Asset Owners
zfz8dy1r,mxpdmrfu,-0.042300515,Patient attitudes toward prenatal diagnostic testing during antenatal care in an urban population,Digitalisierung - jetzt
mxpdmrfu,vintowwc,-0.042294085,Digitalisierung - jetzt,Demographic and Clinical Factors Related to Severe COVID-19 Infection and Mortality in Patients With Schizophrenia
k30mv20e,3d56os6r,-0.042284716,Impact of COVID -19 on children: special focus on the psychosocial aspect,hpO: Berufsvereinigung für heilkundlich praktizierte Osteopathie e. V.
3kbkgsqx,3d56os6r,-0.042280298,Development of e-learning teaching material with augmented reality based on problem based learning for nature of chemistry and scientific methods topic as teaching material in Covid-19 pandemic,hpO: Berufsvereinigung für heilkundlich praktizierte Osteopathie e. V.
k396fq03,mxpdmrfu,-0.042278513,Clinical risk factors for mortality of hospitalized patients with COVID-19: systematic review and meta-analysis.,Digitalisierung - jetzt
r1a4mmh6,mxpdmrfu,-0.042276453,The Effects of the COVID-19 pandemicon cancer patient encounters,Digitalisierung - jetzt
3d56os6r,etnnv0o1,-0.04227446,hpO: Berufsvereinigung für heilkundlich praktizierte Osteopathie e. V.,Impact of pandemics on income inequality: lessons from the past
mxpdmrfu,bf1og36z,-0.042273626,Digitalisierung - jetzt,Relations between Child and Parent Fears and Changes in Family Functioning Related to COVID-19
rgioa8z3,mxpdmrfu,-0.042272717,294 Medical Student Opinions About Clinical Education Policies During the COVID-19 Pandemic,Digitalisierung - jetzt
mxpdmrfu,w7oimsst,-0.04227177,Digitalisierung - jetzt,"The COVID-19 Pandemic: An Epidemiologic, Public Health, and Clinical Brief"
beiehagh,0xcxvdf3,-0.042270564,"COVID-19 test result reporting for deceased donors: Emergent policies, logistical challenges, and future directions",An EUA for Casirivimab and Imdevimab for COVID-19
0xcxvdf3,vk0xk4h8,-0.042270564,An EUA for Casirivimab and Imdevimab for COVID-19,"COVID‐19 test result reporting for deceased donors: Emergent policies, logistical challenges, and future directions"
xuvcrvo2,gsonpunw,-0.042256255,The Various Faces of Hyperthyroidism,Campylobacteriose — eine zoonotische Infektionskrankheit
omj5cdka,mxpdmrfu,-0.04225528,Health care and mental health challenges for transgender individuals during the COVID-19 pandemic,Digitalisierung - jetzt
mxpdmrfu,wzqwes4r,-0.042253066,Digitalisierung - jetzt,Editorial: COVID 19 women's health: personal and professional pandemic perspectives.
gsonpunw,ffn1lj7r,-0.042252447,Campylobacteriose — eine zoonotische Infektionskrankheit,Thanks to Reviewers.
0xcxvdf3,ppr1wt52,-0.04225175,An EUA for Casirivimab and Imdevimab for COVID-19,Facility and Family Communication during the COVID-19 Visit Restriction: Early Perspectives of Family Members.
0xcxvdf3,776y7aq8,-0.04225169,An EUA for Casirivimab and Imdevimab for COVID-19,Open educational resources: undertheorized research and untapped potential
mxpdmrfu,12shdu5m,-0.04225151,Digitalisierung - jetzt,Benefits and Risks of Visitor Restrictions for Hospitalized Children During the COVID Pandemic
3mo9napy,mxpdmrfu,-0.042242784,"Influenza viruses and coronaviruses: Knowns, unknowns, and common research challenges",Digitalisierung - jetzt
7xkj7uas,3d56os6r,-0.0422417,Strategies for sharing pedagogical knowledge in clinical education in adapting to the impact of COVID-19,hpO: Berufsvereinigung für heilkundlich praktizierte Osteopathie e. V.
kzobf5b7,3d56os6r,-0.042239804,Justice for Women Amidst COVID-19,hpO: Berufsvereinigung für heilkundlich praktizierte Osteopathie e. V.
u7tsfh31,mxpdmrfu,-0.04223037,[The characteristics of nurses' and caregivers' behaviour in different clinical settings with special attention to burnout syndrome].,Digitalisierung - jetzt
0cn27mio,mxpdmrfu,-0.042227168,Coastal ecosystem services & human wellbeing,Digitalisierung - jetzt
3d56os6r,phkniyam,-0.04222432,hpO: Berufsvereinigung für heilkundlich praktizierte Osteopathie e. V.,"It's Not You, It's Me: Learning to Navigate the Patient-Physician Relationship."
mxpdmrfu,x48g6m56,-0.04222393,Digitalisierung - jetzt,Morbidity and mortality in urological emergency patients during COVID-19
c144vwxv,3d56os6r,-0.042221945,Avoiding digital marketing analytics myopia: revisiting the customer decision journey as a strategic marketing framework,hpO: Berufsvereinigung für heilkundlich praktizierte Osteopathie e. V.
3d56os6r,c97thcfa,-0.042221382,hpO: Berufsvereinigung für heilkundlich praktizierte Osteopathie e. V.,Impact of COVID‐19 on public health nursing student learning outcomes
al12ae6s,mxpdmrfu,-0.0422211,Fear of covid-19 among the hashemite university students according to some variables,Digitalisierung - jetzt
mxpdmrfu,78qsuc5l,-0.04221807,Digitalisierung - jetzt,"Neurological manifestations in patients with symptomatic COVID-19 admitted to the Bafoussam Regional Hospital, Cameroon"
hcjpj03p,v7jbl6s5,-0.04221642,Leitlinien zu COVID-19,FROM THE EDITORS.
hcjpj03p,yr47dy3j,-0.04221642,Leitlinien zu COVID-19,From the Editors.
v7jbl6s5,9sk9n0f9,-0.04221642,FROM THE EDITORS.,"Anmerkung zu BVerfG, Beschl. v. 16.12.2021 – 1 BvR 1541/20"
v7jbl6s5,ioveubcb,-0.04221642,FROM THE EDITORS.,Darmkrebsvorsorge zu COVID‑19‑Zeiten
ioveubcb,yr47dy3j,-0.04221642,Darmkrebsvorsorge zu COVID‑19‑Zeiten,From the Editors.
9sk9n0f9,yr47dy3j,-0.042216416,"Anmerkung zu BVerfG, Beschl. v. 16.12.2021 – 1 BvR 1541/20",From the Editors.
wpq58fhy,jjdvtfy1,-0.042215306,"COVID-19: interpreting scientific evidence – uncertainty, confusion and delays",Wieloukładowy zespół zapalny u dzieci a COVID-19
3d56os6r,bj0lrrjt,-0.042194046,hpO: Berufsvereinigung für heilkundlich praktizierte Osteopathie e. V.,"Pricing, management and decision-making of financial markets with artificial intelligence: introduction to the issue"
mxpdmrfu,wap7lo05,-0.042192023,Digitalisierung - jetzt,Clinical and imaging features of COVID-19
gsonpunw,cq4535pa,-0.0421907,Campylobacteriose — eine zoonotische Infektionskrankheit,"Incidence, Mortality, and Risk Factors of COVID-19 in Nursing Homes"
5iqpl23p,hcjpj03p,-0.042189255,Rhinoviruses,Leitlinien zu COVID-19
5iqpl23p,9sk9n0f9,-0.042189255,Rhinoviruses,"Anmerkung zu BVerfG, Beschl. v. 16.12.2021 – 1 BvR 1541/20"
5iqpl23p,ioveubcb,-0.042189255,Rhinoviruses,Darmkrebsvorsorge zu COVID‑19‑Zeiten
uimuvuc9,jjdvtfy1,-0.042188294,Evidence-Informed Policymaking,Wieloukładowy zespół zapalny u dzieci a COVID-19
mxpdmrfu,8kteo1sz,-0.04218651,Digitalisierung - jetzt,A physician's approach and experience of managing patients with diabetes during COVID‐19
l5441kqp,0xcxvdf3,-0.042178057,The Internet of Things: Enabling Opportunities and Challenges,An EUA for Casirivimab and Imdevimab for COVID-19
rfk1qmui,mxpdmrfu,-0.042165857,The Prevalence of Arterial Hypertension among Patients Hospitalized with Covid-19,Digitalisierung - jetzt
mxpdmrfu,h0fr9yiq,-0.042157486,Digitalisierung - jetzt,Telemedicine for endocrinological care of transgender subjects during COVID-19 pandemic.
ummenh2x,0xcxvdf3,-0.042157426,Challenges for Children 65+ Caring for Parents 90+ With Dementia During COVID-19,An EUA for Casirivimab and Imdevimab for COVID-19
0xcxvdf3,g22umekl,-0.04215267,An EUA for Casirivimab and Imdevimab for COVID-19,Introduction to Solid State Physics
3d56os6r,6p5h4brn,-0.042150624,hpO: Berufsvereinigung für heilkundlich praktizierte Osteopathie e. V.,Reimagining medical education for primary care in the time of COVID-19: a world view.
3d56os6r,mherdb4v,-0.042150494,hpO: Berufsvereinigung für heilkundlich praktizierte Osteopathie e. V.,Lessons for and from COVID‐19 for investors and their advisors
0ai8chbu,0xcxvdf3,-0.042147297,Background Information: Isolation Routines,An EUA for Casirivimab and Imdevimab for COVID-19
avmiaa3r,0xcxvdf3,-0.042147025,Counting the costs of COVID-19: why future treatment option values matter,An EUA for Casirivimab and Imdevimab for COVID-19
0xcxvdf3,ll5mkslb,-0.04214701,An EUA for Casirivimab and Imdevimab for COVID-19,Counting the costs of COVID-19: why future treatment option values matter
7o8igsbl,0xcxvdf3,-0.042140078,The Impact of COVID-19 on Event Management Industry,An EUA for Casirivimab and Imdevimab for COVID-19
3r0bavge,0xcxvdf3,-0.04213523,Covid-19: An Urgent Need For A Psychoneuroendocrine Perspective,An EUA for Casirivimab and Imdevimab for COVID-19
n84itauf,0xcxvdf3,-0.042135227,Covid-19: An Urgent Need For A Psychoneuroendocrine Perspective,An EUA for Casirivimab and Imdevimab for COVID-19
c2bga549,3d56os6r,-0.042134702,Enduring this unexpected time through mutual support and understanding,hpO: Berufsvereinigung für heilkundlich praktizierte Osteopathie e. V.
3d56os6r,ohxc0brx,-0.042134702,hpO: Berufsvereinigung für heilkundlich praktizierte Osteopathie e. V.,Enduring this unexpected time through mutual support and understanding
pf77jv6p,mxpdmrfu,-0.0421226,Social Norms and Engagement in Protective Health Behaviors Among Rural Health Providers,Digitalisierung - jetzt
ds5zrlum,0xcxvdf3,-0.042122,Factors related to viral clearance time in patients with critical COVID‑19,An EUA for Casirivimab and Imdevimab for COVID-19
mxpdmrfu,dea1iyhv,-0.042120825,Digitalisierung - jetzt,"Cohort study on Adverse Drug Reactions in adults admitted to the medical wards of a tertiary hospital in Nigeria: Prevalence, incidence, risk factors and fatality"
l7bopvkl,mxpdmrfu,-0.042115163,Subgroup demographic may have skewed ALLHAT results.,Digitalisierung - jetzt
5h5vvxmt,fd9n56hw,-0.042109136,WILDLIFE,Innovationen verbessern Lebensqualität von Patienten mit Hämophilie A
6p4kkgp4,gsonpunw,-0.04209943,Human Vaccines & Immunotherapeutics: news.,Campylobacteriose — eine zoonotische Infektionskrankheit
gsonpunw,oi8ls8to,-0.04209943,Campylobacteriose — eine zoonotische Infektionskrankheit,Human vaccines & immunotherapeutics: news.
gsonpunw,l7r5uar8,-0.04209943,Campylobacteriose — eine zoonotische Infektionskrankheit,Human Vaccines & Immunotherapeutics: news
qvay40pd,6ptdkrjy,-0.042098757,All People.,MAUERWERK aktuell 3/20
qvay40pd,s98z1ae3,-0.042098757,All People.,Aktuell
qvay40pd,ofz4dywk,-0.042098757,All People.,/ Aktuell /
qvay40pd,3eqqhgug,-0.042098757,All People.,Aktuell
qvay40pd,bxy13q5u,-0.042098757,All People.,Aktuell: Stahlbau 4/21
qvay40pd,vlyxwqmr,-0.042098757,All People.,Aktuell
mxpdmrfu,txnr65co,-0.04208931,Digitalisierung - jetzt,"Heterogeneous Actions, Beliefs, Constraints and Risk Tolerance During the COVID-19 Pandemic"
zf2cazip,3d56os6r,-0.04208366,Nearly One In Five Skilled Nursing Facilities Awarded Positive Incentives Under Value-Based Purchasing.,hpO: Berufsvereinigung für heilkundlich praktizierte Osteopathie e. V.
3d56os6r,ni4ck8w4,-0.042073634,hpO: Berufsvereinigung für heilkundlich praktizierte Osteopathie e. V.,"COVID-19 in children: Epidemiology, presentation, diagnosis and management."
pdj55b0f,tnmk3zpf,-0.042060602,Role of Hematological and Immunological Parameters in COVID-19 Patients,CAPNETZ fokussiert auf COVID-19
3d56os6r,ld4st9cp,-0.04205832,hpO: Berufsvereinigung für heilkundlich praktizierte Osteopathie e. V.,What can COVID-19 teach us about responding to climate change?
tj48cd1b,taylx8ax,-0.042055756,Langzeitpflege in COVID-19-Zeiten: Leitfaden zur medizinischen Versorgung,ESICM LIVES 2020
j0wv20x9,3d56os6r,-0.042040333,"Risk, responsibility, and choice in research ethics",hpO: Berufsvereinigung für heilkundlich praktizierte Osteopathie e. V.
65ser44l,3d56os6r,-0.04203979,Ensuring fair distribution of COVID-19 vaccines: is an intellectual waiver the answer?,hpO: Berufsvereinigung für heilkundlich praktizierte Osteopathie e. V.
0xcxvdf3,o90zgvur,-0.042038318,An EUA for Casirivimab and Imdevimab for COVID-19,COVID-19 and Clinical Trials: Current Challenges and Future Directions.
3d56os6r,320w2acq,-0.042035796,hpO: Berufsvereinigung für heilkundlich praktizierte Osteopathie e. V.,Proving the Safety of Highly-Available Distributed Objects
gsonpunw,83x9wajq,-0.042031296,Campylobacteriose — eine zoonotische Infektionskrankheit,Getting Through COVID-19: Keeping Clinicians in the Workforce.
bl3fcwvx,urkqpf3u,-0.042030342,Stabilisierende Wirkungen durch Kurzarbeit,A monthly roundup of key articles in other journals.
bl3fcwvx,iy0h13x8,-0.042030342,Stabilisierende Wirkungen durch Kurzarbeit,A monthly roundup of key articles in other journals.
bl3fcwvx,w5456jge,-0.042030342,Stabilisierende Wirkungen durch Kurzarbeit,A monthly roundup of key articles in other journals.
mxpdmrfu,hc8anufc,-0.042028945,Digitalisierung - jetzt,Stroke etiologies in patients with COVID-19: the SVIN COVID-19 multinational registry
3d56os6r,tavz61h3,-0.0420284,hpO: Berufsvereinigung für heilkundlich praktizierte Osteopathie e. V.,Progressing the construct of enjoyment: conceptualizing enjoyment as a proactive process
0xcxvdf3,orfp97f5,-0.042011585,An EUA for Casirivimab and Imdevimab for COVID-19,Prediction of Emotional Distress After Critical Illness Is Vital For Prevention.
0xcxvdf3,734ojuo1,-0.042003766,An EUA for Casirivimab and Imdevimab for COVID-19,Simple discrete-time self-exciting models can describe complex dynamic processes: A case study of COVID-19
3d56os6r,36oq3tub,-0.041995957,hpO: Berufsvereinigung für heilkundlich praktizierte Osteopathie e. V.,Quality adjusted life years in the time of COVID-19
p68fd2wn,mxpdmrfu,-0.04199412,Professional satisfaction of nurses in the intensive care unit environment,Digitalisierung - jetzt
7cszc05m,0xcxvdf3,-0.041988492,Sibling Conflict during COVID-19 in Families with Special Educational Needs and Disabilities,An EUA for Casirivimab and Imdevimab for COVID-19
gsonpunw,spm5esfk,-0.041979812,Campylobacteriose — eine zoonotische Infektionskrankheit,"Biosecurity at Cattle Farms: Strengths, Weaknesses, Opportunities and Threats"
jjdvtfy1,7sks9m1m,-0.04197377,Wieloukładowy zespół zapalny u dzieci a COVID-19,A Quest for Knowledge
1x3zanfy,mxpdmrfu,-0.04196416,Violence and sociodemographic related factors among a sample of Egyptian women during the COVID-19 pandemic,Digitalisierung - jetzt
3d56os6r,pohztg2i,-0.041962773,hpO: Berufsvereinigung für heilkundlich praktizierte Osteopathie e. V.,Tactowel: A Subtle Sports Performance Display for Giving Real-Time Performance Feedback in Tennis
3d56os6r,kohlxei0,-0.04195681,hpO: Berufsvereinigung für heilkundlich praktizierte Osteopathie e. V.,Academic women and their children: Parenting during COVID-19 and the impact on scholarly productivity
4rzhiciq,mxpdmrfu,-0.041955847,The Effects of Pregnancy on Women With COVID-19: Maternal and Infant Outcomes,Digitalisierung - jetzt
qhwqfb5k,95u2vws4,-0.041942723,IOTECH in times of COVID-19,Wir haben eine Impfung!
mxpdmrfu,6dg7uvy3,-0.041942455,Digitalisierung - jetzt,Development of Evidence-Based COVID-19 Management Guidelines for Local Context: The Methodological Challenges
uh0d0juj,3d56os6r,-0.041937456,Covidaroundus: Social distancing made easier,hpO: Berufsvereinigung für heilkundlich praktizierte Osteopathie e. V.
l9vi24f0,mxpdmrfu,-0.041934952,Identifying Influential Nodes in Complex Networks Based on Multiple Local Attributes and Information Entropy,Digitalisierung - jetzt
9rhy10sp,0xcxvdf3,-0.041927725,COVID‐19 and the generation of novel scientific knowledge: Evidence‐based decisions and data sharing,An EUA for Casirivimab and Imdevimab for COVID-19
mxpdmrfu,cnbasfz5,-0.04192491,Digitalisierung - jetzt,"Evidence, values & masks for control of COVID-19"
ktneuwes,0xcxvdf3,-0.041918136,Early career psychiatrists in times of crisis(),An EUA for Casirivimab and Imdevimab for COVID-19
mxpdmrfu,et57is9i,-0.041914854,Digitalisierung - jetzt,"Changes in patients’ outlook, behaviors, and attitudes toward COVID-19 after hospitalization and their experiences of discrimination and harassment"
17h0z807,0xcxvdf3,-0.04191363,Associations between goal orientation and suicidal thoughts and behaviors at one-month follow-up: Indirect effects through ruminative flooding,An EUA for Casirivimab and Imdevimab for COVID-19
mxpdmrfu,gunmr3m0,-0.041904707,Digitalisierung - jetzt,"Meeting Undergraduate Nursing Students' Clinical Needs: A Comparison of Traditional Clinical, Face-to-Face Simulation, and Screen-Based Simulation Learning Environments"
xptjedh0,3d56os6r,-0.041892853,Ensuring continued progress for development of COVID-19 therapeutics in children,hpO: Berufsvereinigung für heilkundlich praktizierte Osteopathie e. V.
mxpdmrfu,gqvh4x16,-0.04189198,Digitalisierung - jetzt,Healthcare students: should they be prioritized for COVID-19 vaccination?
dxvd4v73,mxpdmrfu,-0.04188048,Hematological Changes and Pregnancy Outcome in COVID-19 Pregnant Patients: A Case–Control Study,Digitalisierung - jetzt
p0hanb6q,0xcxvdf3,-0.04187499,Sustained Impairment in Cardiopulmonary Exercise Capacity Testing in Patients after COVID-19: A Single Center Experience,An EUA for Casirivimab and Imdevimab for COVID-19
mxpdmrfu,qt32jll5,-0.041873027,Digitalisierung - jetzt,Medical Students Contribute to the Community and Medical Field During COVID-19 Pandemic
mxpdmrfu,jsyao6qu,-0.041871425,Digitalisierung - jetzt,Epidemiology and clinical features of coronavirus disease 2019 in children
upz5nw4p,3d56os6r,-0.04186801,COVID‐19: A Make or Break Moment for Global Policy Making,hpO: Berufsvereinigung für heilkundlich praktizierte Osteopathie e. V.
3d56os6r,1lgrv86h,-0.04186779,hpO: Berufsvereinigung für heilkundlich praktizierte Osteopathie e. V.,Nine Lessons Learned From the COVID-19 Pandemic for Improving Hospital Care and Health Care Delivery
50aehgyo,mxpdmrfu,-0.041866582,Housing as a Determinant of COVID-19 Inequities,Digitalisierung - jetzt
mxpdmrfu,hgvd8hsf,-0.041865773,Digitalisierung - jetzt,"Characteristics, Management, and Outcomes of Elderly Patients with Diabetes in a Covid-19 Unit: Lessons Learned from a Pilot Study"
aqh0jlyq,0xcxvdf3,-0.041853994,Opportunity Exploitation in Times of the COVID-19 Pandemic - The Importance of Dynamic Capabilities and the Entrepreneur's Characteristics,An EUA for Casirivimab and Imdevimab for COVID-19
mxpdmrfu,5owklbm8,-0.041851003,Digitalisierung - jetzt,COVID-19 and Social Work Field Education: A Descriptive Study of Students’ Experiences
gsonpunw,oe1dsn5f,-0.041848652,Campylobacteriose — eine zoonotische Infektionskrankheit,Clinical Course and Outcomes of COVID-19 Patients with Hypertension
jjdvtfy1,44emw2do,-0.041844897,Wieloukładowy zespół zapalny u dzieci a COVID-19,Thoughts about COVID-19
mxpdmrfu,gcg0dm8u,-0.04184447,Digitalisierung - jetzt,Assessing risk for healthcare workers during the covid-19 pandemic
mxpdmrfu,ognr0emf,-0.04184342,Digitalisierung - jetzt,The impact of COVID-19 on the delivery of care by Australian primary health care nurses.
79ptq7k7,3d56os6r,-0.041838296,The Multiple Casualty Scenario: Role of the Anesthesiologist,hpO: Berufsvereinigung für heilkundlich praktizierte Osteopathie e. V.
mxpdmrfu,r6r4at5x,-0.04183565,Digitalisierung - jetzt,Impacts of food and nutrition on covid-19 patients
crpvpoih,0xcxvdf3,-0.041835163,How are you coping?,An EUA for Casirivimab and Imdevimab for COVID-19
mxpdmrfu,np0nbrdc,-0.041834798,Digitalisierung - jetzt,The Risks of Prescribing Hydroxychloroquine in COVID-19-Infected Patients With Schizophrenia
0xcxvdf3,nehnj6uy,-0.041833982,An EUA for Casirivimab and Imdevimab for COVID-19,Going Remote: How Teaching During a Crisis is Unique to Other Distance Learning Experiences
nhwxcwvu,zu4tikpu,-0.04181488,Two roads diverge,Exkursion in eine postagile Zukunft
dns7hji5,mxpdmrfu,-0.041812316,"A prospective, single-center study to evaluate the clinical performance of Meril ABFind in individuals vaccinated against COVID-19",Digitalisierung - jetzt
mxpdmrfu,hefb2tmv,-0.041812316,Digitalisierung - jetzt,"A prospective, single-center study to evaluate the clinical performance of Meril ABFind in individuals vaccinated against COVID-19"
cysiccve,mxpdmrfu,-0.041812167,Clinical vulnerability for severity and mortality by COVID-19 among users of alcohol and other substances,Digitalisierung - jetzt
3d56os6r,s3nmfdk0,-0.041811205,hpO: Berufsvereinigung für heilkundlich praktizierte Osteopathie e. V.,Smart and Sustainable Nanotechnological Solutions in a Battle against COVID-19 and Beyond: A Critical Review
ueitac1a,0xcxvdf3,-0.041810676,Why clinical trials may not help patients make treatment decisions: results from focus group discussions with 22 patients.,An EUA for Casirivimab and Imdevimab for COVID-19
soyng29s,0xcxvdf3,-0.04180763,Future directions for risk communications at EFSA,An EUA for Casirivimab and Imdevimab for COVID-19
j6nd02sj,bxm74j16,-0.041805208,پیشبینی رفتارهاي پیشگیرانه از کووید-19 بر اساس سازه هاي مدل اعتقاد بهداشتی (HBM): مطالعه مبتنی بر اینترنت در جمعیت استان مازندران,Safety of remdesivir and tocilizumab in COVID-19 treatment
3d56os6r,65p3h38g,-0.04180495,hpO: Berufsvereinigung für heilkundlich praktizierte Osteopathie e. V.,Impact of COVID-19 on Telehealth.
bt08du12,3d56os6r,-0.04180301,Retaining the best,hpO: Berufsvereinigung für heilkundlich praktizierte Osteopathie e. V.
d5dtu8qe,mxpdmrfu,-0.04179967,This Scientific Life,Digitalisierung - jetzt
4aku08k1,0xcxvdf3,-0.04179788,The Aftermath of COVID 19: Future Insights for Teachers’ Professional Development in Higher Education,An EUA for Casirivimab and Imdevimab for COVID-19
3d56os6r,48hkosei,-0.041793913,hpO: Berufsvereinigung für heilkundlich praktizierte Osteopathie e. V.,"65 & Thrive: Improving Patient Length of Stay, Readmission, and Quality of Care by Becoming an Age-Friendly Hospital"
0xcxvdf3,dq39ydte,-0.041793525,An EUA for Casirivimab and Imdevimab for COVID-19,The psychological implications of COVID-19 on employee job insecurity and its consequences: The mitigating role of organization adaptive practices.
mxpdmrfu,ji2fj589,-0.04179068,Digitalisierung - jetzt,"Intimate Relationships and Coronary Heart Disease: Implications for Risk, Prevention, and Patient Management"
qhwqfb5k,0xcxvdf3,-0.04179045,IOTECH in times of COVID-19,An EUA for Casirivimab and Imdevimab for COVID-19
3d56os6r,kgh6m1g2,-0.041788924,hpO: Berufsvereinigung für heilkundlich praktizierte Osteopathie e. V.,Implementing the SNIS recommendations for neurointerventional emergent care in the setting of COVID-19: impact on stroke metrics and patient outcomes
3d56os6r,r50n3u40,-0.041782968,hpO: Berufsvereinigung für heilkundlich praktizierte Osteopathie e. V.,Growing the pattern: Our first year
jkm1l3ub,b0dgkx6d,-0.04177871,Is this the COVID decade?,Urocyon littoralis
3d56os6r,xy797ipx,-0.041778203,hpO: Berufsvereinigung für heilkundlich praktizierte Osteopathie e. V.,Teaching and learning considerations during the COVID-19 pandemic: Supporting multimodal student learning preferences
w9fthj92,mxpdmrfu,-0.041776836,"Clinical trial considerations in sickle cell disease: patient-reported outcomes, data elements, and the stakeholder engagement framework",Digitalisierung - jetzt
3d56os6r,cb79ote8,-0.04177536,hpO: Berufsvereinigung für heilkundlich praktizierte Osteopathie e. V.,Reading Format Attitudes in the Time of COVID
mxpdmrfu,xielm347,-0.041771535,Digitalisierung - jetzt,Difficulties in Treating a Patient with Multiple Cancers in the COVID-19 Pandemic
bl3fcwvx,44emw2do,-0.041766573,Stabilisierende Wirkungen durch Kurzarbeit,Thoughts about COVID-19
mxpdmrfu,rgyav5hj,-0.04176193,Digitalisierung - jetzt,"Knowledge, boundaries, and bodies: Social construction between medical sociology and science and technology studies"
3d56os6r,bnn7pi8s,-0.041761838,hpO: Berufsvereinigung für heilkundlich praktizierte Osteopathie e. V.,"Intensive care sedation: the past, present and the future."
uwu4rf14,3d56os6r,-0.041757457,Online Teaching and Learning between Temporary Solution and Future Necessity,hpO: Berufsvereinigung für heilkundlich praktizierte Osteopathie e. V.
356vat73,mxpdmrfu,-0.041753117,COVID 19 in neonates,Digitalisierung - jetzt
usee3zt5,mxpdmrfu,-0.041753117,COVID 19 in neonates,Digitalisierung - jetzt
mxpdmrfu,d9ph8jnw,-0.041753117,Digitalisierung - jetzt,Neonates and COVID-19
mxpdmrfu,uxqruuth,-0.041751333,Digitalisierung - jetzt,Assessment of Cardiovascular Risk Factors in Young Adults through the Nursing Diagnosis: A Cross-Sectional Study among International University Students
3d56os6r,fx494wip,-0.041750297,hpO: Berufsvereinigung für heilkundlich praktizierte Osteopathie e. V.,COVID-19: Looking Into the Overlooked
jjdvtfy1,v4d4m0hu,-0.041741516,Wieloukładowy zespół zapalny u dzieci a COVID-19,Scientists are drowning in COVID-19 papers. Can new tools keep them afloat?
bmgb9g3x,0xcxvdf3,-0.04174034,Secure and Efficient Trajectory-Based Contact Tracing using Trusted Hardware,An EUA for Casirivimab and Imdevimab for COVID-19
zu4tikpu,xj1ly4km,-0.041737814,Exkursion in eine postagile Zukunft,Staff wellbeing in times of COVID-19
tkfpcowf,tnmk3zpf,-0.041737188,Contact tracing: Unearthing key epidemiological features of COVID-19,CAPNETZ fokussiert auf COVID-19
mee466ym,3d56os6r,-0.04172823,MyDispense impact in compensating summer field training course during COVID-19 pandemic,hpO: Berufsvereinigung für heilkundlich praktizierte Osteopathie e. V.
b49lp0zg,0xcxvdf3,-0.041725684,Employee Social Network Strategies: Implications for Firm Strategies and Performance in Future Organizations,An EUA for Casirivimab and Imdevimab for COVID-19
lapwazip,zu4tikpu,-0.041724738,[COVID-19 and the kidneys-Clinical aspects],Exkursion in eine postagile Zukunft
3d56os6r,n6m0m3c5,-0.041723892,hpO: Berufsvereinigung für heilkundlich praktizierte Osteopathie e. V.,Archimedean Choice Functions: An Axiomatic Foundation for Imprecise Decision Making
mxpdmrfu,jn5pn2jh,-0.04172177,Digitalisierung - jetzt,"""Quantifying the precision of ecological risk: Misunderstandings and errors in the methods for assessment factors versus species sensitivity distributions"""
tcbx3pa2,mxpdmrfu,-0.041719526,"A Study of Clinical, Dermoscopic and Histopathological Correlation in Follicular Keratotic Diseases: Preliminary Observations in 30 Cases",Digitalisierung - jetzt
hca45ood,0xcxvdf3,-0.04171861,Assisted Living Residents with Dementia: Being Out in the World and Negotiating Connections,An EUA for Casirivimab and Imdevimab for COVID-19
3d56os6r,xuk1srh5,-0.041717786,hpO: Berufsvereinigung für heilkundlich praktizierte Osteopathie e. V.,Infectious Risks of Traveling Abroad.
kknfl496,hcjpj03p,-0.041716974,Thrombocytopathy and endotheliopathy: crucial contributors to COVID-19 thromboinflammation,Leitlinien zu COVID-19
kknfl496,9sk9n0f9,-0.041716974,Thrombocytopathy and endotheliopathy: crucial contributors to COVID-19 thromboinflammation,"Anmerkung zu BVerfG, Beschl. v. 16.12.2021 – 1 BvR 1541/20"
kknfl496,ioveubcb,-0.041716974,Thrombocytopathy and endotheliopathy: crucial contributors to COVID-19 thromboinflammation,Darmkrebsvorsorge zu COVID‑19‑Zeiten
hcjpj03p,15ptp8km,-0.041716974,Leitlinien zu COVID-19,Thrombocytopathy and endotheliopathy: crucial contributors to COVID-19 thromboinflammation
15ptp8km,ioveubcb,-0.041716974,Thrombocytopathy and endotheliopathy: crucial contributors to COVID-19 thromboinflammation,Darmkrebsvorsorge zu COVID‑19‑Zeiten
15ptp8km,9sk9n0f9,-0.041716974,Thrombocytopathy and endotheliopathy: crucial contributors to COVID-19 thromboinflammation,"Anmerkung zu BVerfG, Beschl. v. 16.12.2021 – 1 BvR 1541/20"
b5sttb26,0xcxvdf3,-0.041712776,Our Earth Matters: Pathways to a Better Common Environmental Future – Part 1,An EUA for Casirivimab and Imdevimab for COVID-19
mxpdmrfu,yjn5tuzq,-0.04170682,Digitalisierung - jetzt,Comments on “Factors Affecting the Psychological Well-being of Health Care Workers During an Epidemic: A Thematic Review”
mxpdmrfu,psbvzfav,-0.041697517,Digitalisierung - jetzt,Diversity of the physician workforce: Specialty choice decisions during medical school.
hk7nfdl1,mxpdmrfu,-0.041693658,Statistical Issues and Recommendations for Clinical Trials Conducted During the COVID-19 Pandemic,Digitalisierung - jetzt
2kq0hrum,3d56os6r,-0.041691598,"Student Experiences of Emergency Remote Teaching: Impacts of Instructor Practice on Student Learning, Engagement, and Well-Being",hpO: Berufsvereinigung für heilkundlich praktizierte Osteopathie e. V.
3d56os6r,bmqfivu4,-0.04168184,hpO: Berufsvereinigung für heilkundlich praktizierte Osteopathie e. V.,Reflections of a Mindful Teacher’s Shift from In-Person to Online Courses
keaxietu,mxpdmrfu,-0.041678675,Understanding Economic and Health Factors Impacting the Spread of COVID-19 Disease,Digitalisierung - jetzt
2dl3qtqa,0xcxvdf3,-0.04167567,Towards Societies Living with COVID-19,An EUA for Casirivimab and Imdevimab for COVID-19
flm55n9f,0xcxvdf3,-0.041674875,25.5 HOW COVID-19 IMPACTED THE SYSTEM OF CARE FOR INDIVIDUALS WITH INTELLECTUAL DEVELOPMENTAL DISORDERS (IDDS),An EUA for Casirivimab and Imdevimab for COVID-19
kdbj6kys,mxpdmrfu,-0.04167189,Dilemmas in resuscitation of COVID-19 patients based on current evidence.,Digitalisierung - jetzt
3d56os6r,0jn8lkxb,-0.041671235,hpO: Berufsvereinigung für heilkundlich praktizierte Osteopathie e. V.,Challenges and opportunities for informal physics learning in the COVID era
rleszpxp,3d56os6r,-0.041668404,Effectively Adapting and Implementing In-Person Teacher Professional Development to a Virtual Format.,hpO: Berufsvereinigung für heilkundlich praktizierte Osteopathie e. V.
m1qul7cr,3d56os6r,-0.041665938,"Dermatologist Perceptions of Teledermatology Implementation and Future Use After COVID-19: Demographics, Barriers, and Insights",hpO: Berufsvereinigung für heilkundlich praktizierte Osteopathie e. V.
zu4tikpu,oquhgthb,-0.041663308,Exkursion in eine postagile Zukunft,Choices.
dys5ptj1,j6nd02sj,-0.04166327,Importance of COVID-19 vaccine efficacy in older age groups,پیشبینی رفتارهاي پیشگیرانه از کووید-19 بر اساس سازه هاي مدل اعتقاد بهداشتی (HBM): مطالعه مبتنی بر اینترنت در جمعیت استان مازندران
3d56os6r,vnf177qo,-0.041659646,hpO: Berufsvereinigung für heilkundlich praktizierte Osteopathie e. V.,Editorial: The Matters that Haunt Us
0xcxvdf3,x56eb8yl,-0.041656718,An EUA for Casirivimab and Imdevimab for COVID-19,COVID-19 Test Result Turnaround Time for Residents and Staff in US Nursing Homes
jnx2od71,mxpdmrfu,-0.041652348,Predictability states in human mobility,Digitalisierung - jetzt
mxpdmrfu,6yrmdlte,-0.041651893,Digitalisierung - jetzt,Covid-19 - Implications for the Health Care System
0xcxvdf3,bwe2v076,-0.041647445,An EUA for Casirivimab and Imdevimab for COVID-19,Clinical chemistry tests for patients with COVID-19 - important caveats for interpretation
mxpdmrfu,m62x82r2,-0.04164484,Digitalisierung - jetzt,Clinical Course of 54 Pregnant Women with COVID-19: A Retrospective Review of Medical Records
el6cvwtk,j6nd02sj,-0.041636035,Spectrum of COVID-19 in children,پیشبینی رفتارهاي پیشگیرانه از کووید-19 بر اساس سازه هاي مدل اعتقاد بهداشتی (HBM): مطالعه مبتنی بر اینترنت در جمعیت استان مازندران
mxpdmrfu,1nn610dc,-0.041634757,Digitalisierung - jetzt,Utility of Point-of-Care COVID-19 Testing in an Outpatient Otolaryngology clinic
zu4tikpu,m0r9109y,-0.04162914,Exkursion in eine postagile Zukunft,"Publishing in a time of COVID-19: A message to our readers, authors, reviewers and production team"
33ixlhxc,mxpdmrfu,-0.041621223,Clinical Characteristics of COVID-19 Infection in Newborns and Pediatrics: A Systematic Review,Digitalisierung - jetzt
fxueqlhu,mxpdmrfu,-0.041621223,Clinical characteristics of COVID-19 infection in newborns and pediatrics: a systematic review,Digitalisierung - jetzt
mxpdmrfu,gwx0ay20,-0.041621223,Digitalisierung - jetzt,Clinical Characteristics of COVID-19 Infection in Newborns and Pediatrics: A Systematic Review
mxpdmrfu,4ilrdp36,-0.041615803,Digitalisierung - jetzt,Clinical Factors Associated with COVID-19 Severity in Mexican Patients: Cross-Sectional Analysis from a Multicentric Hospital Study
mxpdmrfu,1t25t9da,-0.041603908,Digitalisierung - jetzt,The evidence base for scribes and the disruptions of COVID-19
mxpdmrfu,q4fm7e6k,-0.041603684,Digitalisierung - jetzt,Facilitators of and barriers to success in nursing internship programs: A qualitative study of interns' and faculty members' perspectives.
mxpdmrfu,25aj8rj5,-0.04159938,Digitalisierung - jetzt,"Long covid-mechanisms, risk factors, and management."
3d56os6r,s97y99di,-0.04159395,hpO: Berufsvereinigung für heilkundlich praktizierte Osteopathie e. V.,Short-term strategies for addressing the impacts of the covid-19 pandemic on women's workforce participation
mxpdmrfu,fh6o46hf,-0.041593537,Digitalisierung - jetzt,Postelection Prospects for Expanding Health Care Coverage
3d56os6r,xo6wfinm,-0.04158745,hpO: Berufsvereinigung für heilkundlich praktizierte Osteopathie e. V.,Improving adherence: It's complicated
3d56os6r,19xowa4t,-0.041584693,hpO: Berufsvereinigung für heilkundlich praktizierte Osteopathie e. V.,Quality and Patient Safety in an Atypical Year.
mxpdmrfu,hre694a3,-0.04158402,Digitalisierung - jetzt,Laboratory data analysis of novel coronavirus (COVID-19) screening in 2510 patients
mxpdmrfu,y4j8bwo4,-0.04158402,Digitalisierung - jetzt,Laboratory data analysis of novel coronavirus (COVID-19) screening in 2510 patients
zu4tikpu,j3jpqd7k,-0.0415779,Exkursion in eine postagile Zukunft,Cats
3d56os6r,ghj0os42,-0.041572884,hpO: Berufsvereinigung für heilkundlich praktizierte Osteopathie e. V.,The Interface of COVID-19 and Inpatient Psychiatry: Our Experience and Lessons Learned
3d56os6r,porpcj9q,-0.04156574,hpO: Berufsvereinigung für heilkundlich praktizierte Osteopathie e. V.,Virtual integrated primary care teams: Recommendations for team-based care
3d56os6r,jqmp6xc6,-0.04156509,hpO: Berufsvereinigung für heilkundlich praktizierte Osteopathie e. V.,Does Homeschooling Fit Students With School Attendance Problems? Exploring Teachers’ Experiences During COVID-19
7tuaeyif,jjdvtfy1,-0.04156353,Xenowar dreams of itself,Wieloukładowy zespół zapalny u dzieci a COVID-19
odqlm93q,gsonpunw,-0.041557215,Tocilizumab for hospitalized patients with COVID-19,Campylobacteriose — eine zoonotische Infektionskrankheit
g7cp75s3,gsonpunw,-0.041557215,Tocilizumab for hospitalized patients with COVID-19,Campylobacteriose — eine zoonotische Infektionskrankheit
3d56os6r,ly48lvxg,-0.041552577,hpO: Berufsvereinigung für heilkundlich praktizierte Osteopathie e. V.,A letter to future scholars in the struggle for justice
ix06pzi0,3d56os6r,-0.041549563,How Covid-19 Changed The Future,hpO: Berufsvereinigung für heilkundlich praktizierte Osteopathie e. V.
wwjqlikp,mxpdmrfu,-0.04154772,Asthma Among Hospitalized Patients with COVID-19 and Related Outcomes,Digitalisierung - jetzt
gsonpunw,obnbjr74,-0.041547064,Campylobacteriose — eine zoonotische Infektionskrankheit,Guest Editors’ Introduction: SBCCI 2020
unxptlzy,gsonpunw,-0.04154679,Fellows and Observers Are Not a Problem for Infection in the Operating Rooms of Teaching Centers,Campylobacteriose — eine zoonotische Infektionskrankheit
3d56os6r,ayylhbft,-0.04154643,hpO: Berufsvereinigung für heilkundlich praktizierte Osteopathie e. V.,No half-time for COVID-19
e4q5yert,mxpdmrfu,-0.04154568,Critical Factors and Economic Methods for Regulatory Impact Assessment in the Medical Device Industry,Digitalisierung - jetzt
3d56os6r,fgwwkoac,-0.04154485,hpO: Berufsvereinigung für heilkundlich praktizierte Osteopathie e. V.,“What ELSE about this job?” Teaching Job Decision-Making to College Students With Intellectual and Developmental Disabilities
hcjpj03p,c2io6utd,-0.04154369,Leitlinien zu COVID-19,Employment Consequences of COVID-19 for People with Disabilities and Employers
c2io6utd,ioveubcb,-0.04154369,Employment Consequences of COVID-19 for People with Disabilities and Employers,Darmkrebsvorsorge zu COVID‑19‑Zeiten
c2io6utd,9sk9n0f9,-0.04154369,Employment Consequences of COVID-19 for People with Disabilities and Employers,"Anmerkung zu BVerfG, Beschl. v. 16.12.2021 – 1 BvR 1541/20"
mxpdmrfu,0a1ncb7y,-0.041540198,Digitalisierung - jetzt,Antenatal screening for chromosomal abnormalities
fouh4jhs,44emw2do,-0.041538864,Konjunkturpaket notwendig — Rückkehr zur Schuldenbremse nicht forcieren,Thoughts about COVID-19
zwfqm8qu,tnmk3zpf,-0.041531,COVID-19 and cardiovascular diseases: the facts,CAPNETZ fokussiert auf COVID-19
jjdvtfy1,kbqqoxo8,-0.04152947,Wieloukładowy zespół zapalny u dzieci a COVID-19,"Imagining a world without low-value services: progress, barriers, and the path forward"
0xcxvdf3,c1fy9lhh,-0.041525163,An EUA for Casirivimab and Imdevimab for COVID-19,COVID-19 and ageism: How positive and negative responses impact older adults and society.
mxpdmrfu,sh0n2aoa,-0.0415248,Digitalisierung - jetzt,Dengue and covid-19: Similarities and differences
rqfoesp0,3d56os6r,-0.041519877,Not entirely accurate,hpO: Berufsvereinigung für heilkundlich praktizierte Osteopathie e. V.
3d56os6r,z01d8gpf,-0.041515615,hpO: Berufsvereinigung für heilkundlich praktizierte Osteopathie e. V.,Determining the Impact of COVID-19 on End-of-Life Experiences of Family Caregivers for People Living With Dementia
7z9exg5u,mxpdmrfu,-0.041512,Collaborating Across Workplace Boundaries: Recommendations Based on Identity Research,Digitalisierung - jetzt
etcstn8n,jjdvtfy1,-0.04151046,Facing up to long COVID,Wieloukładowy zespół zapalny u dzieci a COVID-19
ksw0xvia,jjdvtfy1,-0.04151046,Facing up to long COVID,Wieloukładowy zespół zapalny u dzieci a COVID-19
0xcxvdf3,sxffciav,-0.041503467,An EUA for Casirivimab and Imdevimab for COVID-19,Nanomedicine for the poor: a lost cause or an idea whose time has yet to come?
3hbbpmnt,mxpdmrfu,-0.041496187,Emerging health care-associated infections in the geriatric population.,Digitalisierung - jetzt
l0h2vnr8,tnmk3zpf,-0.0414897,Linkages between environmental issues and zoonotic diseases: with reference to COVID-19 pandemic,CAPNETZ fokussiert auf COVID-19
hcvherhn,tnmk3zpf,-0.0414897,Linkages between environmental issues and zoonotic diseases: with reference to COVID-19 pandemic,CAPNETZ fokussiert auf COVID-19
gsonpunw,pzre843p,-0.04148859,Campylobacteriose — eine zoonotische Infektionskrankheit,Editors’ introductory note
mxpdmrfu,rdg40cgn,-0.04148309,Digitalisierung - jetzt,Tumor microenvironment complexity and therapeutic implications at a glance
mtbe4700,0xcxvdf3,-0.041478574,"COVID-19 a short-term challenge, telewound a lifetime change",An EUA for Casirivimab and Imdevimab for COVID-19
1qmr294u,mxpdmrfu,-0.04147578,Sports medicine in times of COVID,Digitalisierung - jetzt
n0kg6jmy,gsonpunw,-0.041470524,Physicians Poster Sessions,Campylobacteriose — eine zoonotische Infektionskrankheit
gsonpunw,hdnru3tb,-0.041470524,Campylobacteriose — eine zoonotische Infektionskrankheit,Physicians Poster Sessions
f1y8v7d5,3d56os6r,-0.041466236,COVID times make ‘deep listening’ explicit: changing the space between interviewer and participant,hpO: Berufsvereinigung für heilkundlich praktizierte Osteopathie e. V.
fcdadmvv,0xcxvdf3,-0.04146552,Joint statistics of space and time exploration of $1d$ random walks,An EUA for Casirivimab and Imdevimab for COVID-19
un5yvu3w,mxpdmrfu,-0.041464474,Determinants of Sustainability Reporting in the Present Institutional Context: The Case of Port Managing Bodies,Digitalisierung - jetzt
3d56os6r,fxsnqflb,-0.04146225,hpO: Berufsvereinigung für heilkundlich praktizierte Osteopathie e. V.,ESGAR 2020 Book of Abstracts
mxpdmrfu,2xwc3lqb,-0.041446727,Digitalisierung - jetzt,Response to the editorial “COVID-19 in patients with cardiovascular diseases”
3d56os6r,098ce72g,-0.041434802,hpO: Berufsvereinigung für heilkundlich praktizierte Osteopathie e. V.,Disability Rights as a Necessary Framework for Crisis Standards of Care and the Future of Health Care.
fcsrlyq2,mxpdmrfu,-0.041430842,Lactococcus Ceduovirus Phages Isolated from Industrial Dairy Plants-from Physiological to Genomic Analyses.,Digitalisierung - jetzt
hqs94hfa,tnmk3zpf,-0.04142997,Pesticides,CAPNETZ fokussiert auf COVID-19
iqk4phcl,mxpdmrfu,-0.041425675,Livestock plants and COVID-19 transmission,Digitalisierung - jetzt
gsonpunw,y1j6mi60,-0.0414161,Campylobacteriose — eine zoonotische Infektionskrankheit,Clinical characteristics and manifestations in older patients with COVID-19
mxpdmrfu,1citiuv7,-0.041414864,Digitalisierung - jetzt,Black US Residents’ Views on Health Policy—Implications for the 2020 Election
0xcxvdf3,ll80pd19,-0.041414194,An EUA for Casirivimab and Imdevimab for COVID-19,Dual-eligible beneficiaries and inadequate access to primary care
t3pqlqd7,3d56os6r,-0.041412104,Surviving COVID-19: The Neuroscience of Smart Working and Distance Learning.,hpO: Berufsvereinigung für heilkundlich praktizierte Osteopathie e. V.
mxpdmrfu,343jn9p0,-0.041411567,Digitalisierung - jetzt,Personal and Environmental Contributors to Sedentary Behavior of Older Adults in Independent and Assisted Living Facilities.
3d56os6r,ix9lm83q,-0.04141001,hpO: Berufsvereinigung für heilkundlich praktizierte Osteopathie e. V.,Musicking a different possible future: the role of music in imagination
mxpdmrfu,n9w78k1i,-0.04140985,Digitalisierung - jetzt,Depression and Quality of Life Among Caregivers of Pediatric Cancer Patients
mxpdmrfu,56fv9hbi,-0.04140792,Digitalisierung - jetzt,Obesity and covid-19: the unseen risks.
02245ahb,3d56os6r,-0.041405942,Medical Student Involvement in Disasters: How Can We Effectively Serve?,hpO: Berufsvereinigung für heilkundlich praktizierte Osteopathie e. V.
fti4vtdb,mxpdmrfu,-0.041403897,Current and Future Implications of COVID‐19 on Gastroenterology Training and Clinical Practice,Digitalisierung - jetzt
mxpdmrfu,fpkpsam8,-0.041403897,Digitalisierung - jetzt,Current and Future Implications of COVID-19 on Gastroenterology Training and Clinical Practice
mxpdmrfu,gs051ccp,-0.04140302,Digitalisierung - jetzt,Trends in bibliometric indexes of the main dermatology journals (2009-2019).
tfsm3y00,3d56os6r,-0.041402135,The delivery plan for tackling the covid-19 backlog of elective care falls short,hpO: Berufsvereinigung für heilkundlich praktizierte Osteopathie e. V.
mrdg743n,nkgs2iv6,-0.041398395,Recruiting Residents During COVID-19,Aktuelles Studienergebnis unterstreicht zurückhaltende Kommentierung
mxpdmrfu,lknelqin,-0.04139799,Digitalisierung - jetzt,Integrating Point of Care Ultrasound Education into Clinical Practice at the Emergency Department
u0rin3cw,hcjpj03p,-0.041396588,Consequences of the COVID-19 pandemic for patients with metabolic diseases,Leitlinien zu COVID-19
u0rin3cw,ioveubcb,-0.041396588,Consequences of the COVID-19 pandemic for patients with metabolic diseases,Darmkrebsvorsorge zu COVID‑19‑Zeiten
u0rin3cw,9sk9n0f9,-0.041396588,Consequences of the COVID-19 pandemic for patients with metabolic diseases,"Anmerkung zu BVerfG, Beschl. v. 16.12.2021 – 1 BvR 1541/20"
0xcxvdf3,3vmas95f,-0.041392367,An EUA for Casirivimab and Imdevimab for COVID-19,Practice makes perfect?
mxpdmrfu,u9vv0no1,-0.041381977,Digitalisierung - jetzt,Nurse Leaders Advocate for Nurses Across a Health Care System: COVID-19
bm7q56mp,mxpdmrfu,-0.04137945,Data-driven Identification of Number of Unreported Cases for COVID-19: Bounds and Limitations,Digitalisierung - jetzt
mxpdmrfu,ir8hfqiq,-0.04137667,Digitalisierung - jetzt,Time-to-Death Longitudinal Characterization of Clinical Variables and Longitudinal Prediction of Mortality in COVID-19 Patients: A Two-Center Study
mxpdmrfu,je77euk5,-0.04137667,Digitalisierung - jetzt,Time-to-Death Longitudinal Characterization of Clinical Variables and Longitudinal Prediction of Mortality in COVID-19 Patients: A Two-Center Study
mxpdmrfu,v02ebqvj,-0.041373413,Digitalisierung - jetzt,Clinician Absences and Contributing Factors During a COVID-19 Surge: Potential Areas for Intervention and Planning
74t6mdvg,3d56os6r,-0.041372787,Why effective disaster management needs enabling policy environments: Lessons from COVID-19,hpO: Berufsvereinigung für heilkundlich praktizierte Osteopathie e. V.
n4bdwtb1,0xcxvdf3,-0.041366156,"Current Resources for Evidence-Based Practice, May 2021.",An EUA for Casirivimab and Imdevimab for COVID-19
3d56os6r,uibvf3yg,-0.04136329,hpO: Berufsvereinigung für heilkundlich praktizierte Osteopathie e. V.,"Employer-Sponsored Benefits in the United States: The Past, Present, and Future"
3d56os6r,b7tdd8uy,-0.041356068,hpO: Berufsvereinigung für heilkundlich praktizierte Osteopathie e. V.,COVID-19 vaccination and critical care capacity: perilous months ahead
3d56os6r,qkofdy4a,-0.041356068,hpO: Berufsvereinigung für heilkundlich praktizierte Osteopathie e. V.,COVID-19 vaccination and critical care capacity: Perilous months ahead
mxpdmrfu,uxy3ba0w,-0.041355487,Digitalisierung - jetzt,Federating Scholarly Infrastructures with GraphQL
mxpdmrfu,3lteb69z,-0.04135412,Digitalisierung - jetzt,Biosensors for wastewater-based epidemiology for monitoring public health.
mxpdmrfu,2s8n25s0,-0.04135313,Digitalisierung - jetzt,COVID-19 and readjusting clinical trials
ygfxky4u,j6nd02sj,-0.04134552,"COVID‐19, children and schools: overlooked and at risk",پیشبینی رفتارهاي پیشگیرانه از کووید-19 بر اساس سازه هاي مدل اعتقاد بهداشتی (HBM): مطالعه مبتنی بر اینترنت در جمعیت استان مازندران
yrhf7qci,zu4tikpu,-0.041339096,News-Screen Rheumatologie,Exkursion in eine postagile Zukunft
kstpy5iw,mxpdmrfu,-0.04133714,Obstetric hospital preparedness for a pandemic: an obstetric critical care perspective in response to COVID-19.,Digitalisierung - jetzt
0xcxvdf3,v7ncnvf0,-0.04133648,An EUA for Casirivimab and Imdevimab for COVID-19,"Early, effective response to COVID-19 will reduce large resource needs"
mxpdmrfu,ssbdujzo,-0.041330848,Digitalisierung - jetzt,Collaboration Structures in COVID-19 Critical Care: Retrospective Network Analysis Study
h68glk21,0xcxvdf3,-0.041327596,Neurological aspects of COVID-19,An EUA for Casirivimab and Imdevimab for COVID-19
1kl14ecz,mxpdmrfu,-0.041324418,"Epidemiology of COVID-19: A systematic review and meta-analysis of clinical characteristics, risk factors, and outcomes",Digitalisierung - jetzt
3d56os6r,5gvpjxxp,-0.04132284,hpO: Berufsvereinigung für heilkundlich praktizierte Osteopathie e. V.,Covid-19 in children: A brief overview after three months experience
0xcxvdf3,ndxtazh7,-0.041321527,An EUA for Casirivimab and Imdevimab for COVID-19,Geoscience in the time of covid
jjdvtfy1,sxc3e7h2,-0.041319743,Wieloukładowy zespół zapalny u dzieci a COVID-19,In demand.
gsonpunw,hwfh3f9u,-0.041316863,Campylobacteriose — eine zoonotische Infektionskrankheit,Abstracts - Scientific Exhibits
mxpdmrfu,a57e1t58,-0.041316275,Digitalisierung - jetzt,Sharing of Biological Samples during Public Health Emergencies: Challenges and Opportunities for National and International Action
jccfjjpp,mxpdmrfu,-0.04131585,Mental health among patients in a COVID-19-dedicated facility,Digitalisierung - jetzt
mxpdmrfu,opyw0cfh,-0.041313943,Digitalisierung - jetzt,Professional quality of life and caring behaviours among clinical nurses during the COVID‐19 pandemic
mxpdmrfu,zef5x9io,-0.041302156,Digitalisierung - jetzt,COVID-19 on the riverbank
mxpdmrfu,n7xvzw95,-0.041297927,Digitalisierung - jetzt,"Relations among sensitivity, specificity and predictive values of medical tests based on biomarkers"
8wl5w0o0,mxpdmrfu,-0.041276768,Bioaerosol Sampling of a Ventilated Patient with COVID-19,Digitalisierung - jetzt
teas8vts,0xcxvdf3,-0.041274264,The neurocomputational architecture of explore-exploit decision making,An EUA for Casirivimab and Imdevimab for COVID-19
3d56os6r,eagzav93,-0.041272275,hpO: Berufsvereinigung für heilkundlich praktizierte Osteopathie e. V.,Authentic Learning for Groupwork Skills: A Comparison Between a Physical and a Virtual Experience
wmfmgulr,3d56os6r,-0.041272085,Parenting in a time of COVID-19,hpO: Berufsvereinigung für heilkundlich praktizierte Osteopathie e. V.
ehz7g6sk,mxpdmrfu,-0.04126869,Animal health,Digitalisierung - jetzt
8r1cuaky,mxpdmrfu,-0.04126816,Telenursing in Clinical Practise and Education,Digitalisierung - jetzt
zq0s4gw5,mxpdmrfu,-0.041267212,Fabrication of aerosol-based nanoparticles and their applications in biomedical fields,Digitalisierung - jetzt
e6stgesv,mxpdmrfu,-0.041266315,Peculiarities of COVID-19 in children of different age groups,Digitalisierung - jetzt
mxpdmrfu,6522hej8,-0.041262772,Digitalisierung - jetzt,Should we ventilate elderly patients with COVID-19?
mxpdmrfu,ghmob5ea,-0.041262772,Digitalisierung - jetzt,Should we ventilate elderly patients with COVID-19?
pyzv2xup,tnmk3zpf,-0.041261945,Key components and critical factors for developing a telehealth business framework: a qualitative study,CAPNETZ fokussiert auf COVID-19
mxpdmrfu,unjeae0b,-0.041241813,Digitalisierung - jetzt,[Student nurses faced with the palliative care approach].
zu4tikpu,bwe2v076,-0.04123554,Exkursion in eine postagile Zukunft,Clinical chemistry tests for patients with COVID-19 - important caveats for interpretation
mxpdmrfu,317auhww,-0.041235454,Digitalisierung - jetzt,Implications for School Practices of the Association of Child Bereavement With School Grades
8oj5xi2a,mxpdmrfu,-0.04123518,"Medical and Mental Health Care Challenges in Nursing Homes, Assisted Living, and Programs of All-Inclusive Care for the Elderly (PACE) During COVID-19",Digitalisierung - jetzt
798f8sdu,mxpdmrfu,-0.041233025,Clinical features of COVID-19 patients with comorbid coronary heart disease,Digitalisierung - jetzt
a5wcueah,jjdvtfy1,-0.04123089,"COVID-19: Current status, Challenges and Future Perspectives",Wieloukładowy zespół zapalny u dzieci a COVID-19
mxpdmrfu,tbes7uke,-0.041228544,Digitalisierung - jetzt,Infections in Travelers and Adoptees from Abroad
puthx1c2,3d56os6r,-0.041225005,Revisiting the Digital Divide in the COVID‐19 Era,hpO: Berufsvereinigung für heilkundlich praktizierte Osteopathie e. V.
vimoaovw,0xcxvdf3,-0.041216962,Bail in the Time of COVID-19,An EUA for Casirivimab and Imdevimab for COVID-19
h86fi8bo,3d56os6r,-0.041215006,Contingency plans: an introduction,hpO: Berufsvereinigung für heilkundlich praktizierte Osteopathie e. V.
ay4eqr27,tnmk3zpf,-0.041212067,Clinical features and potential risk factors for discerning the critical cases and predicting the outcome of patients with COVID‐19,CAPNETZ fokussiert auf COVID-19
mxpdmrfu,z1y0jsy6,-0.041209977,Digitalisierung - jetzt,Identification of Patients with Heart Failure in Large Datasets
1tb2tkis,gsonpunw,-0.041205462,"Expectations, Fears and Perceptions of doctors during Covid-19 Pandemic",Campylobacteriose — eine zoonotische Infektionskrankheit
mxpdmrfu,tu0gonjk,-0.041205227,Digitalisierung - jetzt,Factors predicting staging and treatment initiation for patients with chronic hepatitis C infection: insurance a key predictor
turlc14s,mxpdmrfu,-0.04119881,COVID-19 Transmission in US Child Care Programs.,Digitalisierung - jetzt
jjdvtfy1,nf5i4a2y,-0.041197013,Wieloukładowy zespół zapalny u dzieci a COVID-19,Advances in Air Quality Monitoring and Assessment
g4v0rsrj,mxpdmrfu,-0.041195057,"Depression, anxiety, and stress of nurses’ family members in Covid–19 pandemic;a case study of Torbat-e Heydariyeh hospitals",Digitalisierung - jetzt
0xcxvdf3,51ufw19z,-0.041192394,An EUA for Casirivimab and Imdevimab for COVID-19,Positive Perspectives of the Predicament of COVID-19
zu4tikpu,n6vljy5l,-0.04118999,Exkursion in eine postagile Zukunft,Industry Updates
65s7orjw,3d56os6r,-0.041189134,COVID-19 Essential Visitor and Designated Family/Support Guidance,hpO: Berufsvereinigung für heilkundlich praktizierte Osteopathie e. V.
csgvv9nv,mxpdmrfu,-0.04118874,Article Highlights,Digitalisierung - jetzt
mxpdmrfu,x3lb6viw,-0.041188058,Digitalisierung - jetzt,Defective Interfering RNAs: Foes of Viruses and Friends of Virologists
dp2jnrmv,mxpdmrfu,-0.041185655,"Heterogeneity in preventive behaviors during COVID-19: Health risk, economic insecurity, and slanted information",Digitalisierung - jetzt
mxpdmrfu,w5npm43m,-0.04118434,Digitalisierung - jetzt,"Vascular risk factors, Framingham risk score, and COVID-19: community-based cohort study"
mxpdmrfu,7amhia06,-0.04118192,Digitalisierung - jetzt,The welfare of laboratory rabbits
qnvxstyf,gsonpunw,-0.041180547,Faculty’s and Students’ Perceptions of Online Learning During COVID-19,Campylobacteriose — eine zoonotische Infektionskrankheit
mxpdmrfu,gtu0dty6,-0.041174788,Digitalisierung - jetzt,Characteristics and Risk Factors Associated With Mortality in a Multicenter Spanish Cohort of Patients With COVID-19 Pneumonia
0xcxvdf3,e1tg8dvb,-0.04117458,An EUA for Casirivimab and Imdevimab for COVID-19,GKD revenues reach all-time high
78m8bd5j,0xcxvdf3,-0.041167043,We need to redefine the relationship between science and its end-users,An EUA for Casirivimab and Imdevimab for COVID-19
v5c42a9f,95u2vws4,-0.041162815,News and Announcements,Wir haben eine Impfung!
cvlk80fl,95u2vws4,-0.04116281,News and Announcements,Wir haben eine Impfung!
jkw7y91f,95u2vws4,-0.041155104,Updates,Wir haben eine Impfung!
n3xd9doy,0xcxvdf3,-0.04114817,Disasters as Extreme Events and the Importance of Network Interactions for Disaster Response Management,An EUA for Casirivimab and Imdevimab for COVID-19
nrxgm6yt,jjdvtfy1,-0.04113965,COVID-19 vaccine delivery: an opportunity to set up systems for the future,Wieloukładowy zespół zapalny u dzieci a COVID-19
958eh5gl,0xcxvdf3,-0.04113884,COVID-19 multidisciplinary working group.,An EUA for Casirivimab and Imdevimab for COVID-19
irsnvcmx,gsonpunw,-0.04113033,With hope in our hearts,Campylobacteriose — eine zoonotische Infektionskrankheit
ay4eqr27,gsonpunw,-0.04112846,Clinical features and potential risk factors for discerning the critical cases and predicting the outcome of patients with COVID‐19,Campylobacteriose — eine zoonotische Infektionskrankheit
ndznucmg,0xcxvdf3,-0.04111341,Planning and Setting Up of a Communication Program for Hospitalized COVID-19 Patients: Challenges and Potential Solutions in Resource Constrained Setting,An EUA for Casirivimab and Imdevimab for COVID-19
n4b9om3c,0xcxvdf3,-0.041111905,Pediatric emergency mass critical care: the role of community preparedness in conserving critical care resources.,An EUA for Casirivimab and Imdevimab for COVID-19
mxpdmrfu,tnmxqs8n,-0.04111,Digitalisierung - jetzt,Challenges for Obstetricians and the Countermeasures of COVID-19 Epidemic
mxpdmrfu,20jyye2j,-0.04110981,Digitalisierung - jetzt,Exploring Muscle Health Deterioration and Its Determinants Among Community-Dwelling Older Adults.
mxpdmrfu,mza8fq7u,-0.041100573,Digitalisierung - jetzt,Children’s Perspectives on Outpatient Physician Visits: Capturing a Missing Voice in Patient-Centered Care
0xcxvdf3,6g4n2320,-0.041095138,An EUA for Casirivimab and Imdevimab for COVID-19,The Impact of COVID-19 on Trainees: Lessons Learned and Unanticipated Opportunities
mxpdmrfu,eiewr8gg,-0.041094754,Digitalisierung - jetzt,"A comparison of demographic, epidemiological and clinical characteristics of hospital influenza-related viral pneumonia patients"
mxpdmrfu,cmired75,-0.04109466,Digitalisierung - jetzt,Understanding the complexity of health
0xcxvdf3,4o9ph0d3,-0.04108937,An EUA for Casirivimab and Imdevimab for COVID-19,The role of public communication in decision making for waste management infrastructure.
mxpdmrfu,9od2jeam,-0.041084215,Digitalisierung - jetzt,Introduction to Bioterrorism Risk Communication
zu4tikpu,pebt5r38,-0.041079808,Exkursion in eine postagile Zukunft,Children's Covid-19 Literature
m0ra6apm,mxpdmrfu,-0.04107239,Nanoscale assemblies and their biomedical applications.,Digitalisierung - jetzt
3d56os6r,hjwb7040,-0.041067448,hpO: Berufsvereinigung für heilkundlich praktizierte Osteopathie e. V.,Relational autonomy: lessons from COVID-19 and twentieth-century philosophy
9q8u6r3q,mxpdmrfu,-0.041065965,Addressing Public Health Needs With Health Technologies During COVID-19: A Medical Student Perspective.,Digitalisierung - jetzt
3sxjdw14,mxpdmrfu,-0.041063853,Research on Digital Government Governance in Public Health Emergencies,Digitalisierung - jetzt
gsonpunw,t1f0llx4,-0.041063383,Campylobacteriose — eine zoonotische Infektionskrankheit,Conflict in troponin levels in COVID-19 patients
mxpdmrfu,ig2scnva,-0.041062452,Digitalisierung - jetzt,The Town Square in Your Pocket: Exploring Four Metaphors of Social Media
5evaklhc,mxpdmrfu,-0.041060988,Quantitative Factors and Mathematical Modeling of CoVID-19 Pandemic under Human Interventions,Digitalisierung - jetzt
mxpdmrfu,j6ybcv93,-0.041059323,Digitalisierung - jetzt,Public health and clinical laboratories: Partners in the age of emerging infections
oqzxx43c,vn3rd5ya,-0.04104271,Asking questions.,COVID-19-vaccin en productaansprakelijkheid
3d56os6r,j35z7qek,-0.04104105,hpO: Berufsvereinigung für heilkundlich praktizierte Osteopathie e. V.,A General Approach to Prior Transformation.
zsrxne9g,mxpdmrfu,-0.041039765,Early Changes in Rates of Documented Goals-of-Care Conversations in the Veterans Health Administration During the COVID-19 Pandemic,Digitalisierung - jetzt
mxpdmrfu,14b8fp21,-0.041029103,Digitalisierung - jetzt,Traces Detection Of Coronavirus Patients
mxpdmrfu,28tuqwy0,-0.041028734,Digitalisierung - jetzt,Hematological findings in coronavirus disease 2019: indications of progression of disease
eg6mx2ph,tnmk3zpf,-0.04102845,Issue highlights.,CAPNETZ fokussiert auf COVID-19
l9ia7m45,tnmk3zpf,-0.04102845,Issue highlights,CAPNETZ fokussiert auf COVID-19
g1y7hdqj,tnmk3zpf,-0.04102845,Issue Highlights,CAPNETZ fokussiert auf COVID-19
np26v04y,tnmk3zpf,-0.04102845,ISSUE HIGHLIGHTS.,CAPNETZ fokussiert auf COVID-19
tnmk3zpf,n3x6iehh,-0.04102845,CAPNETZ fokussiert auf COVID-19,Issue Highlights.
rcueguhh,0xcxvdf3,-0.04102407,Why many countries failed at COVID contact-tracing - but some got it right.,An EUA for Casirivimab and Imdevimab for COVID-19
1eqoy14c,0xcxvdf3,-0.041023448,The future of obesity care,An EUA for Casirivimab and Imdevimab for COVID-19
gsonpunw,oif7f1iq,-0.04101364,Campylobacteriose — eine zoonotische Infektionskrankheit,Page Kidneys
mxpdmrfu,8mn9cgnu,-0.04101181,Digitalisierung - jetzt,Approaching an undergraduate medical curriculum map: challenges and expectations
3t57next,g9gnlnuq,-0.041008346,Allokation knapper medizinischer Ressourcen auf COVID-19-PatientInnen. Ergebnisse einer Vignettenstudie,"COVID‐19 vaccinations: The unknowns, challenges, and hopes"
0xcxvdf3,rf7wath0,-0.041001033,An EUA for Casirivimab and Imdevimab for COVID-19,Placing Additional Burden on Caregivers With a Clinical Background
3d56os6r,qm6lrfuy,-0.040990297,hpO: Berufsvereinigung für heilkundlich praktizierte Osteopathie e. V.,Neurosurgical Practice at the Time of COVID-19
0k2vqw4k,3d56os6r,-0.0409874,Child Psychiatrists and Psychologists: Enhanced Collaboration in Primary Care,hpO: Berufsvereinigung für heilkundlich praktizierte Osteopathie e. V.
mxpdmrfu,8seknsaq,-0.040977053,Digitalisierung - jetzt,Networks and the Epidemiology of Infectious Disease
3d56os6r,iuolne88,-0.04097679,hpO: Berufsvereinigung für heilkundlich praktizierte Osteopathie e. V.,Preface and introduction
65z18bfu,3d56os6r,-0.04097592,"Responses to COVID-19: The role of governance, healthcare infrastructure, and learning from past pandemics()",hpO: Berufsvereinigung für heilkundlich praktizierte Osteopathie e. V.
3d56os6r,dcm6p5df,-0.040974595,hpO: Berufsvereinigung für heilkundlich praktizierte Osteopathie e. V.,Community Sponsorship of Refugees and COVID-19’s Challenges
mxpdmrfu,jza5wsdf,-0.040970508,Digitalisierung - jetzt,Health of nursing professionals: workload during the COVID-19 pandemic
mxpdmrfu,5uy2so6z,-0.04096712,Digitalisierung - jetzt,Undergraduate nursing students' experiences of distance education during the COVID-19 pandemic
3d56os6r,i89iwb10,-0.0409618,hpO: Berufsvereinigung für heilkundlich praktizierte Osteopathie e. V.,Shared sanitation and the spread of COVID-19: risks and next steps
9evoy92k,0xcxvdf3,-0.040961288,Technology: Saving and Enriching Life During COVID-19,An EUA for Casirivimab and Imdevimab for COVID-19
mxpdmrfu,1j2eum6g,-0.040958665,Digitalisierung - jetzt,Imaging Features in COVID-19 Patients: Analysis of Data from Patients in Non-Pandemic Areas
zen3876u,3d56os6r,-0.04095727,"COVID-19, Naturally.",hpO: Berufsvereinigung für heilkundlich praktizierte Osteopathie e. V.
3d56os6r,l5btd56q,-0.04095724,hpO: Berufsvereinigung für heilkundlich praktizierte Osteopathie e. V.,Host directed therapies: COVID-19 and beyond
eme58ztj,3d56os6r,-0.040953908,Community Ownership in Primary Health Care—Managing the Intangible,hpO: Berufsvereinigung für heilkundlich praktizierte Osteopathie e. V.
xgo8s2oy,3d56os6r,-0.040953632,Insufficient Advance Care Planning? Correlates of Planning Without Personal Conversations.,hpO: Berufsvereinigung für heilkundlich praktizierte Osteopathie e. V.
0xv9kmts,aaj9e3v9,-0.04095342,The great seismic quiet period,9 vragen over vaccineren
5xubmva0,0xcxvdf3,-0.04095136,Assessing Centrality Without Knowing Connections,An EUA for Casirivimab and Imdevimab for COVID-19
3d56os6r,7j1kuz42,-0.04094663,hpO: Berufsvereinigung für heilkundlich praktizierte Osteopathie e. V.,Response to student contribution: Methods and patient confidentiality.
d0twvldk,0xcxvdf3,-0.0409433,COVID-19: measuring the impact on healthcare demand and capacity and exploring intervention scenarios,An EUA for Casirivimab and Imdevimab for COVID-19
t00tv8hu,mxpdmrfu,-0.04094144,Toward Understanding Social Needs Among Primary Care Patients With Uncontrolled Diabetes,Digitalisierung - jetzt
3d56os6r,z30x1dj1,-0.040938057,hpO: Berufsvereinigung für heilkundlich praktizierte Osteopathie e. V.,COVID-19 in a Face Transplant Patient
fsq4sb6x,0xcxvdf3,-0.040934984,The imaginative failure of normal: Considerations for a post-pandemic future,An EUA for Casirivimab and Imdevimab for COVID-19
c4sklxwh,zu4tikpu,-0.04092354,"COVID-19 by numbers -infections, cases and deaths.",Exkursion in eine postagile Zukunft
7o8igsbl,3d56os6r,-0.040919885,The Impact of COVID-19 on Event Management Industry,hpO: Berufsvereinigung für heilkundlich praktizierte Osteopathie e. V.
mxpdmrfu,bbebb68q,-0.0409184,Digitalisierung - jetzt,Regional estimates of reproduction numbers with application to COVID-19
mxpdmrfu,q1yc302s,-0.040916562,Digitalisierung - jetzt,Evidence-based art in the hospital
mxpdmrfu,o5ls2x49,-0.04091488,Digitalisierung - jetzt,"Informing the public health response to COVID-19: a systematic review of risk factors for disease, severity, and mortality"
mxpdmrfu,50a973ha,-0.04091488,Digitalisierung - jetzt,"Informing the public health response to COVID-19: a systematic review of risk factors for disease, severity, and mortality"
mxpdmrfu,yun3gn3t,-0.040912747,Digitalisierung - jetzt,Assessment of Culture/Preservation Conditions of Human Islets for Transplantation
2hgizff4,44emw2do,-0.040906828,Teleconsulta de reumatología infantil en tiempo de Covid-19,Thoughts about COVID-19
649l6qb1,3d56os6r,-0.04090575,Obesity and COVID-19: Blame isn't a strategy,hpO: Berufsvereinigung für heilkundlich praktizierte Osteopathie e. V.
mxpdmrfu,oo49htdo,-0.040904168,Digitalisierung - jetzt,A predictive model of clinical deterioration among hospitalized COVID-19 patients by harnessing hospital course trajectories
95c7qsk1,0xcxvdf3,-0.040898923,Inevitable change: the “new normal”,An EUA for Casirivimab and Imdevimab for COVID-19
mxpdmrfu,ftmt36m6,-0.040888317,Digitalisierung - jetzt,Cholesterol in relation to covid‐19: Should we care about it?
0xcxvdf3,sbbqkm2t,-0.040886473,An EUA for Casirivimab and Imdevimab for COVID-19,Exploring the Enjoyment of the Intergenerational Physical Activity
mxpdmrfu,4s8coe0q,-0.04088033,Digitalisierung - jetzt,"COVID-19 in Healthcare Workers: A Living Systematic Review and Meta-analysis of Prevalence, Risk Factors, Clinical Characteristics, and Outcomes"
p9nmvaz8,mxpdmrfu,-0.04087864,Will small towns benefit? Expected COVID-19 pandemic-induced changes in supralocal relationships of Polish small towns and planned responses in the supralocal perspective of their local development strategic governance,Digitalisierung - jetzt
zytq9dlb,mxpdmrfu,-0.04087827,COVID‐19 crisis highlights disparities among students,Digitalisierung - jetzt
3d56os6r,c7kz4njr,-0.040878113,hpO: Berufsvereinigung für heilkundlich praktizierte Osteopathie e. V.,"COVID-19, smart work, and collaborative space: A crisis-opportunity perspective"
3d56os6r,uttaizt0,-0.040878113,hpO: Berufsvereinigung für heilkundlich praktizierte Osteopathie e. V.,"COVID-19, smart work, and collaborative space_ A crisis-opportunity perspective"
3d56os6r,4ikqlx5w,-0.040870264,hpO: Berufsvereinigung für heilkundlich praktizierte Osteopathie e. V.,COVID-19 Pandemic: Opportunity to Advanced Home Care for Older Adults.
b6teiea1,mxpdmrfu,-0.040864117,Implications for Telehealth in a Postpandemic Future: Regulatory and Privacy Issues,Digitalisierung - jetzt
u4laoljh,95u2vws4,-0.040863812,News and events.,Wir haben eine Impfung!
toonnl3i,mxpdmrfu,-0.0408578,Nanosensors: Recent Perspectives on Attainments and Future Promise of Downstream Applications,Digitalisierung - jetzt
gsonpunw,0g18pnxi,-0.04085534,Campylobacteriose — eine zoonotische Infektionskrankheit,"Paediatric Contacts of Adult COVID-19 Patients: Clinical Parameters, Risk Factors, and Outcome"
mxpdmrfu,gplspq8c,-0.040852457,Digitalisierung - jetzt,Patient Perceptions of Drive-through Medical Treatment Facilities During the COVID-19 Pandemic
mxpdmrfu,1a03f6nv,-0.040850442,Digitalisierung - jetzt,Systematic study on the relationship between particulate matter and microbial counts in hospital operating rooms
mxpdmrfu,v61et52b,-0.040846862,Digitalisierung - jetzt,DISCUSSION OF PRECEDING PAPERS
mxpdmrfu,5fo6bzz5,-0.0408458,Digitalisierung - jetzt,Variable effects of underlying diseases on the prognosis of patients with COVID-19
hrsdrl7s,mxpdmrfu,-0.040843166,Anesthesia care for coronavirus disease (COVID-19) patients: Results from a survey evaluating opinions of American Society of Anesthesiologists (ASA) members,Digitalisierung - jetzt
3d56os6r,3fv8846h,-0.040840413,hpO: Berufsvereinigung für heilkundlich praktizierte Osteopathie e. V.,"Assessing Veterinary Practice and Practitioner Preparedness for Natural and Man-Made Disasters, Including COVID-19"
3d56os6r,a3pcgilw,-0.0408384,hpO: Berufsvereinigung für heilkundlich praktizierte Osteopathie e. V.,The commitment for fair distribution of COVID‐19 vaccine among all countries of the world
mxpdmrfu,okdr4k61,-0.04083492,Digitalisierung - jetzt,A Short Series of Case Reports of COVID-19 in Immunocompromised Patients
iddwqw3z,mxpdmrfu,-0.040825296,Contagious Protests,Digitalisierung - jetzt
0xcxvdf3,rlai1cze,-0.040809486,An EUA for Casirivimab and Imdevimab for COVID-19,Hydrogels as dynamic memory with forgetting ability
5y237nqz,mxpdmrfu,-0.04080893,Potentials of Neuropeptides as Therapeutic Agents for Neurological Diseases,Digitalisierung - jetzt
44emw2do,tnmk3zpf,-0.040807284,Thoughts about COVID-19,CAPNETZ fokussiert auf COVID-19
0xcxvdf3,qg0xq7hq,-0.040800817,An EUA for Casirivimab and Imdevimab for COVID-19,Stress Among Older Adults With an Incarcerated Family Member: Testing the Buffering Model of Social Support.
9z7ii7vg,3d56os6r,-0.04079998,Funding Children's Health: COVID-19 And Beyond.,hpO: Berufsvereinigung für heilkundlich praktizierte Osteopathie e. V.
gsonpunw,cnkvbn1j,-0.040797364,Campylobacteriose — eine zoonotische Infektionskrankheit,"Clinical determinants for fatality of 44,672 patients with COVID-19"
mxpdmrfu,h8h1634b,-0.040797357,Digitalisierung - jetzt,Analysis of Physiological Parameters and Workload during Working Tasks in COVID-19 Pandemic Conditions
cic64yby,mxpdmrfu,-0.04079648,Is Cancer an Independent Risk Factor for Fatal Outcomes of Coronavirus Disease 2019 Patients?,Digitalisierung - jetzt
mxpdmrfu,00t89we8,-0.040793885,Digitalisierung - jetzt,The importance of hematological and demographic characteristics in the course of COVID-19 pneumonia
mxpdmrfu,dqy2bd5s,-0.04079184,Digitalisierung - jetzt,Factors associated with mortality in patients hospitalized for COVID-19 in Spain. Data from the RERFAR registry
0xcxvdf3,eohewrxe,-0.04078471,An EUA for Casirivimab and Imdevimab for COVID-19,Life History Orientation Predicts COVID-19 Precautions and Projected Behaviors
mxpdmrfu,m2fjv6zi,-0.04078148,Digitalisierung - jetzt,"Physical bioenergetics: Energy fluxes, budgets, and constraints in cells."
0xcxvdf3,hvykb3j1,-0.040781137,An EUA for Casirivimab and Imdevimab for COVID-19,The crisis of citizenship in our time
3d56os6r,m1ekv99w,-0.04078079,hpO: Berufsvereinigung für heilkundlich praktizierte Osteopathie e. V.,Tackling diabetes: how nurses can make the difference
zqt6f6m5,tnmk3zpf,-0.040772736,COVID and Climate: Similarities and differences,CAPNETZ fokussiert auf COVID-19
yg9ye3i2,mxpdmrfu,-0.040766124,"Knowledge, attitude and practice towards COVID-19 among individuals with associated comorbidities",Digitalisierung - jetzt
mxpdmrfu,lzs7vzjp,-0.040763453,Digitalisierung - jetzt,Trust-Based Research: Influencing Factors of Patients’ Medical Choice Behavior in the Online Medical Community
3d56os6r,63qzissw,-0.040760793,hpO: Berufsvereinigung für heilkundlich praktizierte Osteopathie e. V.,Avoiding Ineffective End‐of‐Life Care: A Lesson from Triage?
u8v38qzd,0xcxvdf3,-0.04076037,"To Work With Marginalized Populations, Empathy Is Key.",An EUA for Casirivimab and Imdevimab for COVID-19
mxpdmrfu,2wi6ut45,-0.04075568,Digitalisierung - jetzt,Factor Analysis Approach to Classify COVID-19 Datasets in Several Regions (preprint)
3d56os6r,ddvubwaw,-0.040751778,hpO: Berufsvereinigung für heilkundlich praktizierte Osteopathie e. V.,Sending retirees to the frontlines?
mzrff4by,0xcxvdf3,-0.040741835,Patient-centered communication: Collaborative learning and communication strategies for patient and healthcare providers in the new normal of COVID-19,An EUA for Casirivimab and Imdevimab for COVID-19
28ttfdbv,0xcxvdf3,-0.040741272,"Review colleagues’ insights, guidance for managing impact of COVID‐19 crisis",An EUA for Casirivimab and Imdevimab for COVID-19
mxpdmrfu,g5m0udno,-0.04074077,Digitalisierung - jetzt,Global Evidence on the Determinants of Public Trust in Governments during the COVID-19
mxpdmrfu,15c86ofn,-0.040740382,Digitalisierung - jetzt,The psychological impact on patients with memory disorders and their caregivers during COVID-19
hcjpj03p,cvuiispn,-0.04073042,Leitlinien zu COVID-19,Events.
hcjpj03p,ukxb9ktz,-0.04073042,Leitlinien zu COVID-19,Events
cvuiispn,ioveubcb,-0.04073042,Events.,Darmkrebsvorsorge zu COVID‑19‑Zeiten
cvuiispn,9sk9n0f9,-0.04073042,Events.,"Anmerkung zu BVerfG, Beschl. v. 16.12.2021 – 1 BvR 1541/20"
9sk9n0f9,ukxb9ktz,-0.04073042,"Anmerkung zu BVerfG, Beschl. v. 16.12.2021 – 1 BvR 1541/20",Events
ioveubcb,ukxb9ktz,-0.04073042,Darmkrebsvorsorge zu COVID‑19‑Zeiten,Events
j35z7qek,0xcxvdf3,-0.04073002,A General Approach to Prior Transformation.,An EUA for Casirivimab and Imdevimab for COVID-19
3lb3iznb,mxpdmrfu,-0.04072687,"Resistance through art, politics, and culture",Digitalisierung - jetzt
mxpdmrfu,4azkjkaz,-0.040723614,Digitalisierung - jetzt,Disruption of Patient and Family Centered Care Through the COVID-19 Pandemic
e4wuetrk,0xcxvdf3,-0.04071585,The impact of COVID-19 and experiences of secondary traumatic stress and burnout.,An EUA for Casirivimab and Imdevimab for COVID-19
mxpdmrfu,9agh6isx,-0.040715832,Digitalisierung - jetzt,Predictors of Entrepreneurship Intention Among Students in Vocational Colleges: A Structural Equation Modeling Approach
1dkkwt7h,mxpdmrfu,-0.040708963,Updated estimates of comorbidities associated with risk for COVID-19 complications based on US data,Digitalisierung - jetzt
re880oc2,mxpdmrfu,-0.040706985,Factors Influencing Patients’ Initial Decisions Regarding Telepsychiatry Participation During the COVID-19 Pandemic: Telephone-Based Survey,Digitalisierung - jetzt
cy6fs9oc,3cectvkf,-0.04070596,[Glottiscopes and videolaryngoscopes: a rational choice?].,Beroepsziekten in cijfers 2020
3d56os6r,jqcbnsq1,-0.040704783,hpO: Berufsvereinigung für heilkundlich praktizierte Osteopathie e. V.,Lessons learned from humanitarian logistics to manage supply chain disruptions
rytmq9jt,3d56os6r,-0.040704254,Shifting the Delivery but Keeping the Focus: A Reflection on Ensuring Quality Teacher Preparation during a Pandemic,hpO: Berufsvereinigung für heilkundlich praktizierte Osteopathie e. V.
926yxpbf,mxpdmrfu,-0.04070249,The value of clinical parameters in predicting the severity of COVID‐19,Digitalisierung - jetzt
h42qwx46,0xcxvdf3,-0.040698826,Damage Control Resuscitation,An EUA for Casirivimab and Imdevimab for COVID-19
0xcxvdf3,yg4ses4r,-0.040695734,An EUA for Casirivimab and Imdevimab for COVID-19,On integration and adaptation in complex service systems
daot378e,3d56os6r,-0.040695645,A Stakeholder-Based Study Improving Resident and Family Engagement in the Safety of Assisted Living,hpO: Berufsvereinigung für heilkundlich praktizierte Osteopathie e. V.
99qwiilx,0xcxvdf3,-0.040693685,Looking back — Looking forward — A new year,An EUA for Casirivimab and Imdevimab for COVID-19
3cectvkf,zef5x9io,-0.040691927,Beroepsziekten in cijfers 2020,COVID-19 on the riverbank
mxpdmrfu,lwjmyxmc,-0.04068788,Digitalisierung - jetzt,The views of children in residential care on the COVID-19 lockdown: Implications for and their well-being and psychosocial intervention
q38o8xpt,0xcxvdf3,-0.04068479,COVID-19: Can anything change for the better?,An EUA for Casirivimab and Imdevimab for COVID-19
s07aorzi,0xcxvdf3,-0.040684454,Surgery beyond COVID‐19,An EUA for Casirivimab and Imdevimab for COVID-19
6bf0buf5,mxpdmrfu,-0.04067378,Association for Molecular Pathology 2010 Meeting Abstracts,Digitalisierung - jetzt
wbqv4s1v,0xcxvdf3,-0.040673386,Diabetes as a Risk Factor for Poor Early Outcomes in Patients Hospitalized With COVID-19,An EUA for Casirivimab and Imdevimab for COVID-19
gsonpunw,th8wzqta,-0.04066257,Campylobacteriose — eine zoonotische Infektionskrankheit,Abstracts of QSAR‐related Publications 5/2005
2ky5q7ud,0xcxvdf3,-0.040662266,A Comprehensive Survey of Enabling and Emerging Technologies for Social Distancing—Part I: Fundamentals and Enabling Technologies,An EUA for Casirivimab and Imdevimab for COVID-19
benlo6l3,jjdvtfy1,-0.040655587,Maximum Causal Entropy Specification Inference from Demonstrations,Wieloukładowy zespół zapalny u dzieci a COVID-19
mxpdmrfu,9r5k6l9c,-0.04065345,Digitalisierung - jetzt,Characteristics and well-being of urban informal home care providers during COVID-19 pandemic: a population-based study
0xcxvdf3,rp0z09sr,-0.04064658,An EUA for Casirivimab and Imdevimab for COVID-19,Too early to draw conclusions about the novel coronavirus
mxpdmrfu,n900jkf1,-0.040641572,Digitalisierung - jetzt,"Evaluation of admission levels of P, E and L selectins as predictors for thrombosis in hospitalized COVID-19 patients"
au1d7pcu,mxpdmrfu,-0.040638257,Recommendations for medical care of oncological patients during the COVID-19 epidemic: experiences from China,Digitalisierung - jetzt
mxpdmrfu,9yl6t6u8,-0.040637903,Digitalisierung - jetzt,Hemorrhagic complications in patients with COVID-19. Are they unusual?
3d56os6r,23q36tvx,-0.040635847,hpO: Berufsvereinigung für heilkundlich praktizierte Osteopathie e. V.,Public health: Life lessons
3d56os6r,qojfmz5x,-0.040634345,hpO: Berufsvereinigung für heilkundlich praktizierte Osteopathie e. V.,"Conclusions: Virtual Reality, Augmented Reality and Mixed Reality"
mxpdmrfu,mzguvr5w,-0.040629886,Digitalisierung - jetzt,Factors affecting workplace protective behaviors against COVID-19 disease in employees of crowded public offices: Application of protection motivation theory
3d56os6r,w29omzd1,-0.040621262,hpO: Berufsvereinigung für heilkundlich praktizierte Osteopathie e. V.,"One Year Later, How Does COVID-19 Affect Children?"
mxpdmrfu,r8vqu9mu,-0.0406161,Digitalisierung - jetzt,Relative contributions of various endogenous and exogenous factors to the mosquito microbiota
mxpdmrfu,cqkqexye,-0.040616,Digitalisierung - jetzt,"Sports, travel and leisure, and pets"
wvl612ot,0xcxvdf3,-0.040612392,Utility of various inflammatory markers in predicting outcomes of hospitalized patients with COVID-19 pneumonia: A single-center experience,An EUA for Casirivimab and Imdevimab for COVID-19
9tzsrofa,0xcxvdf3,-0.040610064,Staff: our most valuable asset.,An EUA for Casirivimab and Imdevimab for COVID-19
a9a5tkc5,mxpdmrfu,-0.040606435,Impact of COVID-19 on clinical research,Digitalisierung - jetzt
mxpdmrfu,mgjrcznx,-0.040602755,Digitalisierung - jetzt,Neuropathological analysis of the brains of fifty-two patients with COVID-19
mxpdmrfu,ww3wlo6y,-0.04060258,Digitalisierung - jetzt,Effect of educational video on newborn care for the knowledge of pregnant and postpartum women and their families
ecvkezc5,3cectvkf,-0.040602054,Quelling an innate response to dsRNA,Beroepsziekten in cijfers 2020
mxpdmrfu,278fs6ua,-0.040600166,Digitalisierung - jetzt,"Quality care metrics for nurses working in general practice, mapping the evidence: a scoping review protocol."
zetmqqn0,mxpdmrfu,-0.04059998,"We, the frontliners",Digitalisierung - jetzt
7urkp2mx,0xcxvdf3,-0.040595613,COVID-19 and Kounis Syndrome: Deciphering Their Relationship,An EUA for Casirivimab and Imdevimab for COVID-19
0d2ja5fk,0xcxvdf3,-0.040594075,The Impact of the COVID-19 Confinement on the Financial Behavior of Individual Investors,An EUA for Casirivimab and Imdevimab for COVID-19
ek7qnuf7,3d56os6r,-0.04059294,Conference Calendar,hpO: Berufsvereinigung für heilkundlich praktizierte Osteopathie e. V.
79cwwka7,mxpdmrfu,-0.040589616,Possible impact of covid 19 on health care professionals,Digitalisierung - jetzt
0xcxvdf3,efbvmrj7,-0.040589042,An EUA for Casirivimab and Imdevimab for COVID-19,Fear & anxiety in the time of COVID-19: How they influence behavior
ii1lrm7l,mxpdmrfu,-0.040588476,COVID-19 and dermatological symptoms.,Digitalisierung - jetzt
dji276no,0xcxvdf3,-0.040581826,Emerging dimensions of student-centered online learning in the post covid-19 scenario,An EUA for Casirivimab and Imdevimab for COVID-19
z0lgda9x,gsonpunw,-0.040581778,Do Catholics Listen to Sermons?,Campylobacteriose — eine zoonotische Infektionskrankheit
0xcxvdf3,8ajw9bd7,-0.040580656,An EUA for Casirivimab and Imdevimab for COVID-19,Perceived Organizational Support and Work Engagement of First-Line Managers in Healthcare – The Mediation Role of Feedback Seeking Behavior
3d56os6r,fl55zpva,-0.040580317,hpO: Berufsvereinigung für heilkundlich praktizierte Osteopathie e. V.,Extended Reality Based Remote Learning Experience During Pandemic: Effectiveness and Barriers
0xcxvdf3,iwc7w7lq,-0.040571883,An EUA for Casirivimab and Imdevimab for COVID-19,Adjusting to the new normal: Perspectives from an introductory programming sequence course
