cord_uid_a,cord_uid_b,similarity,title_a,title_b
zmtltqmb,wxahh3u8,1.0,Mitteilungen der DGPPN 9/2020,Grundbegriffe der Immunologie
mnck75xi,w9sbhztb,1.0,[Vulnerabilidad cardiovascular en adultos mayores con COVID-19: conociendo los mecanismos biológicos],[Vulnerabilidad cardiovascular en adultos mayores con COVID-19: conociendo los mecanismos biológicos].
l8yza713,5lf6pozi,1.0,"Fedratinib, a newly approved treatment for patients with myeloproliferative neoplasm-associated myelofibrosis.","Fedratinib, a newly approved treatment for patients with myeloproliferative neoplasm-associated myelofibrosis"
jkc9t799,ablp9jh8,1.0,"Repurposing Pyramax®, quinacrine and tilorone as treatments for Ebola virus disease","Repurposing Pyramax®, Quinacrine and Tilorone as Treatments for Ebola Virus Disease"
wxahh3u8,ite2o1dh,1.0,Grundbegriffe der Immunologie,Pathophysiologie der Leberkrankheiten
6dmn3kpy,6zzk28fi,1.0,Ondansetron use is associated with lower COVID-19 mortality in a Real-World Data network-based analysis,Ondansetron use is associated with lower COVID-19 mortality in a Real-World Data network-based analysis
4jvg5emr,2cb4gs52,1.0,"July 6–12, 2013","July 13–19, 2013"
otopem7y,xy4f5kon,1.0,3D printing of face shields to meet the immediate need for PPE in an anesthesiology department during the COVID-19 pandemic,3D Printing of Face Shields to Meet the Immediate Need for PPE in an Anesthesiology Department during the COVID-19 Pandemic
zmtltqmb,ite2o1dh,1.0,Mitteilungen der DGPPN 9/2020,Pathophysiologie der Leberkrankheiten
zmtltqmb,mqccs193,1.0,Mitteilungen der DGPPN 9/2020,Mitteilungen der DGIIN
zmtltqmb,77xls33y,1.0,Mitteilungen der DGPPN 9/2020,Mitteilungen der DGIM
tlxwvh5f,2jxeq1w8,1.0,CFA 2021 : promenons-nous sur le web tant que la Covid est là,CFA 2021 : promenons-nous sur le web tant que la Covid est là
h1608iyz,i1noqgll,1.0,Systematic Delineation of Media Polarity on COVID-19 Vaccines in Africa: Computational Linguistic Modeling Study,Systematic Delineation of Media Polarity on COVID-19 Vaccines in Africa: Computational Linguistic Modeling Study
rxfg777r,76dhmrud,1.0,"Anti-inflammatory, antioxidant and renoprotective effects of SOCS1 mimetic peptide in the BTBR ob/ob mouse model of type 2 diabetes","Anti-inflammatory, antioxidant and renoprotective effects of SOCS1 mimetic peptide in the BTBR ob/ob mouse model of type 2 diabetes."
wxahh3u8,mqccs193,1.0,Grundbegriffe der Immunologie,Mitteilungen der DGIIN
wxahh3u8,77xls33y,1.0,Grundbegriffe der Immunologie,Mitteilungen der DGIM
um3517lk,c8b2m858,1.0,Case Report Thiaminsubstitution,Elasomeran: Perimyocarditis: case report
rh4qjd0a,kx9j8vx0,1.0,"Pandemic, Economic Uncertainty, and Protests: What Will Happen to Student Registered Nurse Anesthetists--Resiliency or Burnout?","Pandemic, Economic Uncertainty, and Protests: What Will Happen to Student Registered Nurse Anesthetists--Resiliency or Burnout?"
kbfqybu2,5m6sqwq8,1.0,COVID-19 Creating another problem? Sustainable solution for PPE disposal through LCA approach,COVID-19 Creating another problem? Sustainable solution for PPE disposal through LCA approach
wxahh3u8,vqbi420w,1.0,Grundbegriffe der Immunologie,Mitteilungen der ÖGKJ
zmtltqmb,vqbi420w,1.0,Mitteilungen der DGPPN 9/2020,Mitteilungen der ÖGKJ
g1sq43rw,dhlthsi1,1.0,Treatment of COVID-19-related olfactory disorder promoted by Kakkontokasenkyushin'i: a case series,Treatment of COVID-19-Related Olfactory Disorder Promoted by Kakkontokasenkyushin'i: A Case Series.
en65prj9,iu8n6fwf,1.0,The challenge of producing an EQA for the COVID-19 pandemic,The challenge of producing an EQA for the COVID-19 pandemic
ad8g9j2d,baei4pve,1.0,Community pharmacy response to infection control during COVID-19. A cross-sectional survey,Community pharmacy response to infection control during COVID-19. A cross-sectional survey
d1xfghew,th80oiuu,1.0,"Authors' Reply to: Tocilizumab, Adipokines and Severe Complications of COVID-19","Authors’ Reply to: Tocilizumab, Adipokines and Severe Complications of COVID-19"
t4oalugv,ioybnl1b,1.0,Telemedicine technology and implications for reproductive office operations,Telemedicine technology and implications for reproductive office operations.
rs4wtcty,mlzln6tq,1.0,CORRIGENDUM,Corrigendum.
wxahh3u8,gk9nlapf,1.0,Grundbegriffe der Immunologie,Mitteilungen der DGIIN
zmtltqmb,gk9nlapf,1.0,Mitteilungen der DGPPN 9/2020,Mitteilungen der DGIIN
b1v822ed,xtwl2if8,1.0,Antimicrobial stewardship in Northern Ireland during COVID-19,Antimicrobial stewardship in Northern Ireland during COVID‐19
zmtltqmb,hywu3lsp,1.0,Mitteilungen der DGPPN 9/2020,Klinischer Ultraschall in der Nephrologie
wxahh3u8,hywu3lsp,1.0,Grundbegriffe der Immunologie,Klinischer Ultraschall in der Nephrologie
x3jtvpi0,m128nfhn,1.0,Isolation and Identification of Porcine Deltacoronavirus and Alteration of Immunoglobulin Transport Receptors in the Intestinal Mucosa of PDCoV-Infected Piglets,Isolation and Identification of Porcine Deltacoronavirus and Alteration of Immunoglobulin Transport Receptors in the Intestinal Mucosa of PDCoV-Infected Piglets
zmtltqmb,qeyibdp2,1.0,Mitteilungen der DGPPN 9/2020,Verleihung Autorenpreis Der Sacam
f1g9o9iq,n4jmg0ta,1.0,"Erratum: Vol. 70, No. 3","Erratum: Vol. 69, No. 29"
gsjusv3m,xsrq2utp,1.0,Empiric Antibacterial Therapy and Community-onset Bacterial Co-infection in Patients Hospitalized with COVID-19: A Multi-Hospital Cohort Study,Empiric Antibacterial Therapy and Community-onset Bacterial Co-infection in Patients Hospitalized with COVID-19: A Multi-Hospital Cohort Study
m59nzgus,w9asj1w7,1.0,Evaluating phase synchronization methods in fMRI: a comparison study and new approaches.,Evaluating phase synchronization methods in fMRI: a comparison study and new approaches
m4v5rlyh,tkljf50b,1.0,Optimal control and comprehensive cost-effectiveness analysis for COVID-19,Optimal control and comprehensive cost-effectiveness analysis for COVID-19
2sjnsb7m,wlc2h995,1.0,Essential Family Caregivers in Long-term Care during the COVID-19 Pandemic,Essential Family Caregivers in Long-Term Care During the COVID-19 Pandemic
wxahh3u8,qeyibdp2,1.0,Grundbegriffe der Immunologie,Verleihung Autorenpreis Der Sacam
6mmznway,ynk1f41i,1.0,Action Levels for SARS-CoV-2 in Air: Preliminary Approach,Action Levels for SARS‐CoV‐2 in Air: Preliminary Approach
zdojnaca,2l7qn5sy,1.0,Impact of corticosteroids in hospitalised COVID-19 patients,Impact of corticosteroids in hospitalised COVID-19 patients
1d3m5b6u,6ixnlonz,1.0,The Impact of Immunosuppression and Autoimmune Disease on Severe Outcomes in Patients Hospitalized with COVID-19,The Impact of Immunosuppression and Autoimmune Disease on Severe Outcomes in Patients Hospitalized with COVID-19
fj6yvc4v,v6xzgth7,1.0,COVID-19 Insights Partnership: Leveraging big data from the Department of Veterans Affairs and supercomputers at the Department of Energy under the public health authority,COVID-19 Insights Partnership: Leveraging Big Data from the Department of Veterans Affairs and Supercomputers at the Department of Energy under the Public Health Authority
ag9qbyb1,74imkqa9,1.0,"Depression, anxiety and stress in primary health care users during coronavirus lockdown","[Depression, anxiety and stress in primary health care users during coronavirus lockdown]"
qntr16oi,6fhzyo4l,1.0,Communities and Testing for Covid-19,Communities and testing for COVID-19
q7bcke4x,wezk9ey4,1.0,[Cerebral venous thrombosis and SARS-CoV-2 infection],[Cerebral venous thrombosis and SARS-CoV-2 infection].
04gyqx2u,6gkahxfb,1.0,Imaging findings in COVID-19 pneumonia,[Imaging findings of COVID-19 pneumonia]
wxahh3u8,n76k9mzb,1.0,Grundbegriffe der Immunologie,Lungenbildgebung in der Niederfeld-Magnetresonanztomographie
zp4xc5ma,2sqyn1ff,1.0,The COVID-19 Pandemic Confronts the Motivation Fallacy within Pulmonary Rehabilitation Programs.,The COVID-19 Pandemic Confronts the Motivation Fallacy within Pulmonary Rehabilitation Programs
zsbigpd0,m1k42c9u,1.0,Response to 'Pulmonary thrombosis in 2019‐nCoV pneumonia?',Response to 'Pulmonary thrombosis in 2019-nCoV pneumonia?'
ctduuscs,59zcy1qv,1.0,"Genetic alteration, RNA expression, and DNA methylation profiling of coronavirus disease 2019 (COVID-19) receptor ACE2 in malignancies: a pan-cancer analysis","Genetic alteration, RNA expression, and DNA methylation profiling of coronavirus disease 2019 (COVID-19) receptor ACE2 in malignancies: a pan-cancer analysis"
zmtltqmb,n76k9mzb,1.0,Mitteilungen der DGPPN 9/2020,Lungenbildgebung in der Niederfeld-Magnetresonanztomographie
7kkr6n8w,3f5hlfq2,1.0,"An Update on Initial Epidemiological Profile, Clinical Course, and Outcome of COVID-19 Patients at a Tertiary Care Center in India","An update on initial epidemiological profile, clinical course, and outcome of COVID-19 patients at a tertiary care center in India"
h20jdfak,4bw67wgz,1.0,Zoonotic evolution and implications of microbiome in viral transmission and infection,Zoonotic evolution and implications of microbiome in viral transmission and infection
f1g9o9iq,ek0fx0yk,1.0,"Erratum: Vol. 70, No. 3","Erratum: Vol. 69, No. 47."
0f0d4x5h,iotqyo8o,1.0,Outcomes of adult critically ill patients with hemophagocytic lymphohistiocytosis in united states-analysis from an administrative database from 2007 to 2015.,Outcomes of adult critically ill patients with hemophagocytic lymphohistiocytosis in united states-analysis from an administrative database from 2007 to 2015
m7j2lilt,kwouh3w1,1.0,In Search of the SARS-CoV-2 Protection Correlate: Head-to-Head Comparison of Two Quantitative S1 Assays in Pre-characterized Oligo-/Asymptomatic Patients,In Search of the SARS-CoV-2 Protection Correlate: Head-to-Head Comparison of Two Quantitative S1 Assays in Pre-characterized Oligo-/Asymptomatic Patients
wcb8kxa0,066q7bhw,1.0,Antiviral activity of berberine,Antiviral activity of berberine
ch64lu3a,hijnvjiy,1.0,Make Movement Your Mission: Evaluation of an online digital health initiative to increase physical activity in older people during the COVID-19 pandemic,Make Movement Your Mission: Evaluation of an online digital health initiative to increase physical activity in older people during the COVID-19 pandemic
kcauordc,x1qxcc0z,1.0,Harnessing the Neural Stem Cell Secretome for Regenerative Neuroimmunology,Harnessing the Neural Stem Cell Secretome for Regenerative Neuroimmunology
80u6ub4o,7ytqy3ia,1.0,Clinical Suspicion of COVID-19 in Nursing Home residents: symptoms and mortality risk factors,Clinical Suspicion of COVID-19 in Nursing Home Residents: Symptoms and Mortality Risk Factors
7mb9txzo,2tbowk4n,1.0,Physiotherapy Care of Patients with Coronavirus Disease 2019 (COVID-19) - A Brazilian Experience,Physiotherapy Care of Patients with Coronavirus Disease 2019 (COVID-19) - A Brazilian Experience
wxahh3u8,nj0p2s2y,1.0,Grundbegriffe der Immunologie,Mitteilungen der DGIM
wxahh3u8,6cuf1iaa,1.0,Grundbegriffe der Immunologie,Mitteilungen der DGKFO
zmtltqmb,nj0p2s2y,1.0,Mitteilungen der DGPPN 9/2020,Mitteilungen der DGIM
zmtltqmb,6cuf1iaa,1.0,Mitteilungen der DGPPN 9/2020,Mitteilungen der DGKFO
wxahh3u8,nrlhfwf2,1.0,Grundbegriffe der Immunologie,Mitteilungen der DGRh - Veranstaltungen der Rheumaakademie
fgdyw060,qwphvwuh,1.0,Persistence of SARS-COV-2 in body fluids: a bystander or whistle blower,Persistence of sars-cov-2 in body fluids: A bystander or whistle blower
cf4klb1q,rs6sezcj,1.0,Challenges of pancreatic cancer chemotherapy in the COVID-19 era.,Challenges of pancreatic cancer chemotherapy in the COVID-19 era
zmtltqmb,nrlhfwf2,1.0,Mitteilungen der DGPPN 9/2020,Mitteilungen der DGRh - Veranstaltungen der Rheumaakademie
ekic53l1,099vgi5j,1.0,Ascending aortic thrombus with multiple emboli associated with COVID-19.,Ascending aortic thrombus with multiple emboli associated with COVID-19
kj6itew3,tuxuff6c,1.0,Pfizer-BioNTech mRNA BNT162b2 Covid-19 vaccine protection against variants of concern after one versus two doses,Pfizer-BioNTech mRNA BNT162b2 Covid-19 vaccine protection against variants of concern after one versus two doses
6nj1airz,cpzim9si,1.0,Parental Social Isolation and Child Maltreatment Risk during the COVID-19 Pandemic,Parental Social Isolation and Child Maltreatment Risk During the COVID-19 Pandemic
zmtltqmb,iwq4ugpk,1.0,Mitteilungen der DGPPN 9/2020,Mitteilungen der DGU
wxahh3u8,iwq4ugpk,1.0,Grundbegriffe der Immunologie,Mitteilungen der DGU
78884fmc,nv013wx9,1.0,External validation of risk scores to predict in-hospital mortality in patients hospitalized due to coronavirus disease 2019.,External validation of risk scores to predict in-hospital mortality in patients hospitalized due to coronavirus disease 2019
561axy4i,7faa427l,1.0,Fifteen-minute consultation: A practical approach to remote consultations for paediatric patients during the COVID-19 pandemic,Fifteen-minute consultation: A practical approach to remote consultations for paediatric patients during the COVID-19 pandemic.
kcsn3dm6,yajcejka,1.0,Institutional versus home isolation to curb the COVID-19 outbreak,Institutional versus home isolation to curb the COVID-19 outbreak
tekkkm2u,3ummti54,1.0,Bedside Evaluation of Pulmonary Embolism by Saline Contrast-enhanced Electrical Impedance Tomography: Considerations for Future Research,Bedside Evaluation of Pulmonary Embolism by Saline Contrast Enhanced Electrical Impedance Tomography: Considerations for Future Research
0rreblwb,gxig0yv2,1.0,Variational Full Bayes Lasso: Knots Selection in Regression Splines,Variational Full Bayes Lasso: Knots Selection in Regression Splines
pq8wt2v0,lbxivfbz,1.0,SPONTANEOUS PNEUMOTHORAX AND SPONTANEOUS PNEUMOMEDIASTINUM IN NON-INTUBATED PATIENTS IN THE SETTING OF SEVERE ACUTE RESPIRATORY SYNDROME CORONAVIRUS 2,Spontaneous Pneumothorax and Spontaneous Pneumomediastinum in Non-intubated Patients in the Setting of Severe Acute Respiratory Syndrome Coronavirus 2
0lajhqn5,lnjh56ts,1.0,"Impact of the COVID-19 pandemic on healthcare workers risk of infection and outcomes in a large, integrated health system.","Impact of the COVID-19 Pandemic on Healthcare Workers’ Risk of Infection and Outcomes in a Large, Integrated Health System"
erzpeexi,ds5ng9qf,1.0,Ultra-sensitive Severe Acute Respiratory Syndrome Coronavirus 2 (SARS-CoV-2) Antigen Detection for the Diagnosis of Coronavirus Disease 2019 (COVID-19) in Upper Respiratory Samples,Ultra-sensitive Severe Acute Respiratory Syndrome Coronavirus 2 (SARS-CoV-2) Antigen Detection for the Diagnosis of Coronavirus Disease 2019 (COVID-19) in Upper Respiratory Samples
wxahh3u8,aflszl0b,1.0,Grundbegriffe der Immunologie,Cardiopulmonale Wiederbelebung in Zeiten der COVID-19 Pandemie
wxahh3u8,yb8rr84w,1.0,Grundbegriffe der Immunologie,Mitteilungen der DGINA
iorimj1v,47se2d7p,1.0,Relevance of KDPI value and acute rejection on kidney transplant outcomes in recipients with delayed graft function- A retrospective study,Relevance of KDPI value and acute rejection on kidney transplant outcomes in recipients with delayed graft function- A retrospective study.
44gz4b38,avslesil,1.0,"Analysis, quantification, and visualization of RT-LAMP technique for detection of COVID-19","Analysis, quantification, and visualization of RT-LAMP technique for detection of COVID-19"
zmtltqmb,yb8rr84w,1.0,Mitteilungen der DGPPN 9/2020,Mitteilungen der DGINA
zmtltqmb,aflszl0b,1.0,Mitteilungen der DGPPN 9/2020,Cardiopulmonale Wiederbelebung in Zeiten der COVID-19 Pandemie
3y16j3ts,gtl419yq,1.0,Double Pandemic: Racial Discrimination amid Corona virus Disease 2019,Double Pandemic: Racial Discrimination amid Corona virus Disease 2019
zmtltqmb,wf9q6iv3,1.0,Mitteilungen der DGPPN 9/2020,Mitteilungen der DGKJ
wxahh3u8,wf9q6iv3,1.0,Grundbegriffe der Immunologie,Mitteilungen der DGKJ
atvqsm8k,ptn900mr,1.0,Modernizing Public Health Data Systems: Lessons From the Health Information Technology for Economic and Clinical Health (HITECH) Act.,Modernizing Public Health Data Systems: Lessons From the Health Information Technology for Economic and Clinical Health (HITECH) Act
d3o4u1k0,987rwq1l,1.0,Effect of SARS-CoV-2 vaccination on symptoms from post-acute COVID syndrome: results from the national VAXILONG survey,Effect of SARS-CoV-2 vaccination on symptoms from post-acute COVID syndrome: results from the national VAXILONG survey
zmtltqmb,60xvjwsz,1.0,Mitteilungen der DGPPN 9/2020,Mitteilungen der DVG
mwnad027,2aneik86,1.0,Old Treatment for a New Disease: Can Rectal Ozone Insufflation Be Used for COVID-19 Management? A Case Report,Old Treatment for a New Disease: Can Rectal Ozone Insufflation Be Used for COVID-19 Management? A Case Report
a63fygcf,1j2etecr,1.0,Intelligent Resolution: Integrating Cryo-EM with AI-driven Multi-resolution Simulations to Observe the SARS-CoV-2 Replication-Transcription Machinery in Action,Intelligent Resolution: Integrating Cryo-EM with AI-driven Multi-resolution Simulations to Observe the SARS-CoV-2 Replication-Transcription Machinery in Action
wxahh3u8,60xvjwsz,1.0,Grundbegriffe der Immunologie,Mitteilungen der DVG
qntu3jzq,zbvm807z,1.0,Deep Learning and Medical Image Processing for Coronavirus (COVID-19) Pandemic: A Survey,Deep Learning and Medical Image Processing for Coronavirus (COVID-19) Pandemic: A Survey
g5vgr2pj,vm7x04qh,1.0,Reverse Transcriptase Loop Mediated Isothermal Amplification (RT-LAMP) for COVID-19 Diagnosis: A Systematic Review and Meta-Analysis,Reverse Transcriptase Loop Mediated Isothermal AmplifiCation (RT-LAMP) for COVID-19 diagnosis: a systematic review and meta-analysis
cuf83fhj,4349tn1l,1.0,Serum IL-6: A potential biomarker of mortality among SARS-CoV-2 infected patients in Mexico,Serum IL-6: A potential biomarker of mortality among SARS-CoV-2 infected patients in Mexico
wxahh3u8,wmsx2ynt,1.0,Grundbegriffe der Immunologie,Mitteilungen der DGU
thq5qyhr,e9bdfqke,1.0,Rapid Screening of Physiological Changes Associated With COVID-19 Using Soft-Wearables and Structured Activities: A Pilot Study,Rapid Screening of Physiological Changes Associated with COVID-19 Using Soft-Wearables and Structured Activities: A Pilot Study
wxahh3u8,go1ejczo,1.0,Grundbegriffe der Immunologie,Der Fachmann
zmtltqmb,wmsx2ynt,1.0,Mitteilungen der DGPPN 9/2020,Mitteilungen der DGU
zmtltqmb,go1ejczo,1.0,Mitteilungen der DGPPN 9/2020,Der Fachmann
44un2bpr,yuvx2p4h,1.0,Elastocapillary network model of inhalation,Elastocapillary network model of inhalation
xyaoqe7t,x6awqxwx,1.0,Ophthalmic manifestations of COVID-19; a less-appreciated yet significant challenge,Ophthalmic manifestations of COVID-19; a less-appreciated yet significant challenge
kzpbbkv3,vo04nhz0,1.0,People’s Perceptions of AI Utilization in the Context of COVID-19,People’s Perceptions of AI Utilization in the Context of COVID-19
578c9ut5,e1phpqes,1.0,2020 CIS Annual Meeting: Immune Deficiency & Dysregulation North American Conference,2018 CIS Annual Meeting: Immune Deficiency & Dysregulation North American Conference
f1g9o9iq,iymp3fsq,1.0,"Erratum: Vol. 70, No. 3","Erratum: Vol. 69, No. 49"
3opcv1ee,q237h8ie,1.0,"Effect of dexamethasone in patients with ARDS and COVID-19 - prospective, multi-centre, open-label, parallel-group, randomised controlled trial (REMED trial): A structured summary of a study protocol for a randomised controlled trial","Effect of dexamethasone in patients with ARDS and COVID-19 – prospective, multi-centre, open-label, parallel-group, randomised controlled trial (REMED trial): A structured summary of a study protocol for a randomised controlled trial"
qtqfm5bz,vjf9e1bx,1.0,Cardiac Complications and Pertaining Mortality Rate in COVID-19 Patients; a Systematic Review and Meta-Analysis,Cardiac complications and pertaining mortality rate in COVID-19 patients;a systematic review and meta-analysis
1c08mb2k,qe3ohvmk,1.0,Evaluation of the English Version of the Fear of COVID-19 Scale and Its Relationship with Behavior Change and Political Beliefs,Evaluation of the English Version of the Fear of COVID-19 Scale and Its Relationship with Behavior Change and Political Beliefs
aefuykm7,iu5rtemp,1.0,Urban health nexus with coronavirus disease 2019 (COVID-19) preparedness and response in Africa: Rapid scoping review of the early evidence,Urban health nexus with coronavirus disease 2019 (COVID-19) preparedness and response in Africa: Rapid scoping review of the early evidence
sn31my4o,tt6qlhkg,1.0,Prevention for oneself or others? Psychological and social factors that explain social distancing during the COVID-19 pandemic,Prevention for oneself or others? Psychological and social factors that explain social distancing during the COVID-19 pandemic
rs4wtcty,i66scei9,1.0,CORRIGENDUM,Corrigendum.
45gvebt5,virxjzpe,1.0,Acute Demyelinating Encephalomyelitis (ADEM) in COVID-19 Infection: A Case Series.,Acute Demyelinating Encephalomyelitis (ADEM) in COVID-19 Infection: A Case Series
abr26f2p,3y12t20t,1.0,The investigation of mRNA vaccines formulated in liposomes administrated in multiple routes against SARS-CoV-2,The investigation of mRNA vaccines formulated in liposomes administrated in multiple routes against SARS-CoV-2
rs4wtcty,7u7x9ede,1.0,CORRIGENDUM,Corrigendum.
zmtltqmb,hzbaterg,1.0,Mitteilungen der DGPPN 9/2020,Mitteilungen der DGRh - Veranstaltungen der Rheumaakademie
zmtltqmb,bsxc5v3j,1.0,Mitteilungen der DGPPN 9/2020,Auswirkungen der COVID-19-Pandemie
56zfqt6w,zimnvayx,1.0,"Seroprevalence of SARS-CoV-2 Infection among Occupational Groups from the Bucaramanga Metropolitan Area, Colombia","Seroprevalence of SARS-CoV-2 Infection among Occupational Groups from the Bucaramanga Metropolitan Area, Colombia"
f1g9o9iq,8aobiye6,1.0,"Erratum: Vol. 70, No. 3","Erratum: Vol. 69, No. 29"
wxahh3u8,hzbaterg,1.0,Grundbegriffe der Immunologie,Mitteilungen der DGRh - Veranstaltungen der Rheumaakademie
oywq0si3,8kd5btmh,1.0,A behavioral economic risk aversion experiment in the context of the COVID-19 pandemic,A behavioral economic risk aversion experiment in the context of the COVID-19 pandemic
wxahh3u8,bsxc5v3j,1.0,Grundbegriffe der Immunologie,Auswirkungen der COVID-19-Pandemie
62022ie3,3w2wtlnu,1.0,"Pharmacological and nutritional modulation of autophagy in a rainbow trout (Oncorhynchus mykiss) gill cell line, RTgill-W1.","Pharmacological and nutritional modulation of autophagy in a rainbow trout (Oncorhynchus mykiss) gill cell line, RTgill-W1"
f1g9o9iq,zk292qri,1.0,"Erratum: Vol. 70, No. 3","Erratum: Vol. 70, No. 36"
2nfbt753,epvqtdh4,1.0,Modeling SARS-CoV-2 viral kinetics and association with mortality in hospitalized patients from the French COVID cohort,Modeling SARS-CoV-2 viral kinetics and association with mortality in hospitalized patients from the French COVID cohort
2tckpttd,6f3g43kz,1.0,Risk factors for a severe form of COVID‐19 after allogeneic haematopoietic stem cell transplantation: a Société Francophone de Greffe de Moelle et de Thérapie cellulaire (SFGM‐TC) multicentre cohort study,Risk factors for a severe form of COVID-19 after allogeneic haematopoietic stem cell transplantation: a Société Francophone de Greffe de Moelle et de Thérapie cellulaire (SFGM-TC) multicentre cohort study
rs4wtcty,ziy06fzm,1.0,CORRIGENDUM,Corrigendum.
mz43ua8m,m5hggagj,1.0,Small-molecule ligands can inhibit -1 programmed ribosomal frameshifting in a broad spectrum of coronaviruses,Small-molecule ligands can inhibit −1 programmed ribosomal frameshifting in a broad spectrum of coronaviruses
57nhx9t9,euxi364f,1.0,SARS-CoV-2 Spike N-Terminal Domain modulates TMPRSS2-dependent viral entry and fusogenicity,SARS-CoV-2 Spike N-Terminal Domain modulates TMPRSS2-dependent viral entry and fusogenicity
kiozvpft,zv2ir5fm,1.0,Risk Assessment of Healthcare Workers at the Frontline against COVID-19,Risk assessment of healthcare workers at the frontline against COVID-19
04tgo216,mrjws3gp,1.0,Extracorporeal Membrane Oxygenation in Coronavirus Disease 2019-associated Acute Respiratory Distress Syndrome: An Initial US Experience at a High-volume Centre,Extracorporeal Membrane Oxygenation in Coronavirus Disease 2019-associated Acute Respiratory Distress Syndrome: An Initial US Experience at a High-volume Centre
wxahh3u8,pf07lqrv,1.0,Grundbegriffe der Immunologie,Mitteilungen der DGRh - Veranstaltungen der Rheumaakademie
rs4wtcty,zwoo0sot,1.0,CORRIGENDUM,Corrigendum
zmtltqmb,pf07lqrv,1.0,Mitteilungen der DGPPN 9/2020,Mitteilungen der DGRh - Veranstaltungen der Rheumaakademie
zmtltqmb,wr9uokky,1.0,Mitteilungen der DGPPN 9/2020,Mitteilungen der DGG
f1g9o9iq,hmfcqbur,1.0,"Erratum: Vol. 70, No. 3","Erratum: Vol. 69, No. 43"
f1g9o9iq,mszt70q6,1.0,"Erratum: Vol. 70, No. 3","Erratum: Vol. 70, No. 3"
yvftjs3v,7vau781f,1.0,Decreased Naïve T-cell Production Leading to Cytokine Storm as Cause of Increased COVID-19 Severity with Comorbidities,Decreased Naïve T-cell Production Leading to Cytokine Storm as Cause of Increased COVID-19 Severity with Comorbidities
wxahh3u8,wr9uokky,1.0,Grundbegriffe der Immunologie,Mitteilungen der DGG
ad8g9j2d,8yt0vv0f,1.0,Community pharmacy response to infection control during COVID-19. A cross-sectional survey,Community Pharmacy Response to Infection Control during COVID-19. A Cross-Sectional Survey
rtmhk9mf,9q7zbmwp,1.0,Therapeutic Development and Drugs for the Treatment of COVID-19,Therapeutic Development and Drugs for the Treatment of COVID-19
1ub3xzsv,v6i9z5zo,1.0,Pandemic programming: How COVID-19 affects software developers and how their organizations can help,Pandemic Programming: How COVID-19 affects software developers and how their organizations can help
q4ize78o,wg4709xt,1.0,Postmortem Stability of SARS-CoV-2 in Nasopharyngeal Mucosa,Postmortem Stability of SARS-CoV-2 in Nasopharyngeal Mucosa
8n9ca6va,gujlcoxa,1.0,Allogeneic hematopoietic stem cell transplantation for adult T-cell leukemia/lymphoma with HTLV-1-associated myelopathy,Allogeneic hematopoietic stem cell transplantation for adult T-cell leukemia/lymphoma with HTLV-1-associated myelopathy.
ite2o1dh,mqccs193,1.0,Pathophysiologie der Leberkrankheiten,Mitteilungen der DGIIN
ite2o1dh,77xls33y,1.0,Pathophysiologie der Leberkrankheiten,Mitteilungen der DGIM
ite2o1dh,vqbi420w,1.0,Pathophysiologie der Leberkrankheiten,Mitteilungen der ÖGKJ
5odo4ejs,fs2t5qoo,1.0,Impact of COVID-19 mitigation measures on the incidence of preterm birth: a national quasi-experimental study,Impact of COVID-19 mitigation measures on the incidence of preterm birth: a national quasi-experimental study
9gb8yb4f,75qt2c9e,1.0,Waning COVID-19 Vaccine Effectiveness for BNT162b2 and CoronaVac in Malaysia: An Observational Study,Waning COVID-19 Vaccine Effectiveness for BNT162b2 and CoronaVac in Malaysia: An Observational Study
0elmyq94,s7cjn2zp,1.0,"Relationship between children physical activity, inflammatory mediators and lymphocyte activation: possible impact of social isolation (COVID-19)","Relationship between children physical activity, inflammatory mediators and lymphocyte activation: possible impact of social isolation (COVID-19)"
uff4s460,fx5jpvim,1.0,Identification of COVID-19 subtypes based on immunogenomic profiling,Identification of COVID-19 Subtypes Based on Immunogenomic Profiling
ite2o1dh,gk9nlapf,1.0,Pathophysiologie der Leberkrankheiten,Mitteilungen der DGIIN
rpf21jyx,m8e41gyf,1.0,Editorial.,Editorial.
rpf21jyx,p6469kp0,1.0,Editorial.,Editorial.
ginsle3l,t4fts1od,1.0,Host Factor Interaction Networks Identified by Integrative Bioinformatics Analysis Reveals Therapeutic Implications in COPD Patients With COVID-19,Host Factor Interaction Networks Identified by Integrative Bioinformatics Analysis Reveals Therapeutic Implications in COPD Patients With COVID-19
m4kwqujc,byggqk8c,1.0,Trinational Study Exploring the Early Impact of the COVID-19 Pandemic on Organ Donation and Liver Transplantation at National and Unit Levels.,Trinational Study Exploring the Early Impact of the COVID-19 Pandemic on Organ Donation and Liver Transplantation at National and Unit Levels
ite2o1dh,hywu3lsp,1.0,Pathophysiologie der Leberkrankheiten,Klinischer Ultraschall in der Nephrologie
yp9ednfj,agc7sxj4,1.0,Genomic and phenotypic characterization of Multisystem Inflammatory Syndrome in Children (MIS-C): a prospective multicenter study from the Middle East,Genomic and phenotypic characterization of Multisystem Inflammatory Syndrome in Children (MIS-C): a prospective multicenter study from the Middle East
707jpvo3,a0uyg0e8,1.0,Clinical characteristics and outcomes of COVID-19 infected diabetic patients admitted in ICUs of the southern region of Bangladesh,Clinical characteristics and outcomes of COVID-19 infected diabetic patients admitted in ICUs of the southern region of Bangladesh
45tcdyr2,0linpam4,1.0,News in Brief,News in Brief
l3jk8jv1,qyvogx2s,1.0,Erratum regarding missing Declaration of Competing Interest statements in previously published articles,Erratum regarding missing Declaration of Competing Interest statements in previously published articles.
2oeo1wpi,v01hg28y,1.0,Trends in suicidal ideation over the first three months of COVID-19 lockdowns,Trends in Suicidal Ideation Over the First Three Months of COVID-19 Lockdowns
6p9zdamq,7224zguh,1.0,"Community-Associated Outbreak of COVID-19 in a Correctional Facility - Utah, September 2020-January 2021","Community-Associated Outbreak of COVID-19 in a Correctional Facility — Utah, September 2020–January 2021"
yzq9cduh,cszg55ow,1.0,Ergebnisdarstellung: Fallrekonstruktionen und Typisierungen,Infektionsverlauf und Pathogenität
45tcdyr2,31qldfs1,1.0,News in Brief,News in brief.
ite2o1dh,qeyibdp2,1.0,Pathophysiologie der Leberkrankheiten,Verleihung Autorenpreis Der Sacam
8293t8tp,7576p4nc,1.0,An NMR-compatible microfluidic platform enabling in situ electrochemistry,An NMR-compatible microfluidic platform enabling in situ electrochemistry
rpf21jyx,j6qvoict,1.0,Editorial.,Editorial – COVID‐19
rpf21jyx,jk1pb19l,1.0,Editorial.,Editorial.
037wtp3y,t4ka0dy9,1.0,The relationship between nursing students' technology addiction levels and attitudes toward e-learning during the COVID-19 pandemic: A cross-sectional study.,The relationship between nursing students' technology addiction levels and attitudes toward e-learning during the COVID-19 pandemic: A cross-sectional study
64yqbkwd,9mk0vhfo,1.0,RT-qPCR assays based on saliva rather than on nasopharyngeal swabs are possible but should be interpreted with caution: results from a systematic review and meta-analysis,RT-qPCR assays based on saliva rather than on nasopharyngeal swabs are possible but should be interpreted with caution: results from a systematic review and meta-analysis
kiop39u1,mitdhd7e,1.0,Kidney Transplant Recipients Rarely Show an Early Antibody Response Following the First COVID-19 Vaccine Administration,Kidney Transplant Recipients Rarely Show an Early Antibody Response Following the First COVID-19 Vaccine Administration.
g65q56io,0rq9lh8z,1.0,Experiences of psychiatrists assessing under 18s on an “all age” rota. An evaluation of the current service,Experiences of psychiatrists assessing under 18s on an “all age” rota. An evaluation of the current service
p30qratv,zp78s24k,1.0,Lifetime of respiratory saliva droplets,Lifetime of respiratory saliva droplets
8hnbls3d,5c2w2ct1,1.0,Cognitive Impairment Evaluation and Management,Cognitive Impairment Evaluation and Management
640sw4pb,aotexfs9,1.0,Potential of live pathogen vaccines for defeating the COVID-19 pandemic: History and mechanism,Potential of live pathogen vaccines for defeating the COVID‐19 pandemic: history and mechanism
45tcdyr2,eaz0vin2,1.0,News in Brief,News in Brief
ite2o1dh,n76k9mzb,1.0,Pathophysiologie der Leberkrankheiten,Lungenbildgebung in der Niederfeld-Magnetresonanztomographie
4c7vi3gq,r5xslpie,1.0,Erratum:.,ERRATUM.
g9h2ya90,0yekwyls,1.0,Equine viral arteritis.,Equine Viral Arteritis
1mjd45py,wu7ecr6i,1.0,Tracking SARS-CoV-2 Omicron diverse spike gene mutations identifies multiple inter-variant recombination events,Tracking SARS-CoV-2 Omicron diverse spike gene mutations identifies multiple inter-variant recombination events
1wrwxb9b,lbsacgr7,1.0,Neurotropic mechanisms in COVID-19 and their potential influence on neuropsychological outcomes in children,Neurotropic mechanisms in COVID-19 and their potential influence on neuropsychological outcomes in children.
3k8r293t,923kdxlt,1.0,Error in Figure 2,Error in Figure
rpf21jyx,or3qd9cw,1.0,Editorial.,Editorial.
u1qodaxf,ssuwcghn,1.0,Covid-19: Are chest compressions an aerosol generating procedure or not?,Covid-19: Are chest compressions an aerosol generating procedure or not?
f8wttu6b,a7t0ykv7,1.0,Human Factors and Ergonomics and the management of existential threats: A work domain analysis of a COVID-19 return from lockdown restrictions system,Human Factors and Ergonomics and the management of existential threats: A work domain analysis of a COVID‐19 return from lockdown restrictions system
45tcdyr2,g8ka8nzk,1.0,News in Brief,News in Brief
chwq89x4,dg1ekpo7,1.0,Impact of delayed transit in severe COVID 19 critical care patients: A retrospective analysis,Impact of delayed transit in severe COVID 19 critical care patients: a retrospective analysis
rpf21jyx,kxu10k7j,1.0,Editorial.,Editorial.
kw5o6fzl,oey17m74,1.0,Large saddle pulmonary embolism in a woman infected by COVID-19 pneumonia,Large saddle pulmonary embolism in a woman infected by COVID-19 pneumonia
g2bclt54,pa9co7ut,1.0,Selenium and viral infection: are there lessons for COVID-19?,Selenium and viral infection: are there lessons for COVID-19?
ams6v59o,o4ul99su,1.0,Compound Risks of Hurricane Evacuation Amid the COVID‐19 Pandemic in the United States,Compound risks of hurricane evacuation amid the COVID-19 pandemic in the United States
ycdb0ni0,whnpc0ku,1.0,Similarities and differences between severe COVID-19 pneumonia and anti-MDA-5-positive dermatomyositis-associated rapidly progressive interstitial lung diseases: a challenge for the future.,Similarities and differences between severe COVID-19 pneumonia and anti-MDA-5-positive dermatomyositis-associated rapidly progressive interstitial lung diseases: a challenge for the future
fkl9yu7p,n88kids9,1.0,"Epigenetic regulation of ACE2, the receptor of the SARS-CoV-2 virus.","Epigenetic regulation of ACE2, the receptor of the SARS-CoV-2 virus1"
4c7vi3gq,b8tg2dgl,1.0,Erratum:.,ERRATUM.
4c7vi3gq,4402h4g1,1.0,Erratum:.,Erratum
pt0md8fg,ijv2eptl,1.0,"32 - The impact of SARS-COV-2 pandemic on pleural services, diagnosis of malignant effusions and junior doctors' procedural training","32 The impact of SARS-COV-2 pandemic on pleural services, diagnosis of malignant effusions and junior doctors’ procedural training"
xan25pmv,p2vwcdhy,1.0,Evaluating the Impact of COVID-19 on Cyberbullying through Bayesian Trend Analysis,Evaluating the Impact of COVID-19 on Cyberbullying through Bayesian Trend Analysis
6evhxq7u,k068heca,1.0,Comparison of two real-time polymerase chain reaction assays for the detection of severe acute respiratory syndrome-CoV-2 from combined nasopharyngeal-throat swabs,Comparison of Two Real-time Polymerase Chain Reaction Assays for the Detection of Severe Acute Respiratory Syndrome-CoV-2 from Combined Nasopharyngeal-Throat Swabs
rpf21jyx,boz9lf7g,1.0,Editorial.,Editorial 2020
hgfjtqul,qua0myxc,1.0,Control Strategies for the Third wave of COVID-19 infection in India: A Mathematical Model Incorporating Vaccine Effectiveness,Control Strategies for the Third wave of COVID-19 infection in India: A Mathematical Model Incorporating Vaccine Effectiveness
4c7vi3gq,6yarqpeu,1.0,Erratum:.,Erratum
c3iemxlc,nyd28p9p,1.0,Growing Up in Times of COVID-19: When a Window of Opportunity is Temporarily Closed,Growing Up in Times of COVID-19: When a Window of Opportunity is Temporarily Closed
yzq9cduh,joz4ouy9,1.0,Ergebnisdarstellung: Fallrekonstruktionen und Typisierungen,Selbstmanagement und Achtsamkeit: Januskopfige Therapieziele
5awech2i,phblb051,1.0,Progress toward a global vaccine data network,Progress Toward a Global Vaccine Data Network.
68csuhx5,u1vp4v8m,1.0,Social distancing and preventive practices of government employees in response to COVID-19 in Ethiopia,Social distancing and preventive practices of government employees in response to COVID-19 in Ethiopia
rkzai22p,6hujjh05,1.0,Reflections,Reflections on 2020
mklf9idc,w79qeyu1,1.0,Update from the Advisory Committee on Immunization Practices,Update From the Advisory Committee on Immunization Practices.
ite2o1dh,nj0p2s2y,1.0,Pathophysiologie der Leberkrankheiten,Mitteilungen der DGIM
ite2o1dh,6cuf1iaa,1.0,Pathophysiologie der Leberkrankheiten,Mitteilungen der DGKFO
2ev790ig,7vbv952n,1.0,Neonatal COVID-19: little evidence and the need for more information,Neonatal COVID-19: little evidence and the need for more information
0f65993s,3lh4qkbr,1.0,"Reduction in skin cancer diagnosis, and overall cancer referrals, during the COVID‐19 pandemic","Reduction in skin cancer diagnosis, and overall cancer referrals, during the COVID-19 pandemic"
yzq9cduh,ul85qxy5,1.0,Ergebnisdarstellung: Fallrekonstruktionen und Typisierungen,Einzelreferate Und Buchbesprechungen
yzq9cduh,k49ja9l5,1.0,Ergebnisdarstellung: Fallrekonstruktionen und Typisierungen,COVID-19 und Nierentransplantation
i2tnwxec,6gkzlkwo,1.0,Case Report of Acute Airway Obstruction Caused by Transglottic Squamous Carcinoma (Stage IV) During the Coronavirus Pandemic Cured by ECMO-Assisted Tracheostomy.,Case Report of Acute Airway Obstruction Caused by Transglottic Squamous Carcinoma (Stage IV) During the Coronavirus Pandemic Cured by ECMO-Assisted Tracheostomy
ite2o1dh,nrlhfwf2,1.0,Pathophysiologie der Leberkrankheiten,Mitteilungen der DGRh - Veranstaltungen der Rheumaakademie
6w2jxbkv,kdnu68p5,1.0,What social media told us in the time of COVID-19: a scoping review,What social media told about us in the time of COVID-19: a scoping review
xmtrgftt,v3mxt3a8,1.0,COVID‐19 and the treatment of acute appendicitis in Ireland: a new era or short‐term pivot?,COVID-19 and the treatment of acute appendicitis in Ireland: a new era or short-term pivot?
gf5o0tge,pgmfq0d2,1.0,Living with covid-19.,Living with covid-19
doi7qw2n,g4n4cnq2,1.0,The Impact of the Closure and Reopening of Golf Courses in the United Kingdom on Wellbeing During the COVID-19 Pandemic: A Multi-Study Approach,The Impact of the Closure and Reopening of Golf Courses in the United Kingdom on Wellbeing During the COVID-19 Pandemic: A Multi-Study Approach
qx4vsd2r,4umi1czx,1.0,DNA Methylation Architecture of the ACE2 gene in Nasal Cells,DNA Methylation Architecture of the ACE2 gene in Nasal Cells
ite2o1dh,iwq4ugpk,1.0,Pathophysiologie der Leberkrankheiten,Mitteilungen der DGU
rpf21jyx,305z1ptu,1.0,Editorial.,Éditorial: Editorial
l3jk8jv1,728w8m64,1.0,Erratum regarding missing Declaration of Competing Interest statements in previously published articles,Erratum regarding missing declaration of competing interest statements in previously published articles.
mppye8qm,ntnpftba,1.0,"Invited Editorial: Despite COVID-19, Influenza Must Not Be Relegated to “Only the Sniffles”","Invited editorial: Despite COVID-19, influenza must not be relegated to “only the sniffles”"
q7g5dwjs,2dn9xgur,1.0,The challenge of an intensive care unit in a fairground,The challenge of an intensive care unit in a fairground()
8rekxza6,c744kwji,1.0,Functional Compounds From Olive Pomace to Obtain High-Added Value Foods - A Review.,Functional Compounds From Olive Pomace to Obtain High-Added Value Foods - A Review
xvzz1l42,4qwoj2yp,1.0,An analysis of COVID-19 clusters in India: Two case studies on Nizamuddin and Dharavi,An analysis of COVID-19 clusters in India : Two case studies on Nizamuddin and Dharavi
7nyd64ft,wtx5n961,1.0,COVID-19 from Wellington New Zealand,COVID-19 from Wellington New Zealand
7m3yz84u,vx9g7ssc,1.0,Future-proofing cardiac rehabilitation: Transitioning services to telehealth during COVID-19,Future-proofing cardiac rehabilitation: Transitioning services to telehealth during COVID-19
3ngtonrn,w4st5fme,1.0,[Mental health care in times of corona: experiences of professionals with eHealth],[Mental health care in times of corona: experiences of professionals with eHealth].
ite2o1dh,yb8rr84w,1.0,Pathophysiologie der Leberkrankheiten,Mitteilungen der DGINA
ite2o1dh,aflszl0b,1.0,Pathophysiologie der Leberkrankheiten,Cardiopulmonale Wiederbelebung in Zeiten der COVID-19 Pandemie
l3jk8jv1,t838yoca,1.0,Erratum regarding missing Declaration of Competing Interest statements in previously published articles,Erratum regarding missing declaration of competing interest statements in previously published articles.
kknfl496,15ptp8km,1.0,Thrombocytopathy and endotheliopathy: crucial contributors to COVID-19 thromboinflammation,Thrombocytopathy and endotheliopathy: crucial contributors to COVID-19 thromboinflammation
l3jk8jv1,r34q1izc,1.0,Erratum regarding missing Declaration of Competing Interest statements in previously published articles,Erratum regarding missing Declaration of Competing Interest statements in previously published articles
3k8r293t,8oq9styf,1.0,Error in Figure 2,Error in the Figure.
ite2o1dh,wf9q6iv3,1.0,Pathophysiologie der Leberkrankheiten,Mitteilungen der DGKJ
yzq9cduh,u0k5dn76,1.0,Ergebnisdarstellung: Fallrekonstruktionen und Typisierungen,"Immunsystem, Immunität und Infektionsschutz"
j7z33xut,ycgnttmk,1.0,SARS-CoV-2 Antibody Prevalence among Healthcare Workers: A Cross-Sectional Study at a Quaternary Healthcare Center in Saudi Arabia,SARS-CoV-2 Antibody Prevalence among Healthcare Workers: A Cross-Sectional Study at a Quaternary Healthcare Center in Saudi Arabia
iho4rflj,xmy55ue1,1.0,Effectiveness of remdesivir in patients with COVID-19 under mechanical ventilation in an Italian ICU,Effectiveness of remdesivir in patients with COVID-19 under mechanical ventilation in an Italian ICU
iy4jun8s,kwcc1g13,1.0,Access to Liver Transplantation in Covid Pandemic: Role of Ethnic and Geographic Dynamics,Access to liver transplantation in covid pandemic: Role of ethnic and geographic dynamics
ite2o1dh,60xvjwsz,1.0,Pathophysiologie der Leberkrankheiten,Mitteilungen der DVG
45tcdyr2,jeiqu91t,1.0,News in Brief,News in Brief
45tcdyr2,fgw4wps2,1.0,News in Brief,News in Brief
rpf21jyx,54gpjvhv,1.0,Editorial.,Editorial.
ite2o1dh,wmsx2ynt,1.0,Pathophysiologie der Leberkrankheiten,Mitteilungen der DGU
ite2o1dh,go1ejczo,1.0,Pathophysiologie der Leberkrankheiten,Der Fachmann
x5f7jsag,wxdyvwkt,1.0,High-Sensitivity High-Throughput Detection of Nucleic Acid Targets on Metasurface Fluorescence Biosensors,High-Sensitivity High-Throughput Detection of Nucleic Acid Targets on Metasurface Fluorescence Biosensors
1iqg0efn,occgc3v2,1.0,Comprehensive annotations of the mutational spectra of SARS-CoV-2 spike protein: a fast and accurate pipeline,Comprehensive annotations of the mutational spectra of SARS‐CoV‐2 spike protein: a fast and accurate pipeline
4c7vi3gq,qrds2xh2,1.0,Erratum:.,Erratum
9gb8yb4f,nchathmn,1.0,Waning COVID-19 Vaccine Effectiveness for BNT162b2 and CoronaVac in Malaysia: An Observational Study,Waning COVID-19 Vaccine Effectiveness for BNT162b2 and CoronaVac in Malaysia: An Observational Study
l3jk8jv1,k0pbirp8,1.0,Erratum regarding missing Declaration of Competing Interest statements in previously published articles,Erratum regarding missing Declaration of Competing Interest statements in previously published articles.
xq8hx3ci,q928enb9,1.0,Social Support is Associated with Better Health in the Face of COVID-19,Social Support is Associated with Better Health in the Face of COVID-19
ite2o1dh,hzbaterg,1.0,Pathophysiologie der Leberkrankheiten,Mitteilungen der DGRh - Veranstaltungen der Rheumaakademie
ite2o1dh,bsxc5v3j,1.0,Pathophysiologie der Leberkrankheiten,Auswirkungen der COVID-19-Pandemie
7xmqsk2l,sdygn81q,1.0,CAMHS Emergency Assessment Service (EAS): development & implementation during the COVID-19 crisis,CAMHS Emergency Assessment Service (EAS): development & implementation during the COVID-19 crisis
yzq9cduh,4pk73aar,1.0,Ergebnisdarstellung: Fallrekonstruktionen und Typisierungen,Covid-19: Gesundheitliche Ungleichheit und Pflegebedürftigkeit
rpf21jyx,99fgkc3g,1.0,Editorial.,Editorial - COVID-19
t09dhz9b,r0tntzfm,1.0,"Dental Education Challenges during the COVID-19 Pandemic Period in Italy: Undergraduate Student Feedback, Future Perspectives, and the Needs of Teaching Strategies for Professional Development","Dental Education Challenges during the COVID-19 Pandemic Period in Italy: Undergraduate Student Feedback, Future Perspectives, and the Needs of Teaching Strategies for Professional Development"
pav5xgej,5jobiouh,1.0,A case report of vaccine-induced immune thrombocytopenia and thrombosis syndrome after Ad26.COV2.S vaccine (Janssen/Johnson & Johnson)☆,A case report of vaccine-induced immune thrombocytopenia and thrombosis syndrome after Ad26.COV2.S vaccine (Janssen/Johnson & Johnson)()
ltwk49gl,x7t2ggr5,1.0,"Structure-based drug repurposing against COVID-19 and emerging infectious diseases: methods, resources and discoveries","Structure-based drug repurposing against COVID-19 and emerging infectious diseases: methods, resources and discoveries"
ww9tqvdx,vfbscwfm,1.0,"The impact of COVID-19 lockdown on atmospheric CO(2) in Xi’an, China","The impact of COVID-19 lockdown on atmospheric CO2 in Xi'an, China"
ucedivqr,itdo5h16,1.0,Marketing roundup: A look at COVID-19 adaptations across industry,Marketing roundup: A look at COVID‐19 adaptations across industry
wkbgxdi3,sebitkml,1.0,Predictors of arrhythmia other than QT interval prolongation and the use of ß-blocker therapy in the coronavirus disease 2019 pandemic. Authors' reply,Predictors of arrhythmia other than QT interval prolongation and the use of β-blocker therapy in the coronavirus disease 2019 pandemic. Authors' reply.
0vozay1p,iyguggyo,1.0,Anticoagulation in COVID-19: reaction to the ACTION trial,Anticoagulation in COVID-19: reaction to the ACTION trial
mxgsfhbk,2yxsqpwo,1.0,Toxicity of dinonylnaphthalene sulfonates to Pimephales promelas and epibenthic invertebrates.,Toxicity of dinonylnaphthalene sulfonates to Pimephales promelas and epibenthic invertebrates
482zlam9,kr9n8zjc,1.0,Development of a conversing and body temperature scanning autonomously navigating robot to help screen for COVID-19,Development of a conversing and body temperature scanning autonomously navigating robot to help screen for COVID-19
t93be3zd,igp1njwq,1.0,"Cell-based therapies for COVID-19: a living, systematic review",Cell-based therapies for COVID-19: A living systematic review
cy1iil7j,5ije4h4z,1.0,[Thinking on Clinical rational use of TCM injection in the treatment of novel coronavirus pneumonia (COVID-19)],[Thinking on clinical rational use of TCM injection in the treatment of novel coronavirus pneumonia (COVID-19)].
mil4hx08,tw1bxy1d,1.0,SARS-CoV-2 variants exhibit increased kinetic stability of open spike conformations as an evolutionary strategy,SARS-CoV-2 variants exhibit increased kinetic stability of open spike conformations as an evolutionary strategy
4c7vi3gq,ntrm4j2d,1.0,Erratum:.,Erratum
fmnyw49b,giotiqm2,1.0,Frontline Health Care Workers' Mental Workload During the COVID-19 Pandemic: A Cross-Sectional Study.,Frontline Health Care Workers' Mental Workload During the COVID-19 Pandemic: A Cross-Sectional Study
ite2o1dh,pf07lqrv,1.0,Pathophysiologie der Leberkrankheiten,Mitteilungen der DGRh - Veranstaltungen der Rheumaakademie
rpf21jyx,hmvymw17,1.0,Editorial.,EDITORIAL
86y6l5dx,dk03dpe2,1.0,Supportive care for patient with respiratory diseases: an umbrella review.,Supportive care for patient with respiratory diseases: An umbrella review
e5kbde0c,f4o06y00,1.0,Rôle de l’infirmière et du cadre infirmier lors de la mise en place urgente d’une équipe de dépistage autour d’un cluster de coronavirus,Rôle de l’infirmière et du cadre infirmier lors de la mise en place urgente d’une équipe de dépistage autour d’un cluster de coronavirus
45tcdyr2,uur2er6x,1.0,News in Brief,News in Brief
1j54mpmq,jvn3ks6l,1.0,Heterogeneity in COVID-19 Pandemic-Induced Lifestyle Stressors Predicts Mental Health in Adults and Children in the US and UK,Heterogeneity in COVID-19 Pandemic-Induced Lifestyle Stressors Predicts Mental Health in Adults and Children in the US and UK
f0ocjz5o,wefvyof1,1.0,"Guideline (S2k) on acute therapy and management of anaphylaxis: 2021 update: S2k-Guideline of the German Society for Allergology and Clinical Immunology (DGAKI), the Medical Association of German Allergologists (AeDA), the Society of Pediatric Allergology and Environmental Medicine (GPA), the German Academy of Allergology and Environmental Medicine (DAAU), the German Professional Association of Pediatricians (BVKJ), the Society for Neonatology and Pediatric Intensive Care (GNPI), the German Society of Dermatology (DDG), the Austrian Society for Allergology and Immunology (ÖGAI), the Swiss Society for Allergy and Immunology (SGAI), the German Society of Anaesthesiology and Intensive Care Medicine (DGAI), the German Society of Pharmacology (DGP), the German Respiratory Society (DGP), the patient organization German Allergy and Asthma Association (DAAB), the German Working Group of Anaphylaxis Training and Education (AGATE)","Guideline (S2k) on acute therapy and management of anaphylaxis: 2021 update: S2k-Guideline of the German Society for Allergology and Clinical Immunology (DGAKI), the Medical Association of German Allergologists (AeDA), the Society of Pediatric Allergology and Environmental Medicine (GPA), the German Academy of Allergology and Environmental Medicine (DAAU), the German Professional Association of Pediatricians (BVKJ), the Society for Neonatology and Pediatric Intensive Care (GNPI), the German Society of Dermatology (DDG), the Austrian Society for Allergology and Immunology (ÖGAI), the Swiss Society for Allergy and Immunology (SGAI), the German Society of Anaesthesiology and Intensive Care Medicine (DGAI), the German Society of Pharmacology (DGP), the German Respiratory Society (DGP), the patient organization German Allergy and Asthma Association (DAAB), the German Working Group of Anaphylaxis Training and Education (AGATE)"
ite2o1dh,wr9uokky,1.0,Pathophysiologie der Leberkrankheiten,Mitteilungen der DGG
1275u9wc,gy6rymkd,1.0,Audio Interview: Finding Reliable Information about Covid-19,Audio Interview: Finding Reliable Information about Covid-19.
yzq9cduh,x6u3bm0c,1.0,Ergebnisdarstellung: Fallrekonstruktionen und Typisierungen,Neuroonkologie und Palliativmedizin
iyr113xu,pu1sf0p8,1.0,Non-serious case reports,Non-serious case reports
gui5914v,wqlydchs,1.0,Scientific effort in combating COVID-19 in Obstetrics and Gynecology,Scientific effort in combating COVID-19 in obstetrics and gynecology
rpf21jyx,qq5amdne,1.0,Editorial.,Editorial.
q0zgiiil,20f6jt0a,1.0,Improving spatial data in health geographics: a practical approach for testing data to measure children's physical activity and food environments using Google Street View.,Improving spatial data in health geographics: a practical approach for testing data to measure children's physical activity and food environments using Google Street View
p077nn3o,lbrpbhpg,1.0,Years of life lost due to the psychosocial consequences of COVID-19 mitigation strategies based on Swiss data,Years of life lost due to the psychosocial consequences of COVID-19 mitigation strategies based on Swiss data
iyr113xu,xtuhapfc,1.0,Non-serious case reports,Non-serious case reports
0smwvczc,ds1y3ks9,1.0,Management of pandemic or large-scale emergencies in Germany with a focus on the current and potential role of university schools of dentistry: Can it help in COVID-19 time?,Management of pandemic or large-scale emergencies in Germany with a focus on the current and potential role of university schools of dentistry: Can it help in COVID-19 time?
mqccs193,77xls33y,1.0,Mitteilungen der DGIIN,Mitteilungen der DGIM
mqccs193,vqbi420w,1.0,Mitteilungen der DGIIN,Mitteilungen der ÖGKJ
77xls33y,vqbi420w,1.0,Mitteilungen der DGIM,Mitteilungen der ÖGKJ
1q7zunl7,pk74m3ta,1.0,A scoping review of surgical masks and N95 filtering facepiece respirators: Learning from the past to guide the future of dentistry,A scoping review of surgical masks and N95 filtering facepiece respirators: Learning from the past to guide the future of dentistry
9ovphqhv,v0e0s6b9,1.0,Where are we headed? Diagnosing abnormal head shapes through virtual care visits,Where Are We Headed? Diagnosing Abnormal Head Shapes Through Virtual Care Visits.
77xls33y,gk9nlapf,1.0,Mitteilungen der DGIM,Mitteilungen der DGIIN
9w30i6y5,v055nod1,1.0,Contents of Volume 73,Contents of volume 11
mqccs193,gk9nlapf,1.0,Mitteilungen der DGIIN,Mitteilungen der DGIIN
rk499yc4,ancq2adp,1.0,Reply to: Trajectories of vital signs in patients with Covid-19,Reply to: Trajectories of vital signs in patients with Covid-19
fnz2ql4y,z4pw18c5,1.0,Know how to manage face‐mask branding in the time of COVID‐19,Know how to manage face‐mask branding in the time of COVID‐19
p8otpz3y,wu0w265g,1.0,COVID-19 and global mental health.,COVID-19 and global mental health.
mqccs193,hywu3lsp,1.0,Mitteilungen der DGIIN,Klinischer Ultraschall in der Nephrologie
77xls33y,hywu3lsp,1.0,Mitteilungen der DGIM,Klinischer Ultraschall in der Nephrologie
ztqu21bb,stp0801g,1.0,"Active monitoring of early safety of Sputnik V vaccine in Buenos Aires, Argentina","Active monitoring of early safety of Sputnik V vaccine in Buenos Aires, Argentina."
x7z66d7t,u9z55hxu,1.0,Hydroxychloroquine and coronavirus disease 2019.,Hydroxychloroquine and coronavirus disease 2019
6g5tgjs4,1p25s7r0,1.0,Corrigendum to: Epidemiology of COVID-19 and public health restrictions during the first wave of the pandemic in Ireland in 2020,Corrigendum to: Epidemiology of COVID-19 and public health restrictions during the first wave of the pandemic in Ireland in 2020
3qcr758o,ibjmrg7v,1.0,The use of post-anaesthesia care units as a supply of ICU beds while maintaining scheduled surgery: A cross-sectional web-based feasibility survey in France,The use of post-anaesthesia care units as a supply of ICU beds while maintaining scheduled surgery: A cross-sectional web-based feasibility survey in France
ts5powkb,xmbnpawj,1.0,Susceptibility of swine cells and domestic pigs to SARS-CoV-2,Susceptibility of swine cells and domestic pigs to SARS-CoV-2
t9u566dd,iib77mq9,1.0,Correction.,Correction
mqccs193,qeyibdp2,1.0,Mitteilungen der DGIIN,Verleihung Autorenpreis Der Sacam
77xls33y,qeyibdp2,1.0,Mitteilungen der DGIM,Verleihung Autorenpreis Der Sacam
fho2kble,a2hd6d7s,1.0,Dermatological therapies with relevance to COVID‐19,Dermatological therapies with relevance to COVID-19
hzrp2hr3,zjbvelcv,1.0,Virtual clinical engagement.,Virtual clinical engagement
kpu0v7lg,7raieam7,1.0,Quantification of SARS-CoV-2 antibodies with eight commercially available immunoassays,Quantification of SARS-CoV-2 antibodies with eight commercially available immunoassays
zjrkfe9b,lc5nhtzw,1.0,Invasive and non-invasive mechanical ventilation,Invasive and non-invasive mechanical ventilation
5ixwby3k,0fgbot8a,1.0,Quality of life and mental health in children and adolescents during the first year of the COVID-19 pandemic: results of a two-wave nationwide population-based study,Quality of Life and Mental Health in Children and Adolescents during the First Year of the COVID-19 Pandemic: Results of a Two-Wave Nationwide Population-Based Study
qhpks19f,5ujervdv,1.0,Perceived barriers and facilitators to uptake of non-traditional roles by pharmacists in Saudi Arabia and implications for COVID-19 pandemic and beyond: a qualitative study using Theoretical Domain Framework,Perceived barriers and facilitators to uptake of non-traditional roles by pharmacists in Saudi Arabia and implications for COVID-19 pandemic and beyond: a qualitative study using Theoretical Domain Framework
fyqno9r6,lzrkq3vg,1.0,Prehospital Sinus Node Dysfunction and Asystole in a Previously Healthy Patient With COVID-19.,Prehospital Sinus Node Dysfunction and Asystole in a Previously Healthy Patient with COVID-19
cqglo0s7,95595ar7,1.0,Allergologie in Zeiten von Covid-19,Intensivbehandlung von Schwerverletzten
xp86tt4u,shv0b29r,1.0,Unraveling the stability landscape of mutations in the SARS-CoV-2 receptor-binding domain,Unraveling the stability landscape of mutations in the SARS-CoV-2 receptor-binding domain
9w30i6y5,4aiqkww9,1.0,Contents of Volume 73,Contents of volume 18
xbu0jlpr,vx2as19s,1.0,COVID-19 and Digital Transformation: Developing an Open Experimental Testbed for Sustainable and Innovative Environments (ETSIE) using Fuzzy Cognitive Maps,COVID-19 and Digital Transformation -- Developing an Open Experimental Testbed for Sustainable and Innovative Environments (ETSIE) using Fuzzy Cognitive Maps
d4tu2k7s,nrumr61g,1.0,The COVID-19 pandemic: implications for dental education,The COVID-19 pandemic: implications for dental education
mqccs193,n76k9mzb,1.0,Mitteilungen der DGIIN,Lungenbildgebung in der Niederfeld-Magnetresonanztomographie
77xls33y,n76k9mzb,1.0,Mitteilungen der DGIM,Lungenbildgebung in der Niederfeld-Magnetresonanztomographie
9w30i6y5,nrr17xmu,1.0,Contents of Volume 73,Contents of volume 10
791ifwq9,lyxnx8b2,1.0,Snapshot of a Deadly Embrace: The Caspase-1-GSDMD Interface,Snapshot of a Deadly Embrace: The Caspase-1-GSDMD Interface.
1q6hs49b,ssohrtj2,1.0,Early forecasts of the evolution of the COVID-19 outbreaks and quantitative assessment of the effectiveness of countering measures,Early forecasts of the evolution of the COVID-19 outbreaks and quantitative assessment of the effectiveness of countering measures.
3sdlqzk5,g36c2a8k,1.0,"Effect of evacuation of Japanese residents from Wuhan, China, on preventing transmission of novel coronavirus infection: A modelling study","Effect of evacuation of Japanese residents from Wuhan, China, on preventing transmission of novel coronavirus infection: A modelling study"
z2gj3wh3,kguwkrtx,1.0,Covid-19: BMA demands full death in service benefits for UK doctors.,Covid-19: BMA demands full death in service benefits for UK doctors
m1bax5a5,8cq8p3iy,1.0,Why do we need to revisit the Cold War?,Why do we need to revisit the Cold War?
m9bvntys,3n060djb,1.0,Active smoking and severity of coronavirus disease 2019 (COVID-19): The use of significance testing leads to an erroneous conclusion,Active smoking and severity of coronavirus disease 2019 (COVID-19): the use of significance testing leads to an erroneous conclusion
t9u566dd,w9efniyc,1.0,Correction.,Correction.
6dimdt0t,g43x0hxi,1.0,Suitcase Lab for Rapid Detection of SARS-CoV-2 Based on Recombinase Polymerase Amplification Assay,Suitcase Lab for Rapid Detection of SARS-CoV-2 Based on Recombinase Polymerase Amplification Assay
y4le0sgs,8vgeihgv,1.0,Related elsevier virology titles contents alert,Related elsevier virology titles contents alert
n3jwo0pl,0y3e8ohh,1.0,Custom Deep Neural Network for 3D Covid Chest CT-scan Classification,Custom Deep Neural Network for 3D Covid Chest CT-scan Classification
tfb6pkd0,yj2qpdun,1.0,Going through the lockdown: A longitudinal study on the psychological consequences of the coronavirus pandemic,Going through the lockdown: a longitudinal study on the psychological consequences of the coronavirus pandemic
77xls33y,6cuf1iaa,1.0,Mitteilungen der DGIM,Mitteilungen der DGKFO
77xls33y,nj0p2s2y,1.0,Mitteilungen der DGIM,Mitteilungen der DGIM
mqccs193,nj0p2s2y,1.0,Mitteilungen der DGIIN,Mitteilungen der DGIM
mqccs193,6cuf1iaa,1.0,Mitteilungen der DGIIN,Mitteilungen der DGKFO
t9u566dd,lszro55e,1.0,Correction.,Correction
equfdmek,vc92m5d1,1.0,SARS-CoV-2 infection in K18-ACE2 transgenic mice replicates human pulmonary disease in COVID-19,SARS-CoV-2 infection in K18-ACE2 transgenic mice replicates human pulmonary disease in COVID-19
n84itauf,3r0bavge,1.0,Covid-19: An Urgent Need For A Psychoneuroendocrine Perspective,Covid-19: An Urgent Need For A Psychoneuroendocrine Perspective
p8otpz3y,3r9svdb4,1.0,COVID-19 and global mental health.,COVID-19 and global mental health.
wnup6l1e,nbtgkejz,1.0,What A Year,2020: What Should Have Been Our Year
mqccs193,nrlhfwf2,1.0,Mitteilungen der DGIIN,Mitteilungen der DGRh - Veranstaltungen der Rheumaakademie
77xls33y,nrlhfwf2,1.0,Mitteilungen der DGIM,Mitteilungen der DGRh - Veranstaltungen der Rheumaakademie
9w30i6y5,lhpy3d3p,1.0,Contents of Volume 73,Contents to volume 14
mqccs193,iwq4ugpk,1.0,Mitteilungen der DGIIN,Mitteilungen der DGU
77xls33y,iwq4ugpk,1.0,Mitteilungen der DGIM,Mitteilungen der DGU
t9u566dd,ijx24ujp,1.0,Correction.,Correction
hmyibkez,2hwxqcc4,1.0,Impact of COVID-19 on liver function: results from an internal medicine unit in Northern Italy,Impact of COVID-19 on liver function: results from an internal medicine unit in Northern Italy
9w30i6y5,mpviiypm,1.0,Contents of Volume 73,Contents of volume 46
mqelo9d1,8w0bpu3b,1.0,The effect of manual lymphatic drainage on patient recovery after orthognathic surgery-A qualitative and 3-dimensional facial analysis,The effect of manual lymphatic drainage on patient recovery after orthognathic surgery-A qualitative and 3-dimensional facial analysis.
8ps3ouwz,np3nq8vg,1.0,"Mental Health, Physical Activity, and Quality of Life in Parkinson's Disease During COVID‐19 Pandemic","Mental Health, Physical Activity, and Quality of Life in Parkinson's Disease During COVID-19 Pandemic"
17v3zm4t,df6ktqwe,1.0,"Subthalamic Deep Brain Stimulation Identifies Frontal Networks Supporting Initiation, Inhibition and Strategy Use in Parkinson's Disease: Initiation and Inhibition after STN-DBS for PD","Subthalamic Deep Brain Stimulation Identifies Frontal Networks Supporting Initiation, Inhibition and Strategy Use in Parkinson's Disease: Initiation and Inhibition after STN-DBS for PD."
mqccs193,aflszl0b,1.0,Mitteilungen der DGIIN,Cardiopulmonale Wiederbelebung in Zeiten der COVID-19 Pandemie
mqccs193,yb8rr84w,1.0,Mitteilungen der DGIIN,Mitteilungen der DGINA
77xls33y,aflszl0b,1.0,Mitteilungen der DGIM,Cardiopulmonale Wiederbelebung in Zeiten der COVID-19 Pandemie
77xls33y,yb8rr84w,1.0,Mitteilungen der DGIM,Mitteilungen der DGINA
tk7o7snp,898h9rl1,1.0,Full Issue PDF,Full Issue PDF
fkcbkxkx,zq25tlkm,1.0,In Brief,In Brief
77xls33y,wf9q6iv3,1.0,Mitteilungen der DGIM,Mitteilungen der DGKJ
gsxtsxcr,x6aif09b,1.0,The Price of Political Polarization: Evidence from Municipal Issuers during the Coronavirus Pandemic,The Price of Political Polarization: Evidence from Municipal Issuers during the Coronavirus Pandemic
yia0c5e8,22zj7y2b,1.0,Prediction of anti-COVID 19 therapeutic power of medicinal Moroccan plants using molecular docking,Prediction of Anti-COVID 19 Therapeutic Power of Medicinal Moroccan Plants Using Molecular Docking
mqccs193,wf9q6iv3,1.0,Mitteilungen der DGIIN,Mitteilungen der DGKJ
3kchahyc,84sjhekh,1.0,Introductory paragraph.,Introductory paragraph.
mqccs193,60xvjwsz,1.0,Mitteilungen der DGIIN,Mitteilungen der DVG
t9u566dd,c0a0tk5v,1.0,Correction.,Correction.
gv1jasjt,sngvn067,1.0,"ABO / Rh-D Blood types and susceptibility to Corona Virus Disease-19 in Peshawar, Pakistan","ABO / Rh-D blood types and susceptibility to corona virus disease-19 in Peshawar, Pakistan"
77xls33y,60xvjwsz,1.0,Mitteilungen der DGIM,Mitteilungen der DVG
oaxux5hn,a96qjxhl,1.0,Dexamethasone and Number of Days Alive Without Life Support in Adults With COVID-19 and Severe Hypoxemia,Dexamethasone and Number of Days Alive Without Life Support in Adults With COVID-19 and Severe Hypoxemia.
mqccs193,go1ejczo,1.0,Mitteilungen der DGIIN,Der Fachmann
mqccs193,wmsx2ynt,1.0,Mitteilungen der DGIIN,Mitteilungen der DGU
5trqi9tp,cb66129p,1.0,A systematic review of lopinavir therapy for SARS coronavirus and MERS coronavirus—A possible reference for coronavirus disease‐19 treatment option,A systematic review of lopinavir therapy for SARS coronavirus and MERS coronavirus-A possible reference for coronavirus disease-19 treatment option
77xls33y,wmsx2ynt,1.0,Mitteilungen der DGIM,Mitteilungen der DGU
77xls33y,go1ejczo,1.0,Mitteilungen der DGIM,Der Fachmann
io72ampa,7ozdmb09,1.0,Improving Appropriate Use of Medical Masks for COVID-19 Prevention: The Role of Face Mask Containers,Improving Appropriate Use of Medical Masks for COVID-19 Prevention: The Role of Face Mask Containers
6uxxmts6,stsvjqhu,1.0,In the search of potential epitopes for Wuhan seafood market pneumonia virus using high order nullomers,In the search of potential epitopes for Wuhan seafood market pneumonia virus using high order nullomers
cqglo0s7,3quzlcrp,1.0,Allergologie in Zeiten von Covid-19,DNGK — Forschung in Zeiten von COVID-19
t9u566dd,cc4qimtk,1.0,Correction.,Correction.
t9u566dd,qhpk9svf,1.0,Correction.,Correction
mqccs193,hzbaterg,1.0,Mitteilungen der DGIIN,Mitteilungen der DGRh - Veranstaltungen der Rheumaakademie
mqccs193,bsxc5v3j,1.0,Mitteilungen der DGIIN,Auswirkungen der COVID-19-Pandemie
nu7g8f7v,1xbumk8o,1.0,COVID-19 Pandemic and the Burden of Acute Kidney Injury: The Known and the Unknown.,COVID-19 Pandemic and the Burden of Acute Kidney Injury: The Known and the Unknown
z0y54kgj,kouteiur,1.0,Endovascular Thrombectomy for Large Vessel Occlusions in Covid-19 Patients: Technical Challenges and Lessons,Endovascular Thrombectomy for Large Vessel Occlusions in Covid-19 Patients: Technical Challenges and Lessons
2nqvori1,vw85n0wx,1.0,Covid-19: Surveys indicate low infection level in community.,Covid-19: Surveys indicate low infection level in community
77xls33y,bsxc5v3j,1.0,Mitteilungen der DGIM,Auswirkungen der COVID-19-Pandemie
77xls33y,hzbaterg,1.0,Mitteilungen der DGIM,Mitteilungen der DGRh - Veranstaltungen der Rheumaakademie
pgfdy23h,3oadkg7k,1.0,The impact of persistent bacterial bronchitis on the pulmonary microbiome of children,The impact of persistent bacterial bronchitis on the pulmonary microbiome of children
p6p3vbl6,j2c94ljr,1.0,POSTER PRESENTATIONS,Poster Presentations
m7aot6td,66qowuvy,1.0,Effects of Inhaled Nitric Oxide in COVID-19 induced ARDS - is it worthwhile?,Effects of inhaled nitric oxide in COVID‐19‐induced ARDS—Is it worthwhile?
jusd84f8,u1qo37mf,1.0,Tobacco smoking a potential risk factor in transmission of COVID-19 infection,Tobacco Smoking a Potential Risk Factor in Transmission of COVID-19 Infection
kl5mf789,ih2yzxi1,1.0,"Use of eHealth Platforms and Apps to Support Monitoring and Management of Home-Quarantined Patients With COVID-19 in the Province of Trento, Italy: App Development and Implementation","Use of eHealth Platforms and Apps to Support Monitoring and Management of Home-Quarantined Patients With COVID-19 in the Province of Trento, Italy: App Development and Implementation"
lxn0akep,4rnfzv4k,1.0,A Case of Postpartum Maternal Death with COVID-19 in the West of Iran,A case of postpartum maternal death with COVID-19 in the west of Iran
drlvvqe5,pjqq160d,1.0,Original Article Highlights From This Issue,Original Article Highlights From This Issue
mqccs193,pf07lqrv,1.0,Mitteilungen der DGIIN,Mitteilungen der DGRh - Veranstaltungen der Rheumaakademie
tk7o7snp,8b78duir,1.0,Full Issue PDF,Full Issue PDF
w0oz6vjq,evxpbjiu,1.0,18F-FDG PET/CT in asymptomatic patients with COVID-19: the submerged iceberg surfaces,(18)F-FDG PET/CT in asymptomatic patients with COVID-19: the submerged iceberg surfaces
77xls33y,pf07lqrv,1.0,Mitteilungen der DGIM,Mitteilungen der DGRh - Veranstaltungen der Rheumaakademie
77xls33y,wr9uokky,1.0,Mitteilungen der DGIM,Mitteilungen der DGG
9t6mtqja,wggh3w57,1.0,"Intensive and pharmacological care in times of COVID-19: A ""special ethics"" for emergency?",Intensive and pharmacological care in times of COVID-19: A “special ethics” for emergency?
mqccs193,wr9uokky,1.0,Mitteilungen der DGIIN,Mitteilungen der DGG
1np3c68m,xprrxvks,1.0,The Human Touch — Addressing Health Care’s Workforce Problem amid the Pandemic,The Human Touch - Addressing Health Care's Workforce Problem amid the Pandemic.
tk7o7snp,akn8ccrn,1.0,Full Issue PDF,Full Issue PDF.
t9u566dd,2xsjxjml,1.0,Correction.,Correction
t9u566dd,kicx3y2b,1.0,Correction.,Correction
4p8jqe0o,nsj9fkvh,1.0,"'In software, the name of the game is innovation'","'In software, the name of the game is innovation'."
9w30i6y5,o3i659r1,1.0,Contents of Volume 73,Contents of volume 2
038jwrdw,jguqcyid,1.0,Contract cheating by STEM students through a file sharing website: a Covid-19 pandemic perspective,Contract cheating by STEM students through a file sharing website: a Covid-19 pandemic perspective
huivfjt2,wu2xmcj2,1.0,Sharpening of medical undergraduates’ minds under COVID-19 crisis,Sharpening of medical undergraduates' minds under COVID-19 crisis
r81bgal1,e8h85dac,1.0,COVID-19: Implications on dental profession and precautionary guidelines,COVID-19: Implications on dental profession and precautionary guidelines
umkou7ie,ile2md92,1.0,The Role of Antibody Testing for SARS-CoV-2: Is There One?,The Role of Antibody Testing for SARS-CoV-2: Is There One?
stjwabw8,z1witqwb,1.0,Temporary reduction in air pollution due to anthropogenic activity switch-off during COVID-19 lockdown in northern parts of India,Temporary reduction in air pollution due to anthropogenic activity switch-off during COVID-19 lockdown in northern parts of India
p67ubrjp,dzlnxtyf,1.0,Contact Tracing: A Memory Task With Consequences for Public Health,Contact Tracing: A Memory Task With Consequences for Public Health.
vqbi420w,gk9nlapf,1.0,Mitteilungen der ÖGKJ,Mitteilungen der DGIIN
bvizt1nn,n45v1zbd,1.0,Successful Treatment of Suspected Donor-derived Human Herpesvirus-8 Infection in a Liver Transplant Patient With Coronavirus Disease-19.,Successful Treatment of Suspected Donor-derived Human Herpesvirus-8 Infection in a Liver Transplant Patient With Coronavirus Disease-19
r2cqzqlj,8lb6sub5,1.0,Barriers to Optimizing Teledentistry During COVID-19 Pandemic,Barriers to Optimizing Teledentistry During COVID-19 Pandemic.
gl499gci,95wli923,1.0,Acute smell and taste loss in outpatients: all infected with SARS-CoV-2?,Acute smell and taste loss in outpatients: all infected with SARS-CoV-2?
gsa6tmlk,jc1q0xze,1.0,Hydroxychloroquine serum concentrations in non-critical care patients infected with SARS-CoV-2,Hydroxychloroquine serum concentrations in non-critical care patients infected with SARS-CoV-2
vqbi420w,hywu3lsp,1.0,Mitteilungen der ÖGKJ,Klinischer Ultraschall in der Nephrologie
0lmv9qcf,ynddexup,1.0,Applications of telemedicine in the supply and distribution of COVID-19 vaccines in Africa,Applications of telemedicine in the supply and distribution of COVID-19 vaccines in Africa
mkm1jr6u,xn6b5bjv,1.0,"A new COVID-19 prediction scoring model for in-hospital mortality: experiences from Turkey, single center retrospective cohort analysis","A new COVID-19 prediction scoring model for in-hospital mortality: experiences from Turkey, single center retrospective cohort analysis."
ba9d3vau,c1ex06kf,1.0,"Atypical presentations in the hospitalised older adult testing positive for SARS-CoV-2: a retrospective observational study in Glasgow, Scotland","Atypical presentations in the hospitalised older adult testing positive for SARS-CoV-2: a retrospective observational study in Glasgow, Scotland"
vqbi420w,qeyibdp2,1.0,Mitteilungen der ÖGKJ,Verleihung Autorenpreis Der Sacam
e83e82mx,3n8o54fm,1.0,"In silico analysis of altered expression of long non-coding RNA in SARS-CoV-2 infected cells and their possible regulation by STAT1, STAT3 and interferon regulatory factors","In silico analysis of altered expression of long non-coding RNA in SARS-COV-2 infected cells and their possible regulation by STAT1, STAT3 and interferon regulatory factors"
j4hkwfv3,qfq7drbx,1.0,280 Boucebacks during the Covid-19 Pandemic,COVID-19 Pandemic and JBJS
9ke7jxag,97asrmyt,1.0,Temporal clustering of disorder events during the COVID-19 pandemic,Temporal Clustering of Disorder Events During the COVID-19 Pandemic
63d4b8je,h0q93in1,1.0,The global population of SARS-CoV-2 is composed of six major subtypes,The global population of SARS-CoV-2 is composed of six major subtypes
fx64fhob,07vql51z,1.0,"Natural Products, Alone or in Combination with FDA-Approved Drugs, to Treat COVID-19 and Lung Cancer","Natural Products, Alone or in Combination with FDA-Approved Drugs, to Treat COVID-19 and Lung Cancer"
hri20nmx,klgqmzwf,1.0,"Virtual reality, e-learning, and global cardiac surgical capacity-building","Virtual reality, e-learning, and global cardiac surgical capacity-building."
bl04mr25,grzp0beg,1.0,Comparison of COVID-19 Infections Among Healthcare Workers and Non-Healthcare Workers,Comparison of COVID-19 infections among healthcare workers and non-healthcare workers
0xl39rtu,my0jgk7s,1.0,Central Apnoeas and Ticagrelor Related Dyspnoea in Patients with Acute Coronary Syndrome.,Central Apnoeas and Ticagrelor Related Dyspnoea in Patients with Acute Coronary Syndrome
8568fq71,ufe8kmgm,1.0,SARS-CoV-2: A Canary in the Coal Mine for Public Safety Net Hospitals,SARS-CoV-2: A Canary in the Coal Mine for Public Safety Net Hospitals
dhsniglo,9bdiz5pz,1.0,People + Companies,People + Companies
vqbi420w,n76k9mzb,1.0,Mitteilungen der ÖGKJ,Lungenbildgebung in der Niederfeld-Magnetresonanztomographie
1osgaf1v,0h08vloz,1.0,MRI Evaluation of the Olfactory Clefts in Patients with SARS-CoV-2 Infection Revealed an Unexpected Mechanism for Olfactory Function Loss,MRI evaluation of the olfactory clefts in patients with SARS-CoV-2 infection revealed an unexpected mechanism for olfactory function loss.
qtx937aa,v3pem9xc,1.0,In This Issue: Graphical Abstracts.,In This Issue: Graphical Abstracts.
yy1dmrfw,gubjezby,1.0,The Hang Up,The Hang Up.
wo15tevm,ummb94yh,1.0,Increased vulnerability to COVID-19 in chronic kidney disease,Increased vulnerability to COVID‐19 in chronic kidney disease
j4hkwfv3,his6k7gn,1.0,280 Boucebacks during the Covid-19 Pandemic,Pandemia COVID-19/ COVID-19 pandemic
91qx5qge,raa6tjny,1.0,“Seconds save lives—clean your hands”: the 5 May 2021 World Health Organization SAVE LIVES: Clean Your Hands campaign,“Seconds save lives – clean your hands”: the 5 May 2021 World Health Organization SAVE LIVES: Clean Your Hands campaign
7nebvv15,k8ppjv3m,1.0,Cisatracurium dosing requirements in COVID-19 compared to non-COVID-19 patients,Cisatracurium Dosing Requirements in Covid-19 Compared to Non-covid-19 Patients
qtx937aa,yae5imp5,1.0,In This Issue: Graphical Abstracts.,In This Issue: Graphical Abstracts.
s8s8w8il,5zclxuf1,1.0,Self-screening to reduce medical resource consumption facing the COVID-19 pandemic,Self-screening to reduce medical resource consumption facing the COVID-19 pandemic
qpe5u43q,4j2ndqm4,1.0,National Sample Vital Registration System: A sustainable platform for COVID-19 and other infectious diseases surveillance in low and middle-income countries,National Sample Vital Registration System: A sustainable platform for COVID-19 and other infectious diseases surveillance in low and middle-income countries
ez1iby7y,y6fbt11u,1.0,Questioning the Futility of Cardiopulmonary Resuscitation in Patients With Severe Coronavirus Disease 2019,Questioning the Futility of Cardiopulmonary Resuscitation in Patients With Severe Coronavirus Disease 2019
p772n5ky,m56xx5zq,1.0,The Diversity of Symbiotic Systems in Scale Insects.,The Diversity of Symbiotic Systems in Scale Insects
jbapbnkd,q5deppo0,1.0,COVID-19 and Orthopaedic International Humanitarianism,COVID-19 and Orthopaedic International Humanitarianism
skn1s441,zeqax0il,1.0,Risk mitigating behaviours in people with inflammatory skin and joint disease during the COVID-19 pandemic differ by treatment type: a cross-sectional patient survey,Risk mitigating behaviours in people with inflammatory joint and skin disease during the COVID-19 pandemic differ by treatment type: a cross-sectional patient survey
543byijn,hdv0b8az,1.0,Intravenous Immunoglobulin Plus Methylprednisolone Mitigate Respiratory Morbidity in Coronavirus Disease 2019,Intravenous Immunoglobulin Plus Methylprednisolone Mitigate Respiratory Morbidity in Coronavirus Disease 2019
bw4803nu,xgyi85ru,1.0,KN95 filtering facepiece respirators distributed in South Africa fail safety testing protocols,KN95 filtering facepiece respirators distributed in South Africa fail safety testing protocols.
1creea5k,0edfdopt,1.0,Modification to Neurology Residency Training: The Toronto Neurology COVID-19 Pandemic Experience,Modification to Neurology Residency Training: The Toronto Neurology COVID-19 Pandemic Experience.
vqbi420w,6cuf1iaa,1.0,Mitteilungen der ÖGKJ,Mitteilungen der DGKFO
3whnl9lo,40ae84vl,1.0,Accuracy or efficiency? Striking the balance for your chest pain pathway.,Accuracy or efficiency? Striking the balance for your chest pain pathway
vqbi420w,nj0p2s2y,1.0,Mitteilungen der ÖGKJ,Mitteilungen der DGIM
p9mztqw3,p2pmqi23,1.0,COVID-19 infection diagnosis incidentally in orthopedic trauma patients: Report of six cases,COVID-19 Infection Diagnosis Incidentally in Orthopedic Trauma Patients: Report of Six Cases
cmjefr4a,x38o0uzv,1.0,Use of Twitter social media activity as a proxy for human mobility to predict the spatiotemporal spread of COVID-19 at global scale,Use of Twitter social media activity as a proxy for human mobility to predict the spatiotemporal spread of COVID-19 at global scale.
njmdf9vi,rlzdjaew,1.0,Performance characteristics of five immunoassays for SARS-CoV-2: a head-to-head benchmark comparison,Performance characteristics of five immunoassays for SARS-CoV-2: a head-to-head benchmark comparison
vqbi420w,nrlhfwf2,1.0,Mitteilungen der ÖGKJ,Mitteilungen der DGRh - Veranstaltungen der Rheumaakademie
tnscwene,a7fs13me,1.0,Autopsy assessment of pediatric head injury: a proposal for aerosol mitigation during the COVID-19 pandemic,Autopsy assessment of pediatric head injury: a proposal for aerosol mitigation during the COVID-19 pandemic
il4nvea2,hkptirbo,1.0,The Impact of COVID-19 on Older Adults: Results from an Annual Survey,The Impact of COVID-19 on Older Adults: Results from an Annual Survey
vqbi420w,iwq4ugpk,1.0,Mitteilungen der ÖGKJ,Mitteilungen der DGU
cgfa0sps,5ueglcsh,1.0,COVID-19 and cancer in the United States,COVID-19 and cancer in the United States.
vlos3szl,lsiw77dn,1.0,The negative impact of most relevant infections on fertility and Assisted Reproduction Technology.,The negative impact of most relevant infections on fertility and Assisted Reproduction Technology
490nt1r4,vwhzmz3c,1.0,Molecules Against Covid-19: An In Silico Approach for Drug Development,Molecules Against Covid-19: An In Silico Approach for Drug Development
7nebvv15,j5tsp0au,1.0,Cisatracurium dosing requirements in COVID-19 compared to non-COVID-19 patients,Cisatracurium Dosing Requirements in COVID-19 Compared to Non-COVID-19 Patients
9b7sruy3,pkf30x14,1.0,What the HEC happens around the heart during COVID-19?,What the HEC happens around the heart during COVID-19?
8uv39au0,8slg3bdb,1.0,"COVID-19, Mast Cells, Cytokine Storm, Psychological Stress, and Neuroinflammation","COVID-19, Mast Cells, Cytokine Storm, Psychological Stress, and Neuroinflammation."
8at5cqrv,mx28nqty,1.0,Physicians’ and Nurses’ Knowledge in Palliative Care: Multidimensional Regression Models,Physicians' and Nurses' Knowledge in Palliative Care: Multidimensional Regression Models
6ys4iuob,dn3hvqng,1.0,A Tumor-Specific Super-Enhancer Drives Immune Evasion by Guiding Synchronous Expression of PD-L1 and PD-L2.,A Tumor-Specific Super-Enhancer Drives Immune Evasion by Guiding Synchronous Expression of PD-L1 and PD-L2
vqbi420w,aflszl0b,1.0,Mitteilungen der ÖGKJ,Cardiopulmonale Wiederbelebung in Zeiten der COVID-19 Pandemie
vqbi420w,yb8rr84w,1.0,Mitteilungen der ÖGKJ,Mitteilungen der DGINA
oxtf314m,nr6a6cuf,1.0,The impact of COVID‐19 on Karachi stock exchange: Quantile‐on‐quantile approach using secondary and predicted data,The impact of COVID-19 on Karachi stock exchange: Quantile-on-quantile approach using secondary and predicted data
20f2yl12,zwz0sbat,1.0,Baseline cardiometabolic profiles and SARS-CoV-2 infection in the UK Biobank,Baseline cardiometabolic profiles and SARS-CoV-2 infection in the UK Biobank
6p4kkgp4,oi8ls8to,1.0,Human Vaccines & Immunotherapeutics: news.,Human vaccines & immunotherapeutics: news.
h4n8f0nz,b5k407kv,1.0,"COVID-19: Knowledge, Perception of Risk, Preparedness and Vaccine Acceptability among Healthcare Workers in Kenya","COVID-19: Knowledge, Perception of Risk, Preparedness and Vaccine Acceptability among Healthcare Workers in Kenya"
vqbi420w,wf9q6iv3,1.0,Mitteilungen der ÖGKJ,Mitteilungen der DGKJ
lfheang5,jrvwnghu,1.0,Detection of SARS-CoV-2 in fecal samples with different pretreatment methods and PCR kits,Detection of SARS-CoV-2 in fecal samples with different pretreatment methods and PCR kits
2v9momx5,jvmlkhp7,1.0,COVID-19 Prediction Models Need Robust and Transparent Development,COVID-19 Prediction Models Need Robust and Transparent Development
vqbi420w,60xvjwsz,1.0,Mitteilungen der ÖGKJ,Mitteilungen der DVG
dhsniglo,wm7yrtrw,1.0,People + Companies,People + Companies
vqbi420w,wmsx2ynt,1.0,Mitteilungen der ÖGKJ,Mitteilungen der DGU
y47lpew6,983twlli,1.0,The IL-17 receptor IL-17RE mediates polyIC-induced exacerbation of experimental allergic asthma,The IL-17 receptor IL-17RE mediates polyIC-induced exacerbation of experimental allergic asthma.
vqbi420w,go1ejczo,1.0,Mitteilungen der ÖGKJ,Der Fachmann
j54yldlr,s7jykc5t,1.0,Optimal dosing & time: Issues to get hydroxychloroquine safety & efficacy against COVID-19/SARS-CoV-2,Optimal dosing & time: Issues to get hydroxychloroquine safety & efficacy against COVID-19/SARS-CoV-2
zgzjl8uy,ka7nvqcc,1.0,Psychological health during the coronavirus disease 2019 pandemic outbreak,Psychological health during the coronavirus disease 2019 pandemic outbreak
j4hkwfv3,onyl6krv,1.0,280 Boucebacks during the Covid-19 Pandemic,[The COVID-19 pandemic]
d5gdenzr,sa9ba131,1.0,Miller Fisher syndrome associated with COVID-19: an up-to-date systematic review,Miller Fisher syndrome associated with COVID-19: an up-to-date systematic review
w3cnstj1,cf9jiext,1.0,Evaluation of the Immune Response Induced by CoronaVac 28-Day Schedule Vaccination in a Healthy Population Group,Evaluation of the Immune Response Induced by CoronaVac 28-Day Schedule Vaccination in a Healthy Population Group
36c3ryi7,jwvz0ydj,1.0,The Impact of Post-COVID-19 Syndrome on Self-Reported Physical Activity,The Impact of Post-COVID-19 Syndrome on Self-Reported Physical Activity
gq5hcc7i,a071vpo5,1.0,Facile and low-cost fabrication of humidity sensor using naturally available sepiolite nanofibers,Facile and low-cost fabrication of humidity sensor using naturally available sepiolite nanofibers.
flmfks6c,bsygwur9,1.0,SARS-CoV-2 variants of concern exhibit reduced sensitivity to live-virus neutralization in sera from CoronaVac vaccinees and naturally infected COVID-19 patients,SARS-CoV-2 variants of concern exhibit reduced sensitivity to live-virus neutralization in sera from CoronaVac vaccinees and naturally infected COVID-19 patients
75qt2c9e,nchathmn,1.0,Waning COVID-19 Vaccine Effectiveness for BNT162b2 and CoronaVac in Malaysia: An Observational Study,Waning COVID-19 Vaccine Effectiveness for BNT162b2 and CoronaVac in Malaysia: An Observational Study
g1vyd7jz,qce7g5nc,1.0,Akute Gastroenteritis und postenteritisches Syndrom,Akute Gastroenteritis und postenteritisches Syndrom
6p4kkgp4,l7r5uar8,1.0,Human Vaccines & Immunotherapeutics: news.,Human Vaccines & Immunotherapeutics: news
aicl6iy4,gre8krsp,1.0,At a crossroads: coronavirus disease 2019 recovery and the risk of pulmonary vascular disease,At a crossroads: coronavirus disease 2019 recovery and the risk of pulmonary vascular disease.
hvodqjxu,pg9cehnt,1.0,Lung Ultrasound for Respiratory Failure in Acutely Ill Patients: A Review,Lung Ultrasound for Respiratory Failure in Acutely Ill Patients: A Review
dkwwkujb,878ji4kf,1.0,Variations in Circadian Rhythmicity and Students' Gender-Related Psychological Conditions during the COVID-19 Lockdown,Variations in Circadian Rhythmicity and Students’ Gender-Related Psychological Conditions during the COVID-19 Lockdown
vqbi420w,hzbaterg,1.0,Mitteilungen der ÖGKJ,Mitteilungen der DGRh - Veranstaltungen der Rheumaakademie
vqbi420w,bsxc5v3j,1.0,Mitteilungen der ÖGKJ,Auswirkungen der COVID-19-Pandemie
qw3zy9g0,lqlz0wg3,1.0,Advanced-glycation end-products axis: A contributor to the risk of severe illness from COVID-19 in diabetes patients,Advanced-glycation end-products axis: A contributor to the risk of severe illness from COVID-19 in diabetes patients
jsf404ws,ifkhfnc3,1.0,Estimating the State of Epidemics Spreading with Graph Neural Networks,Estimating the state of epidemics spreading with graph neural networks
2ukf3o5j,7t8ofg47,1.0,National survey on the treatment of cholelitiasis in Spain during the initial period of the COVID-19 pandemic,National survey on the treatment of cholelitiasis in Spain during the initial period of the COVID-19 pandemic()
maxlfz8r,9oel8ym5,1.0,"Urticarial eruption in coronavirus disease 2019 infection: a case report in Tangerang, Indonesia","Urticarial eruption in coronavirus disease 2019 infection: a case report in Tangerang, Indonesia"
u6otgqtv,texr5i1j,1.0,"Medical treatment of 55 patients with COVID-19 from seven cities in northeast China who fully recovered: A single-center, retrospective, observational study","Medical treatment of 55 patients with COVID-19 from seven cities in northeast China who fully recovered: A single-center, retrospective, observational study"
a2uqy1ud,9u5g3fwf,1.0,Environmental Noise in New York City Long-Term Care Facilities: A Window into the COVID-19 Pandemic,Environmental Noise in New York City Long Term Care Facilities: A Window into the COVID-19 Pandemic
gdm1g6e6,cgmc62fr,1.0,How should our testing behaviour change with time in children in current COVID-19 pandemic?,How should our testing behaviour change with time in children in current COVID‐19 pandemic?
ynmdx0nh,yxks2xxx,1.0,The preventive measures adopted during dental practice by the dentists in a low-income country to prevent the transmission of COVID-19: a questionnaire-based survey,The preventive measures adopted during dental practice by the dentists in a low-income country to prevent the transmission of COVID-19: A questionnaire-based survey
s6ag9gt4,1vfmjjgs,1.0,Covid-19: environmental health officers and retired doctors step up to fill contact tracing void.,Covid-19: environmental health officers and retired doctors step up to fill contact tracing void
pzssc5z8,5ugl6hgm,1.0,"Feds sign off on mixing and matching COVID-19 vaccines, but evidence gaps remain","Feds sign off on mixing and matching COVID-19 vaccines, but evidence gaps remain"
dbw80b92,1fkxg6rg,1.0,Clinical determinants of the severity of COVID-19: A systematic review and meta-analysis,Clinical determinants of the severity of COVID-19: A systematic review and meta-analysis
vqbi420w,pf07lqrv,1.0,Mitteilungen der ÖGKJ,Mitteilungen der DGRh - Veranstaltungen der Rheumaakademie
ur0zble5,m5uuj43d,1.0,"Spanish consensus document on diagnosis, stabilisation and treatment of pediatric multisystem inflammatory syndrome related to SARS-CoV-2 (SIM-PedS)()","[Spanish consensus document on diagnosis, stabilisation and treatment of pediatric multisystem inflammatory syndrome related to SARS-CoV-2 (SIM-PedS)]"
xy4xkjjg,5eefbw0j,1.0,Emergency medical services personnel awareness and training about personal protective equipment during the COVID-19 pandemic.,Emergency medical services personnel awareness and training about personal protective equipment during the COVID-19 pandemic
zt85ye2e,iomfgmr0,1.0,The new scope of virus taxonomy: partitioning the virosphere into 15 hierarchical ranks,The new scope of virus taxonomy: partitioning the virosphere into 15 hierarchical ranks
vqbi420w,wr9uokky,1.0,Mitteilungen der ÖGKJ,Mitteilungen der DGG
wk71poh1,eaxl0m4t,1.0,Population-based Oral Cancer Service Screening Disrupted by COVID-19 Pandemic: Observational and Simulation Study,Population-based Oral Cancer Service Screening Disrupted by COVID-19 Pandemic: Observational and Simulation Study
e11dlyci,vhfk6uhd,1.0,Thailand tightens covid-19 rules.,Thailand tightens covid-19 rules
baei4pve,8yt0vv0f,1.0,Community pharmacy response to infection control during COVID-19. A cross-sectional survey,Community Pharmacy Response to Infection Control during COVID-19. A Cross-Sectional Survey
dhsniglo,6uvm25og,1.0,People + Companies,People + Companies
r90cey5x,bg2bo2v3,1.0,Investigating the evolutionary origins of the first three SARS-CoV-2 variants of concern,Investigating the evolutionary origins of the first three SARS-CoV-2 variants of concern
vya9q9eb,sz461g8w,1.0,"A Glimpse of the First Eight Months of the COVID-19 Literature on Microsoft Academic Graph: Themes, Citation Contexts, and Uncertainties","A Glimpse of the First Eight Months of the COVID-19 Literature on Microsoft Academic Graph: Themes, Citation Contexts, and Uncertainties"
wglxa801,fhihq2fe,1.0,COVID-19 and Ophthalmologic Education: A Call to Innovate,COVID-19 and Ophthalmologic Education: A Call to Innovate
erabumfn,pwvpk4c8,1.0,In Silico Exploration of Phytoconstituents From Phyllanthus emblica and Aegle marmelos as Potential Therapeutics Against SARS-CoV-2 RdRp,In silico exploration of phytoconstituents from Phyllanthus emblica and Aegle marmelos as potential therapeutics against SARS-CoV-2 RdRp
gk9nlapf,hywu3lsp,1.0,Mitteilungen der DGIIN,Klinischer Ultraschall in der Nephrologie
m8e41gyf,p6469kp0,1.0,Editorial.,Editorial.
yje4bmhx,iz0qkumc,1.0,Impact of Severe Acute Respiratory Syndrome Coronavirus 2 (SARS-CoV-2) in the Nervous System: Implications of COVID-19 in Neurodegeneration,Impact of Severe Acute Respiratory Syndrome Coronavirus 2 (SARS-CoV-2) in the Nervous System: Implications of COVID-19 in Neurodegeneration
0uelb1vf,x0fe7ej0,1.0,Neuroinvasion of SARS-CoV-2 may play a role in the breakdown of the respiratory center of the brain,Neuroinvasion of SARS-CoV-2 may play a role in the breakdown of respiratory center of the brain.
nrdz3eaw,jh1n7b9e,1.0,Modifications to the delivery of NHS face-to-face general practice consultations during the COVID-19 pandemic in England,Modifications to the delivery of NHS face-to-face general practice consultations during the COVID-19 pandemic in England
cpz2agsg,sn0lyhyb,1.0,CPAS: the UK's national machine learning-based hospital capacity planning system for COVID-19,CPAS: the UK's National Machine Learning-based Hospital Capacity Planning System for COVID-19
ophfm65b,ea43nu57,1.0,Should Deep Brain Stimulation Programs Be Halted During the COVID-19 Pandemic? Balancing the Risk of COVID-19 Infection Against the Survival Benefits of DBS,Should Deep Brain Stimulation Programs Be Halted During the COVID-19 Pandemic? Balancing the Risk of COVID-19 Infection Against the Survival Benefits of DBS
mg2i8p54,1akx42f2,1.0,Agri‐Food Extracts Effectiveness in Improving Antibacterial and Antiviral Properties of Face Masks: A Proof‐of‐Concept Study,Agri‐Food Extracts Effectiveness in Improving Antibacterial and Antiviral Properties of Face Masks: A Proof‐of‐Concept Study
m8e41gyf,j6qvoict,1.0,Editorial.,Editorial – COVID‐19
m8e41gyf,jk1pb19l,1.0,Editorial.,Editorial.
yxxg3v8x,6klurh6a,1.0,Addressing Burnout: Symptom Management Versus Treating the Cause,Addressing Burnout: Symptom Management Versus Treating the Cause
j5dokpr3,8g0bqsbp,1.0,Suppression of the genes responsible for transporting hydrophobic pollutants leads to the production of safer crops.,Suppression of the genes responsible for transporting hydrophobic pollutants leads to the production of safer crops
gk9nlapf,qeyibdp2,1.0,Mitteilungen der DGIIN,Verleihung Autorenpreis Der Sacam
wu5aj6ay,ax9oy4im,1.0,A rapid screening model for early predicting novel coronavirus pneumonia in Zhejiang Province of China: a multicenter study,A rapid screening model for early predicting novel coronavirus pneumonia in Zhejiang Province of China: A Multicenter Study
letmo1fd,4i56f511,1.0,Mental Health Utilization in Children in the time of COVID-19,Mental Health Utilization in Children in the time of COVID-19
6ikrh2zs,1w22wmns,1.0,"Call for emergency action to limit global temperature increases, restore biodiversity and protect health","Call for emergency action to limit global temperature increases, restore biodiversity and protect health"
d4qizisi,r5qp7iwd,1.0,Experimental characterization of a novel soft polymer heat exchanger for wastewater heat recovery,Experimental characterization of a novel soft polymer heat exchanger for wastewater heat recovery
hctbvs94,qacn410d,1.0,Autoantibodies Stabilize Neutrophil Extracellular Traps in COVID-19,Autoantibodies stabilize neutrophil extracellular traps in COVID-19
g8ln90lz,1itkwevi,1.0,"The ups and downs of daily life during COVID-19: Age differences in affect, stress, and positive events","The ups and downs of daily life during COVID-19: Age differences in affect, stress, and positive events"
v055nod1,4aiqkww9,1.0,Contents of volume 11,Contents of volume 18
pfb3l2u3,ydrkgerk,1.0,Antecedent Immunosuppressive Therapy for Immune-Mediated Inflammatory Diseases in the Setting of a COVID-19 Outbreak,Antecedent immunosuppressive therapy for immune-mediated inflammatory diseases in the setting of a COVID-19 outbreak
xe1rfnp0,qq2csrxq,1.0,Covid-19-vaccine-pfizer-biontech: Biphasic anaphylaxis: case report,Covid-19-vaccine-pfizer-biontech: Biphasic anaphylaxis: case report
z8mwzmf6,y3c20o6c,1.0,In Response,In response.
x0llqywx,ssmj52uz,1.0,Update Alert 6: Epidemiology of and Risk Factors for Coronavirus Infection in Health Care Workers,Update Alert 3: Epidemiology of and Risk Factors for Coronavirus Infection in Health Care Workers
zqa6urmx,albo6u6p,1.0,Associations between sociodemographic factors and physical activity and sedentary behaviors in adults with chronic diseases during COVID-19 pandemic,Associations between sociodemographic factors and physical activity and sedentary behaviors in adults with chronic diseases during COVID-19 pandemic
ghvavfi5,zoz4ndgv,1.0,"Identification, Isolation, and Characterization of Fibro-Adipogenic Progenitors (FAPs) and Myogenic Progenitors (MPs) in Skeletal Muscle in the Rat","Identification, Isolation, and Characterization of Fibro-Adipogenic Progenitors (FAPs) and Myogenic Progenitors (MPs) in Skeletal Muscle in the Rat."
o164ty6y,5e9wrdq2,1.0,Daily briefing: A protein on the surface of the coronavirus might explain why it is so contagious,Daily briefing: A protein on the surface of the coronavirus might explain why it is so contagious.
4jbv4arj,7huqxige,1.0,A CROSS-SECTIONAL SURVEY ON THE IMPACT OF CORONAVIRUS DISEASE 19 (COVID-19) ON THE CLINICAL PRACTICE OF ENDODONTISTS ACROSS THE UNITED STATES,A Cross-sectional Survey on the Impact of Coronavirus Disease 2019 on the Clinical Practice of Endodontists across the United States
d8a7yseg,p4y0sgsi,1.0,Tozinameran: Lack of efficacy: case report,Tozinameran: Lack of efficacy: case report
gk9nlapf,n76k9mzb,1.0,Mitteilungen der DGIIN,Lungenbildgebung in der Niederfeld-Magnetresonanztomographie
v055nod1,nrr17xmu,1.0,Contents of volume 11,Contents of volume 10
qjxdggz3,zw9qdj6v,1.0,Pulmonary Rehabilitation: Time for an Upgrade,Pulmonary rehabilitation: Time for an upgrade
1slu7lbp,r5ub9bqv,1.0,Incidence of emergency calls and out-of-hospital cardiac arrest deaths during the COVID-19 pandemic: findings from a cross-sectional study in a UK ambulance service,Incidence of emergency calls and out-of-hospital cardiac arrest deaths during the COVID-19 pandemic: findings from a cross-sectional study in a UK ambulance service.
pj5iji42,ue4xbpha,1.0,Covid-19 in Italy: A Lesson to be Learned.,Covid-19 in Italy: A Lesson to be Learned
qqsvftf8,0d8j7cuu,1.0,Popular Attitudes Toward the Distribution of Vaccines Against COVID-19: The Swiss Case,Popular Attitudes Toward the Distribution of Vaccines Against COVID‐19: The Swiss Case
kvrmxhip,tpji4q0k,1.0,COVID-19: a primer for the rheumatologist: management of patients and care settings,COVID-19: a primer for the rheumatologist: management of patients and care settings.
k0p3s63s,9d2xbnpc,1.0,County-level longitudinal clustering of COVID-19 mortality to incidence ratio in the United States,County-level longitudinal clustering of COVID-19 mortality to incidence ratio in the United States
f6qut1ig,oty0nyo1,1.0,The impact of COVID-19 restrictions on older adults' loneliness: Evidence from high-frequency panel data,The impact of COVID-19 restrictions on older adults' loneliness: Evidence from high-frequency panel data
m8e41gyf,or3qd9cw,1.0,Editorial.,Editorial.
n8kgw9mp,b6mpcl4d,1.0,Microencapsulated Wharton Jelly-derived adult mesenchymal stem cells as a potential new therapeutic tool for patients with COVID-19 disease: an in vitro study.,Microencapsulated wharton jelly-derived adult mesenchymal stem cells as a potential new therapeutic tool for patients with covid-19 disease: An in vitro study
m8e41gyf,kxu10k7j,1.0,Editorial.,Editorial.
3blkqgdn,yn6a6wl3,1.0,SnapshotDx Quiz: August 2020,SnapshotDx Quiz: August 2020.
gi8qp3av,cb70u3bf,1.0,"Awareness of, Beliefs about, Practices of, and Barriers to Teledentistry among Dental Students and the Implications for Saudi Arabia Vision 2030 and Coronavirus Pandemic","Awareness of, beliefs about, practices of, and barriers to teledentistry among dental students and the implications for Saudi Arabia Vision 2030 and coronavirus pandemic"
6ikrh2zs,0arxn9s5,1.0,"Call for emergency action to limit global temperature increases, restore biodiversity and protect health","Call for emergency action to limit global temperature increases, restore biodiversity, and protect health"
zu78zv8v,s6lipk1x,1.0,Statement on Racial Equality,Statement on Racial Equality.
m8e41gyf,boz9lf7g,1.0,Editorial.,Editorial 2020
6ikrh2zs,e8qht1zc,1.0,"Call for emergency action to limit global temperature increases, restore biodiversity and protect health","Call for emergency action to limit global temperature increases, restore biodiversity, and protect health"
6ikrh2zs,j096a4r2,1.0,"Call for emergency action to limit global temperature increases, restore biodiversity and protect health","Call for emergency action to limit global temperature increases, restore biodiversity, and protect health"
k6wd81r9,m718v597,1.0,A potential solution to avoid overdose of mixed drugs in the event of Covid-19: Nanomedicine at the heart of the Covid-19 pandemic,A potential solution to avoid overdose of mixed drugs in the event of Covid-19: Nanomedicine at the heart of the Covid-19 pandemic
92mw3y98,ft5ldzfy,1.0,Implications of the current COVID-19 pandemic for communication in healthcare,Implications of the current COVID-19 pandemic for communication in healthcare
e719o5vp,muyc1sl8,1.0,Correction to: Sonographic follow-up after endoscopic carpal tunnel release for severe carpal tunnel syndrome: a one-year neuroanatomical prospective observational study.,Correction to: Sonographic follow-up after endoscopic carpal tunnel release for severe carpal tunnel syndrome: a one-year neuroanatomical prospective observational study
zrjvw8d9,r46qh7sb,1.0,Very Low Food Security Among Low-Income Households With Children in California Before and Shortly After the Economic Downturn From COVID-19,Very Low Food Security Among Low-Income Households With Children in California Before and Shortly After the Economic Downturn From COVID-19
gk9nlapf,nj0p2s2y,1.0,Mitteilungen der DGIIN,Mitteilungen der DGIM
gk9nlapf,6cuf1iaa,1.0,Mitteilungen der DGIIN,Mitteilungen der DGKFO
z8mwzmf6,zkyej26f,1.0,In Response,Response
z8mwzmf6,soe5obvu,1.0,In Response,Response
9anoehl3,3n2nji8l,1.0,Chronic Use of Angiotensin-Converting Enzyme Inhibitors and Angiotensin II Receptor Blockers Is High Among Intensive Care Unit Patients With Non-COVID-19 Sepsis but Carries a Moderately Increased Risk of Death,Chronic Use of Angiotensin-Converting Enzyme Inhibitors and Angiotensin II Receptor Blockers Is High Among Intensive Care Unit Patients With Non–COVID-19 Sepsis but Carries a Moderately Increased Risk of Death
xeq4fe0u,g1id2sg9,1.0,Should the Private Physiotherapeutic Units Stay Open During the Pandemic Crisis of COVID-19?,Should the private physiotherapeutic units stay open during the pandemic crisis of Covid 19?
95tnunm0,oiuoi2ug,1.0,Socio-economic and psychological impact of the COVID-19 outbreak on private practice and public hospital radiologists,Socio-economic and psychological impact of the COVID-19 outbreak on private practice and public hospital radiologists
gk9nlapf,nrlhfwf2,1.0,Mitteilungen der DGIIN,Mitteilungen der DGRh - Veranstaltungen der Rheumaakademie
70ohlpxy,bzpvhanw,1.0,Wissenschaft Aktuell,Wissenschaft Aktuell
xhhxx6fu,fdcyakm2,1.0,Occupational Burnout and Job Satisfaction Among Physicians in Times of COVID-19 Crisis: A Convergent Parallel Mixed-Method Study,Occupational burnout and job satisfaction among physicians in times of COVID-19 crisis: a convergent parallel mixed-method study
v055nod1,lhpy3d3p,1.0,Contents of volume 11,Contents to volume 14
015mjhqu,ww3vgdfs,1.0,Assessment of multiplex digital droplet RT-PCR as a diagnostic tool for SARS-CoV-2 detection in nasopharyngeal swabs and saliva samples,Assessment of Multiplex Digital Droplet RT-PCR as a Diagnostic Tool for SARS-CoV-2 Detection in Nasopharyngeal Swabs and Saliva Samples
d8a7yseg,kh2pzzkb,1.0,Tozinameran: Lack of efficacy: case report,Tozinameran: Lack of efficacy: case report
6ikrh2zs,hww499ys,1.0,"Call for emergency action to limit global temperature increases, restore biodiversity and protect health","Call for emergency action to limit global temperature increases, restore biodiversity, and protect health."
v055nod1,mpviiypm,1.0,Contents of volume 11,Contents of volume 46
g7xlho9q,1l2trvmy,1.0,Respiratory Infections,Respiratory infections.
t944vfhj,tgfm0vci,1.0,Behavioral and neural dissociation of social anxiety and loneliness,Behavioral and neural dissociation of social anxiety and loneliness.
7t6zb4br,g1l09v24,1.0,SARS-CoV-2 transmission in intercollegiate athletics not fully mitigated with daily antigen testing,SARS-CoV-2 transmission in intercollegiate athletics not fully mitigated with daily antigen testing
flqkqdg7,f92kp519,1.0,Covid-19-pandemien i et mottaksperspektiv,COVID-19 et épanchements pleuraux
gk9nlapf,iwq4ugpk,1.0,Mitteilungen der DGIIN,Mitteilungen der DGU
z8mwzmf6,z8v8yxgb,1.0,In Response,In Response
2l4qnd58,wq8c4zpl,1.0,Mapping population mental health concerns related to COVID-19 and the consequences of physical distancing: A Google trends analysis,Mapping population mental health concerns related to COVID-19 and the consequences of physical distancing: a Google trends analysis.
m8e41gyf,305z1ptu,1.0,Editorial.,Éditorial: Editorial
kcil5igc,0onyjclg,1.0,Atypical Presentation of Erythema Nodosum Following Pfizer-BioNTech COVID-19 Vaccine,Atypical Presentation of Erythema Nodosum Following Pfizer-BioNTech COVID-19 Vaccine
t9qzr0eg,8dfcqspr,1.0,PRESENTATION DELAY AMONG PATIENTS WITH ST-SEGMENT ELEVATION MYOCARDIAL INFARCTION OUTSIDE OF A COVID-19 HOT ZONE,Presentation Delay among Patients with St-segment Elevation Myocardial Infarction outside of a Covid-19 Hot Zone
gk9nlapf,aflszl0b,1.0,Mitteilungen der DGIIN,Cardiopulmonale Wiederbelebung in Zeiten der COVID-19 Pandemie
gk9nlapf,yb8rr84w,1.0,Mitteilungen der DGIIN,Mitteilungen der DGINA
ezcoxsu3,k4rxx69f,1.0,Alopecia Areata-Like Pattern; A New Unifying Concept,Alopecia Areata-Like Pattern; A New Unifying Concept.
1q2moaf3,o6fdwi8n,1.0,News from the Society,Society News
z8mwzmf6,cst4dejz,1.0,In Response,In Response.
fkvm5tx4,70bn3y69,1.0,Acute Corneal Endothelial Graft Rejection With Coinciding COVID-19 Infection,Acute Corneal Endothelial Graft Rejection With Coinciding COVID-19 Infection
gk9nlapf,wf9q6iv3,1.0,Mitteilungen der DGIIN,Mitteilungen der DGKJ
hyuzhs26,9p8k1yjl,1.0,"Clinical characteristics of COVID-19 patients admitted at the korle-bu teaching hospital, Accra, Ghana","Clinical characteristics of COVID-19 patients admitted at the Korle-Bu Teaching Hospital, Accra, Ghana"
g7xlho9q,d9fc2avd,1.0,Respiratory Infections,Respiratory infections.
sxo25fzb,ttc17ns2,1.0,Oscillatory Dynamics in Infectivity and Death Rates of COVID-19,Oscillatory dynamics in infectivity and death rates of COVID-19
gk9nlapf,60xvjwsz,1.0,Mitteilungen der DGIIN,Mitteilungen der DVG
z8mwzmf6,dhjitiia,1.0,In Response,Response
hbvqezb0,er50rvxw,1.0,Domestic violence amid COVID-19,Domestic violence amid COVID‐19
m8e41gyf,54gpjvhv,1.0,Editorial.,Editorial.
mwvqvvdj,9hp61lgh,1.0,Quantification and progress over time of specific antibodies against SARS-CoV-2 in breast milk of lactating women vaccinated with BNT162b2 Pfizer-BioNTech COVID-19 vaccine (LacCOVID),Quantification and progress over time of specific antibodies against SARS-CoV-2 in breast milk of lactating women vaccinated with BNT162b2 Pfizer-BioNTech COVID-19 vaccine (LacCOVID)
21kd2me4,6g14zonn,1.0,Impact of pandemic COVID-19 on global economies (a seven-scenario analysis),Impact of Pandemic COVID-19 on global economies (a seven-scenario analysis)
gk9nlapf,wmsx2ynt,1.0,Mitteilungen der DGIIN,Mitteilungen der DGU
gk9nlapf,go1ejczo,1.0,Mitteilungen der DGIIN,Der Fachmann
mi565g5t,smczhbs5,1.0,Top Ranked Abstracts from the 2021 Annual Meeting of the Society for Affective Science,Top Ranked Abstracts from the 2021 Annual Meeting of the Society for Affective Science
2fxa5pd0,8d9ml8vx,1.0,COVID19 infection in a patient undergoing treatment for Paroxysmal Nocturnal Hemoglobinuria (PNH) with Ravulizumab,COVID19 Infection in A Patient Undergoing Treatment for Paroxysmal Nocturnal Hemoglobinuria (PNH) with Ravulizumab
qxn0xw2u,1o9o02ol,1.0,When Face Recognition Meets Occlusion: a New Benchmark,When Face Recognition Meets Occlusion: A New Benchmark
z8mwzmf6,evdw1rvy,1.0,In Response,In Response.
mlzln6tq,i66scei9,1.0,Corrigendum.,Corrigendum.
x0llqywx,s0rzuqjz,1.0,Update Alert 6: Epidemiology of and Risk Factors for Coronavirus Infection in Health Care Workers,Update Alert: Epidemiology of and Risk Factors for Coronavirus Infection in Health Care Workers
oowmtbq7,3b6q1ko5,1.0,Early detection of cerebrovascular pathology and protective antiviral immunity by MRI,Early detection of cerebrovascular pathology and protective antiviral immunity by MRI
crmhwuka,izya7nws,1.0,Frontiers in Human Factors: Embedding Specialists in Multi-disciplinary efforts to Improve Healthcare,Frontiers in Human Factors: Embedding Specialists in Multi-disciplinary efforts to Improve Healthcare.
gk9nlapf,hzbaterg,1.0,Mitteilungen der DGIIN,Mitteilungen der DGRh - Veranstaltungen der Rheumaakademie
gk9nlapf,bsxc5v3j,1.0,Mitteilungen der DGIIN,Auswirkungen der COVID-19-Pandemie
m8e41gyf,99fgkc3g,1.0,Editorial.,Editorial - COVID-19
mlzln6tq,7u7x9ede,1.0,Corrigendum.,Corrigendum.
024tv245,9ldh6d26,1.0,Fast zwei Jahre Coronapandemie aus der Perspektive von Krebsbetroffenen,Fast zwei Jahre Coronapandemie aus der Perspektive von Krebsbetroffenen
msyn5exb,odexagw8,1.0,Response of an Obstetric Unit during the Coronavirus Disease of 2019 (COVID-19) Pandemic: Experiences from a Tertiary Care Center,Response of an Obstetric Unit during the Coronavirus Disease of 2019 (COVID-19) Pandemic: Experiences from a Tertiary Care Center
agpnrnra,8se41gzi,1.0,"Structural Characterization of SARS-CoV-2: Where We Are, and Where We Need to Be","Structural Characterization of SARS-CoV-2: Where We Are, and Where We Need to Be"
ijwpmipq,agngy643,1.0,AI for radiographic COVID-19 detection selects shortcuts over signal,AI for radiographic COVID-19 detection selects shortcuts over signal
yf82i0zw,lvi2e30f,1.0,High neutralizing potency of swine glyco-humanized polyclonal antibodies against SARS-CoV-2,High neutralizing potency of swine glyco-humanized polyclonal antibodies against SARS-CoV-2
xxcwqrf1,7bmdzdqe,1.0,Shifts in Asthma Evaluation and Management During COVID-19,Shifts in Asthma Evaluation and Management During COVID-19
dv7izaiy,ehbzsy0x,1.0,"COVID-19 in Rural China: Features, Challenges and Implications for the Healthcare System","COVID-19 in Rural China: Features, Challenges and Implications for the Healthcare System"
mlzln6tq,ziy06fzm,1.0,Corrigendum.,Corrigendum.
9c09xlma,6mklhbsl,1.0,A first look at COVID-19 information and misinformation sharing on Twitter,A first look at COVID-19 information and misinformation sharing on Twitter.
9p7730b5,d9buphjr,1.0,Sequence mismatch in PCR probes may mask the COVID-19 detection in Nepal,Sequence mismatch in PCR probes may mask the COVID-19 detection in Nepal
m8e41gyf,hmvymw17,1.0,Editorial.,EDITORIAL
mlzln6tq,zwoo0sot,1.0,Corrigendum.,Corrigendum
gk9nlapf,pf07lqrv,1.0,Mitteilungen der DGIIN,Mitteilungen der DGRh - Veranstaltungen der Rheumaakademie
gk9nlapf,wr9uokky,1.0,Mitteilungen der DGIIN,Mitteilungen der DGG
igvh5ujw,oi0dui2v,1.0,The SARS-CoV-2 receptor-binding domain facilitates neutrophil transepithelial migration and nanoparticle uptake in the mice airways,The SARS-CoV-2 receptor-binding domain facilitates neutrophil transepithelial migration and nanoparticle uptake in the mice airways
f1t3acd5,b4gz0o3j,1.0,A deletion in SARS‐CoV‐2 ORF7 identified in COVID‐19 outbreak in Uruguay,A deletion in SARS-CoV-2 ORF7 identified in COVID-19 outbreak in Uruguay
v055nod1,o3i659r1,1.0,Contents of volume 11,Contents of volume 2
m8e41gyf,qq5amdne,1.0,Editorial.,Editorial.
gmphqknf,u29nkohv,1.0,Health Disparities And COVID-19,Health Disparities and COVID-19
mihlyqy1,zdxbjlht,1.0,"The legacy of public action and gender-sensitivity of the pandemic response in Kerala State, India","The legacy of public action and gender-sensitivity of the pandemic response in Kerala State, India"
qjelr5xg,fe3pabkl,1.0,"Summary of the coronavirus disease 2019 (COVID-19) update from the 2020 Conference on Retroviruses and Opportunistic Infections, 8–11 March 2020, Boston, USA","Summary of the coronavirus disease 2019 (COVID-19) update from the 2020 Conference on Retroviruses and Opportunistic Infections, 8-11 March 2020, Boston, USA"
k92fa15l,8qd8xqtk,1.0,Assay validation and determination of in vitro binding of mefloquine to plasma proteins from clinically normal and FIP-affected cats,Assay validation and determination of in vitro binding of mefloquine to plasma proteins from clinically normal and FIP-affected cats
tfajd1xi,pdc6onez,1.0,CT characteristics of patients infected with 2019 novel coronavirus: association with clinical type,CT characteristics of patients infected with 2019 novel coronavirus: association with clinical type
4q62k778,iwj0ai32,1.0,Multiple drugs: Various toxicities: case report,Multiple drugs: Various toxicities: case report
za2abjiy,nqdtwm4g,1.0,Drug similarity and structure-based screening of medicinal compounds to target macrodomain-I from SARS-CoV-2 to rescue the host immune system: a molecular dynamics study,Drug similarity and structure-based screening of medicinal compounds to target macrodomain-I from SARS-CoV-2 to rescue the host immune system: a molecular dynamics study
s8cyvupi,tk0mhzio,1.0,Advancing clinical trials in nursing homes: A proposed roadmap to success,Advancing Clinical Trials in Nursing Homes: A Proposed Roadmap to Success
cceghs4h,gx4c294f,1.0,Pos-534 Trajectories of Clinical and Laboratory Characteristics Associated with Covid-19 in Hemodialysis Patients by Survival,POS-534 TRAJECTORIES OF CLINICAL AND LABORATORY CHARACTERISTICS ASSOCIATED WITH COVID-19 IN HEMODIALYSIS PATIENTS BY SURVIVAL
2fkyu43x,yjo5qpw6,1.0,"Review of epidemic, containment strategies, clinical management, and economic evaluation of COVID-19 pandemic","Review of Epidemic, Containment Strategies, Clinical Management, and Economic Evaluation of COVID-19 Pandemic"
0linpam4,31qldfs1,1.0,News in Brief,News in brief.
p6469kp0,j6qvoict,1.0,Editorial.,Editorial – COVID‐19
p6469kp0,jk1pb19l,1.0,Editorial.,Editorial.
hywu3lsp,qeyibdp2,1.0,Klinischer Ultraschall in der Nephrologie,Verleihung Autorenpreis Der Sacam
edgf8jxv,uear0us2,1.0,"Infections, inflammatory markers and schizophrenia","INFECTIONS, INFLAMMATORY MARKERS AND SCHIZOPHRENIA"
ms1hluzw,v45yeo70,1.0,Procalcitonin and secondary bacterial infections in COVID-19: association with disease severity and outcomes.,Procalcitonin and secondary bacterial infections in COVID-19: association with disease severity and outcomes
k6nwgg3b,q8aewj9s,1.0,Manifestation of cardiac injury in hospitalised patients with COVID-19,Manifestation of cardiac injury in hospitalised patients with COVID‐19
dzoechnz,jedlr8hv,1.0,"Primary Care Shortage in Medically Underserved and Health Provider Shortage Areas: Lessons from Delaware, USA","Primary Care Shortage in Medically Underserved and Health Provider Shortage Areas: Lessons from Delaware, USA"
v1fwgcs4,o01j5f7z,1.0,Prolonged Live SARS-CoV-2 Shedding in a Maintenance Dialysis Patient,Prolonged Live SARS-CoV-2 Shedding in a Maintenance Dialysis Patient
ud8fxc99,gutidzjf,1.0,Mild SARS-CoV-2 infection in rhesus macaques is associated with viral control prior to antigen-specific T cell responses in tissues,Mild SARS-CoV-2 infection in rhesus macaques is associated with viral control prior to antigen-specific T cell responses in tissues
gqltd6u0,o96m0b9u,1.0,Poster Sessions,Poster Sessions
fmboyr6f,x2k4jxhe,1.0,Avian influenza in human in Nepal: timely management and preparedness,Avian influenza in human in Nepal: timely management and preparedness
vmat1nq3,me4u1chm,1.0,Multiple drugs: Lack of efficacy: case report,Multiple drugs: Lack of efficacy: case report
hhlah5j1,88t68k6o,1.0,Why India needs to extend the nationwide lockdown,Why India needs to extend the nationwide lockdown
eu88bbi3,exiddsvj,1.0,Impact of wearing a surgical mask on respiratory function in view of a widespread use during COVID-19 outbreak. A case-series study,Impact of wearing a surgical mask on respiratory function in view of a widespread use during COVID-19 outbreak. A case-series study
wenliby6,8p5chz08,1.0,"Inflammation: A bridge between diabetes and COVID-19, and possible management with sitagliptin","Inflammation: A bridge between Diabetes and COVID-19, and possible management with sitagliptin"
65w7cfpj,8ybdn1f8,1.0,A syndromic surveillance tool to detect anomalous clusters of COVID-19 symptoms in the United States,A Syndromic Surveillance Tool to Detect Anomalous Clusters of COVID-19 Symptoms in the United States
j3qzi1sr,z2y3kslf,1.0,SARS-CoV-2-specific CD8+ T cell responses in convalescent COVID-19 individuals.,SARS-CoV-2-specific CD8+ T cell responses in convalescent COVID-19 individuals
hywu3lsp,n76k9mzb,1.0,Klinischer Ultraschall in der Nephrologie,Lungenbildgebung in der Niederfeld-Magnetresonanztomographie
miu866xd,126q6brx,1.0,"Relationship Between Coronavirus-Related eHealth Literacy and COVID-19 Knowledge, Attitudes, and Practices among US Adults: Web-Based Survey Study","Relationship Between Coronavirus-Related eHealth Literacy and COVID-19 Knowledge, Attitudes, and Practices among US Adults: Web-Based Survey Study"
0sonogk4,tmtg8nsf,1.0,Infectious disease surveillance update,Infectious disease surveillance update
0linpam4,eaz0vin2,1.0,News in Brief,News in Brief
ro0db99s,qlq0b1qa,1.0,"Covid-19: Was the decision to delay the UK's lockdown over fears of ""behavioural fatigue"" based on evidence?","Covid-19: Was the decision to delay the UK's lockdown over fears of ""behavioural fatigue"" based on evidence?"
0sonogk4,72xyv1ok,1.0,Infectious disease surveillance update,Infectious disease surveillance update
t3sjkfqx,nfapfjy9,1.0,A New Road Map for Our Nation's Response to COVID-19,A new road map for our nation’s response to covid-19
p6469kp0,or3qd9cw,1.0,Editorial.,Editorial.
0linpam4,g8ka8nzk,1.0,News in Brief,News in Brief
p6469kp0,kxu10k7j,1.0,Editorial.,Editorial.
a00uyst0,2v6akvir,1.0,Ferritin is associated with the severity of lung involvement but not with worse prognosis in patients with COVID-19: data from two Italian COVID-19 Units,Ferritin is associated with the severity of lung involvement but not with worse prognosis in patients with COVID-19: data from two Italian COVID-19 units
t1k7cdv6,95hs4xzx,1.0,'The Fever': Questioning Malaria Management as a Colonial Legacy,‘The Fever’: Questioning Malaria Management as a Colonial Legacy
6f5fajey,bnd3o1fq,1.0,[COVID-19-associated coagulopathy].,Coagulopathy associated with COVID-19
p6469kp0,boz9lf7g,1.0,Editorial.,Editorial 2020
3ua8f06u,ols80sfs,1.0,Inactivation and Elimination of SARS-CoV-2 in Biosamples Using Simple Fixatives and Ultrafiltration,Inactivation and Elimination of SARS-CoV-2 in Biosamples Using Simple Fixatives and Ultrafiltration
2x0tey05,gjhji73w,1.0,Excess mortality reveals Covid's true toll in Russia,Excess mortality reveals Covid's true toll in Russia
euyvqz2q,b0itlbai,1.0,A Pandemic on a Pandemic: Racism and COVID-19 in Blacks,A Pandemic on a Pandemic: Racism and COVID-19 in Blacks
1xvkxi2a,4wszv0mo,1.0,Simplifying Language Is Inclusive and Improves Access to Up-to-Date Scientific Information,Simplifying Language Is Inclusive and Improves Access to Up-to-Date Scientific Information
otsgiiln,cdwjqebf,1.0,Obesity aggravates COVID‐19: An updated systematic review and meta‐analysis,Obesity aggravates COVID-19: An updated systematic review and meta-analysis
hywu3lsp,nj0p2s2y,1.0,Klinischer Ultraschall in der Nephrologie,Mitteilungen der DGIM
hywu3lsp,6cuf1iaa,1.0,Klinischer Ultraschall in der Nephrologie,Mitteilungen der DGKFO
wu0w265g,3r9svdb4,1.0,COVID-19 and global mental health.,COVID-19 and global mental health.
vmat1nq3,16zp6dc4,1.0,Multiple drugs: Lack of efficacy: case report,Multiple drugs: Lack of efficacy: case report
ss39e7lx,8amv62um,1.0,"COVID-19 Investigational Treatments in Use Among Hospitalized Patients Identified Through the US Coronavirus Disease 2019-Associated Hospitalization Surveillance Network, March 1-June 30, 2020","COVID-19 Investigational Treatments in Use Among Hospitalized Patients Identified Through the US Coronavirus Disease 2019–Associated Hospitalization Surveillance Network, March 1–June 30, 2020"
13ojm8zh,k7fjj4pq,1.0,Lung Ultrasound Segmentation and Adaptation Between COVID-19 and Community-Acquired Pneumonia,Lung Ultrasound Segmentation and Adaptation between COVID-19 and Community-Acquired Pneumonia
hywu3lsp,nrlhfwf2,1.0,Klinischer Ultraschall in der Nephrologie,Mitteilungen der DGRh - Veranstaltungen der Rheumaakademie
s2ds0bgn,t4bva7yl,1.0,Clinical Characteristics of 10 Children With a Pediatric Inflammatory Multisystem Syndrome Associated with COVID-19 In Iran,Clinical characteristics of 10 children with a pediatric inflammatory multisystem syndrome associated with COVID-19 in Iran
hywu3lsp,iwq4ugpk,1.0,Klinischer Ultraschall in der Nephrologie,Mitteilungen der DGU
5g87b16m,6fj2fufd,1.0,"Epidemiological characteristics and outcomes of COVID-19 cases: mortality inequalities by socio-economic status, Barcelona, Spain, 24 February to 4 May 2020","Epidemiological characteristics and outcomes of COVID-19 cases: mortality inequalities by socio-economic status, Barcelona, Spain, 24 February to 4 May 2020"
iwj0ai32,nqan7hx8,1.0,Multiple drugs: Various toxicities: case report,Multiple drugs: Various toxicities: case report
h5l9dxwq,x9dkt07j,1.0,The Status Dynamics of Role Blurring in the Time of COVID-19,The Status Dynamics of Role Blurring in the Time of COVID-19
p6469kp0,305z1ptu,1.0,Editorial.,Éditorial: Editorial
4q62k778,nqan7hx8,1.0,Multiple drugs: Various toxicities: case report,Multiple drugs: Various toxicities: case report
mar69x86,7da1vkdb,1.0,Mental health characteristics associated with dysfunctional coronavirus anxiety,Mental health characteristics associated with dysfunctional coronavirus anxiety
ng0ha3vv,syggyi2a,1.0,‘Masking’ of the mental state: unintended consequences of personal protective equipment (PPE) on psychiatric clinical practice,'Masking' of the mental state: Unintended consequences of personal protective equipment (PPE) on psychiatric clinical practice
hywu3lsp,yb8rr84w,1.0,Klinischer Ultraschall in der Nephrologie,Mitteilungen der DGINA
hywu3lsp,aflszl0b,1.0,Klinischer Ultraschall in der Nephrologie,Cardiopulmonale Wiederbelebung in Zeiten der COVID-19 Pandemie
k4h09gli,hrg4vus9,1.0,Unhealthy geopolitics: can the response to COVID-19 reform climate change policy?,Unhealthy geopolitics: can the response to COVID-19 reform climate change policy?
hywu3lsp,wf9q6iv3,1.0,Klinischer Ultraschall in der Nephrologie,Mitteilungen der DGKJ
uvh6acz9,ce8ng2et,1.0,Resources during covid-19,COVID-19 resources.
abpybyp9,77ovaw7x,1.0,Monitoring Crop Growth during the Period of the Rapid Spread of COVID-19 in China by Remote Sensing,Monitoring Crop Growth During the Period of the Rapid Spread of COVID-19 in China by Remote Sensing
hywu3lsp,60xvjwsz,1.0,Klinischer Ultraschall in der Nephrologie,Mitteilungen der DVG
x2iymr7b,wta127lm,1.0,Hyperosmolarity Deserves More Attention in Critically Ill COVID-19 Patients with Diabetes: A Cohort-Based Study,Hyperosmolarity Deserves More Attention in Critically Ill COVID-19 Patients with Diabetes: A Cohort-Based Study
uyt0mujq,nhb0zoo3,1.0,The impact of females' economic well-being on fertility: Race and ethnicity,The impact of females' economic well-being on fertility: Race and ethnicity.
p6469kp0,54gpjvhv,1.0,Editorial.,Editorial.
uunkdbii,d5w0ecuy,1.0,Recovery from acute SARS-CoV-2 infection and development of anamnestic immune responses in T cell-depleted rhesus macaques,Recovery from Acute SARS-CoV-2 Infection and Development of Anamnestic Immune Responses in T Cell-Depleted Rhesus Macaques
0sonogk4,1hw15s3q,1.0,Infectious disease surveillance update,Infectious disease surveillance update
6neos5qc,dfj7yxef,1.0,A model framework for projecting the prevalence and impact of Long-COVID in the UK,A model framework for projecting the prevalence and impact of Long-COVID in the UK
bk0ggrin,hvzkocpe,1.0,"Development of a fluorescence based, high-throughput SARS-CoV-2 3CLpro reporter assay","Development of a fluorescence based, high-throughput SARS-CoV-2 3CLpro reporter assay"
bk0ggrin,3srusnow,1.0,"Development of a fluorescence based, high-throughput SARS-CoV-2 3CLpro reporter assay","Development of a Fluorescence-Based, High-Throughput SARS-CoV-2 3CLpro Reporter Assay"
0linpam4,fgw4wps2,1.0,News in Brief,News in Brief
0linpam4,jeiqu91t,1.0,News in Brief,News in Brief
hywu3lsp,wmsx2ynt,1.0,Klinischer Ultraschall in der Nephrologie,Mitteilungen der DGU
hywu3lsp,go1ejczo,1.0,Klinischer Ultraschall in der Nephrologie,Der Fachmann
2dd3ivz7,bxjhjtek,1.0,Evaluation of transplacental transfer of mRNA vaccine products and functional antibodies during pregnancy and early infancy,Evaluation of transplacental transfer of mRNA vaccine products and functional antibodies during pregnancy and early infancy
yzg18pg7,nut0lgj3,1.0,Rapid Increase of SARS-CoV-2 Variant B.1.1.7 Detected in Sewage Samples from England between October 2020 and January 2021,Rapid Increase of SARS-CoV-2 Variant B.1.1.7 Detected in Sewage Samples from England between October 2020 and January 2021
5ig1zvan,q8bes0u1,1.0,Recent discovery and development on SARS-CoV-2: a review of current literature,Recent discovery and development on SARS-CoV-2: A review of current literature
tmy3vh5q,euecm9n4,1.0,Prosthetic aortic valve endocarditis complicated by COVID-19 and hemorrhage,Prosthetic aortic valve endocarditis complicated by COVID‐19 and hemorrhage
nybeif71,7z1ilig2,1.0,Public understanding of COVID-19 antibody testing and test results: A qualitative study conducted in the U.K. early in the pandemic,Public understanding of COVID-19 antibody testing and test results: A qualitative study conducted in the U.K. early in the pandemic
0r1685ny,9wqhlqcx,1.0,Emergency remote teaching during the COVID-19 pandemic: Parents experiences and perspectives,Emergency remote teaching during the COVID-19 pandemic: Parents experiences and perspectives
hiqo4dgu,374brc3q,1.0,A Scoping Review of Literature About Mental Health and Well-Being Among Immigrant Communities in the United States,A Scoping Review of Literature About Mental Health and Well-Being Among Immigrant Communities in the United States.
2n7p2p0q,85oqjl4c,1.0,"COVID-19 outbreak, social distancing and mass testing in Kenya-insights from a mathematical model","COVID-19 outbreak, social distancing and mass testing in Kenya - Insights from a mathematical model"
b34ktk56,3g07itej,1.0,On single point forecasts for fat-tailed variables,On Single Point Forecasts for Fat-Tailed Variables
p6469kp0,99fgkc3g,1.0,Editorial.,Editorial - COVID-19
kgvyun2o,cuuix1hc,1.0,Did Covid‐19 Kill Trump Politically? The Pandemic and Voting in the 2020 Presidential Election,Did Covid-19 Kill Trump Politically? The Pandemic and Voting in the 2020 Presidential Election
798bkthg,oq2gp9r3,1.0,COVID-19 Pandemic Affects the Medical Students' Learning Process and Assaults Their Psychological Wellbeing,COVID-19 Pandemic Affects the Medical Students’ Learning Process and Assaults Their Psychological Wellbeing
4n2xmx2w,s6oi477q,1.0,Long-term conditions and severe acute respiratory syndrome SARS-CoV-2 (COVID-19).,Long-term conditions and severe acute respiratory syndrome SARS-CoV-2 (COVID-19)
hywu3lsp,bsxc5v3j,1.0,Klinischer Ultraschall in der Nephrologie,Auswirkungen der COVID-19-Pandemie
hywu3lsp,hzbaterg,1.0,Klinischer Ultraschall in der Nephrologie,Mitteilungen der DGRh - Veranstaltungen der Rheumaakademie
mhtqs6kb,ea93mhu5,1.0,A Recipe for Madness: Parenthood in the Era of Covid‐19,A Recipe for Madness: Parenthood in the Era of Covid-19
iwj0ai32,d2fh4jiy,1.0,Multiple drugs: Various toxicities: case report,Multiple drugs: Various toxicities: case report
5lipb30z,8sfnb2fy,1.0,Protecting and testing-more to be learned from Ebola,Protecting and testing-more to be learned from Ebola.
sutjma3f,jspuhxgx,1.0,"A narrative review of the potential pharmacological influence and safety of ibuprofen on coronavirus disease 19 (COVID-19), ACE2, and the immune system: a dichotomy of expectation and reality.","A narrative review of the potential pharmacological influence and safety of ibuprofen on coronavirus disease 19 (COVID-19), ACE2, and the immune system: a dichotomy of expectation and reality"
4q62k778,d2fh4jiy,1.0,Multiple drugs: Various toxicities: case report,Multiple drugs: Various toxicities: case report
25c6ncrc,5f71o2ka,1.0,Using stakeholder insights to enhance engagement in PhD professional development,Using Stakeholder Insights to Enhance Engagement in PhD Professional Development
0sonogk4,rc95k02u,1.0,Infectious disease surveillance update,Infectious disease surveillance update
xlurcrqu,1f4gc09d,1.0,In vitro anticancer activity of extracted oil from Parrotiopsis jacquemontiana (Decne) Rehder.,In vitro anticancer activity of extracted oil from Parrotiopsis jacquemontiana (Decne) Rehder
6zmra213,fa2x1l3r,1.0,Meeting on childhood obesity in the Eastern Mediterranean Region1,Meeting on childhood obesity in the Eastern Mediterranean Region
0sonogk4,sv9mdgek,1.0,Infectious disease surveillance update,Infectious disease surveillance update
p6469kp0,hmvymw17,1.0,Editorial.,EDITORIAL
hywu3lsp,pf07lqrv,1.0,Klinischer Ultraschall in der Nephrologie,Mitteilungen der DGRh - Veranstaltungen der Rheumaakademie
d81gafpt,i39k5d8b,1.0,Dysregulated immune responses in COVID-19 patients correlating with disease severity and invasive oxygen requirements,Dysregulated immune responses in COVID-19 patients correlating with disease severity and invasive oxygen requirements
hywu3lsp,wr9uokky,1.0,Klinischer Ultraschall in der Nephrologie,Mitteilungen der DGG
h960dpxn,yodj0h8g,1.0,Analysis and validation of a highly sensitive one-step nested quantitative real-time polymerase chain reaction assay for specific detection of severe acute respiratory syndrome coronavirus 2,Analysis and validation of a highly sensitive one-step nested quantitative real-time polymerase chain reaction assay for specific detection of severe acute respiratory syndrome coronavirus 2
0linpam4,uur2er6x,1.0,News in Brief,News in Brief
s3m27ylg,li8ely2k,1.0,Short report - Usefulness of point-of-care ultrasound in pediatric SARS-CoV-2 infection,Short report - Usefulness of point-of-care ultrasound in pediatric SARS-CoV-2 infection.
1b4v609h,pja72uar,1.0,"Rapid COVID testing: Speed, Quality and Cost. Can you have all three?","Rapid COVID testing: Speed, Quality and Cost. Can you have all three?"
qnxyi4iv,od3ezgno,1.0,Development of molecular and histological methods to evaluate stress oxidative biomarkers in sea bass (Dicentrarchus labrax),Development of molecular and histological methods to evaluate stress oxidative biomarkers in sea bass (Dicentrarchus labrax).
wiphph1u,qolq0ztt,1.0,"Economic recovery plan should be linked with achieving net zero, says citizens' assembly.","Economic recovery plan should be linked with achieving net zero, says citizens’ assembly"
lcs9af0x,uj6g88tu,1.0,Infection and thrombosis associated with COVID-19: Possible role of the ABO blood group(),Infection and thrombosis associated with COVID-19: Possible role of the ABO blood group
p6469kp0,qq5amdne,1.0,Editorial.,Editorial.
wfwppcmt,eiikd9h3,1.0,Liver Transplantation,COVID-19 and liver transplantation
baevu0u5,s6bh9mdc,1.0,Covid-19 Infection in a Patient with Crohn's Disease Under Treatment with Ustekinumab-Case Report,Covid-19 Infection in a Patient with Crohn's Disease Under Treatment with Ustekinumab - Case Report
5g39vi0m,40x5omin,1.0,Virucidal benefits of povidone-iodine use on the ocular surface: a review,Virucidal benefits of povidone-iodine use on the ocular surface: a review
5pm2pj0p,xd2m4oh0,1.0,What If They Threw A Pandemic And Nobody Came?,What If They Threw A Pandemic And Nobody Came?
rbhlv8v1,avezjdey,1.0,Digital health and COVID-19: challenges of use and implementation in sub-Saharan Africa,Digital health and COVID-19: challenges of use and implementation in sub-Saharan Africa
92vg418i,58vc0bnv,1.0,Extracorporeal Membrane Oxygenation in COVID-19-Related Acute Respiratory Distress Syndrome – A EuroELSO International Survey,Extracorporeal membrane oxygenation in COVID-19-related acute respiratory distress syndrome-a Euroelso international survey
emzz23tn,w8u0nybu,1.0,News,News
emzz23tn,os8w7c58,1.0,News,News.
3tesjncg,m4zfib3f,1.0,Consensus Statement on Coronary Intervention during the Coronavirus Disease 2019 (COVID-19) Pandemic: from the Korean Society of Interventional Cardiology (KSIC),Consensus statement on coronary intervention during the coronavirus disease 19 pandemic: from the Korean Society of Interventional Cardiology
eg6mx2ph,l9ia7m45,1.0,Issue highlights.,Issue highlights
6jr2i18k,v2slggc7,1.0,27 Impact of the COVID-19 pandemic on the use of systemic anti-cancer therapy for patients diagnosed with malignancy at thoracoscopy in Aneurin Bevan University Health Board,27 - Impact of the COVID-19 pandemic on the use of systemic anti-cancer therapy for patients diagnosed with malignancy at thoracoscopy in Aneurin Bevan University Health Board
50cir0l6,e1oinu71,1.0,Rapid Direct Nucleic Acid Amplification Test without RNA Extraction for SARS-CoV-2 Using a Portable PCR Thermocycler,Rapid direct nucleic acid amplification test without RNA extraction for SARS-CoV-2 using a portable PCR thermocycler
356vat73,usee3zt5,1.0,COVID 19 in neonates,COVID 19 in neonates
f7k0ueyy,5wct2769,1.0,The effects of orally administered lactoferrin in the prevention and management of viral infections: A systematic review.,The effects of orally administered lactoferrin in the prevention and management of viral infections: A systematic review
5t52vxex,nbwkutt5,1.0,Correction to Lancet Infect Dis 2020; 20: 1240-41,Correction to Lancet Infect Dis 2020; 20: e108–15
ph4cpaz0,kthn9xiy,1.0,Allegations of misuse of African DNA in the UK: Will data protection legislation in South Africa be sufficient to prevent a recurrence?,Allegations of misuse of African DNA in the UK: Will data protection legislation in South Africa be sufficient to prevent a recurrence?
2i4ie16k,1dodpq18,1.0,Galectin-3 as a potential prognostic biomarker of severe COVID-19 in SARS-CoV-2 infected patients,Galectin-3 as a potential prognostic biomarker of severe COVID-19 in SARS-CoV-2 infected patients
54krgu66,4yuc83a6,1.0,Immune Health Grades: Finding Resilience in the COVID-19 Pandemic and Beyond,Immune Health Grades: Finding Resilience in the COVID-19 Pandemic and Beyond
14ku1ibp,efebiaer,1.0,Pursuing a Good Death in the Time of COVID-19.,Pursuing a Good Death in the Time of COVID-19
jacia37c,offr1iy0,1.0,"Revisiting ""What Is an Epidemic?"" in the Time of COVID-19: Lessons from the History of Latin American Public Health.","Revisiting ""What Is an Epidemic?"" in the Time of COVID-19: Lessons from the History of Latin American Public Health"
355j706b,wcudpxd7,1.0,Direct service providers hit hardest by pandemic,Direct service providers hit hardest by pandemic
5t52vxex,lkhfo8j3,1.0,Correction to Lancet Infect Dis 2020; 20: 1240-41,Correction to Lancet Infect Dis 2020; 20: 1263–72
92vg418i,7jxlm5n5,1.0,Extracorporeal Membrane Oxygenation in COVID-19-Related Acute Respiratory Distress Syndrome – A EuroELSO International Survey,Extracorporeal Membrane Oxygenation in COVID-19-Related Acute Respiratory Distress Syndrome - A EuroELSO International Survey
l7wx4pun,th7k14g9,1.0,"Re-reading ACT, BCG, and Low COVID-19 in Africa","Re-reading ACT, BCG, and Low COVID-19 in Africa"
iib77mq9,w9efniyc,1.0,Correction,Correction.
8kps57jy,ldaop1yx,1.0,Kidney Diseases and COVID-19 Pandemic: A Review Article,Kidney diseases and covid-19 pandemic – a review article
eg6mx2ph,g1y7hdqj,1.0,Issue highlights.,Issue Highlights
fu296vjs,jtfqf7xb,1.0,The emerging COVID-19 research: dynamic and regularly updated science maps and analyses,The emerging COVID-19 research: dynamic and regularly updated science maps and analyses
n0kg6jmy,hdnru3tb,1.0,Physicians Poster Sessions,Physicians Poster Sessions
jebh1e1z,tloa99ik,1.0,Psychomotor agitation and hyperactive delirium in COVID-19 patients treated with aripiprazole 9.75 mg/1.3 ml immediate release,Psychomotor agitation and hyperactive delirium in COVID-19 patients treated with aripiprazole 9.75 mg/1.3 ml immediate release
fvagtwxc,df36yv6v,1.0,Other adverse reaction research,Other adverse reaction research
uu7i0u79,a3ppa2v6,1.0,"Interviewing in the Wake of COVID-19: How Orthopaedic Residencies, Fellowships, and Applicants Should Prepare for Virtual Interviews.","Interviewing in the Wake of COVID-19: How Orthopaedic Residencies, Fellowships, and Applicants Should Prepare for Virtual Interviews"
dtmymofe,z9c4zkbt,1.0,Distinguishing multisystem inflammatory syndrome in children from Kawasaki disease and benign inflammatory illnesses in the SARS-CoV-2 pandemic,Distinguishing Multisystem Inflammatory Syndrome in Children From Kawasaki Disease and Benign Inflammatory Illnesses in the SARS-CoV-2 Pandemic
6hme71zx,6h0amfts,1.0,[Awake prone positioning in covid-19 patients],[Awake prone positioning in covid-19 patients].
iib77mq9,lszro55e,1.0,Correction,Correction
fvagtwxc,u3z1l3ax,1.0,Other adverse reaction research,Other adverse reaction research
mzk0t2d2,fj700i1p,1.0,Covid-19 infection in kidney transplant recipients: endocrine and metabolic issues.,Covid-19 infection in kidney transplant recipients: endocrine and metabolic issues
h2bd2v47,e9h7tq0x,1.0,Contagion effect of COVID-19 outbreak: Another recipe for disaster on Indian economy,Contagion effect of COVID‐19 outbreak: Another recipe for disaster on Indian economy
oe7ncws1,jjuxf293,1.0,Impact of the COVID-19 Pandemic on Child and Adolescent Psychiatric Emergencies.,Impact of the COVID-19 Pandemic on Child and Adolescent Psychiatric Emergencies
b2aic8jm,wm8itt0l,1.0,Hesitancy of Arab Healthcare Workers towards COVID-19 Vaccination: A Large-Scale Multinational Study,Hesitancy of Arab Healthcare Workers Towards COVID-19 Vaccination: A Large-Scale Multinational Study
fk8veh49,khw904jh,1.0,Scientific research progress of COVID‐19/SARS‐CoV‐2 in the first five months,Scientific research progress of COVID-19/SARS-CoV-2 in the first five months
1m6ay5ex,i6jxykq6,1.0,Dynamic Fusion based Federated Learning for COVID-19 Detection,Dynamic-Fusion-Based Federated Learning for COVID-19 Detection
oiu6ovls,kpk1pm00,1.0,COVID-19-Related Anosmia: The Olfactory Pathway Hypothesis and Early Intervention,COVID-19-Related Anosmia: The Olfactory Pathway Hypothesis and Early Intervention
iib77mq9,ijx24ujp,1.0,Correction,Correction
9zzrowon,55k7vzn1,1.0,Personal journey and perspective from psychiatric nurse and medical student to intern doctor during COVID-19 – CORRIGENDUM,Personal journey and perspective from psychiatric nurse and medical student to intern doctor during COVID-19 - CORRIGENDUM
mn5zpll1,adhzbaeq,1.0,Pandemic versus pandemonium: fighting on two fronts,Pandemic versus pandemonium: fighting on two fronts.
jlssbjr6,dzbibymz,1.0,ACE2 imbalance as a key player for the poor outcomes in COVID-19 patients with age-related comorbidities – Role of gut microbiota dysbiosis,ACE2 imbalance as a key player for the poor outcomes in COVID-19 patients with age-related comorbidities - Role of gut microbiota dysbiosis
sk31al2m,eoetdvsp,1.0,Molecular requirements for human lymphopoiesis as defined by inborn errors of immunity.,Molecular requirements for human lymphopoiesis as defined by inborn errors of immunity
qyvogx2s,728w8m64,1.0,Erratum regarding missing Declaration of Competing Interest statements in previously published articles.,Erratum regarding missing declaration of competing interest statements in previously published articles.
emzz23tn,5atqrqer,1.0,News,News
asdchxzx,vb4ebfwd,1.0,"Stop routine work now, says BVA president.","Stop routine work now, says BVA president"
mbwmyut3,gehqnskj,1.0,"High value of Mid-regional proAdrenomedullin in COVID-19: a marker of widespread endothelial damage, disease severity and mortality","High value of Mid‐regional proAdrenomedullin in COVID‐19: a marker of widespread endothelial damage, disease severity and mortality."
y3zvrzz6,rx7dxc0a,1.0,"Good Morning, Orthopods: The Growth and Future Implications of Podcasts in Orthopaedic Surgery","Good Morning, Orthopods: The Growth and Future Implications of Podcasts in Orthopaedic Surgery."
jnkm1p7k,sgcf9v3m,1.0,Paxlovid for Treatment of COVID-19,Treatment of Neuroterrorism
vkqe9rox,epgy3yrw,1.0,COVID-19 erhöht Schlaganfallrisiko: Coronavirus-Pandemie,COVID-19 erhöht Schlaganfallrisiko : Coronavirus-Pandemie
qyvogx2s,t838yoca,1.0,Erratum regarding missing Declaration of Competing Interest statements in previously published articles.,Erratum regarding missing declaration of competing interest statements in previously published articles.
93gap7tl,77wpal2g,1.0,Dimension-Selective Attention and Dimensional Salience Modulate Cortical Tracking of Acoustic Dimensions.,Dimension-Selective Attention and Dimensional Salience Modulate Cortical Tracking of Acoustic Dimensions
xl205xo3,0lvcn7ox,1.0,rfaRm: An R client-side interface to facilitate the analysis of the Rfam database of RNA families,rfaRm: An R client-side interface to facilitate the analysis of the Rfam database of RNA families
76g3em4t,idynijgi,1.0,Dynamic relations among COVID-19-related media exposure and worries during the COVID-19 pandemic.,Dynamic relations among COVID-19-related media exposure and worries during the COVID-19 pandemic
2gy5wj5p,7ogniprq,1.0,"Private Health Sector in India-Ready and Willing, Yet Underutilized in the Covid-19 Pandemic: A Cross-Sectional Study","Private Health Sector in India-Ready and Willing, Yet Underutilized in the Covid-19 Pandemic: A Cross-Sectional Study"
cjrji0ev,lhwkthzx,1.0,Evidence for Use or Disuse of Renin-Angiotensin System Modulators in Patients Having COVID-19 With an Underlying Cardiorenal Disorder.,Evidence for Use or Disuse of Renin-Angiotensin System Modulators in Patients Having COVID-19 With an Underlying Cardiorenal Disorder
jkiy1nel,04mkim00,1.0,Neuro-trauma and COVID-19 Pandemic in New York City. Influence of Viral Spread Prevention Policies,Neuro-trauma and COVID-19 Pandemic in New York City. Influence of Viral Spread Prevention Policies
qyvogx2s,r34q1izc,1.0,Erratum regarding missing Declaration of Competing Interest statements in previously published articles.,Erratum regarding missing Declaration of Competing Interest statements in previously published articles
jrg3xv01,f7eylfe4,1.0,Forum,AANP Forum
356vat73,d9ph8jnw,1.0,COVID 19 in neonates,Neonates and COVID-19
iib77mq9,c0a0tk5v,1.0,Correction,Correction.
emzz23tn,gmp48lvd,1.0,News,News
5ik6kpym,sj9r1i1g,1.0,U-shaped-aggressiveness of SARS-CoV-2: Period between initial symptoms and clinical progression to COVID-19 suspicion. A population-based cohort study,436. U-shaped-aggressiveness of SARS-CoV-2: Period Between Initial Symptoms and Clinical Progression to COVID-19 Suspicion. A Population-Based Cohort Study
48orjerc,onzg47f6,1.0,Position statement: The need for EU legislation to require disclosure and labelling of the composition of medical devices,Position statement: The need for EU legislation to require disclosure and labelling of the composition of medical devices
5t52vxex,lzhhcezl,1.0,Correction to Lancet Infect Dis 2020; 20: 1240-41,Correction to Lancet Infect Dis 2021; 21: 163-64
urdok7cb,cvh7c5t7,1.0,Winnie Byanyima answers questions about the impact of the COVID-19 pandemic on the UNAIDS’ Fast Track targets for 2020,Winnie Byanyima answers questions about the impact of the COVID-19 pandemic on the UNAIDS' Fast Track targets for 2020
53igktw4,l2k52srl,1.0,The Lancet Commission on Gender and Global Health,The Lancet Commission on Gender and Global Health
emzz23tn,5h88ypps,1.0,News,News
kmylyled,b3e5hu90,1.0,"Palliative Care Perception in PAH: Evaluating the Interaction of PPCI, PAH-SYMPACT Questionnaire, and REVEAL 2.0 Risk Score","Palliative Care Perception in PAH: Evaluating the Interaction of PPCI, PAH-SYMPACT Questionnaire, and REVEAL 2.0 Risk Score."
1g1ek76t,wgau58zl,1.0,"Recent insights for the emerging COVID-19: drug discovery, therapeutic options and vaccine development","Recent insights for the emerging COVID-19: drug discovery, therapeutic options and vaccine development"
c9xmzst6,azye4yia,1.0,The challenges of international comparisons of COVID-19,The challenges of international comparisons of COVID-19
2c0qdxx0,a4eyymr1,1.0,Vaccine development in the SARS-CoV-2 pandemic: a balancing act on accuracy and speed,Vaccine development in the SARS-CoV-2 pandemic: a balancing act on accuracy and speed
y8n7t8rx,52ml3vru,1.0,Left ventricular ejection fraction: an additional risk marker in COVID-19,Left ventricular ejection fraction: An additional risk marker in COVID-19
de37d8h1,yq8wkkiw,1.0,Treating COVID-19 Positive Cancer Patients with Radiation Therapy: Case Report From Epicenter of The Pandemic,Treating COVID-19 Positive Cancer Patients With Radiation Therapy: A Case Report From Epicenter of the Pandemic
51ih0b2y,dh3p7k3a,1.0,Comparison of Prevalence and Associated Factors of Anxiety and Depression Among People Affected by versus People Unaffected by Quarantine During the COVID-19 Epidemic in Southwestern China,Comparison of Prevalence and Associated Factors of Anxiety and Depression Among People Affected by versus People Unaffected by Quarantine During the COVID-19 Epidemic in Southwestern China
kitxby6s,ozxvtvjt,1.0,Control with uncertain data of socially structured compartmental epidemic models,Control with uncertain data of socially structured compartmental epidemic models
bpudwotn,24ys1gy8,1.0,The global migration network of sex-workers,The global migration network of sex-workers
qyvogx2s,k0pbirp8,1.0,Erratum regarding missing Declaration of Competing Interest statements in previously published articles.,Erratum regarding missing Declaration of Competing Interest statements in previously published articles.
iib77mq9,qhpk9svf,1.0,Correction,Correction
iib77mq9,cc4qimtk,1.0,Correction,Correction.
76g3em4t,l5ezzb7i,1.0,Dynamic relations among COVID-19-related media exposure and worries during the COVID-19 pandemic.,Dynamic Relations Among COVID-19-Related Media Exposure and Worries During the COVID-19 Pandemic
5t52vxex,9k52e5i5,1.0,Correction to Lancet Infect Dis 2020; 20: 1240-41,Correction to Lancet Infect Dis 2019; 20: 275–76
73f84xsp,sogsbuoh,1.0,"Pregnant women’s experiences of social distancing behavioural guidelines during the Covid-19 pandemic ‘lockdown’ in the UK, a qualitative interview study","Pregnant women's experiences of social distancing behavioural guidelines during the Covid-19 pandemic 'lockdown' in the UK, a qualitative interview study"
emzz23tn,tzjytgyf,1.0,News,In the news
yw2abgcy,xaidx7d9,1.0,"COVID-19-associated Nephropathy Includes Tubular Necrosis and Capillary Congestion, with Evidence of SARS-CoV-2 in the Nephron","COVID-19–associated Nephropathy Includes Tubular Necrosis and Capillary Congestion, with Evidence of SARS-CoV-2 in the Nephron"
o79l8gt1,a5khyhbc,1.0,COVID-19 and Comorbidities: is Inflammation the Underlying Condition in Children? A narrative Review,COVID-19 and Comorbidities: is Inflammation the Underlying Condition in Children? A narrative Review.
v6zif72k,vigdn5ds,1.0,Correction to: Acute endodontic and dental trauma provision during the COVID-19 crisis,Correction to: Acute endodontic and dental trauma provision during the COVID-19 crisis
k3ylgwaf,5rvt5xmz,1.0,Improving surveillance estimates of COVID-19 incidence in the United States,Improving surveillance estimates of COVID-19 incidence in the United States
c7pbs6gy,dt524egm,1.0,Contact Dermatitis from Hand Hygiene Practices in the COVID-19 Pandemic,Contact Dermatitis from Hand Hygiene Practices in the COVID-19 Pandemic.
t7et8izs,c1kekffq,1.0,Changes in Students’ Achievement Motivation in the Context of the COVID-19 Pandemic: A Function of Extraversion/Introversion?,Changes in Students' Achievement Motivation in the Context of the COVID-19 Pandemic: A Function of Extraversion/Introversion?
5t52vxex,ibgjvt84,1.0,Correction to Lancet Infect Dis 2020; 20: 1240-41,Correction to Lancet Infect Dis 2021; 21: 1507–17
odxbz23x,ipo5zgus,1.0,Management of Acute Myocardial Infarction During the COVID-19 Pandemic.,Management of Acute Myocardial Infarction During the COVID-19 Pandemic
4ffot2in,fkcywp01,1.0,The Potential Impact of the COVID-19 Pandemic on Clinical Management of Thyroid Disorders in Japan,The Potential Impact of the COVID-19 Pandemic on Clinical Management of Thyroid Disorders in Japan
7a5p3rnd,1h8jgery,1.0,The New Virtual Reality: Advanced Endoscopy Education in the COVID-19 Era,The New Virtual Reality: Advanced Endoscopy Education in the COVID-19 Era
9yies74k,4vdr846v,1.0,Presidential Address: Perseverance through the pandemic and beyond.,Presidential Address: Perseverance through the pandemic and beyond
eg6mx2ph,np26v04y,1.0,Issue highlights.,ISSUE HIGHLIGHTS.
ao2jr8vi,rpfuc2jr,1.0,Bidirectional relationship between covid-19 and diabetes: Role of renin–angiotensin–aldosterone system and drugs modulating it,Bidirectional Relationship between COVID-19 and Diabetes: Role of Renin–Angiotensin–Aldosterone System and Drugs Modulating It
eg6mx2ph,n3x6iehh,1.0,Issue highlights.,Issue Highlights.
3vzs77yg,er2fyioq,1.0,Cannabis in the Time of Coronavirus Disease 2019: The Yin and Yang of the Endocannabinoid System in Immunocompetence,Cannabis in the Time of Coronavirus Disease 2019: The Yin and Yang of the Endocannabinoid System in Immunocompetence
saylyrzo,lbd34acm,1.0,Coronaviruses in the Sea,Coronaviruses in the Sea
gb0zf2en,slkqu1pt,1.0,Neurosurgery in an infant with COVID-19,Neurosurgery in an infant with COVID-19
iib77mq9,kicx3y2b,1.0,Correction,Correction
iib77mq9,2xsjxjml,1.0,Correction,Correction
1fdnbq1f,xfojxbm3,1.0,Effectiveness of mRNA COVID-19 vaccines against SARS-CoV-2 infection in a cohort of healthcare personnel,Effectiveness of mRNA COVID-19 vaccines against SARS-CoV-2 infection in a cohort of healthcare personnel
7g89aixn,fg04wkzi,1.0,The times they are a changing,Times They Are A-Changing
83ckhl8n,5rkl2j95,1.0,Use of antimicrobial mouthwashes (gargling) and nasal sprays by healthcare workers to protect them when treating patients with suspected or confirmed COVID‐19 infection,Use of antimicrobial mouthwashes (gargling) and nasal sprays by healthcare workers to protect them when treating patients with suspected or confirmed COVID-19 infection
jk1pb19l,j6qvoict,1.0,Editorial.,Editorial – COVID‐19
lqb9891o,q84pmi15,1.0,Expressive Flexibility and Dispositional Optimism Contribute to the Elderly’s Resilience and Health-Related Quality of Life during the COVID-19 Pandemic,Expressive Flexibility and Dispositional Optimism Contribute to the Elderly’s Resilience and Health-Related Quality of Life during the COVID-19 Pandemic
15s4z3j0,9w0u8sqo,1.0,Love in the Time of COVID,Love in the Time of COVID.
lgoe9sai,phtfa5nm,1.0,Correction to Lancet Infect Dis 2020; published online March 26. https://doi.org/10.1016/S1473-3099(20)30241-3,Correction to Lancet Infect Dis 2020; published online March 23. https://doi.org/10.1016/S1473-3099(20)30162
kuwavaqk,czds776q,1.0,"Evolution of SARS-CoV-2: Review of Mutations, Role of the Host Immune System","Evolution of SARS-CoV-2: Review of Mutations, Role of the Host Immune System"
jxxq4f75,exheenfi,1.0,"General Model for COVID-19 Spreading With Consideration of Intercity Migration, Insufficient Testing, and Active Intervention: Modeling Study of Pandemic Progression in Japan and the United States","General Model for COVID-19 Spreading With Consideration of Intercity Migration, Insufficient Testing, and Active Intervention: Modeling Study of Pandemic Progression in Japan and the United States"
dlhjwvfm,x96v1wrm,1.0,Correction to Lancet Glob Health 2020; 8: e1142-51,Correction to Lancet Glob Health 2021; 9: e241-42
s8hlkpnj,xz6m04rh,1.0,A practical guide to virtual debriefings: communities of inquiry perspective,A practical guide to virtual debriefings: communities of inquiry perspective
qeyibdp2,n76k9mzb,1.0,Verleihung Autorenpreis Der Sacam,Lungenbildgebung in der Niederfeld-Magnetresonanztomographie
31qldfs1,eaz0vin2,1.0,News in brief.,News in Brief
7pl4dpon,l2jjm561,1.0,Corrigendum to: Reduction of hospitalizations for myocardial infarction in Italy in the Covid-19 era,Corrigendum to: Reduction of hospitalizations for myocardial infarction in Italy in the Covid-19 era
i7gijwfe,sboupik6,1.0,COVID-19: a year on,The year that was
19uksmy7,snynln7d,1.0,COVIDOUTCOME—estimating COVID severity based on mutation signatures in the SARS-CoV-2 genome,COVIDOUTCOME-estimating COVID severity based on mutation signatures in the SARS-CoV-2 genome
j6qvoict,or3qd9cw,1.0,Editorial – COVID‐19,Editorial.
jk1pb19l,or3qd9cw,1.0,Editorial.,Editorial.
n4jmg0ta,ek0fx0yk,1.0,"Erratum: Vol. 69, No. 29","Erratum: Vol. 69, No. 47."
6gkb84xl,tnx55tfq,1.0,CoV-Spectrum: Analysis of globally shared SARS-CoV-2 data to Identify and Characterize New Variants,CoV-Spectrum: analysis of globally shared SARS-CoV-2 data to identify and characterize new variants
qfq7drbx,his6k7gn,1.0,COVID-19 Pandemic and JBJS,Pandemia COVID-19/ COVID-19 pandemic
58vc0bnv,7jxlm5n5,1.0,Extracorporeal membrane oxygenation in COVID-19-related acute respiratory distress syndrome-a Euroelso international survey,Extracorporeal Membrane Oxygenation in COVID-19-Related Acute Respiratory Distress Syndrome - A EuroELSO International Survey
jk1pb19l,kxu10k7j,1.0,Editorial.,Editorial.
yt6qtawz,fj24xpuz,1.0,Webside Manner during the COVID-19 Pandemic: Maintaining Human Connection during Virtual Visits,Webside Manner during the COVID-19 Pandemic: Maintaining Human Connection during Virtual Visits.
6wu2n4ak,fzzi86wb,1.0,Emergency Department-Based COVID-19 Vaccination: Where Do We Stand?,Emergency department-based COVID-19 vaccination: Where do we stand?
j6qvoict,kxu10k7j,1.0,Editorial – COVID‐19,Editorial.
31qldfs1,g8ka8nzk,1.0,News in brief.,News in Brief
2af5c1da,g8lsrojl,1.0,Pandemic Politics: Timing State-Level Social Distancing Responses to COVID-19,Pandemic Politics: Timing State-Level Social Distancing Responses to COVID-19
ank1r0tv,5athvyrp,1.0,Putting the patient at the centre - Pharmaceutical Strategy for Europe welcomed by hospital pharmacists,Putting the patient at the centre - Pharmaceutical Strategy for Europe welcomed by hospital pharmacists.
ac5d248f,xrbiv5y5,1.0,[Impact of COVID-19 during de-escalation in pediatric urology.],[Impact of COVID-19 during de-escalation in pediatric urology.]
bn8g4diu,6d828pzj,1.0,How social intimidation interferred with the increasing number of improper accesses at the E.R.: a first-month COVID19 outbreak evaluation.,How social intimidation interferred with the increasing number of improper accesses at the E.R.: a first-month COVID19 outbreak evaluation
j6qvoict,boz9lf7g,1.0,Editorial – COVID‐19,Editorial 2020
jk1pb19l,boz9lf7g,1.0,Editorial.,Editorial 2020
6z4kx0y9,83491vo5,1.0,Is the Rigidity of SARS-CoV-2 Spike Receptor-Binding Motif the Hallmark for Its Enhanced Infectivity? Insights from All-Atom Simulations,Is the Rigidity of SARS-CoV-2 Spike Receptor-Binding Motif the Hallmark for Its Enhanced Infectivity? Insights from All-Atom Simulations
g0fam0fm,s48qcc8q,1.0,Clinical Sensitivity and Interpretation of PCR and Serological COVID-19 Diagnostics for Patients Presenting to the Hospital,Clinical sensitivity and interpretation of PCR and serological COVID-19 diagnostics for patients presenting to the hospital
7m52yh84,rfy7wtl4,1.0,Scientific Mapping of Gamification in Web of Science,Scientific Mapping of Gamification in Web of Science
cszg55ow,joz4ouy9,1.0,Infektionsverlauf und Pathogenität,Selbstmanagement und Achtsamkeit: Januskopfige Therapieziele
ufyb1r2q,z5tuw5d0,1.0,Coronavirus and Its Implications for Psychiatry: A Rapid Review of the Early Literature,Coronavirus and its implications for psychiatry: a rapid review of the early literature
h0mcpxs8,5ur2txos,1.0,Estimating the COVID-19 infection rate: Anatomy of an inference problem,Estimating the COVID-19 Infection Rate: Anatomy of an Inference Problem
b5x3kmbt,g1zog4pv,1.0,Web Exclusive. Annals On Call - Vaccine Hesitancy: Choosing Our Battles,Web Exclusive. Annals On Call - Vaccine Hesitancy: Choosing Our Battles
cszg55ow,ul85qxy5,1.0,Infektionsverlauf und Pathogenität,Einzelreferate Und Buchbesprechungen
cszg55ow,k49ja9l5,1.0,Infektionsverlauf und Pathogenität,COVID-19 und Nierentransplantation
s8mkffp3,59xtqx4f,1.0,Potential Association of Mast Cells with COVID-19,Potential Association of Mast Cells with COVID-19
qeyibdp2,6cuf1iaa,1.0,Verleihung Autorenpreis Der Sacam,Mitteilungen der DGKFO
qeyibdp2,nj0p2s2y,1.0,Verleihung Autorenpreis Der Sacam,Mitteilungen der DGIM
gp7sc7d0,0dsp40wf,1.0,Response to Letter,Response to Letter by Lippi and Mattiuzzi
etcstn8n,ksw0xvia,1.0,Facing up to long COVID,Facing up to long COVID
qeyibdp2,nrlhfwf2,1.0,Verleihung Autorenpreis Der Sacam,Mitteilungen der DGRh - Veranstaltungen der Rheumaakademie
iz5stnj2,8qzll0x6,1.0,Necrotising myopathy and concurrent thyroiditis in a patient with COVID-19 infection,Necrotising myopathy and concurrent thyroiditis in a patient with COVID-19 infection
quxsxcyo,u82omskf,1.0,Comparative Effectiveness of Pharmacological Interventions for Covid-19: A Systematic Review and Network Meta-Analysis,Comparative Effectiveness of Pharmacological Interventions for Covid-19: A Systematic Review and Network Meta-Analysis
j4rt581i,u564slue,1.0,Influenza vaccination uptake in Australia in 2020: impact of the COVID-19 pandemic?,Influenza vaccination uptake in Australia in 2020: impact of the COVID-19 pandemic?
kka4a8fr,aenv8hz9,1.0,Response to Dudoignon et al.,"Response to Koulaouzidis, et al."
qeyibdp2,iwq4ugpk,1.0,Verleihung Autorenpreis Der Sacam,Mitteilungen der DGU
bk981ba7,fhvoloqg,1.0,The Impact of the SARS-CoV-2 (COVID-19) Pandemic on Gastroenterology Training,The Impact of the SARS-CoV-2 (COVID-19) Pandemic on Gastroenterology Training
47xgh43z,9y076a21,1.0,Data Analysis of Infection Rates Among Exposed Healthcare Workers Could Reveal Effective Prophylactics Against SARS-CoV-2.,Data Analysis of Infection Rates Among Exposed Healthcare Workers Could Reveal Effective Prophylactics Against SARS-CoV-2
i7gijwfe,713xsj1z,1.0,COVID-19: a year on,[Graefe year 2020].
jk1pb19l,305z1ptu,1.0,Editorial.,Éditorial: Editorial
j6qvoict,305z1ptu,1.0,Editorial – COVID‐19,Éditorial: Editorial
7g584s7p,wjrnrwbz,1.0,TNF-α levels and presence of SNP-308G/A of TNF-α gene in temporomandibular disorder patients,TNF-α levels and presence of SNP-308G/A of TNF-α gene in temporomandibular disorder patients.
qeyibdp2,aflszl0b,1.0,Verleihung Autorenpreis Der Sacam,Cardiopulmonale Wiederbelebung in Zeiten der COVID-19 Pandemie
qeyibdp2,yb8rr84w,1.0,Verleihung Autorenpreis Der Sacam,Mitteilungen der DGINA
vpbjwocr,mt6hb03e,1.0,SARS-CoV-2 spike S375F mutation characterizes the Omicron BA.1 variant,SARS-CoV-2 spike S375F mutation characterizes the Omicron BA.1 variant
itt03qg9,krx4hjmg,1.0,Coronaviruses as the emerging threats for human health: should we be prepared for the future outbreaks of new coronaviruses?,Coronaviruses as the emerging threats for human health: should we be prepared for the future outbreaks of new coronaviruses?
cszg55ow,u0k5dn76,1.0,Infektionsverlauf und Pathogenität,"Immunsystem, Immunität und Infektionsschutz"
qeyibdp2,wf9q6iv3,1.0,Verleihung Autorenpreis Der Sacam,Mitteilungen der DGKJ
ms5owxkq,b2l3fci0,1.0,Mathematical Analysis of COVID-19 via New Mathematical Model,Mathematical Analysis of COVID-19 via New Mathematical Model
di7o1uh2,gw408d6p,1.0,Improvement in Walking Distance Lags Raise in Lung Function in Post-COVID Patients,Improvement in Walking Distance Lags Raise in Lung Function in Post-COVID Patients
qeyibdp2,60xvjwsz,1.0,Verleihung Autorenpreis Der Sacam,Mitteilungen der DVG
17w1c41e,o7o8ucke,1.0,Clinicians’ Probability Calculator to Convert Pre-Test to Post-Test Probability of SARS-CoV-2 Infection Based on Method Validation from Each Laboratory,Clinicians' Probability Calculator to Convert Pre-Test to Post-Test Probability of SARS-CoV-2 Infection Based on Method Validation from Each Laboratory
qvjlpfod,m1ife0j0,1.0,'Unit dose': Clinical risk management of covid-19 patients treated with hydroxychloroquine,5PSQ-214 ‘Unit dose’: clinical risk management of COVID-19 patients treated with hydroxychloroquine
k98cp62u,brzcrhmz,1.0,Infections as Novel Risk Factors of Atherosclerotic Cardiovascular Diseases: Pathophysiological Links and Therapeutic Implications,Infections as Novel Risk Factors of Atherosclerotic Cardiovascular Diseases: Pathophysiological Links and Therapeutic Implications
0h1c0wkh,8j6pgv41,1.0,"Key genetic elements, single and in clusters, underlying geographically dependent SARS-CoV-2 genetic adaptation and their impact on binding affinity for drugs and immune control","Key genetic elements, single and in clusters, underlying geographically dependent SARS-CoV-2 genetic adaptation and their impact on binding affinity for drugs and immune control"
5fwdzpp2,ju83aak8,1.0,Exploring Self-Supervised Representation Ensembles for COVID-19 Cough Classification,Exploring Self-Supervised Representation Ensembles for COVID-19 Cough Classification
jk1pb19l,54gpjvhv,1.0,Editorial.,Editorial.
dvy39w6r,geusb8xh,1.0,Combined Cardiac Risk Factors Predict COVID-19 Related Mortality and the Need for Mechanical Ventilation in Coptic Clergy,Combined Cardiac Risk Factors Predict COVID-19 Related Mortality and the Need for Mechanical Ventilation in Coptic Clergy
j6qvoict,54gpjvhv,1.0,Editorial – COVID‐19,Editorial.
31qldfs1,fgw4wps2,1.0,News in brief.,News in Brief
31qldfs1,jeiqu91t,1.0,News in brief.,News in Brief
n6eog2f1,4rp6i0t3,1.0,"I-FABP is decreased in COVID-19 patients, independently of the prognosis","I-FABP is decreased in COVID-19 patients, independently of the prognosis"
i7gijwfe,fhj0pvto,1.0,COVID-19: a year on,A year of Covid
lrkg4h0z,np1bj8z4,1.0,"An erythrocytic virus of the Brazilian tree-frog, Phrynohyas venulosa.","An erythrocytic virus of the Brazilian tree-frog, Phrynohyas venulosa"
q7c4k12f,xhgt5v3l,1.0,Human-Centered Design Smart Clothing for Ambient Assisted Living of Elderly Users: Considerations in the COVID-19 Pandemic Perspective,Human-Centered Design Smart Clothing for Ambient Assisted Living of Elderly Users: Considerations in the COVID-19 Pandemic Perspective
qeyibdp2,wmsx2ynt,1.0,Verleihung Autorenpreis Der Sacam,Mitteilungen der DGU
qeyibdp2,go1ejczo,1.0,Verleihung Autorenpreis Der Sacam,Der Fachmann
15our57x,m8izwgdc,1.0,Assessment of event-triggered policies of nonpharmaceutical interventions based on epidemiological indicators,Assessment of event-triggered policies of nonpharmaceutical interventions based on epidemiological indicators
ehnq2tdc,vt75qkfw,1.0,The impact of COVID-19 on the clinical trial,The impact of COVID-19 on the clinical trial
skyuqz6s,abdcyzvi,1.0,Reporte de situacion COVID-19 Colombia No 86: 22 de junio de 2020,Reporte de situacion COVID-19 Colombia No 87: 23 de junio de 2020
n4jmg0ta,iymp3fsq,1.0,"Erratum: Vol. 69, No. 29","Erratum: Vol. 69, No. 49"
qfq7drbx,onyl6krv,1.0,COVID-19 Pandemic and JBJS,[The COVID-19 pandemic]
ym7rly0o,1eni82ov,1.0,Offshore Currency Markets: Non-Deliverable Forwards (NDFs) in Asia,Offshore Currency Markets: Non-Deliverable Forwards (NDFs) in Asia
vz202y6m,r4be1wee,1.0,Your help is needed in the fight against COVID-19: Please contribute to the COVID-19 Global rheumatology alliance registry,Your help is needed in the fight against COVID‐19: Please contribute to the COVID‐19 Global Rheumatology Alliance Registry
1okmhrvu,r5wrcbao,1.0,Human-Automation Trust to Technologies for Naïve Users Amidst and Following the COVID-19 Pandemic.,Human-Automation Trust to Technologies for Naïve Users Amidst and Following the COVID-19 Pandemic
ebkepnpc,334mwg4k,1.0,Guidance for rebooting electrophysiology through the COVID-19 pandemic from the Heart Rhythm Society and the American Heart Association Electrocardiography and Arrhythmias Committee of the Council on Clinical Cardiology,Guidance for Rebooting Electrophysiology Through the COVID-19 Pandemic From the Heart Rhythm Society and the American Heart Association Electrocardiography and Arrhythmias Committee of the Council on Clinical Cardiology
1kv862ox,xqerl6m9,1.0,The Impact of the COVID-19 Self-Isolation Policy on the Occupations of Vulnerable Groups,The Impact of the COVID-19 Self-Isolation Policy on the Occupations of Vulnerable Groups
j6qvoict,99fgkc3g,1.0,Editorial – COVID‐19,Editorial - COVID-19
n4jmg0ta,8aobiye6,1.0,"Erratum: Vol. 69, No. 29","Erratum: Vol. 69, No. 29"
jk1pb19l,99fgkc3g,1.0,Editorial.,Editorial - COVID-19
fk8k5epa,71k1q0hy,1.0,The economic burden of allergic comorbidities in pediatric severe asthma,The economic burden of allergic comorbidities in pediatric severe asthma.
ur2wqfmz,5b8e8p5t,1.0,Does the inflow velocity profile influence physiologically relevant flow patterns in computational hemodynamic models of left anterior descending coronary artery?,Does the inflow velocity profile influence physiologically relevant flow patterns in computational hemodynamic models of left anterior descending coronary artery?
cszg55ow,4pk73aar,1.0,Infektionsverlauf und Pathogenität,Covid-19: Gesundheitliche Ungleichheit und Pflegebedürftigkeit
qeyibdp2,hzbaterg,1.0,Verleihung Autorenpreis Der Sacam,Mitteilungen der DGRh - Veranstaltungen der Rheumaakademie
qeyibdp2,bsxc5v3j,1.0,Verleihung Autorenpreis Der Sacam,Auswirkungen der COVID-19-Pandemie
x5ye0tzu,n194opmp,1.0,The COVID-19 Vaccine Landscape.,The COVID-19 Vaccine Landscape
n4jmg0ta,zk292qri,1.0,"Erratum: Vol. 69, No. 29","Erratum: Vol. 70, No. 36"
g3ctaj0v,2h5oljm7,1.0,Impacts of COVID-19 on vulnerable children in temporary accommodation in the UK,Impacts of COVID-19 on vulnerable children in temporary accommodation in the UK
aa96mnwu,ljzl79m7,1.0,SARS-CoV-2 show no infectivity at later stages in a prolonged COVID-19 patient despite positivity in RNA testing,SARS-CoV-2 show no infectivity at later stages in a prolonged COVID-19 patient despite positivity in RNA testing
bs3r9qh8,ka317z6y,1.0,Seven days in medicine: 27 Oct to 2 Nov 2021,Seven days in medicine: 28 Oct to 3 Nov 2020
olly8fn7,hxwr2rma,1.0,Clinical symptoms among ambulatory patients tested for SARS-CoV-2,Clinical symptoms among ambulatory patients tested for SARS-CoV-2
yhqmq5ql,y90rcutj,1.0,The increasing impact of Chinese innovative drug research on the global stage with a focus on drug discovery,The increasing impact of Chinese innovative drug research on the global stage with a focus on drug discovery
oey3cl5k,t6cb3v9d,1.0,Anxiety amongst physicians during COVID-19: Cross-sectional study in Pakistan,Anxiety amongst physicians during COVID-19: cross-sectional study in Pakistan
mim9hu1x,4ghzgwqe,1.0,Understanding health spending for SDG 3,Understanding health spending for SDG 3
rh46zbw2,t5xo9an1,1.0,COVID-19 - A vascular disease,COVID-19 and vascular disease.
m068poi5,pit6lzsr,1.0,Host Polymorphisms May Impact SARS-CoV-2 Infectivity,Host polymorphisms may impact SARS-CoV-2 infectivity
j6qvoict,hmvymw17,1.0,Editorial – COVID‐19,EDITORIAL
qeyibdp2,pf07lqrv,1.0,Verleihung Autorenpreis Der Sacam,Mitteilungen der DGRh - Veranstaltungen der Rheumaakademie
jk1pb19l,hmvymw17,1.0,Editorial.,EDITORIAL
cszg55ow,x6u3bm0c,1.0,Infektionsverlauf und Pathogenität,Neuroonkologie und Palliativmedizin
n4jmg0ta,hmfcqbur,1.0,"Erratum: Vol. 69, No. 29","Erratum: Vol. 69, No. 43"
n4jmg0ta,mszt70q6,1.0,"Erratum: Vol. 69, No. 29","Erratum: Vol. 70, No. 3"
2af5c1da,jy0xh4og,1.0,Pandemic Politics: Timing State-Level Social Distancing Responses to COVID-19,Pandemic Politics: Timing State-Level Social Distancing Responses to COVID-19.
31qldfs1,uur2er6x,1.0,News in brief.,News in Brief
qeyibdp2,wr9uokky,1.0,Verleihung Autorenpreis Der Sacam,Mitteilungen der DGG
x9hv7ejo,hmvpgoex,1.0,Perspective from Singapore and China on the Covid-19 pandemic: the new world order for ophthalmic practice,Perspective from Singapore and China on the COVID-19 Pandemic: The New World Order for Ophthalmic Practice
qxf4dklq,pc5yl4v2,1.0,Environmental Contamination with SARS-CoV-2 in Nursing Homes,Environmental contamination with SARS‐CoV‐2 in nursing homes
eqcjs076,sacfy9h7,1.0,Genome-wide identification and analysis of NPR family genes in Brassica juncea var. tumida,Genome-wide identification and analysis of NPR family genes in Brassica juncea var. tumida.
jk1pb19l,qq5amdne,1.0,Editorial.,Editorial.
mg14t8ox,0krkftr3,1.0,SARS-CoV-2 decontamination of skin with disinfectants active during and after application,Decontamination of skin from SARS-CoV-2 with disinfectants active during and after application
j6qvoict,qq5amdne,1.0,Editorial – COVID‐19,Editorial.
54nhns6r,8yo4f6ai,1.0,Nomogram to identify severe coronavirus disease 2019 (COVID-19) based on initial clinical and CT characteristics: a multi-center study,Nomogram to identify severe coronavirus disease 2019 (COVID-19) based on initial clinical and CT characteristics: a multi-center study
z28bws23,1j30lyy5,1.0,Cardiovascular comorbidity and its impact on patients with Covid-19,Cardiovascular comorbidity and its impact on patients with COVID-19
qifuxcvv,1os0tfek,1.0,BISp Informationen,BISp Informationen
w8u0nybu,os8w7c58,1.0,News,News.
var73tav,37imjjho,1.0,From the Editor.,From the Editor
41g4q0b2,dwn856hr,1.0,ACE2 polymorphisms as potential players in COVID-19 outcome,ACE2 polymorphisms as potential players in COVID-19 outcome
ofvlafgf,6iomvk93,1.0,A SARS-CoV-2 nucleocapsid protein TR-FRET assay amenable to high-throughput screening,SARS-CoV-2 Nucleocapsid Protein TR-FRET Assay Amenable to High Throughput Screening
var73tav,nsgdx8x3,1.0,From the Editor.,To the Editor.
mdd60ic7,nfzoanb9,1.0,Acknowledgement to Referees,Acknowledgement to Referees
iyngybzm,debbr9jb,1.0,COVID-19 and a New Normal?,COVID-19: The New Normal
37imjjho,nsgdx8x3,1.0,From the Editor,To the Editor.
eeiysoqn,csfy7of4,1.0,Prevalence of Asymptomatic SARS-CoV-2 Infection.,Prevalence of Asymptomatic SARS-CoV-2 Infection.
lqcct31q,iqueim0o,1.0,From Mitigation to Containment of the COVID-19 Pandemic: Putting the SARS-CoV-2 Genie Back in the Bottle,From Mitigation to Containment of the COVID-19 Pandemic: Putting the SARS-CoV-2 Genie Back in the Bottle.
o1mpovkv,jdwdi4xi,1.0,COVID-19 and Cerebrovascular Diseases: A Systematic Review and Perspectives for Stroke Management,COVID-19 and Cerebrovascular Diseases: A Systematic Review and Perspectives for Stroke Management
ouu639e0,6sloubev,1.0,COVID‐19: Surgical masks and respirators in the operating theatre,COVID-19: Surgical masks and respirators in the operating theatre
4svxiz94,6go0b54o,1.0,[Community-acquired pneumonia].,Community-Acquired Pneumonia
w06qsclo,x5s4l0pp,1.0,Molecular interaction and inhibition of SARS-CoV-2 binding to the ACE2 receptor,Molecular interaction and inhibition of SARS-CoV-2 binding to the ACE2 receptor
7zhry22t,lwb52sfv,1.0,Kongresse des BDI,Mitteilungen des BDI
vh6og24w,cdjtqi9g,1.0,A rapid and cost-effective multiplex ARMS-PCR method for the simultaneous genotyping of the circulating SARS-CoV-2 phylogenetic clades,A rapid and cost‐effective multiplex ARMS‐PCR method for the simultaneous genotyping of the circulating SARS‐CoV‐2 phylogenetic clades
0hiuqeyp,o80angsc,1.0,Existing Drugs Considered as Promising in COVID-19 Therapy,Existing Drugs Considered as Promising in COVID-19 Therapy
dogsza0f,f7spmxkp,1.0,Serum neurofilament light protein correlates with unfavorable clinical outcomes in hospitalized patients with COVID-19,Serum neurofilament light protein correlates with unfavorable clinical outcomes in hospitalized patients with COVID-19
h4dlwu8q,hrmx9eav,1.0,Modeling the Structure of the Frameshift-Stimulatory Pseudoknot in SARS-CoV-2 Reveals Multiple Possible Conformers,Modeling the structure of the frameshift stimulatory pseudoknot in SARS-CoV-2 reveals multiple possible conformers
red70t9y,u8in99oe,1.0,Order out of chaos: Sense of coherence and the mediating role of coping resources in explaining mental health during COVID-19 in 7 countries,Order out of chaos: Sense of coherence and the mediating role of coping resources in explaining mental health during COVID-19 in 7 countries
zcb4uubq,c1mte14k,1.0,Streamlining SARS-CoV-2 confirmatory testing to reduce false positive results,Streamlining SARS-CoV-2 confirmatory testing to reduce false positive results
qnloccz6,d3kebcv1,1.0,Embracing the Landscape of Therapeutics.,Embracing the Landscape of Therapeutics
uko6zyvx,sxlkbhu6,1.0,Highly sensitive scent-detection of COVID-19 patients in vivo by trained dogs,Highly sensitive scent-detection of COVID-19 patients in vivo by trained dogs
06xkhoxi,8nifp16g,1.0,295 Complementary Medicine (CAM) Beliefs and Attitudes Towards COVID-19 in Inner-City Kidney Patients,295 Complementary Medicine (CAM) Beliefs and Attitudes Towards COVID-19 in Inner-City Kidney Patients
g4fmb1x7,qdxhyqjz,1.0,Panorama,Panorama
tlwecvco,w70ksz8p,1.0,"Spatio-temporal impact of self-financed rotavirus vaccination on rotavirus and acute gastroenteritis hospitalisations in the Valencia region, Spain.","Spatio-temporal impact of self-financed rotavirus vaccination on rotavirus and acute gastroenteritis hospitalisations in the Valencia region, Spain"
l9ia7m45,g1y7hdqj,1.0,Issue highlights,Issue Highlights
g4fmb1x7,h4r8j92k,1.0,Panorama,Panorama
7zhry22t,70zgfhbp,1.0,Kongresse des BDI,Mitteilungen des BDI
1w22wmns,0arxn9s5,1.0,"Call for emergency action to limit global temperature increases, restore biodiversity and protect health","Call for emergency action to limit global temperature increases, restore biodiversity, and protect health"
9j7zbn1l,1j6fq7uw,1.0,The immunomodulatory effects of exercise against COVID-19,The immunomodulatory effects of exercise against COVID-19
37imjjho,q326wynw,1.0,From the Editor,From the Editor
oyg5wv70,st08aq83,1.0,A Multi-platform Approach to Monitoring Negative Dominance for COVID-19 Vaccine-Related Information Online,A Multi-Platform Approach to Monitoring Negative Dominance for COVID-19 Vaccine-Related Information Online
1w22wmns,e8qht1zc,1.0,"Call for emergency action to limit global temperature increases, restore biodiversity and protect health","Call for emergency action to limit global temperature increases, restore biodiversity, and protect health"
1w22wmns,j096a4r2,1.0,"Call for emergency action to limit global temperature increases, restore biodiversity and protect health","Call for emergency action to limit global temperature increases, restore biodiversity, and protect health"
3mpvdvbd,exy1mecx,1.0,NHS workplace health and wellbeing during COVID-19.,NHS workplace health and wellbeing during COVID-19
7zhry22t,cde8xj2l,1.0,Kongresse des BDI,Kongresse des BDI
38ty9jtw,76j78e9x,1.0,Characterizing Human Mobility Patterns During COVID-19 using Cellular Network Data,Characterizing human mobility patterns during COVID-19 using cellular network data
var73tav,q326wynw,1.0,From the Editor.,From the Editor
ogmkk593,mxg0ny6q,1.0,"Semper firmus, pharmacists as versatile team members","Semper firmus, pharmacists as versatile team members"
4svxiz94,5lews3uw,1.0,[Community-acquired pneumonia].,COMMUNITY-ACQUIRED PNEUMONIA
ok71cbk0,14lq7zht,1.0,Baricitinib set to join the Covid-19 therapeutic arsenal?,Baricitinib set to join the Covid-19 therapeutic arsenal?
6203masw,fe48fa5a,1.0,A granulocytic signature identifies COVID-19 and its severity,A Granulocytic Signature Identifies COVID-19 and Its Severity
2p3bxvon,gf7ock3q,1.0,Sustained Wide Complex Tachycardia in a Healthy Man,Sustained Wide Complex Tachycardia in a Healthy Man.
m9sbvag6,kuplccnm,1.0,Subject index for volume 169,"Subject index: Volume 32, 1999"
ls2zv5v2,pumjap3g,1.0,Early expansion of myeloid-derived suppressor cells inhibits SARS-CoV-2 specific T-cell response and may predict fatal COVID-19 outcome,Early expansion of myeloid-derived suppressor cells inhibits SARS-CoV-2 specific T-cell response and may predict fatal COVID-19 outcome
g4fmb1x7,2odqa7md,1.0,Panorama,Panorama
guvlwi3p,lr4ro4h6,1.0,"COVID-19 Outbreak Among College Students After a Spring Break Trip to Mexico - Austin, Texas, March 26-April 5, 2020","COVID-19 Outbreak Among College Students After a Spring Break Trip to Mexico — Austin, Texas, March 26–April 5, 2020"
jesjoimw,kjst540y,1.0,Ocular Distribution of the Renin-Angiotensin-Aldosterone System in the Context of the SARS-CoV-2 Pandemic,Ocular Distribution of the Renin-Angiotensin-Aldosterone System in the Context of the SARS-CoV-2 Pandemic
a9eci2qm,e8sppjfz,1.0,Equine arteritis virus,Equine arteritis virus
ew7re39b,p3s0wn95,1.0,Real-time nowcasting and forecasting of COVID-19 dynamics in England: the first wave,Real-time Nowcasting and Forecasting of COVID-19 Dynamics in England: the first wave?
h20rbr3a,6v9mil37,1.0,COVID-19 and gynecological cancers: A Moroccan point-of-view,COVID-19 and gynecological cancers: A Moroccan point-of-view
1w22wmns,hww499ys,1.0,"Call for emergency action to limit global temperature increases, restore biodiversity and protect health","Call for emergency action to limit global temperature increases, restore biodiversity, and protect health."
mdd60ic7,qgrecd29,1.0,Acknowledgement to Referees,Acknowledgement to Referees
hozlj1hq,2li1lx0b,1.0,COVID-19 Infection in Kidney Transplant Recipients: A Single-Center Case Series of 22 Cases From Belgium,COVID-19 Infection in Kidney Transplant Recipients: A Single-Center Case Series of 22 Cases From Belgium
43d3rcvj,c3w3pou3,1.0,Impact of COVID-19 on Nephrology Patients: A Mechanistic Outlook for Pathogenesis of Acute Kidney Injury.,Impact of COVID-19 on Nephrology Patients: A Mechanistic Outlook for Pathogenesis of Acute Kidney Injury
w8u0nybu,5atqrqer,1.0,News,News
q7xyulxj,n4ob61ii,1.0,Impact of BNT162b first vaccination on the immune transcriptome of elderly patients infected with the B.1.351 SARS-CoV-2 variant,Impact of BNT162b First Vaccination on the Immune Transcriptome of Elderly Patients Infected with the B.1.351 SARS-CoV-2 Variant
skq0klky,ged8iylm,1.0,Breast Surgery in the Time of Global Pandemic: Benefits of Same-Day Surgery for Breast Cancer Patients Undergoing Mastectomy with Immediate Reconstruction during COVID-19,Breast Surgery in the Time of Global Pandemic: Benefits of Same-Day Surgery for Breast Cancer Patients Undergoing Mastectomy with Immediate Reconstruction during COVID-19
os8w7c58,5atqrqer,1.0,News.,News
g4fmb1x7,1mn5qx8d,1.0,Panorama,Panorama
pme1llph,977nw8em,1.0,Diagnosis value of SARS-CoV-2 antigen/antibody combined testing using rapid diagnostic tests at hospital admission,Diagnosis value of SARS-CoV-2 antigen/antibody combined testing using rapid diagnostic tests at hospital admission
s5rhsaxw,7rhqw0ns,1.0,O brave new world of 2020.,O brave new world of 2020
iyngybzm,r2x0ztx8,1.0,COVID-19 and a New Normal?,A New Normal
4lm663f1,703febui,1.0,SARS-CoV-2-A Tough Opponent for the Immune System,SARS-CoV-2–A Tough Opponent for the Immune System
m9sbvag6,7wpzw323,1.0,Subject index for volume 169,Subject index for volume 134
m9sbvag6,7tx833ye,1.0,Subject index for volume 169,Subject index to volume 87
9ujb9kbn,8v2ao6lr,1.0,P53 in acute respiratory distress syndrome,Acute respiratory distress syndrome
7zhry22t,kpmp67qb,1.0,Kongresse des BDI,Mitteilungen des BDI
1ld32n2t,z835wu9h,1.0,Providing cancer patients with COVID-19 free surgical pathway by two test 7 days apart preoperative protocol (TTS protocol),Providing cancer patients with COVID‐19 free surgical pathway by two test 7 days apart preoperative protocol (TTS protocol)
edo360ln,84i1r6yi,1.0,Fight against Viruses (COVID-19): Peace among Nations,Fight against viruses (COVID-19): Peace among nations
t2eer2j8,rno1kjjh,1.0,COVID-19: a retrospective cohort study with focus on the over-80s and hospital-onset disease,COVID-19: a retrospective cohort study with focus on the over-80s and hospital-onset disease
z8pumfgb,bzrwimmb,1.0,Measuring the impact of spatial perturbations on the relationship between data privacy and validity of descriptive statistics,Measuring the impact of spatial perturbations on the relationship between data privacy and validity of descriptive statistics
10brcs9v,thkcr45a,1.0,Risk factors for severity on admission and the disease progression during hospitalisation in a large cohort of patients with COVID-19 in Japan,Risk factors for severity on admission and the disease progression during hospitalisation in a large cohort of patients with COVID-19 in Japan
w8u0nybu,gmp48lvd,1.0,News,News
os8w7c58,gmp48lvd,1.0,News.,News
s3192iab,xvnjv9u2,1.0,The effect of control measures on COVID-19 transmission in Italy: Comparison with Guangdong province in China,The effect of control measures on COVID-19 transmission in Italy: Comparison with Guangdong province in China
w8u0nybu,5h88ypps,1.0,News,News
os8w7c58,5h88ypps,1.0,News.,News
kgxkiaxt,0wb7d5lu,1.0,The impact of different COVID-19 containment measures on electricity consumption in Europe,The impact of different COVID-19 containment measures on electricity consumption in Europe
r62d1duf,8m61nia3,1.0,Confluence of obesity and MAFLD during Covid‐19 pandemic in a developing country,Confluence of obesity and MAFLD during Covid-19 pandemic in a developing country
ox4jbobz,vshwrwxb,1.0,Who should be prioritised for COVID-19 vaccination?,Who should be prioritised for COVID-19 vaccination?
51jactxu,nnoi7dlz,1.0,Error in Affiliations.,Error in the Affiliations
rseez6yh,w7n0ibyd,1.0,Chilblain‐like lesions in children following suspected COVID‐19 infection,Chilblain-like lesions in children following suspected COVID-19 infection
326wtg53,6lfzmw6d,1.0,Implications of COVID-19 Vaccine Hesitancy: Results of Online Bulletin Board Interviews,Implications of COVID-19 Vaccine Hesitancy: Results of Online Bulletin Board Interviews
5lr0clah,yaadgggn,1.0,Viral infections and their relationship to neurological disorders,Viral infections and their relationship to neurological disorders
g4fmb1x7,j35pt4em,1.0,Panorama,Panorama
m9sbvag6,kfzk6ss3,1.0,Subject index for volume 169,Subject index to volume 104
xrwsv0r8,pvfrxh49,1.0,Blood cell counts and lymphocyte subsets of patients admitted during the COVID‐19 pandemic: a prospective cohort study,Blood cell counts and lymphocyte subsets of patients admitted during the COVID-19 pandemic: a prospective cohort study
q0j8ffpr,fcc66mlz,1.0,A Multilayer Network Model of the Coevolution of the Spread of a Disease and Competing Opinions,A multilayer network model of the coevolution of the spread of a disease and competing opinions
iyngybzm,dg97z4ko,1.0,COVID-19 and a New Normal?,The new not normal
iz6e5bbl,hem0yosi,1.0,Response to: 'Impact of COVID-19 pandemic on patients with SLE: results of a large multicentric survey from India' by Goyal et al,Response to: 'Impact of COVID-19 pandemic on patients with SLE: results of a large multicentric survey from India' by Goyal et al.
skq0klky,i7vgvqxb,1.0,Breast Surgery in the Time of Global Pandemic: Benefits of Same-Day Surgery for Breast Cancer Patients Undergoing Mastectomy with Immediate Reconstruction during COVID-19,Breast Surgery in the Time of Global Pandemic: Benefits of Same-day Surgery for Breast Cancer Patients Undergoing Mastectomy with Immediate Reconstruction during COVID-19.
os8w7c58,tzjytgyf,1.0,News.,In the news
7zhry22t,lop0f9un,1.0,Kongresse des BDI,Kongresse des BDI
w8u0nybu,tzjytgyf,1.0,News,In the news
tmqeotza,urhelmzz,1.0,Retraction of COVID-19 Pharmacoepidemiology Research Could Have Been Avoided by Effective Use of Reporting Guidelines,Retraction of covid-19 pharmacoepidemiology research could have been avoided by effective use of reporting guidelines
x1cxryxz,qfzxc8tm,1.0,Regarding “Cranial nerve involvement in COVID-19”,"Regarding ""Cranial nerve involvement in COVID-19"""
xz1cywiz,esygmnes,1.0,A Structural Equation Model to Examine the Clinical Features of Mild-to-Moderate Covid-19: A Multicenter Italian Study.,A structural equation model to examine the clinical features of mild-to-moderate COVID-19: A multicenter Italian study
q4vwasb3,mcyvnxji,1.0,Alarming trends in US domestic violence during the COVID-19 pandemic,Alarming trends in US domestic violence during the COVID-19 pandemic
4svxiz94,bbywrc1g,1.0,[Community-acquired pneumonia].,Community-acquired pneumonia.
l9ia7m45,np26v04y,1.0,Issue highlights,ISSUE HIGHLIGHTS.
x66zqmgv,h6mzhkqy,1.0,Depression and anxiety among university students during the COVID-19 pandemic in Bangladesh: A web-based cross-sectional survey,Depression and anxiety among university students during the COVID-19 pandemic in Bangladesh: A web-based cross-sectional survey
cadqb95i,2ym5jaoh,1.0,"Response to Comment on Cai et al. Obesity and COVID-19 Severity in a Designated Hospital in Shenzhen, China. Diabetes Care 2020;43:1392-1398","Response to Comment on Cai et al. Obesity and COVID-19 Severity in a Designated Hospital in Shenzhen, China. Diabetes Care 2020;43:1392-1398."
f1fj81m3,ghekvvg7,1.0,Influenza Vaccine as Part of a Heart Disease Armamentarium in the New Cardio-Respiratory Virus Era,Influenza vaccine as part of a heart disease armamentarium in the new cardio-respiratory virus era
cbiw6yvb,7z6a7jwa,1.0,Evaluating the efficacy of RT-qPCR SARS-CoV-2 direct approaches in comparison to RNA extraction,Evaluating the efficacy of RT-qPCR SARS-CoV-2 direct approaches in comparison to RNA extraction
l9ia7m45,n3x6iehh,1.0,Issue highlights,Issue Highlights.
fdq00a15,eakfnb8o,1.0,Comparative evaluation of semi-quantitative CT-severity scoring versus serum lactate dehydrogenase as prognostic biomarkers for disease severity and clinical outcome of COVID-19 patients,Comparative evaluation of semi-quantitative CT-severity scoring versus serum lactate dehydrogenase as prognostic biomarkers for disease severity and clinical outcome of COVID-19 patients
d0ygw80h,u6pq28fr,1.0,"High Mortality Unaffected by Age, Gender and Steroid Use is the Hallmark of COVID-19 in Diabetes: Observations from a Retrospective Analysis during Peak of 2020 Pandemic in India","High mortality unaffected by age, gender and steroid use is the hallmark of COVID-19 in diabetes: observations from a retrospective analysis during peak of 2020 pandemic in India"
mzjm90xv,5whp5r9v,1.0,COVID-19 SignSym: A fast adaptation of general clinical NLP tools to identify and normalize COVID-19 signs and symptoms to OMOP common data model,COVID-19 SignSym: A fast adaptation of general clinical NLP tools to identify and normalize COVID-19 signs and symptoms to OMOP common data model
ono7hpj6,wk972j0i,1.0,Psychoanalytic Perspectives on Moral Injury in Nurses on the Frontlines of the COVID-19 Pandemic,Psychoanalytic Perspectives on Moral Injury in Nurses on the Frontlines of the COVID-19 Pandemic.
37imjjho,p80sewn1,1.0,From the Editor,To the Editor:
ojrjkno4,30s153td,1.0,Clinical features and risk factors for ICU admission in COVID-19 patients with cardiovascular diseases,Clinical features and risk factors for ICU admission in COVID-19 patients with cardiovascular diseases
var73tav,p80sewn1,1.0,From the Editor.,To the Editor:
7zhry22t,16bn81xf,1.0,Kongresse des BDI,Mitteilungen des BDI
var73tav,umc194c7,1.0,From the Editor.,From the Editor.
bwzuwlqe,4q7sixgy,1.0,Controlled Apneic Tracheostomy in Patients with COVID-19,Controlled Apneic Tracheostomy in Patients with COVID-19.
4svxiz94,hgp57o0s,1.0,[Community-acquired pneumonia].,Community-Acquired Pneumonia
eh12luma,cxhr9irs,1.0,Continuous Electroencephalography Characteristics and Acute Symptomatic Seizures in COVID-19 Patients,Continuous Electroencephalography (cEEG) Characteristics and Acute Symptomatic Seizures in COVID-19 Patients
37imjjho,umc194c7,1.0,From the Editor,From the Editor.
6afo1jef,avq2a1s6,1.0,A Potential Role of the Renin-Angiotensin-System for Disturbances of Respiratory Chemosensitivity in Acute Respiratory Distress Syndrome and Severe Acute Respiratory Syndrome,A Potential Role of the Renin-Angiotensin-System for Disturbances of Respiratory Chemosensitivity in Acute Respiratory Distress Syndrome and Severe Acute Respiratory Syndrome
95z3wd7w,sqmjaem7,1.0,Vaccine Stockpile Sharing For Selfish Objectives,Vaccine Stockpile Sharing For Selfish Objectives
c662ftqt,ddhjrjsx,1.0,A quick laboratory method for assessment of blood penetration and splash resistance of PPE fabrics during the COVID-19 pandemic situation,A Quick Laboratory Method for Assessment of Blood Penetration and Splash Resistance of PPE Fabrics During the COVID-19 Pandemic Situation
4aiqkww9,nrr17xmu,1.0,Contents of volume 18,Contents of volume 10
az06l66l,sssgg2zc,1.0,This newly recognized coronavirus makes one wonder why we were so unprepared,This newly recognized coronavirus makes one wonder why we were so unprepared
nbwkutt5,lkhfo8j3,1.0,Correction to Lancet Infect Dis 2020; 20: e108–15,Correction to Lancet Infect Dis 2020; 20: 1263–72
bzw9cg08,ant7h3ll,1.0,Provision of Critical Maternity Care during the Coronavirus Disease 2019 (COVID-19) Pandemic in the Islamic Republic of Iran.,Provision of Critical Maternity Care during the Coronavirus Disease 2019 (COVID-19) Pandemic in the Islamic Republic of Iran
7x0szip6,zwhbzdm2,1.0,"COVID-19 and schooling: evaluation, assessment and accountability in times of crises-reacting quickly to explore key issues for policy, practice and research with the school barometer","COVID-19 and schooling: evaluation, assessment and accountability in times of crises—reacting quickly to explore key issues for policy, practice and research with the school barometer"
nijmxvdy,99zbih0e,1.0,Mindfulness based cognitive therapy for youth with inflammatory bowel disease and depression - Findings from a pilot randomised controlled trial,Mindfulness based cognitive therapy for youth with inflammatory bowel disease and depression - Findings from a pilot randomised controlled trial.
t7rn8d8j,13vz8rg8,1.0,Editorial: How in the world are we handling COVID-19?,Editorial: How in the world are we handling COVID‐19?
mjtlhh5e,zc0hf6ue,1.0,Dashboard of sentiment in Austrian social media during COVID-19,Dashboard of Sentiment in Austrian Social Media During COVID-19
a3rpff3r,on9g9bx1,1.0,ACE2 and energy metabolism: the connection between COVID-19 and chronic metabolic disorders.,ACE2 and energy metabolism: the connection between COVID-19 and chronic metabolic disorders
cibynig8,znv1uvae,1.0,(Mis)Information and Anxiety: Evidence from a Randomized COVID-19 Information Campaign,(Mis)information and anxiety: Evidence from a randomized Covid-19 information campaign
7csyuelf,580xzb20,1.0,Emergency Medicine Journal COVID-19 monthly top five.,Emergency Medicine Journal COVID-19 monthly top five.
n5jp9b06,g1l47yky,1.0,"SARS-CoV-2 antibodies in healthcare workers in a large university hospital, Kerala, India","SARS-CoV-2 antibodies in healthcare workers in a large university hospital, Kerala, India()"
fi2f3agd,aa7kojau,1.0,In Silico Investigation of the SARS CoV2 Protease with Thymoquinone Major Constituent of Nigella Sativa,In Silico Investigation of the SARS CoV2 Protease with Thymoquinone Major Constituent of Nigella Sativa.
n3fs8ph8,hygpknnz,1.0,Extrapulmonary manifestations of COVID-19 in children: a comprehensive review and pathophysiological considerations,Extrapulmonary manifestations of COVID-19 in children: a comprehensive review and pathophysiological considerations
mq4ntygs,egawqdv3,1.0,Cyberinsights: It's Complicated,Cyberinsights: It's Complicated.
0m0ur33j,mndawkml,1.0,Association of TLR3 functional variant (rs3775291) with COVID-19 susceptibility and death: a population-scale study,Association of TLR3 functional variant (rs3775291) with COVID-19 susceptibility and death: a population-scale study
2l60r7f9,vsp3ny8j,1.0,Non-invasive ventilatory support in COVID-19: operating in the evidence free zone.,Non-invasive ventilatory support in COVID-19: operating in the evidence free zone
9ekbs4r4,xfndvckz,1.0,Precision Assessment of COVID-19 Phenotypes Using Large-Scale Clinic Visit Audio Recordings: Harnessing the Power of Patient Voice,Precision Assessment of COVID-19 Phenotypes Using Large-Scale Clinic Visit Audio Recordings: Harnessing the Power of Patient Voice
nsgdx8x3,q326wynw,1.0,To the Editor.,From the Editor
w8ckulfa,0mnl3n0s,1.0,Continuous flexibility analysis of SARS-CoV-2 spike prefusion structures,Continuous flexibility analysis of SARS-CoV-2 Spike prefusion structures
jliogeuf,ei4y0agp,1.0,Tocilizumab administration in COVID-19 patients: Water on the fire or gasoline?,Tocilizumab administration in COVID-19 patients: Water on the fire or gasoline?
y3c20o6c,soe5obvu,1.0,In response.,Response
y3c20o6c,zkyej26f,1.0,In response.,Response
zga1ox2c,rfx6sclp,1.0,"COVID-19 Stats: Percentage of Middle and High School Students Aged 13–21 Years Attending In-Person Classes Who Reported Observing Fellow Students Wearing a Mask All the Time, by School Setting and Activity — United States, October 2020","COVID-19 Stats: Percentage of Middle and High School Students Aged 13-21 Years Attending In-Person Classes Who Reported Observing Fellow Students Wearing a Mask All the Time,* by School Setting and Activity - United States, October 2020"
ner2xrgj,lyri0sui,1.0,'I'm Gonna Tell You about How Mrs Rona Has Affected Me'. Exploring Young People's Experiences of the COVID-19 Pandemic in North East England: A Qualitative Diary-Based Study,‘I’m Gonna Tell You about How Mrs Rona Has Affected Me’. Exploring Young People’s Experiences of the COVID-19 Pandemic in North East England: A Qualitative Diary-Based Study
vssg7h6a,v12xxv3a,1.0,Prospective Evaluation of a Smartphone Otoscope for Home Tympanostomy Tube Surveillance: A Pilot Study.,Prospective Evaluation of a Smartphone Otoscope for Home Tympanostomy Tube Surveillance: A Pilot Study
me4u1chm,16zp6dc4,1.0,Multiple drugs: Lack of efficacy: case report,Multiple drugs: Lack of efficacy: case report
hc7dndxt,f09fxnk9,1.0,The War on COVID-19 Pandemic: Role of Rehabilitation Professionals and Hospitals,The War on COVID-19 Pandemic: Role of Rehabilitation Professionals and Hospitals
4aiqkww9,lhpy3d3p,1.0,Contents of volume 18,Contents to volume 14
rcuflo8p,expq3dce,1.0,A Biomedically oriented automatically annotated Twitter COVID-19 Dataset,A Biomedically oriented automatically annotated Twitter COVID-19 Dataset
nfzoanb9,qgrecd29,1.0,Acknowledgement to Referees,Acknowledgement to Referees
4aiqkww9,mpviiypm,1.0,Contents of volume 18,Contents of volume 46
a0jtmuqr,3fx79jdg,1.0,Neurocritical Care Society 12(th) Annual Meeting,Neurocritical Care Society 8(th) Annual Meeting
j7t9nebs,f53brdaj,1.0,Knowledge synthesis from 100 million biomedical documents augments the deep expression profiling of coronavirus receptors,Knowledge synthesis of 100 million biomedical documents augments the deep expression profiling of coronavirus receptors
2fb4z0dr,vmg4fuwt,1.0,2019 Novel coronavirus infection and gastrointestinal tract,2019 Novel coronavirus infection and gastrointestinal tract
y3c20o6c,z8v8yxgb,1.0,In response.,In Response
jbfhsa0d,1b4f9plt,1.0,"Racial Segregation, Testing Site Access, and COVID-19 Incidence Rate in Massachusetts, USA","Racial Segregation, Testing Site Access, and COVID-19 Incidence Rate in Massachusetts, USA"
tj7l0v53,hiubm4ao,1.0,Multiple organ injury on admission predicts in-hospital mortality in patients with COVID-19,Multiple Organ Injury on Admission Predicts In-Hospital Mortality in Patients with COVID -19
y3c20o6c,cst4dejz,1.0,In response.,In Response.
u74oo2ot,f280ppq9,1.0,Case Management on the Front Lines of COVID-19: The Importance of the Individualized Care Plan Across Care Settings.,Case Management on the Front Lines of COVID-19: The Importance of the Individualized Care Plan Across Care Settings.
2bcjlq1a,szw3b0jo,1.0,Getting to the Root of US Healthcare Injustices through Morrison’s Root Workers,Getting to the Root of US Healthcare Injustices through Morrison’s Root Workers
debbr9jb,r2x0ztx8,1.0,COVID-19: The New Normal,A New Normal
j9u6nrfj,s9dc7bdr,1.0,Hyperdry human amniotic membrane application as a wound dressing for a full-thickness skin excision after a third-degree burn injury,Hyperdry human amniotic membrane application as a wound dressing for a full-thickness skin excision after a third-degree burn injury
4wb5oilq,mdlqezbh,1.0,Cognitive overload during the COVID‐19 Pandemic: Student response to Sewell et al,Cognitive overload during the COVID-19 pandemic: A student's response to Sewell et al
y3c20o6c,dhjitiia,1.0,In response.,Response
6tgph3sk,jwtj0pzb,1.0,COVID-19 vaccine for people who live and work in prisons worldwide: A scoping review.,COVID-19 vaccine for people who live and work in prisons worldwide: A scoping review
usee3zt5,d9ph8jnw,1.0,COVID 19 in neonates,Neonates and COVID-19
9bdiz5pz,wm7yrtrw,1.0,People + Companies,People + Companies
s5lv94in,ahxfchvd,1.0,"Práctica clínica, ámbito laboral y riesgos de la fisioterapia ante el COVID-19/Clinical practice, work and risks of physical therapy in the face of COVID-19","Clinical practice, work and risks of physical therapy in the face of COVID-19/ Práctica clínica, ámbito laboral y riesgos de la fisioterapia ante el COVID-19"
3q9wcbgg,cqg02u9r,1.0,Mid-Epidemic Forecasts of COVID-19 Cases and Deaths: A Bivariate Model Applied to the UK,Mid-Epidemic Forecasts of COVID-19 Cases and Deaths: A Bivariate Model applied to the UK
uybrwq4v,4s9yo84s,1.0,Reopening borders: protocols for resuming travel during the COVID-19 pandemic,Reopening borders: protocols for resuming travel during the COVID-19 pandemic
nbwkutt5,lzhhcezl,1.0,Correction to Lancet Infect Dis 2020; 20: e108–15,Correction to Lancet Infect Dis 2021; 21: 163-64
wrxa35da,z95dr9v6,1.0,APTA Cross Sections and Academies Recommendations for COVID-19 Core Outcome Measures,APTA Cross Sections and Academies Recommendations for COVID-19 Core Outcome Measures
vtyvf04e,7aqetbo4,1.0,"Testing for gestational diabetes during the COVID-19 pandemic. An evaluation of proposed protocols for the United Kingdom, Canada and Australia","Testing for gestational diabetes during the COVID-19 pandemic. An evaluation of proposed protocols for the United Kingdom, Canada and Australia"
odx4p806,0klf75qr,1.0,An Update on Vitamin D Metabolism,An Update on Vitamin D Metabolism
qqfdu6vi,iybjvspu,1.0,A Thermostable Cas12b from Brevibacillus Leverages One-pot Detection of SARS-CoV-2 Variants of Concern,A Thermostable Cas12b from Brevibacillus Leverages One-pot Detection of SARS-CoV-2 Variants of Concern
uruieqv0,f355fz6c,1.0,Needleless electrospun phytochemicals encapsulated nanofibre based 3-ply biodegradable mask for combating COVID-19 pandemic,Needleless electrospun phytochemicals encapsulated nanofibre based 3-ply biodegradable mask for combating COVID-19 pandemic
1n8brl09,ysrdss5q,1.0,Base protocol for real time active random surveillance of coronavirus disease (COVID-19) – Adapting veterinary methodology to public health,Base protocol for real time active random surveillance of coronavirus disease (COVID-19) - Adapting veterinary methodology to public health
95595ar7,3quzlcrp,1.0,Intensivbehandlung von Schwerverletzten,DNGK — Forschung in Zeiten von COVID-19
debbr9jb,dg97z4ko,1.0,COVID-19: The New Normal,The new not normal
ssmj52uz,s0rzuqjz,1.0,Update Alert 3: Epidemiology of and Risk Factors for Coronavirus Infection in Health Care Workers,Update Alert: Epidemiology of and Risk Factors for Coronavirus Infection in Health Care Workers
x1q5bmti,gyf54xtk,1.0,"A novel ""Google Classroom"" based pathology education tool for trainees during COVID-19 pandemic: Impactful learning while social distancing.","A novel ""Google Classroom"" based pathology education tool for trainees during COVID-19 pandemic: Impactful learning while social distancing"
y3c20o6c,evdw1rvy,1.0,In response.,In Response.
fzp8dm95,c8tvs4b1,1.0,"Bioinformatics analyses of significant genes, related pathways, and candidate diagnostic biomarkers and molecular targets in SARS-CoV-2/COVID-19","Bioinformatics analyses of significant genes, related pathways, and candidate diagnostic biomarkers and molecular targets in SARS-CoV-2/COVID-19"
c8b02qqg,q1wi8olc,1.0,Journal of Clinical Orthopaedics and Trauma – A shining star from India,Journal of Clinical Orthopaedics and Trauma - A shining star from India.
nbwkutt5,9k52e5i5,1.0,Correction to Lancet Infect Dis 2020; 20: e108–15,Correction to Lancet Infect Dis 2019; 20: 275–76
q82ushl9,q6zxlk8z,1.0,Viral sepsis is a complication in patients with Novel Corona Virus Disease (COVID-19),Viral sepsis is a complication in patients with Novel Corona Virus Disease (COVID-19)
u3k8pds6,78w2sv9x,1.0,Myocarditis,MYOCARDITIS FROM COVID-19
fbi5x644,ms4e7z4q,1.0,Indian Dermatologists Wield Technology to Combat COVID-19!,Indian Dermatologists Wield Technology to Combat COVID-19!
1z4j4fvr,xijd67v7,1.0,Understanding the heart-brain axis response in COVID-19 patients: A suggestive perspective for therapeutic development,Understanding the heart-brain axis response in COVID-19 patients: A suggestive perspective for therapeutic development
gskgf53e,sx04viob,1.0,Increased disinfectant use among adults with asthma in the era of COVID-19,Increased Disinfectant Use Among Adults with Asthma in the Era of COVID-19
p6oo70ex,aystr5na,1.0,Factors Influencing Sleep Quality among Female Staff Nurses during the Early COVID-19 Pandemic in the United States,Factors Influencing Sleep Quality among Female Staff Nurses during the Early COVID-19 Pandemic in the United States
j8wnl7ot,brk2u0ga,1.0,Pharmacological management of seizures in patients with COVID-19: a systematic review,Pharmacological management of seizures in patients with COVID-19: a systematic review
6klc2uep,aotmngue,1.0,The Association of Low Molecular Weight Heparin Use and In-hospital Mortality Among Patients Hospitalized with COVID-19,The Association of Low Molecular Weight Heparin Use and In-hospital Mortality Among Patients Hospitalized with COVID-19
8inlh3ly,up57n1q3,1.0,Socio-Economic Impacts of COVID-19 on Household Consumption and Poverty,Socio-Economic Impacts of COVID-19 on Household Consumption and Poverty
nbwkutt5,ibgjvt84,1.0,Correction to Lancet Infect Dis 2020; 20: e108–15,Correction to Lancet Infect Dis 2021; 21: 1507–17
4br9oth9,w3i4h93b,1.0,Early antiviral treatment contributes to alleviate the severity and improve the prognosis of patients with novel coronavirus disease (COVID-19),Early antiviral treatment contributes to alleviate the severity and improve the prognosis of patients with novel coronavirus disease (COVID-19).
h7qti2d9,edazin32,1.0,"""Time for Recovery"" or ""Utter Uncertainty""? The Postponement of the Tokyo 2020 Olympic Games Through the Eyes of Olympic Athletes and Coaches. A Qualitative Study",“Time for Recovery” or “Utter Uncertainty”? The Postponement of the Tokyo 2020 Olympic Games Through the Eyes of Olympic Athletes and Coaches. A Qualitative Study
l8vdlnoq,l5rsifc7,1.0,Mutational sources of trans-regulatory variation affecting gene expression in Saccharomyces cerevisiae,Mutational sources of trans-regulatory variation affecting gene expression in Saccharomyces cerevisiae
zi9u0nks,hsau744s,1.0,Adaptive Invariance for Molecule Property Prediction,Adaptive Invariance for Molecule Property Prediction
kjbktnri,2hhgovd3,1.0,Symposium Summaries,Symposium Summaries.
1qyn5kg7,onvutowm,1.0,CCR5 Δ32 minorallele is associated with susceptibility to SARS-CoV-2 infection and death: An epidemiological investigation,CCR5 Δ32 minorallele is associated with susceptibility to SARS-CoV-2 infection and death: An epidemiological investigation
lrruv02h,l3kgdrcq,1.0,Fiberoptic bronchoscopy via intubation box during COVID‐19 pandemic,Fiberoptic bronchoscopy via intubation box during COVID-19 pandemic
xkr7h8z1,9xaenhiv,1.0,Spatiotemporal mapping and assessment of daily ground NO2 concentrations in China using high-resolution TROPOMI retrievals,Spatiotemporal mapping and assessment of daily ground NO2 concentrations in China using high-resolution TROPOMI retrievals.
3npkvxlf,3yieei6w,1.0,Time of Bariatric Surgery and Hospitalization for SARS-CoV-2: a Nationwide Study,Time of Bariatric Surgery and Hospitalization for SARS-CoV-2: a Nationwide Study
jwgrxrxy,aziiltar,1.0,COVID-19 and a Window into Healthcare Providers' Resiliency,COVID-19 and a Window into Healthcare Providers' Resiliency.
nsgdx8x3,p80sewn1,1.0,To the Editor.,To the Editor:
p4tp2vxg,md9viod4,1.0,Causes of Hypoxemia in COVID-19,Causes of Hypoxemia in COVID-19
ezc8m4ru,sv4gky93,1.0,"Multisystem Inflammatory Syndrome in Children With COVID-19 in Mumbai, India","Multisystem Inflammatory Syndrome in Children With COVID-19 in Mumbai, India."
3q9wcbgg,wjo0p4bv,1.0,Mid-Epidemic Forecasts of COVID-19 Cases and Deaths: A Bivariate Model Applied to the UK,Mid-Epidemic Forecasts of COVID-19 Cases and Deaths: A Bivariate Model Applied to the UK
5o8vs8qf,wiq0oxj0,1.0,Interferon-α2 Auto-antibodies in Convalescent Plasma Therapy for COVID-19,Interferon-α Auto-Antibodies in Convalescent Plasma Therapy for COVID-19
nody656s,ei64dux1,1.0,"The Combined Impact of Gender and Age on Post-traumatic Stress Symptoms, Depression, and Insomnia During COVID-19 Outbreak in China","The Combined Impact of Gender and Age on Post-traumatic Stress Symptoms, Depression, and Insomnia During COVID-19 Outbreak in China"
yv0r3jvd,l1yi8egh,1.0,Pulmonary Rehabilitation in COVID-19 patients: A scoping review of current practice and its application during the pandemic,Pulmonary Rehabilitation in COVID-19 patients: A scoping review of current practice and its application during the pandemic
k1mf8vfy,2ip3uzta,1.0,Tocilizumab for treating COVID-19: a systemic review and meta-analysis of retrospective studies,Tocilizumab for treating COVID-19: a systemic review and meta-analysis of retrospective studies
nsgdx8x3,umc194c7,1.0,To the Editor.,From the Editor.
4aiqkww9,o3i659r1,1.0,Contents of volume 18,Contents of volume 2
p5ftqvc6,2moiidj9,1.0,Transjugular intrahepatic porto-systemic shunts in the setting of portal vein thrombosis: a review.,Transjugular intrahepatic porto-systemic shunts in the setting of portal vein thrombosis: a review
w81xyxq3,g18e7gae,1.0,Lessons from HIV to Guide COVID-19 Responses in the Central African Republic,Lessons from HIV to Guide COVID-19 Responses in the Central African Republic.
7uodek49,5u1hy7ve,1.0,High Seroprevalence of anti-SARS-CoV-2 antibodies among Ethiopian healthcare workers,High seroprevalence of anti-SARS-CoV-2 antibodies among Ethiopian healthcare workers
9bdiz5pz,6uvm25og,1.0,People + Companies,People + Companies
ngc8b0k9,k2glt7xp,1.0,Time Series Analysis of COVID-19 Infection Curve: A Change-Point Perspective,Time series analysis of COVID-19 infection curve: A change-point perspective
cndkag6y,q895rdnp,1.0,Surgical stabilization of rib fractures during the COVID-19 pandemic,Surgical Stabilization of Rib Fractures during the COVID-19 Pandemic
a273flua,o4ilsxjn,1.0,237 Coinfection With COVID-19 and Cytomegalovirus in Kidney Transplant Recipients–A Case Series,Coinfection with Covid-19 and Cytomegalovirus in Kidney Transplant Recipients - a Case Series
tmtg8nsf,72xyv1ok,1.0,Infectious disease surveillance update,Infectious disease surveillance update
eaz0vin2,g8ka8nzk,1.0,News in Brief,News in Brief
jkmn34qm,qgp1bh82,1.0,Vaccines as remedy for antimicrobial resistance and emerging infections,Vaccines as remedy for antimicrobial resistance and emerging infections.
r5xslpie,b8tg2dgl,1.0,ERRATUM.,ERRATUM.
cyi6qx10,bc0h2844,1.0,Using serpins cysteine protease cross-specificity to possibly trap SARS-CoV-2 Mpro with reactive center loop chimera,Using serpins cysteine protease cross-specificity to possibly trap SARS-CoV-2 Mpro with reactive center loop chimera
kt19ghlg,bbl5lbv6,1.0,"Flavonoids against the Warburg phenotype-concepts of predictive, preventive and personalised medicine to cut the Gordian knot of cancer cell metabolism.","Flavonoids against the Warburg phenotype-concepts of predictive, preventive and personalised medicine to cut the Gordian knot of cancer cell metabolism"
4ny2f5jp,b3ypqghq,1.0,Mice Immunized with the Vaccine Candidate HexaPro Spike Produce Neutralizing Antibodies against SARS-CoV-2,Mice Immunized with the Vaccine Candidate HexaPro Spike Produce Neutralizing Antibodies against SARS-CoV-2
q252e3mn,qwjh3gpl,1.0,COVID-19 induced maculopathy,COVID-19 induced maculopathy.
bpjm1p2g,bo1ui5zh,1.0,Mental health framework: coronavirus pandemic in post-Katrina New Orleans,Mental health framework: coronavirus pandemic in post-Katrina New Orleans
r5xslpie,4402h4g1,1.0,ERRATUM.,Erratum
yno07x0l,mt84vlbw,1.0,COVID-19 PICU guidelines: for high- and limited-resource settings,COVID-19 PICU guidelines: for high- and limited-resource settings
r5xslpie,6yarqpeu,1.0,ERRATUM.,Erratum
0tndcjdn,h216loav,1.0,Impact d’un traitement par hydroxychloroquine comme DMARD sur l’infection à COVID-19 et les tests diagnostiques du SARS-CoV2 : résultats de la cohorte French RMD Covid 19,Impact d'un traitement par hydroxychloroquine comme DMARD sur l'infection à COVID-19 et les tests diagnostiques du SARS-CoV2 : résultats de la cohorte French RMD Covid 19
n76k9mzb,nj0p2s2y,1.0,Lungenbildgebung in der Niederfeld-Magnetresonanztomographie,Mitteilungen der DGIM
n76k9mzb,6cuf1iaa,1.0,Lungenbildgebung in der Niederfeld-Magnetresonanztomographie,Mitteilungen der DGKFO
p589rswb,8sa9q82e,1.0,"PIMS-TS Innate Cell Signature and Immunophenotype, Description and Comparison with a Cohort of Healthy Children, Kawasaki Disease, Severe Viral and Bacterial Infections","Description and comparison of PIMS-TS innate cell signature and immunophenotype with a cohort of healthy children, severe viral and bacterial infections and Kawasaki Disease"
p5le642g,52aq1fw6,1.0,Chemokine receptor gene polymorphisms and COVID-19: Could knowledge gained from HIV/AIDS be important?,Chemokine receptor gene polymorphisms and COVID-19: Could knowledge gained from HIV/AIDS be important?
p4y0sgsi,kh2pzzkb,1.0,Tozinameran: Lack of efficacy: case report,Tozinameran: Lack of efficacy: case report
ilrsdukc,y5oznvm6,1.0,Separating NOM from salts in ion exchange brine with ceramic nanofiltration.,Separating NOM from salts in ion exchange brine with ceramic nanofiltration
q8kxw6dv,52x0fi4i,1.0,Evidence From Early State Medicaid Expansions Demonstrates That Uneven State Implementation Harms Childless Young Adults,Evidence From Early State Medicaid Expansions Demonstrates That Uneven State Implementation Harms Childless Young Adults
n76k9mzb,nrlhfwf2,1.0,Lungenbildgebung in der Niederfeld-Magnetresonanztomographie,Mitteilungen der DGRh - Veranstaltungen der Rheumaakademie
nrr17xmu,lhpy3d3p,1.0,Contents of volume 10,Contents to volume 14
ag9ldxdm,8nejzcbt,1.0,Time to reimagine India's health system,Time to reimagine India's health system
nrr17xmu,mpviiypm,1.0,Contents of volume 10,Contents of volume 46
m0d856r5,51pwkzx2,1.0,"Effects of dietary resveratrol supplementation in sows on antioxidative status, myofiber characteristic and meat quality of offspring.","Effects of dietary resveratrol supplementation in sows on antioxidative status, myofiber characteristic and meat quality of offspring"
n76k9mzb,iwq4ugpk,1.0,Lungenbildgebung in der Niederfeld-Magnetresonanztomographie,Mitteilungen der DGU
6iric7x5,y0vvv9wt,1.0,Altered GABA-mediated information processing and cognitive dysfunctions in depression and other brain disorders.,Altered GABA-mediated information processing and cognitive dysfunctions in depression and other brain disorders
32dcg26i,ktdxzpbf,1.0,What is the rate of COVID-19 infection in a population seeking dental care?,What is the rate of COVID-19 infection in a population seeking dental care?
m01x6we8,8ti944v7,1.0,ABO blood grouping and COVID 19: Is there any correlation in suspectibility?,ABO blood grouping and COVID 19: Is there any correlation in suspectibility?
k6lzra89,wjltics6,1.0,COVID-19 and the heart,At the heart of COVID-19
sboupik6,713xsj1z,1.0,The year that was,[Graefe year 2020].
hlry6l0z,vl1e7kk1,1.0,Neuronal intranuclear inclusion disease: two case report and literature review.,Neuronal intranuclear inclusion disease: two case report and literature review
9767m9uq,n5eia5tw,1.0,Effect of bortezomib on proliferation and apoptosis of myeloma cells by activating Wnt/β-catenin signaling pathway.,Effect of bortezomib on proliferation and apoptosis of myeloma cells by activating Wnt/ß-catenin signaling pathway
n76k9mzb,aflszl0b,1.0,Lungenbildgebung in der Niederfeld-Magnetresonanztomographie,Cardiopulmonale Wiederbelebung in Zeiten der COVID-19 Pandemie
n76k9mzb,yb8rr84w,1.0,Lungenbildgebung in der Niederfeld-Magnetresonanztomographie,Mitteilungen der DGINA
sjhdv122,jt93qqiw,1.0,The use of data from electronic health records in times of a pandemic-a legal and ethical assessment,The use of data from electronic health records in times of a pandemic—a legal and ethical assessment
59pgbmcl,wwf1r80q,1.0,A Super-Potent Tetramerized ACE2 Protein Displays Enhanced Neutralization of SARS-CoV-2 Virus Infection,A super-potent tetramerized ACE2 protein displays enhanced neutralization of SARS-CoV-2 virus infection
n76k9mzb,wf9q6iv3,1.0,Lungenbildgebung in der Niederfeld-Magnetresonanztomographie,Mitteilungen der DGKJ
sq9gvjxb,rb0avjgq,1.0,Comparative modelling study on enantioresolution of structurally unrelated compounds with amylose-based chiral stationary phases in reversed phase liquid chromatography-mass spectrometry conditions.,Comparative modelling study on enantioresolution of structurally unrelated compounds with amylose-based chiral stationary phases in reversed phase liquid chromatography-mass spectrometry conditions
etsb6k06,46t3vlu2,1.0,Agenda,Agenda
n76k9mzb,60xvjwsz,1.0,Lungenbildgebung in der Niederfeld-Magnetresonanztomographie,Mitteilungen der DVG
68i70axt,ue1kufil,1.0,[CPAP for patients with COVID-19],[CPAP for patients with COVID-19].
eaz0vin2,jeiqu91t,1.0,News in Brief,News in Brief
eaz0vin2,fgw4wps2,1.0,News in Brief,News in Brief
tmtg8nsf,1hw15s3q,1.0,Infectious disease surveillance update,Infectious disease surveillance update
sboupik6,fhj0pvto,1.0,The year that was,A year of Covid
n76k9mzb,wmsx2ynt,1.0,Lungenbildgebung in der Niederfeld-Magnetresonanztomographie,Mitteilungen der DGU
4da6gdyj,px1iu848,1.0,Case study of a critically ill person with COVID-19 on ECMO successfully treated with leronlimab,Case study of a critically ill person with COVID-19 on ECMO successfully treated with leronlimab
n76k9mzb,go1ejczo,1.0,Lungenbildgebung in der Niederfeld-Magnetresonanztomographie,Der Fachmann
u6dnq5ke,s25q116l,1.0,Clinical and epidemiological features of COVID-19 deaths in Nepal,Clinical and epidemiological features of COVID-19 deaths in Nepal
f5e1ky7y,v323p0hf,1.0,Compassion in a time of COVID-19,Compassion in a time of COVID-19
r5xslpie,qrds2xh2,1.0,ERRATUM.,Erratum
avmiaa3r,ll5mkslb,1.0,Counting the costs of COVID-19: why future treatment option values matter,Counting the costs of COVID-19: why future treatment option values matter
g9mzoyw9,xtlwf2pj,1.0,"Detection of the Novel SARS-CoV-2 European Lineage B.1.177 in Ontario, Canada","Detection of the novel SARS-CoV-2 European lineage B.1.177 in Ontario, Canada"
f6rlsk5k,88iqxzqc,1.0,"Management of acute aortic dissection during the COVID-19 pandemic: Experience from an epicenter in Wuhan, China","Management of acute aortic dissection during the COVID-19 pandemic: Experience from an epicenter in Wuhan, China"
9eupcqvd,2wt24e57,1.0,Video Interviewing: A Review and Recommendations for Implementation in the Era of COVID-19 and Beyond,Video Interviewing: A Review and Recommendations for Implementation in the Era of COVID-19 and Beyond
srpywh89,6l1paw8u,1.0,Beyond Risk-Based Stratification: Impacts of Processing Speed and Executive Function on Adaptive Skills in Adolescent and Young Adult Cancer Survivors.,Beyond Risk-Based Stratification: Impacts of Processing Speed and Executive Function on Adaptive Skills in Adolescent and Young Adult Cancer Survivors
l7jkuqrt,q6otz63p,1.0,Randomized Controlled Study Evaluating Efficiency of Low Intensity Transcranial Direct Current Stimulation (tDCS) for Dyspnea Relief in Mechanically Ventilated COVID-19 Patients in ICU: The tDCS-DYSP-COVID Protocol,Randomized controlled study evaluating efficiency of low intensity transcranial direct current stimulation (TDCS) for dyspnea relief in mechanically ventilated COVID-19 patients in ICU: The tDCS-DYSP-COVID protocol
jhi12iym,ao9bmat5,1.0,Preventive effects of Pycnogenol® on cardiovascular risk factors (including endothelial function) and microcirculation in subjects recovering from coronavirus disease 2019 (COVID-19),Preventive effects of Pycnogenol® on cardiovascular risk factors (including endothelial function) and microcirculation in subjects recovering from coronavirus disease 2019 (COVID-19).
n76k9mzb,hzbaterg,1.0,Lungenbildgebung in der Niederfeld-Magnetresonanztomographie,Mitteilungen der DGRh - Veranstaltungen der Rheumaakademie
n76k9mzb,bsxc5v3j,1.0,Lungenbildgebung in der Niederfeld-Magnetresonanztomographie,Auswirkungen der COVID-19-Pandemie
vg0dt4x2,btzzgvbd,1.0,The association between body mass index and severity of Coronavirus Disease 2019 (COVID-19): A cohort study,The association between body mass index and severity of Coronavirus Disease 2019 (COVID-19): A cohort study
s6p3qhs1,k9dn62nv,1.0,Error in Author Affiliation,Error in Author Affiliation.
69vn134g,ltn40gn2,1.0,Research in brief,Research in brief
tmtg8nsf,rc95k02u,1.0,Infectious disease surveillance update,Infectious disease surveillance update
5a8vv5fx,m5vv3ii1,1.0,"Prevalence of respiratory viruses using polymerase chain reaction in children with wheezing, a systematic review and meta-analysis","Prevalence of respiratory viruses using polymerase chain reaction in children with wheezing, a systematic review and meta–analysis"
n76k9mzb,pf07lqrv,1.0,Lungenbildgebung in der Niederfeld-Magnetresonanztomographie,Mitteilungen der DGRh - Veranstaltungen der Rheumaakademie
7ee8ddgg,k18leu7x,1.0,Testing the efficacy of tocilizumab in patients with COVID-19 pneumonia,Testing the efficacy of tocilizumab in patients with COVID-19 pneumonia
tmtg8nsf,sv9mdgek,1.0,Infectious disease surveillance update,Infectious disease surveillance update
r5xslpie,ntrm4j2d,1.0,ERRATUM.,Erratum
4q1gwpu3,mt4v1d80,1.0,COVID-19 infodemics: how social media shared information rapidly to global healthcare teams,Covid-19 Infodemics: How Social Media Shared Information Rapidly to Global Healthcare Teams
k6lzra89,hrp12y5n,1.0,COVID-19 and the heart,COVID-19 and the Heart
txy04nez,ecmzkkfq,1.0,Infliximab and Intravenous Gammaglobulin in Hospitalized Severe COVID-19 Patients in Intensive Care Unit,Infliximab and Intravenous Gammaglobulin in Hospitalized Severe COVID-19 Patients in Intensive Care Unit.
lrf0whrs,w9jkn3fn,1.0,Code Blue During the COVID-19 Pandemic.,Code Blue During the COVID-19 Pandemic
fm0ghmu8,zk3aea9w,1.0,"Molecular epidemiology of influenza, RSV, and other respiratory infections among children in Qatar: A six years report (2012–2017)","Molecular epidemiology of influenza, RSV, and other respiratory infections among children in Qatar: A six years report (2012-2017)"
eaz0vin2,uur2er6x,1.0,News in Brief,News in Brief
n76k9mzb,wr9uokky,1.0,Lungenbildgebung in der Niederfeld-Magnetresonanztomographie,Mitteilungen der DGG
t9ivu82x,ju5itq16,1.0,Immunogenicity of clinically relevant SARS-CoV-2 vaccines in nonhuman primates and humans,Immunogenicity of clinically relevant SARS-CoV-2 vaccines in nonhuman primates and humans
nrr17xmu,o3i659r1,1.0,Contents of volume 10,Contents of volume 2
ls7adk1z,lffktc96,1.0,AI based Presentation Creator With Customized Audio Content Delivery,AI based Presentation Creator With Customized Audio Content Delivery
zd9f3dix,5izdpr4k,1.0,COVID-19 response in Zimbabwe: A Call for Urgent Scale-up of Testing to meet National Capacity,COVID-19 response in Zimbabwe: A Call for Urgent Scale-up of Testing to meet National Capacity
m3jmo3nk,myyyztmx,1.0,Impact of High Solar UV Radiant Exposures in Spring 2020 on SARS-CoV-2 Viral Inactivation in the UK,Impact of High Solar UV Radiant Exposures in Spring 2020 on SARS-CoV-2 Viral Inactivation in the UK
7ylh5y78,mp9w0w0w,1.0,Elasomeran: Subacute thyroiditis: case report,Tozinameran: Subacute thyroiditis: case report
xg2pca32,19tuh1u8,1.0,Utilizing video conferencing software to teach young language learners in Hong Kong during the COVID-19 class suspensions,Utilizing video conferencing software to teach young language learners in Hong Kong during the COVID‐19 class suspensions
or3qd9cw,kxu10k7j,1.0,Editorial.,Editorial.
ptlhufxj,0ha84r09,1.0,3D U-Net: A voxel-based method in binding site prediction of protein structure,3D U-Net: A Voxel-based method in binding site prediction of protein structure.
dkxuu5ya,x526x69v,1.0,Geriatric Syndromes and SARS-Cov-2: More than Just Being Old,Geriatric Syndromes and SARS-COV-2: More than Just Being Old
iht0k3nf,ffyk4q49,1.0,Reimagining safety in a pandemic: the imperative to dismantle structural oppression in Canada,Reimagining safety in a pandemic: the imperative to dismantle structural oppression in Canada: CMAJ
or3qd9cw,boz9lf7g,1.0,Editorial.,Editorial 2020
5a6ta045,2k6yvgaj,1.0,Chemodynamic features of nanoparticles: Application to understanding the dynamic life cycle of SARS-CoV-2 in aerosols and aqueous biointerfacial zones,Chemodynamic features of nanoparticles: Application to understanding the dynamic life cycle of SARS-CoV-2 in aerosols and aqueous biointerfacial zones
lwb52sfv,70zgfhbp,1.0,Mitteilungen des BDI,Mitteilungen des BDI
v3pem9xc,yae5imp5,1.0,In This Issue: Graphical Abstracts.,In This Issue: Graphical Abstracts.
1lmxvsqy,mz8237am,1.0,Efficacy of traditional herbal medicine for psychological sequelae in COVID-19 survivors: A protocol for systematic review and meta-analysis,Efficacy of traditional herbal medicine for psychological sequelae in COVID-19 survivors: A protocol for systematic review and meta-analysis
lwb52sfv,cde8xj2l,1.0,Mitteilungen des BDI,Kongresse des BDI
6iizpife,3zes1k55,1.0,Maternal mortality: when a pandemic overlaps with the anti-gender crusade,Maternal mortality: when a pandemic overlaps with the anti-gender crusade.
7em74fyk,68f15ow6,1.0,COVID-19 Bergamo effect and vaccination strategy,COVID-19: Bergamo effect and vaccination strategy
9a6x9g60,rwwxro1r,1.0,Advanced echocardiographic phenotyping of critically ill patients with coronavirus-19 sepsis: a prospective cohort study,Advanced echocardiographic phenotyping of critically ill patients with coronavirus-19 sepsis: a prospective cohort study
omr30shm,g8faurqc,1.0,Clinical and histopathological findings of cutaneous manifestations of COVID19 patients,Clinical and histopathological findings of cutaneous manifestations of COVID-19 patients
6go0b54o,5lews3uw,1.0,Community-Acquired Pneumonia,COMMUNITY-ACQUIRED PNEUMONIA
jqpima2v,r95xipal,1.0,Vitamin D and covid-19,Vitamin D and covid-19.
0odx76f6,a47onmje,1.0,On the airborne aspect of COVID-19 coronovirus,On the airborne aspect of COVID-19 coronovirus
2mvilfun,rlmik7e3,1.0,Combating covid-19 under bolsonaro’s federalism: A case of intergovernmental incoordination,Combating COVID-19 under Bolsonaro’s federalism: a case of intergovernmental incoordination
pnoc2ayg,z1kns5sn,1.0,For sale: rare piece of polar paradise,For sale: rare piece of polar paradise.
9tsnv0ji,t2p1pzqf,1.0,"Associations Among Health Literacy, End-of-Life Care Expenditures, and Rurality","Associations Among Health Literacy, End-of-Life Care Expenditures, and Rurality."
qtg6r4ov,pzbl8ood,1.0,Does ‘Fear of COVID-19’ trigger future career anxiety? An empirical investigation considering depression from COVID-19 as a mediator,Does 'Fear of COVID-19' trigger future career anxiety? An empirical investigation considering depression from COVID-19 as a mediator
dopi7uge,ing8wbpw,1.0,Timeline of SARS-CoV2 spread in Italy: results from an independent serological retesting,Timeline of SARS-CoV-2 Spread in Italy: Results from an Independent Serological Retesting
y2wqd4t3,cyr5ptwn,1.0,Did the Physical and Psychological States of Outpatients Receiving Rehabilitation at a Geriatric Health Services Facility Decline during the State of Emergency Caused by the COVID-19 Pandemic?,Did the Physical and Psychological States of Outpatients Receiving Rehabilitation at a Geriatric Health Services Facility Decline during the State of Emergency Caused by the COVID-19 Pandemic?
vxdnpun9,wvygf9sv,1.0,Estimating the nationwide transmission risk of measles in US schools and impacts of vaccination and supplemental infection control strategies,Estimating the nationwide transmission risk of measles in US schools and impacts of vaccination and supplemental infection control strategies
ft2g7ztu,t5vyqedl,1.0,T cell response to SARS-CoV-2 infection in humans: A systematic review,T cell response to SARS-CoV-2 infection in humans: A systematic review
3uyz0myy,67fy1ay3,1.0,[â ¡.Strategy of Treatment for Untreated Transplant-Ineligible Multiple Myeloma],[Ⅱ.Strategy of Treatment for Untreated Transplant-Ineligible Multiple Myeloma].
or3qd9cw,305z1ptu,1.0,Editorial.,Éditorial: Editorial
9f3wkvxp,uvvrz13q,1.0,Background and concurrent factors predicting non-adherence to public health preventive measures during the chronic phase of the COVID-19 pandemic,Background and concurrent factors predicting non-adherence to public health preventive measures during the chronic phase of the COVID-19 pandemic.
00c3i9c7,upaivjs8,1.0,Designed proteins assemble antibodies into modular nanocages,Designed proteins assemble antibodies into modular nanocages.
w0g2b3o7,uz6752yo,1.0,The spread of the COVID-19 pandemic in time and space,The Spread of the Covid-19 Pandemic in Time and Space
k4oojsjk,67vtwv4b,1.0,Sucrose transport in response to drought and salt stress involves ABA-mediated induction of OsSWEET13 and OsSWEET15 in rice.,Sucrose transport in response to drought and salt stress involves ABA-mediated induction of OsSWEET13 and OsSWEET15 in rice
nygqn4vn,jx08ucsj,1.0,COVID-19 and diabetes: Analysis of the scientific production indexed in Scopus,COVID-19 and diabetes: Analysis of the scientific production indexed in Scopus.
6ntba0fk,gr7oa9up,1.0,Point of care procedures in physiatry: Practice considerations during the Covid-19 pandemic,Point of care procedures in physiatry: Practice considerations during the Covid-19 pandemic
lwr0lmd8,glz17rx9,1.0,MALAWI: Covid‐19 Relief,MALAWI: Covid‐19 Relief
923kdxlt,8oq9styf,1.0,Error in Figure,Error in the Figure.
nyw8fbt9,w3q6wwaw,1.0,The Impact of Age and BMI on the VWF/ADAMTS13 Axis and Simultaneous Thrombin and Plasmin Generation in Hospitalized COVID-19 Patients,The Impact of Age and BMI on the VWF/ADAMTS13 Axis and Simultaneous Thrombin and Plasmin Generation in Hospitalized COVID-19 Patients
8e337jlm,sp1ds0bm,1.0,Experimental analysis of structures for trapping sars-cov-2-related floating waste in rivers,Experimental Analysis of Structures for Trapping SARS-CoV-2-Related Floating Waste in Rivers
pwffxxf9,hsuakhex,1.0,Compromising situation of India's bio-medical waste incineration units during pandemic outbreak of COVID-19: Associated environmental-health impacts and mitigation measures,Compromising situation of India’s bio-medical waste incineration units during pandemic outbreak of COVID-19: Associated environmental-health impacts and mitigation measures()
lwb52sfv,kpmp67qb,1.0,Mitteilungen des BDI,Mitteilungen des BDI
x1ckhdhh,1qohuc98,1.0,Case Report: COVID-19 Patient With Chief Complaint of Anosmia and Ageusia; a Unique Perspective on Atypical Symptomatology and Management in the Military,Case Report: COVID-19 Patient With Chief Complaint of Anosmia and Ageusia; a Unique Perspective on Atypical Symptomatology and Management in the Military
cc3u51ky,czjpt54d,1.0,Gastrointestinal manifestations in COVID-19,Gastrointestinal manifestations of COVID-19.
tal5h7lv,009i6u15,1.0,The COVID-19 world - Are we there yet?,The Covid-19 world-Are we there yet?
lkhfo8j3,lzhhcezl,1.0,Correction to Lancet Infect Dis 2020; 20: 1263–72,Correction to Lancet Infect Dis 2021; 21: 163-64
72xyv1ok,1hw15s3q,1.0,Infectious disease surveillance update,Infectious disease surveillance update
or3qd9cw,54gpjvhv,1.0,Editorial.,Editorial.
ld4yww25,3tgsh322,1.0,Force-dependent stimulation of RNA unwinding by SARS-CoV-2 nsp13 helicase,Force-dependent stimulation of RNA unwinding by SARS-CoV-2 nsp13 helicase
5rvgae7d,yl12jttq,1.0,Controversial mega-telescope set to begin construction in Hawaii.,Controversial mega-telescope set to begin construction in Hawaii
ky30wjd7,gu3lo6c8,1.0,Saving the SDGs? Strengthening partnership for achieving SDGs in the Post-Covid-19 Digital World(3536),"Saving the SDGs? Strengthening Partnership for Achieving SDGs in the Post-Covid-19 Digital World1, 2"
i15khixl,u79bvt1x,1.0,Identification of SARS-CoV-2 and Enteroviruses in Sewage Water-A Pilot Study,Identification of SARS-CoV-2 and Enteroviruses in Sewage Water—A Pilot Study
tim6er9t,sf9snh86,1.0,COVID-19: Education and Licensure Disruption.,COVID-19: Education and Licensure Disruption
1vmx7dx5,z5giypk9,1.0,Circulatory exosomes from COVID-19 patients trigger NLRP3 inflammasome in endothelial cells,Circulatory Exosomes from COVID-19 Patients Trigger NLRP3 Inflammasome in Endothelial Cells.
mdohscsp,adrpmxw0,1.0,Evaluating Efficacy of Indoor Non-Pharmaceutical Interventions against COVID-19 Outbreaks with a Coupled Spatial-SIR Agent-Based Simulation Framework,Evaluating efficacy of indoor non-pharmaceutical interventions against COVID-19 outbreaks with a coupled spatial-SIR agent-based simulation framework
u2wvmgra,ixf1m7k9,1.0,The Impact of Age on Mobile Technology Use During the COVID-19 Pandemic,The Impact of Age on Mobile Technology Use During the COVID-19 Pandemic
39kfjjdi,39bfee5k,1.0,Repetitive Transcranial Magnetic Stimulation for Treatment-Resistant Depression: Recent Critical Advances in Patient Care,Repetitive Transcranial Magnetic Stimulation for Treatment-Resistant Depression: Recent Critical Advances in Patient Care
his6k7gn,onyl6krv,1.0,Pandemia COVID-19/ COVID-19 pandemic,[The COVID-19 pandemic]
ek0fx0yk,iymp3fsq,1.0,"Erratum: Vol. 69, No. 47.","Erratum: Vol. 69, No. 49"
n671aqit,05phsv3q,1.0,Prenatal cannabis use increased during the pandemic,Prenatal cannabis use increased during the pandemic
48wpk72o,cvyvkpfa,1.0,High prevalence of gastrointestinal manifestations of COVID-19 infection in hospitalized patients with cancer,High Prevalence of Gastrointestinal Manifestations of COVID-19 Infection in Hospitalized Patients With Cancer
0jwz5aay,wzld268v,1.0,"Diabetes, inflammation, and the adiponectin paradox: Therapeutic targets in SARS-CoV-2","Diabetes, inflammation, and the adiponectin paradox: therapeutic targets in SARS-CoV-2"
yvvp2zl9,2kax6mod,1.0,"Maximum chest CT score is associated with progression to severe illness in patients with COVID-19: a retrospective study from Wuhan, China","Maximum chest CT score is associated with progression to severe illness in patients with COVID-19: A retrospective study from Wuhan, China"
n53hvl4a,rdlt6c29,1.0,Ethical considerations and patient safety concerns for cancelling non-urgent surgeries during the COVID-19 pandemic: a review,Ethical considerations and patient safety concerns for cancelling non-urgent surgeries during the COVID-19 pandemic: a review
lkhfo8j3,9k52e5i5,1.0,Correction to Lancet Infect Dis 2020; 20: 1263–72,Correction to Lancet Infect Dis 2019; 20: 275–76
lwb52sfv,lop0f9un,1.0,Mitteilungen des BDI,Kongresse des BDI
ek0fx0yk,8aobiye6,1.0,"Erratum: Vol. 69, No. 47.","Erratum: Vol. 69, No. 29"
v4sqyaxj,b5xlcmyf,1.0,"Guillain-Barre syndrome following the first dose of the chimpanzee adenovirus-vectored COVID-19 vaccine, ChAdOx1","Guillain-Barre syndrome following the first dose of the chimpanzee adenovirus-vectored COVID-19 vaccine, ChAdOx1"
tqjenlkm,ppdm3uxi,1.0,Cardiac electrophysiological effects of ibuprofen in dog and rabbit ventricular preparations: Possible implication to enhanced proarrhythmic risk,Cardiac electrophysiological effects of ibuprofen in dog and rabbit ventricular preparations: Possible implication to enhanced proarrhythmic risk.
or3qd9cw,99fgkc3g,1.0,Editorial.,Editorial - COVID-19
bbbh873t,y93xc9eo,1.0,Incipient need of targeting airway remodeling using advanced drug delivery in chronic respiratory diseases,Incipient need of targeting airway remodeling using advanced drug delivery in chronic respiratory diseases
yaimit29,50krm4sm,1.0,A Guide to Empowering Frontline Nurses and Healthcare Clinicians Through Evidence-Based Innovation Leadership During COVID-19 and Beyond,A Guide to Empowering Frontline Nurses and Healthcare Clinicians Through Evidence-Based Innovation Leadership During COVID-19 and Beyond.
ek0fx0yk,zk292qri,1.0,"Erratum: Vol. 69, No. 47.","Erratum: Vol. 70, No. 36"
w5u9g48i,4pg5u1at,1.0,SARS-CoV-2 Genetic diversity and lineage dynamics of in Egypt,SARS-CoV-2 Genetic diversity and lineage dynamics of in Egypt
lkhfo8j3,ibgjvt84,1.0,Correction to Lancet Infect Dis 2020; 20: 1263–72,Correction to Lancet Infect Dis 2021; 21: 1507–17
v119fkbj,hq6jr1ul,1.0,Deep Learning COVID-19 Features on CXR using Limited Training Data Sets,Deep Learning COVID-19 Features on CXR using Limited Training Data Sets
gwjgs2sj,prdgd6vy,1.0,[Experience with 13-valent conjugated pneumococcal vaccine in HIV-infected patients],[Experience with 13-valent conjugated pneumococcal vaccine in HIV-infected patients].
72xyv1ok,rc95k02u,1.0,Infectious disease surveillance update,Infectious disease surveillance update
6go0b54o,bbywrc1g,1.0,Community-Acquired Pneumonia,Community-acquired pneumonia.
2xghtiby,3sf2i45r,1.0,Efficacy of Almitrine in the Treatment of Hypoxemia in Sars-Cov-2 Acute Respiratory Distress Syndrome,Efficacy of Almitrine in The Treatment of Hypoxemia in Sars-Cov-2 Acute Respiratory Distress Syndrome
zcqu4fsp,luhxmxvq,1.0,Graduate Medical Education Virtual Interviews and Recruitment in the Era of COVID-19.,Graduate Medical Education Virtual Interviews and Recruitment in the Era of COVID-19
bnd24bx2,jh4oexf2,1.0,"Chronic lymphocytic leukaemia-what is new and notable in 2021, with a special focus on COVID-19","Chronic lymphocytic leukaemia—what is new and notable in 2021, with a special focus on COVID-19"
or3qd9cw,hmvymw17,1.0,Editorial.,EDITORIAL
j4aqs0fr,b0fc4qg4,1.0,Stigma Compounds the Consequences of Clinician Burnout During COVID-19: A Call to Action to Break the Culture of Silence.,Stigma Compounds the Consequences of Clinician Burnout During COVID-19: A Call to Action to Break the Culture of Silence
72xyv1ok,sv9mdgek,1.0,Infectious disease surveillance update,Infectious disease surveillance update
mr2nkucx,ei254ds7,1.0,Balancing Risks in the Time of COVID-19,Balancing Risks in the Time of COVID-19.
4nrk2gtu,b2v8qd84,1.0,The impact on outcomes of the ACS committee on trauma delayed trauma center verifications secondary to COVID19,The impact on outcomes of the ACS committee on trauma delayed trauma center verifications secondary to COVID19
lwb52sfv,16bn81xf,1.0,Mitteilungen des BDI,Mitteilungen des BDI
ek0fx0yk,hmfcqbur,1.0,"Erratum: Vol. 69, No. 47.","Erratum: Vol. 69, No. 43"
ek0fx0yk,mszt70q6,1.0,"Erratum: Vol. 69, No. 47.","Erratum: Vol. 70, No. 3"
d3ubegia,7vj3ps3u,1.0,Structured System for the Management of Virtual Learning of the Metropolitan University of Ecuador,Structured system for the management of virtual learning of the metropolitan university of ecuador
beiehagh,vk0xk4h8,1.0,"COVID-19 test result reporting for deceased donors: Emergent policies, logistical challenges, and future directions","COVID‐19 test result reporting for deceased donors: Emergent policies, logistical challenges, and future directions"
or3qd9cw,qq5amdne,1.0,Editorial.,Editorial.
6go0b54o,hgp57o0s,1.0,Community-Acquired Pneumonia,Community-Acquired Pneumonia
mzyl3h21,sgqrwo0c,1.0,PIN68 COVID-19 Simulator: An Interactive Tool to Inform COVID-19 Intervention Policy Decisions in the United States,PIN68 COVID-19 Simulator: An Interactive Tool to Inform COVID-19 Intervention Policy Decisions in the United States
elowdrua,brqe8k73,1.0,"Deciphering the quality of SARS-CoV-2 specific T-cell response associated with disease severity, immune memory and heterologous response","Deciphering the quality of SARS-CoV-2 specific T-cell response associated with disease severity, immune memory and heterologous response"
qvc8479f,v0yj0ibo,1.0,"COVID‐19 convalescent plasma donor characteristics, product disposition, and comparison with standard apheresis donors","Covid-19 Convalescent Plasma Donor Characteristics, Product Disposition and Comparison With Standard Apheresis Donors"
kxu10k7j,boz9lf7g,1.0,Editorial.,Editorial 2020
qdxhyqjz,h4r8j92k,1.0,Panorama,Panorama
b8tg2dgl,4402h4g1,1.0,ERRATUM.,Erratum
b8tg2dgl,6yarqpeu,1.0,ERRATUM.,Erratum
c1xulmbj,kulh5nq1,1.0,"SARS-CoV-2 seroprevalence in Kaduna State, Nigeria during October/November 2021, following three waves of infection and immediately prior to detection of the Omicron variant","SARS-CoV-2 seroprevalence in Kaduna State, Nigeria during October/November 2021, following three waves of infection and immediately prior to detection of the Omicron variant"
stguarst,gw2n8rzq,1.0,Recommendations for accurate genotyping of SARS-CoV-2 using amplicon-based sequencing of clinical samples,Recommendations for accurate genotyping of SARS-CoV-2 using amplicon-based sequencing of clinical samples
mcz9k4gh,gmu1b16x,1.0,Longitudinal Evidence of How Media Audiences Differ in Public Health Perceptions and Behaviors During a Global Pandemic,Longitudinal Evidence of How Media Audiences Differ in Public Health Perceptions and Behaviors During a Global Pandemic
r2d6n2d8,9zg4o5uk,1.0,Design and Feasibility Study of the Mobile Application StopTheSpread,Design and Feasibility Study of the Mobile Application StopTheSpread
me0unu7o,pqcm5eug,1.0,Inactivation of SARS-CoV-2 virus in saliva using a guanidium based transport medium suitable for RT-PCR diagnostic assays.,Inactivation of SARS-CoV-2 virus in saliva using a guanidium based transport medium suitable for RT-PCR diagnostic assays
cpjjn4j3,woe2ih8c,1.0,Maculopapular eruptions associated to COVID-19: A subanalysis of the COVID-Piel study,Maculopapular eruptions associated to COVID‐19: a subanalysis of the COVID‐Piel study
yyb2ze9p,3k6g4yfx,1.0,The peripheral blood immune cell profile in a teriflunomide-treated multiple sclerosis patient with COVID-19 pneumonia,The peripheral blood immune cell profile in a teriflunomide-treated multiple sclerosis patient with COVID-19 pneumonia
u5wiaedt,1e34cn8o,1.0,Mesenchymal stromal cell delivery via an ex vivo bioreactor preclinical test system attenuates clot formation for intravascular application,Mesenchymal stromal cell delivery via an ex vivo bioreactor preclinical test system attenuates clot formation for intravascular application
0xi73xps,ad8lo0lk,1.0,Observational study on wearable biosensors and machine learning-based remote monitoring of COVID-19 patients,Observational study on wearable biosensors and machine learning-based remote monitoring of COVID-19 patients
w9efniyc,lszro55e,1.0,Correction.,Correction
ar6atjh7,lqorz2ev,1.0,COVID-19 pandemic distress among a sample of Italian psycho-oncologists: risk of isolation and loneliness,COVID-19 pandemic distress among a sample of Italian psycho-oncologists: risk of isolation and loneliness
jfvyow6e,g1vdpc6g,1.0,SARS-CoV-2 Testing in the Community: Testing Positive Samples with the TaqMan SARS-CoV-2 Mutation Panel To Find Variants in Real Time,SARS-CoV-2 testing in the community: Testing positive samples with the TaqMan SARS-CoV-2 Mutation Panel to find variants in real-time
y8twpoyh,z6zd8wbo,1.0,Identifying Radiological Findings Related to COVID-19 from Medical Literature,Identifying Radiological Findings Related to COVID-19 from Medical Literature
6oikj5n7,9g739i90,1.0,Spike protein D614G and RdRp P323L: the SARS-CoV-2 mutations associated with severity of COVID-19,Spike protein d614g and RDRP p323l: The SARS-CoV-2 mutations associated with severity of COVID-19
94wqcgss,3lhep070,1.0,Long-Term Presentation of Postconcussion Symptoms and Associated Factors: Analysis of Latent Class Modeling.,Long-Term Presentation of Postconcussion Symptoms and Associated Factors: Analysis of Latent Class Modeling
qdxhyqjz,2odqa7md,1.0,Panorama,Panorama
vjb2yt93,kbmrn6wn,1.0,Viral Diarrhea,Viral Diarrhea
oc1ctwc9,650sjwyy,1.0,The Age of Cyclic Dinucleotide Vaccine Adjuvants,The Age of Cyclic Dinucleotide Vaccine Adjuvants
o4d5o8ck,xjnzx9dm,1.0,In reply to Limaye et al. (2020),Reply to Hasford and to Spinola et al
m50446jy,tune3z8p,1.0,Rhabdomyolysis With COVID-19,COVID-19 and Rhabdomyolysis
o4d5o8ck,ds5ig00p,1.0,In reply to Limaye et al. (2020),Reply to Morje et al.
wxanpik0,f67yd2zc,1.0,Immune escape of SARS-CoV-2 Omicron variant from mRNA vaccination-elicited RBD-specific memory B cells,Immune escape of SARS-CoV-2 Omicron variant from mRNA vaccination-elicited RBD-specific memory B cells
w9efniyc,ijx24ujp,1.0,Correction.,Correction
k6qqi6dg,g3p3bw8k,1.0,Recent developments in COVID-19 therapeutics & current evidence for COVID-19-associated multisystem inflammatory syndrome,Recent developments in COVID-19 therapeutics & current evidence for COVID-19-associated multisystem inflammatory syndrome
g0qhophe,hvx2ija9,1.0,Risk of misdiagnosis and delayed diagnosis with COVID-19: A Syndemic Approach,Risk of misdiagnosis and delayed diagnosis with COVID-19: A Syndemic Approach
k8ppjv3m,j5tsp0au,1.0,Cisatracurium Dosing Requirements in Covid-19 Compared to Non-covid-19 Patients,Cisatracurium Dosing Requirements in COVID-19 Compared to Non-COVID-19 Patients
rmixwiw0,65800hyz,1.0,Professional competencies required by occupational therapists to facilitate the participation of persons with mental disability in work: A review of the literature,Professional competencies required by occupational therapists to facilitate the participation of persons with mental disability in work: A review of the literature.
o4d5o8ck,ssbreehh,1.0,In reply to Limaye et al. (2020),Reply to Chowdhary et al
n4quugbp,abeqkysv,1.0,"Clinical presentations, pregnancy complications, and maternal outcomes in pregnant women with COVID‐19 and tuberculosis: A retrospective cohort study","Clinical presentations, pregnancy complications, and maternal outcomes in pregnant women with COVID-19 and tuberculosis: A retrospective cohort study"
rfmlpq5r,4o7rpkyg,1.0,"Preparation, characterization and in vitro hypoglycemic activity of banana condensed tannin-inulin conjugate","Preparation, characterization and in vitro hypoglycemic activity of banana condensed tannin-inulin conjugate."
ff57ze0u,c3akme9f,1.0,Branche,Branche
kxu10k7j,305z1ptu,1.0,Editorial.,Éditorial: Editorial
lte0pnh2,hshukz0u,1.0,Emergency arising from patients' fear of taking antimalarials during these COVID-19 times: are antimalarials as unsafe for cardiovascular health as recent reports suggest?,Emergency arising from patients' fear of taking antimalarials during these COVID-19 times: are antimalarials as unsafe for cardiovascular health as recent reports suggest?
u4mq676m,mtcqawxc,1.0,"COVID-19 strategy in organizing and planning orthopedic surgery in a major orthopedic referral center in an area of Italy severely affected by the pandemic: experience of the Department of Orthopedics, University of Padova","COVID-19 strategy in organizing and planning orthopedic surgery in a major orthopedic referral center in an area of Italy severely affected by the pandemic: experience of the Department of Orthopedics, University of Padova"
0niujref,jmaceknh,1.0,Serum amyloid A is a predictor for prognosis of COVID-19,Serum amyloid A is a predictor for prognosis of COVID‐19
29bp8qw7,2k8ld3my,1.0,Estimating the real burden of disease under a pandemic situation: The SARS-CoV2 case,Estimating the real burden of disease under a pandemic situation: The SARS-CoV2 case
a1nr52sc,y9g7wk9t,1.0,Pathogenesis-Directed Therapy of 2019 Novel Coronavirus Disease.,Pathogenesis-directed therapy of 2019 novel coronavirus disease
qdxhyqjz,1mn5qx8d,1.0,Panorama,Panorama
a242g5kg,ox98bb2m,1.0,Mass screening of asymptomatic persons for SARS-CoV-2 using saliva,Mass screening of asymptomatic persons for SARS-CoV-2 using saliva
objchvcn,t2o4ipli,1.0,CD71(+) Erythroid Cells in Human Neonates Exhibit Immunosuppressive Properties and Compromise Immune Response Against Systemic Infection in Neonatal Mice,CD71(+) Erythroid Cells in Human Neonates Exhibit Immunosuppressive Properties and Compromise Immune Response Against Systemic Infection in Neonatal Mice
2usdbsk0,k8vev2ag,1.0,A Virtual Clinical Reasoning Case for Medical Students Using an Ophthalmology Model: A Case of Red Eye,A Virtual Clinical Reasoning Case for Medical Students Using an Ophthalmology Model: A Case of Red Eye
itxkknyw,acol4k9g,1.0,Maternal vaccines during the Covid-19 pandemic:A qualitative interview study with UK pregnant women,Maternal vaccines during the Covid-19 pandemic:A qualitative interview study with UK pregnant women
2ki8396z,nkjiegxh,1.0,Cardiac Coaches: A Student-Led Inpatient Cardiac Rehabilitation Program in the COVID-19 Era,Cardiac Coaches: A Student-Led Inpatient Cardiac Rehabilitation Program in the COVID-19 Era
b0zsx5h0,gg0v0e82,1.0,Mitteilungen des Berufsverbandes der Deutschen Radiologen,Mitteilungen des Berufsverbandes der Deutschen Radiologen
b0zsx5h0,8thm3nk1,1.0,Mitteilungen des Berufsverbandes der Deutschen Radiologen,Mitteilungen des Berufsverbandes der Deutschen Radiologen
5nhc37mi,o7ahlv2m,1.0,Pulmonary tuberculosis in an immunocompetent patient with primary laryngeal aspergillosis,Pulmonary tuberculosis in an immunocompetent patient with primary laryngeal aspergillosis.
2lj4rgdz,jt3vjsqe,1.0,Up and about: Older adults' wellbeing during the COVID-19 pandemic in a Swedish longitudinal study,Up and about: Older adults’ wellbeing during the COVID-19 pandemic in a Swedish longitudinal study
w9efniyc,c0a0tk5v,1.0,Correction.,Correction.
5qgl6o11,jzsuk31b,1.0,Self‐case report of oral and skin lesions associated with positivity of COVID‐19,Self-case report of oral and skin lesions associated with positivity of COVID-19
gcm2ovm4,rxuypmmc,1.0,Neuromyelitis optica spectrum disorder secondary to COVID-19,Neuromyelitis optica spectrum disorder secondary to COVID-19.
kxu10k7j,54gpjvhv,1.0,Editorial.,Editorial.
hd2g9nlv,ag08syl6,1.0,SREBP2 gene therapy targeting striatal astrocytes ameliorates Huntington's disease phenotypes,SREBP2 gene therapy targeting striatal astrocytes ameliorates Huntington's disease phenotypes.
g8ka8nzk,jeiqu91t,1.0,News in Brief,News in Brief
g8ka8nzk,fgw4wps2,1.0,News in Brief,News in Brief
o4d5o8ck,qzbyw2fo,1.0,In reply to Limaye et al. (2020),Reply to Barthell et al.
d3k6o3tl,c2kk8www,1.0,Analysis of psychosocial impact on health care workers and general population of India during COVID 19 pandemic using ham-a scale,Analysis of Psychosocial Impact on Health Care Workers and General population of India during COVID 19 Pandemic using HAM-A scale.
ayhyzdf5,n9fxf679,1.0,#pandemicpedagogy: Using Twitter for Knowledge Exchange,#pandemicpedagogy: using twitter for knowledge exchange
kryp6wwa,b0oqc8f1,1.0,"COVID-19 Severity and COVID-19–Associated Deaths Among Hospitalized Patients with HIV Infection — Zambia, March–December 2020","COVID-19 severity and COVID-19-associated deaths among hospitalized patients with HIV infection - Zambia, March-December 2020"
ypwina0w,3ijbv3le,1.0,Hepatitis C Antibody Screening Among Baby Boomers by a Community-Based Health Insurance Company.,Hepatitis C Antibody Screening Among Baby Boomers by a Community-Based Health Insurance Company
r08l273q,mz0yvguq,1.0,"Extra-pulmonary complications of 45 critically ill patients with COVID-19 in Yichang, Hubei province, China: A single-centered, retrospective, observation study","Extra-pulmonary complications of 45 critically ill patients with COVID-19 in Yichang, Hubei province, China: A single-centered, retrospective, observation study"
b8tg2dgl,qrds2xh2,1.0,ERRATUM.,Erratum
1ra2px67,fw39tmjp,1.0,Three Hypotheses About Children COVID19.,Three Hypotheses About Children COVID19
qdxhyqjz,j35pt4em,1.0,Panorama,Panorama
w9efniyc,qhpk9svf,1.0,Correction.,Correction
w9efniyc,cc4qimtk,1.0,Correction.,Correction.
b0zsx5h0,sk3wanfy,1.0,Mitteilungen des Berufsverbandes der Deutschen Radiologen,Mitteilungen des Berufsverbandes der Deutschen Radiologen
kxu10k7j,99fgkc3g,1.0,Editorial.,Editorial - COVID-19
6uthzw15,ljtq5144,1.0,“Ten years of war! You expect people to fear a ‘germ’?”: A qualitative study of initial perceptions and responses to the COVID-19 pandemic among displaced communities in opposition-controlled northwest Syria,“Ten years of war! You expect people to fear a ‘germ’?”: A qualitative study of initial perceptions and responses to the COVID-19 pandemic among displaced communities in opposition-controlled northwest Syria
e0oa8tkg,besghwnl,1.0,Does Lung Ultrasound Have a Role in the Clinical Management of Pregnant Women with SARS COV2 Infection?,Does Lung Ultrasound Have a Role in the Clinical Management of Pregnant Women with SARS COV2 Infection?
6oikj5n7,arvhah4j,1.0,Spike protein D614G and RdRp P323L: the SARS-CoV-2 mutations associated with severity of COVID-19,Spike protein D614G and RdRp P323L: the SARS-CoV-2 mutations associated with severity of COVID-19
71kbdfdr,nvw6fyin,1.0,Challenges and solutions in meeting up the urgent requirement of ventilators for COVID-19 patients,Challenges and solutions in meeting up the urgent requirement of ventilators for COVID-19 patients
xu99vigm,q06si82l,1.0,Hand-to-mouth and other hand-to-face touching behavior in a quasi-naturalistic study under controlled conditions,Hand-to-mouth and other hand-to-face touching behavior in a quasi-naturalistic study under controlled conditions.
y3lr8obh,bakwk4tm,1.0,Coast-to-Coast Spread of SARS-CoV-2 during the Early Epidemic in the United States,Coast-to-Coast Spread of SARS-CoV-2 during the Early Epidemic in the United States
x6djkdvp,vbpyqmsk,1.0,Why the mask? The effectiveness of face masks in preventing the spread of respiratory infections such as COVID-19 - a home testing protocol,Why the mask? The effectiveness of face masks in preventing the spread of respiratory infections such as COVID-19 - a home testing protocol.
c83f6mqj,f87wk6uw,1.0,Effects of corticosterone treatment and wound healing on reproductive traits of American bullfrogs.,Effects of corticosterone treatment and wound healing on reproductive traits of American bullfrogs
gm4c9z1x,jw19p6qj,1.0,Antibody Responses 3-5 Months Post-Vaccination with mRNA-1273 or BNT163b2 in Nursing Home Residents,Antibody Responses 3-5 Months Post-Vaccination with mRNA-1273 or BNT163b2 in Nursing Home Residents
kxu10k7j,hmvymw17,1.0,Editorial.,EDITORIAL
z3wojjpy,rqdlcdxa,1.0,Depletion of γδ T Cells Leads to Reduced Angiogenesis and Increased Infiltration of Inflammatory M1-like Macrophages in Ischemic Muscle Tissue,Depletion of γδ T Cells Leads to Reduced Angiogenesis and Increased Infiltration of Inflammatory M1-like Macrophages in Ischemic Muscle Tissue
b8tg2dgl,ntrm4j2d,1.0,ERRATUM.,Erratum
nxje9lh9,icfaf5dr,1.0,Intravenous Iron in a Prehabilitation Program for Older Surgical Patients: Prospective Cohort Study,Intravenous Iron in a Prehabilitation Program for Older Surgical Patients: Prospective Cohort Study.
ib9hhl04,kwfswmbc,1.0,Comparison of High-Resolution Computed Tomography and Real-Time Reverse Transcriptase Polymerase Chain Reaction in Diagnosis of COVID-19 Pneumonia in Intensive Care Unit Population,Comparison of High-Resolution Computed Tomography and Real-Time Reverse Transcriptase Polymerase Chain Reaction in Diagnosis of COVID-19 Pneumonia in Intensive Care Unit Population
85iz0e0k,o7dxhn6m,1.0,COVID-19 Monoclonal Antibody Infusions: A Multidisciplinary Initiative to Operationalize EUA Novel Treatment Options: JCOM,COVID-19 monoclonal antibody infusions: A multidisciplinary initiative to operationalize EUA novel treatment options
075etpfs,jrcc634n,1.0,Building Back Better?,Building back better
l7rpr3qe,s44ohdpn,1.0,Estimation of European cancer burden for the year 2020,Estimation of European cancer burden for the year 2020
g8lsrojl,jy0xh4og,1.0,Pandemic Politics: Timing State-Level Social Distancing Responses to COVID-19,Pandemic Politics: Timing State-Level Social Distancing Responses to COVID-19.
g8ka8nzk,uur2er6x,1.0,News in Brief,News in Brief
b0zsx5h0,ibslsnj9,1.0,Mitteilungen des Berufsverbandes der Deutschen Radiologen,Mitteilungen des Berufsverbandes der Deutschen Radiologen
w0b6zpr0,w5rhga0g,1.0,"Travel from the United Kingdom to the United States by a Symptomatic Patient Infected with the SARS-CoV-2 B.1.1.7 Variant — Texas, January 2021","Travel from the United Kingdom to the United States by a symptomatic patient infected with the SARS-CoV-2 B.1.1.7 variant - Texas, January 2021"
mgmk1285,xjxd6y9v,1.0,The effects of high performance work systems in employees’ service-oriented OCB,The effects of high performance work systems in employees’ service-oriented OCB
ueybz71u,6gz0wovi,1.0,Guidance for resuming GI endoscopy and practice operations after the COVID-19 pandemic,Guidance for resuming GI endoscopy and practice operations after the COVID-19 pandemic
kxu10k7j,qq5amdne,1.0,Editorial.,Editorial.
7dkp5bt3,8fty5xvp,1.0,Three models of vaccination strategies against cryptococcosis in immunocompromised hosts using heat-killed Cryptococcus neoformans Δsgl1,Three Models of Vaccination Strategies Against Cryptococcosis in Immunocompromised Hosts Using Heat-Killed Cryptococcus neoformans Δsgl1
w9efniyc,kicx3y2b,1.0,Correction.,Correction
w9efniyc,2xsjxjml,1.0,Correction.,Correction
d597hjwq,ojk3m6n9,1.0,Pneumomediastinum in Acute Respiratory Distress Syndrome from COVID-19,Pneumomediastinum in Acute Respiratory Distress Syndrome from COVID-19
ec3jymk5,kr6s7dfs,1.0,"Update: Outbreak of severe acute respiratory syndrome--worldwide, 2003.","Update: outbreak of severe acute respiratory syndrome--worldwide, 2003."
4402h4g1,6yarqpeu,1.0,Erratum,Erratum
rinzsvih,nip72487,1.0,'A multifaceted virus. Non-reducible and strangulated effects of COVID-19',A multifaceted virus. Non-reducible and strangulated effects of COVID-19
70zgfhbp,cde8xj2l,1.0,Mitteilungen des BDI,Kongresse des BDI
0arxn9s5,j096a4r2,1.0,"Call for emergency action to limit global temperature increases, restore biodiversity, and protect health","Call for emergency action to limit global temperature increases, restore biodiversity, and protect health"
0arxn9s5,e8qht1zc,1.0,"Call for emergency action to limit global temperature increases, restore biodiversity, and protect health","Call for emergency action to limit global temperature increases, restore biodiversity, and protect health"
ef1qttyk,ekznem21,1.0,Challenges and opportunities in rapid epidemic information propagation with live knowledge aggregation from social media,Challenges and Opportunities in Rapid Epidemic Information Propagation with Live Knowledge Aggregation from Social Media
fprppp68,6rgmpy5r,1.0,"Initial Challenges of Caregiving During COVID-19: Caregiver Burden, Mental Health, and the Parent-Child Relationship","Initial Challenges of Caregiving During COVID-19: Caregiver Burden, Mental Health, and the Parent–Child Relationship"
kwsvxz36,orn74hes,1.0,An investigation into the molecular basis of cancer comorbidities in coronavirus infection,An investigation into the molecular basis of cancer comorbidities in coronavirus infection
a21hkqw0,wb9pt8pi,1.0,Regional disparities and their contribution to the coverage of the tetanus toxoid vaccine among women aged 15–49 years in Indonesia,Regional disparities and their contribution to the coverage of the tetanus toxoid vaccine among women aged 15-49 years in Indonesia.
qgtdmdcj,35egx1mf,1.0,Computational IT Tool Application for Modeling COVID-19 Outbreak,Computational IT Tool Application for Modeling COVID-19 Outbreak
f1392uof,18bip4yt,1.0,"Predicting the current and future distribution of the western black-legged tick, Ixodes pacificus, across the Western US using citizen science collections","Predicting the current and future distribution of the western black-legged tick, Ixodes pacificus, across the Western US using citizen science collections."
h4r8j92k,2odqa7md,1.0,Panorama,Panorama
2tybpyh6,yd75ciwz,1.0,COVID-19 and the healthcare workers,COVID-19 and the healthcare workers
tgnaqdbp,efxadwru,1.0,Ocular findings in patients with coronavirus disease 2019 (COVID-19) in an outbreak hospital,Ocular findings in patients with coronavirus disease 2019 (COVID‐19) in an outbreak hospital
xry4gh7v,lng4p7oc,1.0,Rapid Implementation of Model-Based Dosing Recommendations During the Coronavirus Disease 2019 Pandemic,Rapid Implementation of Model-Based Dosing Recommendations During the Coronavirus Disease 2019 Pandemic.
a62svsei,zv5mq9kj,1.0,SARS-CoV-2 infection inducing severe flare up of Deficiency of Interleukin Thirty-six (IL-36) Receptor Antagonist (DITRA) resulting from a mutation invalidating the activating cleavage site of the IL-36 receptor antagonist,SARS-CoV-2 infection inducing severe flare up of Deficiency of Interleukin Thirty-six (IL-36) Receptor Antagonist (DITRA) resulting from a mutation invalidating the activating cleavage site of the IL-36 receptor antagonist
wio56not,avt7p101,1.0,Comparative Clinical Evaluation of the Roche Elecsys and Abbott Severe Acute Respiratory Syndrome Coronavirus 2 (SARS-CoV-2) Serology Assays for Coronavirus Disease 2019 (COVID-19),Comparative Clinical Evaluation of the Roche Elecsys and Abbott Severe Acute Respiratory Syndrome Coronavirus 2 (SARS-CoV-2) Serology Assays for Coronavirus Disease 2019 (COVID-19).
cg6v3yma,8ilg6spi,1.0,Masking Emotions: Face Masks Impair How We Read Emotions,Masking Emotions: Face Masks Impair How We Read Emotions
0arxn9s5,hww499ys,1.0,"Call for emergency action to limit global temperature increases, restore biodiversity, and protect health","Call for emergency action to limit global temperature increases, restore biodiversity, and protect health."
cvsch9t5,qynmucdv,1.0,Leveraging Natural Language Processing to Mine Issues on Twitter During the COVID-19 Pandemic,Leveraging Natural Language Processing to Mine Issues on Twitter during the COVID-19 Pandemic
o5t9oxvn,wf7bhdtr,1.0,Severe Asthma Patients Experience and Satisfaction with Virtual Clinics in a Large Tertiary Care Hospital During COVID-19 Period,Severe asthma patients experience and satisfaction with virtual clinics in a large tertiary care hospital during covid-19 period
a9mk941o,cxcje5ic,1.0,Social Disparities in Oral Health in America amid the COVID-19 Pandemic,Social Disparities in Oral Health in America amid the COVID-19 Pandemic
u3dmgosm,a8ufx3gv,1.0,Private practice dentists' views of oral health injustice.,Private practice dentists' views of oral health injustice
rcn4k5rf,lgvoc99r,1.0,"Assessment of correlations and concentrations of salivary and plasma steroids, testicular morphometry, and semen quality in different climatic conditions in goats","Assessment of correlations and concentrations of salivary and plasma steroids, testicular morphometry, and semen quality in different climatic conditions in goats."
boz9lf7g,305z1ptu,1.0,Editorial 2020,Éditorial: Editorial
mdiout8d,br43m9cy,1.0,Targeting mesenchymal stem cell therapy for severe pneumonia patients,Targeting mesenchymal stem cell therapy for severe pneumonia patients
h4r8j92k,1mn5qx8d,1.0,Panorama,Panorama
id3uy9zg,mz9w8gx9,1.0,Tirofiban in emergency conditions: Systematic review.,Tirofiban in emergency conditions: Systematic review
m6913oed,pokmmbs6,1.0,"Toward in vivo-relevant hERG safety assessment and mitigation strategies based on relationships between non-equilibrium blocker binding, three-dimensional channel-blocker interactions, dynamic occupancy, dynamic exposure, and cellular arrhythmia","Toward in vivo-relevant hERG safety assessment and mitigation strategies based on relationships between non-equilibrium blocker binding, three-dimensional channel-blocker interactions, dynamic occupancy, dynamic exposure, and cellular arrhythmia"
unbfoe2n,mnb0drao,1.0,The Virtual Shoulder and Knee Physical Examination,The Virtual Shoulder and Knee Physical Examination
70zgfhbp,kpmp67qb,1.0,Mitteilungen des BDI,Mitteilungen des BDI
qg5mke5q,flto27ie,1.0,In this month’s Bulletin,In this month’s Bulletin
1upiw1fu,tgm7xvmf,1.0,COVID-19 in the Age of Artificial Intelligence: A Comprehensive Review,COVID-19 in the Age of Artificial Intelligence: A Comprehensive Review
qiu4n6z8,wkx4uw7x,1.0,2019 Subject Index.,Subject Index 2020.
0iqxuodz,nphzghk6,1.0,Fetal and placental infection with SARS-CoV-2 in early pregnancy,Fetal and placental infection with SARS‐CoV‐2 in early pregnancy
li2cckt3,qzm5b2cf,1.0,An Egocentric Network Contact Tracing Experiment: Testing Different Procedures to Elicit Contacts and Places,An Egocentric Network Contact Tracing Experiment: Testing Different Procedures to Elicit Contacts and Places
60yumxya,zvalfdgo,1.0,In search of preventive strategies: novel high-CBD Cannabis sativa extracts modulate ACE2 expression in COVID-19 gateway tissues,In search of preventive strategies: novel high-CBD Cannabis sativa extracts modulate ACE2 expression in COVID-19 gateway tissues
53flpdk8,lkb4jj5a,1.0,Evaluation of Annona muricata Acetogenins as Potential Anti-SARS-CoV-2 Agents Through Computational Approaches,Evaluation of Annona muricata Acetogenins as Potential Anti-SARS-CoV-2 Agents Through Computational Approaches
boz9lf7g,54gpjvhv,1.0,Editorial 2020,Editorial.
pw6npqnv,bzrxac33,1.0,Cognitive Bias and Public Health Policy During the COVID-19 Pandemic.,Cognitive Bias and Public Health Policy During the COVID-19 Pandemic
3slu5sul,gmiyh2io,1.0,COVID-19 infection presenting as pancreatitis in a pregnant woman: A case report,COVID-19 infection presenting as pancreatitis in a pregnant woman: A case report
qg5mke5q,7jyoico3,1.0,In this month’s Bulletin,In this month’s Bulletin
n8mbpmc1,esp243r1,1.0,Impact of COVID-19 pandemic on the sleep quality of medical professionals in Brazil/ Impacto da pandemia COVID-19 na qualidade do sono dos médicos no Brasil,Impact of COVID-19 pandemic on the sleep quality of medical professionals in Brazil/ Impacto da pandemia COVID-19 na qualidade do sono dos médicos no Brasil
5p5jy67v,8dz52x12,1.0,"Assisted reproduction and COVID-19: a joint statement of ASRM, ESHRE and IFFS","Assisted reproduction and COVID-19: a joint statement of ASRM, ESHRE and IFFS†‡"
qfjruluy,8lktpcda,1.0,Design of a Peptide-Based Subunit Vaccine against Novel Coronavirus SARS-CoV-2,Design of a peptide-based subunit vaccine against novel coronavirus SARS-CoV-2
h4r8j92k,j35pt4em,1.0,Panorama,Panorama
cjwjc3eq,bxbdxna5,1.0,Ultrastructural Evidence of Direct Viral Damage to the Olfactory Complex in Patients Testing Positive for SARS-CoV-2,Ultrastructural Evidence of Direct Viral Damage to the Olfactory Complex in Patients Testing Positive for SARS-CoV-2.
8n92uthv,9h5cwq4v,1.0,Functional Landscape of SARS-CoV-2 Cellular Restriction,Functional Landscape of SARS-CoV-2 Cellular Restriction
4402h4g1,qrds2xh2,1.0,Erratum,Erratum
zl2vpx0r,pvbeeafi,1.0,Occurrence of COVID-19 symptoms during SARS-CoV-2 infection defines waning of humoral immunity,Occurrence of COVID-19 Symptoms During SARS-CoV-2 Infection Defines Waning of Humoral Immunity
klnoabe0,77p82zdk,1.0,Prevalence and predictive value of anemia and dysregulated iron homeostasis in patients with COVID-19 infection,Prevalence and Predictive Value of Anemia and Dysregulated Iron Homeostasis in Patients with COVID-19 Infection
v92f17b6,u7cv7qwl,1.0,II. Sachverzeichnis,II. Sachverzeichnis
6o8exc7v,ntaddcia,1.0,Assessment of liquid and solid water storage in rock glaciers versus glacier ice in the Austrian Alps,Assessment of liquid and solid water storage in rock glaciers versus glacier ice in the Austrian Alps.
89xwwdih,v042qlpv,1.0,"Hepatic Manifestations of Nonhepatotropic Infectious Agents Including Severe Acute Respiratory Syndrome Coronavirus-2, Adenovirus, Herpes Simplex Virus, and Coxiella burnetii","Hepatic Manifestations of Nonhepatotropic Infectious Agents Including Severe Acute Respiratory Syndrome Coronavirus-2, Adenovirus, Herpes Simplex Virus, and Coxiella burnetii."
0ke5nqy0,sdr2h8ri,1.0,Effects of Anticoagulants and Corticosteroids therapy in patients affected by severe COVID-19 Pneumonia,Effects of Anticoagulants and Corticosteroids Therapy in Patients Affected by Severe COVID-19 Pneumonia
70zgfhbp,lop0f9un,1.0,Mitteilungen des BDI,Kongresse des BDI
yy6dknn8,tpcazdbi,1.0,Introducing telehealth skills into the Doctor of Nursing Practice curriculum.,Introducing telehealth skills into the Doctor of Nursing Practice curriculum
boz9lf7g,99fgkc3g,1.0,Editorial 2020,Editorial - COVID-19
fcz1cm95,y57y9vsv,1.0,Rapid Decay of Anti–SARS-CoV-2 Antibodies in Persons with Mild Covid-19,Rapid Decay of Anti–SARS-CoV-2 Antibodies in Persons with Mild Covid-19
89q596c4,3z37r51y,1.0,"Time interval between onset of symptoms and COVID-19 testing in Brazilian state capitals, August 2020","Time interval between onset of symptoms and COVID-19 testing in Brazilian state capitals, August 2020."
zyagabnc,v62p6a6b,1.0,Correction to Lancet Oncol 2021; 22: 309–20,Correction to Lancet Oncol 2020; 21: 935-46
qo0j2b0a,ld5vv0yc,1.0,Triage of urology referrals and outpatient service during COVID-19 pandemic: experience from a single centre in Malaysia,Triage of urology referrals and outpatient service during COVID-19 pandemic: experience from a single centre in Malaysia.
2jdrvyas,6v0zvde1,1.0,"Comments on ""Benefits of Sexual Activity on Psychological, Relational, and Sexual Health During the COVID-19 Breakout""","Comments on ""Benefits of Sexual Activity on Psychological, Relational, and Sexual Health During the COVID-19 Breakout""."
cnfsbx12,2gb9pzy0,1.0,Characteristics and outcomes of COVID-19 patients in New York City’s public hospital system,Characteristics and Outcomes of COVID-19 Patients in New York City's Public Hospital System
g1y7hdqj,np26v04y,1.0,Issue Highlights,ISSUE HIGHLIGHTS.
r77vr4to,rcvfb5v3,1.0,A COVID-19 patient with seven consecutive false-negative rRT-PCR results from sputum specimens,A COVID-19 patient with seven consecutive false-negative rRT-PCR results from sputum specimens
a4zv30yi,osdl57i4,1.0,"Measuring teaching quality, designing tests, and transforming feedback targeting various education actors","Measuring teaching quality, designing tests, and transforming feedback targeting various education actors"
wwa3xa24,fr9twvjq,1.0,Convalescent Plasma against COVID-19: A Broad-Spectrum Therapeutic Approach for Emerging Infectious Diseases,Convalescent Plasma against COVID-19: A Broad-Spectrum Therapeutic Approach for Emerging Infectious Diseases
boz9lf7g,hmvymw17,1.0,Editorial 2020,EDITORIAL
9pfzu8ee,6l3cfjsv,1.0,Personal Protective Equipment,Personal Protective Equipment
4402h4g1,ntrm4j2d,1.0,Erratum,Erratum
v7jbl6s5,yr47dy3j,1.0,FROM THE EDITORS.,From the Editors.
g1y7hdqj,n3x6iehh,1.0,Issue Highlights,Issue Highlights.
k14902y7,cw934utk,1.0,"Comment on ""Ocular Manifestations of Hospitalized Patients with COVID-19 in Northeast of Iran""","Comment on ""Ocular Manifestations of Hospitalized Patients with COVID-19 in Northeast of Iran""."
70zgfhbp,16bn81xf,1.0,Mitteilungen des BDI,Mitteilungen des BDI
5wu21y7w,b01dacfg,1.0,"First surveillance of SARS-CoV-2 and organic tracers in community wastewater during post lockdown in Chennai, South India: Methods, occurrence and concurrence","First surveillance of SARS-CoV-2 and organic tracers in community wastewater during post lockdown in Chennai, South India: Methods, occurrence and concurrence"
boz9lf7g,qq5amdne,1.0,Editorial 2020,Editorial.
8413zjfb,qezfxlk6,1.0,Informe diário de evidências COVID-19: busca realizada em 3 de julho de 2020,Informe diário de evidências COVID-19: busca realizada em 21 de julho de 2020
e8qht1zc,j096a4r2,1.0,"Call for emergency action to limit global temperature increases, restore biodiversity, and protect health","Call for emergency action to limit global temperature increases, restore biodiversity, and protect health"
joz4ouy9,k49ja9l5,1.0,Selbstmanagement und Achtsamkeit: Januskopfige Therapieziele,COVID-19 und Nierentransplantation
tw7jsibe,3p7yvs8i,1.0,Adverse Effects and Antibody Titers in Response to the BNT162b2 mRNA COVID-19 Vaccine in a Prospective Study of Healthcare Workers,Adverse effects and antibody titers in response to the BNT162b2 mRNA COVID-19 vaccine in a prospective study of healthcare workers
un2exps5,f596cz4e,1.0,SARS-CoV-2 infection and adverse outcomes in users of ACE inhibitors and angiotensin-receptor blockers: a nationwide case-control and cohort analysis,SARS-CoV-2 infection and adverse outcomes in users of ACE inhibitors and angiotensin-receptor blockers: a nationwide case-control and cohort analysis
joz4ouy9,ul85qxy5,1.0,Selbstmanagement und Achtsamkeit: Januskopfige Therapieziele,Einzelreferate Und Buchbesprechungen
edllu011,6yex9h8m,1.0,No Rumours Please! A Multi-Indic-Lingual Approach for COVID Fake-Tweet Detection,No Rumours Please! A Multi-Indic-Lingual Approach for COVID Fake-Tweet Detection
yfp0fr1d,ntqmo7fb,1.0,Prevalence of Covid-19 personal protective equipment in aquatic systems and impact on associated fauna,Prevalence of Covid-19 personal protective equipment in aquatic systems and impact on associated fauna
df36yv6v,u3z1l3ax,1.0,Other adverse reaction research,Other adverse reaction research
j096a4r2,hww499ys,1.0,"Call for emergency action to limit global temperature increases, restore biodiversity, and protect health","Call for emergency action to limit global temperature increases, restore biodiversity, and protect health."
e8qht1zc,hww499ys,1.0,"Call for emergency action to limit global temperature increases, restore biodiversity, and protect health","Call for emergency action to limit global temperature increases, restore biodiversity, and protect health."
1yptptgb,c9y3f2qf,1.0,SARS-CoV-2 direct real-time polymerase chain reaction testing in laboratories with shortage challenges,SARS-CoV-2 direct real-time polymerase chain reaction testing in laboratories with shortage challenges
8u47kvq7,v9dw2ve7,1.0,"Africa's vaccine revolution, fetal-tissue studies and infection protection","Africa's vaccine revolution, fetal-tissue studies and infection protection."
4r838x0l,h4o23nbm,1.0,Older Adults' Avoidance of Public Transportation after the Outbreak of COVID-19: Korean Subway Evidence,Older Adults’ Avoidance of Public Transportation after the Outbreak of COVID-19: Korean Subway Evidence
oymj71y1,li6zku6j,1.0,COVID-19 and catastrophe capitalism: Commodity chains and ecological epidemiological-economic crises,COVID-19 and Catastrophe Capitalism Commodity Chains and Ecological-Epidemiological-Economic Crises
rrrc2woj,jqp1gto6,1.0,Growth Factor Receptor Signaling Inhibition Prevents SARS-CoV-2 Replication,Growth factor receptor signaling inhibition prevents SARS-CoV-2 replication
jm20p1u0,brjdmm3l,1.0,"Erratum à l'éditorial « Retour des peurs ancestrales avec le coronavirus, Covid-19 ¼ [Bull. Acad. Natl. Med. 6 (2020):541­542]","Erratum à l’éditorial « Retour des peurs ancestrales avec le coronavirus, Covid-19 » [Bull. Acad. Natl. Med. 6 (2020):541–542]"
nu7lnsp8,dkhjift2,1.0,Successful Continuation of Pregnancy and Delivery in a Patient with Covid-19 Complicated by Multisystem Inflammatory Syndrome (mis) and Cardiogenic Shock,SUCCESSFUL CONTINUATION OF PREGNANCY AND DELIVERY IN A PATIENT WITH COVID-19 COMPLICATED BY MULTISYSTEM INFLAMMATORY SYNDROME (MIS) AND CARDIOGENIC SHOCK
joz4ouy9,u0k5dn76,1.0,Selbstmanagement und Achtsamkeit: Januskopfige Therapieziele,"Immunsystem, Immunität und Infektionsschutz"
i4t7fsu7,t1dgsmg6,1.0,"Modelling, Simulations and Analysis of the First and Second COVID-19 Epidemics in Beijing","Modelling, Simulations and Analysis of the First and Second COVID-19 Epidemics in Beijing"
cde8xj2l,kpmp67qb,1.0,Kongresse des BDI,Mitteilungen des BDI
q11v9eah,3tvx4itm,1.0,Emergency Tracheostomy in Two Airway Trauma Patients Suspected of COVID-19: A Case Report,Emergency tracheostomy in two airway trauma patients suspected of COVID-19: A case report
9ip7bk1s,vu8v9epr,1.0,Unexpected Presentation of COVID-19 in a 38-Year-Old Male Patient: A Case Report,Unexpected Presentation of COVID-19 in a 38-Year-Old Male Patient: A Case Report
vog849j9,jy43tik2,1.0,Drug News,Drug News.
ayn55j22,pj7cv3m2,1.0,Outcomes of Patients Undergoing Emergency Tracheostomy During COVID 19 Pandemic: Our Experience from a Tertiary Care Centre in North-East India,Outcomes of Patients Undergoing Emergency Tracheostomy During COVID 19 Pandemic: Our Experience from a Tertiary Care Centre in North-East India
7329zriz,08oz91lx,1.0,Impact of COVID-19 lockdown on glucose control of elderly people with type 2 diabetes in Italy.,Impact of COVID-19 lockdown on glucose control of elderly people with type 2 diabetes in Italy
bc5venha,1svzfekm,1.0,An Overview of COVID 19’s Impact on English Language University Admissions and Placement Tests,An Overview of COVID-19’s Impact on English Language University Admissions and Placement Tests
fjy2exp6,zr3ju2rz,1.0,Dyspnea: the vanished warning symptom of COVID-19 pneumonia,Dyspnea: the vanished warning symptom of COVID‐19 pneumonia
iobq9ups,bvnxq0cn,1.0,Feature Augmented Hybrid CNN for Stress Recognition Using Wrist-based Photoplethysmography Sensor,Feature Augmented Hybrid CNN for Stress Recognition Using Wrist-based Photoplethysmography Sensor
ff26g7oz,eza5qh47,1.0,mRNA COVID-19 Vaccination and Development of CMR-confirmed Myopericarditis,mRNA COVID-19 Vaccination and Development of CMR-confirmed Myopericarditis
drd0jsr2,2n4du9mr,1.0,Recent advances of therapeutic targets and potential drugs of COVID-19.,Recent advances of therapeutic targets and potential drugs of COVID-19
nht1hyjo,0w8002f8,1.0,Effects of insulin on IGF-1 receptors in equine lamellar tissue in vitro.,Effects of insulin on IGF-1 receptors in equine lamellar tissue in vitro
g899n89e,uoeg727c,1.0,N-Terminal Finger Stabilizes the S1 Pocket for the Reversible Feline Drug GC376 in the SARS-CoV-2 Mpro Dimer,N-Terminal finger stabilizes the S1 pocket for the reversible feline drug GC376 in the SARS-CoV-2 Mpro dimer
zam5ei5l,mr250u01,1.0,Two cases of spontaneous pneumomediastinum with pneumothorax in patients with COVID-19 associated pneumonia,Two cases of spontaneous pneumomediastinum with pneumothorax in patients with COVID-19 associated pneumonia
6yarqpeu,qrds2xh2,1.0,Erratum,Erratum
putp2faz,jdyvxcuj,1.0,High prevalence of heterotopic ossification in critically ill patients with severe COVID-19,High prevalence of heterotopic ossification in critically ill patients with severe COVID-19
r1wltfp4,3d26d2gh,1.0,Effect of shelter-in-place on emergency department radiology volumes during the COVID-19 pandemic,Effect of shelter-in-place on emergency department radiology volumes during the COVID-19 pandemic
joz4ouy9,4pk73aar,1.0,Selbstmanagement und Achtsamkeit: Januskopfige Therapieziele,Covid-19: Gesundheitliche Ungleichheit und Pflegebedürftigkeit
cde8xj2l,lop0f9un,1.0,Kongresse des BDI,Kongresse des BDI
bcuxhpbo,eyi9zmce,1.0,More than Meets the Eye: Understanding Perceptions of China Beyond the Favorable–Unfavorable Dichotomy,More than Meets the Eye: Understanding Perceptions of China Beyond the Favorable-Unfavorable Dichotomy
wcr6vib1,x4gshr4m,1.0,Should emergency medical service stuff use respirators with filtered valve in COVID-19 pandemic?,Should emergency medical service stuff use respirators with filtered valve in COVID-19 pandemic?
wkvcpfib,nbli6yvr,1.0,No evidence COVID-19 has impacted remote psychiatric prescribing,No evidence COVID‐19 has impacted remote psychiatric prescribing
7d9xqsn7,fp8bhzt6,1.0,Similarities and differences between the ‘cytokine storms’ in acute dengue and COVID-19,Similarities and differences between the 'cytokine storms' in acute dengue and COVID-19
fyzcdwfh,qqe99tnn,1.0,"Mini-XT, a miniaturized tagmentation-based protocol for efficient sequencing of SARS-CoV-2","Mini-XT, a miniaturized tagmentation-based protocol for efficient sequencing of SARS-CoV-2"
8xv63ndk,e3jhpr9f,1.0,COVID-19 response measures and violence against children,COVID-19 response measures and violence against children
aci0fr75,dxyjbwer,1.0,[Clinical applications of smartwatches],[Clinical applications of smartwatches].
6yarqpeu,ntrm4j2d,1.0,Erratum,Erratum
o5y6cxcc,qgp3tij8,1.0,Reader response: Neurologic complications of coronavirus infections.,Reader response: Neurologic complications of coronavirus infections.
ezx2tpbn,cmh82bjb,1.0,"Exercise testing in COVID-19 era: Clinical profile, results and feasibility wearing a facemask","Exercise testing in COVID‐19 era: Clinical profile, results and feasibility wearing a facemask"
mfjo5bq6,3vdpbmjo,1.0,"Tumor Patients´ Perceived Changes of Specific Attitudes, Perceptions, and Behaviors Due to the COVID-19 Pandemic and Its Relation to Reduced Wellbeing","Tumor Patients´ Perceived Changes of Specific Attitudes, Perceptions, and Behaviors Due to the COVID-19 Pandemic and Its Relation to Reduced Wellbeing"
joz4ouy9,x6u3bm0c,1.0,Selbstmanagement und Achtsamkeit: Januskopfige Therapieziele,Neuroonkologie und Palliativmedizin
z1nlfh2m,4wptrm5w,1.0,Letters to the Editor.,Letters to the Editor.
z1nlfh2m,9vtahumj,1.0,Letters to the Editor.,Letters to the Editor.
q2bmn48t,wb7sy3py,1.0,Combination of rRT-PCR and Anti-Nucleocapsid/Anti-Spike Antibodies to Characterize Specimens with Very Low Viral SARs-CoV-2 Load: A Real-Life Experience,Combination of rRT-PCR and Anti-Nucleocapsid/Anti-Spike Antibodies to Characterize Specimens with Very Low Viral SARs-CoV-2 Load: A Real-Life Experience
hre694a3,y4j8bwo4,1.0,Laboratory data analysis of novel coronavirus (COVID-19) screening in 2510 patients,Laboratory data analysis of novel coronavirus (COVID-19) screening in 2510 patients
tzuth4un,x8vpnhd2,1.0,Implications for the use of telehealth in surgical patients during the COVID-19 pandemic,Implications for the use of telehealth in surgical patients during the COVID-19 pandemic
q326wynw,p80sewn1,1.0,From the Editor,To the Editor:
cde8xj2l,16bn81xf,1.0,Kongresse des BDI,Mitteilungen des BDI
wqp07wwl,4548hnz9,1.0,Knowing and being in pediatric radiology,Knowing and being in pediatric radiology.
8siz9rb8,u3cqxegq,1.0,Developing a Point-of-Care Molecular Test to Detect SARS-CoV-2,Developing a Point-of-Care Molecular Test to Detect SARS-CoV-2
sc25la8c,4krh89av,1.0,"Novel 2019 coronavirus structure, mechanism of action, antiviral drug promises and rule out against its treatment","Novel 2019 coronavirus structure, mechanism of action, antiviral drug promises and rule out against its treatment"
23uh8plk,pwt453p2,1.0,Developing an Outpatient Pediatric Pre-Procedure COVID-19 Testing Model,Developing an Outpatient Pediatric Pre-Procedure COVID-19 Testing Model
q326wynw,umc194c7,1.0,From the Editor,From the Editor.
o5y6cxcc,pkf273yo,1.0,Reader response: Neurologic complications of coronavirus infections.,Reader response: Neurologic complications of coronavirus infections.
ezrrcsf3,bkan3mwy,1.0,Effect of Cancer on Clinical Outcomes of Patients With COVID-19: A Meta-Analysis of Patient Data,Effect of Cancer on Clinical Outcomes of Patients With COVID-19: A Meta-Analysis of Patient Data
6cuf1iaa,nj0p2s2y,1.0,Mitteilungen der DGKFO,Mitteilungen der DGIM
k49ja9l5,ul85qxy5,1.0,COVID-19 und Nierentransplantation,Einzelreferate Und Buchbesprechungen
tcxolxtw,xjiwgprt,1.0,Dermatological findings in patients admitting to dermatology clinic after using face masks during Covid-19 pandemia: A new health problem,Dermatological findings in patients admitting to dermatology clinic after using face masks during Covid‐19 pandemia: A new health problem
zkyej26f,soe5obvu,1.0,Response,Response
xbf1sk52,8wb1yk03,1.0,"The Relationship Between Mental Toughness, Job Loss, and Mental Health Issues During the COVID-19 Pandemic","The Relationship Between Mental Toughness, Job Loss, and Mental Health Issues During the COVID-19 Pandemic"
s5s4ohyh,fwj4ha5f,1.0,Drug repurposing for COVID-19 via knowledge graph completion,Drug Repurposing for COVID-19 via Knowledge Graph Completion.
nj0p2s2y,nrlhfwf2,1.0,Mitteilungen der DGIM,Mitteilungen der DGRh - Veranstaltungen der Rheumaakademie
6cuf1iaa,nrlhfwf2,1.0,Mitteilungen der DGKFO,Mitteilungen der DGRh - Veranstaltungen der Rheumaakademie
oo45j2un,ax0b8iwv,1.0,Deep survival analysis with longitudinal X-rays for COVID-19,Deep survival analysis with longitudinal X-rays for COVID-19
fvla9mbd,sj07yx7f,1.0,Identifying Protein Features and Pathways Responsible for Toxicity Using Machine Learning and Tox21: Implications for Predictive Toxicology,Identifying Protein Features and Pathways Responsible for Toxicity Using Machine Learning and Tox21: Implications for Predictive Toxicology
nj0p2s2y,iwq4ugpk,1.0,Mitteilungen der DGIM,Mitteilungen der DGU
lszro55e,ijx24ujp,1.0,Correction,Correction
8uu4f12m,ztd4yjpi,1.0,COVID-19 in Egypt: Uncovered figures or a different situation?,COVID-19 in Egypt: Uncovered figures or a different situation?
vgedn6uk,8i5na59q,1.0,COVID-19 Proned Ventilation and Its Possible Association With Foot Drop: A Case Series,COVID-19 Proned Ventilation and Its Possible Association With Foot Drop: A Case Series
6cuf1iaa,iwq4ugpk,1.0,Mitteilungen der DGKFO,Mitteilungen der DGU
zkyej26f,z8v8yxgb,1.0,Response,In Response
cc70p8m8,atrgu4b1,1.0,Impact of COVID-19 pandemic on endoscopic submucosal dissection outcomes in early colorectal tumours,Impact of COVID-19 pandemic on endoscopic submucosal dissection outcomes in early colorectal tumours
soe5obvu,z8v8yxgb,1.0,Response,In Response
p9l3kp1q,fo4ax1od,1.0,SARS-CoV-2 Infection Induces Beta Cell Transdifferentiation,SARS-CoV-2 Infection Induces Beta Cell Transdifferentiation
slgy61j6,op2r9lz0,1.0,Recent Advances of Field-Effect Transistor Technology for Infectious Diseases,Recent Advances of Field-Effect Transistor Technology for Infectious Diseases
nj0p2s2y,aflszl0b,1.0,Mitteilungen der DGIM,Cardiopulmonale Wiederbelebung in Zeiten der COVID-19 Pandemie
nj0p2s2y,yb8rr84w,1.0,Mitteilungen der DGIM,Mitteilungen der DGINA
6cuf1iaa,yb8rr84w,1.0,Mitteilungen der DGKFO,Mitteilungen der DGINA
soe5obvu,cst4dejz,1.0,Response,In Response.
z9q04zfj,yxkkn9p8,1.0,"COVID-19 response: effectiveness of weekly rapid risk assessments, Italy","COVID-19 response: effectiveness of weekly rapid risk assessments, Italy"
00pb3ogi,golbj0vr,1.0,Innate Immunity Plays a Key Role in Controlling Viral Load in COVID-19: Mechanistic Insights from a Whole-Body Infection Dynamics Model,Innate Immunity Plays a Key Role in Controlling Viral Load in COVID-19: Mechanistic Insights from a Whole-Body Infection Dynamics Model
zkyej26f,cst4dejz,1.0,Response,In Response.
6cuf1iaa,aflszl0b,1.0,Mitteilungen der DGKFO,Cardiopulmonale Wiederbelebung in Zeiten der COVID-19 Pandemie
ul85qxy5,u0k5dn76,1.0,Einzelreferate Und Buchbesprechungen,"Immunsystem, Immunität und Infektionsschutz"
v8usyxyo,r7cc04d8,1.0,"COVID-19 Related Anxiety in Men With Localized Prostate Cancer at Tertiary Hospitals in the Cape Town, South Africa","COVID-19 Related Anxiety in Men With Localized Prostate Cancer at Tertiary Hospitals in the Cape Town, South Africa"
ois3g8ai,h99nfbda,1.0,Comment on: Nosocomial SARS-CoV-2 transmission in postoperative infection and mortality: analysis of 14 798 procedures,Comment on: Nosocomial SARS-CoV-2 transmission in postoperative infection and mortality: analysis of 14 798 procedures
6cuf1iaa,wf9q6iv3,1.0,Mitteilungen der DGKFO,Mitteilungen der DGKJ
nj0p2s2y,wf9q6iv3,1.0,Mitteilungen der DGIM,Mitteilungen der DGKJ
k49ja9l5,u0k5dn76,1.0,COVID-19 und Nierentransplantation,"Immunsystem, Immunität und Infektionsschutz"
lszro55e,c0a0tk5v,1.0,Correction,Correction.
hekhwnoz,hfo09qm3,1.0,Covid-19: Is Manaus the final nail in the coffin for natural herd immunity?,Covid-19: Is Manaus the final nail in the coffin for natural herd immunity?
zkyej26f,dhjitiia,1.0,Response,Response
07ue2oh6,lb0cbz7d,1.0,"Maternal transmission of SARS-COV-2 to the neonate, and possible routes for such transmission: A systematic review and critical analysis","Maternal transmission of SARS-COV-2 to the neonate, and possible routes for such transmission: a systematic review and critical analysis"
soe5obvu,dhjitiia,1.0,Response,Response
nj0p2s2y,60xvjwsz,1.0,Mitteilungen der DGIM,Mitteilungen der DVG
psk1lnff,akwgi9ta,1.0,Impact of COVID-19 related social support service closures on people with dementia and unpaid carers: a qualitative study.,Impact of COVID-19 related social support service closures on people with dementia and unpaid carers: a qualitative study
6cuf1iaa,60xvjwsz,1.0,Mitteilungen der DGKFO,Mitteilungen der DVG
0etpzpdc,1ka3qrsm,1.0,Evaluation of novel HIV vaccine candidates using recombinant vesicular stomatitis virus vector produced in serum-free Vero cell cultures,Evaluation of novel HIV vaccine candidates using recombinant vesicular stomatitis virus vector produced in serum-free Vero cell cultures.
b8fhahcs,5re0jbek,1.0,Global virus tracker,Global virus tracker
o7qno30t,yaupweet,1.0,COVID-19 and the Digestive System,The Digestive System
665fe05c,7gt0el4x,1.0,Global Variation in Hand Hygiene Practices Among Adolescents: The Role of Family and School-Level Factors,Global Variation in Hand Hygiene Practices Among Adolescents: The Role of Family and School-Level Factors
nj0p2s2y,go1ejczo,1.0,Mitteilungen der DGIM,Der Fachmann
nj0p2s2y,wmsx2ynt,1.0,Mitteilungen der DGIM,Mitteilungen der DGU
6cuf1iaa,wmsx2ynt,1.0,Mitteilungen der DGKFO,Mitteilungen der DGU
6cuf1iaa,go1ejczo,1.0,Mitteilungen der DGKFO,Der Fachmann
t0z2lx73,sea508kb,1.0,Mental health of children and young people during pandemic.,Mental health of children and young people during pandemic
a124cm8x,bqlmlzxa,1.0,Comparison of five SARS-CoV-2 rapid antigen tests in a hospital setting and performance of one antigen assay in routine practice. A useful tool to guide isolation precautions?,Comparison of five SARS-CoV-2 rapid antigen tests in a hospital setting and performance of one antigen assay in routine practice. A useful tool to guide isolation precautions?
iwyf1nd2,lnyxoam5,1.0,391 Public sunscreen dispensers and consumer sunscreen trends during the COVID-19 pandemic,391 Public sunscreen dispensers and consumer sunscreen trends during the COVID-19 pandemic
0vybmfxf,hkbxjfya,1.0,"SARS-CoV-2 in Environment Perspective: Occurrence, Persistence, Surveillance, Inactivation and Challenges","SARS-CoV-2 in Environment Perspective: Occurrence, Persistence, Surveillance, Inactivation and Challenges"
62x6zx7n,40cbhne3,1.0,Myoclonus-Ataxia Syndrome Associated with COVID-19,Myoclonus-Ataxia Syndrome Associated with COVID-19
86aclhqv,qmpo8tn1,1.0,Healthcare poverty-inequality and government quick fixes,Healthcare poverty-inequality and government quick fixes
zkyej26f,evdw1rvy,1.0,Response,In Response.
lszro55e,cc4qimtk,1.0,Correction,Correction.
lszro55e,qhpk9svf,1.0,Correction,Correction
soe5obvu,evdw1rvy,1.0,Response,In Response.
baa1kkcx,4p5igee7,1.0,Entretien avec le professeur Jérôme Pugin par Raphaël Minjard,Entretien avec le professeur Jérôme Pugin par Raphaël Minjard
6cuf1iaa,bsxc5v3j,1.0,Mitteilungen der DGKFO,Auswirkungen der COVID-19-Pandemie
6cuf1iaa,hzbaterg,1.0,Mitteilungen der DGKFO,Mitteilungen der DGRh - Veranstaltungen der Rheumaakademie
jrf7intw,xzbdhk75,1.0,Informe diário de evidências COVID-19: busca realizada em 1 de maio de 2020,Informe diário de evidências COVID-19: busca realizada em 22 de maio de 2020
ul85qxy5,4pk73aar,1.0,Einzelreferate Und Buchbesprechungen,Covid-19: Gesundheitliche Ungleichheit und Pflegebedürftigkeit
2b08a4w3,wtljpa02,1.0,Community Pharmacists’ Motivation and Barriers to Providing and Billing Patient Care Services,Community Pharmacists' Motivation and Barriers to Providing and Billing Patient Care Services
nj0p2s2y,bsxc5v3j,1.0,Mitteilungen der DGIM,Auswirkungen der COVID-19-Pandemie
nj0p2s2y,hzbaterg,1.0,Mitteilungen der DGIM,Mitteilungen der DGRh - Veranstaltungen der Rheumaakademie
j0n3fd26,f03mq4aj,1.0,COVID-19 Era: Challenges and Solutions in Dental Education.,COVID-19 Era: Challenges and Solutions in Dental Education
dudc5eh8,4d7xw5rv,1.0,Naturally enhanced neutralizing breadth against SARS-CoV-2 one year after infection,Naturally enhanced neutralizing breadth against SARS-CoV-2 one year after infection
k49ja9l5,4pk73aar,1.0,COVID-19 und Nierentransplantation,Covid-19: Gesundheitliche Ungleichheit und Pflegebedürftigkeit
i18cq673,sii2dsb4,1.0,"COVID 19 - Possible interrelations with respiratory comorbidities caused by occupational exposure to various hazardous bioaerosols. Part II. Clinical course, diagnostics, treatment and prevention.","COVID 19 - Possible interrelations with respiratory comorbidities caused by occupational exposure to various hazardous bioaerosols. Part II. Clinical course, diagnostics, treatment and prevention"
ju6631gu,16wyih2l,1.0,Coronavirus disease 2019: MRI examination procedures and infection prevention and protection.,Coronavirus disease 2019: MRI examination procedures and infection prevention and protection
t056gze6,re12pkws,1.0,Mathematical modelling on diffusion and control of COVID-19,Mathematical modelling on diffusion and control of COVID–19
0paafp5j,96zsd27n,1.0,Anesthesia and COVID-19: What We Should Know and What We Should Do.,Anesthesia and COVID-19: What We Should Know and What We Should Do
9g739i90,arvhah4j,1.0,Spike protein d614g and RDRP p323l: The SARS-CoV-2 mutations associated with severity of COVID-19,Spike protein D614G and RdRp P323L: the SARS-CoV-2 mutations associated with severity of COVID-19
7hzatgod,50oi8e9b,1.0,Covid-19: Breaking bad news with social distancing in pediatric oncology,Covid-19: Breaking bad news with social distancing in pediatric oncology.
9gigsdp9,2gxgr3u1,1.0,"La Kinésithérapie face au COVID-19 : un rôle de Santé publique majeur à court, moyen et long termes dans le processus rééducatif-réadaptatif des patients","La Kinésithérapie face au COVID-19: un rôle de Santé publique majeur à court, moyen et long termes dans le processus rééducatif-réadaptatif des patients"
y2yvusia,wep0oeio,1.0,"Consuming Information Related to COVID-19 on Social Media Among Older Adults and Its Association With Anxiety, Social Trust in Information, and COVID-Safe Behaviors: Cross-sectional Telephone Survey","Consuming Information Related to COVID-19 on Social Media Among Older Adults and Its Association With Anxiety, Social Trust in Information, and COVID-Safe Behaviors: Cross-sectional Telephone Survey"
5lews3uw,bbywrc1g,1.0,COMMUNITY-ACQUIRED PNEUMONIA,Community-acquired pneumonia.
pv0g28yx,g7ujhdu1,1.0,Effect of 2021 Assembly Election in India on Covid-19 Transmission,Effect of 2021 assembly election in India on COVID-19 transmission
gefjmk51,vfh1lusy,1.0,Can we do for other essential medicines what we are doing for the COVID-19 vaccine?,Can we do for other essential medicines what we are doing for the COVID-19 vaccine?
jrf7intw,bisn1wse,1.0,Informe diário de evidências COVID-19: busca realizada em 1 de maio de 2020,Informe diário de evidências COVID-19: busca realizada em 5 de maio de 2020
6cuf1iaa,pf07lqrv,1.0,Mitteilungen der DGKFO,Mitteilungen der DGRh - Veranstaltungen der Rheumaakademie
nj0p2s2y,pf07lqrv,1.0,Mitteilungen der DGIM,Mitteilungen der DGRh - Veranstaltungen der Rheumaakademie
6cuf1iaa,wr9uokky,1.0,Mitteilungen der DGKFO,Mitteilungen der DGG
k49ja9l5,x6u3bm0c,1.0,COVID-19 und Nierentransplantation,Neuroonkologie und Palliativmedizin
s5s4ohyh,d9gg6atq,1.0,Drug repurposing for COVID-19 via knowledge graph completion,Drug Repurposing for COVID-19 via Knowledge Graph Completion
po6ltdjp,n31i4rfb,1.0,Symptomatic and Asymptomatic Viral Shedding in Pediatric Patients Infected With Severe Acute Respiratory Syndrome Coronavirus 2 (SARS-CoV-2): Under the Surface,Symptomatic and Asymptomatic Viral Shedding in Pediatric Patients Infected With Severe Acute Respiratory Syndrome Coronavirus 2 (SARS-CoV-2): Under the Surface.
gtk5doa3,xlhv0fzw,1.0,Psychiatric Intervention and Psychiatrist's Role in the COVID-19 Epicenter-Wuhan: Personal Experience and Perspective.,Psychiatric Intervention and Psychiatrist's Role in the COVID-19 Epicenter-Wuhan: Personal Experience and Perspective
nj0p2s2y,wr9uokky,1.0,Mitteilungen der DGIM,Mitteilungen der DGG
ul85qxy5,x6u3bm0c,1.0,Einzelreferate Und Buchbesprechungen,Neuroonkologie und Palliativmedizin
lszro55e,kicx3y2b,1.0,Correction,Correction
lszro55e,2xsjxjml,1.0,Correction,Correction
68r4d5ph,ava0tn0u,1.0,"In 1969 man landed on the moon, how can we also eradicate COVID-19?","In 1969 man landed on the moon, how can we also eradicate COVID‐19?"
5lews3uw,hgp57o0s,1.0,COMMUNITY-ACQUIRED PNEUMONIA,Community-Acquired Pneumonia
1n1i38lo,dh3zqjbz,1.0,Features of 20 133 UK patients in hospital with covid-19 using the ISARIC WHO Clinical Characterisation Protocol: prospective observational cohort study,Features of 20 133 UK patients in hospital with covid-19 using the ISARIC WHO Clinical Characterisation Protocol: prospective observational cohort study
qh50vz0b,y6t64pux,1.0,Covid-19.bioreproducibility.org: A web resource for SARS-CoV-2-related structural models,Covid‐19.bioreproducibility.org: A web resource for SARS‐CoV‐2‐related structural models
ds5ig00p,xjnzx9dm,1.0,Reply to Morje et al.,Reply to Hasford and to Spinola et al
8hzzn75a,kuhk5o6u,1.0,Exploring COVID-19 Related Factors Influencing Antenatal Care Services Uptake: A Qualitative Study among Women in a Rural Community in Southwest Ethiopia,Exploring COVID-19 Related Factors Influencing Antenatal Care Services Uptake: A Qualitative Study among Women in a Rural Community in Southwest Ethiopia
jnz818ic,8s1mz2y9,1.0,Spread of Respiratory Droplets in a Simulated Ophthalmic Surgery,Spread of Respiratory Droplets in a Simulated Ophthalmic Surgery
y8qzdiq1,p8rsf7hz,1.0,Role of Multi-resolution Vulnerability Indices in COVID-19 spread: A Case Study in India,Role of Multi-resolution Vulnerability Indices in COVID-19 spread: A Case Study in India
fg027ezv,eirlrb4j,1.0,Impact of monoclonal antibody treatment on hospitalization and mortality among non-hospitalized adults with SARS-CoV-2 infection,Impact of bamlanivimab monoclonal antibody treatment on hospitalization and mortality among non-hospitalized adults with SARS-CoV-2 infection
8qq491zl,mz9715sg,1.0,[Resilience and responsiveness of general practice during the COVID-19 pandemic].,[Resilience and responsiveness of general practice during the COVID-19 pandemic]
lhpy3d3p,mpviiypm,1.0,Contents to volume 14,Contents of volume 46
urkqpf3u,iy0h13x8,1.0,A monthly roundup of key articles in other journals.,A monthly roundup of key articles in other journals.
nrlhfwf2,iwq4ugpk,1.0,Mitteilungen der DGRh - Veranstaltungen der Rheumaakademie,Mitteilungen der DGU
ds5ig00p,ssbreehh,1.0,Reply to Morje et al.,Reply to Chowdhary et al
uu2rbtem,tgfl2gut,1.0,Where Have All the “AIDS Babies” Gone? A Historical Memoir of the Pediatric AIDS Epidemic in New Haven and its Eventual Eradication,"Where Have All the ""AIDS Babies"" Gone? A Historical Memoir of the Pediatric AIDS Epidemic in New Haven and its Eventual Eradication."
9pmy6lq4,0hqtb06l,1.0,SARS-CoV2 IgG antibody: Seroprevalence among health care workers,SARS-CoV2 IgG antibody: Seroprevalence among health care workers
sx2lolfj,9c4y9udb,1.0,COVID-19 TestNorm - A tool to normalize COVID-19 testing names to LOINC codes,COVID-19 TestNorm: A tool to normalize COVID-19 testing names to LOINC codes
m250gv5p,g6brjqix,1.0,"Incidence, clinical features, and outcomes of COVID-19 in Canada: impact of sex and age","Incidence, clinical features, and outcomes of COVID-19 in Canada: impact of sex and age"
xjnzx9dm,ssbreehh,1.0,Reply to Hasford and to Spinola et al,Reply to Chowdhary et al
2odqa7md,1mn5qx8d,1.0,Panorama,Panorama
lbyqco1b,uewl2mqi,1.0,An optimal predictive control strategy for COVID-19 (SARS-CoV-2) social distancing policies in Brazil,An Optimal Predictive Control Strategy for COVID-19 (SARS-CoV-2) Social Distancing Policies in Brazil
nrlhfwf2,aflszl0b,1.0,Mitteilungen der DGRh - Veranstaltungen der Rheumaakademie,Cardiopulmonale Wiederbelebung in Zeiten der COVID-19 Pandemie
nrlhfwf2,yb8rr84w,1.0,Mitteilungen der DGRh - Veranstaltungen der Rheumaakademie,Mitteilungen der DGINA
w8jhukvg,julb9h0r,1.0,The double burden of disease of COVID-19 in cardiovascular patients: overlapping conditions could lead to overlapping treatments,The double burden of disease of COVID-19 in cardiovascular patients: overlapping conditions could lead to overlapping treatments
rx8peyt7,sskzku0r,1.0,Psychogeriatrics in a world with COVID-19,Psychogeriatrics in a world with COVID-19
l4jhfxv9,ishxtpme,1.0,Adjusting to the new reality: Evaluation of early practice pattern adaptations to the COVID-19 pandemic,Adjusting to the new reality: Evaluation of early practice pattern adaptations to the COVID-19 pandemic
nfx96z2r,avem6ttn,1.0,1 January News.,1 January News
i7yo4h3m,00axskd9,1.0,Management of Follow-Up With Preterm Infants During the Outbreak in China,Management of Follow-Up With Preterm Infants During the Outbreak in China
v1pjv93r,e4aqm1nl,1.0,Intravenous Vitamin C for reduction of cytokines storm in Acute Respiratory Distress Syndrome,Intravenous Vitamin C for reduction of cytokines storm in Acute Respiratory Distress Syndrome
rvfj05hi,7qa06erw,1.0,"Impact of Information Exposure on Perceived Risk, Efficacy, and Preventative Behaviors at the Beginning of the COVID-19 Pandemic in the United States","Impact of Information Exposure on Perceived Risk, Efficacy, and Preventative Behaviors at the Beginning of the COVID-19 Pandemic in the United States."
kuplccnm,7tx833ye,1.0,"Subject index: Volume 32, 1999",Subject index to volume 87
kuplccnm,7wpzw323,1.0,"Subject index: Volume 32, 1999",Subject index for volume 134
nrlhfwf2,wf9q6iv3,1.0,Mitteilungen der DGRh - Veranstaltungen der Rheumaakademie,Mitteilungen der DGKJ
xyjozeyl,g8gtv2s2,1.0,"Diagnostic accuracy of three SARS-CoV2 antibody detection assays, neutralizing effect and longevity of serum antibodies","Diagnostic accuracy of three SARS-CoV2 antibody detection assays, neutralizing effect and longevity of serum antibodies"
5fkpnbdb,7l7kw7f9,1.0,Negative SARS-CoV-2 antibody testing following COVID-19 infection in Two MS patients treated with ocrelizumab,Negative SARS-CoV-2 antibody testing following COVID-19 infection in Two MS patients treated with ocrelizumab
7te9136i,nbf5a4kg,1.0,Quality of life of cancer patients during coronavirus disease (COVID‐19) pandemic,Quality of life of cancer patients during coronavirus disease (COVID-19) pandemic
nrlhfwf2,60xvjwsz,1.0,Mitteilungen der DGRh - Veranstaltungen der Rheumaakademie,Mitteilungen der DVG
xjnzx9dm,qzbyw2fo,1.0,Reply to Hasford and to Spinola et al,Reply to Barthell et al.
ynaqjrhz,6uvcx4oy,1.0,Vaccines,Vaccines of Covid-19
gl8pm0bh,h76ot7rv,1.0,Computerized tomography of the Thorax for surgical patients during the COVID‐19 pandemic: Was it useful?,Computerized tomography of the Thorax for surgical patients during the COVID-19 pandemic: Was it useful?
ds5ig00p,qzbyw2fo,1.0,Reply to Morje et al.,Reply to Barthell et al.
tsohesp1,1pynyqmd,1.0,A173 INNOVATIVE CARE FOR INFLAMMATORY BOWEL DISEASE PATIENTS DURING THE COVID-19 PANDEMIC: USE OF BEDSIDE INTESTINAL ULTRASOUND TO OPTIMIZE MANAGEMENT,Innovative Care for Inflammatory Bowel Disease Patients during the COVID-19 Pandemic: Use of Bedside Intestinal Ultrasound to Optimize Management
fl1rp4v2,m8ngtu7c,1.0,An Introduction to COVID-19,Introduction to the Introduction.
urkqpf3u,w5456jge,1.0,A monthly roundup of key articles in other journals.,A monthly roundup of key articles in other journals.
rgoaqaue,8vodfmda,1.0,Vaccinating Children against Covid-19 - The Lessons of Measles.,Vaccinating Children against Covid-19 - The Lessons of Measles
rqmxylw2,jypt0b3b,1.0,Dipeptidyl peptidase-4 inhibitor treatment could decrease Klebsiella pneumoniae pneumonia in patients with type 2 diabetes,Dipeptidyl Peptidase-4 Inhibitor treatment could decrease Klebsiella pneumoniae Pneumonia in patients with type 2 diabetes.
n7pi489j,vhta28qx,1.0,Physician Selection with a Neutrosophic Multi-criteria Decision Making Method,Physician Selection with a Neutrosophic Multi-criteria Decision Making Method
h8pl8ig0,dsfbmhbj,1.0,Outcome Reporting Bias in COVID-19 mRNA Vaccine Clinical Trials,Outcome Reporting Bias in COVID-19 mRNA Vaccine Clinical Trials
nrlhfwf2,wmsx2ynt,1.0,Mitteilungen der DGRh - Veranstaltungen der Rheumaakademie,Mitteilungen der DGU
nrlhfwf2,go1ejczo,1.0,Mitteilungen der DGRh - Veranstaltungen der Rheumaakademie,Der Fachmann
2odqa7md,j35pt4em,1.0,Panorama,Panorama
af43vm5x,pt1zamme,1.0,Seven days in medicine: 18-24 March,Seven days in medicine: 3-9 March 2021.
i437wzit,t72jtyny,1.0,SARS-CoV-2 envelope protein causes acute respiratory distress syndrome (ARDS)-like pathological damages and constitutes an antiviral target,SARS-CoV-2 envelope protein causes acute respiratory distress syndrome (ARDS)-like pathological damages and constitutes an antiviral target
kuplccnm,kfzk6ss3,1.0,"Subject index: Volume 32, 1999",Subject index to volume 104
jtc50xp1,6ug1v899,1.0,Interest of screening asymptomatic older adults for SARS-CoV-2 in nursing homes,Interest of screening asymptomatic older adults for SARS-CoV-2 in nursing homes
nevir5hx,ccfkqert,1.0,Proteome reveals antiviral host response and NETosis during acute COVID-19 in high-risk patients,Proteome reveals antiviral host response and NETosis during acute COVID-19 in high-risk patients
mf5v5z1n,w8fo608i,1.0,The Pandemic and the Supply Chain: Gaps in Pharmaceutical Production and Distribution,The Pandemic and the Supply Chain: Gaps in Pharmaceutical Production and Distribution
lvw7toaq,okpjkttq,1.0,Structural stability predictions and molecular dynamics simulations of RBD and HR1 mutations associated with SARS-CoV-2 spike glycoprotein.,Structural stability predictions and molecular dynamics simulations of RBD and HR1 mutations associated with SARS-CoV-2 spike glycoprotein
o5arti9e,4h48uq79,1.0,Personal Protective Equipment Removal: Preventing Self-Contamination,Personal Protective Equipment Removal: Preventing Self-Contamination.
c0rzuxci,8d7tt95w,1.0,Accessibility to SARS-CoV-2 swab test during the Covid-19 pandemic: Did age make the difference?,Accessibility to SARS-CoV-2 Swab Test during the Covid-19 Pandemic: Did Age Make the Difference?
nrlhfwf2,bsxc5v3j,1.0,Mitteilungen der DGRh - Veranstaltungen der Rheumaakademie,Auswirkungen der COVID-19-Pandemie
nrlhfwf2,hzbaterg,1.0,Mitteilungen der DGRh - Veranstaltungen der Rheumaakademie,Mitteilungen der DGRh - Veranstaltungen der Rheumaakademie
6p7k80d0,hdgew8i1,1.0,SARS-CoV-2 infects human pancreatic β-cells and elicits β-cell impairment,SARS-CoV-2 infects human pancreatic β-cells and elicits β-cell impairment
ggaif8jp,4swlpolr,1.0,Psychiatry residency during the COVID-19 pandemic: navigating uncharted waters,Psychiatry residency during the COVID-19 pandemic: Navigating uncharted waters
kgcyd9qe,dt1n50s0,1.0,Patients taking angiotensin-converting enzyme inhibitors/angiotensin II type I receptor blockers: higher risks of severe acute respiratory syndrome coronavirus 2 infection but milder clinical manifestations?,Patients taking angiotensin-converting enzyme inhibitors/angiotensin II type I receptor blockers: higher risks of severe acute respiratory syndrome coronavirus 2 infection but milder clinical manifestations?
84whg5me,55edsslr,1.0,Knowledge and practice of personal protective measures during the COVID-19 pandemic: A cross-sectional study in Saudi Arabia,Knowledge and practice of personal protective measures during the COVID-19 pandemic: A cross-sectional study in Saudi Arabia
77srbjp6,gdtv3nz6,1.0,"COVID-Related Concerns, the Need for Help, and Perceived Microaggression among Young Ultra-Orthodox Jewish Respondents in Israel","COVID-Related Concerns, the Need for Help, and Perceived Microaggression among Young Ultra-Orthodox Jewish Respondents in Israel"
jy7ldfld,sis9yc3y,1.0,The Impact of the Covid-19 Surgical Pause on Operative Timings Elective Benign Gynaecological Surgery,The Impact of the Covid-19 Surgical Pause on Operative Timings Elective Benign Gynaecological Surgery
tswwn65m,53lvvffy,1.0,Older Adults' Attitudes Toward Virtual Volunteering During the COVID-19 Pandemic,Older Adults' Attitudes Toward Virtual Volunteering During the COVID-19 Pandemic.
y2prngn3,1ku28d44,1.0,In Silico Screening of Natural Products Isolated from Mexican Herbal Medicines against COVID-19,In Silico Screening of Natural Products Isolated from Mexican Herbal Medicines against COVID-19
yqqm9gip,0hstlis9,1.0,Effects of Voluntary Attendance Patterns on First Year Medical Students’ Wellness During COVID-19,Effects of Voluntary Attendance Patterns on First Year Medical Students’ Wellness During COVID‐19
c5kbh3e0,nc659tdj,1.0,France's 2020 Report Card on Physical Activity and Sedentary Behaviors in Children and Youth: Results and Progression.,France's 2020 Report Card on Physical Activity and Sedentary Behaviors in Children and Youth: Results and Progression
85j1vg0x,e8c7orz3,1.0,Psychological and Emotional Impact of Patients Living in Psychiatric Treatment Communities during Covid-19 Lockdown in Italy,Psychological and Emotional Impact of Patients Living in Psychiatric Treatment Communities during Covid-19 Lockdown in Italy
4spkenbk,gpe8ves9,1.0,Renin-Angiotensin System Blockers and the Risk of COVID-19-Related Mortality in Patients with Kidney Failure,Renin-Angiotensin System Blockers and the Risk of COVID-19-Related Mortality in Patients with Kidney Failure
6w67vbul,13b3rvkt,1.0,Beating the odds with systematic individualized care Nationwide prospective follow‐up of all patients with COVID‐19 in Iceland,Beating the odds with systematic individualized care Nationwide prospective follow-up of all patients with COVID-19 in Iceland
va1929se,bx298nvh,1.0,Supragastric belching in Japan: lower prevalence and relevance for management of gastroesophageal reflux disease compared to United Kingdom.,Supragastric belching in Japan: lower prevalence and relevance for management of gastroesophageal reflux disease compared to United Kingdom
og20zs6a,2ittzcc1,1.0,Validation of a new automated chemiluminescent anti-SARS-CoV-2 IgM and IgG antibody assay system detecting both N and S proteins in Japan,Validation of a new automated chemiluminescent anti-SARS-CoV-2 IgM and IgG antibody assay system detecting both N and S proteins in Japan
nrlhfwf2,pf07lqrv,1.0,Mitteilungen der DGRh - Veranstaltungen der Rheumaakademie,Mitteilungen der DGRh - Veranstaltungen der Rheumaakademie
644d1i1n,44bvby3r,1.0,The impact of COVID 19 on air pollution levels and other environmental indicators - A case study of Egypt,The impact of COVID 19 on air pollution levels and other environmental indicators - A case study of Egypt
nrlhfwf2,wr9uokky,1.0,Mitteilungen der DGRh - Veranstaltungen der Rheumaakademie,Mitteilungen der DGG
fwj4ha5f,d9gg6atq,1.0,Drug Repurposing for COVID-19 via Knowledge Graph Completion.,Drug Repurposing for COVID-19 via Knowledge Graph Completion
75x1l0r2,c9h141kf,1.0,Concordance of Pre-Procedure Testing With Time of Surgery Testing for SARS-CoV-2 in Children.,Concordance of Pre-Procedure Testing With Time of Surgery Testing for SARS-CoV-2 in Children
qsmr3z1t,7avnd0t2,1.0,Deploying Machine and Deep Learning Models for Efficient Data-Augmented Detection of COVID-19 Infections,Deploying Machine and Deep Learning Models for Efficient Data-Augmented Detection of COVID-19 Infections
lhpy3d3p,o3i659r1,1.0,Contents to volume 14,Contents of volume 2
zu6fb52c,m0zl9mn0,1.0,Exoscope-assisted Otologic Surgery During the COVID-19 Pandemic,Exoscope-assisted Otologic Surgery During the COVID-19 Pandemic.
zyahw5fo,dt7pnjq9,1.0,The Urban-Rural Disparity in the Status and Risk Factors of Health Literacy: A Cross-Sectional Survey in Central China,The Urban-Rural Disparity in the Status and Risk Factors of Health Literacy: A Cross-Sectional Survey in Central China
b44xsscn,1bf0m0hs,1.0,Sport for Development and COVID-19: Responding to Change and Participant Needs,Sport for Development and COVID-19: Responding to Change and Participant Needs
ut2ssdbz,5rxjcmet,1.0,A comparative study of international and Chinese public health emergency management from the perspective of knowledge domains mapping,A comparative study of international and Chinese public health emergency management from the perspective of knowledge domains mapping
jgzvr2yg,txb812a1,1.0,Scoring system for identifying Japanese patients with COVID-19 at risk of requiring oxygen supply: A retrospective single-center study,Scoring system for identifying Japanese patients with COVID-19 at risk of requiring oxygen supply: A retrospective single-center study
flo6tnkj,e8nqpzwn,1.0,Aortic Valve Replacement Via Right Anterior Mini-Thoracotomy: the Conventional Procedure Performed Through a Smaller Incision,Aortic Valve Replacement Via Right Anterior Mini-Thoracotomy: the Conventional Procedure Performed Through a Smaller Incision.
0es5bejf,d9ehf2jb,1.0,"Epidemiological characteristics and spatial-temporal analysis of COVID-19 in Shandong Province, China","Epidemiological characteristics and spatial−temporal analysis of COVID-19 in Shandong Province, China"
ajxspxky,wwiompg6,1.0,The adverse effects of the COVID-19 pandemic on nursing home resident well-being,The Adverse Effects of the COVID-19 Pandemic on Nursing Home Resident Well-Being
o5ukyica,80ui988v,1.0,Fostering inclusivity: the consultant obstetrician and gynaecologist,Fostering inclusivity: the consultant obstetrician and gynaecologist.
v3u1r3us,z4di6mkv,1.0,"Time, distance, shielding and ALARA; drawing similarities between measures for radiation protection and Coronavirus disease pandemic response.","Time, distance, shielding and ALARA; drawing similarities between measures for radiation protection and Coronavirus disease pandemic response"
iwq4ugpk,yb8rr84w,1.0,Mitteilungen der DGU,Mitteilungen der DGINA
iwq4ugpk,aflszl0b,1.0,Mitteilungen der DGU,Cardiopulmonale Wiederbelebung in Zeiten der COVID-19 Pandemie
iwq4ugpk,wf9q6iv3,1.0,Mitteilungen der DGU,Mitteilungen der DGKJ
1l2trvmy,d9fc2avd,1.0,Respiratory infections.,Respiratory infections.
umba2h5k,r3a6tx0t,1.0,Structural insight reveals SARS-CoV-2 ORF7a as an immunomodulating factor for human CD14+ monocytes,Structural insight reveals SARS-CoV-2 ORF7a as an immunomodulating factor for human CD14+ monocytes
csnxn42q,h0e4z0sn,1.0,"Attitudes and Practices of Open Data, Preprinting, and Peer-review - a Cross Sectional Study on Croatian Scientists","Attitudes and practices of open data, preprinting, and peer-review—A cross sectional study on Croatian scientists"
jflt93zz,72cz8d5j,1.0,Evaluating the Patient and Setting-Specific Factors That Influenced the Quality of Informed Consent in a Retrospective Cohort of Subtotal Cholecystectomy Patients.,Evaluating the Patient and Setting-Specific Factors That Influenced the Quality of Informed Consent in a Retrospective Cohort of Subtotal Cholecystectomy Patients
ec302la1,5q9m1fgi,1.0,Perceived Level of Usability as an Evaluation Metric in Adaptive E-learning : A Case Study with Dyslexic Children,Perceived Level of Usability as an Evaluation Metric in Adaptive E-learning: A Case Study with Dyslexic Children
iwq4ugpk,60xvjwsz,1.0,Mitteilungen der DGU,Mitteilungen der DVG
ijx24ujp,c0a0tk5v,1.0,Correction,Correction.
7anq5ww8,tnqt1vui,1.0,"COVID-19 outbreak reproduction number estimations and forecasting in Marche, Italy","COVID-19 outbreak reproduction number estimations and forecasting in Marche, Italy"
gxm4wnkd,5nxv88h7,1.0,Editorial Comment.,Editorial Comment.
1ayt2htw,vo1tikl1,1.0,Nocardiosis mycetoma in an immunocompetent patient,Nocardiosis mycetoma in an immunocompetent patient.
929h6arn,wqoswb5l,1.0,Complicated coronavirus disease 2019 (COVID‐19) in a psoriatic patient treated with ixekizumab,Complicated coronavirus disease 2019 (COVID-19) in a psoriatic patient treated with ixekizumab
iwq4ugpk,go1ejczo,1.0,Mitteilungen der DGU,Der Fachmann
iwq4ugpk,wmsx2ynt,1.0,Mitteilungen der DGU,Mitteilungen der DGU
iy0h13x8,w5456jge,1.0,A monthly roundup of key articles in other journals.,A monthly roundup of key articles in other journals.
4q4rrii7,rky8wud2,1.0,Diagnosis of COVID-19 using multiple antibody assays in two cases with negative PCR results from nasopharyngeal swabs,Diagnosis of COVID-19 using multiple antibody assays in two cases with negative PCR results from nasopharyngeal swabs
ijx24ujp,qhpk9svf,1.0,Correction,Correction
ijx24ujp,cc4qimtk,1.0,Correction,Correction.
r7j43ja4,nlf6u81u,1.0,Hemolytic Anemia and Methemoglobinemia Due to Hydroxychloroquine Use for Covid-19 Treatment in a Glucose-6-phosphate Dehydrogenase-deficient Patient,HEMOLYTIC ANEMIA AND METHEMOGLOBINEMIA DUE TO HYDROXYCHLOROQUINE USE FOR COVID-19 TREATMENT IN A GLUCOSE-6-PHOSPHATE DEHYDROGENASE-DEFICIENT PATIENT
3yy9exry,ebuccxhj,1.0,Evolution and effects of COVID-19 outbreaks in care homes: a population analysis in 189 care homes in one geographical region of the UK,Evolution and effects of COVID-19 outbreaks in care homes: a population analysis in 189 care homes in one geographical region of the UK
m0cckidw,mgzgu746,1.0,[Secondary Publication] Standard Operating Procedure for Post-mortem Inspection in a Focus on Coronavirus Disease-19: the Korean Society for Legal Medicine,[Secondary Publication] Standard Operating Procedure for Post-mortem Inspection in a Focus on Coronavirus Disease-19: the Korean Society for Legal Medicine
iwq4ugpk,hzbaterg,1.0,Mitteilungen der DGU,Mitteilungen der DGRh - Veranstaltungen der Rheumaakademie
iwq4ugpk,bsxc5v3j,1.0,Mitteilungen der DGU,Auswirkungen der COVID-19-Pandemie
xt2hw2r9,m2j6u25e,1.0,"Genome-Wide B Cell, CD4+, and CD8+ T Cell Epitopes That Are Highly Conserved between Human and Animal Coronaviruses, Identified from SARS-CoV-2 as Targets for Preemptive Pan-Coronavirus Vaccines.","Genome-Wide B Cell, CD4+, and CD8+ T Cell Epitopes That Are Highly Conserved between Human and Animal Coronaviruses, Identified from SARS-CoV-2 as Targets for Preemptive Pan-Coronavirus Vaccines"
6ymtjtve,x938errh,1.0,Fast and Easy Disinfection of Coronavirus-Contaminated Face Masks Using Ozone Gas Produced by a Dielectric Barrier Discharge Plasma Generator,Fast and easy disinfection of coronavirus-contaminated face masks using ozone gas produced by a dielectric barrier discharge plasma generator
qksdw3ju,8m3jf831,1.0,Cuphea spp.: antichemotactic study for a potential anti-inflammatory drug,Cuphea spp.: antichemotactic study for a potential anti-inflammatory drug.
9c2ew3h2,7a0ddzw2,1.0,HIV-1 Persistence in Children during Suppressive ART,HIV-1 Persistence in Children during Suppressive ART
7gzem1s5,mfzapjc0,1.0,The Role of Remdesivir in South Africa: Preventing COVID-19 Deaths Through Increasing Intensive Care Unit Capacity,The Role of Remdesivir in South Africa: Preventing COVID-19 Deaths Through Increasing Intensive Care Unit Capacity
7slx9kzj,x2hhnjws,1.0,COVID-19 progression in kidney transplant recipients: a single-center case series,COVID-19 progression in kidney transplant recipients: a single-center case series
iv8qc1iy,xcbtb0et,1.0,Highlights of the 33rd annual scientific meeting of the Association of Medical Laboratory Immunologists (AMLI),Highlights of the 33rd annual scientific meeting of the Association of Medical Laboratory Immunologists (AMLI)
a0egrf7p,lcojsks6,1.0,COVID-19 infection in cancer patients: a systematic review and meta-analysis with emphasizing the risk and prognosis stratification,COVID-19 infection in cancer patients: a systematic review and meta-analysis with emphasizing the risk and prognosis stratification
esor7jtp,t0vv39i7,1.0,Corrigendum to <[Comparative Biochemistry and Physiology Part A: Molecular & Integrative Physiology volume 248 (2020) 110753]>,Corrigendum to <[Comparative Biochemistry and Physiology Part A: Molecular & Integrative Physiology volume 248 (2020) 110753]>.
ocb51uxp,vb1svmum,1.0,The impact of recent chemotherapy on immunity in 2 COVID-19 cases with gastrointestinal tumors: A case report,The impact of recent chemotherapy on immunity in 2 COVID-19 cases with gastrointestinal tumors: A case report
iwq4ugpk,pf07lqrv,1.0,Mitteilungen der DGU,Mitteilungen der DGRh - Veranstaltungen der Rheumaakademie
s8s0i3vf,s6yr955d,1.0,Psychological Distress among Adults in Home Confinement in the Midst of COVID-19 Outbreak,Psychological Distress among Adults in Home Confinement in the Midst of COVID-19 Outbreak
80unhgtp,ncrtz49r,1.0,Montelukast and Coronavirus Disease 2019: A Scoping Review,Montelukast and Coronavirus Disease 2019: A Scoping Review.
v2qqu582,qvz7v62n,1.0,Response Surface Methodology Optimization of Polyhydroxyalkanoate (PHA) Production by Burkholderia cepacia BPT1213 Using Waste Glycerol from Palm Oil Based Biodiesel Production,Response Surface Methodology Optimization of Polyhydroxyalkanoate (PHA) Production by Burkholderia cepacia BPT1213 Using Waste Glycerol from Palm Oil Based Biodiesel Production.
0sldm0li,yv0zftmw,1.0,Public perspectives on firearm sales in the United States during the COVID‐19 pandemic,Public perspectives on firearm sales in the United States during the COVID‐19 pandemic
iwq4ugpk,wr9uokky,1.0,Mitteilungen der DGU,Mitteilungen der DGG
jdhebxc2,m8po2eew,1.0,In-silico strategies of some selected phytoconstituents from Melissa officinalis as SARS CoV-2 main protease and spike protein (COVID-19) inhibitors,In-silico strategies of some selected phytoconstituents from Melissa officinalis as SARS CoV-2 main protease and spike protein (COVID-19) inhibitors
nzvnnkhq,gyoifai2,1.0,An overview of Kuwait’s water resources and a proposed plan to prevent the spread of the Novel Corona Virus (COVID-19) pandemic through Kuwait’s water supply facilities and groundwater system,An overview of Kuwait’s water resources and a proposed plan to prevent the spread of the Novel Corona Virus (COVID-19) pandemic through Kuwait’s water supply facilities and groundwater system
mpviiypm,o3i659r1,1.0,Contents of volume 46,Contents of volume 2
ijx24ujp,2xsjxjml,1.0,Correction,Correction
ijx24ujp,kicx3y2b,1.0,Correction,Correction
gvfqd8u3,r303bvc5,1.0,A Prediction Model of Risk Factors for Complications among SARS-CoV2 Positive Patients: Cases from Jordan,A Prediction Model of Risk Factors for Complications among SARS-CoV2 Positive Patients: Cases from Jordan
z7lcqpoz,cmgd5rqt,1.0,"Immunity passports, fundamental rights and public health hazards: a reply to Brown et al","Immunity passports, fundamental rights and public health hazards: a reply to Brown et al"
z8v8yxgb,cst4dejz,1.0,In Response,In Response.
728w8m64,t838yoca,1.0,Erratum regarding missing declaration of competing interest statements in previously published articles.,Erratum regarding missing declaration of competing interest statements in previously published articles.
7kxwr921,in3wy7z2,1.0,Comparison of Psychosocial Distress in Areas With Different COVID-19 Prevalence in Korea,Comparison of Psychosocial Distress in Areas With Different COVID-19 Prevalence in Korea
hk8enulg,11550a0b,1.0,Reply to Chen,Reply to Chen and Vitetta
728w8m64,r34q1izc,1.0,Erratum regarding missing declaration of competing interest statements in previously published articles.,Erratum regarding missing Declaration of Competing Interest statements in previously published articles
fnr4zd0s,3723gotc,1.0,Alkaloids and flavonoids from African phytochemicals as potential inhibitors of SARS-Cov-2 RNA-dependent RNA polymerase: an in silico perspective,Alkaloids and flavonoids from African phytochemicals as potential inhibitors of SARS-Cov-2 RNA-dependent RNA polymerase: an in silico perspective
z8v8yxgb,dhjitiia,1.0,In Response,Response
0orz79vn,uah3auu5,1.0,Assessing MITRE ATT&CK Risk Using a Cyber-Security Culture Framework,Assessing MITRE ATT&CK Risk Using a Cyber-Security Culture Framework
5atqrqer,gmp48lvd,1.0,News,News
305z1ptu,54gpjvhv,1.0,Éditorial: Editorial,Editorial.
5atqrqer,5h88ypps,1.0,News,News
ifs0xklb,h5pj5a2t,1.0,Lessons From the Pandemic: What Is Wrong and What Is Fixable in US Health Policy and Practice?,Lessons From the Pandemic: What Is Wrong and What Is Fixable in US Health Policy and Practice?
ssbreehh,qzbyw2fo,1.0,Reply to Chowdhary et al,Reply to Barthell et al.
i4ybho7d,0xyl36ti,1.0,Seeking survivals under COVID‐19: The WhatsApp platform's shopping service operations,Seeking survivals under COVID‐19: The WhatsApp platform's shopping service operations
ev269xmz,vliig0qk,1.0,Rapid Deployment of National Guard Alternative Healthcare Facility With Isolation Unit Capabilities in Response to COVID-19,Rapid Deployment of National Guard Alternative Healthcare Facility With Isolation Unit Capabilities in Response to COVID-19
713xsj1z,fhj0pvto,1.0,[Graefe year 2020].,A year of Covid
m6x3x7tj,jbshmhuz,1.0,Transport policymaking that accounts for the COVID-19 and future public health threats: A PASS approach,Transport policymaking that accounts for the COVID-19 and future public health threats: A PASS approach
o0i1a84w,fn46sn75,1.0,Mechanical Ventilation Education for All: Call for Action,Mechanical Ventilation Education for All: Call for Action
qy3ul8j6,w8ckx6de,1.0,Is nutraceutical supplementation appropriate for COVID-19 management?,Is nutraceutical supplementation appropriate for COVID-19 management?
o5t7qgyr,jybvtknb,1.0,Is systemic isotretinoin use a risk factor for coronavirus disease 2019 (COVID-19)?,Is systemic isotretinoin use a risk factor for coronavirus disease 2019 (COVID‐19)?
qs7zb0js,oislqrle,1.0,The HEV Ventilator Proposal,The HEV Ventilator Proposal
6g8tdk78,09vbcbmt,1.0,COVID-19 infection and the kidney.,COVID-19 infection and the kidney
28h2cnm2,nolyx9g3,1.0,Real-time monitoring of COVID-19 in Scotland.,Real-Time Monitoring of COVID-19 in Scotland
hvm7uyxk,7fad1x2m,1.0,Postoperative radiotherapy improves overall survival in patients with primary squamous cell carcinoma of the breast,Postoperative radiotherapy improves overall survival in patients with primary squamous cell carcinoma of the breast.
z8v8yxgb,evdw1rvy,1.0,In Response,In Response.
piwtqhgc,2epf26jk,1.0,"From conifers to cognition: Microbes, brain and behavior","From Conifers to Cognition: Microbes, Brain, and Behavior."
728w8m64,k0pbirp8,1.0,Erratum regarding missing declaration of competing interest statements in previously published articles.,Erratum regarding missing Declaration of Competing Interest statements in previously published articles.
305z1ptu,99fgkc3g,1.0,Éditorial: Editorial,Editorial - COVID-19
5atqrqer,tzjytgyf,1.0,News,In the news
fvjblpgi,ku57fy3w,1.0,Disease Modifying Therapies and COVID-19 Severity in Multiple Sclerosis,Disease modifying therapies and Covid-19 severity in Multiple Sclerosis
omkfldwi,14x4d2df,1.0,Future trajectories of SARS-CoV-2 in animals,Future trajectories of SARS‐CoV‐2 in animals
r3elgea6,qpkx9pde,1.0,mRNA-based COVID-19 booster vaccination is highly effective and cost-effective in Australia,mRNA-based COVID-19 booster vaccination is highly effective and cost-effective in Australia
ged8iylm,i7vgvqxb,1.0,Breast Surgery in the Time of Global Pandemic: Benefits of Same-Day Surgery for Breast Cancer Patients Undergoing Mastectomy with Immediate Reconstruction during COVID-19,Breast Surgery in the Time of Global Pandemic: Benefits of Same-day Surgery for Breast Cancer Patients Undergoing Mastectomy with Immediate Reconstruction during COVID-19.
p8npgvrz,rwp22f1b,1.0,Assessment of Risk of Transmission from a COVID-19 Polymerase Chain Reaction (PCR) Re-Positive Patient,Assessment of risk of transmission from a COVID-19 polymerase chain reaction (pcr) re-positive patient
cuowm7ti,uujny2dm,1.0,Cardiovascular Damage in COVID-19: Therapeutic Approaches Targeting the Renin-Angiotensin-Aldosterone System,Cardiovascular Damage in COVID-19: Therapeutic Approaches Targeting the Renin-Angiotensin-Aldosterone System
xfxg8q3b,irieuw51,1.0,"Post-acute health care burden after SARS-CoV-2 infection: A retrospective cohort study among 530,892 adults","Post-acute health care burden after SARS-CoV-2 infection: A retrospective cohort study among 530,892 adults"
nqan7hx8,d2fh4jiy,1.0,Multiple drugs: Various toxicities: case report,Multiple drugs: Various toxicities: case report
tzd0s9jy,iibx5ium,1.0,Determinants of health behaviours intended to prevent spread of respiratory pathogens that have pandemic potential: A rapid review,Determinants of health behaviours intended to prevent spread of respiratory pathogens that have pandemic potential: A rapid review
pkpre7vp,1j12rx2l,1.0,"Implementation of regional COVID-19 registry in Hormozgan (RCovidRH), Iran: Rationale and study protocol","Implementation of regional COVID-19 registry in Hormozgan (RCovidRH), Iran: Rationale and study protocol"
sr4eq6by,2kd89h12,1.0,COVID-19 symptoms over time: comparing long-haulers to ME/CFS,COVID-19 Symptoms Over Time: Comparing Long-Haulers to ME/CFS.
ns66mpou,arg72ba2,1.0,Correlation Between Relative Nasopharyngeal Virus RNA Load and Lymphocyte Count Disease Severity in Patients with COVID-19,Correlation Between Relative Nasopharyngeal Virus RNA Load and Lymphocyte Count Disease Severity in Patients with COVID-19
tmn5asmn,ewvqopa8,1.0,"Corticosteroids, mortality and mechanical ventilation in COVID-19.","Corticosteroids, mortality and mechanical ventilation in COVID-19"
yqyw4sxh,r7wdwg57,1.0,Symptom presentation of SARS-CoV-2-positive and negative patients: a nested case-control study among patients calling the emergency medical service and medical helpline,Symptom presentation of SARS-CoV-2-positive and negative patients: a nested case–control study among patients calling the emergency medical service and medical helpline
dinemfum,hel9p4yf,1.0,The mechanism of hydrating and solidifying green mine fill materials using circulating fluidized bed fly ash-slag-based agent,The mechanism of hydrating and solidifying green mine fill materials using circulating fluidized bed fly ash-slag-based agent.
305z1ptu,hmvymw17,1.0,Éditorial: Editorial,EDITORIAL
9hjqsjyj,130onra8,1.0,[COVID-19 Diagnosis],COVID-19 Diagnosis
i9333crl,062qtxgr,1.0,Pre-symptomatic transmission of novel coronavirus in community settings,Pre‐symptomatic transmission of novel coronavirus in community settings
i2xqo3j8,722kykt6,1.0,Endosymbiont-Mediated Adaptive Responses to Stress in Holobionts,Endosymbiont-Mediated Adaptive Responses to Stress in Holobionts.
3h16b9bh,8gphdmyl,1.0,Indoor Dust as a Matrix for Surveillance of COVID-19,Indoor Dust as a Matrix for Surveillance of COVID-19
emljjnla,sxx0bkrw,1.0,"Addressing the needs of parents with advanced cancer: Attitudes, practice behaviors, and training experiences of oncology social workers","Addressing the needs of parents with advanced cancer: Attitudes, practice behaviors, and training experiences of oncology social workers."
masf0dv5,gcj3ux6l,1.0,Are Hematologic Patients Trojan Horse for COVID-19?,Are Hematologic Patients Trojan Horse for COVID-19?
rpao4yyc,f47i7y5h,1.0,COVID-19 laboratory testing issues and capacities as we transition to surveillance testing and contact tracing,COVID-19 laboratory testing issues and capacities as we transition to surveillance testing and contact tracing
xt5jhbh3,0j7nqgaq,1.0,Selenium and RNA Virus Interactions: Potential Implications for SARS-CoV-2 Infection (COVID-19),Selenium and RNA Virus Interactions: Potential Implications for SARS-CoV-2 Infection (COVID-19)
nkrnhf48,9tmbeyia,1.0,"Challenges and Prospects for the Conservation of Crop Genetic Resources in Field Genebanks, in In Vitro Collections and/or in Liquid Nitrogen","Challenges and Prospects for the Conservation of Crop Genetic Resources in Field Genebanks, in In Vitro Collections and/or in Liquid Nitrogen"
wjltics6,hrp12y5n,1.0,At the heart of COVID-19,COVID-19 and the Heart
zjerh3nj,dg122wm1,1.0,What the stock market tells us about the post-COVID-19 world,What the stock market tells us about the post-COVID-19 world
305z1ptu,qq5amdne,1.0,Éditorial: Editorial,Editorial.
aflszl0b,yb8rr84w,1.0,Cardiopulmonale Wiederbelebung in Zeiten der COVID-19 Pandemie,Mitteilungen der DGINA
aflszl0b,wf9q6iv3,1.0,Cardiopulmonale Wiederbelebung in Zeiten der COVID-19 Pandemie,Mitteilungen der DGKJ
t838yoca,r34q1izc,1.0,Erratum regarding missing declaration of competing interest statements in previously published articles.,Erratum regarding missing Declaration of Competing Interest statements in previously published articles
yb8rr84w,wf9q6iv3,1.0,Mitteilungen der DGINA,Mitteilungen der DGKJ
elwg8sb6,a0nx72ej,1.0,Crazy-paving as a radiological finding of COVID-19 infection,Crazy-Paving as a Radiological Finding of COVID-19 Infection
aflszl0b,60xvjwsz,1.0,Cardiopulmonale Wiederbelebung in Zeiten der COVID-19 Pandemie,Mitteilungen der DVG
yb8rr84w,60xvjwsz,1.0,Mitteilungen der DGINA,Mitteilungen der DVG
cst4dejz,dhjitiia,1.0,In Response.,Response
3crhe1xc,2021zq4i,1.0,Saliva: an important alternative for screening and monitoring of COVID-19 in children.,Saliva: an important alternative for screening and monitoring of COVID-19 in children
lcobex7t,d486g1ih,1.0,Multiple drugs: Various toxicities: 18 case reports,Multiple drugs: Various toxicities: 5 case reports
4pdxopzw,34d2ue8s,1.0,CoCo20 protocol: a pilot longitudinal follow-up study about the psychiatric outcomes in a paediatric population and their families during and after the stay-at-home related to coronavirus pandemic (COVID-19),CoCo20 protocol: a pilot longitudinal follow-up study about the psychiatric outcomes in a paediatric population and their families during and after the stay-at-home related to coronavirus pandemic (COVID-19)
ujhlslt8,jf847c23,1.0,FDA authorizes Pfizer-BioNTech COVID-19 vaccine.,FDA Authorizes Pfizer-BioNTech COVID-19 Vaccine
04nvemzf,797t99ov,1.0,Anti-CD52 blocks EAE independent of PD-1 signals and promotes repopulation dominated by double negative T cells and newly generated T and B cells,Anti-CD52 blocks EAE independent of PD-1 signals and promotes repopulation dominated by double negative T cells and newly generated T and B cells.
yb8rr84w,wmsx2ynt,1.0,Mitteilungen der DGINA,Mitteilungen der DGU
jltvavvj,2staezez,1.0,Automated Interpretable Discovery of Heterogeneous Treatment Effectiveness: A Covid-19 Case Study,Automated Interpretable Discovery of Heterogeneous Treatment Effectiveness: A Covid-19 Case Study
yb8rr84w,go1ejczo,1.0,Mitteilungen der DGINA,Der Fachmann
aflszl0b,wmsx2ynt,1.0,Cardiopulmonale Wiederbelebung in Zeiten der COVID-19 Pandemie,Mitteilungen der DGU
wj5hz1um,4i0n6kh1,1.0,Using video presentation to recruit healthcare workers during COVID-19 pandemic,Using video presentation to recruit healthcare workers during COVID-19 pandemic
aflszl0b,go1ejczo,1.0,Cardiopulmonale Wiederbelebung in Zeiten der COVID-19 Pandemie,Der Fachmann
mhv72yuy,q7bwid4y,1.0,Understanding the Long-Term Impacts of COVID-19 in Survivors,Understanding the Long-Term Impacts of COVID-19 in Survivors.
1mn5qx8d,j35pt4em,1.0,Panorama,Panorama
bg1m8r6z,7evkkn4v,1.0,The course of mild and moderate Covid-19 infections – the unexpected long-lasting challenge,The Course of Mild and Moderate COVID-19 Infections-The Unexpected Long-Lasting Challenge
cst4dejz,evdw1rvy,1.0,In Response.,In Response.
r2x0ztx8,dg97z4ko,1.0,A New Normal,The new not normal
c0kfz9t5,d5gxc9mb,1.0,Medical Leave Associated With COVID-19 Among Emergency Medical System Responders and Firefighters in New York City,Medical Leave Associated With COVID-19 Among Emergency Medical System Responders and Firefighters in New York City
ctfvd89x,0qk6fd5o,1.0,Comparative optimism about infection and recovery from COVID‐19; Implications for adherence with lockdown advice,Comparative optimism about infection and recovery from COVID-19; Implications for adherence with lockdown advice
t838yoca,k0pbirp8,1.0,Erratum regarding missing declaration of competing interest statements in previously published articles.,Erratum regarding missing Declaration of Competing Interest statements in previously published articles.
ot5eda3p,9a3y3d3x,1.0,[Appendiceal Goblet Cell Carcinoid Successfully Treated with Bevacizumab plus mFOLFOX6 Regimen-A Case Report].,[Appendiceal Goblet Cell Carcinoid Successfully Treated with Bevacizumab plus mFOLFOX6 Regimen-A Case Report]
aflszl0b,bsxc5v3j,1.0,Cardiopulmonale Wiederbelebung in Zeiten der COVID-19 Pandemie,Auswirkungen der COVID-19-Pandemie
aflszl0b,hzbaterg,1.0,Cardiopulmonale Wiederbelebung in Zeiten der COVID-19 Pandemie,Mitteilungen der DGRh - Veranstaltungen der Rheumaakademie
idynijgi,l5ezzb7i,1.0,Dynamic relations among COVID-19-related media exposure and worries during the COVID-19 pandemic,Dynamic Relations Among COVID-19-Related Media Exposure and Worries During the COVID-19 Pandemic
yb8rr84w,bsxc5v3j,1.0,Mitteilungen der DGINA,Auswirkungen der COVID-19-Pandemie
yb8rr84w,hzbaterg,1.0,Mitteilungen der DGINA,Mitteilungen der DGRh - Veranstaltungen der Rheumaakademie
y4ila7xi,lz0s5x9s,1.0,Deep Learning-Based Decision-Tree Classifier for COVID-19 Diagnosis From Chest X-ray Imaging,Deep Learning-Based Decision-Tree Classifier for COVID-19 Diagnosis From Chest X-ray Imaging
rtl3r3m5,94sgvpj0,1.0,Impact of the first lockdown for coronavirus 19 on breast cancer management in France: A multicentre survey,Impact of the first lockdown for Coronavirus 19 on Breast Cancer Management in France: A Multicentre survey
haqcv43h,mtnuec72,1.0,Bow to the Enemy: How Flexibility of Host Protein Receptors Can Favor SARS-CoV-2,Bow to the enemy: How flexibility of host protein receptors can favor SARS-CoV-2
apvdvhf9,k2lq21xk,1.0,Coupled Criticality Analysis of Inflation and Unemployment,Coupled criticality analysis of inflation and unemployment
wch8hymk,ob462m02,1.0,Enhanced External Counterpulsation as a Novel Treatment for Post-acute COVID-19 Sequelae,Enhanced External Counterpulsation as a Novel Treatment for Post-acute COVID-19 Sequelae
1ehc640k,hqeqpasq,1.0,Emphasizing truthfulness in COVID-19 test declarations,Emphasizing truthfulness in COVID-19 test declarations
tzgtj154,1tq5krod,1.0,"[Clinical ethics recommendations for the allocation of intensive care treatments, in exceptional, resource-limited circumstances.]","[Clinical ethics recommendations for the allocation of intensive care treatments, in exceptional, resource-limited circumstances.]"
898h9rl1,8b78duir,1.0,Full Issue PDF,Full Issue PDF
hk2103ir,tkukhamb,1.0,America Needs Nurse Practitioners to Advocate for Social Justice,America Needs Nurse Practitioners to Advocate for Social Justice
t08rigo8,j1n21ar7,1.0,Ethical Considerations of Mental Health Research Amidst COVID-19 Pandemic: Mitigating the Challenges,Ethical Considerations of Mental Health Research Amidst COVID-19 Pandemic: Mitigating the Challenges
wgytsbt9,x4saovbv,1.0,Towards medical knowmetrics: representing and computing medical knowledge using semantic predications as the knowledge unit and the uncertainty as the knowledge context,Towards Medical Knowmetrics: Representing and Computing Medical Knowledge using Semantic Predications as the Knowledge Unit and the Uncertainty as the Knowledge Context
aflszl0b,pf07lqrv,1.0,Cardiopulmonale Wiederbelebung in Zeiten der COVID-19 Pandemie,Mitteilungen der DGRh - Veranstaltungen der Rheumaakademie
yb8rr84w,pf07lqrv,1.0,Mitteilungen der DGINA,Mitteilungen der DGRh - Veranstaltungen der Rheumaakademie
nfa7bf19,i0klj4mv,1.0,A molecular single-cell lung atlas of lethal COVID-19,A molecular single-cell lung atlas of lethal COVID-19.
yb8rr84w,wr9uokky,1.0,Mitteilungen der DGINA,Mitteilungen der DGG
frhslklm,xis9vu3z,1.0,Point of care ultrasound in Coronavirus Disease 2019 pandemic: One modality helping multiple specialties,Point of Care Ultrasound in Coronavirus Disease 2019 Pandemic: One Modality Helping Multiple Specialties
aflszl0b,wr9uokky,1.0,Cardiopulmonale Wiederbelebung in Zeiten der COVID-19 Pandemie,Mitteilungen der DGG
93ygd8wg,pcp41hmr,1.0,Variation in the use of radiotherapy fractionation for breast cancer: Survival outcome and cost implications,Variation in the use of radiotherapy fractionation for breast cancer: Survival outcome and cost implications
898h9rl1,akn8ccrn,1.0,Full Issue PDF,Full Issue PDF.
s8sijxm2,mt46qaoz,1.0,Cutaneous Manifestations of COVID-19.,COVID-19 and Cutaneous manifestations
7tx833ye,7wpzw323,1.0,Subject index to volume 87,Subject index for volume 134
2aywm35j,7fzgg2ss,1.0,A Practical Method to Implement Strain-Level Metagenomics-Based Foodborne Outbreak Investigation and Source Tracking in Routine,A Practical Method to Implement Strain-Level Metagenomics-Based Foodborne Outbreak Investigation and Source Tracking in Routine.
n1fa3cop,l6y8it7s,1.0,CoViD-19 Pandemic and Bariatric Surgery in Argentina,CoViD-19 Pandemic and Bariatric Surgery in Argentina
wf9q6iv3,60xvjwsz,1.0,Mitteilungen der DGKJ,Mitteilungen der DVG
n8hxbjf6,hasoc8mr,1.0,Efficient Inhibition of HIV Using CRISPR/Cas13d Nuclease System,Efficient inhibition of HIV using CRISPR/Cas13d nuclease system
3lwvh68u,ozzuta73,1.0,"Percutaneous thrombectomy and right ventricular mechanical circulatory support for pulmonary embolism in a coronavirus disease 2019 patient: case report, 1-year update, and echocardiographic findings","Percutaneous thrombectomy and right ventricular mechanical circulatory support for pulmonary embolism in a coronavirus disease 2019 patient: case report, 1-year update, and echocardiographic findings"
x7if0e5i,2siv0jbk,1.0,Dynamic changes in monocytes subsets in COVID-19 patients,Dynamic changes in monocytes subsets in COVID-19 patients
nxqkafcw,zt2wo7jb,1.0,Simulations and Virtual Learning Supporting Clinical Education During the COVID 19 Pandemic [Response To Letter],Simulations and Virtual Learning Supporting Clinical Education During the COVID 19 Pandemic [Response To Letter]
l93vog1m,hfzjwn29,1.0,Pandemic Stress Indicator: Expert Panel 6,Pandemic Stress Indicator: Expert Panel 1
tg0c51oi,1hfnv35j,1.0,Alternative management of Covid-19 infection,Alternative management of Covid-19 infection
ehjui7u6,kyrkx2ii,1.0,"The Novel Coronavirus Originating in Wuhan, China: Challenges for Global Health Governance","The Novel Coronavirus Originating in Wuhan, China: Challenges for Global Health Governance."
x9ipkgqb,y1yh62sc,1.0,The efficacy of a protective protocol for oral and maxillofacial surgery procedures in a COVID-19 pandemic area—results from 1471 patients,The efficacy of a protective protocol for oral and maxillofacial surgery procedures in a COVID-19 pandemic area-results from 1471 patients
8ss10xoz,87qgusfn,1.0,The Role of Illness Behavior in the COVID-19 Pandemic,The Role of Illness Behavior in the COVID-19 Pandemic
wf9q6iv3,go1ejczo,1.0,Mitteilungen der DGKJ,Der Fachmann
wf9q6iv3,wmsx2ynt,1.0,Mitteilungen der DGKJ,Mitteilungen der DGU
otthqs2r,eg3pr6z0,1.0,Probable causes and risk factors for positive SARS-CoV-2 test in recovered patients: Evidence from Brunei Darussalam,Probable causes and risk factors for positive SARS-CoV-2 test in recovered patients: Evidence from Brunei Darussalam
3y0aqd4i,iz7ebjh1,1.0,"The Fc-mediated effector functions of a potent SARS-CoV-2 neutralizing antibody, SC31, isolated from an early convalescent COVID-19 patient, are essential for the optimal therapeutic efficacy of the antibody","The Fc-mediated effector functions of a potent SARS-CoV-2 neutralizing antibody, SC31, isolated from an early convalescent COVID-19 patient, are essential for the optimal therapeutic efficacy of the antibody"
aumm7qxj,slcfx9i2,1.0,"COVID-19, comics, and the visual culture of contagion","COVID-19, comics, and the visual culture of contagion"
8thm3nk1,sk3wanfy,1.0,Mitteilungen des Berufsverbandes der Deutschen Radiologen,Mitteilungen des Berufsverbandes der Deutschen Radiologen
5gb0l2b5,rw9qhyc4,1.0,Partisan pandemic: How partisanship and public health concerns affect individuals’ social mobility during COVID-19,Partisan pandemic: How partisanship and public health concerns affect individuals' social mobility during COVID-19
7wpzw323,kfzk6ss3,1.0,Subject index for volume 134,Subject index to volume 104
td00mqdn,pk7xfakm,1.0,System-Wide Accelerated Implementation of Telemedicine in Response to COVID-19: Mixed Methods Evaluation,System-Wide Accelerated Implementation of Telemedicine in Response to COVID-19: Mixed Methods Evaluation
7tx833ye,kfzk6ss3,1.0,Subject index to volume 87,Subject index to volume 104
oi8ls8to,l7r5uar8,1.0,Human vaccines & immunotherapeutics: news.,Human Vaccines & Immunotherapeutics: news
gg0v0e82,sk3wanfy,1.0,Mitteilungen des Berufsverbandes der Deutschen Radiologen,Mitteilungen des Berufsverbandes der Deutschen Radiologen
r34q1izc,k0pbirp8,1.0,Erratum regarding missing Declaration of Competing Interest statements in previously published articles,Erratum regarding missing Declaration of Competing Interest statements in previously published articles.
b2r4fvs3,qgwdkryc,1.0,Predictive values of biochemical markers as early indicators for severe COVID-19 cases in admission,Predictive values of biochemical markers as early indicators for severe COVID-19 cases in admission
cxzt92eo,p29ifrxv,1.0,Short-Term Effect of the COVID-19 Pandemic on Suicidal Ideation.,Short-Term Effect of the COVID-19 Pandemic on Suicidal Ideation
kpmp67qb,lop0f9un,1.0,Mitteilungen des BDI,Kongresse des BDI
rnu28mu5,cy3dkx62,1.0,An insight into crystallization test: A neoteric approach for screening premalignant and malignant lesions,An insight into crystallization test: A neoteric approach for screening premalignant and malignant lesions.
wf9q6iv3,bsxc5v3j,1.0,Mitteilungen der DGKJ,Auswirkungen der COVID-19-Pandemie
wf9q6iv3,hzbaterg,1.0,Mitteilungen der DGKJ,Mitteilungen der DGRh - Veranstaltungen der Rheumaakademie
u0k5dn76,4pk73aar,1.0,"Immunsystem, Immunität und Infektionsschutz",Covid-19: Gesundheitliche Ungleichheit und Pflegebedürftigkeit
a0goismz,jbux1ozg,1.0,Adverse Childhood Experiences and Mindfulness in Chinese College Students During the COVID-19 Pandemic,Adverse Childhood Experiences and Mindfulness in Chinese College Students During the COVID-19 Pandemic
pgpdnepc,rtdje836,1.0,Corona-Impfpflicht für Praxispersonal?,Corona forciert Digitalisierung?
f44dd24i,m43z188z,1.0,Impact of the COVID-19 pandemic on emergency department: Early findings from a hospital in Madrid,Impact of the COVID-19 pandemic on emergency department: Early findings from a hospital in Madrid()
sgr6s6rm,4uqoksa2,1.0,Impact of second wave covid-19 on children in India,Impact of second wave covid-19 on children in India.
meywoo8j,dgsc3hz0,1.0,The Potential for Antibody-Dependent Enhancement of SARS-CoV-2 Infection: Translational Implications for Vaccine Development,The potential for antibody-dependent enhancement of SARS-CoV-2 infection: Translational implications for vaccine development
gzftpolk,1tomo4wi,1.0,Attachment-based family therapy in the age of telehealth and COVID-19,Attachment‐based family therapy in the age of telehealth and COVID‐19
d65pmvgi,eqc58yhf,1.0,Does the COVID-19 Pandemic Spell the End for the Direct Ophthalmoscope?,Does the COVID-19 Pandemic Spell the End for the Direct Ophthalmoscope?
9jckyfwe,y4cz5b0c,1.0,"The Association Between Social Support, COVID-19 Exposure, and Medical Students' Mental Health","The Association Between Social Support, COVID-19 Exposure, and Medical Students' Mental Health"
q4ahuwfp,rrebzujo,1.0,Integrated Analysis of Behavioral and Health Data: A Comparative Study of COVID19 Data in Israel and Italy,Integrated Analysis of Behavioral and Health Data: A Comparative Study of COVID19 Data in Israel and Italy
35wtrmln,nv7iyzxe,1.0,A novel structure-based approach for identification of vertebrate susceptibility to SARS-CoV-2: Implications for future surveillance programmes,A novel structure-based approach for identification of vertebrate susceptibility to SARS-CoV-2: implications for future surveillance programmes
wf9q6iv3,pf07lqrv,1.0,Mitteilungen der DGKJ,Mitteilungen der DGRh - Veranstaltungen der Rheumaakademie
dp867y4o,r7uz3t6f,1.0,Taking out the trash,Taking out the trash.
dmbtn0rm,4fw7xgnt,1.0,A Survey of Labor and Delivery Practices in New York City during the COVID-19 Pandemic,A Survey of Labor and Delivery Practices in New York City during the COVID-19 Pandemic
wf9q6iv3,wr9uokky,1.0,Mitteilungen der DGKJ,Mitteilungen der DGG
u0k5dn76,x6u3bm0c,1.0,"Immunsystem, Immunität und Infektionsschutz",Neuroonkologie und Palliativmedizin
p75tmsg2,4tkdp8ul,1.0,Response to Letter by G. McEachen: “Receiving patients with vital signs absent from paramedics”,"Response to Letter: ""Receiving patients with vital signs absent from paramedics"""
8thm3nk1,ibslsnj9,1.0,Mitteilungen des Berufsverbandes der Deutschen Radiologen,Mitteilungen des Berufsverbandes der Deutschen Radiologen
o5ls2x49,50a973ha,1.0,"Informing the public health response to COVID-19: a systematic review of risk factors for disease, severity, and mortality","Informing the public health response to COVID-19: a systematic review of risk factors for disease, severity, and mortality"
kpmp67qb,16bn81xf,1.0,Mitteilungen des BDI,Mitteilungen des BDI
oo6xozt7,gz3v1pod,1.0,Reconsidering Internet Gaming Disorder During the COVID-19 Pandemic,Reconsidering Internet Gaming Disorder During the COVID-19 Pandemic
gg0v0e82,ibslsnj9,1.0,Mitteilungen des Berufsverbandes der Deutschen Radiologen,Mitteilungen des Berufsverbandes der Deutschen Radiologen
r3lk08d0,aytwa2ms,1.0,Health and medicine cannot solve COVID-19,Health and medicine cannot solve COVID-19
0tu2pcq3,n4jwj1v9,1.0,A Holistic-Comprehensive Approach: Best Practices To Improve Health Policy For COVID-19 Pandemic,A Holistic-Comprehensive Approach: Best Practices to Improve Health Policy for COVID-19 Pandemic
yyu1mfza,huqa18ol,1.0,A faster and less costly alternative for RNA extraction of SARS-CoV-2 using proteinase k treatment followed by thermal shock,A faster and less costly alternative for RNA extraction of SARS-CoV-2 using proteinase k treatment followed by thermal shock
kenstpja,m0sqq6yc,1.0,China,China
4g53h4c6,p36umqwv,1.0,Response to pegylated interferon in a COVID‐19–positive elderly woman with primary myelofibrosis treated with ruxolitinib,Response to Pegylated Interferon in a COVID-19 Positive Elderly Woman with Primary Myelofibrosis Treated with Ruxolitinib
dhwf8hzj,5ze3vyyt,1.0,"Impacts of COVID-19 on Provision and Utilization of Health and Nutrition Services in Uttar Pradesh, India: Insights From Phone Surveys and Administrative Data","Impacts of COVID-19 on Provision and Utilization of Health and Nutrition Services in Uttar Pradesh, India: Insights From Phone Surveys and Administrative Data"
gmp48lvd,5h88ypps,1.0,News,News
rna4f46j,859bhmhf,1.0,Comment on “Intoxication by hand sanitizer due to delirium after infectious spondylitis surgery during the COVID-19 pandemic: A case report and literature review”,"Comment on ""Intoxication by hand sanitizer due to delirium after infectious spondylitis surgery during the COVID-19 pandemic: A case report and literature review"""
x3aautgs,36aqifh4,1.0,The Landscape of Coronavirus Disease 2019 (COVID-19) and Integrated Analysis SARS-CoV-2 Receptors and Potential Inhibitors in Lung Adenocarcinoma Patients,The Landscape of Coronavirus Disease 2019 (COVID-19) and Integrated Analysis SARS-CoV-2 Receptors and Potential Inhibitors in Lung Adenocarcinoma Patients
flto27ie,7jyoico3,1.0,In this month’s Bulletin,In this month’s Bulletin
lri89p33,rkmx1r5s,1.0,Clinical outcomes of COVID-19 positive patients who underwent surgery: A New York City experience,Clinical Outcomes of 2019 COVID-19 Positive Patients Who Underwent Surgery: A New York City Experience
g3ny530a,bjnlq50r,1.0,Intellectual and Developmental Disability and COVID-19 Case-Fatality Trends: TriNetX Analysis,Intellectual and developmental disability and COVID-19 case-fatality trends: TriNetX analysis
zexq6nw6,ha33pzib,1.0,The Global Impact of the COVID-19 Pandemic on STEMI care: A Systematic Review and Meta-Analysis,The Global Impact of the COVID-19 Pandemic on STEMI care: A Systematic Review and Meta-Analysis
nggxanz7,rmiwx1re,1.0,SARS-CoV-2 vaccine development and how Brazil is contributing,SARS-CoV-2 vaccine development and how Brazil is contributing
60xvjwsz,go1ejczo,1.0,Mitteilungen der DVG,Der Fachmann
60xvjwsz,wmsx2ynt,1.0,Mitteilungen der DVG,Mitteilungen der DGU
ts2suvls,qsuubt0m,1.0,Computational Simulations Identified Marine-Derived Natural Bioactive Compounds as Replication Inhibitors of SARS-CoV-2,Computational Simulations Identified Marine-Derived Natural Bioactive Compounds as Replication Inhibitors of SARS-CoV-2
1vta87bg,59jyt4mh,1.0,COVID-19 and autoimmune diseases,COVID-19 and autoimmune diseases
s9f9bhpt,uqlyz5r3,1.0,The impact of the SARS‐CoV‐2 pandemic and COVID‐19 on lung transplantation in the UK: Lessons learned from the first wave,The impact of the SARS-CoV-2 pandemic and COVID-19 on lung transplantation in the UK: Lessons learned from the first wave
4tix4isl,zxhlife1,1.0,American College of Rheumatology Guidance for the Management of Rheumatic Disease in Adult Patients During the COVID-19 Pandemic: Version 2.,American College of Rheumatology Guidance for the Management of Rheumatic Disease in Adult Patients During the COVID-19 Pandemic: Version 1
eljebdot,0rcspqgv,1.0,Cardiac Involvement in COVID-19 Patients: A Contemporary Review,Cardiac Involvement in COVID-19 Patients: A Contemporary Review
dhjitiia,evdw1rvy,1.0,Response,In Response.
c0a0tk5v,cc4qimtk,1.0,Correction.,Correction.
c0a0tk5v,qhpk9svf,1.0,Correction.,Correction
w9noqfx3,2rey6e42,1.0,Short-term predictions and prevention strategies for COVID-19: A model based study,Short-term predictions and prevention strategies for COVID-19: A model-based study
60xvjwsz,hzbaterg,1.0,Mitteilungen der DVG,Mitteilungen der DGRh - Veranstaltungen der Rheumaakademie
yq96bdk0,itzj6zbs,1.0,David Oliver: Squaring the circle on ward visiting,David Oliver: Squaring the circle on ward visiting.
60xvjwsz,bsxc5v3j,1.0,Mitteilungen der DVG,Auswirkungen der COVID-19-Pandemie
gmp48lvd,tzjytgyf,1.0,News,In the news
29l6w4yn,6z02a90h,1.0,COVID-19—the risk of secondary transmission among households quantified,COVID-19-the risk of secondary transmission among households quantified
62amf7hj,2lyv97c8,1.0,"Association Between Dementia Care Programs in Assisted Living Facilities and Transitions to Nursing Homes in Ontario, Canada: A Population-Based Cohort Study","Association Between Dementia Care Programs in Assisted Living Facilities and Transitions to Nursing Homes in Ontario, Canada: A Population-Based Cohort Study."
y52vbju9,t07edpmt,1.0,The Role of Communication Technology Across the Life Course: A Field Guide to Social Support in East York,The role of communication technology across the life course: A field guide to social support in East York
3b1atjbr,gtep4cgg,1.0,Providing a paediatric trauma and orthopaedics service during the peak of the COVID-19 pandemic: The Royal National Orthopaedic Hospital experience,Providing a paediatric trauma and orthopaedics service during the peak of the COVID-19 pandemic: The Royal National Orthopaedic Hospital experience
tckyg1ps,0d29kglq,1.0,Lessons learned from pharmacy learner and educator experiences during early stages of COVID-19 pandemic,Lessons learned from pharmacy learner and educator experiences during early stages of COVID-19 pandemic
qccz83x8,9thk7in6,1.0,Covid-19: Doctors and nurses demand better PPE for wider range of procedures.,Covid-19: Doctors and nurses demand better PPE for wider range of procedures
ezanu06u,o2kdmt2f,1.0,A breath of deadly air,A breath of deadly air
60xvjwsz,pf07lqrv,1.0,Mitteilungen der DVG,Mitteilungen der DGRh - Veranstaltungen der Rheumaakademie
aupeo10i,hz6fccu7,1.0,Chronic anticoagulation is not associated with a reduced risk of acute kidney injury in hospitalised Covid-19 patients,Chronic anticoagulation is not associated with a reduced risk of acute kidney injury in hospitalised Covid-19 patients
0xv0izdi,kr2oo2ut,1.0,Compositely modulated structures of phosphor materials SrxLi2+xAl2-xO4:Eu2,Compositely modulated structures of phosphor materials SrxLi2+xAl2-xO4:Eu2.
60xvjwsz,wr9uokky,1.0,Mitteilungen der DVG,Mitteilungen der DGG
tbemj5p1,wby776zz,1.0,Welcome to 2021!,Welcome 2021
c0a0tk5v,kicx3y2b,1.0,Correction.,Correction
c0a0tk5v,2xsjxjml,1.0,Correction.,Correction
of09mkka,609aw6zo,1.0,Three lessons conservation science can learn from the COVID‐19 pandemic,Three lessons conservation science can learn from the COVID-19 pandemic
urcif1ki,ynsq33ia,1.0,Estimated half-life of SARS-CoV-2 anti-spike antibodies more than double the half-life of anti-nucleocapsid antibodies in healthcare workers,Estimated half-life of SARS-CoV-2 anti-spike antibodies more than double the half-life of anti-nucleocapsid antibodies in healthcare workers
jeiqu91t,fgw4wps2,1.0,News in Brief,News in Brief
hvzkocpe,3srusnow,1.0,"Development of a fluorescence based, high-throughput SARS-CoV-2 3CLpro reporter assay","Development of a Fluorescence-Based, High-Throughput SARS-CoV-2 3CLpro Reporter Assay"
wtgwrl9d,4ajeazlt,1.0,Increased serum thromboxane A2 and prostacyclin but lower complement C3 and C4 levels in COVID-19: associations with chest CT-scan anomalies and lowered peripheral oxygen saturation.,Increased Serum Thromboxane A2 and Prostacyclin but Lower Complement C3 and C4 Levels in COVID-19: Associations with Chest CT Scan Anomalies and Lowered Peripheral Oxygen Saturation
hii4smax,9p5mg5qr,1.0,Hypercoagulability and coronavirus disease 2019–associated hypoxemic respiratory failure: Mechanisms and emerging management paradigms,Hypercoagulability and coronavirus disease 2019-associated hypoxemic respiratory failure: Mechanisms and emerging management paradigms
cfu5ntha,y6dn9rog,1.0,Catalytic asymmetric formal [3+2] cycloaddition of isatogens with azlactones to construct indolin-3-one derivatives.,Catalytic asymmetric formal [3+2] cycloaddition of isatogens with azlactones to construct indolin-3-one derivatives
3dnuy964,h1tuxu8s,1.0,Mediterranean Diet and SARS-COV-2 Infection: Is There Any Association? A Proof-of-Concept Study,Mediterranean Diet and SARS-COV-2 Infection: Is There Any Association? A Proof-of-Concept Study
svz0loxp,9iv58r5i,1.0,A third vaccination with a single T cell epitope protects against SARS-CoV-2 infection in the absence of neutralizing antibodies,A third vaccination with a single T cell epitope protects against SARS-CoV-2 infection in the absence of neutralizing antibodies
7d6hzcou,3w1xokut,1.0,Bringing proportional recovery into proportion: Bayesian modelling of post-stroke motor impairment.,Bringing proportional recovery into proportion: Bayesian modelling of post-stroke motor impairment
9v70nekz,u6wjsa1y,1.0,Indoor transmission of SARS-CoV-2,Indoor transmission of SARS-CoV-2.
db4mir6u,gwe5wjy6,1.0,Understanding epidemic data and statistics: A case study of COVID-19,Understanding Epidemic Data and Statistics: A case study of COVID-19
476np99w,z8johvmy,1.0,Spatiotemporal distribution and trend of COVID-19 in the Yangtze River Delta region of the People's Republic of China.,Spatiotemporal distribution and trend of COVID-19 in the Yangtze River Delta region of the People's Republic of China
5h88ypps,tzjytgyf,1.0,News,In the news
vm79xea2,yef8i3z2,1.0,Enoxaparin-sodium: Lack of efficacy: case report,Enoxaparin sodium: Lack of efficacy: case report
54gpjvhv,99fgkc3g,1.0,Editorial.,Editorial - COVID-19
lzhhcezl,9k52e5i5,1.0,Correction to Lancet Infect Dis 2021; 21: 163-64,Correction to Lancet Infect Dis 2019; 20: 275–76
i8yjjlda,h7vmvqcb,1.0,"""in the 1980s NHS there wasn't today's climate of fear around speaking out""-Allyson Pollock",“In the 1980s NHS there wasn’t today’s climate of fear around speaking out”—Allyson Pollock
i2980y01,lpjwa743,1.0,"Psychological Impact of the COVID-19 Pandemic on Dental Interns in Riyadh, Saudi Arabia: A Cross-sectional Survey","Psychological Impact of the COVID-19 Pandemic on Dental Interns in Riyadh, Saudi Arabia: A Cross-sectional Survey"
lzhhcezl,ibgjvt84,1.0,Correction to Lancet Infect Dis 2021; 21: 163-64,Correction to Lancet Infect Dis 2021; 21: 1507–17
1hw15s3q,rc95k02u,1.0,Infectious disease surveillance update,Infectious disease surveillance update
qec98vtn,oatlsk6z,1.0,"Food preservation techniques and nanotechnology for increased shelf life of fruits, vegetables, beverages and spices: a review","Food preservation techniques and nanotechnology for increased shelf life of fruits, vegetables, beverages and spices: a review"
1hw15s3q,sv9mdgek,1.0,Infectious disease surveillance update,Infectious disease surveillance update
nycanol5,wf3ztjts,1.0,Excess soluble fms-like tyrosine kinase 1 correlates with endothelial dysfunction and organ failure in critically ill COVID-19 patients,Excess soluble fms-like tyrosine kinase 1 correlates with endothelial dysfunction and organ failure in critically ill COVID-19 patients
nfi18el1,uo4pbxny,1.0,The effects of lockdown on lifestyle habits of adults during the coronavirus pandemic in Cyprus,The effects of lockdown on lifestyle habits of adults during the coronavirus pandemic in Cyprus
54gpjvhv,hmvymw17,1.0,Editorial.,EDITORIAL
jeiqu91t,uur2er6x,1.0,News in Brief,News in Brief
es7iehv3,0xmbozfa,1.0,Pos-793 Undergoing Hemodialysis during Covid-19 Lockdown: Exploring Patients' and Family Caregivers' Experiences,POS-793 UNDERGOING HEMODIALYSIS DURING COVID-19 LOCKDOWN: EXPLORING PATIENTS' AND FAMILY CAREGIVERS' EXPERIENCES
cqg02u9r,wjo0p4bv,1.0,Mid-Epidemic Forecasts of COVID-19 Cases and Deaths: A Bivariate Model applied to the UK,Mid-Epidemic Forecasts of COVID-19 Cases and Deaths: A Bivariate Model Applied to the UK
2rkvpkd5,31ne7hg1,1.0,East-West differences in clinical manifestations of COVID-19 patients: A systematic literature review and meta-analysis.,East-West Differences in Clinical Manifestations of COVID-19 Patients: A Systematic Literature Review and Meta-Analysis
fgw4wps2,uur2er6x,1.0,News in Brief,News in Brief
2h9n6x3l,gw02qqjw,1.0,Multiple COVID-19 Risk Factors Increase the Likelihood of Experiencing Anxiety Symptoms in Canada.,Multiple COVID-19 Risk Factors Increase the Likelihood of Experiencing Anxiety Symptoms in Canada
bnfagb25,gyzw5pv7,1.0,Clonal analysis of immunodominance and cross-reactivity of the CD4 T cell response to SARS-CoV-2,Clonal analysis of immunodominance and cross-reactivity of the CD4 T cell response to SARS-CoV-2
6521ls3y,akkysxqy,1.0,Fostering local involvement for biodiversity conservation in tropical regions: Lessons from Madagascar during the COVID-19 pandemic,Fostering local involvement for biodiversity conservation in tropical regions: Lessons from Madagascar during the COVID‐19 pandemic
wm7yrtrw,6uvm25og,1.0,People + Companies,People + Companies
jz470s39,mamczs8s,1.0,Seven days in medicine: 15-21 April 2020.,Seven days in medicine: 28 April to 4 May 2021
0qqsv4gm,28era6vt,1.0,Intestinal attenuation of COVID-19 inflammation,Intestinal attenuation of COVID-19 inflammation
w2xygeef,5yhkcmqi,1.0,Use of face mask by blood donors during the COVID-19 pandemic: Impact on donor hemoglobin concentration: A bane or a boon,Use Of Face Mask By Blood Donors During The Covid 19 Pandemic: Impact On Donor Hemoglobin Concentration: A Bane Or A Boon
w2xygeef,yw5ukmgw,1.0,Use of face mask by blood donors during the COVID-19 pandemic: Impact on donor hemoglobin concentration: A bane or a boon,Use Of Face Mask By Blood Donors During The Covid 19 Pandemic: Impact On Donor Hemoglobin Concentration: A Bane Or A Boon
i8n7bqd1,8nz5rhqr,1.0,Confirmation of COVID-19 in Out-of-Hospital. Cardiac Arrest Patients and Postmortem Management in the Emergency Department during the COVID-19 Outbreak,Confirmation of COVID-19 in Out-of-Hospital Cardiac Arrest Patients and Postmortem Management in the Emergency Department during the COVID-19 Outbreak
1nhlu89c,k59jw2cr,1.0,Coronavirus disease-2019: is fever an adequate screening for the returning travelers?,Coronavirus disease-2019: Is fever an adequate screening for the returning travelers?
54gpjvhv,qq5amdne,1.0,Editorial.,Editorial.
go1ejczo,wmsx2ynt,1.0,Der Fachmann,Mitteilungen der DGU
6knncvcp,9ub5p6fy,1.0,Influence of obesity on serum levels of SARS-CoV-2-specific antibodies in COVID-19 patients,Influence of obesity on serum levels of SARS-CoV-2-specific antibodies in COVID-19 patients
b8dfa3w6,i4phdjmf,1.0,Pneumonia,Pneumonia
6522hej8,ghmob5ea,1.0,Should we ventilate elderly patients with COVID-19?,Should we ventilate elderly patients with COVID-19?
2vuna5wv,gofsx9pm,1.0,Generation of norovirus-specific t cells from human donors with extensive cross-reactivity to variant sequences: implications for immunotherapy,Generation of Norovirus-Specific T-Cells from Human Donors with Extensive Cross-Reactivity to Variant Sequences: Implications for Immunotherapy.
5v2rlpam,0qgkak17,1.0,Mortality among solid organ waitlist candidates during COVID‐19 in the United States,Mortality among solid organ waitlist candidates during COVID-19 in the United States
qhnnrt19,vaqdaidm,1.0,Covid-19: UK regulator approves lateral flow test for home use despite accuracy concerns.,Covid-19: UK regulator approves lateral flow test for home use despite accuracy concerns
mdl1ghoa,rzuh81d6,1.0,Doing it for us: Community identification predicts willingness to receive a COVID-19 vaccination via perceived sense of duty to the community,Doing it for us: Community identification predicts willingness to receive a COVID‐19 vaccination via perceived sense of duty to the community
53c37lbe,2qz8bweg,1.0,New Consensus pattern in Spike CoV-2: potential implications in coagulation process and cell–cell fusion,New Consensus pattern in Spike CoV-2: potential implications in coagulation process and cell-cell fusion
go1ejczo,bsxc5v3j,1.0,Der Fachmann,Auswirkungen der COVID-19-Pandemie
go1ejczo,hzbaterg,1.0,Der Fachmann,Mitteilungen der DGRh - Veranstaltungen der Rheumaakademie
izowo6my,e341ftqb,1.0,"Modeling Immunity In Vitro: Slices, Chips, and Engineered Tissues.","Modeling Immunity In Vitro: Slices, Chips, and Engineered Tissues"
wmsx2ynt,hzbaterg,1.0,Mitteilungen der DGU,Mitteilungen der DGRh - Veranstaltungen der Rheumaakademie
wmsx2ynt,bsxc5v3j,1.0,Mitteilungen der DGU,Auswirkungen der COVID-19-Pandemie
zjsgzqgz,2onwwug1,1.0,Practical home-based physical activity programs for university students during the COVID-19 pandemic.,Practical home-based physical activity programs for university students during the COVID-19 pandemic
crsz153e,ekxyxigk,1.0,Remote patient management of peritoneal dialysis during COVID-19 pandemic.,Remote patient management of peritoneal dialysis during COVID-19 pandemic
c7kz4njr,uttaizt0,1.0,"COVID-19, smart work, and collaborative space: A crisis-opportunity perspective","COVID-19, smart work, and collaborative space_ A crisis-opportunity perspective"
f6jc7pbf,i5mjdkn6,1.0,A rare case of the superior vena cava obstruction in a 16-year-old boy with Burkitt's lymphoma: A case report,A rare case of the superior vena cava obstruction in a 16-year-old boy with Burkitt's lymphoma: A case report
f8s4123u,s1gibewj,1.0,Drastic decrease of urgent endoscopies outside regular working hours during the Covid-19 pandemic in the paris area,Drastic decrease of urgent endoscopies outside regular working hours during the Covid-19 pandemic in the paris area
a1aknzpu,okq0h4ng,1.0,"Dupilumab, severe asthma airway responses, and SARS-CoV-2 serology","Dupilumab, Severe Asthma Airway Responses, and SARS‐CoV2 Serology"
lgbpuz22,alwr9ygo,1.0,Error in Table.,Error in Table.
dxk9o0i0,2xbt84kt,1.0,"In the COVID-19 era, let's keep an eye on clinical trials in Africa","In the COVID-19 era, let’s keep an eye on clinical trials in Africa"
0691j0t0,pc0pz9ca,1.0,Effective Mathematical Modelling of Health Passes during a Pandemic,Effective mathematical modelling of health passes during a pandemic
6yo5e26z,6ib281m7,1.0,Epilepsy in the time of COVID‐19,Epilepsy in the time of COVID-19
rpynrqhj,9pwxf6od,1.0,Cardiopulmonary imaging utilization and findings among hospitalized COVID-19 patients in Latin America (From RIMAC: Registry IMAging Cardiopulmonary among hospitalized COVID-19 patients in LATAM),Cardiopulmonary imaging utilization and findings among hospitalized COVID-19 patients in Latin America (From RIMAC: Registry IMAging Cardiopulmonary among hospitalized COVID-19 patients in LATAM)
rqkauchm,ce9m4hpj,1.0,Hyperinflammation and Immune Response Generation in COVID-19,Hyperinflammation and Immune Response Generation in COVID-19
k8o2ytgc,h6y3py4t,1.0,NeuroCOVID: critical review of neuropsychiatric manifestations of SARS-CoV-2 infection,NeuroCOVID: critical review of neuropsychiatric manifestations of SARS-CoV-2 infection
jyc1rylz,5k6egd4n,1.0,Possible impacts of COVID-19 outbreak on real estate sector and possible changes to adopt: A situation analysis and general assessment on Turkish perspective,Possible impacts of COVID-19 outbreak on real estate sector and possible changes to adopt: A situation analysis and general assessment on Turkish perspective
2e90yj1w,55da8wn1,1.0,Telemedicine platforms and their use in the coronavirus disease-19 era to deliver comprehensive vascular care,Telemedicine Platforms and Their Use in the Coronavirus Disease-19 Era to Deliver Comprehensive Vascular Care
go1ejczo,pf07lqrv,1.0,Der Fachmann,Mitteilungen der DGRh - Veranstaltungen der Rheumaakademie
aetg4doh,782wt8ou,1.0,Mobilization of Telepsychiatry in Response to COVID-19—Moving Toward 21(st) Century Access to Care,Mobilization of Telepsychiatry in Response to COVID-19-Moving Toward 21st Century Access to Care
znfbl9f9,grrx0d4f,1.0,Analysis of the stochastic model for predicting the novel coronavirus disease,Analysis of the stochastic model for predicting the novel coronavirus disease
wmsx2ynt,pf07lqrv,1.0,Mitteilungen der DGU,Mitteilungen der DGRh - Veranstaltungen der Rheumaakademie
go1ejczo,wr9uokky,1.0,Der Fachmann,Mitteilungen der DGG
fzg6wtav,5rnwrv0r,1.0,The Neurobiology of Modern Viral Scourges: ZIKV and COVID-19,The Neurobiology of Modern Viral Scourges: ZIKV and COVID-19.
64w6p1ke,c9pzay5d,1.0,2021 International Cancer Education Conference Program and Abstracts,2020 International Cancer Education Conference Program and Abstracts
wmsx2ynt,wr9uokky,1.0,Mitteilungen der DGU,Mitteilungen der DGG
484za9rq,ofncrfil,1.0,"COVID-19 and the Gypsy, Roma and Traveller population","COVID-19 and the Gypsy, Roma and Traveller population"
hifmicdf,c7bylau1,1.0,The prognostic value of comorbidity for the severity of COVID-19: a systematic review and meta-analysis study,The prognostic value of comorbidity for the severity of COVID-19: A systematic review and meta-analysis study
46b7vbbh,nb943ga1,1.0,Toxic epidermal necrolysis and role of immune dysregulation in a patient affected by coronavirus disease,Toxic epidermal necrolysis and role of immune dysregulation in a patient affected by coronavirus disease
f7ti3wd4,84dsvygh,1.0,Diskussion um NSAR in Zeiten von Covid-19 : Fiebersenkung und Schmerztherapie,Diskussion um NSAR in Zeiten von Covid-19: Fiebersenkung und Schmerztherapie
rt7ar37c,7o5zfzim,1.0,Integration of Kalman filter in the epidemiological model: A robust approach to predict COVID-19 outbreak in Bangladesh,Integration of Kalman filter in the epidemiological model: a robust approach to predict COVID-19 outbreak in Bangladesh
u4o3h4dn,o5h6d0o2,1.0,Initial experience in the attention of patients with COVID-19 in a private third-level hospital in Buenos Aires city,[Initial experience in the attention of patients with COVID-19 in a private third-level hospital in Buenos Aires City].
y9mm970k,16ax5728,1.0,New nucleotide sequence data on the EMBL File Server,New nucleotide sequence data on the EMBL File Server
mctgonmc,8xu53usj,1.0,The vital role of meaningful community engagement in responding to the COVID-19 pandemic,The vital role of meaningful community engagement in responding to the COVID-19 pandemic.
d1pyfb2b,s5tchzde,1.0,Psychological correlates of COVID-19 pandemic in the Austrian population,Psychological correlates of COVID-19 pandemic in the Austrian population
nbolayox,3ij5pavl,1.0,Implications of Obesity for the Management of Severe Coronavirus Disease 2019 Pneumonia,Implications of Obesity for the Management of Severe Coronavirus Disease 2019 Pneumonia
xrgnt6l5,gdl4l9xo,1.0,Optimal temperature zone for the dispersal of COVID-19,Optimal temperature zone for the dispersal of COVID-19
mkt30ffl,nqcist9n,1.0,Silent casualty of COVID-19: Training and education,Silent casualty of COVID-19: Training and education
bffjj5pc,b09uuvuf,1.0,Heterocyclic compounds of some natural products as anti-covid-19: Iranian plants and natural drugs of Ardabil province,Heterocyclic Compounds of some Natural Products as Anti-Covid-19: Iranian Plants and Natural Drugs of Ardabil Province
iymp3fsq,8aobiye6,1.0,"Erratum: Vol. 69, No. 49","Erratum: Vol. 69, No. 29"
vphpoayc,rdffxyce,1.0,The COVID Clerkship,The COVID Clerkship.
opi9vlxy,63oerjse,1.0,Post-vaccine anti-SARS-CoV-2 spike protein antibody development in kidney transplants recipients,Post-vaccine anti-SARS-CoV-2 spike protein antibody development in kidney transplants recipients
kr4gzk7t,7zpc9b8x,1.0,Population pharmacokinetic and pharmacodynamic modeling of capecitabine and its metabolites in breast cancer patients.,Population pharmacokinetic and pharmacodynamic modeling of capecitabine and its metabolites in breast cancer patients
2dzxrdc6,39qo9afy,1.0,Convalescent plasma appears efficacious and safe in COVID-19,Convalescent plasma appears efficacious and safe in COVID-19
x16yb3l4,gl4pn1ev,1.0,Sensitivity of SARS‐CoV‐2 to different temperatures,Sensitivity of SARS-CoV-2 to different temperatures
1ra2xh5i,8dor1r7t,1.0,COVID-19 detection and heatmap generation in chest x-ray images,COVID-19 detection and heatmap generation in chest x-ray images
iymp3fsq,zk292qri,1.0,"Erratum: Vol. 69, No. 49","Erratum: Vol. 70, No. 36"
3jsriifc,omahagru,1.0,Abnormal myocardial enzymes are important indicators of poor prognosis in COVID-19 patients,Abnormal myocardial enzymes are important indicators of poor prognosis in COVID-19 patients
n6vubr7q,ir5tlwzi,1.0,Hashimoto’s Thyroiditis Presenting With Hoffman’s Syndrome in a Patient With the Coronavirus Disease 2019 (COVID 19): Hormone Replacement in the Time of the Pandemic,Hashimoto’s Thyroiditis Presenting With Hoffman’s Syndrome in a Patient With the Coronavirus Disease 2019 (COVID 19): Hormone Replacement in the Time of the Pandemic
5w7sv737,211bcypt,1.0,Incidental radiological findings suggestive of COVID-19 in asymptomatic patients,Incidental radiological findings suggestive of COVID-19 in asymptomatic patients
j5deoio8,xmzz36lh,1.0,Association of Coronavirus Disease (COVID-19) With Large Vessel Occlusion Strokes: A Case-Control Study.,Association of Coronavirus Disease (COVID-19) With Large Vessel Occlusion Strokes: A Case-Control Study
wzg63916,h6o6qtgo,1.0,Children experienced new or worsening tic issues when they were separated from their parents during the Italian COVID‐19 lockdown,Children experienced new or worsening tic issues when they were separated from their parents during the Italian COVID-19 lockdown
r8fi0o7k,4hwceo7j,1.0,Autopsy Biosafety,Autopsy Biosafety
ue5tv62g,k85ipdzq,1.0,Mental health services in the wake of COVID-19 and opportunities for change,Mental health services in the wake of COVID-19 and opportunities for change.
22ftb9w3,24j87vjh,1.0,Features of family clusters of COVID-19 patients: A retrospective study,Features of family clusters of COVID-19 patients: A retrospective study
qrds2xh2,ntrm4j2d,1.0,Erratum,Erratum
5tdwgxty,4glzq3uf,1.0,COVID‐19 in people living with HIV: clinical implications of dynamics of immune response to SARS‐CoV‐2,COVID-19 in people living with HIV: Clinical implications of dynamics of the immune response to SARS-CoV-2
o1w62yo9,nbdc9kkz,1.0,Simulating the spread of COVID-19 via a spatially-resolved susceptible–exposed–infected–recovered–deceased (SEIRD) model with heterogeneous diffusion,Simulating the spread of COVID-19 via a spatially-resolved susceptible–exposed–infected–recovered–deceased (SEIRD) model with heterogeneous diffusion
iymp3fsq,hmfcqbur,1.0,"Erratum: Vol. 69, No. 49","Erratum: Vol. 69, No. 43"
iymp3fsq,mszt70q6,1.0,"Erratum: Vol. 69, No. 49","Erratum: Vol. 70, No. 3"
yhnb4nsa,wr3mrnu6,1.0,Mandating the Use of Proximity Tracking Apps During Coronavirus Disease 2019: Ethical Justifications,Mandating the Use of Proximity Tracking Apps During Coronavirus Disease 2019: Ethical Justifications
8gluohyb,4asnl7rd,1.0,Identification and validation of prognostic factors in patients with COVID-19: A retrospective study based on artificial intelligence algorithms,Identification and validation of prognostic factors in patients with COVID-19: A retrospective study based on artificial intelligence algorithms
jh6jxwyn,aml6du5t,1.0,Management of odontogenic infections and sepsis: an update,Management of odontogenic infections and sepsis: an update
65xxevp3,6fzs34ub,1.0,Role of Additive Manufacturing in Medical Application COVID-19 Scenario: INDIA Case study,Role of Additive Manufacturing in Medical Application COVID-19 Scenario: INDIA Case study
ncuegrq7,ax6ij6du,1.0,Inflammatory Bowel Disease,INFLAMMATORY BOWEL DISEASE
qhpk9svf,cc4qimtk,1.0,Correction,Correction.
cf5h1smy,c13hd4po,1.0,Paired nasopharyngeal and deep lung testing for SARS-CoV2 reveals a viral gradient in critically ill patients: a multi-centre study,Paired nasopharyngeal and deep lung testing for SARS-CoV2 reveals a viral gradient in critically ill patients: a multi-centre study
79dpda1d,7635olwp,1.0,Paediatric aspects of COVID-19: An update,Paediatric aspects of COVID-19: an update
xl96jw1o,d46ctbnw,1.0,Getting back on the road towards tuberculosis elimination: lessons learnt from the COVID-19 pandemic,Getting back on the road towards tuberculosis elimination: lessons learnt from the COVID-19 pandemic
adjrmhes,fy6605nc,1.0,NATIONWIDE TEMPORAL EVOLUTION OF PRE-HOSPITAL CARDIAC EVENTS DURING THE COVID-19 PANDEMIC,Nationwide Temporal Evolution of Pre-hospital Cardiac Events during the Covid-19 Pandemic
i66scei9,7u7x9ede,1.0,Corrigendum.,Corrigendum.
a6fvsd45,6gga90z7,1.0,"Virtual screening, ADME/T, and binding free energy analysis of anti-viral, anti-protease, and anti-infectious compounds against NSP10/NSP16 methyltransferase and main protease of SARS CoV-2","Virtual screening, ADME/T, and binding free energy analysis of anti-viral, anti-protease, and anti-infectious compounds against NSP10/NSP16 methyltransferase and main protease of SARS CoV-2"
hc94s7qr,lwudtxxt,1.0,Sixteen analysands' and large groups' reactions to the covid-19 pandemic,Sixteen analysands' and large groups' reactions to the COVID‐19 pandemic
6j6vi1d4,1b9perwn,1.0,The risk of induced cancer and ischemic heart disease following low dose lung irradiation for COVID-19: estimation based on a virtual case,The risk of induced cancer and ischemic heart disease following low dose lung irradiation for COVID-19: estimation based on a virtual case
1gtf8x72,f6yaxnjr,1.0,Les actualités de DDS 2(e) trimestre 2021,Les actualités de DDS. 3e trimestre 2020
e7yt3n5k,x1o7vx7w,1.0,Invasive pulmonary fusariosis in an immunocompetent critically ill patient with severe COVID-19,Invasive pulmonary fusariosis in an immunocompetent critically ill patient with severe COVID-19
i66scei9,ziy06fzm,1.0,Corrigendum.,Corrigendum.
930x6rrh,l4ssg9y6,1.0,Older adults living in social housing in Canada: the next COVID-19 hotspot?,Older adults living in social housing in Canada: the next COVID-19 hotspot?
i66scei9,zwoo0sot,1.0,Corrigendum.,Corrigendum
k9jxdg9w,e9x7t6sz,1.0,COVID-19 and the Australian Human Rights Acts,COVID-19 and the Australian Human Rights Acts
yhcsnhfa,tynn88co,1.0,CODECHECK: an Open Science initiative for the independent execution of computations underlying research articles during peer review to improve reproducibility,CODECHECK: an Open Science initiative for the independent execution of computations underlying research articles during peer review to improve reproducibility.
ts75o0pt,j9ax8x2r,1.0,Pandemic panic and anxiety in developing countries. Embracing One Health offers practical strategies in management of COVID-19 for Africa,Pandemic panic and anxiety in developing countries. Embracing One Health offers practical strategies in management of COVID-19 for Africa
sk3wanfy,ibslsnj9,1.0,Mitteilungen des Berufsverbandes der Deutschen Radiologen,Mitteilungen des Berufsverbandes der Deutschen Radiologen
8hwi66w4,wn5r2kkb,1.0,Azd-1222: Various toxicities: 9 case reports,Tozinameran: Various toxicities: 18 case reports
5503ubtc,kh6fq0yp,1.0,Development of the e-Government in the Context of the 2020 Pandemics,Development of the e-Government in the Context of the 2020 Pandemics
t29q6bgh,27mjbffr,1.0,Analytical and clinical performances of five immunoassays for the detection of SARS-CoV-2 antibodies in comparison with neutralization activity,Analytical and clinical performances of five immunoassays for the detection of SARS-CoV-2 antibodies in comparison with neutralization activity
m9kt9u1d,l7vy98s6,1.0,Intestinal Barrier Biomarker ZO1 and Endotoxin Are Increased in Blood of Patients With COVID-19-associated Pneumonia,Intestinal Barrier Biomarker ZO1 and Endotoxin Are Increased in Blood of Patients With COVID-19-associated Pneumonia.
i2igtqjz,nrodovdd,1.0,Growth mechanism for nanotips in high electric fields.,Growth mechanism for nanotips in high electric fields
lz0yypok,4lioks83,1.0,Remdesivir in Patients with Acute or Chronic Kidney Disease and COVID-19.,Remdesivir in Patients with Acute or Chronic Kidney Disease and COVID-19
cc4qimtk,kicx3y2b,1.0,Correction.,Correction
cc4qimtk,2xsjxjml,1.0,Correction.,Correction
evfxaez3,d3nttl62,1.0,Neural perceptron & strict lossless secret sharing oriented cryptographic science: fostering patients’ security in the “new normal” COVID-19 E-Health,Neural perceptron & strict lossless secret sharing oriented cryptographic science: fostering patients’ security in the “new normal” COVID-19 E-Health
qhpk9svf,kicx3y2b,1.0,Correction,Correction
qhpk9svf,2xsjxjml,1.0,Correction,Correction
mobxgza6,kfx4lwow,1.0,"Quiet Anthropocene, quiet Earth.","Quiet Anthropocene, quiet Earth"
bsxc5v3j,hzbaterg,1.0,Auswirkungen der COVID-19-Pandemie,Mitteilungen der DGRh - Veranstaltungen der Rheumaakademie
5yhp63t6,5p7j2eec,1.0,Instrument Set Decontamination Workflows Designed for Success in Sterile Processing.,Instrument Set Decontamination Workflows Designed for Success in Sterile Processing
8aobiye6,zk292qri,1.0,"Erratum: Vol. 69, No. 29","Erratum: Vol. 70, No. 36"
9k52e5i5,ibgjvt84,1.0,Correction to Lancet Infect Dis 2019; 20: 275–76,Correction to Lancet Infect Dis 2021; 21: 1507–17
n9z8p613,su99mblc,1.0,The Impact of Peripheral Eosinophil Counts and Eosinophil to Lymphocyte Ratio (ELR) in the Clinical Course of COVID-19 Patients: A Retrospective Study.,The Impact of Peripheral Eosinophil Counts and Eosinophil to Lymphocyte Ratio (ELR) in the Clinical Course of COVID-19 Patients: A Retrospective Study
oy1l1b31,09gui7qh,1.0,Descriptive characteristics of hospitalized adult smokers and never-smokers with COVID-19,Descriptive characteristics of hospitalized adult smokers and never-smokers with COVID-19
rc0v7118,9gi2yoqn,1.0,2021 in Review,COVID-19: a review.
fgg0h39u,t8wru1rv,1.0,Helping healthcare teams save lives during COVID-19: Insights and countermeasures from team science.,Helping healthcare teams save lives during COVID-19: Insights and countermeasures from team science
7u7x9ede,ziy06fzm,1.0,Corrigendum.,Corrigendum.
bsxc5v3j,pf07lqrv,1.0,Auswirkungen der COVID-19-Pandemie,Mitteilungen der DGRh - Veranstaltungen der Rheumaakademie
7u7x9ede,zwoo0sot,1.0,Corrigendum.,Corrigendum
99fgkc3g,hmvymw17,1.0,Editorial - COVID-19,EDITORIAL
hzbaterg,pf07lqrv,1.0,Mitteilungen der DGRh - Veranstaltungen der Rheumaakademie,Mitteilungen der DGRh - Veranstaltungen der Rheumaakademie
3btc31kj,8wnzj6pc,1.0,"Systemic analysis of tissue cells potentially vulnerable to SARS-CoV-2 infection by the protein-proofed single-cell RNA profiling of ACE2, TMPRSS2 and Furin proteases","Systemic Analysis of Tissue Cells Potentially Vulnerable to Sars-Cov-2 Infection by the Protein-Proofed Single-Cell Rna Profiling of Ace2, Tmprss2 and Furin Proteases"
xzbdhk75,bisn1wse,1.0,Informe diário de evidências COVID-19: busca realizada em 22 de maio de 2020,Informe diário de evidências COVID-19: busca realizada em 5 de maio de 2020
hzbaterg,wr9uokky,1.0,Mitteilungen der DGRh - Veranstaltungen der Rheumaakademie,Mitteilungen der DGG
4pk73aar,x6u3bm0c,1.0,Covid-19: Gesundheitliche Ungleichheit und Pflegebedürftigkeit,Neuroonkologie und Palliativmedizin
1iyrxt8t,okzomm3r,1.0,nieuws: Berichten uit de verpleegkundige praktijk,nieuws: Berichten uit de verpleegkundige praktijk
gbvizm43,lw011q00,1.0,The Effects of Mindfulness Meditation and Gentle Yoga on Spiritual Well-Being in Cancer Survivors: A Pilot Study.,The Effects of Mindfulness Meditation and Gentle Yoga on Spiritual Well-Being in Cancer Survivors: A Pilot Study
8aobiye6,mszt70q6,1.0,"Erratum: Vol. 69, No. 29","Erratum: Vol. 70, No. 3"
8aobiye6,hmfcqbur,1.0,"Erratum: Vol. 69, No. 29","Erratum: Vol. 69, No. 43"
lop0f9un,16bn81xf,1.0,Kongresse des BDI,Mitteilungen des BDI
q1nox0va,q53sx691,1.0,Depression level and coping responses toward the movement control order and its impact on quality of life in the Malaysian community during the COVID-19 pandemic: a web-based cross-sectional study,Depression level and coping responses toward the movement control order and its impact on quality of life in the Malaysian community during the COVID-19 pandemic: a web-based cross-sectional study
bsxc5v3j,wr9uokky,1.0,Auswirkungen der COVID-19-Pandemie,Mitteilungen der DGG
5b4zeo3x,xgrbrc1r,1.0,Characterizing the Anticancer Treatment Trajectory and Pattern in Patients Receiving Chemotherapy for Cancer Using Harmonized Observational Databases: Retrospective Study,Characterizing the Anticancer Treatment Trajectory and Pattern in Patients Receiving Chemotherapy for Cancer Using Harmonized Observational Databases: Retrospective Study
8sse0jsv,pi9unays,1.0,N95 respirator decontamination: a study in reusability,N95 respirator decontamination: a study in reusability
99fgkc3g,qq5amdne,1.0,Editorial - COVID-19,Editorial.
la1j7qv3,bghexogs,1.0,Cardiac rehabilitation and telemedicine (and COVID-19),Cardiac rehabilitation and telemedicine (and COVID-19)
32ctqcyu,c8zc4zw7,1.0,COVID-19 stress and substance use: Current issues and future preparations,COVID-19 Stress and Substance Use: Current Issues and Future Preparations
234irkad,r586ujjk,1.0,An Integrated Program in a Pandemic: Johns Hopkins Radiation Oncology Department,An Integrated Program in a Pandemic: Johns Hopkins Radiation Oncology Department
s9qeqiu8,in7lmnn6,1.0,"Novel Coronavirus (2019-nCoV): situation report, 22",Situation Report 12: Novel Coronavirus (2019-nCoV)
3erh5kta,mz2dddp9,1.0,Broad and strong memory CD4+ and CD8+ T cells induced by SARS-CoV-2 in UK convalescent individuals following COVID-19,Broad and strong memory CD4+ and CD8+ T cells induced by SARS-CoV-2 in UK convalescent individuals following COVID-19.
v9u7nkhp,x2n8llvc,1.0,Prevalence of sars-cov-2 igg antibodies in patients with cystic fibrosis at the minnesota cystic fibrosis center in the first 6 months of known virus in the state and in follow-up (6 months and 1 year),Prevalence of SARS-CoV-2 IgG Antibodies in Patients with Cystic Fibrosis at the Minnesota Cystic Fibrosis Center in the First 6 Months of Known Virus in the State and In Follow-Up (6 Months and 1 Year)
4z1cjfif,nx4bvxjt,1.0,Rapid Response Systems Across Multisite Locations of a Pediatric Hospital System: Patient Characteristics Matter Most,Rapid Response Systems Across Multisite Locations of a Pediatric Hospital System: Patient Characteristics Matter Most.
rehnn9e6,ggc33h0w,1.0,"Response to Lindström (2020) on ""The trouble with trust: Time-series analysis of social capital, income inequality, and COVID-19 deaths in 84 countries"".","Response to Lindström (2020) on ""The trouble with trust: Time-series analysis of social capital, income inequality, and COVID-19 deaths in 84 countries"""
8shyvsrz,id2q4nnw,1.0,Liver histopathology in COVID-19 patients: A mono-Institutional series of liver biopsies and autopsy specimens,Liver histopathology in COVID-19 patients: a mono-Institutional series of liver biopsies and autopsy specimens
213jhccm,cop7gaat,1.0,Antibody Production After COVID-19 Immunization In Patients With Primary Immunodeficiency: A Single Center Experience,Antibody Production After COVID-19 Immunization In Patients With Primary Immunodeficiency: A Single Center Experience
zk292qri,hmfcqbur,1.0,"Erratum: Vol. 70, No. 36","Erratum: Vol. 69, No. 43"
zk292qri,mszt70q6,1.0,"Erratum: Vol. 70, No. 36","Erratum: Vol. 70, No. 3"
pcdtxkzg,rsh6p95f,1.0,Willingness to Get a COVID-19 Vaccine and Its Potential Predictors in Costa Rica: A Cross-Sectional Study,Willingness to Get a COVID-19 Vaccine and Its Potential Predictors in Costa Rica: A Cross-Sectional Study
pynqwj5t,dng9pgbl,1.0,Does Collective Interest or Self-Interest Motivate Mask Usage as a Preventive Measure Against COVID-19?,Does collective interest or self-interest motivate mask usage as a preventive measure against COVID-19?
gz2arm4d,aii4420c,1.0,Effect of glucocorticoid therapy on the prognosis of patients with severe and critical COVID-19: a single-center retrospective cohort study.,Effect of glucocorticoid therapy on the prognosis of patients with severe and critical COVID-19: a single-center retrospective cohort study
rc95k02u,sv9mdgek,1.0,Infectious disease surveillance update,Infectious disease surveillance update
w4qy4seb,l1y6ij42,1.0,Impact of Genetic Variability in ACE2 Expression on the Evolutionary Dynamics of SARS-CoV-2 Spike D614G Mutation,Impact of Genetic Variability in ACE2 Expression on the Evolutionary Dynamics of SARS-CoV-2 Spike D614G Mutation
ziy06fzm,zwoo0sot,1.0,Corrigendum.,Corrigendum
0tgz4yx9,qrhwic0t,1.0,Tomato Brown Rugose Fruit Virus Contributes to Enhanced Pepino Mosaic Virus Titers in Tomato Plants.,Tomato Brown Rugose Fruit Virus Contributes to Enhanced Pepino Mosaic Virus Titers in Tomato Plants
gwg11exh,y9sodwzo,1.0,COVID-19 in children and the role of school settings in COVID-19 transmission,COVID-19 in Children and the Role of School Settings in COVID-19 Transmission
np26v04y,n3x6iehh,1.0,ISSUE HIGHLIGHTS.,Issue Highlights.
twdv94x2,xdkcu0bi,1.0,Admission fasting blood glucose predicts 30‐day poor outcome in patients hospitalized for COVID‐19 pneumonia,Admission fasting blood glucose predicts 30-day poor outcome in patients hospitalized for COVID-19 pneumonia
vzhhe4ra,p47ftllo,1.0,There is no evidence of SARS-CoV-2 laboratory origin: Response to Segreto and Deigin (DOI: 10.1002/bies.202000240),There is no evidence of SARS‐CoV‐2 laboratory origin: Response to Segreto and Deigin (DOI: 10.1002/bies.202000240)
5le5spsh,aa14xpbo,1.0,Prepare for Post-COVID-Pandemic Polio Problems,Prepare for Post-COVID-Pandemic Polio Problems.
g9bprhhe,3touqy4j,1.0,Impact of a pandemic on surgical neuro-oncology-maintaining functionality in the early phase of crisis,Impact of a pandemic on surgical neuro-oncology—maintaining functionality in the early phase of crisis
bbywrc1g,hgp57o0s,1.0,Community-acquired pneumonia.,Community-Acquired Pneumonia
jcjk674i,rqvxae3j,1.0,Regional Fisheries Management: COVID-19 Calendars and Decision Making,Regional fisheries management: COVID-19 calendars and decision making
pf07lqrv,wr9uokky,1.0,Mitteilungen der DGRh - Veranstaltungen der Rheumaakademie,Mitteilungen der DGG
zgrr2hdi,4cr6z7tc,1.0,"Prognostic value of interleukin-6, C-reactive protein, and procalcitonin in patients with COVID-19","Prognostic value of interleukin-6, C-reactive protein, and procalcitonin in patients with COVID-19"
8b78duir,akn8ccrn,1.0,Full Issue PDF,Full Issue PDF.
kihz4dnk,sd2pioi2,1.0,A case of psoriatic arthritis triggered by SARS-CoV-2 infection,A case of psoriatic arthritis triggered by SARS-CoV-2 infection
t8wcq3an,073r80s7,1.0,COVID-19 and substance use disorders: Recommendations to a comprehensive healthcare response. an international society of addiction medicine practice and policy interest group position paper,COVID-19 and Substance Use Disorders: Recommendations to a Comprehensive Healthcare Response. An International Society of Addiction Medicine Practice and Policy Interest Group Position Paper
hmvymw17,qq5amdne,1.0,EDITORIAL,Editorial.
qgp3tij8,pkf273yo,1.0,Reader response: Neurologic complications of coronavirus infections.,Reader response: Neurologic complications of coronavirus infections.
00qkmccl,6jl5ct5k,1.0,Conserved and Novel Mouse CD8 T Cell Epitopes within SARS-CoV-2 Spike Receptor Binding Domain Protein Identified following Subunit Vaccination,Conserved and Novel Mouse CD8 T Cell Epitopes within SARS-CoV-2 Spike Receptor Binding Domain Protein Identified following Subunit Vaccination.
4wptrm5w,9vtahumj,1.0,Letters to the Editor.,Letters to the Editor.
hmfcqbur,mszt70q6,1.0,"Erratum: Vol. 69, No. 43","Erratum: Vol. 70, No. 3"
3z9g13iy,2z1koypg,1.0,Effects of Implementation of Infection Control Measures against COVID-19 on the Condition of Japanese Rural Nursing Homes,Effects of Implementation of Infection Control Measures against COVID-19 on the Condition of Japanese Rural Nursing Homes
rwu92kok,7y6j5k5u,1.0,[Overview of COVID-19],COVID-19: Overview
j9s5nxbq,un1sms7f,1.0,Rosanna Peeling-prioritising diagnostics worldwide,Rosanna Peeling-prioritising diagnostics worldwide.
otonu47l,gnp5cu61,1.0,Severe acute respiratory syndrome coronavirus 2 viral load in respiratory and feces specimens of children with coronavirus disease 2019,Severe acute respiratory syndrome coronavirus 2 viral load in respiratory and feces specimens of children with coronavirus disease 2019
p80sewn1,umc194c7,1.0,To the Editor:,From the Editor.
pu1sf0p8,xtuhapfc,1.0,Non-serious case reports,Non-serious case reports
mrjyyv5o,i52n8ho9,1.0,Severe Acute Respiratory Syndrome Coronavirus-2 Pneumonia in a Newborn Treated With Remdesivir and Coronavirus Disease 2019 Convalescent Plasma,Severe Acute Respiratory Syndrome Coronavirus-2 Pneumonia in a Newborn Treated With Remdesivir and Coronavirus Disease 2019 Convalescent Plasma
5yhkcmqi,yw5ukmgw,1.0,Use Of Face Mask By Blood Donors During The Covid 19 Pandemic: Impact On Donor Hemoglobin Concentration: A Bane Or A Boon,Use Of Face Mask By Blood Donors During The Covid 19 Pandemic: Impact On Donor Hemoglobin Concentration: A Bane Or A Boon
qbxu1cxk,4829lanc,1.0,Azvudine (FNC): a promising clinical candidate for COVID-19 treatment,Azvudine (FNC): a promising clinical candidate for COVID-19 treatment
kicx3y2b,2xsjxjml,1.0,Correction,Correction
ac3yoo9j,3x53iela,0.99999994,In silico approach for identifying natural lead molecules against SARS-COV-2,In Silico Approach for Identifying Natural Lead Molecules Against SARS-COV-2
dsxnndl0,wjzp52yc,0.99999994,Department of Error,Department of Error
rsobox3o,nikuhjp6,0.99999994,Modeling the effect of the vaccination campaign on the Covid-19 pandemic,Modeling the effect of the vaccination campaign on the Covid-19 pandemic
nx4h1ctd,ocpgj26e,0.99999994,"Covid-19 Control and the Economy: Test, Test, Test*","Covid-19 Control and the Economy: Test, Test, Test"
6qbalkbr,hjligckk,0.99999994,Visilant: Visual Support for the Exploration and Analytical Process Tracking in Criminal Investigations.,Visilant: Visual Support for the Exploration and Analytical Process Tracking in Criminal Investigations
dsxnndl0,nw0jtm8z,0.99999994,Department of Error,Department of Error.
dsxnndl0,ptyjvbqy,0.99999994,Department of Error,Department of Error
4qq82757,m1owhbi1,0.99999994,Potential therapeutic road for targeting the SARS-CoV-2 at throat.,Potential therapeutic road for targeting the SARS-CoV-2 at throat
dsxnndl0,ed5yoe43,0.99999994,Department of Error,Department of Error
mt3tx61a,v5gguroy,0.99999994,Virus Caused Imbalance of Type I IFN Responses and Inflammation in COVID-19,Virus Caused Imbalance of Type I IFN Responses and Inflammation in COVID-19
ql6x83e5,dtrfbawa,0.99999994,Boletim Coronavírus (09/06): 6928 óbitos e 72979 casos confirmados no RJ,Boletim Coronavírus (18/06): 8412 óbitos e 87317 casos confirmados no RJ
dsxnndl0,srabqqvo,0.99999994,Department of Error,Department of Error.
dsxnndl0,d7vrwxem,0.99999994,Department of Error,Department of Error
ql6x83e5,tx6xdqeg,0.99999994,Boletim Coronavírus (09/06): 6928 óbitos e 72979 casos confirmados no RJ,Boletim Coronavírus (13/06): 7592 óbitos e 78836 casos confirmados no RJ
rz6kjxnz,qywgju1v,0.99999994,Psychological impact of healthcare workers in China during COVID-19 pneumonia epidemic: a multi-center cross-sectional survey investigation,Psychological impact of healthcare workers in China during COVID-19 pneumonia epidemic: A multi-center cross-sectional survey investigation
dsxnndl0,w6rnq1lm,0.99999994,Department of Error,Department of Error
dsxnndl0,f6rcefj5,0.99999994,Department of Error,Department of Error
ql6x83e5,f4itm3xs,0.99999994,Boletim Coronavírus (09/06): 6928 óbitos e 72979 casos confirmados no RJ,Boletim coronavírus (24/03): 6 óbitos e 305 casos confirmados no RJ
ilt5wu0t,owkldvu9,0.99999994,Letter: Safety Considerations for Neurosurgical Procedures During the COVID-19 Pandemic,Letter: Safety Considerations for Neurosurgical Procedures During the COVID-19 Pandemic
i4hyzqcv,7ry15vq8,0.99999994,COVID-19 Pandemic Causing Acute Kidney Injury and Impact on Patients With Chronic Kidney Disease and Renal Transplantation,COVID-19 Pandemic Causing Acute Kidney Injury and Impact on Patients With Chronic Kidney Disease and Renal Transplantation
p2y6w2p4,xahub4u2,0.99999994,Promoting Social Connectedness among Cardiac Rehabilitation Patients During the COVID-19 Pandemic and Beyond,Promoting Social Connectedness among Cardiac Rehabilitation Patients During the COVID-19 Pandemic and Beyond.
bpp6jkxb,bohnnacd,0.99999994,[Editor's Note].,A Note from the Editor
ql6x83e5,xryc2k33,0.99999994,Boletim Coronavírus (09/06): 6928 óbitos e 72979 casos confirmados no RJ,Boletim coronavírus (02/04): 41 óbitos e 992 casos confirmados no RJ
dsxnndl0,yjkfej1u,0.99999994,Department of Error,Department of Error
bpp6jkxb,rafwwo5e,0.99999994,[Editor's Note].,Editor's note.
gvqq8aaf,9vckgxt0,0.99999994,Absence of nosocomial influenza and respiratory syncytial virus infection in the coronavirus disease 2019 (COVID-19) era: Implication of universal masking in hospitals,Absence of nosocomial influenza and respiratory syncytial virus infection in the coronavirus disease 2019 (COVID-19) era: Implication of universal masking in hospitals
ql6x83e5,7925qmm2,0.99999994,Boletim Coronavírus (09/06): 6928 óbitos e 72979 casos confirmados no RJ,Boletim coronavírus (23/05): 3905 óbitos e 34533 casos confirmados no RJ
dsxnndl0,4705pb2x,0.99999994,Department of Error,Department of Error.
fz1o5ao6,wjb8g0qq,0.99999994,"Biodiversity loss, emerging pathogens and human health risks","Biodiversity loss, emerging pathogens and human health risks"
dsxnndl0,5kkr6bcl,0.99999994,Department of Error,Department of Error
iwe0w6rm,3b9gyqy4,0.99999994,"Unusual association of COVID-19, pulmonary tuberculosis and human immunodeficiency virus, having progressed favorably under treatment with chloroquine and rifampin","Unusual association of COVID-19, pulmonary tuberculosis and human immunodeficiency virus, having progressed favorably under treatment with chloroquine and rifampin"
bpp6jkxb,9k9qx92b,0.99999994,[Editor's Note].,Editor's Note
dsxnndl0,3i27z8g3,0.99999994,Department of Error,Department of Error
bpp6jkxb,e4pfdhlq,0.99999994,[Editor's Note].,[Editor's Note].
dsxnndl0,dnnrdqr7,0.99999994,Department of Error,Department of Error.
gmr5akx0,mlp1jsxt,0.99999994,Estimation of the probability of daily fluctuations of incidence of covid-19 according to official data,Estimation of the probability of daily fluctuations of incidence of COVID-19 according to official data
ivvhbttp,8bvs4b7z,0.99999994,Drought Influences on Food Insecurity in Africa: A Systematic Literature Review,Drought Influences on Food Insecurity in Africa: A Systematic Literature Review
6ixxpllx,d8shszq9,0.99999994,SARS-CoV-2-associated Guillain-Barré syndrome with dysautonomia,SARS-CoV-2 associated guillain-barré syndrome with dysautonomia
dsxnndl0,gkgrnhq2,0.99999994,Department of Error,Department of Error
b65fqdln,isuuay9a,0.99999994,"Prevalence and risk factors of violence against women and children during COVID-19, Germany","Prevalence and risk factors of violence against women and children during COVID-19, Germany"
bpp6jkxb,chhtlz03,0.99999994,[Editor's Note].,Editor's note.
nhwuh6to,7apqc7p5,0.99999994,Clinical and radiological findings of adult hospitalized patients with community-acquired pneumonia from SARS-CoV-2 and endemic human coronaviruses,Clinical and radiological findings of adult hospitalized patients with community-acquired pneumonia from SARS-CoV-2 and endemic human coronaviruses
l3o3mlzl,b4znrgjh,0.99999994,COVID-19 public health measures: a reduction in hospital admissions for COPD exacerbations,COVID-19 public health measures: a reduction in hospital admissions for COPD exacerbations
sq08b8hz,hktz816l,0.99999994,Neuropsychological consequences of Covid-19.,Neuropsychological consequences of Covid-19
ql6x83e5,9spwam87,0.99999994,Boletim Coronavírus (09/06): 6928 óbitos e 72979 casos confirmados no RJ,Boletim coronavírus (27/05): 4605 óbitos e 42398 casos confirmados no RJ
5mc3kryb,e7lwjj7t,0.99999994,Evaluation of preventive procedures followed by the medical staff against covid-19 in the Syrian Arab Republic: A cross-sectional study,Evaluation of preventive procedures followed by the medical staff against COVID-19 in the Syrian Arab Republic: a cross-sectional study
a6nqh4a3,zvp2s4to,0.99999994,Antibody seroconversion in asymptomatic and symptomatic patients infected with severe acute respiratory syndrome coronavirus 2 (SARS‐CoV‐2),Antibody seroconversion in asymptomatic and symptomatic patients infected with severe acute respiratory syndrome coronavirus 2 (SARS-CoV-2)
ql6x83e5,1mjgad56,0.99999994,Boletim Coronavírus (09/06): 6928 óbitos e 72979 casos confirmados no RJ,Boletim coronavírus (28/05): 4856 óbitos e 44886 casos confirmados no RJ
u6qzvq1j,le35ak9m,0.99999994,Comparison of SARS-CoV-2 serological tests with different antigen targets,Comparison of SARS-CoV-2 serological tests with different antigen targets
vm6agssg,5jt5fio8,0.99999994,Concurrent Acute Ischemic Stroke and Non-Aneurysmal Subarachnoid Hemorrhage in COVID-19,Concurrent Acute Ischemic Stroke and Non-aneurysmal Subarachnoid Hemorrhage in COVID-19
yr0lcmmb,0qt0wlv3,0.99999994,Heterogeneous Recommendations for School Attendance in Children With Chronic Kidney Diseases During the COVID-19 Pandemic in Europe,Heterogeneous Recommendations for School Attendance in Children With Chronic Kidney Diseases During the COVID-19 Pandemic in Europe
og6uhf0z,e6plikdt,0.99999994,Infection Mechanism of SARS-COV-2 and Its Implication on the Nervous System,Infection Mechanism of SARS-COV-2 and Its Implication on the Nervous System
0nse0763,1bshoo9c,0.99999994,"Glossolalalararium Pandemiconium: A Meaningfully Irreverent, Queerelously Autoethnographic Essamblage for Trying Times","Glossolalalararium Pandemiconium: A Meaningfully Irreverent, Queerelously Autoethnographic Essamblage for Trying Times"
uwairkng,dmb8ezw6,0.99999994,Factors affecting nurses' intention to accept the COVID‐19 vaccine: A cross‐sectional study,Factors affecting nurses' intention to accept the COVID-19 vaccine: A cross-sectional study
nh89g82r,r1r4hlgl,0.99999994,Chronic Kidney Disease and Hypertension with Reference to COVID-19,Chronic kidney disease and hypertension with reference to COVID-19
i4eluz75,hsgkor2v,0.99999994,COVID-19 pandemic: Inequities and inequalities to exercise and their consequences on the physical and mental health of women with cardiovascular disease; Recommendations on how to address the needs of women.,COVID-19 pandemic - Inequities and inequalities to exercise and their consequences on the physical and mental health of women with cardiovascular disease: recommendations on how to address the needs of women
vz0u4lvz,c5j1qwg4,0.99999994,Is respiratory syncytial virus infection more dangerous than COVID 19 in the neonatal period?,Is respiratory syncytial virus infection more dangerous than COVID 19 in the neonatal period?
h783tngr,f9bd42n3,0.99999994,Leiomyosarcoma of the transverse colon with lymph node metastasis and malignant transformation: a case report.,Leiomyosarcoma of the transverse colon with lymph node metastasis and malignant transformation: a case report
252u3k5s,jh6m0roj,0.99999994,Cardiac Biomarker Levels and Their Prognostic Values in COVID-19 Patients With or Without Concomitant Cardiac Disease,Cardiac Biomarker Levels and Their Prognostic Values in COVID-19 Patients With or Without Concomitant Cardiac Disease
ls0sf428,bvzchvft,0.99999994,"The ""venous perspective"" in Lombardia (Italy) during the first weeks of the COVID-19 epidemic.","The ""venous perspective"" in Lombardia (Italy) during the first weeks of the COVID-19 epidemic"
eihe737w,wvzs4xqi,0.99999994,Post-translational modifications and glycoprofiling of palivizumab by UHPLC–RPLC/HILIC and mass spectrometry,Post-translational modifications and glycoprofiling of palivizumab by UHPLC–RPLC/HILIC and mass spectrometry
t6sx6nry,fdou9sa4,0.99999994,Performance Accuracy of a Laboratory-Developed Real-Time RT-PCR Method for Detection of SARS-CoV-2 in Self-Collected Saliva Specimens,Performance accuracy of a laboratory-developed real-time RT-PCR method for detection of SARS-CoV-2 in self-collected saliva specimens
q53t4071,2qgfnphj,0.99999994,Family Physicians' Role in Simplifying Medication Abortion During the COVID-19 Pandemic.,Family Physicians' Role in Simplifying Medication Abortion During the COVID-19 Pandemic
z7sf0s6z,hgek23lk,0.99999994,Simone de Beauvoir and a period of transition,Simone de Beauvoir and a period of transition
ggiabxg4,tymdjrav,0.99999994,Intestinal protection against challenge with transmissible gastroenteritis virus of pigs immune after infection with the porcine respiratory coronavirus,Intestinal protection against challenge with transmissible gastroenteritis virus of pigs immune after infection with the porcine respiratory coronavirus
izo25tnt,6j48yipw,0.99999994,Effect of COVID-19 on management of type 1 diabetes: Pushing the boundaries of telemedical healthcare,Effect of COVID-19 on management of type 1 diabetes: Pushing the boundaries of telemedical healthcare
wjzp52yc,nw0jtm8z,0.99999994,Department of Error,Department of Error.
af91tspf,sns6pjpq,0.99999994,COVID-19 Emergency Department Protocols: Experience of Protocol Implementation Through in-situ Simulation,Covid-19 emergency department protocols: Experience of protocol implementation through in-situ simulation
wjzp52yc,ptyjvbqy,0.99999994,Department of Error,Department of Error
k3mfzz1u,gcqpwjxl,0.99999994,Die Erste Seite,Die erste Seite
wjzp52yc,ed5yoe43,0.99999994,Department of Error,Department of Error
v5evcnju,ur69vui4,0.99999994,Face masks and COVID-19: don’t let perfect be the enemy of good,Face masks and COVID-19: don't let perfect be the enemy of good
wjzp52yc,srabqqvo,0.99999994,Department of Error,Department of Error.
wjzp52yc,d7vrwxem,0.99999994,Department of Error,Department of Error
6rtbkbgh,7497wz7r,0.99999994,"A Comparative Study of Absolute Lymphocyte Count (Alc), Neutrophil Lymphocyte Ratio (Nlr) and Red Cell Distribution Width (Rdw) among Covid 19 Death and Survival Group","A Comparative Study of Absolute Lymphocyte Count (Alc), Neutrophil Lymphocyte Ratio (Nlr) and Red Cell Distribution Width (Rdw) among Covid 19 Death and Survival Group."
wjzp52yc,f6rcefj5,0.99999994,Department of Error,Department of Error
wjzp52yc,w6rnq1lm,0.99999994,Department of Error,Department of Error
tgndqsa0,3ri1e6m1,0.99999994,Blood group type A secretors are associated with a higher risk of COVID‐19 cardiovascular disease complications,Blood group type A secretors are associated with a higher risk of COVID-19 cardiovascular disease complications
wjzp52yc,yjkfej1u,0.99999994,Department of Error,Department of Error
k3mfzz1u,ey3y1515,0.99999994,Die Erste Seite,Die Erste Seite
wjzp52yc,4705pb2x,0.99999994,Department of Error,Department of Error.
wjzp52yc,5kkr6bcl,0.99999994,Department of Error,Department of Error
wjzp52yc,3i27z8g3,0.99999994,Department of Error,Department of Error
pgqja7em,rp0m84l2,0.99999994,Coping strategies and mental health trajectories during the first 21 weeks of COVID-19 lockdown in the United Kingdom.,Coping strategies and mental health trajectories during the first 21 weeks of COVID-19 lockdown in the United Kingdom
k3mfzz1u,7koync17,0.99999994,Die Erste Seite,Die erste Seite
wjzp52yc,dnnrdqr7,0.99999994,Department of Error,Department of Error.
c16tg5i8,qkpuhxom,0.99999994,Impact of national lockdown towards emergency department visits and admission rates during the COVID-19 pandemic in Thailand: A hospital-based study,An impact of national lockdown towards emergency department visits and admission rates during the COVID-19 pandemic in Thailand: A hospital-based study.
wjzp52yc,gkgrnhq2,0.99999994,Department of Error,Department of Error
za86kmw6,4c0t3w29,0.99999994,The challenging pathway towards the identification of SARS-CoV-2/COVID-19 therapeutics,The challenging pathway towards the identification of SARS-CoV-2/COVID-19 therapeutics
oans3zxk,kjfqdfen,0.99999994,"A Journey From SARS-CoV-2 to COVID-19 and Beyond: A Comprehensive Insight of Epidemiology, Diagnosis, Pathogenesis, and Overview of the Progress into Its Therapeutic Management","A Journey From SARS-CoV-2 to COVID-19 and Beyond: A Comprehensive Insight of Epidemiology, Diagnosis, Pathogenesis, and Overview of the Progress into Its Therapeutic Management"
3tks1o54,e38g2peb,0.99999994,Tobacco and COVID-19: A position from Sociedade Portuguesa de Pneumologia,Tobacco and COVID-19: A position from Sociedade Portuguesa de Pneumologia
7p3lmwx4,7fc21u59,0.99999994,Impfen statt schimpfen!,Zoomen statt Sesselkreis
v0lctxj4,wltmhk8r,0.99999994,COVID-19 and medical education: Rethinking student assessment-The Virtual Observational Standard Clinical Examination,COVID-19 and medical education: Rethinking student assessment- The Virtual Observational Standard Clinical Examination
d2gxpc66,fceikbpi,0.99999994,COVID-19 and the academy: It is time for going digital,COVID-19 and the academy: It is time for going digital
hbtrh5zy,31ribyn8,0.99999994,Factores de riesgo de muerte hospitalaria en pacientes con infarto agudo de miocardio durante la pandemia de COVID-19./ [Risk factors for in-hospital mortality in patients with acute myocardial infarction during the COVID-19 outbreak],Risk factors for in-hospital mortality in patients with acute myocardial infarction during the COVID-19 outbreak Factores de riesgo de muerte hospitalaria en pacientes con infarto agudo de miocardio durante la pandemia de COVID-19
8k68j4bo,sifno03j,0.99999994,Manifestations of COVID-19 in pregnant women with focus on gastrointestinal symptoms: a systematic review.,Manifestations of COVID-19 in pregnant women with focus on gastrointestinal symptoms: A systematic review
wdum2v8p,vzv0d5ry,0.99999994,What Do We Need to Know to Improve Diagnostic Testing Methods for the 2019 Novel Coronavirus?,What Do We Need to Know to Improve Diagnostic Testing Methods for the 2019 Novel Coronavirus?
czasqxd6,6h61bdsw,0.99999994,“Fast deep learning computer-aided diagnosis of COVID-19 based on digital chest x-ray images”,“Fast deep learning computer-aided diagnosis of COVID-19 based on digital chest x-ray images”
zg2v4h2u,1ni2gp50,0.99999994,Seven days in medicine: 17-23 June 2020.,Seven days in medicine: 17-23 June 2020
os7xxhn2,3rc82s9h,0.99999994,COVID-19 häufiger mit schwerem Verlauf,Gentransfer mit adenoviralen Vektoren
7kgd45mh,p5r6neli,0.99999994,Characteristics and Developments in Mesenchymal Stem Cell Therapy for COVID-19: An Update,Characteristics and Developments in Mesenchymal Stem Cell Therapy for COVID-19: An Update
wq2e4pkw,keego40h,0.99999994,Experiences of frontline Pakistani emigrant physicians combating COVID-19 in the United Kingdom: a qualitative phenomenological analysis,Experiences of frontline Pakistani emigrant physicians combating COVID-19 in the United Kingdom: a qualitative phenomenological analysis
f42ilkg2,c7tn91z2,0.99999994,FiY101: A quick guide for newly qualified doctors.,FiY101: A quick guide for newly qualified doctors
qgefc89g,adckqkbb,0.99999994,Shall Universities at the UAE Continue Distance Learning after the COVID-19 Pandemic? Revealing Students' Perspective.,Shall Universities at the UAE Continue Distance Learning after the COVID-19 Pandemic? Revealing Studentsâ€™ Perspective
9k4gbdxi,fnvn0dkg,0.99999994,Spatio-temporal dataset of COVID-19 outbreak in Mexico,Spatio-temporal dataset of COVID-19 outbreak in Mexico
qr5f756g,j4dqwfxg,0.99999994,"Solid-phase partitioning and release-retention mechanisms of copper, lead, zinc and arsenic in soils impacted by artisanal and small-scale gold mining (ASGM) activities","Solid-phase partitioning and release-retention mechanisms of copper, lead, zinc and arsenic in soils impacted by artisanal and small-scale gold mining (ASGM) activities"
mixqc3ig,kktmkvwl,0.99999994,For the patient: COVID-19 vaccines and the public challenges and solutions.,For the patient: COVID-19 vaccines and the public challenges and solutions
dftxbno0,93ufco14,0.99999994,Psychological experience and coping strategies of patients in the Northeast US delaying care for infertility during the COVID-19 pandemic,Psychological experience and coping strategies of patients in the Northeast US delaying care for infertility during the COVID-19 pandemic
1cegi4db,exppbskl,0.99999994,Remdesivir and mortality reduction in COVID-19 patients: a systematized subgroup analysis of clinical trials,Remdesivir and mortality reduction in COVID-19 patients: a systematized subgroup analysis of clinical trials.
33f0la5e,6p0q94o8,0.99999994,Cultural challenges are limiting changes to social care,Cultural challenges are limiting changes to social care.
wicycg0e,4t6xg5mj,0.99999994,Preparing emergency and disaster medicine physicians to lead future responses: Crisis leadership a core competency,Preparing emergency and disaster medicine physicians to lead future responses: Crisis leadership a core competency.
dcte8w59,p36zubnf,0.99999994,Vaccines and Drug Therapeutics to Lock Down Novel Coronavirus Disease 2019 (COVID-19): A Systematic Review of Clinical Trials,Vaccines and Drug Therapeutics to Lock Down Novel Coronavirus Disease 2019 (COVID-19): A Systematic Review of Clinical Trials
wanpci9e,znmsx6x2,0.99999994,"Global Health - emergence, hegemonic trends and biomedical reductionism","Global Health – emergence, hegemonic trends and biomedical reductionism"
e519pq1m,vgbhyzb9,0.99999994,How to Safely Reopen Colleges and Universities During COVID-19: Experiences From Taiwan,How to Safely Reopen Colleges and Universities During COVID-19: Experiences From Taiwan
lzai90zq,00k1dzg0,0.99999994,Cardiovascular Consequences and Considerations of Coronavirus Infection – Perspectives for the Cardiothoracic Anesthesiologist and Intensivist During the Coronavirus Crisis,Cardiovascular Consequences and Considerations of Coronavirus Infection - Perspectives for the Cardiothoracic Anesthesiologist and Intensivist During the Coronavirus Crisis
tm3xmq3x,7e8pnqzh,0.99999994,"Clinical, laboratory-instrumental characteristics, course and therapy of pediatric multisystem inflammatory syndrome associated with COVID-19","Clinical, laboratory-instrumental characteristics, course and therapy of pediatric multisystem inflammatory syndrome associated with covid-19"
m2jojlly,913xxmqc,0.99999994,A brief review of socio-economic and environmental impact of Covid-19,A brief review of socio-economic and environmental impact of Covid-19
6xfi4iou,0twlo062,0.99999994,Guest editorial: The SHAMISEN project - Applicability or lessons learnt and recommendations for disaster situations,Guest editorial: The SHAMISEN project – Applicability or lessons learnt and recommendations for disaster situations
58jqcrle,aqc3d7ln,0.99999994,Response to 'Prevalence of SARS-CoV-2 antibodies in pediatric healthcare workers (pHCWs)',Response to “Prevalence of SARS-CoV-2 Antibodies in Pediatric Healthcare Workers (pHCWs)”
fjpb2wge,pvlbpz8e,0.99999994,Socio-economic inequalities in overweight and obesity among women of reproductive age in Bangladesh: a decomposition approach.,Socio-economic inequalities in overweight and obesity among women of reproductive age in Bangladesh: a decomposition approach
pbghgitg,jn4e8oz6,0.99999994,Quarantine Due to the COVID-19 Pandemic From the Perspective of Pediatric Patients With Type 1 Diabetes: A Web-Based Survey,Quarantine Due to the COVID-19 Pandemic From the Perspective of Pediatric Patients With Type 1 Diabetes: A Web-Based Survey
161jsyuf,chno4mj8,0.99999994,COVID‐19 mortality among people with diagnosed HIV compared to those without during the first wave of the COVID‐19 pandemic in England,COVID-19 mortality among people with diagnosed HIV compared to those without during the first wave of the COVID-19 pandemic in England
a1f209bj,x6bd1rz5,0.99999994,Impact of COVID-19 lockdown measures on a cohort of eating disorders patients,Impact of COVID-19 lockdown measures on a cohort of eating disorders patients
5i6ldvw4,71lxcpkp,0.99999994,"377. Diabetes as a prognostic factor for mortality in Coronavirus Disease 19 (COVID-19): a systematic review and meta-analysis comprising 18,506 patients","Diabetes as a prognostic factor for mortality in coronavirus disease 19 (COVID-19): A systematic review and meta-analysis comprising 18,506 patients"
hznnbpll,nuv3i62n,0.99999994,"Optimism-pessimism, conspiracy theories and general trust as factors contributing to COVID-19 related behavior – A cross-cultural study","Optimism-pessimism, conspiracy theories and general trust as factors contributing to COVID-19 related behavior – A cross-cultural study"
nw0jtm8z,ptyjvbqy,0.99999994,Department of Error.,Department of Error
qh4gevo0,oc3tmn4g,0.99999994,Are early measured resting-state EEG parameters predictive for upper limb motor impairment six months poststroke?,Are early measured resting-state EEG parameters predictive for upper limb motor impairment six months poststroke?
nw0jtm8z,ed5yoe43,0.99999994,Department of Error.,Department of Error
z9gjmfc6,hwemigk7,0.99999994,Infectious Diseases Society of America Guidelines on the Treatment and Management of Patients with COVID-19,Infectious Diseases Society of America Guidelines on the Treatment and Management of Patients with COVID-19
2w80hys9,vsgbbus0,0.99999994,Elevated liver enzymes and bilirubin following SARS-CoV-2 infection in children under 10,Elevated liver enzymes and bilirubin following SARS-CoV-2 infection in children under 10
nw0jtm8z,srabqqvo,0.99999994,Department of Error.,Department of Error.
nw0jtm8z,d7vrwxem,0.99999994,Department of Error.,Department of Error
tstoem66,f5f6fy34,0.99999994,Seroprevalence of SARS-CoV-2 Antibodies in Children and Adolescents: Results From a Population-Based Survey in 10 Colombian Cities,Seroprevalence of SARS-CoV-2 Antibodies in Children and Adolescents: Results From a Population-Based Survey in 10 Colombian Cities
nw0jtm8z,w6rnq1lm,0.99999994,Department of Error.,Department of Error
nw0jtm8z,f6rcefj5,0.99999994,Department of Error.,Department of Error
nw0jtm8z,yjkfej1u,0.99999994,Department of Error.,Department of Error
pz9p5sv2,hmk4izrh,0.99999994,Developing and Implementing Low-Cost Remote Laboratories for Undergraduate Biology and Neuroscience Courses.,Developing and Implementing Low-Cost Remote Laboratories for Undergraduate Biology and Neuroscience Courses
infl4kay,zyxkd8i9,0.99999994,Neuroanatomical substrates of generalized brain dysfunction in COVID-19,Neuroanatomical substrates of generalized brain dysfunction in COVID-19
nw0jtm8z,5kkr6bcl,0.99999994,Department of Error.,Department of Error
nw0jtm8z,4705pb2x,0.99999994,Department of Error.,Department of Error.
54om66m4,kilkc6cw,0.99999994,Testing for and identification of Multisystem Inflammatory Syndrome in Children in the pediatric emergency department.,Testing for and identification of Multisystem Inflammatory Syndrome in Children in the pediatric emergency department
9w17e6ds,6lsgwvsv,0.99999994,Impact of SARS-CoV-2 Vaccines on Covid-19 Incidence and Mortality in the United States,Impact of SARS-CoV-2 Vaccines on Covid-19 Incidence and Mortality in the United States
nw0jtm8z,3i27z8g3,0.99999994,Department of Error.,Department of Error
nw0jtm8z,dnnrdqr7,0.99999994,Department of Error.,Department of Error.
pxd570ca,wmhy7obu,0.99999994,Environmental Sars-Cov-2 Surface Testing: Low Incidence of Virus Positivity in Outpatient and Inpatient Hematology/Oncology Settings,Environmental Sars-Cov-2 Surface Testing: Low Incidence of Virus Positivity in Outpatient and Inpatient Hematology/Oncology Settings
fda8x9gp,h9k4c7rd,0.99999994,Alterations of frontal-temporal gray matter volume associate with clinical measures of older adults with COVID-19,Alterations of frontal-temporal gray matter volume associate with clinical measures of older adults with COVID-19
nw0jtm8z,gkgrnhq2,0.99999994,Department of Error.,Department of Error
3a04dpsc,yity4hli,0.99999994,Trinidad and Tobago COVID-19 (Novel Coronavirus) Update #157,Trinidad and Tobago COVID-19 (Novel Coronavirus) Update #219
m8gnpczt,ehzg145o,0.99999994,Safety of full-dose anticoagulation in a ventilated predominantly black population with COVID-19,Safety of Full-dose Anticoagulation in a Ventilated Predominantly Black Population with Covid-19
xou4hyga,v6yf2hv9,0.99999994,European multicenter evaluation of Xpert® Xpress SARS‐CoV‐2/Flu/RSV test,European multicenter evaluation of Xpert® Xpress SARS-CoV-2/Flu/RSV test
ptyjvbqy,ed5yoe43,0.99999994,Department of Error,Department of Error
851dre3v,wyc8ojmk,0.99999994,In a Time of Need: A Grassroots Initiative in Response to PPE Shortage in the COVID-19 Pandemic.,In a Time of Need: A Grassroots Initiative in Response to PPE Shortage in the COVID-19 Pandemic
zfv3hqdz,l3ie7mi5,0.99999994,"MCP-1: Function, Regulation, and Involvement in Disease","MCP-1: Function, Regulation, and Involvement in Disease"
ptyjvbqy,srabqqvo,0.99999994,Department of Error,Department of Error.
pxvc3k1k,y6ydgvhz,0.99999994,Platelet‐activating immune complexes identified in critically ill COVID‐19 patients suspected of heparin‐induced thrombocytopenia,Platelet-activating immune complexes identified in critically ill COVID-19 patients suspected of heparin-induced thrombocytopenia
ptyjvbqy,d7vrwxem,0.99999994,Department of Error,Department of Error
dd4avd5w,llianunt,0.99999994,A strategic approach to COVID-19 vaccine R&D.,A strategic approach to COVID-19 vaccine R&D
ptyjvbqy,f6rcefj5,0.99999994,Department of Error,Department of Error
ptyjvbqy,w6rnq1lm,0.99999994,Department of Error,Department of Error
igmf38d5,ot7889tw,0.99999994,13693 Racial Disparities in Potentially Avoidable Hospitalizations During the COVID-19 Pandemic,Racial Disparities in Potentially Avoidable Hospitalizations During the COVID-19 Pandemic.
m3uyg73v,fxgvpwy1,0.99999994,Psychological teleconsultations in patients suffering from chronic skin diseases during the COVID-19 era: a service to improve patients' quality of life,Psychological teleconsultations in patients suffering from chronic skin diseases during the COVID-19 era: a service to improve patients' quality of life.
c5d5syn5,9duzc88o,0.99999994,"The Impact of the Coronavirus Pandemic on Pediatric Palliative Care Team Structures, Services, and Care Delivery.","The Impact of the Coronavirus Pandemic on Pediatric Palliative Care Team Structures, Services, and Care Delivery"
ptyjvbqy,yjkfej1u,0.99999994,Department of Error,Department of Error
ptyjvbqy,5kkr6bcl,0.99999994,Department of Error,Department of Error
ptyjvbqy,4705pb2x,0.99999994,Department of Error,Department of Error.
azvrkpt4,hna3sbd8,0.99999994,Unterfunktion des Immunsystems (Immundefizienzen),Überwachung des Patienten
6gmr4kk5,x5kwkixh,0.99999994,"Forecast and early warning of hand, foot, and mouth disease based on meteorological factors: evidence from a multicity study of 11 meteorological geographical divisions in mainland China","Forecast and early warning of hand, foot, and mouth disease based on meteorological factors: evidence from a multicity study of 11 meteorological geographical divisions in mainland China."
lhf2yd1q,x5voanzu,0.99999994,Living with Coronavirus (COVID-19): a brief report,Living with Coronavirus (COVID-19): a brief report.
azvrkpt4,zykejtxc,0.99999994,Unterfunktion des Immunsystems (Immundefizienzen),Organisationsethik in Einrichtungen des Gesundheitswesens
ptyjvbqy,3i27z8g3,0.99999994,Department of Error,Department of Error
ptyjvbqy,dnnrdqr7,0.99999994,Department of Error,Department of Error.
z8hy4oxj,mlwja9fx,0.99999994,"Genomic Variation, Origin Tracing and Vaccine Development of SARS-CoV-2: A Systematic Review","Genomic Variation, Origin Tracing and Vaccine Development of SARS-CoV-2: A Systematic Review"
jl3nbb58,ygfe2s42,0.99999994,Effect of influenza vaccine on COVID-19 mortality: a retrospective study,Effect of influenza vaccine on COVID-19 mortality: a retrospective study
ptyjvbqy,gkgrnhq2,0.99999994,Department of Error,Department of Error
oxgv7lp4,vdq52cv5,0.99999994,Role of mental health professionals in dealing with the stigma attached to COVID-19,Role of mental health professionals in dealing with the stigma attached to COVID-19
6k0ujbaw,rlhg2w5e,0.99999994,World Federation for Ultrasound in Medicine and Biology Position Statement: How to Perform a Safe Ultrasound Examination and Clean Equipment in the Context of COVID-19,World Federation for Ultrasound in Medicine and Biology Position Statement: How to Perform a Safe Ultrasound Examination and Clean Equipment in the Context of COVID-19
8mwcswmm,navxc6uo,0.99999994,A blueprint for leadership during COVID-19,A blueprint for leadership during COVID-19.
ew8h715h,obckqu8c,0.99999994,Deployment of convalescent plasma for the prevention and treatment of COVID-19.,Deployment of convalescent plasma for the prevention and treatment of COVID-19
7xxrfepi,37aodrq6,0.99999994,Telehealth strategy to mitigate the negative psychological impact of the COVID-19 pandemic on type 2 diabetes: A randomized controlled trial,Telehealth strategy to mitigate the negative psychological impact of the COVID-19 pandemic on type 2 diabetes: A randomized controlled trial
1wcvmp2s,rmuxpxru,0.99999994,The Association of Inflammatory Cytokines in the Pulmonary Pathophysiology of Respiratory Failure in Critically Ill Patients With Coronavirus Disease 2019,The Association of Inflammatory Cytokines in the Pulmonary Pathophysiology of Respiratory Failure in Critically Ill Patients With Coronavirus Disease 2019
vd2ymszh,f6khcldn,0.99999994,Personal protective equipment and Particulate filter use during the COVID-19 pandemic: “Acidotic times”,"Personal Protective Equipment and Particulate Filter Use During the COVID-19 Pandemic: ""Acidotic Times"""
rspf2jnz,icjig0lh,0.99999994,[Basic information of Coronavirus],[Basic information of Coronavirus].
obr15v5a,mguiy0ax,0.99999994,PIN33 Public Health Behaviour Changes during the Covid-19 Outbreak in China: A Comparison in Different Risk Groups,PIN33 Public Health Behaviour Changes during the Covid-19 Outbreak in China: A Comparison in Different Risk Groups
arwgx1pe,v97njgry,0.99999994,Alteration of Autonomic Nervous System Is Associated With Severity and Outcomes in Patients With COVID-19,Alteration of Autonomic Nervous System Is Associated With Severity and Outcomes in Patients With COVID-19
gcqpwjxl,ey3y1515,0.99999994,Die erste Seite,Die Erste Seite
pdakhxrk,f9ljpapt,0.99999994,T Cell Responses to SARS-CoV-2 Vaccination and Infection in Antibody Deficiency Diseases,T Cell Responses to SARS-CoV-2 Vaccination and Infection in Antibody Deficiency Diseases
gcqpwjxl,7koync17,0.99999994,Die erste Seite,Die erste Seite
pmgz2q0b,xfxupcap,0.99999994,PUK20 Reimbursement Landscape in Europe As Hurdle or Accelerator of HOME Hemodialysis in COVID-19 Times,PUK20 Reimbursement Landscape in Europe As Hurdle or Accelerator of HOME Hemodialysis in COVID-19 Times
og83nuln,o1n0gwud,0.99999994,Letter to the Editor Regarding: Experience from Implementing Telemetric In-Hospital Continuous Glucose Monitoring During the COVID-19 Pandemic,Letter to the Editor Regarding: Experience from Implementing Telemetric In-Hospital Continuous Glucose Monitoring During the COVID-19 Pandemic.
p58azpje,zkloqj21,0.99999994,Clinical placement experience of nursing students during the COVID-19 pandemic: A cross-sectional study,CLINICAL PLACEMENT EXPERIENCE OF NURSING STUDENTS DURING THE COVID-19 PANDEMIC: A CROSS-SECTIONAL STUDY
l11lahfk,p0q450yv,0.99999994,"Elevated Liver Enzymes in Patients with COVID-19: Look, but Not Too Hard","Elevated Liver Enzymes in Patients with COVID-19: Look, but Not Too Hard"
7pvnzwfi,z66xeyfw,0.99999994,Primary and Secondary Health Impacts of COVID-19 among Minority Individuals in New York State,Primary and Secondary Health Impacts of COVID-19 among Minority Individuals in New York State
fbbskgei,njpem7x8,0.99999994,Spontaneous Subcutaneous Emphysema and Pneumomediastinum in COVID-19 Patients: An Indicator of Poor Prognosis?,Spontaneous Subcutaneous Emphysema and Pneumomediastinum in COVID-19 Patients: An Indicator of Poor Prognosis?
tiofwfem,n2faqe14,0.99999994,Multiple drugs: Various toxicities with lack of efficacy and off label use: case report,"Multiple drugs: Various toxicities, off-label use and lack of efficacy: case report"
rouf77oz,hwafk7af,0.99999994,Targeting COVID-19 Vaccine Hesitancy in Minority Populations in the US: Implications for Herd Immunity,Targeting COVID-19 Vaccine Hesitancy in Minority Populations in the US: Implications for Herd Immunity
63ce7c7h,q403hz52,0.99999994,Editor's Message,Editor's Message
63ce7c7h,07k4e1dp,0.99999994,Editor's Message,Message from the Editor
07k4e1dp,q403hz52,0.99999994,Message from the Editor,Editor's Message
ed5yoe43,srabqqvo,0.99999994,Department of Error,Department of Error.
ezt6mf1w,jqxsx3zf,0.99999994,Can We Compare the Behaviour of the Zazous in the 1940s and Adolescents during the COVID-19 Crisis?,Can We Compare the Behaviour of the Zazous in the 1940s and Adolescents during the COVID-19 Crisis?
ed5yoe43,d7vrwxem,0.99999994,Department of Error,Department of Error
dvet5opg,5o4bu1us,0.99999994,"Losing ground at the wrong time: trends in self-reported influenza vaccination uptake in Switzerland, Swiss Health Survey 2007-2017","Losing ground at the wrong time: trends in self-reported influenza vaccination uptake in Switzerland, Swiss Health Survey 2007–2017"
qqb433od,xwlzq3m3,0.99999994,Clinical characteristics and diagnostic challenges of pediatric COVID-19: A systematic review and meta-analysis,Clinical characteristics and diagnostic challenges of pediatric COVID-19: A systematic review and meta-analysis
ed5yoe43,w6rnq1lm,0.99999994,Department of Error,Department of Error
ed5yoe43,f6rcefj5,0.99999994,Department of Error,Department of Error
dpvpdn86,yqyahtpw,0.99999994,Drug Repurposing in the Treatment of COVID-19,Drug repurposing for the treatment of COVID-19
eir8iuvj,fnmhv5lm,0.99999994,Covid 19: death certification in England and Wales.,Covid 19: death certification in England and Wales
emr3ofzx,6shlj5vi,0.99999994,Software for Improved Online Teaching of Power System Analysis for Undergraduates,Software For Improved Online Teaching Of Power System Analysis For Undergraduates
ed5yoe43,yjkfej1u,0.99999994,Department of Error,Department of Error
6dwyv4qo,2yshfmyg,0.99999994,Why continuing uncertainties are no reason to postpone challenge trials for coronavirus vaccines,Why continuing uncertainties are no reason to postpone challenge trials for coronavirus vaccines
5vyz3pmg,exak7xuw,0.99999994,"Seroprevalence of SARS-CoV-2 IgG antibodies and risk factors in health care workers at an academic medical center in Boston, Massachusetts","Seroprevalence of SARS-CoV-2 IgG antibodies and risk factors in health care workers at an academic medical center in Boston, Massachusetts"
ed5yoe43,4705pb2x,0.99999994,Department of Error,Department of Error.
ed5yoe43,5kkr6bcl,0.99999994,Department of Error,Department of Error
ed5yoe43,3i27z8g3,0.99999994,Department of Error,Department of Error
9ujb9kbn,dmo82evz,0.99999994,P53 in acute respiratory distress syndrome,Acute Respiratory Distress Syndrome
ed5yoe43,dnnrdqr7,0.99999994,Department of Error,Department of Error.
58qzy8vj,kn2tq8hk,0.99999994,EP05 COVID-19 and the biliary tree: atypical manifestations of disease during the pandemic,EP05 COVID-19 and the biliary tree: atypical manifestations of disease during the pandemic
ed5yoe43,gkgrnhq2,0.99999994,Department of Error,Department of Error
9es60qgu,2dudtm39,0.99999994,COVID-19 as the Leading Cause of Death in the United States.,COVID-19 as the Leading Cause of Death in the United States
81qlrkl0,hszdk4es,0.99999994,Cataloguing the response by emergency veterinary hospitals during the COVID-19 pandemic via weekly surveys,Cataloguing the response by emergency veterinary hospitals during the COVID‐19 pandemic via weekly surveys
9ujb9kbn,mdjktk6p,0.99999994,P53 in acute respiratory distress syndrome,Acute respiratory distress syndrome
jp5j58bj,f2jg5ivh,0.99999994,Re(I) Tricarbonyl Complexes as Coordinate Covalent Inhibitors for the SARS‐CoV‐2 Main Cysteine Protease,Re(I) Tricarbonyl Complexes as Coordinate Covalent Inhibitors for the SARS-CoV-2 Main Cysteine Protease
dtrfbawa,tx6xdqeg,0.99999994,Boletim Coronavírus (18/06): 8412 óbitos e 87317 casos confirmados no RJ,Boletim Coronavírus (13/06): 7592 óbitos e 78836 casos confirmados no RJ
uw00p7hz,on0jhr50,0.99999994,COVID-19 patients upregulate toll-like receptor 4-mediated inflammatory signaling that mimics bacterial sepsis,COVID-19 Patients Upregulate Toll-like Receptor 4-mediated Inflammatory Signaling That Mimics Bacterial Sepsis
dtrfbawa,f4itm3xs,0.99999994,Boletim Coronavírus (18/06): 8412 óbitos e 87317 casos confirmados no RJ,Boletim coronavírus (24/03): 6 óbitos e 305 casos confirmados no RJ
i265v49f,k5j499l2,0.99999994,The Role of the Host Ubiquitin System in Promoting Replication of Emergent Viruses,The Role of the Host Ubiquitin System in Promoting Replication of Emergent Viruses
dtrfbawa,xryc2k33,0.99999994,Boletim Coronavírus (18/06): 8412 óbitos e 87317 casos confirmados no RJ,Boletim coronavírus (02/04): 41 óbitos e 992 casos confirmados no RJ
dtrfbawa,7925qmm2,0.99999994,Boletim Coronavírus (18/06): 8412 óbitos e 87317 casos confirmados no RJ,Boletim coronavírus (23/05): 3905 óbitos e 34533 casos confirmados no RJ
4al1hmxo,1rhhmlux,0.99999994,Serology assessment of antibody response to SARS-CoV-2 in patients with COVID-19 by rapid IgM/IgG antibody test,Serology assessment of antibody response to SARS-CoV-2 in patients with COVID-19 by rapid IgM/IgG antibody test
n1mkx40z,ct923xwg,0.99999994,Effectiveness of The Wikipedia Collaboration of Dental Schools' Training Programme: a new Paradigm for Teaching and Learning of Evidence-Based Dentistry,Effectiveness of The Wikipedia Collaboration of Dental Schools' Training Programme: a new Paradigm for Teaching and Learning of Evidence-Based Dentistry.
myxzyn1v,28sagamv,0.99999994,Innovations in Congenital Interventional Cardiology,Innovations in Congenital Interventional Cardiology.
taosrnug,st2rsi5m,0.99999994,A case report of pneumomediastinum in a COVID‐19 patient treated with high‐flow nasal cannula and review of the literature: Is this a “spontaneous” complication?,A case report of pneumomediastinum in a COVID‐19 patient treated with high‐flow nasal cannula and review of the literature: Is this a “spontaneous” complication?
h5ooz39h,0dilu22u,0.99999994,Identifying mitigation strategies for COVID-19 superspreading on flights using models that account for passenger movement,Identifying Mitigation Strategies for COVID-19 Superspreading on Flights using Models that Account for Passenger Movement
dtrfbawa,9spwam87,0.99999994,Boletim Coronavírus (18/06): 8412 óbitos e 87317 casos confirmados no RJ,Boletim coronavírus (27/05): 4605 óbitos e 42398 casos confirmados no RJ
qaunfilj,wn0ssidr,0.99999994,COVID-19: Antikoagulation könnte Überlebenschancen erhöhen,COVID-19: Antikoagulation könnte Überlebenschancen erhöhen
dtrfbawa,1mjgad56,0.99999994,Boletim Coronavírus (18/06): 8412 óbitos e 87317 casos confirmados no RJ,Boletim coronavírus (28/05): 4856 óbitos e 44886 casos confirmados no RJ
srabqqvo,d7vrwxem,0.99999994,Department of Error.,Department of Error
wexp361i,cd5f6e2s,0.99999994,Development of a quantitative segmentation model to assess the effect of comorbidity on patients with COVID-19,Development of a quantitative segmentation model to assess the effect of comorbidity on patients with COVID-19
srabqqvo,w6rnq1lm,0.99999994,Department of Error.,Department of Error
srabqqvo,f6rcefj5,0.99999994,Department of Error.,Department of Error
srabqqvo,yjkfej1u,0.99999994,Department of Error.,Department of Error
w0pk1nd9,ietu4wqk,0.99999994,Composition of human-specific slow codons and slow di-codons in SARS-CoV and 2019-nCoV are lower than other coronaviruses suggesting a faster protein synthesis rate of SARS-CoV and 2019-nCoV,Composition of human-specific slow codons and slow di-codons in SARS-CoV and 2019-nCoV are lower than other coronaviruses suggesting a faster protein synthesis rate of SARS-CoV and 2019-nCoV
srabqqvo,5kkr6bcl,0.99999994,Department of Error.,Department of Error
srabqqvo,4705pb2x,0.99999994,Department of Error.,Department of Error.
ovhhnqq6,20pqhqcj,0.99999994,Impact of the COVID-19 pandemic on pediatric cardiac care in India: Time for action!,Impact of the COVID-19 pandemic on pediatric cardiac care in India: Time for action!
u3ufz1qa,kajh8qsc,0.99999994,The mediating role of illness perception in the relationship between psychological hardiness and the health status of covid-19 (coronavirus disease) survived patients.,The mediating role of illness perception in the relationship between psychological hardiness and the health status of covid-19 (coronavirus disease) survived patients
srabqqvo,3i27z8g3,0.99999994,Department of Error.,Department of Error
1ed7f5p7,j3jfsqb3,0.99999994,AJPH Global News,AJPH Global News.
srabqqvo,dnnrdqr7,0.99999994,Department of Error.,Department of Error.
ffs108mg,vl3hbgti,0.99999994,"Immune modulator therapy compared with vitrectomy for management of complicated intermediate uveitis: a prospective, randomized clinical study.","Immune modulator therapy compared with vitrectomy for management of complicated intermediate uveitis: a prospective, randomized clinical study"
srabqqvo,gkgrnhq2,0.99999994,Department of Error.,Department of Error
i0udypkx,c1jj2ask,0.99999994,Disease-dependent interaction policies to support health and economic outcomes during the COVID-19 epidemic,Disease-dependent interaction policies to support health and economic outcomes during the COVID-19 epidemic
ftemq6cv,8pg4mh9b,0.99999994,SARS-CoV-2 mediated lung inflammatory responses in host: targeting the cytokine storm for therapeutic interventions,SARS-CoV-2 mediated lung inflammatory responses in host: targeting the cytokine storm for therapeutic interventions
1ed7f5p7,979gbl8f,0.99999994,AJPH Global News,AJPH Global News.
ic171fyp,xxd7r57l,0.99999994,Phylogenetic analysis in the clinical risk management of an outbreak of hepatitis C virus infection among transfused thalassaemia patients in Italy,Phylogenetic analysis in the clinical risk management of an outbreak of hepatitis C virus infection among transfused thalassaemia patients in Italy
1qj765xn,0x1cvon7,0.99999994,'Getting to zero' cross transmission of SARS-CoV-2 in obstetric ultrasound during COVID-19 pandemic,'Getting to zero' cross transmission of SARS-CoV-2 in obstetric ultrasound during COVID-19 pandemic.
l55ssnl6,pkw6nd5l,0.99999994,Measuring progress towards healthy working lives,Measuring progress towards healthy working lives
u61z4sbm,nda1hst0,0.99999994,"Comment on ""SARS-CoV-2 is Present in Peritoneal Fluid in COVID-19 Patients""",Comment on: SARS-CoV-2 is Present in Peritoneal Fluid in COVID-19 Patients.
d7vrwxem,f6rcefj5,0.99999994,Department of Error,Department of Error
d7vrwxem,w6rnq1lm,0.99999994,Department of Error,Department of Error
tx6xdqeg,f4itm3xs,0.99999994,Boletim Coronavírus (13/06): 7592 óbitos e 78836 casos confirmados no RJ,Boletim coronavírus (24/03): 6 óbitos e 305 casos confirmados no RJ
tx6xdqeg,xryc2k33,0.99999994,Boletim Coronavírus (13/06): 7592 óbitos e 78836 casos confirmados no RJ,Boletim coronavírus (02/04): 41 óbitos e 992 casos confirmados no RJ
d7vrwxem,yjkfej1u,0.99999994,Department of Error,Department of Error
ppvzblrh,o4l3kmes,0.99999994,Public Health Across the Political Spectrum for All.,Public Health Across the Political Spectrum for All
tx6xdqeg,7925qmm2,0.99999994,Boletim Coronavírus (13/06): 7592 óbitos e 78836 casos confirmados no RJ,Boletim coronavírus (23/05): 3905 óbitos e 34533 casos confirmados no RJ
9fjb5ghc,ujijpuaa,0.99999994,Injury Rates in Major League Baseball During the 2020 COVID-19 Season,Injury Rates in Major League Baseball During the 2020 COVID-19 Season
d7vrwxem,4705pb2x,0.99999994,Department of Error,Department of Error.
d7vrwxem,5kkr6bcl,0.99999994,Department of Error,Department of Error
y6qkbouf,tlicic88,0.99999994,Fieber nach Tropenaufenthalt,Medikamentenprofile – alphabetisch nach Substanzname
emng1kxi,9d1s32c8,0.99999994,Remote delivery of a therapeutic intervention to court‐mandated youths of Haitian descent during COVID‐19,Remote delivery of a therapeutic intervention to court-mandated youths of Haitian descent during COVID-19
h9piiu4e,h0q03uvh,0.99999994,Patient-centric sampling special focus issue.,Patient-centric sampling special focus issue
d7vrwxem,3i27z8g3,0.99999994,Department of Error,Department of Error
j50sipqe,awb2avej,0.99999994,Correction to Lancet Psychiatry 2020; 7: e15–16,Correction to Lancet Psychiatry 7: e60
3cps9oz6,68jypaaw,0.99999994,COVSACK: an innovative portable isolated and safe COVID-19 sample collection kiosk with automatic disinfection,COVSACK: an innovative portable isolated and safe COVID-19 sample collection kiosk with automatic disinfection
nj9q5te2,md6jdj5f,0.99999994,Superdiffusion of Aerosols Emitted After Sneezing -- Nonequilibrium Statistical Mechanics Approach,Superdiffusion of Aerosols Emitted After Sneezing -- Nonequilibrium Statistical Mechanics Approach
d7vrwxem,dnnrdqr7,0.99999994,Department of Error,Department of Error.
d7vrwxem,gkgrnhq2,0.99999994,Department of Error,Department of Error
vrbaise4,9spu49x9,0.99999994,Brazil: Boost COVID-19 vaccine uptake in Indigenous people,Brazil: Boost COVID-19 vaccine uptake in Indigenous people.
tx6xdqeg,9spwam87,0.99999994,Boletim Coronavírus (13/06): 7592 óbitos e 78836 casos confirmados no RJ,Boletim coronavírus (27/05): 4605 óbitos e 42398 casos confirmados no RJ
c4t1e8ud,hn6zhcg3,0.99999994,Pneumonie à Sars-CoV-2: broncho-pneumonie ou vasculopathie ? Focus sur le signe scanographique du « vaisseau élargi » et corrélations radio-histologiques,Pneumonie à Sars-CoV-2: broncho-pneumonie ou vasculopathie ? Focus sur le signe scanographique du « vaisseau élargi » et corrélations radio-histologiques
p84ep2mz,7iwjugrf,0.99999994,"Present knowledge, attitude, practice, and fear level of Bangladeshi people towards covid-19 after one year of the pandemic situation: a web-based cross-sectional study.","Present knowledge, attitude, practice, and fear level of Bangladeshi people towards covid-19 after one year of the pandemic situation: a web-based cross-sectional study"
tx6xdqeg,1mjgad56,0.99999994,Boletim Coronavírus (13/06): 7592 óbitos e 78836 casos confirmados no RJ,Boletim coronavírus (28/05): 4856 óbitos e 44886 casos confirmados no RJ
knp42my9,9d7ft33p,0.99999994,Rapid epidemic expansion of the SARS-CoV-2 Omicron variant in southern Africa,Rapid epidemic expansion of the SARS-CoV-2 Omicron variant in southern Africa
5tyzwnd6,g4ljg0mp,0.99999994,"SARS-CoV-2 pneumonia with subcutaneous emphysema, mediastinal emphysema, and pneumothorax: A case report","SARS-CoV-2 pneumonia with subcutaneous emphysema, mediastinal emphysema, and pneumothorax: A case report"
pd1cvc3n,10wn8jh5,0.99999994,What lies in the year ahead for medical education? A medical student’s perspective during the COVID-19 pandemic,What lies in the year ahead for medical education? A medical student's perspective during the COVID-19 pandemic
wci0cwl2,3jecqpds,0.99999994,Clinical Trials in the Age of Pandemics.,Clinical Trials in the Age of Pandemics
gios5mxa,v1nthnx2,0.99999994,Use of negative pressure individual isolation system for CT scan of patients with suspected COVID-19,Use of negative pressure individual isolation system for CT scan of patients with suspected COVID-19
7abizvyt,vwbwrwmb,0.99999994,"Early prediction of in-hospital death of COVID-19 patients: a machine-learning model based on age, blood analyses, and chest x-ray score","Early Prediction of In-Hospital Death of COVID-19 Patients: A Machine-Learning Model Based on Age, Blood Analyses, and Chest X-Ray Score"
acy8isty,d7aqs7wp,0.99999994,Predicting Human Microbe-Drug Associations via Graph Convolutional Network with Conditional Random Field,Predicting human microbe-drug associations via graph convolutional network with conditional random field
f6rcefj5,w6rnq1lm,0.99999994,Department of Error,Department of Error
f4itm3xs,xryc2k33,0.99999994,Boletim coronavírus (24/03): 6 óbitos e 305 casos confirmados no RJ,Boletim coronavírus (02/04): 41 óbitos e 992 casos confirmados no RJ
f6rcefj5,yjkfej1u,0.99999994,Department of Error,Department of Error
w6rnq1lm,yjkfej1u,0.99999994,Department of Error,Department of Error
f4itm3xs,7925qmm2,0.99999994,Boletim coronavírus (24/03): 6 óbitos e 305 casos confirmados no RJ,Boletim coronavírus (23/05): 3905 óbitos e 34533 casos confirmados no RJ
qevo7d0q,p10ab8pg,0.99999994,Deep learning based on stacked sparse autoencoder applied to viral genome classification of SARS-CoV-2 virus,Deep learning based on stacked sparse autoencoder applied to viral genome classification of SARS-CoV-2 virus
f6rcefj5,4705pb2x,0.99999994,Department of Error,Department of Error.
f6rcefj5,5kkr6bcl,0.99999994,Department of Error,Department of Error
w6rnq1lm,4705pb2x,0.99999994,Department of Error,Department of Error.
w6rnq1lm,5kkr6bcl,0.99999994,Department of Error,Department of Error
iem38tju,jstktuxb,0.99999994,Back to school.,Back to school?
hqsssi3a,w2f9j72q,0.99999994,Endourological Stone Management in the Era of the COVID-19,Endourological Stone Management in the Era of the COVID-19
w6rnq1lm,3i27z8g3,0.99999994,Department of Error,Department of Error
f6rcefj5,3i27z8g3,0.99999994,Department of Error,Department of Error
f6rcefj5,dnnrdqr7,0.99999994,Department of Error,Department of Error.
w6rnq1lm,dnnrdqr7,0.99999994,Department of Error,Department of Error.
f6rcefj5,gkgrnhq2,0.99999994,Department of Error,Department of Error
w6rnq1lm,gkgrnhq2,0.99999994,Department of Error,Department of Error
hsy1f2o8,8x9scw9q,0.99999994,Clinical Characteristics of COVID-19 Patients With Gastrointestinal Symptoms in Northern Italy: A Single-Center Cohort Study,Clinical Characteristics of COVID-19 Patients With Gastrointestinal Symptoms in Northern Italy: A Single-Center Cohort Study.
f4itm3xs,9spwam87,0.99999994,Boletim coronavírus (24/03): 6 óbitos e 305 casos confirmados no RJ,Boletim coronavírus (27/05): 4605 óbitos e 42398 casos confirmados no RJ
y2qy3b6g,pa5nhjbc,0.99999994,MaskedFace-Net -- A Dataset of Correctly/Incorrectly Masked Face Images in the Context of COVID-19,MaskedFace-Net – A dataset of correctly/incorrectly masked face images in the context of COVID-19
sz1depzi,k9g76lro,0.99999994,Clinical characteristics and outcomes of in-hospital cardiac arrest among patients with and without COVID-19,Clinical characteristics and outcomes of in-hospital cardiac arrest among patients with and without COVID-19
f4itm3xs,1mjgad56,0.99999994,Boletim coronavírus (24/03): 6 óbitos e 305 casos confirmados no RJ,Boletim coronavírus (28/05): 4856 óbitos e 44886 casos confirmados no RJ
bohnnacd,rafwwo5e,0.99999994,A Note from the Editor,Editor's note.
b7tdd8uy,qkofdy4a,0.99999994,COVID-19 vaccination and critical care capacity: perilous months ahead,COVID-19 vaccination and critical care capacity: Perilous months ahead
rp2r7eoj,b0u85c70,0.99999994,Acute fibrinous and organizing pneumonia(),Acute fibrinous and organizing pneumonia
shs3f6lf,rq7m9xph,0.99999994,COVID-19 or Pulmonary Contusion? A Diagnostic Dilemma,COVID-19 or Pulmonary Contusion? A Diagnostic Dilemma
6hv43hqo,vyu0zd6k,0.99999994,Experts' request to the Spanish Government: move Spain towards complete lockdown,Experts’ request to the Spanish Government: move Spain towards complete lockdown
bohnnacd,9k9qx92b,0.99999994,A Note from the Editor,Editor's Note
839owygr,owzb4nue,0.99999994,Pandemics throughout the centuries,Pandemics throughout the centuries
4msw4cdb,zeqly20f,0.99999994,"Indications for healthcare surge capacity in European countries facing an exponential increase in coronavirus disease (COVID-19) cases, March 2020","Indications for healthcare surge capacity in European countries facing an exponential increase in coronavirus disease (COVID-19) cases, March 2020"
bohnnacd,e4pfdhlq,0.99999994,A Note from the Editor,[Editor's Note].
knyy8nul,ft16g7qq,0.99999994,"Stellungnahme zum Leserbrief „Die maskierte Gesellschaft“ von Prof. Santiago Ewig, Prof. Sören Gatermann und Prof. Sebastian Lemmen","Stellungnahme zum Leserbrief ""Die maskierte Gesellschaft"" von Prof. Santiago Ewig, Prof. Sören Gatermann und Prof. Sebastian Lemmen"
uwbouh79,rk7j2vkl,0.99999994,COVID-19 epidemics monitored through the logarithmic growth rate and SIR model,COVID-19 epidemics monitored through the logarithmic growth rate and SIR model
bohnnacd,chhtlz03,0.99999994,A Note from the Editor,Editor's note.
trm6zkry,elpq4da7,0.99999994,Structural and functional comparison of SARS-CoV-2-spike receptor binding domain produced in Pichia pastoris and mammalian cells,Structural and Functional Comparison of SARS-CoV-2-Spike Receptor Binding Domain Produced in Pichia pastoris and Mammalian Cells
gopcgaiz,1bmi4mm2,0.99999994,"Effectiveness and safety of noninvasive positive pressure ventilation in the treatment of COVID-19-associated acute hypoxemic respiratory failure: a single center, non-ICU setting experience","Effectiveness and safety of noninvasive positive pressure ventilation in the treatment of COVID-19-associated acute hypoxemic respiratory failure: a single center, non-ICU setting experience"
2tz2g62d,0h5edzs7,0.99999994,"Same father, same face: Deep learning reveals selection for signaling kinship in a wild primate.","Same father, same face: Deep learning reveals selection for signaling kinship in a wild primate"
1l87krod,eco106ba,0.99999994,Determination of Potential Drug Candidate Molecules of the Hypericum perforatum for COVID-19 Treatment,Determination of Potential Drug Candidate Molecules of the Hypericum perforatum for COVID-19 Treatment
tgv8oo88,wbmtav14,0.99999994,"Motivation, intention and action: wearing masks to prevent the spread of COVID-19","Motivation, intention and action: wearing masks to prevent the spread of COVID-19"
gfvzpw44,63s72s8d,0.99999994,Diagnostic Value of Hematological and Biochemical Parameters Combinations for Predicting Coronavirus Disease 2019 (COVID-19 ) in Suspected Patients,Diagnostic Value of Hematological and Biochemical Parameters Combinations for Predicting Coronavirus Disease 2019 (COVID-19) in Suspected Patients
xryc2k33,7925qmm2,0.99999994,Boletim coronavírus (02/04): 41 óbitos e 992 casos confirmados no RJ,Boletim coronavírus (23/05): 3905 óbitos e 34533 casos confirmados no RJ
yjkfej1u,5kkr6bcl,0.99999994,Department of Error,Department of Error
yjkfej1u,4705pb2x,0.99999994,Department of Error,Department of Error.
emohtlmf,j8fp156x,0.99999994,US and EA yield curve persistence during the COVID-19 pandemic,US and EA Yield Curve Persistence during the COVID-19 Pandemic
rafwwo5e,9k9qx92b,0.99999994,Editor's note.,Editor's Note
wgzbez1b,zf7wcwqo,0.99999994,Infartos en tiempos de la COVID-19,La Neurología en tiempos de COVID
yjkfej1u,3i27z8g3,0.99999994,Department of Error,Department of Error
6pgevv5f,ey007slp,0.99999994,Cholecalciferol level and its impact on COVID-19 patients,Cholecalciferol level and its impact on COVID-19 patients
rafwwo5e,e4pfdhlq,0.99999994,Editor's note.,[Editor's Note].
yjkfej1u,dnnrdqr7,0.99999994,Department of Error,Department of Error.
yjkfej1u,gkgrnhq2,0.99999994,Department of Error,Department of Error
lfpmtylj,xmdm6s4y,0.99999994,Hausbesuch im Altenheim,Infektionen im Wochenbett
zi7jat6w,63si8k3v,0.99999994,Bile acid-activated macrophages promote biliary epithelial cell proliferation through integrin αvß6 upregulation following liver injury,Bile acid-activated macrophages promote biliary epithelial cell proliferation through integrin αvβ6 upregulation following liver injury.
rafwwo5e,chhtlz03,0.99999994,Editor's note.,Editor's note.
inmhg11g,hbf5co3w,0.99999994,Analyses bibliographiques,Analyses bibliographiques
io2fbye0,bxa55frs,0.99999994,Using Functionality Rather than Elective Nature to Characterize Neurosurgeries During Pandemic Triage,Using Functionality Rather than Elective Nature to Characterize Neurosurgeries During Pandemic Triage.
xryc2k33,9spwam87,0.99999994,Boletim coronavírus (02/04): 41 óbitos e 992 casos confirmados no RJ,Boletim coronavírus (27/05): 4605 óbitos e 42398 casos confirmados no RJ
v9y7xpnj,76dfhpq5,0.99999994,BEHRT: Transformer for Electronic Health Records.,BEHRT: Transformer for Electronic Health Records
xryc2k33,1mjgad56,0.99999994,Boletim coronavírus (02/04): 41 óbitos e 992 casos confirmados no RJ,Boletim coronavírus (28/05): 4856 óbitos e 44886 casos confirmados no RJ
uabnyomr,8mjcw6xh,0.99999994,Sexually Transmitted COVID19,Sexually transmitted COVID-19
ifo5jryn,kbzgfffo,0.99999994,The Impact of COVID-19 on Otolaryngology Community Practice in Massachusetts,The Impact of COVID-19 on Otolaryngology Community Practice in Massachusetts
ey3y1515,7koync17,0.99999994,Die Erste Seite,Die erste Seite
tdwbxmcd,nwqh3kqt,0.99999994,A proof of evidence supporting abnormal immunothrombosis in severe COVID-19: naked megakaryocyte nuclei increase in the bone marrow and lungs of critically ill patients.,A proof of evidence supporting abnormal immunothrombosis in severe COVID-19: naked megakaryocyte nuclei increase in the bone marrow and lungs of critically ill patients
ofxe48xa,wyspq68o,0.99999994,Clinical performance of the Roche Elecsys SARS-CoV-2 Antigen fully automated electrochemiluminescence immunoassay,Clinical performance of the Roche Elecsys SARS-CoV-2 antigen fully automated electrochemiluminescence immunoassay
pgiy1efo,bjc47p4x,0.99999994,Where are the hernias? A paradoxical decrease in emergency hernia surgery during COVID-19 pandemic,Where are the hernias? A paradoxical decrease in emergency hernia surgery during COVID-19 pandemic
nsqhz05b,bg0faen2,0.99999994,The Influence of the COVID-19 Pandemic on Mental Well-Being and Psychological Distress: Impact Upon a Single Country,The Influence of the COVID-19 Pandemic on Mental Well-Being and Psychological Distress: Impact Upon a Single Country
38woa0gq,e77robjk,0.99999994,Infectious Diarrhea,Infectious diarrhea
abq21l6p,i1bfhuou,0.99999994,Pediatric urology in the era of COVID-19,Pediatric urology in the era of COVID-19
19xvag04,ay1y8cwc,0.99999994,Adaptation to the cervical environment is associated with increased antibiotic susceptibility in Neisseria gonorrhoeae,Adaptation to the cervical environment is associated with increased antibiotic susceptibility in Neisseria gonorrhoeae.
7925qmm2,9spwam87,0.99999994,Boletim coronavírus (23/05): 3905 óbitos e 34533 casos confirmados no RJ,Boletim coronavírus (27/05): 4605 óbitos e 42398 casos confirmados no RJ
g1iegug4,drerwrgb,0.99999994,"Social isolation, mental health, and use of digital interventions in youth during the COVID-19 pandemic: A nationally representative survey","Social isolation, mental health, and use of digital interventions in youth during the COVID-19 pandemic: a nationally representative survey"
l38uti4w,3343ifqd,0.99999994,COVID-19 Emergency Sick Leave Has Helped Flatten The Curve In The United States,COVID-19 Emergency Sick Leave Has Helped Flatten The Curve In The United States.
jf4cc9jh,qe8di3bh,0.99999994,Data-Driven Insights on the Effects of COVID-19 on Aesthetics: Part I (Passive Analysis),Data-Driven Insights on the Effects of COVID-19 on Aesthetics: Part I (Passive Analysis)
7925qmm2,1mjgad56,0.99999994,Boletim coronavírus (23/05): 3905 óbitos e 34533 casos confirmados no RJ,Boletim coronavírus (28/05): 4856 óbitos e 44886 casos confirmados no RJ
gqa0v6bd,ykm76ku2,0.99999994,Immunology with Pam - lockdown silver lining.,Immunology with Pam - lockdown silver lining
5kkr6bcl,4705pb2x,0.99999994,Department of Error,Department of Error.
hna3sbd8,zykejtxc,0.99999994,Überwachung des Patienten,Organisationsethik in Einrichtungen des Gesundheitswesens
5kkr6bcl,3i27z8g3,0.99999994,Department of Error,Department of Error
4705pb2x,3i27z8g3,0.99999994,Department of Error.,Department of Error
5kkr6bcl,dnnrdqr7,0.99999994,Department of Error,Department of Error.
4705pb2x,dnnrdqr7,0.99999994,Department of Error.,Department of Error.
fndkk2z9,y51aqxw6,0.99999994,Solidarity and immunological reason.,Solidarity and immunological reason
p8xuosv1,gwah980w,0.99999994,Air Evacuation of Service Members for COVID-19 in U.S. Central Command and U.S. European Command From 11 March 2020 Through 30 September 2020.,Air Evacuation of Service Members for COVID-19 in U.S. Central Command and U.S. European Command From 11 March 2020 Through 30 September 2020
5kkr6bcl,gkgrnhq2,0.99999994,Department of Error,Department of Error
4705pb2x,gkgrnhq2,0.99999994,Department of Error.,Department of Error
lvkuadko,vv1g7nga,0.99999994,Gasdermin-D activation by SARS-CoV-2 trigger NET and mediate COVID-19 immunopathology,Gasdermin-D activation by SARS-CoV-2 trigger NET and mediate COVID-19 immunopathology
7bjb2m4j,7yepjypw,0.99999994,Posterior Reversible Encephalopathy Syndrome,COVID-19 and Posterior Reversible Encephalopathy Syndrome
ndxk3rwh,ez9qk64d,0.99999994,"Combination of QSAR, molecular docking, molecular dynamic simulation and MM-PBSA: analogues of lopinavir and favipiravir as potential drug candidates against COVID-19","Combination of QSAR, molecular docking, molecular dynamic simulation and MM-PBSA: analogues of lopinavir and favipiravir as potential drug candidates against COVID-19"
9k9qx92b,e4pfdhlq,0.99999994,Editor's Note,[Editor's Note].
pggqdwec,w7gkltt3,0.99999994,Changes in the Health of Adolescent Athletes: A Comparison of Health Measures Collected Before and During the CoVID-19 Pandemic,Changes in the Health of Adolescent Athletes: A Comparison of Health Measures Collected Before and During the CoVID-19 Pandemic.
izwlhqzp,nxesjube,0.99999994,Canine parvovirus prevention and prevalence: Veterinarian perceptions and behaviors.,Canine parvovirus prevention and prevalence: Veterinarian perceptions and behaviors
wkl1afrz,zvd1h2vw,0.99999994,COVID-19 Monitoring System using Social Distancing and Face Mask Detection on Surveillance video datasets,COVID-19 monitoring system using social distancing and face mask detection on surveillance video datasets
uinli27p,m1tx74tc,0.99999994,Guest editorial: BALKANTRIB ‘20,Guest editorial
x2fnb6yh,gduqz8wy,0.99999994,Indoor airborne disinfection with electrostatic disinfector (ESD): Numerical simulations of ESD performance and reduction of computing time,Indoor airborne disinfection with electrostatic disinfector (ESD): Numerical simulations of ESD performance and reduction of computing time
4co5xch8,tt8tv95q,0.99999994,Wearable embroidered muscle activity sensing device for the human upper leg.,Wearable Embroidered Muscle Activity Sensing Device for the Human Upper Leg
9k9qx92b,chhtlz03,0.99999994,Editor's Note,Editor's note.
g7iwibr4,iet80nqj,0.99999994,The Role of Flexible Bronchoscopy in Swab-negative Patients During the SARS-CoV2 Pandemic.,The Role of Flexible Bronchoscopy in Swab-negative Patients During the SARS-CoV2 Pandemic
8v2ao6lr,dmo82evz,0.99999994,Acute respiratory distress syndrome,Acute Respiratory Distress Syndrome
j4p25q03,77r47tkj,0.99999994,Best in covid: Populists in the time of pandemic,Best in Covid: Populists in the Time of Pandemic
j5zghwv8,6r8uzgr4,0.99999994,Preoperative antisepsis in ophthalmic surgery (a review).,Preoperative antisepsis in ophthalmic surgery (a review)
8v2ao6lr,mdjktk6p,0.99999994,Acute respiratory distress syndrome,Acute respiratory distress syndrome
9pzwq689,jyx5o62e,0.99999994,Auswirkungen des Covid-19-Ausnahmezustandes auf die Klärschlammentsorgung,Auswirkungen des Covid-19-Ausnahmezustandes auf die Klärschlammentsorgung
yhkm5zdh,xio4wd6u,0.99999994,Compressed vessels bias red blood cell partitioning at bifurcations in a hematocrit-dependent manner: Implications in tumor blood flow,Compressed vessels bias red blood cell partitioning at bifurcations in a hematocrit-dependent manner: Implications in tumor blood flow.
6hbuq0k7,zlaa991d,0.99999994,Development of early warning and rapid response system for patients with novel coronavirus pneumonia (COVID-19): A research protocol,Development of early warning and rapid response system for patients with novel coronavirus pneumonia (COVID-19): A research protocol
3i27z8g3,dnnrdqr7,0.99999994,Department of Error,Department of Error.
3i27z8g3,gkgrnhq2,0.99999994,Department of Error,Department of Error
mlnu2hcx,buykbnwh,0.99999994,Systemic absorption of benzalkonium chloride after maximal use of a consumer antiseptic wash product,Systemic Absorption of Benzalkonium Chloride after Maximal Use of a Consumer Antiseptic Wash Product.
d7kosyft,34wg9xqg,0.99999994,Prolonged SARS-CoV-2 cell culture replication in respiratory samples from patients with severe COVID-19,Prolonged SARS-CoV-2 cell culture replication in respiratory samples from patients with severe COVID-19
rbbka7wm,zvjwsnbd,0.99999994,Emergency remote learning during COVID-19 crisis: Students’ engagement,Emergency remote learning during COVID-19 crisis: Students' engagement
4xl2o42n,413s87ia,0.99999994,Reported health and social consequences of the COVID-19 pandemic on vulnerable populations and implemented solutions in six West African countries: A media content analysis,Reported health and social consequences of the COVID-19 pandemic on vulnerable populations and implemented solutions in six West African countries: A media content analysis
wkwj0rf9,2jwgwtxz,0.99999994,In the Limelight: November 2020,In the Limelight: November 2020
4q7gdmnf,7sihae14,0.99999994,Diabetes mellitus and SARS-CoV-2 infection: pathophysiologic mechanisms and implications in management.,Diabetes mellitus and SARS-CoV-2 infection: pathophysiologic mechanisms and implications in management
dnnrdqr7,gkgrnhq2,0.99999994,Department of Error.,Department of Error
e4pfdhlq,chhtlz03,0.99999994,[Editor's Note].,Editor's note.
7c7yy147,jfllcor5,0.99999994,Robust PDF Document Conversion Using Recurrent Neural Networks,Robust PDF Document Conversion Using Recurrent Neural Networks
dmo82evz,mdjktk6p,0.99999994,Acute Respiratory Distress Syndrome,Acute respiratory distress syndrome
j3jfsqb3,979gbl8f,0.99999994,AJPH Global News.,AJPH Global News.
sfvr269q,lrmsg8h9,0.99999994,Balancing cancer immunotherapy efficacy and toxicity,Balancing Cancer Immunotherapy Efficacy and Toxicity
j0cg1eh8,jzaxm6lb,0.99999994,Mental Symptoms and Stress of Hospitalized Schizophrenia Patients With 2019 Novel Coronavirus Disease: An Observation Study,Mental Symptoms and Stress of Hospitalized Schizophrenia Patients With 2019 Novel Coronavirus Disease: An Observation Study
jk3zjnhl,c1ywaubb,0.99999994,Activated neutrophils in the initiation and progression of COVID-19: hyperinflammation and immunothrombosis in COVID-19.,Activated neutrophils in the initiation and progression of COVID-19: hyperinflammation and immunothrombosis in COVID-19
vq79vx3f,etc44z0z,0.99999994,Production of the Receptor-binding Domain of the Viral Spike Proteins from 2003 and 2019 SARS CoVs and the Four Common Human Coronaviruses for Serologic Assays and Inhibitor Screening,Production of the Receptor-binding Domain of the Viral Spike Proteins from 2003 and 2019 SARS CoVs and the Four Common Human Coronaviruses for Serologic Assays and Inhibitor Screening.
d48yha19,k8b06s3u,0.99999994,"Official French SARS-CoV-2 guidelines for cancer patients, a triage solution with precision medicine","Official French SARS-CoV-2 guidelines for cancer patients, a triage solution with precision medicine"
9t0chrsp,ldcu9g84,0.99999994,An investigation of individuals' health anxiety during the COVID-19 pandemic within the framework of the functional health patterns,An investigation of individuals' health anxiety during the COVID-19 pandemic within the framework of the functional health patterns.
aaf69b9q,yf5v16q9,0.99999994,Mediterranean Diet and COVID-19: Hypothesizing Potential Benefits in People With Diabetes,Mediterranean Diet and COVID-19: Hypothesizing Potential Benefits in People With Diabetes
zmlpo6hu,7nmytafg,0.99999994,Addressing the Needs of People Living Homeless During the COVID-19 Pandemic.,Addressing the Needs of People Living Homeless During the COVID-19 Pandemic
jqpk2zzz,kp3f3ucc,0.99999994,P31.02 WITHDRAWN,Withdrawn
26cj92k3,hwr2ts1n,0.99999994,Multi-slice net: A novel light weight framework for COVID-19 diagnosis,Multi-Slice Net: A novel light weight framework for COVID-19 Diagnosis
1pj60eho,5q4nrcpb,0.99999994,Do us a favor,Do us a favor.
nmo1x4p8,sots77oi,0.99999994,Impact of intervention on the spread of COVID-19 in India: A model based study,Impact of intervention on the spread of COVID-19 in India: A model based study
e28rhrir,pc4t30i9,0.99999994,"On vous demande, sachez répondre","On vous demande, sachez répondre"
6atpoedh,l78y0i2b,0.99999994,Li Wenliang,Li Wenliang
sno8ath3,yc5prl2v,0.99999994,Worsening of Preexisting Psychiatric Conditions During the COVID-19 Pandemic,Worsening of Preexisting Psychiatric Conditions During the COVID-19 Pandemic
hyx95otb,l67xkniw,0.99999994,Surgical Education in the Time of COVID: Understanding the Early Response of Surgical Training Programs to the Novel Coronavirus Pandemic,Surgical Education in the Time of COVID: Understanding the Early Response of Surgical Training Programs to the Novel Coronavirus Pandemic
nsnrufur,nr140rpw,0.99999994,Longitudinal assessment of anti-SARS-CoV-2 immune responses for six months based on the clinical severity of COVID-19,Longitudinal Assessment of Anti-SARS-CoV-2 Immune Responses for Six Months Based on the Clinical Severity of COVID-19
flp63pwl,r8136i3w,0.99999994,Psychosocial status during the prevalence of COVID-19 disease: the comparison between healthcare workers and general population,Psychosocial status during the prevalence of COVID-19 disease: the comparison between healthcare workers and general population
r25b5inv,uthbkxjs,0.99999994,"A Case of COVID-19 Patient with False-Negative for SARS-CoV-2 of Pharyngeal Swab, from a Chinese Traveller Returning from Wuhan, Hubei Province, China, January 2020","A Case of COVID-19 Patient with False-negative for SARS-CoV-2 of Pharyngeal Swab, from a Chinese traveller Returning from Wuhan, Hubei Province, China, January 2020."
gd663uag,ut7jqyq0,0.99999994,Lessons learned from the A (H1N1) Influenza Pandemic,Lessons learned from the A (H1N1) influenza pandemic
9spwam87,1mjgad56,0.99999994,Boletim coronavírus (27/05): 4605 óbitos e 42398 casos confirmados no RJ,Boletim coronavírus (28/05): 4856 óbitos e 44886 casos confirmados no RJ
4tcs4tym,4wsecqox,0.99999994,Calming the Storm,Calming the Storm.
hx1dsklj,o7qlc5tt,0.99999994,Passing the acid test,Passing the acid test.
ona1m29j,1daj3zv9,0.99999994,Impact of age on outcome of COVID-19 patients at a tertiary care hospital,Impact of Age on Outcome of Covid-19 Patients at a Tertiary Care Hospital
mnistmhb,luw2s26q,0.99999994,Vertical transmission of SARS-CoV-2: A prospective cross-sectional study from a tertiary center,Vertical transmission of SARS‐CoV‐2: A prospective cross‐sectional study from a tertiary center
svy4cdd9,waxwbv29,0.99999994,Evidence of SARS-CoV-2 reinfection within the same clade in Ecuador: A case study,Evidence of SARS-CoV-2 reinfection within the same clade in Ecuador: A case study
ngbrh8sr,rmpzsse9,0.99999994,Comments on Zhang et al: Clinical trial analysis of 2019-nCoV therapy registered in China,Comments on Zhang et al: Clinical trial analysis of 2019‐nCoV therapy registered in China
y8lm85bi,eaou1ktx,0.99999994,Surveying the Scene: Timing Is Everything.,Surveying the Scene: Timing Is Everything
kuxxscna,srf5w2nu,0.99999994,Transcriptional reprogramming from innate immune functions to a pro-thrombotic signature upon SARS-CoV-2 sensing by monocytes in COVID-19,Transcriptional reprogramming from innate immune functions to a pro-thrombotic signature upon SARS-CoV-2 sensing by monocytes in COVID-19
jjq6pv1p,qe2c5l7x,0.99999994,A Simple and Practical Scoring System for Radiosurgical Treatment in Patients with Brain Metastases.,A Simple and Practical Scoring System for Radiosurgical Treatment in Patients with Brain Metastases
he41qihg,v0ic32kb,0.9999999,Pandemic and the state,The state of the pandemic
um3517lk,y614fuza,0.9999999,Case Report Thiaminsubstitution,Psoralea corylifolia: Phytophotodermatitis: case report
a2uqlqpk,klcl4v3f,0.9999999,Diagnosis of death guidelines for South Africa – timely and necessary,Diagnosis of death guidelines for South Africa – timely and necessary
hvl8ie3m,52ah6ytg,0.9999999,Aerosol Generation from Different Wind Instruments,Aerosol generation from different wind instruments
l5kja3v3,tl9qm8e2,0.9999999,Could SARS-CoV-2 herald a surge of multiple sclerosis?,Could SARS-CoV-2 herald a surge of multiple sclerosis?
3fb3f13a,o4lkfs9p,0.9999999,Whole Genome Identification of Potential G-Quadruplexes and Analysis of the G-Quadruplex Binding Domain for SARS-CoV-2,Whole Genome Identification of Potential G-Quadruplexes and Analysis of the G-Quadruplex Binding Domain for SARS-CoV-2
vkarxdul,5wx2v17b,0.9999999,An agent-based model for interrelation between COVID-19 outbreak and economic activities,An agent-based model of the interrelation between the COVID-19 outbreak and economic activities
v255t0zs,sm505npa,0.9999999,Communiqué de l’Académie nationale de médecine,Communiqué de l'Académie nationale de médecine
zgkogjij,efgfnhk2,0.9999999,Two decades of pandemic war games failed to account for Donald Trump,Two decades of pandemic war games failed to account for Donald Trump.
e7i1p550,i4kxl2am,0.9999999,Revised recommendations of the Italian Society of Pediatrics about the general management of Kawasaki disease,Revised recommendations of the Italian Society of Pediatrics about the general management of Kawasaki disease
wpcrrc1j,b50ilpme,0.9999999,Impact of COVID-19 on routine care for chronic diseases: A global survey of views from healthcare professionals,Impact of COVID-19 on routine care for chronic diseases: A global survey of views from healthcare professionals
sk22mjxg,nhihxog0,0.9999999,COVID-19 patients display distinct SARS-CoV-2 specific T-cell responses according to disease severity,COVID-19 patients display distinct SARS-CoV-2 specific T-cell responses according to disease severity
um3517lk,f3f7yrzg,0.9999999,Case Report Thiaminsubstitution,Tozinameran: Myopericarditis: case report
hw8xcse6,z5yjavsx,0.9999999,COVID-19 pre-procedural testing strategy and early outcomes at a large tertiary care children's hospital,COVID-19 pre-procedural testing strategy and early outcomes at a large tertiary care children’s hospital
ix89c4si,gfy2ytg5,0.9999999,Benefit of Wearing an Activity Tracker in Sarcoidosis,Benefit of Wearing an Activity Tracker in Sarcoidosis
vf4otgqo,vxm359k2,0.9999999,Energy Utilization of Building Insulation Waste Expanded Polystyrene: Pyrolysis Kinetic Estimation by a New Comprehensive Method.,Energy Utilization of Building Insulation Waste Expanded Polystyrene: Pyrolysis Kinetic Estimation by a New Comprehensive Method
f326le9b,r3ze2m9u,0.9999999,Type 1 Acute Aortic Dissection in the Early Period After COVID-19 Infection,Type 1 Acute Aortic Dissection in the Early Period After COVID-19 Infection
9njem4ni,ks7nz8hx,0.9999999,Profile and outcomes of hospitalized patients with COVID-19 at a tertiary institution hospital in Ghana,Profile and outcomes of hospitalized patients with COVID-19 at a tertiary institution hospital in Ghana
zfzk5vk1,a6rsjuf7,0.9999999,Diary,Diary
eflg7lx0,0hq5s14j,0.9999999,The paradigm shift for educational system continuance in the advent of COVID-19 pandemic: Mental health challenges and reflections,The paradigm shift for educational system continuance in the advent of COVID-19 pandemic: Mental health challenges and reflections
um3517lk,yz1l6hql,0.9999999,Case Report Thiaminsubstitution,Elasomeran: Myopericarditis: case report
y614fuza,c8b2m858,0.9999999,Psoralea corylifolia: Phytophotodermatitis: case report,Elasomeran: Perimyocarditis: case report
c8n1j1an,sj7sn5ha,0.9999999,A tool for rapid assessment of wildlife markets in the Asia-Pacific Region for risk of future zoonotic disease outbreaks,A tool for rapid assessment of wildlife markets in the Asia-Pacific Region for risk of future zoonotic disease outbreaks
fcw2o519,fw7uwnn4,0.9999999,Elderly Male With Cardiovascular-Related Comorbidities Has a Higher Rate of Fatal Outcomes: A Retrospective Study in 602 Patients With Coronavirus Disease 2019,Elderly Male With Cardiovascular-Related Comorbidities Has a Higher Rate of Fatal Outcomes: A Retrospective Study in 602 Patients With Coronavirus Disease 2019
7xao0xe9,rcbviij0,0.9999999,Letter to the editor,Letter to the Editor.
78mkxl8l,mpyg9q0x,0.9999999,"The COVID-19 pandemic in Norway and Sweden – threats, trust, and impact on daily life: A comparative survey","The COVID-19 pandemic in Norway and Sweden - threats, trust, and impact on daily life: a comparative survey"
ukc436cx,i1d0sr82,0.9999999,Gastrointestinal symptoms predict the outcomes of COVID-19 infection,Gastrointestinal Symptoms Predict the Outcomes From COVID-19 Infection.
vibqmz8q,bw8peqms,0.9999999,Correction to: Population Trends in Rates of Percutaneous Coronary Revascularization for Acute Coronary Syndromes Associated With the COVID-19 Outbreak,Correction to: Population Trends in Rates of Percutaneous Coronary Revascularization for Acute Coronary Syndromes Associated With the COVID-19 Outbreak.
vnjgzd61,bo6pr34s,0.9999999,"Medical conferences in the post-COVID world: a challenge, and an opportunity","Medical conferences in the post-COVID world: a challenge, and an opportunity"
vwshnsre,j7rjvk9l,0.9999999,The Effects of COVID-19 on the Reasons for Not Calling 911 for Acute Stroke,The effects of COVID-19 on the reasons for not calling 911 for acute stroke
y614fuza,f3f7yrzg,0.9999999,Psoralea corylifolia: Phytophotodermatitis: case report,Tozinameran: Myopericarditis: case report
0wwwxhrk,f40v4039,0.9999999,New investigation of bats-hosts-reservoir-people coronavirus model and application to 2019-nCoV system,New investigation of bats-hosts-reservoir-people coronavirus model and application to 2019-nCoV system
9n23fjnz,1vwk7pds,0.9999999,Inversion of a SIR-based model: A critical analysis about the application to COVID-19 epidemic,Inversion of a SIR-based model: A critical analysis about the application to COVID-19 epidemic
7xao0xe9,mpeh0rr3,0.9999999,Letter to the editor,Letter to the Editor
bv4v9nyq,e1nzof7h,0.9999999,Living with arthritis: a “training camp” for coping with stressful events? A survey on resilience of arthritis patients following the COVID-19 pandemic,"Living with arthritis: a ""training camp"" for coping with stressful events? A survey on resilience of arthritis patients following the COVID-19 pandemic"
ukc436cx,hkdglj7f,0.9999999,Gastrointestinal symptoms predict the outcomes of COVID-19 infection,Gastrointestinal Symptoms Predict the Outcomes of COVID-19 Infection
6vu3a5az,vibiqflh,0.9999999,Long-term effects of treatment for chronic nightmares: is imagery rehearsal therapy robust in the COVID-19 pandemic?,Long-term effects of treatment for chronic nightmares: is imagery rehearsal therapy robust in the COVID-19 pandemic?
g2v41t7o,0e21tw7m,0.9999999,Clinical endodontic management during the COVID-19 pandemic: a literature review and clinical recommendations,Clinical endodontic management during the COVID-19 Pandemic: A literature review and clinical recommendations.
y614fuza,yz1l6hql,0.9999999,Psoralea corylifolia: Phytophotodermatitis: case report,Elasomeran: Myopericarditis: case report
0wyagj8z,sj6sy0ah,0.9999999,A computational pipeline for data augmentation towards the improvement of disease classification and risk stratification models: A case study in two clinical domains.,A computational pipeline for data augmentation towards the improvement of disease classification and risk stratification models: A case study in two clinical domains
q0cqwmi0,iw119wp3,0.9999999,"""We also deserve help during the pandemic"": The effect of the COVID-19 pandemic on foreign domestic workers in Hong Kong",“We also deserve help during the pandemic”: The effect of the COVID-19 pandemic on foreign domestic workers in Hong Kong
lgdlkmrb,g7jfvvjn,0.9999999,"Assessment of serological techniques for screening patients for COVID-19 (COVID-SER): a prospective, multicentric study","Assessment of serological techniques for screening patients for COVID-19 (COVID-SER): a prospective, multicentric study"
e583sv4c,g525f0ob,0.9999999,Efficacy of dexamethasone treatment for patients with the acute respiratory distress syndrome caused by COVID-19: study protocol for a randomized controlled superiority trial,Efficacy of dexamethasone treatment for patients with the acute respiratory distress syndrome caused by COVID-19: study protocol for a randomized controlled superiority trial
c8b2m858,f3f7yrzg,0.9999999,Elasomeran: Perimyocarditis: case report,Tozinameran: Myopericarditis: case report
qt3hk0se,irsjot5a,0.9999999,"Novel coronavirus disease 2019: Knowledge, practice and preparedness: A survey of healthcare workers in the offinso-north district, Ghana","Novel coronavirus disease 2019: knowledge, practice and preparedness: a survey of healthcare workers in the Offinso-North District, Ghana"
zuqdznol,r53we869,0.9999999,Trends in Home Birth Information Seeking in the United States and United Kingdom During the COVID-19 Pandemic,Trends in Home Birth Information Seeking in the United States and United Kingdom During the COVID-19 Pandemic
pmqtml0s,0antesv7,0.9999999,Selenomethionine protects against ammonia-induced apoptosis through inhibition of endoplasmic reticulum stress in pig kidneys,Selenomethionine protects against ammonia-induced apoptosis through inhibition of endoplasmic reticulum stress in pig kidneys.
ltbvpv8b,kyzg3g3e,0.9999999,Global Data Science Project for COVID-19,Global Data Science Project for COVID-19
14nmo6a4,4w83ixsj,0.9999999,SARS-CoV-2 Omicron: reduction of potent humoral responses and resistance to clinical immunotherapeutics relative to viral variants of concern,SARS-CoV-2 Omicron: reduction of potent humoral responses and resistance to clinical immunotherapeutics relative to viral variants of concern
uchbogvd,3ocploc1,0.9999999,Identification and characterization of six β-crystallin gene mutations associated with congenital cataract in Chinese families.,Identification and characterization of six ß-crystallin gene mutations associated with congenital cataract in Chinese families
c8b2m858,yz1l6hql,0.9999999,Elasomeran: Perimyocarditis: case report,Elasomeran: Myopericarditis: case report
1c15qxb8,oiu80002,0.9999999,Self-amplifying RNA SARS-CoV-2 lipid nanoparticle vaccine candidate induces high neutralizing antibody titers in mice,Self-amplifying RNA SARS-CoV-2 lipid nanoparticle vaccine candidate induces high neutralizing antibody titers in mice
74vaarz4,gaw3v5hy,0.9999999,"COVID-19 related knowledge, attitudes, practices and needs of households in informal settlements in Nairobi, Kenya","COVID-19 Related Knowledge, Attitudes, Practices and Needs of Households in Informal Settlements in Nairobi, Kenya"
g8f6ktoj,8unbcv1k,0.9999999,The Role of TEG Analysis in Patients with COVID-19-Associated Coagulopathy: A Systematic Review,The Role of TEG Analysis in Patients with COVID-19-Associated Coagulopathy: A Systematic Review
yq10si8j,0efw6c82,0.9999999,"Masks are the New Condoms: Health Communication, Intersectionality and Racial Equity in COVID-times.","Masks Are the New Condoms: Health Communication, Intersectionality and Racial Equity in COVID-Times"
qnwro5ov,yrup0fwc,0.9999999,"Rapid Adaptation of HIV Treatment Programs in Response to COVID-19 — Namibia, 2020","Rapid Adaptation of HIV Treatment Programs in Response to COVID-19 - Namibia, 2020"
zk3otxwn,wwat87ni,0.9999999,At Least Seven Distinct Rotavirus Genotype Constellations in Bats with Evidence of Reassortment and Zoonotic Transmissions,At Least Seven Distinct Rotavirus Genotype Constellations in Bats with Evidence of Reassortment and Zoonotic Transmissions
qy6mld48,1x42kxvv,0.9999999,Analysis of Geographical Density of Dermatologists Compared to Dermatology Physician Assistants.,Analysis of Geographical Density of Dermatologists Compared to Dermatology Physician Assistants
0877woki,jghdmj9b,0.9999999,Plerixafor-based mobilization in pediatric healthy donors with unfavorable donor/recipient body weight ratio resulted in a better CD34+ collection yield: A retrospective analysis,Plerixafor-based mobilization in pediatric healthy donors with unfavorable donor/recipient body weight ratio resulted in a better CD34+ collection yield: A retrospective analysis.
v2pwo1t0,md0b8zzs,0.9999999,Angiotensin-Converting Enzyme as a new immunologic target for the new SARS-CoV-2.,Angiotensin-converting enzyme as a new immunologic target for the new SARS-CoV-2
vb3b2viw,vn89nmit,0.9999999,Notes and News,News and Notes
uk7qbg6y,om2db4jr,0.9999999,Effect Evaluation of Strychnos nux-vomica L. with Integrative Methods for Bortezomib-Induced Peripheral Neuropathy in Multiple Myeloma Patients: A Self-Controlled Clinical Trial,Effect Evaluation of Strychnos nux-vomica L. with Integrative Methods for Bortezomib-Induced Peripheral Neuropathy in Multiple Myeloma Patients: A Self-Controlled Clinical Trial.
yaqmdn7c,vk72mrdz,0.9999999,Development and multicenter performance evaluation of fully automated SARS-CoV-2 IgM and IgG immunoassays.,Development and multicenter performance evaluation of fully automated SARS-CoV-2 IgM and IgG immunoassays
3k5ik8bt,3wdn56u8,0.9999999,"High prevalence of food insecurity, the adverse impact of COVID-19 in Brazilian favela","High prevalence of food insecurity, the adverse impact of COVID-19 in Brazilian favela"
2n9awbtv,yww098fu,0.9999999,Corrections,Corrections
bqo686fu,t4ocnyng,0.9999999,A nation-wide survey on emotional and psychological impacts of COVID-19 social distancing,A nation-wide survey on emotional and psychological impacts of COVID-19 social distancing.
pbqaqbde,ev3zz6k9,0.9999999,The Existence of at Least Three Genomic Signature Patterns and at Least Seven Subtypes of COVID-19 and the End of the Disease,The Existence of At Least Three Genomic Signature Patterns and At Least Seven Subtypes of COVID-19 and the End of the Disease
lprbsgkd,xgq5ontq,0.9999999,Authors’ Reply to Cattaneo et al.: “Comment on: Comparative Population Pharmacokinetics of Darunavir in SARS-CoV-2 Patients vs. HIV Patients: The Role of Interleukin6”,"Authors' Reply to Cattaneo et al.: ""Comment on: Comparative Population Pharmacokinetics of Darunavir in SARS-CoV-2 Patients vs. HIV Patients: The Role of Interleukin6"""
v7564uz4,8ayvbdd7,0.9999999,International Registry of Otolaryngologist - Head and Neck Surgeons with COVID-19.,International Registry of Otolaryngologist - Head and Neck Surgeons with COVID-19
762ljwpu,uyk0yspa,0.9999999,Navigating Healthcare Through Challenging Times: Proceedings of dHealth 2021 - Health Informatics Meets Digital Health,Navigating Healthcare through Challenging Times - Proceedings of dHealth 2021 - Health Informatics Meets Digital Health
u4nl4ko1,gx6ikkwm,0.9999999,Beatmung von Neugeborenen und Säuglingen,Verbraucherverschuldung und -überschuldung in Zeiten von COVID-19
8a6mvlfg,6sv71vik,0.9999999,2020 International Year of Midwifery—In the Midst of a Pandemic,2020 International Year of Midwifery-In the midst of a pandemic
138llrx9,jszcsn10,0.9999999,Current and Emergent Economic Impacts of Covid-19 and Brexit on UK Fresh Produce and Horticultural Businesses,Current and Emergent Economic Impacts of Covid-19 and Brexit on UK Fresh Produce and Horticultural Businesses
i3si2mnn,0sg9w0tf,0.9999999,Early Detection and Successful Management of Acute Mesenteric Ischaemia in Symptomatic COVID-19 Patient,Early Detection and Successful Management of Acute Mesenteric Ischaemia in Symptomatic COVID-19 Patient
zum99f40,2onv9mvl,0.9999999,Are the cutaneous manifestations during or due to SARS-CoV-2 infection/COVID-19 frequent or not? Revision of possible pathophysiologic mechanisms,Are the cutaneous manifestations during or due to SARS-CoV-2 infection/COVID-19 frequent or not? Revision of possible pathophysiologic mechanisms
u4nl4ko1,zepjoqwt,0.9999999,Beatmung von Neugeborenen und Säuglingen,Ursachen und Konsequenzen von Niedrigzinsen
vclg53p3,uy84zz68,0.9999999,Uncommon carbene-to-azole ligand rearrangement of N-heterocyclic carbenes in a ruthenium system,Uncommon carbene-to-azole ligand rearrangement of N-heterocyclic carbenes in a ruthenium system.
j7xmntmm,qf6a7dpv,0.9999999,Shipping markets in turmoil: An analysis of the Covid-19 outbreak and its implications,Shipping Markets in Turmoil: An analysis of the Covid-19 outbreak and its implications
u3kohisl,njpj6j51,0.9999999,Medication Errors.,Medication Errors.
tr9q35l4,06gyy1w7,0.9999999,Lung Cancer and Heart Disease Risks Associated With Low-Dose Pulmonary Radiotherapy to COVID-19 Patients With Different Background Risks,Lung Cancer and Heart Disease Risks Associated with Low-Dose Pulmonary Radiotherapy to COVID-19 Patients with Different Background Risks
3g3d6rt3,a2tgn39d,0.9999999,Unraveling the Immune Response in Severe COVID-19,Unraveling the Immune Response in Severe COVID-19
w6cx035t,pvr4spp9,0.9999999,Arsenic/Iron Removal From Groundwater With Elevated Ammonia and Natural Organic Matter.,Arsenic/Iron Removal From Groundwater With Elevated Ammonia and Natural Organic Matter
a6lriqvr,u4sqbjp3,0.9999999,Clinical severity and epidemiological spectrum of coronavirus disease 2019 in children – comparison with influenza,Comparison of clinical severity and epidemiological spectrum between coronavirus disease 2019 and influenza in children
bcm57i3v,knuc7cke,0.9999999,Commentary,Commentary
kh7445kz,zsverh2n,0.9999999,Conserved T-cell epitopes predicted by bioinformatics in SARS-COV-2 variants,Conserved T-cell epitopes predicted by bioinformatics in SARS-COV-2 variants
b4umufq3,t42wrn4n,0.9999999,Effect of EHR restriction on conservation of neuromuscular blocking agents during a COVID-19 surge,Effect of Ehr Restriction on Conservation of Neuromuscular Blocking Agents during a Covid-19 Surge
lvl52k42,iyed1652,0.9999999,Implementing the 2020–2025 Dietary Guidelines for Americans: Recommendations for a Path Forward,Implementing the 2020-2025 Dietary Guidelines for Americans: Recommendations for a path forward.
dl8vrncd,79iq3gwx,0.9999999,The impact of COVID-19 on services for people affected by sexual and gender-based violence,The impact of COVID‐19 on services for people affected by sexual and gender‐based violence
neg2z5og,bw1q51lk,0.9999999,COVID-19-associated leukocytoclastic vasculitis leading to gangrene and amputation,COVID-19-associated leukocytoclastic vasculitis leading to gangrene and amputation
4lquvizo,cjnx1guy,0.9999999,Letter: A Guide to the Prioritization of Neurosurgical Cases After the COVID-19 Pandemic,Letter: A Guide to the Prioritization of Neurosurgical Cases After the COVID-19 Pandemic
gt9jp7ru,x2057w66,0.9999999,South Korea in 2020: Successful response to the coronavirus crisis;no progress in denuclearization of North Korea,South Korea in 2020: Successful Response to the Coronavirus Crisis;No Progress in Denuclearization of North Korea
777z09h2,osct0lj6,0.9999999,"Evidence for Limited Early Spread of COVID-19 Within the United States, January-February 2020","Evidence for Limited Early Spread of COVID-19 Within the United States, January–February 2020"
bw3330ci,p7yo29zt,0.9999999,LOS VIDEOJUEGOS ACTIVOS EN TIEMPOS DE PANDEMIA POR COVID-19: UNA POTENCIAL ESTRATEGIA PARA AUMENTAR LA ACTIVIDAD FÍSICA DE LOS ESCOLARES,Los Videojuegos Activos En Tiempos De Pandemia Por Covid-19: Una Potencial Estrategia Para Aumentar La Actividad Física De Los Escolares
yq41339k,mvnmhs1i,0.9999999,Laboratory abnormalities in patients with COVID-2019 infection,Laboratory abnormalities in patients with COVID-2019 infection.
pqczsdnw,jif4qj3h,0.9999999,Contrast enhanced ultrasonography (CEUS) to detect abdominal microcirculatory disorders in severe cases of COVID-19 infection: First experience,Contrast enhanced ultrasonography (CEUS) to detect abdominal microcirculatory disorders in severe cases of COVID-19 infection: First experience
xmdemuj9,uzjoxmvr,0.9999999,Reaching Invisible and Unprotected Workers on Farms during the Coronavirus Pandemic.,Reaching Invisible and Unprotected Workers on Farms during the Coronavirus Pandemic
ok07mytu,tek70yzp,0.9999999,Ed's letter,Ed's letter
it02broy,hc0rjiow,0.9999999,Druglords Don’t Stay at Home: COVID-19 Pandemic and Crime Patterns in Mexico City,Druglords Don't stay at home: COVID-19 pandemic and crime patterns in Mexico City
4g464m4b,jh85fiiv,0.9999999,Beyond the operating room: the roles of anaesthesiologists in pandemics,Beyond the operating room: the roles of anaesthesiologists in pandemics
wttgeovr,ol7wxgne,0.9999999,Protective role of cortistatin in pulmonary inflammation and fibrosis,Protective Role of Cortistatin in Pulmonary Inflammation and Fibrosis
yvc78yxr,ovi93m5v,0.9999999,Neuro-oncology practice guidelines from a high-volume surgeon at the COVID-19 epicenter,Neuro-oncology practice guidelines from a high-volume surgeon at the COVID-19 epicenter
bfchqn2g,be3udel6,0.9999999,Antiviral therapy in management of COVID-19: a systematic review on current evidence.,Antiviral therapy in management of COVID-19: a systematic review on current evidence
j99g9zv7,3daqcz2d,0.9999999,"Corticosteroids for COVID-19 patients requiring oxygen support? Yes, but not for everyone: Effect of corticosteroids on mortality and Intensive Care Unit admission in patients with COVID-19 according to patients' oxygen requirements.","Corticosteroids for COVID-19 patients requiring oxygen support? Yes, but not for everyone: Effect of corticosteroids on mortality and intensive care unit admission in patients with COVID-19 according to patients' oxygen requirements"
i6sh0136,oivp2j9m,0.9999999,Parents' intention to vaccinate their child for COVID-19: a cross-sectional survey (CoVAccS - wave 3),Parents' intention to vaccinate their child for COVID-19: a cross-sectional survey (CoVAccS - wave 3)
155x0aeg,wv3l0b0w,0.9999999,Comparison of Associations Between Glucocorticoids Treatment and Mortality in COVID-19 Patients and SARS Patients: A Systematic Review and Meta-Analysis,Comparison of Associations between Glucocorticoids Treatment and Mortality in COVID-19 Patients and SARS Patients: A Systematic Review and Meta-Analysis
wz6mz1xh,wf3rmpve,0.9999999,25 - Lung cancer upstaging due to the COVID-19 pandemic,Lung cancer upstaging due to the COVID-19 pandemic
emhfn417,oc9dftl3,0.9999999,Face mask - An essential armour in the fight of India against COVID-19,Face mask - An essential armour in the fight of India against COVID-19
emy2knti,xlzhswps,0.9999999,Successful contact tracing systems for COVID-19 rely on effective quarantine and isolation,Successful contact tracing systems for COVID-19 rely on effective quarantine and isolation
688i91l1,cd41zqud,0.9999999,A purple patch for evidence-based health policy?,A purple patch for evidence-based health policy?
iubr42ln,3fbp5c66,0.9999999,529. COVID-19 Antibody Responses in Solid Organ Transplant Recipients,529. COVID-19 Antibody Responses in Solid Organ Transplant Recipients
aq3u7vum,0fyjzq4l,0.9999999,Response to: 'Correspondence on 'Historically controlled comparison of glucocorticoids with or without tocilizumab versus supportive care only in patients with COVID-19- associated cytokine storm syndrome: results of the CHIC study'' by Calvo-Aranda et al,Response to: 'Correspondence on 'Historically controlled comparison of glucocorticoids with or without tocilizumab versus supportive care only in patients with COVID-19- associated cytokine storm syndrome: results of the CHIC study'' by Calvo-Aranda et al.
fgwgbgnv,dhgxda0c,0.9999999,"Stress, Alcohol Use, and Punitive Parenting during the Covid-19 Pandemic","Stress, alcohol use, and punitive parenting during the COVID-19 pandemic"
w3blv7a7,ul25487h,0.9999999,Prognosis Score System to Predict Survival for COVID-19 Cases: a Korean Nationwide Cohort Study,Prognosis Score System to Predict Survival for COVID-19 Cases: a Korean Nationwide Cohort Study
qxsv5rfp,s18ic5lg,0.9999999,Neurologic Involvement in COVID-19: Cause or Coincidence? A Neuroimaging Perspective,Neurologic Involvement in COVID-19: Cause or Coincidence? A Neuroimaging Perspective.
z8rnzrnu,031r40a0,0.9999999,Structure-function relationships in coronavirus and norovirus polymerases explored through the structure and activity of chimeric enzymes,Structure‐function relationships in coronavirus and norovirus polymerases explored through the structure and activity of chimeric enzymes
7gcwvc5d,bpgwllw0,0.9999999,"Yonder: COVID non-compliance, antidepressant withdrawal, probiotics, and GPs in China.","Yonder: COVID non-compliance, antidepressant withdrawal, probiotics, and GPs in China"
nped7ygc,uy35xd7p,0.9999999,Axillary Lymphadenopathy After mRNA COVID-19 Vaccination,Axillary Lymphadenopathy After mRNA COVID-19 Vaccination
29uj533b,ysvsotfe,0.9999999,Geriatrie in Zeiten von Corona,ZahnMEDIZIN in Zeiten von Corona
oda8xsfn,j2ayl7wq,0.9999999,[ANMCO Position paper: Considerations on in-hospital cardiological consultations and cardiology outpatient clinics during the COVID-19 pandemic],[ANMCO Position paper: Considerations on in-hospital cardiological consultations and cardiology outpatient clinics during the COVID-19 pandemic].
ikgt4y3b,2dt979ji,0.9999999,Vitamin-D and COVID-19: time for the profession to take a stand,Vitamin-D and COVID-19: time for the profession to take a stand
ws3tfs1j,chlvpcmz,0.9999999,Correlation of SARS-CoV-2 Breakthrough Infections to Time-from-vaccine; Preliminary Study,Correlation of SARS-CoV-2 Breakthrough Infections to Time-from-vaccine; Preliminary Study
m5cjsg5u,v3czaz87,0.9999999,Media exposure to COVID-19 epidemic and threatening dream frequency: A moderated mediation model of anxiety and coping efficacy,Media exposure to COVID-19 epidemic and threatening dream frequency: A moderated mediation model of anxiety and coping efficacy
zt4zut37,akuph20x,0.9999999,"Resumption of Elective Surgery Following COVID-19 Outbreak, Guideline for Female Pelvic Medicine and Surgery","Resumption of elective surgery following covid-19 outbreak, guideline for female pelvic medicine and surgery"
jgjtyc4i,sth9vbto,0.9999999,COVID-19 and cardiovascular disease,COVID-19 and cardiovascular disease
4l74ta7i,ry1ims5s,0.9999999,Mycoplasma pneumoniae lipids license TLR4 for activation of NLRP3 inflammasome and autophagy to evoke a proinflammatory response.,Mycoplasma pneumoniae lipids license TLR4 for activation of NLRP3 inflammasome and autophagy to evoke a proinflammatory response
sqlj8ri5,ennmtoe0,0.9999999,The cost to see the Wizard: buy-ins and trade-offs in neurological rehabilitation,The cost to see the Wizard: buy-ins and trade-offs in neurological rehabilitation.
74qldbqi,lx9qxhuk,0.9999999,590 Postpartum depression screening during the COVID-19 pandemic,702 Postpartum depression screening during the COVID-19 pandemic
4sa9u4i4,vnmzrdi9,0.9999999,Commentary on: Inter-hospital COVID ECMO air transportation.,Commentary on: Inter-hospital COVID ECMO air transportation
jgjtyc4i,659lz92w,0.9999999,COVID-19 and cardiovascular disease,Cardiovascular disease and COVID-19
2kz1erpz,6a8d7mn1,0.9999999,Survival analysis of time to SARS-CoV-2 PCR negativisation to optimise PCR prescription in health workers: the Henares COVID-19 healthcare workers cohort study,Survival analysis of time to SARS-CoV-2 PCR negativisation to optimise PCR prescription in health workers: the Henares COVID-19 healthcare workers cohort study
6hjj239s,aculw8qf,0.9999999,Covid‐19 Emergency Support,Covid-19 Emergency Support
33ixlhxc,fxueqlhu,0.9999999,Clinical Characteristics of COVID-19 Infection in Newborns and Pediatrics: A Systematic Review,Clinical characteristics of COVID-19 infection in newborns and pediatrics: a systematic review
25v2z9jn,xdnocq2e,0.9999999,I Just Can’t Get Enough (of Experts): The Numbers of COVID-19 and the Need for a European Approach to Testing,I just can′t get enough (of experts): the numbers of COVID-19 and the need for a European approach to testing
wzi0ceca,0ftupibg,0.9999999,COVID-19: A scenario of Malaysian mortality,COVID-19: A Scenario of Malaysian Mortality
yefdqm95,1qfruyjm,0.9999999,Increased Cardiovascular Death Rates in a Covid-19 Low Prevalence Area,Increased cardiovascular death rates in a COVID-19 low prevalence area
bsz7ezzi,thdb7bmk,0.9999999,Angiotensin II Receptors ‐ Impact for COVID‐19 Severity,Angiotensin II receptors: Impact for COVID-19 severity
jtu8wlp5,ojxw68bu,0.9999999,Best Practices for Approaching Cognitive Processing Therapy and Prolonged Exposure During the COVID-19 Pandemic.,Best Practices for Approaching Cognitive Processing Therapy and Prolonged Exposure During the COVID-19 Pandemic
5swmrwgj,2b8xw5g5,0.9999999,Risk of Sequelae of COVID-19 in Children Cared for by Primary Care Pediatricians,Risk of Sequelae of COVID-19 in Children Cared for by Primary Care Pediatricians
bkwj1slu,j8yyq6i6,0.9999999,"Covid-19 transmission, outcome and associated risk factors in cancer patients at the first month of the pandemic in a Spanish hospital in Madrid","Covid-19 transmission, outcome and associated risk factors in cancer patients at the first month of the pandemic in a Spanish hospital in Madrid"
c9ecid5e,doly7iku,0.9999999,"Can Chinese Medicine Be Used for Prevention of Corona Virus Disease 2019 (COVID-19)? A Review of Historical Classics, Research Evidence and Current Prevention Programs","Can Chinese Medicine Be Used for Prevention of Corona Virus Disease 2019 (COVID-19)? A Review of Historical Classics, Research Evidence and Current Prevention Programs"
33ixlhxc,gwx0ay20,0.9999999,Clinical Characteristics of COVID-19 Infection in Newborns and Pediatrics: A Systematic Review,Clinical Characteristics of COVID-19 Infection in Newborns and Pediatrics: A Systematic Review
rcbviij0,mpeh0rr3,0.9999999,Letter to the Editor.,Letter to the Editor
y5io9qzl,495byr3n,0.9999999,Ambient PM2.5 exposure and rapid spread of COVID-19 in the United States,Ambient PM2.5 exposure and rapid spread of COVID-19 in the United States
elieuuuy,kzgjnpz9,0.9999999,"Epidemiology, diagnosis, treatment, and future perspectives concerning SARS-COV-2: a review article","Epidemiology, diagnosis, treatment, and future perspectives concerning SARS-COV-2: a review article."
4eus9f0c,fsr0gija,0.9999999,Cutaneous signs in COVID-19 patients: A review,Cutaneous signs in COVID‐19 patients: A review
5ebwryf8,jplp6mbx,0.9999999,Editor’s Focus,Editor’s Focus
img79spi,w49c13mf,0.9999999,Antimalarial Quinacrine and Chloroquine Lose Their Activity by Decreasing Cationic Amphiphilic Structure with a Slight Decrease in pH.,Antimalarial Quinacrine and Chloroquine Lose Their Activity by Decreasing Cationic Amphiphilic Structure with a Slight Decrease in pH
0e0stvsd,6gxlv2ci,0.9999999,BvDU Kurz notiert,BvDU Kurz notiert
m7ia89cy,wthclxbn,0.9999999,Building a hemodiafiltration system from readily available components for continuous renal replacement therapy under disasters and pandemics: preparing for an acute kidney injury surge during COVID-19,Building a hemodiafiltration system from readily available components for continuous renal replacement therapy under disasters and pandemics: preparing for an acute kidney injury surge during COVID-19.
dkv0003p,2fqfff0r,0.9999999,Hyperinflammatory Syndrome in Children Associated With COVID-19: Need for Awareness,Hyperinflammatory syndrome in children associated with COVID-19: need for awareness
7nci4q1q,ij7q14a1,0.9999999,Reflections on the lived experience of working with limited personal protective equipment during the COVID‐19 crisis,Reflections on the lived experience of working with limited personal protective equipment during the COVID-19 crisis
gsnr5k0d,tvk2k08k,0.9999999,"Experience of setting up of control room for COVID-19 at NCDC, New Delhi","Experience of setting up of Control room for COVID-19 at NCDC, New Delhi"
ifamg1ix,byq9xghc,0.9999999,"Clinical features, laboratory characteristics, and outcomes of patients hospitalized with coronavirus disease 2019 (COVID-19): Early report from the United States.","Clinical features, laboratory characteristics, and outcomes of patients hospitalized with coronavirus disease 2019 (COVID-19): Early report from the United States"
xvhqrbvn,jhu7xiay,0.9999999,"Operationalization of an Expanded Anteroom in a COVID-19 Dedicated Hospital, South Korea",Operationalization of an Expanded Anteroom in a COVID-19–Dedicated Hospital in South Korea
s4venhsi,6z74otzq,0.9999999,Global Perspectives: The COVID-19 Pandemic in 2020−2021 and Beyond,Global Perspectives: The COVID-19 Pandemic in 2020−2021 and Beyond
dw0k4rv6,z6ihqbxz,0.9999999,Moving beyond COVID-19 Surge—Caring for Patients with Kidney Disease throughout the Pandemic,Moving beyond COVID-19 Surge-Caring for Patients with Kidney Disease throughout the Pandemic.
dhcs6smm,9rxbmgot,0.9999999,Innovative use of artificial intelligence and digital communication in acute stroke pathway in response to COVID-19,Innovative use of artificial intelligence and digital communication in acute stroke pathway in response to COVID-19.
jziej8t9,vo6jdb65,0.9999999,In vivo monoclonal antibody efficacy against SARS-CoV-2 variant strains,In vivo monoclonal antibody efficacy against SARS-CoV-2 variant strains.
ursf2zhs,0cw9xcx9,0.9999999,Emotional Impact of Delay in Fertility Treatment due to COVID-19 Pandemic,Emotional Impact of Delay in Fertility Treatment due to COVID-19 Pandemic
jfz5slgn,8kn680oe,0.9999999,Exploring the capacity of aquatic biofilms to act as environmental DNA samplers: Test on macroinvertebrate communities in rivers,Exploring the capacity of aquatic biofilms to act as environmental DNA samplers: Test on macroinvertebrate communities in rivers.
04jih410,gtezs6lm,0.9999999,N-Acetylcysteine as Adjuvant Therapy for COVID-19 – A Perspective on the Current State of the Evidence,N-Acetylcysteine as Adjuvant Therapy for COVID-19-A Perspective on the Current State of the Evidence
989qzjqs,3z23lqu4,0.9999999,"Pandemic pressure: policy, politics, profession, and rapid publication","Pandemic pressure: policy, politics, profession, and rapid publication"
688ro8tr,cp19eonq,0.9999999,How will the SARS CoV-2 coronavirus pandemic affect the boreal summer?,How will the SARS CoV-2 coronavirus pandemic affect the Boreal summer?
jj1klalx,6jw7fdp2,0.9999999,Excessive inflammatory and metabolic responses to acute SARS-CoV-2 infection are associated with a distinct gut microbiota composition,Excessive inflammatory and metabolic responses to acute SARS-CoV-2 infection are associated with a distinct gut microbiota composition
y6a6wqcd,usudmsc9,0.9999999,Modeling of aerosol transmission of airborne pathogens in ICU rooms of COVID-19 patients with acute respiratory failure,Modeling of aerosol transmission of airborne pathogens in ICU rooms of COVID-19 patients with acute respiratory failure
h5au2h09,st8cyb1j,0.9999999,Data-driven modeling for different stages of pandemic response,Data-Driven Modeling for Different Stages of Pandemic Response
z6as1t2r,0a19v93t,0.9999999,Unraveling the Dynamic Importance of County-level Features in Trajectory of COVID-19,Unraveling the Dynamic Importance of County-level Features in Trajectory of COVID-19
7ma9a819,i90x2r7t,0.9999999,Cancer therapy and treatments during COVID-19 era,Cancer therapy and treatments during COVID-19 era
fxueqlhu,gwx0ay20,0.9999999,Clinical characteristics of COVID-19 infection in newborns and pediatrics: a systematic review,Clinical Characteristics of COVID-19 Infection in Newborns and Pediatrics: A Systematic Review
prb4dx42,5vodag6c,0.9999999,"Face Masks, Public Policies and Slowing the Spread of COVID-19: Evidence from Canada","Face Masks, Public Policies and Slowing the Spread of COVID-19: Evidence from Canada"
h63hg3n8,uq04zro5,0.9999999,Soft drinks can be misused to give false false positive SARS-CoV-2 lateral flow device results,Soft drinks can be misused to give false false positive SARS-CoV-2 lateral flow device results
1qc153nu,bu1n6frv,0.9999999,Mapping the T cell response to COVID-19,Mapping the T cell response to COVID-19
g1uar005,aho538qm,0.9999999,Telemedicine for pediatric physiatry: How social distancing can bring physicians and families closer together,Telemedicine for pediatric physiatry: How social distancing can bring physicians and families closer together.
wmegc9qs,lg3xvpb7,0.9999999,Maintaining Health and Well-Being by Putting Faith into Action During the COVID-19 Pandemic,Maintaining Health and Well-Being by Putting Faith into Action During the COVID-19 Pandemic
4hq1i3sc,blzjwr6n,0.9999999,"Electrochemical immunosensor platform based on gold-clusters, cysteamine and glutaraldehyde modified electrode for diagnosing COVID-19","Electrochemical immunosensor platform based on gold-clusters, cysteamine and glutaraldehyde modified electrode for diagnosing COVID-19"
hauq93v2,ofuxh0gs,0.9999999,Predictive effects of IgA and IgG combination to assess pulmonary exudation progression in COVID‐19 patients,Predictive effects of IgA and IgG combination to assess pulmonary exudation progression in COVID-19 patients
407aei2x,w3qgr8mx,0.9999999,Vegetation traits of pre-Alpine grasslands in southern Germany.,Vegetation traits of pre-Alpine grasslands in southern Germany
wp6aarwd,q0mdnicd,0.9999999,Characterization of humoral and SARS-CoV-2 specific T cell responses in people living with HIV,Characterization of humoral and SARS-CoV-2 specific T cell responses in people living with HIV
arpoigds,30cwyd2r,0.9999999,Targeted Rapid Testing for SARS-CoV-2 in the Emergency Department is Associated with Large Reductions in Uninfected Patient Exposure Time,Targeted Rapid Testing for SARS-CoV-2 in the Emergency Department is Associated with Large Reductions in Uninfected Patient Exposure Time
i1d0sr82,hkdglj7f,0.9999999,Gastrointestinal Symptoms Predict the Outcomes From COVID-19 Infection.,Gastrointestinal Symptoms Predict the Outcomes of COVID-19 Infection
gx6ikkwm,zepjoqwt,0.9999999,Verbraucherverschuldung und -überschuldung in Zeiten von COVID-19,Ursachen und Konsequenzen von Niedrigzinsen
5rb6wpsc,10qqvtpm,0.9999999,Hyperthyroidism due to involvement of thyroid gland in disseminated tuberculosis: A rare entity.,Hyperthyroidism due to involvement of thyroid gland in disseminated tuberculosis: A rare entity
wo4r7jvi,x8e03jka,0.9999999,Correction to Lancet Public Health 2020; 5: e425,Correction to Lancet Public Health 2021; 6: e175–83
5yxnf8me,ieakk2ar,0.9999999,Minimising missed opportunities to promote and deliver immunization services to middle and older age adults: Can hospital-based programs be a solution?,Minimising missed opportunities to promote and deliver immunization services to middle and older age adults: Can hospital-based programs be a solution?
dt8htmag,m96yad10,0.9999999,The Need and Benefit of Implementing Telemedicine in Clinical Practice,The Need And Benefit of Implementing Telemedicine in Clinical Practice
v2n7zdqf,fe5t5gkp,0.9999999,"Micronutrients Deficiency, Supplementation and Novel Coronavirus Infections—A Systematic Review and Meta-Analysis","Micronutrients Deficiency, Supplementation and Novel Coronavirus Infections–A Systematic Review and Meta-Analysis"
hu68nbzl,6gzdrti9,0.9999999,Serological Analysis Reveals an Imbalanced IgG Subclass Composition Associated with COVID-19 Disease Severity,Serological Analysis Reveals an Imbalanced IgG Subclass Composition Associated with COVID-19 Disease Severity
n9mn7slb,slq811rr,0.9999999,The Impact of the Covid-19 Pandemic on Global Population Ageing,The Impact of the Covid-19 Pandemic on Global Population Ageing
5r1kv9qe,gjtss2my,0.9999999,A nationwide study of Chlamydia trachomatis infections in Denmark during the COVID-19 pandemic,A nationwide study of Chlamydia trachomatis infections in Denmark during the COVID-19 pandemic
h91nsr0l,xvjqsr3r,0.9999999,Platform and Data Co-operatives Amidst European Pandemic Citizenship,Platform and Data Co-Operatives Amidst European Pandemic Citizenship
mbxv0rvw,7bhywdiv,0.9999999,Modeling of SARS-CoV-2 Treatment Effects for Informed Drug Repurposing,Modeling of SARS-CoV-2 Treatment Effects for Informed Drug Repurposing
l4ht74rr,4sd9ydzk,0.9999999,Coronavirus Disease 2019 With Acute Respiratory Distress Syndrome Mimicking Heart Failure Exacerbation: Time to Rethink,Coronavirus Disease 2019 With Acute Respiratory Distress Syndrome Mimicking Heart Failure Exacerbation: Time to Rethink
xenvteub,ndr4lpme,0.9999999,Usefulness of a multiplex immunodot in case of discordant results between automated COVID-19 serological assays,Usefulness of a multiplex immunodot in case of discordant results between automated COVID-19 serological assays
3cv8lf86,bb31p2rv,0.9999999,"Farmworkers-Always Essential, Always at Risk: An Interview With Jeannie Economos","Farmworkers-Always Essential, Always at Risk: An Interview With Jeannie Economos."
4yrsdkue,vgyb2k18,0.9999999,The Impact of Heterotopic Ossification on Self-Reported Outcomes After Total Hip Arthroplasty Using the Direct Anterior Approach,The Impact of Heterotopic Ossification on Self-Reported Outcomes After Total Hip Arthroplasty Using the Direct Anterior Approach.
jy4z31m7,dp72oizy,0.9999999,"Télésanté en contexte de pandémie et de déconfinement : Pratiques infirmières innovantes et partenariats pour des communautés équitables, sécuritaires et durables","Télésanté en contexte de pandémie et de déconfinement : Pratiques infirmières innovantes et partenariats pour des communautés équitables, sécuritaires et durables"
txu0o13j,erywcc9p,0.9999999,Binge watching and serial viewing: Comparing new media viewing habits in 2015 and 2020,Binge watching and serial viewing: Comparing new media viewing habits in 2015 and 2020
60e17al9,th7p2l23,0.9999999,Advancing emergency department-initiated buprenorphine,Advancing emergency department–initiated buprenorphine
3fwdnk56,bxmlwpgn,0.9999999,Usability evaluation of attitude control for a robotic wheelchair for tip mitigation in outdoor environments,Usability evaluation of attitude control for a robotic wheelchair for tip mitigation in outdoor environments.
vgewbbdj,vfuxz5uc,0.9999999,[Taste and smell loss in patients with COVID-19].,[Taste and smell loss in patients with COVID-19]
t8pltw5x,6j1bnt33,0.9999999,"SARS‐CoV‐2, COVID‐19, skin and immunology ‐ what do we know so far?","SARS-CoV-2, COVID-19, skin and immunology - What do we know so far?"
h7lunfvc,kcmyk25x,0.9999999,Ethical challenges for women's healthcare highlighted by the COVID-19 pandemic,Ethical challenges for women’s healthcare highlighted by the COVID-19 pandemic
l9eps8j8,mgqm9311,0.9999999,Influence of Community and Culture in the Ethical Allocation of Scarce Medical Resources in a Pandemic Situation: Deliberative Democracy Study,Influence of Community and Culture in the Ethical Allocation of Scarce Medical Resources in a Pandemic Situation: Deliberative Democracy Study
06yp7sn4,9fs3g2bn,0.9999999,Optimal vaccine allocation for COVID-19 in the Netherlands: A data-driven prioritization,Optimal vaccine allocation for COVID-19 in the Netherlands: a data-driven prioritization
gnfiaa2n,q39u3ky7,0.9999999,Orders & Contracts,Orders & Contracts
3w5kuocd,kdoz8kkd,0.9999999,Fc-optimized monoclonal antibodies show superior efficacy,Fc-optimized monoclonal antibodies show superior efficacy
al3hae06,7e0x1525,0.9999999,Keeping pace with climate change in global terrestrial protected areas,Keeping pace with climate change in global terrestrial protected areas.
ir8hfqiq,je77euk5,0.9999999,Time-to-Death Longitudinal Characterization of Clinical Variables and Longitudinal Prediction of Mortality in COVID-19 Patients: A Two-Center Study,Time-to-Death Longitudinal Characterization of Clinical Variables and Longitudinal Prediction of Mortality in COVID-19 Patients: A Two-Center Study
zkytb2m1,e5p3kazh,0.9999999,"SARS-CoV-2 Infection and Significance of Oral Health Management in the Era of ""the New Normal with COVID-19""",SARS-CoV-2 Infection and Significance of Oral Health Management in the Era of “the New Normal with COVID-19”
hj4sgi99,61wncrrn,0.9999999,43. SARS-CoV-2 Cycle threshold (Ct) values predict future COVID-19 cases,SARS-CoV-2 cycle threshold (Ct) values predict future COVID-19 cases
ge9v31ks,jqqz63kt,0.9999999,COVID-19: Challenges and Opportunities for Educators and Generation Z Learners,COVID-19: Challenges and Opportunities for Educators and Generation Z Learners
3i70ppgf,4ksvfalz,0.9999999,"A framework for research linking weather, climate and COVID-19","A framework for research linking weather, climate and COVID-19"
k20xqd9u,ha9klo07,0.9999999,Encephalopathy and bilateral thalamic lesions in a child with MIS-C associated with COVID-19,Encephalopathy and bilateral thalamic lesions in a child with MIS-C associated with COVID-19
f3f7yrzg,yz1l6hql,0.9999999,Tozinameran: Myopericarditis: case report,Elasomeran: Myopericarditis: case report
yvclvzxs,8so2mwql,0.9999999,Correction to: Pre-existing cerebrovascular disease and poor outcomes of COVID-19 hospitalized patients: a meta-analysis,Correction to: Pre-existing cerebrovascular disease and poor outcomes of COVID-19 hospitalized patients: a meta-analysis
gwukduj9,r3l8n239,0.9999999,SARS-CoV-2: pushing the E(nvelope),SARS‐CoV‐2: pushing the E(nvelope)
q7y0b0s5,p1y0zeo1,0.9999999,"A rapid qualitative assessment of the impact of the COVID-19 pandemic on a racially/ethnically diverse sample of gay, bisexual, and other men who have sex with men living with HIV in the US South","A rapid qualitative assessment of the impact of the COVID-19 pandemic on a racially/ethnically diverse sample of gay, bisexual, and other men who have sex with men living with HIV in the US South"
dywl2t59,6goj7ilh,0.9999999,COVID-19 Pandemic Planning: Simulation Models to Predict Biochemistry Test Capacity for Patient Surges,COVID-19 Pandemic Planning: Simulation models to predict biochemistry test capacity for patient surges
gyak2ypd,ii28v9bd,0.9999999,A Story of Hope: Leading Change beyond Borders through a Culturally Informed Focus,A STORY OF HOPE: LEADING CHANGE BEYOND BORDERS THROUGH A CULTURALLY INFORMED FOCUS
qhi41vfb,0j5xuktt,0.9999999,Data Safety Monitoring during Covid‐19: Keep On Keeping On,Data Safety Monitoring during Covid-19: Keep On Keeping On
bk2rciwm,bj477ukw,0.9999999,"Covid-19: Scottish government failed to act on pre-pandemic advice to bolster PPE supplies, report finds","Covid-19: Scottish government failed to act on pre-pandemic advice to bolster PPE supplies, report finds."
o0sjrxed,iyrc2x7l,0.9999999,Combining hydroxychloroquine and minocycline: potential role in moderate to severe COVID-19 infection.,Combining hydroxychloroquine and minocycline: potential role in moderate to severe COVID-19 infection
1dw921mp,wi6n6wo8,0.9999999,Chinese Public's Attention to the COVID-19 Epidemic on Social Media: Observational Descriptive Study,Chinese Public's Attention to the COVID-19 Epidemic on Social Media: Observational Descriptive Study
4x1yu5yq,doc939yq,0.9999999,"""I Can't Breathe""-COVID Perspectives as a Black Trainee",“I Can’t Breathe”—COVID-19 Perspectives as a Black Trainee
3nwu78ys,76hq26a4,0.9999999,Salvianolic acid C potently inhibits SARS-CoV-2 infection by blocking the formation of six-helix bundle core of spike protein,Salvianolic acid C potently inhibits SARS-CoV-2 infection by blocking the formation of six-helix bundle core of spike protein
l7sley1y,kuvdbr09,0.9999999,"COVID-19 mortality risk correlates inversely with vitamin D3 status, and a mortality rate close to zero could theoretically be achieved at 50 ng/ml 25(OH)D3: Results of a systematic review and meta-analysis","COVID-19 mortality risk correlates inversely with vitamin D3 status, and a mortality rate close to zero could theoretically be achieved at 50 ng/ml 25(OH)D3: Results of a systematic review and meta-analysis"
qyvqv4w8,gjm7h491,0.9999999,The COVID‐19 Economic Crisis,The COVID-19 Economic Crisis
itduscxq,8nvqt022,0.9999999,Blood group A epitopes do not facilitate entry of SARS‐CoV‐2,Blood group A epitopes do not facilitate entry of SARS-CoV-2
v89biey5,ypzh57zu,0.9999999,Excess Patient Visits for Cough and Pulmonary Disease at a Large US Health System in the Months Prior to the COVID-19 Pandemic: Time-Series Analysis,Excess Patient Visits for Cough and Pulmonary Disease at a Large US Health System in the Months Prior to the COVID-19 Pandemic: Time-Series Analysis
ja4t30rr,18l4fh8c,0.9999999,Correction to Lancet Respir Med 2020; published online Feb 21. https://doi.org/10.1016/S2213-2600(20)30079-5,Correction to Lancet Respir Med 2020; published online Feb 21. https://doi.org/10.1016/S2213-2600(20)30079-5
zfqzbeoj,2u806hu6,0.9999999,Predictive Factor for COVID-19 Worsening: Insights for High-Sensitivity Troponin and D-Dimer and Correlation With Right Ventricular Afterload,Predictive Factor for COVID-19 Worsening: Insights for High-Sensitivity Troponin and D-Dimer and Correlation With Right Ventricular Afterload
gufkvmdb,kqpvr71h,0.9999999,COVID-19 in children: analysis of the first pandemic peak in England,COVID-19 in children: analysis of the first pandemic peak in England
izouz95r,pvshw2pn,0.9999999,"Estimated incidence of COVID-19 illness and hospitalization - United States, February-September, 2020","Estimated incidence of COVID-19 illness and hospitalization — United States, February–September, 2020"
57v3suty,5a5hujw7,0.9999999,TMPRSS2 promotes SARS-CoV-2 evasion from NCOA7-mediated restriction,TMPRSS2 promotes SARS-CoV-2 evasion from NCOA7-mediated restriction
hrejuiw0,o2iwb2mk,0.9999999,An Emotion Care Model using Multimodal Textual Analysis on COVID-19,An Emotion Care Model using Multimodal Textual Analysis on COVID-19
bxqlan20,hzuw5u4p,0.9999999,Psychosocial factors and hospitalisations for COVID-19: Prospective cohort study based on a community sample,Psychosocial factors and hospitalisations for COVID-19: Prospective cohort study based on a community sample
8o84n30p,gk1vqlaz,0.9999999,COVID-19: concern about interrupting social isolation of healthcare workers and professionals. What should be done with the results of the available COVID-19 diagnostic tests?,COVID-19: concern about interrupting social isolation of healthcare workers and professionals. What should be done with the results of the available COVID-19 diagnostic tests?
ihtmnb0n,flse51ql,0.9999999,Rationales and uncertainties for aspirin use in COVID-19: a narrative review,Rationales and uncertainties for aspirin use in COVID-19: a narrative review
ja4t30rr,lt5vidns,0.9999999,Correction to Lancet Respir Med 2020; published online Feb 21. https://doi.org/10.1016/S2213-2600(20)30079-5,Correction to Lancet Respir Med 2022; published online Feb 3. https://doi.org/10.1016/S2213-2600(22)00006-6
vy23fkc7,b0j7rv9g,0.9999999,SARS-CoV-2 Antibody Avidity Responses in COVID-19 Patients and Convalescent Plasma Donors,SARS-CoV-2 Antibody Avidity Responses in COVID-19 Patients and Convalescent Plasma Donors
0fp2j24u,5jl38o12,0.9999999,Predictive determinants of overall survival among re-infected COVID-19 patients using the elastic-net regularized Cox proportional hazards model: a machine-learning algorithm,Predictive determinants of overall survival among re-infected COVID-19 patients using the elastic-net regularized Cox proportional hazards model: a machine-learning algorithm
w96iclw2,cw6dwb8i,0.9999999,Identifying primate ACE2 variants that confer resistance to SARS-CoV-2,Identifying primate ACE2 variants that confer resistance to SARS-CoV-2
xarix8ue,ww5k7bsj,0.9999999,Structural analysis of the Spike of the Omicron SARS-COV-2 variant by cryo-EM and implications for immune evasion,Structural analysis of the Spike of the Omicron SARS-COV-2 variant by Cryo-EM and implications for immune evasion
2hf528ro,03y8uv1l,0.9999999,Broad and potent activity against SARS-like viruses by an engineered human monoclonal antibody,Broad and Potent Activity Against Sars-Like Viruses by an Engineered Human Monoclonal Antibody
ege96sfz,csxv533n,0.9999999,COVID-19 and the need to prioritize health equity and social determinants of health,COVID-19 and the need to prioritize health equity and social determinants of health
ojco4fjv,sz8abu0j,0.9999999,Pflegepolitik in 5 Minuten,Pflegepolitik in 5 Minuten
of6ywna8,h434u26w,0.9999999,Monitoring COVID‐19 contagion growth,Monitoring COVID-19 contagion growth
sfdeqxh2,snvzc8dv,0.9999999,Radial Artery versus Bilateral Mammary Composite Y Coronary Artery Grafting: 15-year Outcomes.,Radial Artery versus Bilateral Mammary Composite Y Coronary Artery Grafting: 15-year Outcomes
b6k8op0b,4xbc29sy,0.9999999,The Rise and Fall of Chloroquine/Hydroxychloroquine as Compassionate Therapy of COVID-19,The Rise and Fall of Chloroquine/Hydroxychloroquine as Compassionate Therapy of COVID-19
4mhrv6eq,tww10fhq,0.9999999,Positive RT-PCR nasopharyngeal swab in patients recovered from COVID-19 disease: When does quarantine really end?,Positive RT-PCR nasopharyngeal swab in patients recovered from COVID-19 disease: When does quarantine really end?
18l4fh8c,lt5vidns,0.9999999,Correction to Lancet Respir Med 2020; published online Feb 21. https://doi.org/10.1016/S2213-2600(20)30079-5,Correction to Lancet Respir Med 2022; published online Feb 3. https://doi.org/10.1016/S2213-2600(22)00006-6
egimoent,bwvp0196,0.9999999,"Predictive factors for disease progression in hospitalized patients with coronavirus disease 2019 in Wuhan, China","Predictive factors for disease progression in hospitalized patients with Coronavirus Disease 2019 in Wuhan, China"
u87lx38h,1q47uy7f,0.9999999,Primum non nocere – Are chloroquine and hydroxychloroquine safe prophylactic/treatment options for SARS-CoV-2 (covid-19)?,Primum non nocere - Are chloroquine and hydroxychloroquine safe prophylactic/treatment options for SARS-CoV-2 (covid-19)?
sth9vbto,659lz92w,0.9999999,COVID-19 and cardiovascular disease,Cardiovascular disease and COVID-19
qnzq8iv9,m9qiodpx,0.9999999,Homologies between SARS-CoV-2 and allergen proteins may direct T cell-mediated heterologous immune responses,Homologies between SARS-CoV-2 and allergen proteins may direct T cell-mediated heterologous immune responses
y6aphmr9,yw6tngvy,0.9999999,Retrospective Detection of SARS-CoV-2 in Symptomatic Patients prior to Widespread Diagnostic Testing in Southern California,Retrospective Detection of SARS-CoV-2 in Symptomatic Patients prior to Widespread Diagnostic Testing in Southern California
moenx176,nblbacmn,0.9999999,Potential Impact of the COVID-19 Pandemic on Communication and Language Skills in Children,Potential Impact of the COVID-19 Pandemic on Communication and Language Skills in Children.
h6kb0nsr,75iv3s9j,0.9999999,COVID-19 in cancer patients,43 COVID-19 in Patients With Cancer
8k992qyg,oh837hyn,0.9999999,"Haloculture: A system to mitigate the negative impacts of pandemics on the environment, society and economy, emphasizing COVID-19","Haloculture: A system to mitigate the negative impacts of pandemics on the environment, society and economy, emphasizing COVID-19"
nklvqvfc,2ivpzj72,0.9999999,The impact of COVID-19 on gambling and gambling disorder: emerging data,The impact of COVID-19 on gambling and gambling disorder: emerging data
edf6cyl6,tmvetq16,0.9999998,Coalition of the Willing Takes Aim at COVID-19,Coalition of the willing takes aim at COVID-19
1vwy9yiz,0tzxcfep,0.9999998,Public health round-up.,Public health round-up
6vwpg59q,smylaett,0.9999998,Impact of COVID-19 on Aesthetic Plastic Surgery Practice in the United Kingdom,Impact of COVID-19 on Aesthetic Plastic Surgery Practice in the United Kingdom
pkgivgjy,kpdfkl4e,0.9999998,Current Status of the COVID-19 Outbreak and Emerging Management through Pharmaceutical Therapeutic Strategy,Current Status of the COVID-19 Outbreak and Emerging Management through Pharmaceutical Therapeutic Strategy.
we5lrfmu,l00bajkk,0.9999998,417. Comparative Assessment of Multiple SARS-CoV-2 Antibody and Neutralization Assays from Blood Samples in COVID-19 Infected Patients,417. Comparative Assessment of Multiple SARS-CoV-2 Antibody and Neutralization Assays from Blood Samples in COVID-19 Infected Patients
nhz3pye2,4tmsay3w,0.9999998,Unprotected mothers and infants breastfeeding in public amenities during the COVID-19 pandemic,Unprotected mothers and infants breastfeeding in public amenities during the COVID-19 pandemic
1vwy9yiz,r7d4cl3x,0.9999998,Public health round-up.,Public health round-up
h67vvrtd,hzt64oy3,0.9999998,In silico study on the effects of disulfide bonds in ORF8 of SARS-CoV-2,In silico study on the effects of disulfide bonds in ORF8 of SARS-CoV-2
2oe4yxvr,fgbmc808,0.9999998,Investigation of 100 SARS-CoV-2 infected families in Wuhan: Transmission patterns and follow-up,Investigation of 100 SARS-CoV-2 infected families in Wuhan: Transmission patterns and follow-up
1vwy9yiz,gk23aq2e,0.9999998,Public health round-up.,Public health round-up
0pn0869i,uol383do,0.9999998,Clinical PET/CT utilization during the COVID-19 pandemic: initial experience at Yale University,Clinical PET/CT utilization during the COVID-19 pandemic: initial experience at Yale University
1vwy9yiz,bfwoqci2,0.9999998,Public health round-up.,Public health round-up
8pgxbpld,xodgoo3a,0.9999998,Carvedilol and COVID-19: A Potential Role in Reducing Infectivity and Infection Severity of SARS-CoV-2,Carvedilol and COVID-19: A Potential Role in Reducing Infectivity and Infection Severity of SARS-CoV-2
gxqvceue,of83iwho,0.9999998,Assessment of fetal Doppler parameters in pregnant women with COVID-19 infection: a prospective case-control study,Assessment of fetal Doppler parameters in pregnant women with COVID-19 infection: a prospective case-control study.
1vwy9yiz,oherdkfq,0.9999998,Public health round-up.,Public health round-up
2jybuajl,nd80gerj,0.9999998,“Political blue sky” in fog and haze governance: evidence from the local major international events in China,"""Political blue sky"" in fog and haze governance: evidence from the local major international events in China"
pqm4veyn,uelhp3rx,0.9999998,Prevention and Treatment of Venous Thromboembolism Associated with Coronavirus Disease 2019 Infection: A Consensus Statement before Guidelines,Prevention and Treatment of Venous Thromboembolism Associated with Coronavirus Disease 2019 Infection: A Consensus Statement before Guidelines
nnzhntvc,0q03ar7r,0.9999998,"Daily Situation Report on Coronavirus disease (COVID-19) in Iran; March 14, 2020","Daily Situation Report on Coronavirus disease (COVID-19) in Iran; March 15, 2020."
8qioqvod,88jotedm,0.9999998,"Severity of the COVID-19 Pandemic in India. The Case of Three States: Maharashtra, Jharkhand and Meghalaya","Severity of the COVID-19 pandemic in India. The case of three states: Maharashtra, Jharkhand and Meghalaya"
nnzhntvc,nqdaul6s,0.9999998,"Daily Situation Report on Coronavirus disease (COVID-19) in Iran; March 14, 2020","Daily Situation Report on Coronavirus disease (COVID-19) in Iran; March 13, 2020."
m0c36v4o,hwpofhxa,0.9999998,Pneumothorax in patients with coronavirus disease 2019 pneumonia with invasive mechanical ventilation,Pneumothorax in patients with coronavirus disease 2019 pneumonia with invasive mechanical ventilation
u95kg3m0,dqpo7m5x,0.9999998,Prothrombotic autoantibodies in serum from patients hospitalized with COVID-19,Prothrombotic autoantibodies in serum from patients hospitalized with COVID-19
882w4eaa,lylag3xk,0.9999998,"Severe Acute Respiratory Syndrome Coronavirus 2 (SARS-CoV-2) Infecting Pregnant Women and the Fetus, Intrauterine Transmission and Placental Pathology During the Coronavirus Disease 2019 (COVID-19) Pandemic: It's Complicated.","Severe Acute Respiratory Syndrome Coronavirus 2 (SARS-CoV-2) Infecting Pregnant Women and the Fetus, Intrauterine Transmission and Placental Pathology During the Coronavirus Disease 2019 (COVID-19) Pandemic: It's Complicated"
6ejmt2kq,ouxdz17c,0.9999998,Clinician views on best practice community care for people with complex emotional needs and how it can be achieved: a qualitative study,Clinician views on best practice community care for people with complex emotional needs and how it can be achieved: a qualitative study
cbipw2jl,2ujr043p,0.9999998,COVID-19: do it like Greece. Why Greece is coping with COVID-19 better than other countries?,COVID-19: do it like Greece. Why Greece is coping with COVID-19 better than other countries?
yleilm28,lk0dbg8f,0.9999998,"Nebulised heparin for patients with or at risk of acute respiratory distress syndrome: a multicentre, randomised, double-blind, placebo-controlled phase 3 trial","Nebulised heparin for patients with or at risk of acute respiratory distress syndrome: a multicentre, randomised, double-blind, placebo-controlled phase 3 trial"
ysxzqi6a,il435fj9,0.9999998,Comparison of aerosol box intubation with C-MAC video laryngoscope and direct laryngoscopy—A randomised controlled trial,Comparison of aerosol box intubation with C-MAC video laryngoscope and direct laryngoscopy - A randomised controlled trial
iysdeb2l,nkjhl2ai,0.9999998,Delayed surgery versus nonoperative treatment for hip fractures in post-COVID-19 situation,Delayed surgery versus nonoperative treatment for hip fractures in post-COVID-19 situation
4otlnawv,7n0m1h8z,0.9999998,Vaccinating Australia: How long will it take?,Vaccinating Australia: How long will it take?
c93bdczf,w2pot4kz,0.9999998,Case Report: Diabetic nephropathy aggravates the progression and prognosis of COVID-19-associated acute limb ischemia,Case Report: Diabetic nephropathy aggravates the progression and prognosis of COVID-19-associated acute limb ischemia.
bd27zwdo,1w48yv4x,0.9999998,Modelling Suggests Limited Change in the Reproduction Number from Reopening Norwegian Kindergartens and Schools During the COVID-19 Pandemic,Modelling suggests limited change in the reproduction number from reopening Norwegian kindergartens and schools during the COVID-19 pandemic
i696fyja,frshdxqv,0.9999998,Authors’ correction for Euro Surveill. 2020;25(9),Authors’ correction for Euro Surveill. 2021;26(24)
i696fyja,0tmn3z4w,0.9999998,Authors’ correction for Euro Surveill. 2020;25(9),Authors' correction for Euro Surveill. 2020;25(17)
nnzhntvc,3q90hw3e,0.9999998,"Daily Situation Report on Coronavirus disease (COVID-19) in Iran; March 14, 2020","Daily Situation Report on Coronavirus disease (COVID-19) in Iran;March 17, 2020"
k6l4wgvu,u3089ogi,0.9999998,Invasive pulmonary aspergillosis and hyperthermia in an immunocompetent patient with COVID-19,Invasive pulmonary aspergillosis and hyperthermia in an immunocompetent patient with COVID-19
j6urn04w,m6vahvhs,0.9999998,Community–academic partnerships addressing local health inequalities during COVID-19: a qualitative evaluation,Community-academic partnerships addressing local health inequalities during COVID-19: a qualitative evaluation
0syudviv,toia7rtt,0.9999998,Authors’ response: Plenty of coronaviruses but no SARS-CoV-2,Authors' response: Plenty of coronaviruses but no SARS-CoV-2
pz0uddf7,zxg4n90p,0.9999998,Analytical and Numerical Investigation of the Airflow in Face Masks used for Protection against COVID-19 Virus - Implications for Mask Design and Usage,Analytical and numerical investigation of the airflow in face masks used for protection against COVID-19 virus -- implications for mask design and usage
0tzxcfep,r7d4cl3x,0.9999998,Public health round-up,Public health round-up
ws5vj5eg,ks2mzwmv,0.9999998,The Psychological Impact of COVID-19 on Medical Care Workers in China,Psychological impact of COVID-19 on medical care workers in China
0tzxcfep,gk23aq2e,0.9999998,Public health round-up,Public health round-up
rd76izq7,h1xarzwd,0.9999998,Dermatological findings in SARS-CoV-2 positive patients: An observational study from North India,Dermatological findings in SARS‐CoV‐2 positive patients: An observational study from North India
l7bzfze4,qdhlbrr4,0.9999998,"Retrospective cohort study of COVID-19 among children in Fulton County, Georgia, March 2020–June 2021","A Retrospective Cohort Study of COVID-19 among Children in Fulton County, Georgia, March 2020 - June 2021"
8vgqs2tf,hqu6s3uw,0.9999998,Creative reconstruction a structured literature review of the early empirical research on the COVID ‑ 19 crisis and entrepreneurship,Creative reconstruction: a structured literature review of the early empirical research on the COVID-19 crisis and entrepreneurship
tsjwnvkk,z4mztxi6,0.9999998,Coronaviruses in farm animals: Epidemiology and public health implications,Coronaviruses in farm animals: Epidemiology and public health implications
0tzxcfep,bfwoqci2,0.9999998,Public health round-up,Public health round-up
3xynl1ih,49sebs65,0.9999998,COVID-19 in Nigeria: Is the Pharmaceutical Sector Spared?,COVID-19 in Nigeria: Is the Pharmaceutical Sector Spared?
o90v5gh7,erw8vzab,0.9999998,"Evidence of Human-Level Bonds Established With a Digital Conversational Agent: Cross-sectional, Retrospective Observational Study","Evidence of Human-Level Bonds Established With a Digital Conversational Agent: Cross-sectional, Retrospective Observational Study"
rhuez1yk,ez4vguqu,0.9999998,"Large loss in studying time during the closure of schools in Switzerland in 2020: This version: September 28, 2020","Large loss in studying time during the closure of schools in Switzerland in 2020 This version: September 28, 2020"
am1vowkj,8camgir1,0.9999998,"Lack of effects on female fertility and prenatal and postnatal offspring development in rats with BNT162b2, a mRNA-based COVID-19 vaccine","Lack of effects on female fertility and prenatal and postnatal offspring development in rats with BNT162b2, a mRNA-based COVID-19 vaccine"
0tzxcfep,oherdkfq,0.9999998,Public health round-up,Public health round-up
t64bc3ny,dt0087na,0.9999998,The Leading Causes of Death in the US for 2020.,The Leading Causes of Death in the US for 2020
24rn45rf,22d3dfvk,0.9999998,Covid-19 effects on the workload of Iranian healthcare workers,Covid-19 effects on the workload of Iranian healthcare workers
jggdw8n7,il81ff46,0.9999998,Nutrition Counseling for Weight Management During the COVID-19 Pandemic,Nutrition Counseling for Weight Management During the COVID-19 Pandemic
cu5ypobz,fg3be7gq,0.9999998,COVID-19 Evidence Accelerator: A parallel analysis to describe the use of Hydroxychloroquine with or without Azithromycin among hospitalized COVID-19 patients,COVID-19 Evidence Accelerator: A parallel analysis to describe the use of Hydroxychloroquine with or without Azithromycin among hospitalized COVID-19 patients
6ptdkrjy,s98z1ae3,0.9999998,MAUERWERK aktuell 3/20,Aktuell
iuqjcv26,541ggkxu,0.9999998,SCIENTIFIC ABSTRACTS,Scientific Abstracts
odqlm93q,g7cp75s3,0.9999998,Tocilizumab for hospitalized patients with COVID-19,Tocilizumab for hospitalized patients with COVID-19
6ptdkrjy,ofz4dywk,0.9999998,MAUERWERK aktuell 3/20,/ Aktuell /
vxgf1qg8,w0fwdo33,0.9999998,Disease-Modifying Therapies and Coronavirus Disease 2019 Severity in Multiple Sclerosis,Disease‐Modifying Therapies and Coronavirus Disease 2019 Severity in Multiple Sclerosis
6ptdkrjy,3eqqhgug,0.9999998,MAUERWERK aktuell 3/20,Aktuell
gky1nxrd,2gs1af8f,0.9999998,SARS-CoV-2 : sensibilité des espèces animales et risques en santé publique(): Avis de l’Académie nationale de médecine et de l’Académie vétérinaire de France,SARS-CoV-2 : sensibilité des espèces animales et risques en santé publique: Avis de l'Académie nationale de médecine et de l'Académie vétérinaire de France
6ptdkrjy,bxy13q5u,0.9999998,MAUERWERK aktuell 3/20,Aktuell: Stahlbau 4/21
6ptdkrjy,vlyxwqmr,0.9999998,MAUERWERK aktuell 3/20,Aktuell
31mrb6wx,wejrmxmz,0.9999998,News and views.,News & Views
31mrb6wx,keq5idua,0.9999998,News and views.,News and views.
1fum1g9b,hlh8lq3s,0.9999998,The Middle East Respiratory Syndrome (MERS),Middle East Respiratory Syndrome (MERS).
31mrb6wx,i4kyfbkw,0.9999998,News and views.,News and views.
px5pi3tg,0r860k0l,0.9999998,PIMS: Nach SARS-CoV-2-Infektion aus dem Nichts aufgetaucht,PIMS: Nach SARS-CoV-2-Infektion aus dem Nichts aufgetaucht
for9i7o2,7yoziu7k,0.9999998,Detection and elimination of a novel non-toxigenic Clostridioides difficile strain from the microbiota of a mouse colony,Detection and elimination of a novel non-toxigenic Clostridioides difficile strain from the microbiota of a mouse colony.
mdsnqd8l,h6qm2roe,0.9999998,Behavioral changes in patients with diabetes during the COVID-19 pandemic,Behavioral changes in patients with diabetes during the COVID-19 pandemic
q5p0ie3j,ozy39172,0.9999998,The role of cardiac imaging in hospitalized COVID-19-positive patients.,The role of cardiac imaging in hospitalized COVID-19-positive patients
xmjmwxfn,61w6rve9,0.9999998,55. Jahrestagung der Deutschen Gesellschaft für Neuroradiologie e.V.,Mitteilungen der Deutschen Gesellschaft für Neurologie
xmjmwxfn,4z26igx1,0.9999998,55. Jahrestagung der Deutschen Gesellschaft für Neuroradiologie e.V.,Mitteilungen der Deutschen Gesellschaft für Neurologie
fomga0mj,oyn1caqu,0.9999998,"HIV care during the coronavirus disease-2019 pandemic in Shenzhen, China","HIV care during the coronavirus disease-2019 pandemic in Shenzhen, China"
xmjmwxfn,plzxntsy,0.9999998,55. Jahrestagung der Deutschen Gesellschaft für Neuroradiologie e.V.,Mitteilungen der Deutschen Gesellschaft für Neurologie
oso5salw,p5h0z9mv,0.9999998,Telehealth in Australian Cardiology: Insight into Factors Predicting the Use of Telephone Versus Video During the COVID-19 Pandemic,Telehealth in Australian cardiology: insight into factors predicting the use of telephone versus video during the COVID‐19 pandemic
xmjmwxfn,eeol4xkf,0.9999998,55. Jahrestagung der Deutschen Gesellschaft für Neuroradiologie e.V.,Mitteilungen der Deutschen Gesellschaft für Epileptologie e. V.
v2mt5fg5,7wbn0jim,0.9999998,Antiviral activity of sulfated polysaccharides from marine algae and its application in combating COVID-19: Mini review,Antiviral activity of sulfated polysaccharides from marine algae and its application in combating COVID-19: Mini review
72l1j6iv,hpg9ibb4,0.9999998,Civic capital and social distancing during the Covid-19 pandemic,Civic capital and social distancing during the Covid-19 pandemic(☆)
ae01bnp7,lg6qd9k0,0.9999998,Latin America Face Global Threats: Movement of Capital and Investment Attractiveness,Latin America Face Global Threats: Movement of Capital and Investment Attractiveness
9o24f36b,eivxo21o,0.9999998,World Veterinary Association Congress special review series.,World Veterinary Association Congress special review series
ivsdfgpz,e4kp5my9,0.9999998,Recovery from COVID-19 Pneumonia in a Patient with Acute Severe Colitis,Recovery from COVID-19 Pneumonia in a Patient with Acute Severe Colitis
9y54vxuc,orfun0em,0.9999998,Ensuring High and Equitable COVID-19 Vaccine Uptake Among Patients With IBD,Ensuring High and Equitable COVID-19 Vaccine Uptake Among Patients With IBD
d9f3tsk6,shvguqks,0.9999998,A Multidisciplinary Team Approach for Triage of Elective Cancer Surgery at the Massachusetts General Hospital During the Novel Coronavirus COVID-19 Outbreak,A Multidisciplinary Team Approach for Triage of Elective Cancer Surgery at the Massachusetts General Hospital During the Novel Coronavirus COVID-19 Outbreak
kzt09vmf,sdxrkiut,0.9999998,Time-series clustering for home dwell time during COVID-19: what can we learn from it?,Time-Series Clustering for Home Dwell Time during COVID-19: What Can We Learn from It?
dtx3rpvh,gle9hiwr,0.9999998,Association of antihypertensive agents with the risk of in-hospital death in patients with Covid-19,Association of Antihypertensive Agents with the Risk of In-Hospital Death in Patients with Covid-19
olfn4ktu,de68g5ne,0.9999998,A Geography of Risk: Structural Racism and COVID-19 Mortality in the United States,A Geography of Risk: Structural Racism and COVID-19 Mortality in the United States
dyzpymow,gpbw4gx3,0.9999998,"Pharmacokinetics and Safety of XAV-19, a Swine Glyco-humanized Polyclonal Anti-SARS-CoV-2 Antibody, for COVID-19-Related Moderate Pneumonia: a Randomized, Double-Blind, Placebo-Controlled, Phase IIa Study","Pharmacokinetics and Safety of XAV-19, a Swine Glyco-humanized Polyclonal Anti-SARS-CoV-2 Antibody, for COVID-19-Related Moderate Pneumonia: a Randomized, Double-Blind, Placebo-Controlled, Phase IIa Study"
s47n5tb9,ykwh19ks,0.9999998,"Acceleration of Anxiety, Depression, and Suicide: Secondary Effects of Economic Disruption Related to COVID-19","Acceleration of Anxiety, Depression, and Suicide: Secondary Effects of Economic Disruption Related to COVID-19"
k1cg37fa,u8jppgsv,0.9999998,Evisceration of small bowel through spontaneous perforation of rectum: Case report and review of literature,Evisceration of small bowel through spontaneous perforation of rectum: Case report and review of literature.
mm5l9meq,qkt5kiua,0.9999998,An imperative to offer pregnant and lactating women access to the COVID-19 vaccination roll-out programme.,An imperative to offer pregnant and lactating women access to the COVID-19 vaccination roll-out programme
fcaa72em,nc6nfg8o,0.9999998,[Obesity surgery and COVID-19 pandemic: What is the suitable attitude to adopt?],Obesity surgery and COVID-19 pandemic: What is the suitable attitude to adopt?
xpupb8pq,51ljxy72,0.9999998,Vaccine Candidates against Coronavirus Infections. Where Does COVID-19 Stand?,Vaccine Candidates against Coronavirus Infections. Where Does COVID-19 Stand?
75olpaoo,0d682m0n,0.9999998,Biomedical Vignette,Biomedical vignette
u1fykhga,3sit0ar5,0.9999998,Cross-Canada updates.,Cross-Canada updates
1cjwtmme,l9a5a6yr,0.9999998,Covid-19 and the credit cycle: 2020 revisited and 2021 outlook,COVID-19 and the Credit Cycle: 2020 Revisited and 2021 Outlook
durih4yv,g05y06mo,0.9999998,Topographic analysis of retinal and choroidal microvasculature according to diabetic retinopathy severity using optical coherence tomography angiography,Topographic analysis of retinal and choroidal microvasculature according to diabetic retinopathy severity using optical coherence tomography angiography.
pn098k88,w9h24b8z,0.9999998,Bioterrorism,Bioterrorism
vvu56g93,icdxuxp9,0.9999998,Management of NMIBC during BCG shortage and COVID‐19,Management of NMIBC during BCG shortage and COVID-19
0q03ar7r,nqdaul6s,0.9999998,"Daily Situation Report on Coronavirus disease (COVID-19) in Iran; March 15, 2020.","Daily Situation Report on Coronavirus disease (COVID-19) in Iran; March 13, 2020."
fadyhdb4,kd9fw7fh,0.9999998,Author's Reply,Author's reply
dvaz6ahg,1zet9g09,0.9999998,Clinical study on swallowing function of brainstem stroke by tDCS,Clinical study on swallowing function of brainstem stroke by tDCS.
sjmm47s9,7f8d2x2h,0.9999998,Trusted sources critical for COVID-19 vaccine outreach,Trusted sources critical for COVID-19 vaccine outreach
f7zdizgi,fz57nbe3,0.9999998,State broadband policy: Impacts on availability,State broadband policy: Impacts on availability
a7rdn0w3,r34fe488,0.9999998,Why Are We Not There Yet?,Why Are We Not There Yet?
tflnzcek,rgvyxi9s,0.9999998,Chemical profiling of selected Ayurveda formulations recommended for COVID-19,Chemical profiling of selected Ayurveda formulations recommended for COVID-19
fadyhdb4,naae4qxz,0.9999998,Author's Reply,Author reply.
bmsptvpx,bc3ocu5h,0.9999998,Auslobung: Deutscher Architekturpreis 2021,Deutscher Kongress für Versorgungsforschung – Nachlese
0q03ar7r,3q90hw3e,0.9999998,"Daily Situation Report on Coronavirus disease (COVID-19) in Iran; March 15, 2020.","Daily Situation Report on Coronavirus disease (COVID-19) in Iran;March 17, 2020"
j4v8hmin,2czqs84q,0.9999998,SARS-CoV-2 and the Nervous System: From Clinical Features to Molecular Mechanisms,SARS-CoV-2 and the Nervous System: From Clinical Features to Molecular Mechanisms
zf3vvjxj,inzkqucb,0.9999998,Introductions to the Community: Early-Career Researchers in the Time of COVID-19,Introductions to the community: Early-career researchers in the time of COVID-19
aqua451a,h76kvfbn,0.9999998,True Stories: Facing COVID-19 With Courage and Humility.,True Stories: Facing COVID-19 With Courage and Humility
4uwndms4,nr0akd7k,0.9999998,Essential notes: The use of Lung Ultrasound for COVID-19 in the intensive care unit,Essential notes: The use of Lung Ultrasound for COVID-19 in the intensive care unit
g9vm3jui,yyuigkh3,0.9999998,UVC Germicidal Units: Determination of Dose Received and Parameters to be Considered for N95 Respirator Decontamination and Reuse,UVC Germicidal Units: Determination of Dose Received and Parameters to be Considered for N95 Respirator Decontamination and Reuse
ahh07u2i,4d9lsq8c,0.9999998,"Body weight, body composition and the risk of SARS‐CoV‐2 infection in a large population‐based sample","Body weight, body composition and risk of SARS-CoV-2 infection in a large population-based sample"
zf3vvjxj,zh834e6j,0.9999998,Introductions to the Community: Early-Career Researchers in the Time of COVID-19,Introductions to the Community: Early-Career Researchers in the Time of COVID-19.
x25x2mxs,yonqsvhu,0.9999998,Peer-to-Peer Health Communication in Older Adults' Online Communities: Protocol for a Qualitative Netnographic Study and Co-Design Approach,Peer-to-Peer Health Communication in Older Adults’ Online Communities: Protocol for a Qualitative Netnographic Study and Co-Design Approach
kcs13ajr,tx1o6mtq,0.9999998,Reducing the stigma of mental health disorders with a focus on low- and middle-income countries,Reducing the stigma of mental health disorders with a focus on low- and middle-income countries.
i4hx9cdn,lbkcqoe3,0.9999998,A simple method against spread of COVID-19 when using a supraglottic airway for intermittent positive pressure ventilation during general anesthesia,A simple method against spread of COVID-19 when using a supraglottic airway for intermittent positive pressure ventilation during general anesthesia.
jw3vtokb,bgdefwzq,0.9999998,Update: COVID-19,Covid-19 update
jw3vtokb,j2qq27vh,0.9999998,Update: COVID-19,Schlafbezogene Atmungsstörungen – Update 2021
r38casaw,yf4dbqwk,0.9999998,A modified Susceptible-Infected-Recovered model for observed under-reported incidence data,A modified Susceptible-Infected-Recovered model for observed under-reported incidence data
uk8rfroj,mdvepozl,0.9999998,Complete Genome Sequence of a 2019 Novel Coronavirus (SARS-CoV-2) Strain Isolated in Nepal,Complete genome sequence of a 2019 novel coronavirus (SARS-COV-2) strain isolated in Nepal
oori358b,hgddbay9,0.9999998,Spread of Covid-19 in urban neighbourhoods and slums of the developing world,Spread of COVID-19 in urban neighbourhoods and slums of the developing world
hq6eecxc,iluzvjoh,0.9999998,Effect of Tocilizumab vs Standard Care on Clinical Worsening in Patients Hospitalized With COVID-19 Pneumonia: A Randomized Clinical Trial,Effect of Tocilizumab vs Standard Care on Clinical Worsening in Patients Hospitalized With COVID-19 Pneumonia: A Randomized Clinical Trial.
6466sopt,0j6wcfzg,0.9999998,A graphene oxide coated tapered microfiber acting as a super-sensor for rapid detection of SARS-CoV-2,A graphene oxide coated tapered microfiber acting as a super-sensor for rapid detection of SARS-CoV-2.
k1ki1ukz,ez2cvaum,0.9999998,The impact of COVID-19 on the diagnosis of TB in Taiwan.,The impact of COVID-19 on the diagnosis of TB in Taiwan
1s87msv2,roobzvha,0.9999998,Olfactory and taste disorder: The first and only sign in a patient with SARS-CoV-2 pneumonia,Olfactory and taste disorder: The first and only sign in a patient with SARS-CoV-2 pneumonia
rjj0yvkd,j15rhuwf,0.9999998,Managing Sick Leave in the University: Bureaucracy and Discretion,Managing Sick Leave in the University: Bureaucracy and Discretion
inzkqucb,zh834e6j,0.9999998,Introductions to the community: Early-career researchers in the time of COVID-19,Introductions to the Community: Early-Career Researchers in the Time of COVID-19.
62jqu6zl,trqshath,0.9999998,I Will Survive: How NPR1 Condensation Promotes Plant Cell Survival,I Will Survive: How NPR1 Condensation Promotes Plant Cell Survival.
455raqy8,qvg62i6x,0.9999998,Asymptotic properties of Principal Component Analysis and shrinkage-bias adjustment under the Generalized Spiked Population model,Asymptotic properties of principal component analysis and shrinkage-bias adjustment under the generalized spiked population model
hijvhk0t,o79w8n3c,0.9999998,Aus der Branche,Aus der Branche
3wvo8t90,h3gyevzr,0.9999998,COVID-19 pandemic and lacrimal practice: Multipronged resumption strategies and getting back on our feet,COVID-19 pandemic and lacrimal practice: Multipronged resumption strategies and getting back on our feet
inxieqtk,vj018cw9,0.9999998,"Anxiety and depression symptoms, and lack of emotional support among the general population before and during the COVID-19 pandemic. A prospective national study on prevalence and risk factors.","Anxiety and depression symptoms, and lack of emotional support among the general population before and during the COVID-19 pandemic. A prospective national study on prevalence and risk factors"
cfelxxwj,3s3jeqyk,0.9999998,Excitement as outspoken HIV researcher named to lead key US health agency,Excitement as outspoken HIV researcher named to lead key US health agency.
mucedil8,punonv90,0.9999998,Dealing with pandemics: An investigation of the effects of COVID-19 on customers’ evaluations of hospitality services,Dealing with pandemics: An investigation of the effects of COVID-19 on customers’ evaluations of hospitality services
2gnofq2p,kzjg1wwb,0.9999998,Bioinformatic Analysis of Prognostic and Immune-Related Genes in Pancreatic Cancer.,Bioinformatic Analysis of Prognostic and Immune-Related Genes in Pancreatic Cancer
s98z1ae3,ofz4dywk,0.9999998,Aktuell,/ Aktuell /
jrbiww9j,l50snw2l,0.9999998,The Right Ventricle in COVID-19 Patients,The right ventricle in COVID-19 patients
r7d4cl3x,gk23aq2e,0.9999998,Public health round-up,Public health round-up
s98z1ae3,3eqqhgug,0.9999998,Aktuell,Aktuell
xf66z637,jr0wnboo,0.9999998,Actualités profession,Profession
s98z1ae3,bxy13q5u,0.9999998,Aktuell,Aktuell: Stahlbau 4/21
r7d4cl3x,bfwoqci2,0.9999998,Public health round-up,Public health round-up
s98z1ae3,vlyxwqmr,0.9999998,Aktuell,Aktuell
4u617iov,yp8u81fo,0.9999998,This Month in AJP,This Month in AJP
7lj60sku,t6vbgdrl,0.9999998,Evidence-based of conjunctival COVID-19 positivity: An Italian experience: Gemelli Against COVID Group,Evidence-based of conjunctival COVID-19 positivity: An Italian experience: Gemelli Against COVID Group
r7d4cl3x,oherdkfq,0.9999998,Public health round-up,Public health round-up
nqdaul6s,3q90hw3e,0.9999998,"Daily Situation Report on Coronavirus disease (COVID-19) in Iran; March 13, 2020.","Daily Situation Report on Coronavirus disease (COVID-19) in Iran;March 17, 2020"
j8sa1bzn,id5cd1yv,0.9999998,The Role of Imaging in the Management of Suspected or Known COVID-19 Pneumonia. A Multidisciplinary Perspective,The Role of Imaging in the Management of Suspected or Known COVID-19 Pneumonia: A Multidisciplinary Perspective.
o1obodz5,a6vgh6ez,0.9999998,Adapting antenatal care in a rural LMIC during COVID-19: A low literacy checklist to mitigate risk for community health workers,Adapting antenatal care in a rural LMIC during COVID‐19: A low literacy checklist to mitigate risk for community health workers
vdt2y9yi,acxzvsk7,0.9999998,"Personalized Predictive Models for Symptomatic COVID-19 Patients Using Basic Preconditions: Hospitalizations, Mortality, and the Need for an ICU or Ventilator","Personalized Predictive Models for Symptomatic COVID-19 Patients Using Basic Preconditions: Hospitalizations, Mortality, and the Need for an ICU or Ventilator"
mvmimbqr,3zte14c3,0.9999998,"Survey on general awareness, mental state and academic difficulties among students due to COVID-19 outbreak in the western regions of Uganda","Survey on general awareness, mental state and academic difficulties among students due to COVID-19 outbreak in the western regions of Uganda"
23yszpbr,ukrankgt,0.9999998,Germany's current COVID-19 crisis is mainly driven by the unvaccinated,Germany's current COVID-19 crisis is mainly driven by the unvaccinated
c8rn36vz,wfo3ui5o,0.9999998,Dengue amidst COVID-19 in India: The mystery of plummeting cases,Dengue amidst COVID‐19 in India: The mystery of plummeting cases
lashojtc,fi3nzfmm,0.9999998,Role of platelets in neonatal necrotizing enterocolitis.,Role of platelets in neonatal necrotizing enterocolitis
7c4o1lza,tfu0o2uq,0.9999998,Colorectal cancer and COVID-19: Do we need to raise awareness and vigilance?,Colorectal cancer and COVID‐19: Do we need to raise awareness and vigilance?
b9dg6l0j,66bfaj9a,0.9999998,The prevalence of depression in men who have sex with men (MSM) living with HIV: A meta-analysis of comparative and epidemiological studies,The prevalence of depression in men who have sex with men (MSM) living with HIV: A meta-analysis of comparative and epidemiological studies.
wd41aw8o,fb7mvjd6,0.9999998,Zinc(II)—The Overlooked Éminence Grise of Chloroquine’s Fight against COVID-19?,Zinc(Ii)—the overlooked Éminence grise of chloroquine’s fight against covid-19?
scgltlqf,c9df8kk7,0.9999998,"COVID-19 Time Capsule 1: DATE: March 15, 2020","COVID-19 Time Capsule 1: DATE: March 15, 2020."
nosmx8bf,uwalrkn3,0.9999998,Drugs for multiple sclerosis activate natural killer cells: Do they protect against COVID-19 infection?,Drugs for Multiple Sclerosis Activate Natural Killer Cells: Do They Protect Against COVID-19 Infection?
e544gdzx,bgpi3ag2,0.9999998,Clinical Ordering Practices of the SARS-CoV-2 Antibody Test at a Large Academic Medical Center,Clinical Ordering Practices of the SARS-CoV-2 Antibody Test at a Large Academic Medical Center
1t440sje,t1vu6r9a,0.9999998,Protocol for the economic evaluation of COVID-19 pandemic response policies,Protocol for the economic evaluation of COVID-19 pandemic response policies
ir73k015,rbhb3pdl,0.9999998,Mandatory preoperative SARS-CoV-2 infection screening policies for paediatric surgery,Mandatory preoperative SARS-Cov-2 infection screening policies for paediatric surgery
kd9fw7fh,naae4qxz,0.9999998,Author's reply,Author reply.
oq6einin,09h5cttq,0.9999998,Longitudinal analysis of serology and neutralizing antibody levels in COVID19 convalescents,Longitudinal analysis of serology and neutralizing antibody levels in COVID19 convalescents
hrottr01,fgfls7hp,0.9999998,ACE2 and TMPRSS2 variants and expression as candidates to sex and country differences in COVID-19 severity in Italy,ACE2 and TMPRSS2 Variants and Expression as Candidates to Sex and Country Differences in COVID-19 Severity in Italy
bfj0zv1p,spxa3m9k,0.9999998,Proton pump inhibitors increase risk of COVID-19,Proton pump inhibitors increase risk of COVID-19
bkydidhw,25lz97nk,0.9999998,COVID-19 bei thorakalen Tumorerkrankungen,Lungenbeteiligung bei Tumorkrankheiten
bkydidhw,g1n28afw,0.9999998,COVID-19 bei thorakalen Tumorerkrankungen,Infektionen bei Immundefizienz
jeagmpit,858b8tbh,0.9999998,Esophageal extracellular matrix hydrogel mitigates metaplastic change in a dog model of Barrett's esophagus,Esophageal extracellular matrix hydrogel mitigates metaplastic change in a dog model of Barrett's esophagus.
7ciy1f6r,3h3jp8c4,0.9999998,Guidance for rebooting electrophysiology through the COVID-19 pandemic from the Heart Rhythm Society and the American Heart Association Electrocardiography and Arrhythmias Committee of the Council on Clinical Cardiology Endorsed by the American College of Cardiology,Guidance for rebooting electrophysiology through the COVID-19 pandemic from the Heart Rhythm Society and the American Heart Association Electrocardiography and Arrhythmias Committee of the Council on Clinical Cardiology: Endorsed by the American College of Cardiology
it4takup,sfewxy5u,0.9999998,Patient characteristics associated with COVID-19 positivity and fatality in Nigeria: retrospective cohort study,Patient characteristics associated with COVID-19 positivity and fatality in Nigeria: retrospective cohort study
ofz4dywk,3eqqhgug,0.9999998,/ Aktuell /,Aktuell
jcchyzxb,6szrijpm,0.9999998,Multiscale Feedback Loops in SARS-CoV-2 Viral Evolution,Multiscale Feedback Loops in SARS-CoV-2 Viral Evolution.
ofz4dywk,bxy13q5u,0.9999998,/ Aktuell /,Aktuell: Stahlbau 4/21
ofz4dywk,vlyxwqmr,0.9999998,/ Aktuell /,Aktuell
nm96do76,7uvta990,0.9999998,Modeling and forecasting the spread of COVID-19 pandemic in India and significance of lockdown: A mathematical outlook,Modeling and forecasting the spread of COVID-19 pandemic in India and significance of lockdown: A mathematical outlook
cvuiispn,ukxb9ktz,0.9999998,Events.,Events
euuoscoy,55bwjch6,0.9999998,Commentaries on Viewpoint: The interaction between SARS-CoV-2 and ACE2 may have consequences for skeletal muscle viral susceptibility and myopathies,Commentaries on Viewpoint: The interaction between SARS-CoV-2 and ACE2 may have consequences for skeletal muscle viral susceptibility and myopathies
z0ok3kzu,olfkg03d,0.9999998,JAAD Case Reports Article List,JAAD Case Reports Article List
5clcf6dl,p9xij4x4,0.9999998,Beyond Vaccination Rates: A Synthetic Random Proxy Metric of Total SARS-CoV-2 Immunity Seroprevalence in the Community,Beyond Vaccination Rates: A Synthetic Random Proxy Metric of Total SARS-CoV-2 Immunity Seroprevalence in the Community
csfzsv73,lzugtb6h,0.9999998,Weight‐related lifestyle behaviours and the COVID‐19 crisis: An online survey study of UK adults during social lockdown,Weight-related lifestyle behaviours and the COVID-19 crisis: An online survey study of UK adults during social lockdown
4czhtugg,lj85nhnl,0.9999998,Editorial Board and Contents,Editorial Board and Contents
rl4ywfyy,zwg3u93u,0.9999998,COVID-19 vaccines: The status and perspectives in delivery points of view,COVID-19 vaccines: The status and perspectives in delivery points of view
zu99fj63,tsxvuz9g,0.9999998,Dynamic Mode Decomposition in Adaptive Mesh Refinement and Coarsening Simulations,Dynamic Mode Decomposition in Adaptive Mesh Refinement and Coarsening Simulations
4czhtugg,oxptfcip,0.9999998,Editorial Board and Contents,Editorial Board and Contents
traovzxx,9fsp9504,0.9999998,"COVID-19 pandemic effect on early pregnancy: are miscarriage rates altered, in asymptomatic women?","Covid-19 Pandemic Effect on Early Pregnancy – Are Miscarriage Rates Altered, in Asymptomatic Women?"
xo4o7dr4,vbc497ko,0.9999998,Work-Family Balance and Managing Spillover Effects Communicatively during COVID-19: Nurses' Perspectives,Work-Family Balance and Managing Spillover Effects Communicatively during COVID-19: Nurses' Perspectives.
8pkwqg5j,n0aalvpk,0.9999998,Pulmonary post-mortem findings in a large series of COVID-19 cases from Northern Italy,Pulmonary Post-Mortem Findings in a Large Series of COVID-19 Cases from Northern Italy
2cpef4sm,p7qx2jig,0.9999998,Domperidone prescribing patterns in pediatric patients before and after safety warning in South Korea,Domperidone prescribing patterns in pediatric patients before and after safety warning in South Korea .
fu086no9,ijrze203,0.9999998,Does cystic fibrosis constitute an advantage in COVID-19 infection?,Does cystic fibrosis constitute an advantage in COVID-19 infection?
nbd8yrzc,v7jei07c,0.9999998,Pädiatrie aktuell – Forschung kurz notiert,Pädiatrie aktuell – Forschung kurz notiert
gk23aq2e,bfwoqci2,0.9999998,Public health round-up,Public health round-up
9dg2vact,ezsqwm4t,0.9999998,Cancer Associates with Risk and Severe Events of COVID-19: A Systematic Review and Meta-Analysis,Cancer associates with risk and severe events of COVID‐19: A systematic review and meta‐analysis
gk23aq2e,oherdkfq,0.9999998,Public health round-up,Public health round-up
dmjnskeq,yjos9q19,0.9999998,"Assessment of SARS-CoV-2 Infection Prevalence in Homeless Shelters - Four U.S. Cities, March 27-April 15, 2020","Assessment of SARS-CoV-2 Infection Prevalence in Homeless Shelters — Four U.S. Cities, March 27–April 15, 2020"
61w6rve9,4z26igx1,0.9999998,Mitteilungen der Deutschen Gesellschaft für Neurologie,Mitteilungen der Deutschen Gesellschaft für Neurologie
nimhu9uj,q716z9wk,0.9999998,PWM2Vec: An Efficient Embedding Approach for Viral Host Specification from Coronavirus Spike Sequences,PWM2Vec: An Efficient Embedding Approach for Viral Host Specification from Coronavirus Spike Sequences
nthzwemc,znmpheia,0.9999998,"Differences between health workers and general population in risk perception, behaviors, and psychological distress related to COVID-19 spread in Italy","Differences Between Health Workers and General Population in Risk Perception, Behaviors, and Psychological Distress Related to COVID-19 Spread in Italy"
61w6rve9,plzxntsy,0.9999998,Mitteilungen der Deutschen Gesellschaft für Neurologie,Mitteilungen der Deutschen Gesellschaft für Neurologie
mogtl25v,pj2u2b3a,0.9999998,B cells: we need them now more than ever.,B cells: we need them now more than ever
61w6rve9,eeol4xkf,0.9999998,Mitteilungen der Deutschen Gesellschaft für Neurologie,Mitteilungen der Deutschen Gesellschaft für Epileptologie e. V.
cbrpdre0,758rzzi5,0.9999998,Future Perspectives of Nurses With COVID 19,Future Perspectives of Nurses With COVID 19
a4ytayqo,9b64ppk4,0.9999998,Disinfectant-induced hormesis: An unknown environmental threat of the application of disinfectants to prevent SARS-CoV-2 infection during the COVID-19 pandemic?☆,Disinfectant-induced hormesis: An unknown environmental threat of the application of disinfectants to prevent SARS-CoV-2 infection during the COVID-19 pandemic?()
cpgduto5,l8kywe4a,0.9999998,Building the global vaccine manufacturing capacity needed to respond to pandemics,Building the global vaccine manufacturing capacity needed to respond to pandemics
3eqqhgug,bxy13q5u,0.9999998,Aktuell,Aktuell: Stahlbau 4/21
3eqqhgug,vlyxwqmr,0.9999998,Aktuell,Aktuell
z6xsszt7,q75ezjh7,0.9999998,Clinical characteristics and comorbidities associated with mortality in patients with COVID-19 in Coahuila (Mexico)(),[Clinical characteristics and comorbidities associated with mortality in patients with COVID-19 in Coahuila (Mexico)]
suzq2x05,dxhsbffn,0.9999998,COVID‐19: implications for paediatric dental care in the hospital setting,COVID-19: implications for paediatric dental care in the hospital setting
s8gzeh6i,mn2hdzv6,0.9999998,Intracranial hemorrhage in a patient with severe COVID-19 acute respiratory distress syndrome on Veno-venous extra corporeal membrane oxygenation: A case report(),Intracranial hemorrhage in a patient with severe COVID-19 acute respiratory distress syndrome on Veno-venous extra corporeal membrane oxygenation: A case report☆
vs2e1uxy,rjgh5qvm,0.9999998,How the Italian women perceived distress from their puerperal conditions during the COVID-19 outbreak,How the Italian women perceived distress from their puerperal conditions during the COVID-19 outbreak
gjyqeed6,bzeb7ke9,0.9999998,Mitoxantrone modulates a glycosaminoglycan-spike complex to inhibit SARS-CoV-2 infection,Mitoxantrone modulates a glycosaminoglycan-spike complex to inhibit SARS-CoV-2 infection
zgw234mq,w80bofno,0.9999998,Lessons from the COVID-19 pandemic,Lessons from a pandemic
9wyvzrd9,5l6xc0je,0.9999998,The Effect of Chronic Immunosuppression on the Severity and Outcomes of COVID-19 ICU Patients,The effect of chronic immunosuppression on the severity and outcomes of COVID-19 icu patients
4z26igx1,plzxntsy,0.9999998,Mitteilungen der Deutschen Gesellschaft für Neurologie,Mitteilungen der Deutschen Gesellschaft für Neurologie
4z26igx1,eeol4xkf,0.9999998,Mitteilungen der Deutschen Gesellschaft für Neurologie,Mitteilungen der Deutschen Gesellschaft für Epileptologie e. V.
h7l7kltn,uaab0y8b,0.9999998,Epidemiology of and Risk Factors for Coronavirus Infection in Health Care Workers: A Living Rapid Review,Epidemiology of and Risk Factors for Coronavirus Infection in Health Care Workers: A Living Rapid Review
0roxc0k4,29w3tiwv,0.9999998,Posters,Posters
2rzkfq7h,6198q7r1,0.9999998,Current status of newer generation endoscopic ultrasound core needles in the diagnostic evaluation of gastrointestinal lesions,Current status of newer generation endoscopic ultrasound core needles in the diagnostic evaluation of gastrointestinal lesions.
b32vkdr3,r10grbct,0.9999998,Metagenomic analysis of fecal and tissue samples from 18 endemic bat species in Switzerland revealed a diverse virus composition including potentially zoonotic viruses,Metagenomic analysis of fecal and tissue samples from 18 endemic bat species in Switzerland revealed a diverse virus composition including potentially zoonotic viruses
bxy13q5u,vlyxwqmr,0.9999998,Aktuell: Stahlbau 4/21,Aktuell
yxq6iapr,oz41vrkk,0.9999998,Private Equity and Physician Medical Practices - Navigating a Changing Ecosystem.,Private Equity and Physician Medical Practices - Navigating a Changing Ecosystem
dskxzeyi,ablogaf4,0.9999998,Effectiveness of Covid-19 vaccines against SARS-CoV-2 Omicron variant (B.1.1.529): A systematic review with meta-analysis and meta-regression,Effectiveness of Covid-19 vaccines against SARS-CoV-2 Omicron variant (B.1.1.529): A systematic review with meta-analysis and meta-regression
q7kzdp1q,aro4k7g3,0.9999998,Modification of hospital ambulatory pharmacy patient flow in response to the COVID-19 pandemic at a hospital in Taiwan,Modification of Hospital Ambulatory Pharmacy Patient Flow in Response to the Covid-19 Pandemic at a Hospital in Taiwan
bfwoqci2,oherdkfq,0.9999998,Public health round-up,Public health round-up
tuckrqwv,ine9qcqr,0.9999998,Association of Vitamin D Status with SARS-CoV-2 Infection or COVID-19 Severity: A Systematic Review and Meta-analysis,Association of Vitamin D Status with SARS-CoV-2 Infection or COVID-19 Severity: A Systematic Review and Meta-analysis
h1sspo06,00wp938z,0.9999998,[Two years of Covid].,COVID‐19 — Two years in
b60qizeh,61baagnw,0.9999998,Forecast UTI: aplicativo para previsão de leitos de unidades de terapia intensiva no contexto da pandemia de COVID-19/ Forecast UTI: aplicación para prever camas en Unidades de Cuidados Intensivos en el contexto de la pandemia de COVID-19/ Forecast UTI: application for predicting intensive care unit beds in the context of the COVID-19 pandemic,Forecast UTI: application for predicting intensive care unit beds in the context of the COVID-19 pandemic/ Forecast UTI: aplicativo para previsão de leitos de unidades de terapia intensiva no contexto da pandemia de COVID-19/ Forecast UTI: aplicación para prever camas en Unidades de Cuidados Intensivos en el contexto de la pandemia de COVID-19
rcct2z6x,eifh95zm,0.9999998,Immunotherapeutic approaches to curtail COVID-19,Immunotherapeutic approaches to curtail COVID-19
304vy0tt,4w6rmkmx,0.9999998,The Natural Way Forward: Molecular Dynamics Simulation Analysis of Phytochemicals from Indian Medicinal Plants as Potential Inhibitors of SARS-CoV-2 Targets,The natural way forward: Molecular dynamics simulation analysis of phytochemicals from Indian medicinal plants as potential inhibitors of SARS‐CoV‐2 targets
eggzgqde,s1a5qe3p,0.9999998,Association of clinical sub-phenotypes and clinical deterioration in COVID-19: further cluster analyses,Association of clinical sub-phenotypes and clinical deterioration in COVID-19: further cluster analyses
lj85nhnl,oxptfcip,0.9999998,Editorial Board and Contents,Editorial Board and Contents
plzxntsy,eeol4xkf,0.9999998,Mitteilungen der Deutschen Gesellschaft für Neurologie,Mitteilungen der Deutschen Gesellschaft für Epileptologie e. V.
25lz97nk,g1n28afw,0.9999998,Lungenbeteiligung bei Tumorkrankheiten,Infektionen bei Immundefizienz
zgcske7q,jdb46kwz,0.9999998,Corrigendum: Gaps in Knowledge About COVID-19 Among US Residents Early in the Outbreak,Corrigendum: Gaps in Knowledge About COVID-19 Among US Residents Early in the Outbreak
vbz3zssn,6iz9wkj4,0.9999998,"Transcriptional landscape of SARS-CoV-2 infection dismantles pathogenic pathways activated by the virus, proposes unique sex-specific differences and predicts tailored therapeutic strategies","Transcriptional landscape of SARS-CoV-2 infection dismantles pathogenic pathways activated by the virus, proposes unique sex-specific differences and predicts tailored therapeutic strategies"
0tmn3z4w,frshdxqv,0.9999998,Authors' correction for Euro Surveill. 2020;25(17),Authors’ correction for Euro Surveill. 2021;26(24)
czaf4x9v,l10ypy82,0.9999998,Brief Research Report: Virus-Specific Humoral Immunity at Admission Predicts the Development of Respiratory Failure in Unvaccinated SARS-CoV-2 Patients,Brief Research Report: Virus-Specific Humoral Immunity at Admission Predicts the Development of Respiratory Failure in Unvaccinated SARS-CoV-2 Patients
bftm3qqm,kvsmzco1,0.9999998,Thyroid dysfunction may be associated with poor outcomes in patients with COVID-19,Thyroid dysfunction may be associated with poor outcomes in patients with COVID-19
7015uw9q,w51b6z20,0.9999998,25 Speeksel als diagnostische vloeistof,COVID-19: Erektile Dysfunktion als Langzeitfolge?
kb9fnbgy,c7g4xtmt,0.9999998,Oral presentations,ORAL PRESENTATIONS
wejrmxmz,keq5idua,0.9999998,News & Views,News and views.
wejrmxmz,i4kyfbkw,0.9999998,News & Views,News and views.
lybf3cwa,ei768v4s,0.9999998,The cardiac intensive care unit and the cardiac intensivist during the COVID-19 surge in New York City,The cardiac intensive care unit and the cardiac Intensivist during the COVID-19 surge in New York City()
keq5idua,i4kyfbkw,0.9999998,News and views.,News and views.
bgdefwzq,j2qq27vh,0.9999998,Covid-19 update,Schlafbezogene Atmungsstörungen – Update 2021
rg69dnz6,10561bm2,0.99999976,Changes in didactic strategies of gymnastics in quarantine: A case study,Changes in didactic strategies of gymnastics in quarantine: a case study
cvlk80fl,v5c42a9f,0.99999976,News and Announcements,News and Announcements
kwkrbde1,3mqvesym,0.99999976,Exposure to family and domestic violence is associated with increased childhood hospitalisations.,Exposure to family and domestic violence is associated with increased childhood hospitalisations
07m3jyse,byi0sobh,0.99999976,LB01 Maternal antibody response and placental antibody transfer following asymptomatic and symptomatic SARS-CoV-2 infection,LB01 Maternal antibody response and placental antibody transfer following asymptomatic and symptomatic SARS-CoV-2 infection
ve4g6g3m,zgkcvbxt,0.99999976,"The fear of COVID-19 outbreak among health care professionals in Gaza Strip, Palestine","The fear of COVID-19 outbreak among health care professionals in Gaza Strip, Palestine"
luz7dey6,8scho01c,0.99999976,COVID-19 in Lung Transplant Recipients,COVID-19 in lung transplant recipients
fprrmbtf,98vcpcsx,0.99999976,Low ADAMTS13 Activity Correlates with Increased Mortality in COVID-19 Patients,Low ADAMTS13 Activity Correlates with Increased Mortality in COVID-19 Patients
mi1thj0a,vyy2pt3g,0.99999976,COVID-19 Infection May Cause Clozapine Intoxication: Case Report and Discussion,COVID-19 Infection May Cause Clozapine Intoxication: Case Report and Discussion
ll3kcbjm,s8gy63gt,0.99999976,Hungarian Development Opportunities of the Resilient and Innovative Space Industry,Hungarian development opportunities of the resilient and innovative space industry
isv3cdjd,i0ecb53i,0.99999976,"Physical distancing and non-respiratory notifiable diseases in the Northern Territory, March-May 2020","Physical distancing and non-respiratory notifiable diseases in the Northern Territory, March-May 2020."
5s7uwnn3,88eo0ktq,0.99999976,Obituary,Obituary
a6sq540t,le9wj9l4,0.99999976,Thinking Outside the Box,Thinking Outside the Box
5s7uwnn3,2xaye2n8,0.99999976,Obituary,Obituary
fq5l4ean,ktjbn1l4,0.99999976,Events calendar,Events calendar
5vujmm2i,u57gsa7q,0.99999976,The Impact of COVID-19 on Flight Networks,The Impact of COVID-19 on Flight Networks
rhdilhw8,pz9vrpf0,0.99999976,COVID-19 pandemic in India: A clarion call for better preparedness,COVID-19 pandemic in India: A clarion call for better preparedness
8uldmr46,crglt6r0,0.99999976,Quantifying the impact of public health protection measures on the spread of SARS-CoV-2,Quantifying the impact of public health protection measures on the spread of SARS-CoV-2
73x5asz6,nazm265s,0.99999976,Announcements,Announcements
vbvv36vf,niqbkujt,0.99999976,COVID-19 Infection in the Human Reproductive Tract of Men and Nonpregnant Women,COVID-19 Infection in the Human Reproductive Tract of Men and Nonpregnant Women
845hudby,d9cpe9yl,0.99999976,Influence of COVID-19 confinement on students' performance in higher education,Influence of COVID-19 confinement on students’ performance in higher education
4ax9s4b8,z58205j5,0.99999976,Reply to letter,Letter in Reply
pvtgas1v,ejh38p26,0.99999976,Unilateral Laterothoracic Exanthem in Association with COVID-19,Unilateral Laterothoracic Exanthem in Association with COVID-19
sls3bsm0,vd6z4u0h,0.99999976,Ensemble Forecast Modeling for the Design of COVID-19 Vaccine Efficacy Trials,Ensemble forecast modeling for the design of COVID-19 vaccine efficacy trials
un669uhp,tzc7hee6,0.99999976,Inhibitor Binding Influences the Protonation State of Histidines in SARS-CoV-2 Main Protease,Inhibitor Binding Influences the Protonation State of Histidines in SARS-CoV-2 Main Protease
af5nihyi,y17z9w2x,0.99999976,COPD SIG: Poster Session 2,COPD SIG: Poster Session 1
pjdedw7w,p0sql76r,0.99999976,Invited response to the comment on “Dermatology Residents and the Care of COVID-19 Patients”,"Invited response to the comment on ""Dermatology residents and the care of COVID-19 patients"""
9qa2w8vf,1xdxn2iy,0.99999976,Exploring the linkage between PM(2.5) levels and COVID-19 Spread and its implications for socio-economic circles,Exploring the linkage between PM2.5 levels and COVID-19 spread and its implications for socio-economic circles
7uk2l56b,68kxu7uj,0.99999976,Germ-Free Mice Under Two-Layer Textiles Are Fully Protected From Bacteria in Sprayed Microdroplets: A Functional in vivo Test Method of Facemask/Filtration Materials,Germ-Free Mice Under Two-Layer Textiles Are Fully Protected From Bacteria in Sprayed Microdroplets: A Functional in vivo Test Method of Facemask/Filtration Materials
m0j5s2x8,v9cbagxr,0.99999976,Response to Wyatt et al.’s comment on “Changes in traumatic mechanisms of injury in Southern California related to COVID-19: Penetrating trauma as a second pandemic”,"Response to Wyatt et al.'s comment on ""Changes in Traumatic Mechanisms of Injury in Southern California Related to COVID-19: Penetrating Trauma as a Second Pandemic"""
a99j7rik,3eu30zct,0.99999976,Acute Respiratory Failure,Acute Respiratory Failure
umjsb68y,yni6erjd,0.99999976,"Partha Kar: The end of the tunnel, and the bumps on the way.","Partha Kar: The end of the tunnel, and the bumps on the way"
fv82jvpf,nj2i9k0d,0.99999976,Magnetic Resonance Imaging (MRI) and neurological manifestations in SARS-CoV-2 patients.,Magnetic Resonance Imaging (MRI) and neurological manifestations in SARS-CoV-2 patients
jik4116j,1u55fdr3,0.99999976,Sustainability of airlines in India with Covid-19: Challenges ahead and possible way-outs,Sustainability of airlines in India with Covid-19: Challenges ahead and possible way-outs
jk2hyblb,b1fkwnfw,0.99999976,Expression and prognostic significance of pyruvate dehydrogenase kinase 1 in bladder urothelial carcinoma,Expression and prognostic significance of pyruvate dehydrogenase kinase 1 in bladder urothelial carcinoma.
alsiqv04,al80kebv,0.99999976,International expansion of a novel SARS-CoV-2 mutant,International Expansion of a Novel SARS-CoV-2 Mutant
7d9rtjzu,cod2y6m6,0.99999976,Dandelion and focal crazy paving signs: the lung CT based predictors for evaluation of the severity of coronavirus disease,Dandelion and focal crazy paving signs: the lung CT based predictors for evaluation of the severity of coronavirus disease
hpkuoczc,iiolb6wg,0.99999976,News Briefs,News briefs.
rlbz9bup,e72tuwf4,0.99999976,The role of higher education in a post-COVID-19 world,The role of higher education in a post‐COVID‐19 world
dd5lj33z,iig8gxdm,0.99999976,Dermatological aspects of COVID-19 in Nepal,Dermatological Aspects of COVID-19 in Nepal
c4m8rylm,cdplalhx,0.99999976,COVID-19 and Novel Coronavirus Cholecystitis,COVID-19 and Novel Coronavirus Cholecystitis.
j9h6n0bm,a751g2y2,0.99999976,Lessons from a bluering.,Lessons from COVID.
3thhutln,u5wy7n5t,0.99999976,What's the risk of dying from a fast-spreading COVID-19 variant?,What's the risk of dying from a fast-spreading COVID-19 variant?
4o3yrwzy,jjgfx912,0.99999976,Subclinical coronary artery disease in COVID-19 patients,Subclinical coronary artery disease in COVID-19 patients
4pzlezfh,nllpb113,0.99999976,Error in a Supplement.,Error in Supplement
0xqkn6na,7mfipkdx,0.99999976,“Pairing assistance”: the effective way to solve the breakdown of health services system caused by COVID-19 pandemic,"""Pairing assistance"": the effective way to solve the breakdown of health services system caused by COVID-19 pandemic"
2hdgartn,somzzcvi,0.99999976,Asthma,Asthma and covid-19
g88ef5lk,8z4c45ym,0.99999976,Telemedicine use in Sub-Saharan Africa: Barriers and policy recommendations for Covid-19 and beyond,Telemedicine use in Sub-Saharan Africa: Barriers and policy recommendations for Covid-19 and beyond.
rmvvwy2u,ain5t9qt,0.99999976,Aptamer BC 007's Affinity to Specific and Less-Specific Anti-SARS-CoV-2 Neutralizing Antibodies,Aptamer BC 007’s Affinity to Specific and Less-Specific Anti-SARS-CoV-2 Neutralizing Antibodies
2hdgartn,h6pc8zur,0.99999976,Asthma,6. Asthma()()
8sbt9lvh,uwd424xd,0.99999976,Equine disease surveillance: quarterly summary.,Equine disease surveillance: quarterly summary.
ga1fks7l,2dpkegtv,0.99999976,"Infectious viral load in unvaccinated and vaccinated patients infected with SARS-CoV-2 WT, Delta and Omicron","Infectious viral load in unvaccinated and vaccinated patients infected with SARS-CoV-2 WT, Delta and Omicron"
f325a2w2,5uhpexf9,0.99999976,Leveraging media and health communication strategies to overcome the COVID-19 infodemic,Leveraging media and health communication strategies to overcome the COVID-19 infodemic
kfh4irjf,41yvo3v9,0.99999976,TOCIVID-19 - A multicenter study on the efficacy and tolerability of tocilizumab in the treatment of patients with COVID-19 pneumonia. Study protocol,TOCIVID-19 - A multicenter study on the efficacy and tolerability of tocilizumab in the treatment of patients with COVID-19 pneumonia. Study protocol
qb0t4ahv,faha5tsf,0.99999976,PNS12 Can a Reusable Surgical Face Mask Bring Health Economic and Ecological Benefit to a Health System upon the Outbreak of an Emerging Pathogen?,PNS12 Can a Reusable Surgical Face Mask Bring Health Economic and Ecological Benefit to a Health System upon the Outbreak of an Emerging Pathogen?
xvkalc7t,kc4s3ujb,0.99999976,Marked Increase in Sales of Erectile Dysfunction Medication During COVID-19,Marked Increase in Sales of Erectile Dysfunction Medication During COVID-19
76ybhsq1,xh13np5f,0.99999976,Cross-Modal Alignment with Mixture Experts Neural Network for Intral-City Retail Recommendation,Cross-Modal Alignment with Mixture Experts Neural Network for Intral-City Retail Recommendation
0wx1iwpq,jpwxu2na,0.99999976,President's message.,President's message
0wx1iwpq,nekplr4g,0.99999976,President's message.,Message from the president.
xjn6np5m,sfzr9bpj,0.99999976,Early release from prison in time of COVID-19: Determinants of unfavourable decisions towards Black prisoners,Early release from prison in time of COVID-19: Determinants of unfavourable decisions towards Black prisoners
0arar8nk,x0twvfw7,0.99999976,"Call for emergency action to limit global temperature increases, restore biodiversity, and protect health: Wealthy nations must do much more, much faster","Call for Emergency Action to Limit Global Temperature Increases, Restore Biodiversity, and Protect Health: Wealthy nations must do much more, much faster(†)"
x110iuix,i316itgx,0.99999976,Mortality associated with cardiovascular disease in patients with COVID-19,Mortality associated with cardiovascular disease in patients with COVID-19
0arar8nk,htvem7qt,0.99999976,"Call for emergency action to limit global temperature increases, restore biodiversity, and protect health: Wealthy nations must do much more, much faster","Call for Emergency Action to Limit Global Temperature Increases, Restore Biodiversity, and Protect Health: Wealthy nations must do much more, much faster"
jsdx016n,v5o0qm8b,0.99999976,"Living in fear: The relationship between fear of COVID-19, distress, health, and marital satisfaction among Israeli women.","Living in fear: The relationship between fear of COVID-19, distress, health, and marital satisfaction among Israeli women"
0wx1iwpq,3hl80x2z,0.99999976,President's message.,Message from the president.
3hkmakee,wmtfuaf0,0.99999976,Medium-term impacts of the waves of the COVID-19 epidemic on treatments for non-COVID-19 patients in intensive care units: a retrospective cohort study in Japan,Medium-term impacts of the waves of the COVID-19 epidemic on treatments for non-COVID-19 patients in intensive care units: a retrospective cohort study in Japan
paa27sg5,afg20prw,0.99999976,Heparin: Lack of efficacy: case report,Heparin: Lack of efficacy : case report
0fzzpug0,x5sinxla,0.99999976,Risk of SARS-CoV-2 exposure among hospital healthcare workers in relation to patient contact and type of care,Risk of SARS-CoV-2 exposure among hospital healthcare workers in relation to patient contact and type of care
2f093rmw,cval48r1,0.99999976,How do gynecologists face to social problems among women cancer survivors?,How do gynecologists face to social problems among women cancer survivors?
0fdalb8a,mkj438px,0.99999976,Resting-State Functional Networks of Different Topographic Representations in the Somatosensory Cortex of Macaque Monkeys and Humans,Resting-State Functional Networks of Different Topographic Representations in the Somatosensory Cortex of Macaque Monkeys and Humans
paa27sg5,ay4jsp1f,0.99999976,Heparin: Lack of efficacy: case report,Heparin: Lack of efficacy: case report
rmyu7waq,utjjr48a,0.99999976,Overcoming complacency in the face of infectious disease.,Overcoming complacency in the face of infectious disease
87iu5gyv,o26un0y4,0.99999976,Changing the COVID-19 vaccine narrative to dispel vaccine hesitancy,Changing the COVID-19 vaccine narrative to dispel vaccine hesitancy.
68ha63sk,4g8ni2dp,0.99999976,Society for Maternal-Fetal Medicine Consult Series #54: Assessing the risk of maternal morbidity and mortality,Society for Maternal-Fetal Medicine (SMFM) Consult Series #54: Assessing the risk of maternal morbidity and mortality.
h2csio3j,gvh830fb,0.99999976,152. Sharp Decline in Rates of Community Respiratory Viral Infections Among NIH Clinical Center Patients During the COVID-19 Pandemic,Sharp Decline in Rates of Community Respiratory Viral Infections Among NIH Clinical Center Patients During the COVID-19 Pandemic
7wz030vg,6fam4dpz,0.99999976,Structural diversity of the SARS-CoV-2 Omicron spike,Structural diversity of the SARS-CoV-2 Omicron spike
fm0f839j,18f4152t,0.99999976,Impact of socio-economic status in patients hospitalised for COVID-19 in the Greater Paris area,Impact of socio-economic status in patients hospitalised for COVID-19 in the Greater Paris area
j1jhngod,s2igy4ae,0.99999976,"What's New in Shock, November 2020?","What's New in Shock, November 2020?"
hdko0zdw,8pe6dc20,0.99999976,Trends and Challenges of Telehealth in an Academic Institution: The Unforeseen Benefits of the COVID-19 Global Pandemic,Trends and Challenges of Telehealth in an Academic Institution: The Unforeseen Benefits of the COVID-19 Global Pandemic
1bdumn36,n80nq7sn,0.99999976,Chinese medical drugs for coronavirus disease 2019: A systematic review and meta-analysis,Chinese medical drugs for coronavirus disease 2019: A systematic review and meta-analysis
17qp0sz8,hzx0apjj,0.99999976,Outcomes of COVID-19 in Patients with Skin Cancer,Outcomes of COVID‐19 in patients with skin cancer
3tghy462,ublvrobu,0.99999976,Assessing the Impact of COVID-19 Public Health Stages on Paediatric Emergency Attendance,Assessing the Impact of COVID-19 Public Health Stages on Paediatric Emergency Attendance
kxvxfwmk,af1cdsgi,0.99999976,COVID-19 and 'lockdown' in organ transplantation in the UK,COVID-19 and “Lockdown” in Organ transplantation in the UK
somzzcvi,h6pc8zur,0.99999976,Asthma and covid-19,6. Asthma()()
yjs6rzfd,npe7gxot,0.99999976,SARS-CoV-2 Sequence Characteristics of COVID-19 Persistence and Reinfection,SARS-CoV-2 Sequence Characteristics of COVID-19 Persistence and Reinfection
8ihx3qjn,l97nqb8a,0.99999976,"Commentary: Telemedicine in ophthalmology: No distance too far, no future too distant","Commentary: Telemedicine in ophthalmology: No distance too far, no future too distant"
6afsk8ix,ivpkp324,0.99999976,The French public's attitudes to a future COVID-19 vaccine: The politicization of a public health issue,The French public's attitudes to a future COVID-19 vaccine: The politicization of a public health issue
i7gz9lsb,y7t6rq25,0.99999976,COVID-Net MLSys: Designing COVID-Net for the Clinical Workflow,COVID-Net MLSys: Designing COVID-Net for the Clinical Workflow
jik032wy,yv3ux42a,0.99999976,Severe clinical spectrum with high mortality in pediatric patients with COVID-19 and multisystem inflammatory syndrome,Severe clinical spectrum with high mortality in pediatric patients with COVID-19 and multisystem inflammatory syndrome
iej56ubw,1f1cdc7v,0.99999976,Cost-effectiveness of treating head and neck cancer using intensity-modulated radiation therapy: implications for cancer control program in India.,Cost-effectiveness of treating head and neck cancer using intensity-modulated radiation therapy: implications for cancer control program in India
btkb3cf2,nwd8ocy0,0.99999976,Public Responses to Policy Reversals: The Case of Mask Usage in Canada during COVID-19,Public Responses to Policy Reversals: The Case of Mask Usage in Canada during COVID-19
mpcumg0q,j5fvyzwm,0.99999976,Process Improvement in Heart Failure.,Process Improvement in Heart Failure
jpwxu2na,nekplr4g,0.99999976,President's message,Message from the president.
raw3gf94,a7hvee6d,0.99999976,Providing essential clinical pharmacy services during a pandemic: Virtual video rounding and precepting,Providing essential clinical pharmacy services during a pandemic: Virtual video rounding and precepting
765v3ffr,3l05o389,0.99999976,Hemostasis profile in COVID-19 infection,Hemostasis profile in COVID-19 infection
agbbeqtq,amtf9l6x,0.99999976,Using Machine Learning Algorithms to Predict People’s Intention to Use Mobile Learning Platforms During the COVID-19 Pandemic: Machine Learning Approach,Using Machine Learning Algorithms to Predict People's Intention to Use Mobile Learning Platforms During the COVID-19 Pandemic: Machine Learning Approach
ixmu5re4,19ydc09t,0.99999976,"Breast imaging hindered during covid-19 pandemic, in Brazil","Breast imaging hindered during covid-19 pandemic, in Brazil"
l3l15e07,8sljperu,0.99999976,"Face-to-face physiotherapy compared with a supported home exercise programme for the management of musculoskeletal conditions: protocol of a multicentre, randomised controlled trial-the REFORM trial","Face-to-face physiotherapy compared with a supported home exercise programme for the management of musculoskeletal conditions: protocol of a multicentre, randomised controlled trial—the REFORM trial"
k7qn5b21,h7tjb4o4,0.99999976,Airborne contamination during a full-mouth disinfection session: Pilot study before COVID-19 pandemic,Airborne contamination during a full-mouth disinfection session: Pilot study before COVID-19 pandemic.
44p7o75m,0gptdn6g,0.99999976,COVID-19 herd immunity by immunisation: are children in the herd?,COVID-19 herd immunity by immunisation: are children in the herd?
xah5v47m,de580cef,0.99999976,Offline: The path out of lockdown,Offline: The path out of lockdown.
ul9w8x5u,27tjw7so,0.99999976,An Update on Molecular Diagnostics for COVID-19,An Update on Molecular Diagnostics for COVID-19
e3jyihvm,3h70126x,0.99999976,Incidence and Severity of COVID-19 in HIV-Positive Persons Receiving Antiretroviral Therapy: A Cohort Study,Incidence and Severity of COVID-19 in HIV-Positive Persons Receiving Antiretroviral Therapy: A Cohort Study
jpwxu2na,3hl80x2z,0.99999976,President's message,Message from the president.
340jygy3,xg9juq81,0.99999976,Nasal expression of SARS-CoV-2 entry receptors in newborns,Nasal expression of SARS-CoV-2 entry receptors in newborns.
kqrkkn6x,gi6rr2np,0.99999976,"COVID-19 related acute decline in paediatric admissions in Malta, a population-based study","COVID-19 related acute decline in paediatric admissions in Malta, a population-based study"
io4wv7ox,4virxn7h,0.99999976,Scoping review of prevalence of neurologic comorbidities in patients hospitalized for COVID-19.,Scoping review of prevalence of neurologic comorbidities in patients hospitalized for COVID-19
fd7ln7ki,nrwcc4ib,0.99999976,"Response to ""Dose Rationale for Favipiravir Use in Patients Infected With SARS‐CoV‐2""","Response to ""Dose Rationale for Favipiravir Use in Patients Infected With SARS-CoV-2"""
l79f9kz0,3st87mek,0.99999976,Predicting the Efficacy of COVID-19 Convalescent Plasma Donor Units with the Lumit Dx anti-Receptor Binding Domain Assay.,Predicting the efficacy of COVID-19 convalescent plasma donor units with the Lumit Dx anti-receptor binding domain assay
5ifbxz6v,ogy44n18,0.99999976,Does wearing double surgical masks during the COVID-19 pandemic reduce maternal oxygen saturation in term pregnant women?: A prospective study,Does wearing double surgical masks during the COVID-19 pandemic reduce maternal oxygen saturation in term pregnant women?: A prospective study
n3nndw8x,r80b1f9m,0.99999976,Theorising survivorship after intensive care: A systematic review of patient and family experiences,Theorising survivorship after intensive care: A systematic review of patient and family experiences.
1mjdast3,safq77rf,0.99999976,Adrenal insufficiency.,Adrenal Insufficiency
82esc4tq,gyqeloz3,0.99999976,Clinical Radiological and Biochemical Profile of Moderate to Severe Covid-19 Pregnant Females and its Correlation with Clinical Outcome.,Clinical Radiological and Biochemical Profile of Moderate to Severe Covid-19 Pregnant Females and its Correlation with Clinical Outcome
d9prv5nn,n6htw798,0.99999976,The 1918 influenza and COVID-19 pandemics: The effect of age on outcomes,The 1918 influenza and COVID‐19 pandemics: The effect of age on outcomes
8d3wvdqf,lq7xq7k1,0.99999976,In this issue,In this Issue
8d3wvdqf,2m7n9j42,0.99999976,In this issue,In this Issue
41s823rf,ywr6plsh,0.99999976,Endotoxemia and Circulating Bacteriome in Severe Covid-19 Patients,Endotoxemia and circulating bacteriome in severe COVID-19 patients
afg20prw,ay4jsp1f,0.99999976,Heparin: Lack of efficacy : case report,Heparin: Lack of efficacy: case report
9en3tu32,promi9n4,0.99999976,A Lagrangian Approach Towards Quantitative Analysis of Flow-mediated Infection Transmission in Indoor Spaces with Application to SARS-COV-2,A Lagrangian Approach Towards Quantitative Analysis Of Flow-mediated Infection Transmission In Indoor Spaces With Application To SARS-COV-2
hjmm7wyy,bo15d97z,0.99999976,Digital Media's Role in the COVID-19 Pandemic,Digital Media's Role in COVID-19 Pandemic
cslhi8s2,oflno6e4,0.99999976,The Politics of Vaccine Hesitancy in the United States,The politics of vaccine hesitancy in the United States
4u711gah,jsrajkrg,0.99999976,Psychological resilience in frontline health care workers during the acute phase of the COVID-19 pandemic in New York city,Psychological Resilience in Frontline Health Care Workers During the Acute Phase of the COVID-19 Pandemic in New York City.
8d3wvdqf,z0x4kll2,0.99999976,In this issue,In this issue
i0g2l8ya,4wxqs7l6,0.99999976,TraceSecure: Towards Privacy Preserving Contact Tracing,TraceSecure: Towards Privacy Preserving Contact Tracing
8d3wvdqf,yxa84rv4,0.99999976,In this issue,In this issue
04cmfv2r,1khf2syg,0.99999976,The genetics of eating behaviors: research in the age of COVID-19,The genetics of eating behaviors: research in the age of COVID-19
tza1o6bg,9ibdkj8w,0.99999976,Wellbeing of Breastfeeding Women in Australia and New Zealand during the COVID-19 Pandemic: A Cross-Sectional Study,Wellbeing of Breastfeeding Women in Australia and New Zealand during the COVID-19 Pandemic: A Cross-Sectional Study
m12rwiry,l27j71i5,0.99999976,miRNAs; a novel strategy for the treatment of COVID‐19,miRNAs; a novel strategy for the treatment of COVID-19
sc0bjgzz,41adigg4,0.99999976,Framing consumer food demand responses in a viral pandemic,Framing consumer food demand responses in a viral pandemic
tvsf87qq,2zzlp7ys,0.99999976,"Clinical Effects of the COVID-19 Pandemic Among the Uninfected Pregnant Women — 6 PLADs, China, 2019−2020","Clinical Effects of the COVID-19 Pandemic Among the Uninfected Pregnant Women — 6 PLADs, China, 2019−2020"
4dgqjku1,u9pftrbz,0.99999976,Estimation of undetected symptomatic and asymptomatic cases of COVID‐19 infection and prediction of its spread in the USA,Estimation of undetected symptomatic and asymptomatic cases of COVID-19 infection and prediction of its spread in the USA
y4c83tuw,zpq6byml,0.99999976,Cyclosporine and COVID-19: Risk or favorable?,Cyclosporine and COVID‐19: Risk or Favorable?
z9e92jlv,0bnv4apo,0.99999976,COVID-19 Exposure among First Responders in Arizona.,COVID-19 Exposure among First Responders in Arizona
241pr7we,j4ffttfm,0.99999976,Correction to Lancet Respir Med 2020; 8: e21,Correction to Lancet Respir Med 2020; 8: 1154–58
baet970t,145im5nq,0.99999976,1516. Outbreak of SARS-CoV-2 among Migrant Farm Workers in North Florida,1516. Outbreak of SARS-CoV-2 among Migrant Farm Workers in North Florida
nekplr4g,3hl80x2z,0.99999976,Message from the president.,Message from the president.
275i4ql0,6hf9esa1,0.99999976,Till We Win: India's Fight Against the Covid-19 Pandemic,Till We Win India's Fight Against The Covid-19 Pandemic
7viv7gc9,6830akdw,0.99999976,Severe post-sars-cov2 multisystem inflammatory syndrome mimicking kawasaki disease shock syndrome in a young adult,Severe Post-SARS-CoV2 Multisystem Inflammatory Syndrome Mimicking Kawasaki Disease Shock Syndrome in a Young Adult
lpbiolvw,v5dysqmi,0.99999976,COVID‐19: what is the disaster?,COVID-19: what is the disaster?
97tkyv3w,k06n9751,0.99999976,"Measuring the effectiveness of an automated text messaging active surveillance system for COVID-19 in the south of Ireland, March to April 2020","Measuring the effectiveness of an automated text messaging active surveillance system for COVID-19 in the south of Ireland, March to April 2020"
o6ggyb4b,mip3zvkx,0.99999976,"Identification of lead inhibitors of TMPRSS2 isoform 1 of SARS-CoV-2 target using neural network, random forest, and molecular docking","Identification of lead inhibitors of TMPRSS2 isoform 1 of SARS-CoV-2 target using neural network, random forest, and molecular docking"
fprxi4h9,37y0yipz,0.99999976,Intraoperative MgSO4 infusion protects oxygenation and lung mechanics in COPD patients during general anesthesia. A randomized clinical trial,Intraoperative MgSO4 infusion protects oxygenation and lung mechanics in COPD patients during general anesthesia. A randomized clinical trial.
6n88z6kv,9hxs0cxs,0.99999976,Percutaneous mechanical thrombectomy device assisted TIPS recanalization: a feasibility study.,Percutaneous mechanical thrombectomy device assisted TIPS recanalization: a feasibility study
8ayfwlaa,3a12artw,0.99999976,Women's views and experiences of accessing vaccination in pregnancy during the COVID-19 pandemic: A multi-methods study in the United Kingdom,Women's views and experiences of accessing vaccination in pregnancy during the COVID-19 pandemic: A multi-methods study in the United Kingdom
ia5vt7rz,ntgkzlfe,0.99999976,Shared Decision Making in the Era of Telehealth: Implications for Practice and Research,Shared Decision Making in the Era of Telehealth: Implications for Practice and Research
edwm3hhf,n2e07fdx,0.99999976,Impact of Victoria’s Stage 3 lockdown on COVID‐19 case numbers,Impact of Victoria's Stage 3 lockdown on COVID-19 case numbers
z6sx8csb,zzu5zoac,0.99999976,Immunoregulation with mTOR inhibitors to prevent COVID‐19 severity: A novel intervention strategy beyond vaccines and specific antiviral medicines,Immunoregulation with mTOR Inhibitors to Prevent COVID-19 Severity: A Novel Intervention Strategy beyond Vaccines and Specific Antiviral Medicines
93ewn579,n1ckk78n,0.99999976,GenomeBits insight into omicron and delta variants of coronavirus pathogen,GenomeBits insight into omicron and delta variants of coronavirus pathogen
e0h7hdge,e4nj0cxm,0.99999976,Mental Health Impact of COVID-19.,COVID-19 impact on mental health
r2fmgego,phwjkeq0,0.99999976,Body composition after allogeneic haematopoietic cell transplantation/total body irradiation in children and young people: a restricted systematic review,Body composition after allogeneic haematopoietic cell transplantation/total body irradiation in children and young people: a restricted systematic review.
chn19ejp,3r4ypbqx,0.99999976,Improving Testing for COVID-19 for the Rural Southwestern American Indian Tribes.,Improving Testing for COVID-19 for the Rural Southwestern American Indian Tribes
vizki0y8,hzo700fw,0.99999976,Letter from the Editor in Chief,Letter from the Editor-in-Chief
lq7xq7k1,2m7n9j42,0.99999976,In this Issue,In this Issue
jrdjx3dh,izkwiqoa,0.99999976,Calculated decisions: COVID-19 calculators during extreme resource-limited situations.,Calculated decisions: COVID-19 calculators during extreme resource-limited situations
z7kfpxjw,h1175zk8,0.99999976,Cover 1,On the Cover: Covid-19
hmuf5r81,zelzte6d,0.99999976,Expanding Paid Sick Leave as a Public Health Tool in the Covid-19 Pandemic,Expanding Paid Sick Leave as a Public Health Tool in the Covid-19 Pandemic.
vizki0y8,i8ekby6j,0.99999976,Letter from the Editor in Chief,A letter from the Editor-in-Chief.
cepbuxl6,na23jwd1,0.99999976,Estimating the COVID-19 spread through real-time population mobility patterns: surveillance in Low- and Middle- income countries,Estimating the COVID-19 Spread Through Real-time Population Mobility Patterns: Surveillance in Low- and Middle-Income Countries
lq7xq7k1,z0x4kll2,0.99999976,In this Issue,In this issue
lq7xq7k1,yxa84rv4,0.99999976,In this Issue,In this issue
psrtcn79,h2u07vxt,0.99999976,"Corporate Governance Mechanisms in light of the COVID‐19 Crisis: How Financial Information and Regulation, Managerial Decision‐Making, and Policy Intervention Can Shape the Economic Recovery","Corporate Governance Mechanisms in light of the COVID-19 Crisis: How Financial Information and Regulation, Managerial Decision-Making, and Policy Intervention Can Shape the Economic Recovery"
tju4joju,88hibsk5,0.99999976,The impact of COVID-19 on the provision of donor hematopoietic stem cell products worldwide: collateral damage,The impact of COVID-19 on the provision of donor hematopoietic stem cell products worldwide: collateral damage
psrtcn79,cg9amr4w,0.99999976,"Corporate Governance Mechanisms in light of the COVID‐19 Crisis: How Financial Information and Regulation, Managerial Decision‐Making, and Policy Intervention Can Shape the Economic Recovery","Corporate Governance Mechanisms in light of the COVID‐19 Crisis: How Financial Information and Regulation, Managerial Decision‐Making, and Policy Intervention Can Shape the Economic Recovery"
864wmwx2,227otdyy,0.99999976,Clinical Guidelines for Cancer Chemotherapy under COVID-19 in the World,[Clinical Guidelines for Cancer Chemotherapy under COVID-19 in the World].
x0twvfw7,htvem7qt,0.99999976,"Call for Emergency Action to Limit Global Temperature Increases, Restore Biodiversity, and Protect Health: Wealthy nations must do much more, much faster(†)","Call for Emergency Action to Limit Global Temperature Increases, Restore Biodiversity, and Protect Health: Wealthy nations must do much more, much faster"
9365dtdx,3jjzq57n,0.99999976,Teaming and Thinking Outside the Box for Trainee Redeployment During the COVID-19 Pandemic.,Teaming and Thinking Outside the Box for Trainee Redeployment During the COVID-19 Pandemic
ec81bi5c,kk8qdm4l,0.99999976,Effect of combination antiviral therapy on hematological profiles in 151 adults hospitalized with severe coronavirus disease 2019,Effect of combination antiviral therapy on hematological profiles in 151 adults hospitalized with severe coronavirus disease 2019
1hfbst8v,zuu2zxg5,0.99999976,Risk factors related to the severity of COVID-19 in Wuhan,Risk factors related to the severity of COVID-19 in Wuhan
nlmpcwec,mw5dctbw,0.99999976,Telepresence Mobile Robots Design and Control for Social Interaction,Telepresence Mobile Robots Design and Control for Social Interaction
v6494q6y,apodi24o,0.99999976,[Covid-19 in Santa Catarina: a sad population experiment].,[Covid-19 in Santa Catarina: a sad population experiment]
vbi8wvdd,xbgv22ad,0.99999976,TOC,TOC
hqy58dfs,6esr8s3a,0.99999976,"Chloroquine and COVID-19, where do we stand?","Chloroquine and COVID-19, where do we stand?"
v92r2c2r,oadp0wnr,0.99999976,COVID‐19 makes clear why deinstitutionalization is essential,COVID-19 makes clear why deinstitutionalization is essential
hzo700fw,i8ekby6j,0.99999976,Letter from the Editor-in-Chief,A letter from the Editor-in-Chief.
t1p6dlev,0d2f0ldw,0.99999976,COVID-19 Lockdown: Housing Built Environment's Effects on Mental Health,COVID-19 lockdown: housing built environment’s effects on mental health
vbi8wvdd,m15g38fd,0.99999976,TOC,TOC
zryqehy2,gwn3hp7t,0.99999976,Rapid and visual detection of porcine deltacoronavirus by recombinase polymerase amplification combined with a lateral flow dipstick,Rapid and visual detection of porcine deltacoronavirus by recombinase polymerase amplification combined with a lateral flow dipstick
248de4cj,dwn1h7rz,0.99999976,Hydroxychloroquine for Treatment of SARS‐CoV‐2 Infection? Improving Our Confidence in a Model‐Based Approach to Dose Selection,Hydroxychloroquine for Treatment of SARS-CoV-2 Infection? Improving Our Confidence in a Model-Based Approach to Dose Selection
h2u07vxt,cg9amr4w,0.99999976,"Corporate Governance Mechanisms in light of the COVID-19 Crisis: How Financial Information and Regulation, Managerial Decision-Making, and Policy Intervention Can Shape the Economic Recovery","Corporate Governance Mechanisms in light of the COVID‐19 Crisis: How Financial Information and Regulation, Managerial Decision‐Making, and Policy Intervention Can Shape the Economic Recovery"
xg4dvx02,apur0q4a,0.99999976,Human mobility and poverty as key drivers of COVID-19 transmission and control,Human mobility and poverty as key drivers of COVID-19 transmission and control
9ctedutu,8xvf8emk,0.99999976,Risk of COVID-19 in Patients With Cancer.,Risk of COVID-19 in Patients With Cancer.
pulkw50k,hxh8lodt,0.99999976,Geriatric Health in Bangladesh during COVID-19: Challenges and Recommendations,Geriatric Health in Bangladesh during COVID-19: Challenges and Recommendations.
tbhhadce,k3c8nlgz,0.99999976,Health Communication Through News Media During the Early Stage of the COVID-19 Outbreak in China: A Digital Topic Modeling Approach,Health Communication Through News Media During the Early Stage of the COVID-19 Outbreak in China: Digital Topic Modeling Approach
xr4ibcvo,bghuiwts,0.99999976,Applications of Artificial Intelligence in Battling Against Covid-19: A Literature Review,Applications of Artificial Intelligence in Battling Against Covid-19: A Literature Review
489bql2o,sh6n7c9t,0.99999976,Markers of memory CD8 T cells depicting the effect of the BNT162b2 mRNA COVID-19 vaccine in Japan,Markers of Memory CD8 T Cells Depicting the Effect of the BNT162b2 mRNA COVID-19 Vaccine in Japan
2m7n9j42,z0x4kll2,0.99999976,In this Issue,In this issue
2m7n9j42,yxa84rv4,0.99999976,In this Issue,In this issue
ufrt01l0,r4ig790g,0.99999976,Challenges of remote assessment in higher education in the context of COVID-19: a case study of Middle East College,Challenges of remote assessment in higher education in the context of COVID-19: a case study of Middle East College
jxgerfop,5wwwrvgx,0.99999976,Measurement of airborne particle exposure during simulated tracheal intubation using various proposed aerosol containment devices during the COVID-19 pandemic,Measurement of airborne particle exposure during simulated tracheal intubation using various proposed aerosol containment devices during the COVID‐19 pandemic
50zk0s0f,ux9wwtg1,0.99999976,Full recovery of elective orthopedic surgery in the age of COVID-19: an 8-month retrospective cohort study,Full recovery of elective orthopedic surgery in the age of COVID-19: an 8-month retrospective cohort study
xbgv22ad,m15g38fd,0.99999976,TOC,TOC
gg0v0e82,8thm3nk1,0.99999976,Mitteilungen des Berufsverbandes der Deutschen Radiologen,Mitteilungen des Berufsverbandes der Deutschen Radiologen
atiivud9,rz1juv9d,0.99999976,The Rising Number of COVID-19 Cases Reflecting Growing Search Trend and Concern of People: A Google Trend Analysis of Eight Major Countries,The Rising Number of COVID-19 Cases Reflecting Growing Search Trend and Concern of People: A Google Trend Analysis of Eight Major Countries
3qvxdux7,i09y8bth,0.99999976,"The psychosocial impact of the COVID-19 pandemic on patients with monoclonal gammopathy of undermined significance, smouldering and active myeloma: findings from an international survey","The psychosocial impact of the COVID‐19 pandemic on patients with monoclonal gammopathy of undermined significance, smouldering and active myeloma: findings from an international survey"
53pslejk,5czqwdwl,0.99999976,Climate factors and incidence of Middle East respiratory syndrome coronavirus,Climate factors and incidence of Middle East respiratory syndrome coronavirus
5uhhy5eu,roaxk89m,0.99999976,Sheltered Instructional Observational Protocol Model in Digital Teaching EFL Students in Ukraine,Sheltered Instructional Observational Protocol Model in Digital Teaching EFL Students in Ukraine
rgpo287l,q3v237z3,0.99999976,Audio Interview: A New SARS-CoV-2 Vaccine and a New Look at Treatment.,Audio Interview: A New SARS-CoV-2 Vaccine and a New Look at Treatment
ztehpr6x,sye8096g,0.99999976,Impacts of contracted endodontic cavities compared to traditional endodontic cavities in premolars,Impacts of contracted endodontic cavities compared to traditional endodontic cavities in premolars.
bjuao8yh,3wuk0lj4,0.99999976,Predominance of hospital-acquired bloodstream infection in patients with Covid-19 pneumonia,Predominance of hospital-acquired bloodstream infection in patients with Covid-19 pneumonia.
88eo0ktq,2xaye2n8,0.99999976,Obituary,Obituary
xis9q0ku,0ax26o75,0.99999976,Table of Contents.,Inhaltsverzeichnis / Table of Contents
177rx3rz,bcwv7gmr,0.99999976,A Case of Gastric MiNEN Arising from the Heterotopic Gastric Glands,A Case of Gastric MiNEN Arising from the Heterotopic Gastric Glands.
hb3pclne,jwg317hr,0.99999976,"Covid-19: Risk of death more than doubled in people who also had flu, English data show","Covid-19: Risk of death more than doubled in people who also had flu, English data show."
qeb1v74l,ghwqr5el,0.99999976,Rehabilitation for Patients with COVID-19: A Japanese Single-center Experience,Rehabilitation for Patients with COVID-19: A Japanese Single-center Experience
be1lta30,ajcrzgq8,0.99999976,Cardiac Abnormalities in COVID-19 and Relationship to Outcome,Cardiac Abnormalities in Covid-19 and Relationship to Outcome
cfcmh1ho,1527u33b,0.99999976,Phosphorus deficiency induces root proliferation and Cd absorption but inhibits Cd tolerance and Cd translocation in roots of Populus × euramericana.,Phosphorus deficiency induces root proliferation and Cd absorption but inhibits Cd tolerance and Cd translocation in roots of Populus × euramericana
smk610hq,lhn5jdey,0.99999976,"Suppression of de novo antibody responses against SARS-CoV2 and the Omicron variant after mRNA vaccination and booster in patients with B cell malignancies undergoing active treatment, but maintenance of pre-existing antibody levels against endemic viruses","Suppression of de novo antibody responses against SARS-CoV2 and the Omicron variant after mRNA vaccination and booster in patients with B cell malignancies undergoing active treatment, but maintenance of pre-existing antibody levels against endemic viruses."
z0x4kll2,yxa84rv4,0.99999976,In this issue,In this issue
1h94dgny,6dudnf2p,0.9999997,Sharing diverse information gets driver agents to learn faster: an application in en route trip building,Sharing diverse information gets driver agents to learn faster: an application in en route trip building
xgrk1y48,ai6hoi0w,0.9999997,COVID-19 fatalities by zip codes and socioeconomic indicators across various U.S. regions,COVID-19 fatalities by zip codes and socioeconomic indicators across various U.S. regions
ydbp7t3l,ztaiwj08,0.9999997,Authors' Reply,Reply by Authors
ydbp7t3l,9o7o4ubp,0.9999997,Authors' Reply,The Authors Reply.
ydbp7t3l,xwcadxz1,0.9999997,Authors' Reply,The authors reply.
sbsw7ghn,xu3w7c7g,0.9999997,Prevalence and Mortality due to Outbreak of Novel Coronavirus Disease (COVID‐19) in β‐Thalassemias: The Nationwide Iranian Experience,Prevalence and Mortality due to Outbreak of Novel Coronavirus Disease (COVID-19) in ß-Thalassemias: The Nationwide Iranian Experience
ydbp7t3l,j3r4wbpu,0.9999997,Authors' Reply,Authors’ Reply
4dmwkj24,hrg8qqn7,0.9999997,Infectious diseases. Annual review of significant publications.,Infectious diseases. Annual review of significant publications.
ydbp7t3l,k8d3desk,0.9999997,Authors' Reply,Authors' reply.
509i4j5y,tafc0ajf,0.9999997,Effect of a single-component ceramic conditioner on shear bond strength of precoated brackets to different CAD/CAM materials,Effect of a single-component ceramic conditioner on shear bond strength of precoated brackets to different CAD/CAM materials.
8ru35w88,5bjh3t3e,0.9999997,Modeling the Case of Early Detection of Ebola Virus Disease,Modeling the case of early detection of Ebola virus disease
ydbp7t3l,ggr3czvu,0.9999997,Authors' Reply,The authors reply.
01hv5kun,zznvkxra,0.9999997,ABSTRACTS,BASL Abstracts
01hv5kun,zynq5bwv,0.9999997,ABSTRACTS,2005 ECVIM Abstracts
zznvkxra,zynq5bwv,0.9999997,BASL Abstracts,2005 ECVIM Abstracts
0un63gl2,fu8isguz,0.9999997,"Heroes, politics and media: the unshakable medical practice in the pandemic.","Heroes, politics and media: the unshakable medical practice in the pandemic"
3qj7f92c,4qhvljpv,0.9999997,COVID-19 pandemic and Farr's law: A global comparison and prediction of outbreak acceleration and deceleration rates,COVID-19 pandemic and Farr’s law: A global comparison and prediction of outbreak acceleration and deceleration rates
3ljvvmoy,4nk2qeav,0.9999997,MYOCARDIAL INJURY IN AFRICAN AMERICAN PATIENTS WITH COVID-19,Myocardial Injury in African American Patients with Covid-19
zznvkxra,8dy2777x,0.9999997,BASL Abstracts,Abstracts DEGRO 2021
01hv5kun,8dy2777x,0.9999997,ABSTRACTS,Abstracts DEGRO 2021
kip3gz6s,6teyxb0e,0.9999997,Ischaemic strokes associated with COVID-19: is there a specific pattern?,Ischaemic strokes associated with COVID-19: is there a specific pattern?
29r9kcaq,9bxhscjv,0.9999997,P5‐137: Corona virus disease (COVID 19) in human immunodeficiency virus (HIV) patient,Corona virus disease (COVID 19) in human immunodeficiency virus (HIV) patient
g3m7ksrs,i1hv38eh,0.9999997,The COVID-19 pandemic should not jeopardize dengue control,The COVID-19 pandemic should not jeopardize dengue control
oen8cl8u,1z3bvq3e,0.9999997,Flight of the COVID-19 patient: experience with a Wuhan evacuee: a case report,Flight of the COVID-19 patient: experience with a Wuhan evacuee: a case report
rjxtv5c4,fiizae1e,0.9999997,Covid-19 Presentation in Patients with Sickle Cell Disease: a Case Series,COVID-19 Presentation in Patients with Sickle Cell Disease: A Case Series
nu7be01n,i16a67rb,0.9999997,Navigating COVID-19 with emotional intelligence,Navigating COVID-19 with emotional intelligence.
zznvkxra,n3t1jj29,0.9999997,BASL Abstracts,ABSTRACTS
01hv5kun,n3t1jj29,0.9999997,ABSTRACTS,ABSTRACTS
5mjsn8s2,fe0vw9eo,0.9999997,A two-phase dynamic contagion model for COVID-19,A Two-Phase Dynamic Contagion Model for COVID-19
nha5zgbn,9twzm71o,0.9999997,Upcoming Events in Pediatric Cardiology Pediatric Cardiology 42–2,Upcoming Events in Pediatric Cardiology Pediatric Cardiology 42-2
zynq5bwv,8dy2777x,0.9999997,2005 ECVIM Abstracts,Abstracts DEGRO 2021
nha5zgbn,v517x6as,0.9999997,Upcoming Events in Pediatric Cardiology Pediatric Cardiology 42–2,Upcoming Events in Pediatric Cardiology Pediatric Cardiology 42-2
h8omxukz,4h3klitg,0.9999997,Stress and sleep: a survey based on wearable sleep trackers among medical and nursing staff in Wuhan during the COVID-19 pandemic,Stress and sleep: A survey based on wearable sleep trackers among medical and nursing staff in Wuhan during the COVID-19 pandemic
wf2myyeh,c96blkdh,0.9999997,Making the world's skin crawl: dermatologic implications of COVID-19,Making the world's skin crawl: dermatologic implications of COVID-19.
nha5zgbn,018jv2iy,0.9999997,Upcoming Events in Pediatric Cardiology Pediatric Cardiology 42–2,Upcoming Events in Pediatric Cardiology Pediatric Cardiology 41-5
2bclaucx,uixeq6jl,0.9999997,The laboratory findings and different COVID-19 severities: a systematic review and meta-analysis,The laboratory findings and different COVID-19 severities: a systematic review and meta-analysis
zu63vaz8,e0mufsdr,0.9999997,"Progress Toward Poliomyelitis Eradication - Afghanistan, January 2019-July 2020","Progress Toward Poliomyelitis Eradication — Afghanistan, January 2019–July 2020"
4zy32uwm,s3nk62as,0.9999997,Validation of a SARS-CoV-2 RNA RT-PCR assay for high-throughput testing in blood of COVID-19 convalescent plasma donors and patients.,Validation of a SARS-CoV-2 RNA RT-PCR assay for high-throughput testing in blood of COVID-19 convalescent plasma donors and patients
9fpux92j,9zyudusj,0.9999997,Patients' Perceptions on Surgical Care Suspension for Pelvic Floor Disorders During the COVID-19 Pandemic,Patients' Perceptions on Surgical Care Suspension for Pelvic Floor Disorders During the COVID-19 Pandemic.
zynq5bwv,n3t1jj29,0.9999997,2005 ECVIM Abstracts,ABSTRACTS
6q8tnv88,tvo2a96i,0.9999997,Phosphate linkers with traceable cyclic intermediates for self-immolation detection and monitoring,Phosphate linkers with traceable cyclic intermediates for self-immolation detection and monitoring.
hgkix1zr,xo1q9574,0.9999997,Clinical efficacy and safety of remdesivir in patients with COVID-19: a systematic review and network meta-analysis of randomized controlled trials,Clinical efficacy and safety of remdesivir in patients with COVID-19: a systematic review and network meta-analysis of randomized controlled trials
y0r8iqmb,5gqw0yff,0.9999997,Nontechnical Skill Countermeasures for Pandemic Response,Nontechnical Skill Countermeasures for Pandemic Response
f5q02adf,0dxjohez,0.9999997,Author Correction: On the evolution of sexual receptivity in female primates,Author Correction: On the evolution of sexual receptivity in female primates.
0su638a3,e79mseex,0.9999997,"World Lung Day: what, why, and where to?","World Lung Day; what, why and where to?"
ihs2wavv,knxsh5n2,0.9999997,"Wearing N95, Surgical, and Cloth Face Masks Compromises the Perception of Emotion","Wearing N95, Surgical, and Cloth Face Masks Compromises the Perception of Emotion"
esg2er5d,vt5snac5,0.9999997,Parameter Estimation from ICC curves,Parameter Estimation from ICC curves
73paos0v,yb3zj46w,0.9999997,Serological tests for COVID‐19: Potential opportunities,Serological Tests for COVID-19: Potential Opportunities
kah0sx32,7s4cyffu,0.9999997,Quantifying the Shift in Social Contact Patterns in Response to Non-Pharmaceutical Interventions,Quantifying the shift in social contact patterns in response to non-pharmaceutical interventions
brq37r96,zg7pcy4e,0.9999997,Data-driven Testing Program Improves Detection of COVID-19 Cases and Reduces Community Transmission,Data-driven testing program improves detection of COVID-19 cases and reduces community transmission
xxwyifzc,oyj1sxi5,0.9999997,"Fundamental evolution of all Orthocoronavirinae including three deadly lineages descendent from Chiroptera-hosted coronaviruses: SARS-CoV, MERS-CoV and SARS-CoV-2","Fundamental evolution of all Orthocoronavirinae including three deadly lineages descendent from Chiroptera‐hosted coronaviruses: SARS‐CoV, MERS‐CoV and SARS‐CoV‐2"
jjitp3pi,f2anio47,0.9999997,Impact of COVID-19 pandemic on psychosocial and clinical factors among people with and without HIV living in Miami,482. Impact of COVID-19 Pandemic on Psychosocial and Clinical Factors among people with and without HIV living in Miami
3hqfaues,ncm5wf6v,0.9999997,NRITLD Protocol for the Management of Patients with COVID-19 Admitted to Hospitals,NRITLD protocol for the management of patients with COVID-19 admitted to hospitals
u18u1s1f,0ji9ccar,0.9999997,[Image: see text] Dental World: PIERRE FAUCHARD ACADEMY,Dental World [Image: see text]: Pierre Fauchard Academy
fhml9mb4,m8ks54x0,0.9999997,Comparative genomics reveals early emergence and biased spatio-temporal distribution of SARS-CoV-2,Comparative genomics reveals early emergence and biased spatio-temporal distribution of SARS-CoV-2
mrlv7992,ytme52jm,0.9999997,Protocol for systematic review of ethical declarations made in clinical publications concerning COVID-19.,Protocol for systematic review of ethical declarations made in clinical publications concerning COVID-19
t5k3pa7b,p4wpge6k,0.9999997,The Relationship Between Social Vulnerability and COVID-19 Incidence Among Louisiana Census Tracts,The Relationship Between Social Vulnerability and COVID-19 Incidence Among Louisiana Census Tracts
opyhydqy,efhw7xxq,0.9999997,Prediction and Potential Spatially Explicit Spread of COVID-19 in Mexico's Megacity North Periphery,Prediction and Potential Spatially Explicit Spread of COVID-19 in Mexico’s Megacity North Periphery
l26sdtxf,ok0ulu4j,0.9999997,General thoracic surgery services across Asia during the 2020 COVID-19 pandemic,General thoracic surgery services across Asia during the 2020 COVID-19 pandemic
uq5tnoa3,9ud32cvb,0.9999997,Antibody Responses In Non-Severe SARS-CoV-2 Infections Are Driven By CD4+ T cells and Age,Antibody Responses In Non-Severe SARS-CoV-2 Infections Are Driven By CD4+ T cells and Age.
i3j7ovfn,8u4c2xqg,0.9999997,Examining the association between socio-demographic composition and COVID-19 fatalities in the European region using spatial regression approach,Examining the association between socio-demographic composition and COVID-19 fatalities in the European region using spatial regression approach
9twzm71o,v517x6as,0.9999997,Upcoming Events in Pediatric Cardiology Pediatric Cardiology 42-2,Upcoming Events in Pediatric Cardiology Pediatric Cardiology 42-2
uzcfchiv,wfq7y3nk,0.9999997,Deep Learning on Chest X-ray Images to Detect and Evaluate Pneumonia Cases at the Era of COVID-19,Deep Learning on Chest X-ray Images to Detect and Evaluate Pneumonia Cases at the Era of COVID-19
jbpoy866,oegn8m1k,0.9999997,Deep Transfer Learning Based Classification Model for COVID-19 Disease,Deep Transfer Learning based Classification Model for COVID-19 Disease
k93wd8n1,tm4tey0x,0.9999997,"Chest CT imaging characteristics and their evolution of 48 patients with COVID-19 in Hengyang, China.","Chest CT imaging characteristics and their evolution of 48 patients with COVID-19 in Hengyang, China"
9as42nh8,1p28j9cf,0.9999997,"Perception of Threat and Psychological Impact of COVID-19 among Expatriates in Makkah Region, Saudi Arabia","Perception of Threat and Psychological Impact of COVID-19 among Expatriates in Makkah Region, Saudi Arabia"
vpgdkeoq,b1uuwqww,0.9999997,"Role of Hybrid Deep Neural Networks (HDNNs), Computed Tomography, and Chest X-rays for the Detection of COVID-19","Role of Hybrid Deep Neural Networks (HDNNs), Computed Tomography, and Chest X-rays for the Detection of COVID-19"
9twzm71o,018jv2iy,0.9999997,Upcoming Events in Pediatric Cardiology Pediatric Cardiology 42-2,Upcoming Events in Pediatric Cardiology Pediatric Cardiology 41-5
96mkzzh9,4zkwb54w,0.9999997,Practice Recommendations for Lung Cancer Radiotherapy During the COVID-19 Pandemic: An ESTRO-ASTRO Consensus Statement,Practice recommendations for lung cancer radiotherapy during the COVID-19 pandemic: An ESTRO-ASTRO consensus statement
fgdgx88m,k7m9e9eq,0.9999997,More research is needed on the long-term effects of COVID-19 on children and adolescents,More research is needed on the long‐term effects of COVID‐19 on children and adolescents
9o7o4ubp,ztaiwj08,0.9999997,The Authors Reply.,Reply by Authors
ztaiwj08,xwcadxz1,0.9999997,Reply by Authors,The authors reply.
9o7o4ubp,xwcadxz1,0.9999997,The Authors Reply.,The authors reply.
a97ehu7n,x2bgqiwz,0.9999997,The COVID-19 Pandemic's Influence on Family Systems Therapists' Provision of Teletherapy,The COVID‐19 Pandemic’s Influence on Family Systems Therapists’ Provision of Teletherapy
hlci9y3h,vtj0i4e6,0.9999997,How Will the Future of Work Shape OSH Research and Practice? A Workshop Summary,How Will the Future of Work Shape OSH Research and Practice? A Workshop Summary
r76vwdxc,yknjij6v,0.9999997,Effect of COVID-19 Pandemic on the Change in Skeletal Muscle Mass in Older Patients with Type 2 Diabetes: A Retrospective Cohort Study,Effect of COVID-19 Pandemic on the Change in Skeletal Muscle Mass in Older Patients with Type 2 Diabetes: A Retrospective Cohort Study
ztaiwj08,j3r4wbpu,0.9999997,Reply by Authors,Authors’ Reply
9o7o4ubp,j3r4wbpu,0.9999997,The Authors Reply.,Authors’ Reply
9o7o4ubp,k8d3desk,0.9999997,The Authors Reply.,Authors' reply.
ztaiwj08,k8d3desk,0.9999997,Reply by Authors,Authors' reply.
zrajf3ij,196z8xol,0.9999997,Reflections on China–US relations after the COVID-19 pandemic,Reflections on China–US relations after the COVID-19 pandemic
mx3s2hsr,r8km2s19,0.9999997,"COVID-19 panic, solidarity and equity-the Malta exemplary experience","COVID-19 panic, solidarity and equity—the Malta exemplary experience"
5caxx02e,4yqz5w26,0.9999997,Hemodynamic Monitoring Options in COVID-19,Hemodynamic Monitoring Options in COVID-19
in6whcf6,tatsy0xx,0.9999997,Clinical diagnosis of severe COVID-19: A derivation and validation of a prediction rule,Clinical diagnosis of severe COVID-19: A derivation and validation of a prediction rule
8udyvjq7,txr70dvq,0.9999997,Impact of teleophthalmology during COVID-19 lockdown in a tertiary care center in South India,Impact of teleophthalmology during COVID-19 lockdown in a tertiary care center in South India
ztaiwj08,ggr3czvu,0.9999997,Reply by Authors,The authors reply.
9o7o4ubp,ggr3czvu,0.9999997,The Authors Reply.,The authors reply.
0gmeface,xuk0anck,0.9999997,"The Advisory Committee on Immunization Practices' Updated Interim Recommendation for Allocation of COVID-19 Vaccine - United States, December 2020","The advisory Committee on Immunization practices’ updated interim recommendation for allocation of COVID‐19 vaccine—United states, December 2020"
iu4ddld6,60vhr51n,0.9999997,Specific EEG Encephalopathy Pattern in SARS-CoV-2 Patients,Specific EEG Encephalopathy Pattern in SARS-CoV-2 Patients
0gmeface,nh64ou8m,0.9999997,"The Advisory Committee on Immunization Practices' Updated Interim Recommendation for Allocation of COVID-19 Vaccine - United States, December 2020","The Advisory Committee on Immunization Practices' Updated Interim Recommendation for Allocation of COVID-19 Vaccine - United States, December 2020."
xwcadxz1,j3r4wbpu,0.9999997,The authors reply.,Authors’ Reply
4z32ca0x,mobvbr5t,0.9999997,"New research on reduction and/or elimination of hazardous substances in the design, manufacture and application of chemical products.","New research on reduction and/or elimination of hazardous substances in the design, manufacture and application of chemical products"
xwcadxz1,k8d3desk,0.9999997,The authors reply.,Authors' reply.
5pavcjpd,tt8md61t,0.9999997,COVID-19: time for post-exposure prophylaxis?,COVID-19: Time for Post-Exposure Prophylaxis?
lpqe7i9y,mcmp599i,0.9999997,Association of Stress-Related Factors With Anxiety Among Chinese Pregnant Participants in an Online Crisis Intervention During COVID-19 Epidemic,Association of Stress-Related Factors With Anxiety Among Chinese Pregnant Participants in an Online Crisis Intervention During COVID-19 Epidemic
xwcadxz1,ggr3czvu,0.9999997,The authors reply.,The authors reply.
h6hk58oh,q7q7thgy,0.9999997,"In Reference to Voice, Swallow and Airway Outcomes Following Tracheostomy for COVID‐19","In Reference to Voice, Swallow and Airway Outcomes Following Tracheostomy for COVID-19"
xuk0anck,nh64ou8m,0.9999997,"The advisory Committee on Immunization practices’ updated interim recommendation for allocation of COVID‐19 vaccine—United states, December 2020","The Advisory Committee on Immunization Practices' Updated Interim Recommendation for Allocation of COVID-19 Vaccine - United States, December 2020."
f7f8gid3,alry5urq,0.9999997,High dose dexamethasone treatment for Acute Respiratory Distress Syndrome secondary to COVID-19: a structured summary of a study protocol for a randomised controlled trial,High dose dexamethasone treatment for Acute Respiratory Distress Syndrome secondary to COVID-19: a structured summary of a study protocol for a randomised controlled trial
flwsxr7d,g51xscxr,0.9999997,Detection of Respiratory Pathogens by Application of Multiplex PCR Panel During Early Period of COVID-19 Pandemic in a Tertiary Hospital in Central Taiwan,Detection of Respiratory Pathogens by Application of Multiplex PCR Panel During Early Period of COVID-19 Pandemic in a Tertiary Hospital in Central Taiwan
w3xj2loi,w0tq6stg,0.9999997,A model based on a high-resolution flux matrix explains the spread of diseases in a spatial network and the effect of mitigation strategies,A model based on a high-resolution flux matrix explains the spread of diseases in a spatial network and the effect of mitigation strategies
5s8941at,a7m8l8rb,0.9999997,COVID-19: Reflections on Working Together Through the Pandemic: JCOM,COVID-19: Reflections on working together through a pandemic
wxiomh5f,ez28qx89,0.9999997,Characteristics and Outcomes of Recipients of Heart Transplant With Coronavirus Disease 2019.,Characteristics and Outcomes of Recipients of Heart Transplant With Coronavirus Disease 2019
74tonosf,516j26js,0.9999997,SDRIFE-like reaction with systemic affectation after SARS-COV-2 infection,SDRIFE-like reaction with systemic affectation after SARS-COV-2 infection
iltfvwty,5ja6a8n0,0.9999997,Community-based Cancer Care Quality and Expertise in a COVID-19 Era and Beyond,Community-based Cancer Care Quality and Expertise in a COVID-19 Era and Beyond
53z879dm,ewwh8fsn,0.9999997,A study of universal SARS-CoV-2 RNA testing of residents and staff in a large group of care homes in South London,A study of universal SARS-CoV-2 RNA testing of residents and staff in a large group of care homes in South London
18pfjxlv,5iuonpq2,0.9999997,Remote Rehabilitation Conferences in the Age of SARS-CoV-2,Remote Rehabilitation Conferences in the Age of SARS-CoV-2
sp39c8zj,i55e6j1z,0.9999997,Possible role of neuropilins in dermatological manifestations of SARS-CoV-2 infection,Possible role of neuropilins in dermatological manifestations of SARS‐CoV‐2 infection
q4u22nzn,f1v5l0jf,0.9999997,Prognostic Value and Risk Factors of Peritoneal Carcinomatosis Recurrence for Patients with Endometrial Cancer: A Multicenter Study from the FRANCOGYN Group.,Prognostic Value and Risk Factors of Peritoneal Carcinomatosis Recurrence for Patients with Endometrial Cancer: A Multicenter Study from the FRANCOGYN Group
h95mtir4,szba2mxd,0.9999997,Double-Membrane Vesicles as Platforms for Viral Replication,Double-Membrane Vesicles as Platforms for Viral Replication
fw7tey98,assr586o,0.9999997,"Variational multi-task MRI reconstruction: Joint reconstruction, registration and super-resolution.","Variational Multi-Task MRI Reconstruction: Joint Reconstruction, Registration and Super-Resolution"
8dy2777x,n3t1jj29,0.9999997,Abstracts DEGRO 2021,ABSTRACTS
nj571i2u,844o9nr2,0.9999997,"Public and healthcare providers awareness of Coronavirus (COVID-19) in Qassim Region, Saudi Arabia","Public and healthcare providers awareness of Coronavirus (COVID-19) in Qassim Region, Saudi Arabia"
jwoxblqu,j85letss,0.9999997,Springer Medizin zeichnet beste Innovationen aus,Springer Medizin zeichnet beste Innovationen aus
vzi7f44o,7ikfjwhe,0.9999997,Chilblain-like lesions during the COVID-19 pandemic: early or late sign?,Chilblain‐like lesions during the COVID‐19 pandemic: early or late sign?
x7qvq34f,prrw35tf,0.9999997,COVID-19 in pregnancy: A preliminary 50-day review from India,COVID-19 in pregnancy: A preliminary 50-day review from India
29xw4xbs,4gcdinac,0.9999997,Inability to walk and persistent thigh pain after transobturator tape procedure for stress urinary incontinence: surgical management,Inability to walk and persistent thigh pain after transobturator tape procedure for stress urinary incontinence: surgical management
q4p9hkfn,zfvj24m9,0.9999997,[Pregnancy and perinatal outcome of a woman with COVID-19 infection],Pregnancy and perinatal outcome of a woman with COVID-19 infection()
63wkaefh,7qso4xs6,0.9999997,Register,Register
1e9whv30,0x9sux3a,0.9999997,TIB's Visual Analytics Group at MediaEval '20: Detecting Fake News on Corona Virus and 5G Conspiracy,TIB's Visual Analytics Group at MediaEval '20: Detecting Fake News on Corona Virus and 5G Conspiracy
g7orq2ub,0jrv81te,0.9999997,Forecasting in humanitarian operations: Literature review and research needs,Forecasting in humanitarian operations: Literature review and research needs
gq64pruc,jxmc5u0d,0.9999997,Clinical Trials Impacted by the COVID-19 Pandemic: Adaptive Designs to the Rescue?,Clinical trials impacted by the COVID-19 pandemic: Adaptive designs to the rescue?
sqacb0mm,riy2nm5l,0.9999997,Love in the time of COVID-19: Experiences of a psychology trainee,Love In The Time Of Covid-19: Experiences Of A Psychology Trainee
v517x6as,018jv2iy,0.9999997,Upcoming Events in Pediatric Cardiology Pediatric Cardiology 42-2,Upcoming Events in Pediatric Cardiology Pediatric Cardiology 41-5
1yi737bh,f76re6zu,0.9999997,Assessment of Autonomic Nervous System Dysfunction in the Early Phase of Infection With SARS-CoV-2 Virus,Assessment of Autonomic Nervous System Dysfunction in the Early Phase of Infection With SARS-CoV-2 Virus
89lihae4,d6xts1zr,0.9999997,Analyzing Societal Impact of COVID-19: A Study During the Early Days of the Pandemic,Analyzing societal impact of COVID-19: A study during the early days of the pandemic
9zn31byf,dgb52fbo,0.9999997,Protecting Access To Abortion During The COVID-19 Pandemic.,Protecting Access To Abortion During The COVID-19 Pandemic
83win4yc,xvloj5w9,0.9999997,Bedside Tunneled Hemodialysis Catheter Placement in Patients with COVID-19,Bedside Tunneled Hemodialysis Catheter Placement in Patients with COVID-19
gqgfc3eu,041ycivm,0.9999997,Development and validation of a prediction model for 30-day mortality in hospitalised patients with COVID-19: the COVID-19 SEIMC score,Development and validation of a prediction model for 30-day mortality in hospitalised patients with COVID-19: the COVID-19 SEIMC score
jb57e0w6,ow0k4lgf,0.9999997,"Pandemic, Shutdown and Consumer Spending: Lessons from Scandinavian Policy Responses to COVID-19","Pandemic, Shutdown and Consumer Spending: Lessons from Scandinavian Policy Responses to COVID-19"
ojzju46o,mvxad0t2,0.9999997,Olfactory and gustatory dysfunctions in COVID-19 patients: A systematic review and meta-analysis.,Olfactory and gustatory dysfunctions in COVID-19 patients: a systematic review and meta-analysis
2z48fyg9,fmxvjj6k,0.9999997,Development of a highly effective low-cost vaporized hydrogen peroxide-based method for disinfection of personal protective equipment for their selective reuse during pandemics,Development of a highly effective low-cost vaporized hydrogen peroxide-based method for disinfection of personal protective equipment for their selective reuse during pandemics
4jw7od8r,fv2efcf2,0.9999997,Antihypertensive drugs and risk of COVID-19? – Authors' reply,Antihypertensive drugs and risk of COVID-19? - Authors' reply
dkhwaoor,dexvtbgi,0.9999997,Troponin T in COVID-19 hospitalized patients: kinetics matter,Troponin T in COVID-19 hospitalized patients: Kinetics matter
b280x71g,buzoibze,0.9999997,"The association between prior physical fitness and depression in young adults during the COVID-19 pandemic—a cross-sectional, retrospective study","The association between prior physical fitness and depression in young adults during the COVID-19 pandemic—a cross-sectional, retrospective study"
lx7d9tks,tdyugd0t,0.9999997,"What's Important: Widespread Vaccination: Reflections on the Pandemic, Contracting COVID-19, and the Opportunity Before Us.","What's Important: Widespread Vaccination: Reflections on the Pandemic, Contracting COVID-19, and the Opportunity Before Us"
h85c49cv,cj1m7j06,0.9999997,Clofoctol inhibits SARS-CoV-2 replication and reduces lung pathology in mice,Clofoctol inhibits SARS-CoV-2 replication and reduces lung pathology in mice
s4b2bqhv,935sljuu,0.9999997,"Effect of COVID-19 on the Generation of Waste in Marrakech, Morocco","Effect of COVID-19 on the Generation of Waste in Marrakech, Morocco"
dndbu0m5,1tdga7v3,0.9999997,Signal Amplification by Reversible Exchange for COVID-19 Antiviral Drug Candidates,Signal amplification by reversible exchange for COVID-19 antiviral drug candidates
o8nmxmoh,fxa8cior,0.9999997,Telehealth for the cognitively impaired older adult and their caregivers: lessons from a coordinated approach,Telehealth for the cognitively impaired older adult and their caregivers: lessons from a coordinated approach
ntx6y97k,o865bk8r,0.9999997,Reinforcement Learning Assisted Oxygen Therapy for COVID-19 Patients Under Intensive Care,Reinforcement Learning Assisted Oxygen Therapy for COVID-19 Patients Under Intensive Care
s5xtsi1b,j115dnhn,0.9999997,The impact of COVID-19 on contraception and abortion care policy and practice: experiences from selected countries,The impact of COVID-19 on contraception and abortion care policy and practice: experiences from selected countries.
j3r4wbpu,k8d3desk,0.9999997,Authors’ Reply,Authors' reply.
lecmf9rl,ltwyxz9j,0.9999997,A review of hospital-based interventions to improve inpatient influenza vaccination uptake for high-risk adults.,A review of hospital-based interventions to improve inpatient influenza vaccination uptake for high-risk adults
4grcr2v6,l89ev0mw,0.9999997,How COVID-19 can affect nurses' mental health and what to do about it,How COVID-19 can affect nurses’ mental health and what to do about it
j3r4wbpu,ggr3czvu,0.9999997,Authors’ Reply,The authors reply.
l6xd9t4o,hxfcrzpx,0.9999997,Zero-Valent Iron Nanoparticles for Soil and Groundwater Remediation,Zero-Valent Iron Nanoparticles for Soil and Groundwater Remediation.
bd5uxxhv,rob55syl,0.9999997,Hiv patients with COVID-19 hospitalized in a tertiary care center in mexico city,381. HIV Patients with COVID-19 Hospitalized in a Tertiary Care Center in Mexico City
eilqs15a,mj9xc5fv,0.9999997,Fungal and bacterial coinfections increase mortality of severely ill COVID-19 patients,Fungal and bacterial coinfections increase mortality of severely ill COVID-19 patients
dtjvaobd,heaj2342,0.9999997,A case series of ischemic stroke with coronavirus disease 2019 in two Egyptian centers,A case series of ischemic stroke with coronavirus disease 2019 in two Egyptian centers
ptl3lqtz,ecv3kvdi,0.9999997,Covid-19 and thrombotic thrombocytopenic purpura: A case report,Azd-1222: Thrombotic thrombocytopenic purpura: case report
rj9dnn8s,s1l7ja3a,0.9999997,Trends and diagnostic value of D-dimer levels in patients hospitalized with coronavirus disease 2019,Trends and diagnostic value of D-dimer levels in patients hospitalized with coronavirus disease 2019
st8oxu2k,a626e6tn,0.9999997,A case of COVID-19 pneumonia with cerebral hemorrhage,A case of COVID-19 pneumonia with cerebral hemorrhage
ytv0opi0,9ailgzds,0.9999997,The origins and molecular evolution of SARS-CoV-2 lineage B.1.1.7 in the UK,The origins and molecular evolution of SARS-CoV-2 lineage B.1.1.7 in the UK
k8d3desk,ggr3czvu,0.9999997,Authors' reply.,The authors reply.
to1v5s0u,at9w7paw,0.9999997,Community-Level Prevention of Childhood Maltreatment: Next Steps in a World with COVID-19,Community-Level Prevention of Childhood Maltreatment: Next Steps in a World with COVID-19
t8g9w7jo,cy2poqmp,0.9999997,Correction to: Assessing Short-Term and Long-Term Economic and Environmental Effects of the COVID-19 Crisis in France,Correction to: Assessing Short-Term and Long-Term Economic and Environmental Effects of the COVID-19 Crisis in France
o0oju1ph,44vq1vfi,0.9999997,Commentary on: The Safe Resumption of Elective Plastic Surgery in Accredited Ambulatory Surgery Facilities During the COVID-19 Pandemic,Commentary on: The Safe Resumption of Elective Plastic Surgery in Accredited Ambulatory Surgery Facilities During the COVID-19 Pandemic
w1785lap,lv8eg2t3,0.9999997,Update I. A systematic review on the efficacy and safety of chloroquine/hydroxychloroquine for COVID-19,Update I. A systematic review on the efficacy and safety of chloroquine/hydroxychloroquine for COVID-19
hu61pmhr,1n281qud,0.9999997,646 Telehealth in Burn Rehabilitation: Virtual Objective Measures,646 Telehealth in Burn Rehabilitation: Virtual Objective Measures
3tjl208v,u771jyb9,0.9999997,Piloting and Scaling a Good Health Equity Evidence Base From Big Data,Piloting and Scaling a Good Health Equity Evidence Base From Big Data.
f2f7413t,0y981qoq,0.9999997,Myocarditis following COVID-19 vaccination,Myocarditis following COVID-19 vaccination
dunha04j,qc84lu0h,0.9999997,An evaluation of the impact of COVID-19 on the leadership behaviour of dental practice managers in England,An evaluation of the impact of COVID-19 on the leadership behaviour of dental practice managers in England
c67l7nvy,c8lh5jmi,0.9999997,Cardiac safety of off-label COVID-19 drug therapy: a review and proposed monitoring protocol,Cardiac safety of off-label COVID-19 drug therapy: a review and proposed monitoring protocol
vhchldle,vwde8lzj,0.9999997,"Garbage in, garbage out: The tenuous state of research on PTSD in the context of the COVID-19 pandemic and infodemic","Garbage in, garbage out: The tenuous state of research on PTSD in the context of the COVID-19 pandemic and infodemic."
d3yq5shd,zurmhr2w,0.9999997,"Assessment of early mitigation measures against COVID-19 in Puerto Rico: March 15-May 15, 2020","Assessment of early mitigation measures against COVID-19 in Puerto Rico: March 15-May 15, 2020"
4vls1rph,guhv84jy,0.9999997,"Deliberation, Citizen Science and Covid‐19","Deliberation, Citizen Science and Covid-19"
ex5j8xfj,3plw1r98,0.9999997,Pedestrian Path Modification Mobile Tool for COVID-19 Social Distancing for Use in Multi-Modal Trip Navigation,Pedestrian Path Modification Mobile Tool for COVID-19 Social Distancing for Use in Multi-Modal Trip Navigation
j9uy1s4l,ovboatcl,0.9999997,Liver damage at admission is an independent prognostic factor for COVID-19.,Liver damage at admission is an independent prognostic factor for COVID-19
jwo9p1vd,9wcckc3h,0.9999997,Early marriage and teenage pregnancy: The UNSPOKEN consequences of COVID-19 pandemic in Nigeria,Early marriage and teenage pregnancy: The unspoken consequences of COVID-19 pandemic in Nigeria
rwc1sbx4,kmrc8vhb,0.9999997,ACE2 engagement exposes the fusion peptide to pan-coronavirus neutralizing antibodies,ACE2 engagement exposes the fusion peptide to pan-coronavirus neutralizing antibodies
77xdfgrx,wi5mcqwq,0.9999997,Publisher Correction: Temporal lung changes on thin-section CT in patients with COVID-19 pneumonia,Publisher Correction: Temporal lung changes on thin-section CT in patients with COVID-19 pneumonia
4gqirxc5,fd0ldxhs,0.9999997,Are we able to predict airway dimensional changes in isolated mandibular setback?,Are we able to predict airway dimensional changes in isolated mandibular setback?
fk62t9ym,123iyfit,0.9999997,"COVID-19 in Amazonas, Brazil, was driven by the persistence of endemic lineages and P.1 emergence.","COVID-19 in Amazonas, Brazil, was driven by the persistence of endemic lineages and P.1 emergence"
2meoi589,904r5za0,0.9999997,Virtual Morning Report During COVID‐19: A Novel Model for Case‐Based Teaching Conferences,Virtual Morning Report during COVID-19: A novel model for case-based teaching conferences
xlpfd3m2,8wy1t970,0.9999997,COVID-19 Pandemic and Ramadan Fasting among Patients with Type 2 Diabetes Mellitus.,COVID-19 Pandemic and Ramadan Fasting among Patients with Type 2 Diabetes Mellitus
q3dw8y1g,ruqdec3i,0.9999997,COVID-19 case-fatality rate and demographic and socioeconomic influencers: worldwide spatial regression analysis based on country-level data,COVID-19 case-fatality rate and demographic and socioeconomic influencers: worldwide spatial regression analysis based on country-level data
loc9effc,a6rpq671,0.99999964,Endangered mountain gorillas and COVID-19: One health lessons for prevention and preparedness during a global pandemic.,Endangered mountain gorillas and COVID-19: One health lessons for prevention and preparedness during a global pandemic
896uzyvv,e6m00fxd,0.99999964,"Bacterial Contaminants and Antibiogram of Ghana Paper Currency Notes in Circulation and Their Associated Health Risks in Asante-Mampong, Ghana","Bacterial Contaminants and Antibiogram of Ghana Paper Currency Notes in Circulation and Their Associated Health Risks in Asante-Mampong, Ghana"
53xmo5rt,cujrs3rb,0.99999964,A Crisis within a Crisis: COVID-19 and Hunger in African Children,A Crisis within a Crisis: COVID-19 and Hunger in African Children
sd23o48f,nc8vnm1x,0.99999964,Limited diagnostic utility of SARS-CoV-2 serologic testing in symptomatic PCR negative patients,Limited diagnostic utility of SARS-CoV-2 serologic testing in symptomatic PCR negative patients
5ylkawjg,hgdyxk98,0.99999964,Heart transplantation in the early phase of the COVID-19 pandemic: A single-center case series,Heart Transplantation in the Early Phase of the COVID‐19 Pandemic: A Single‐Center Case Series
rshgjd1e,zvq90dej,0.99999964,Establishing an Office-Based Framework for Resuming Otolaryngology Care in Academic Practice During the COVID-19 Pandemic,Establishing an Office-Based Framework for Resuming Otolaryngology Care in Academic Practice During the COVID-19 Pandemic.
00vozua5,c6oyo54n,0.99999964,Niche-directed therapy in acute myeloid leukemia: optimization of stem cell competition for niche occupancy.,Niche-directed therapy in acute myeloid leukemia: optimization of stem cell competition for niche occupancy
pxj1qbzv,rlf6mhsy,0.99999964,Tuberculosis-associated chylothorax revealing an enlarged lymphatic duct due to tuberculosis lymphadenitis,Tuberculosis-associated chylothorax revealing an enlarged lymphatic duct due to tuberculosis lymphadenitis.
yq1g53d7,bwxklago,0.99999964,US Unemployment Insurance Replacement Rates During the Pandemic,US unemployment insurance replacement rates during the pandemic()
5p1t1i23,lkt8emni,0.99999964,The impact of Stage 3 COVID-19 lockdown on psychiatric presentations at a regional Victorian emergency department.,The impact of Stage 3 COVID-19 lockdown on psychiatric presentations at a regional Victorian emergency department
psiuf9yh,h76dfo1j,0.99999964,Just the facts: What drugs are safe and effective for COVID-19?,Just the facts: What drugs are safe and effective for COVID-19?
40omfzt5,d9gzymzc,0.99999964,Leveraging Remote Physiologic Monitoring in the COVID-19 Pandemic to Improve Care After Cardiovascular Hospitalizations,Leveraging Remote Physiologic Monitoring in the COVID-19 Pandemic to Improve Care After Cardiovascular Hospitalizations
51160stl,dcink9zf,0.99999964,Pregnancy and COVID-19,Covid-19 and Pregnancy
gtew2uvx,n4iu5nsg,0.99999964,Secondary Impact of the COVID-19 Pandemic on Patients With Heart Failure,Secondary Impact of the COVID-19 Pandemic on Patients With Heart Failure.
xz9lodft,eja8fkwv,0.99999964,Identification of potential inhibitors of three key enzymes of SARS-CoV2 using computational approach,Identification of potential inhibitors of three key enzymes of SARS-CoV2 using computational approach
6c7hhoci,zs556h4z,0.99999964,Active smoking and severity of COVID-19 infection in cancer patients,Active smoking and severity of COVID-19 infection in cancer patients
1ak8s4t5,gb96hzh6,0.99999964,Barriers and facilitators to online medical and nursing education during the COVID-19 pandemic: perspectives from international students from low- and middle-income countries and their teaching staff,Barriers and facilitators to online medical and nursing education during the COVID-19 pandemic: perspectives from international students from low- and middle-income countries and their teaching staff
y0yesuqo,wsh6z9t1,0.99999964,Rapid screening for SARS-CoV-2 variants of concern in clinical and environmental samples using nested RT-PCR assays targeting key mutations of the Spike protein,Rapid screening for SARS-CoV-2 variants of concern in clinical and environmental samples using nested RT-PCR assays targeting key mutations of the spike protein
ws887bcq,n9dxm59a,0.99999964,Error in Byline.,Error in Byline.
r43cbgyu,kp0muxbo,0.99999964,SARS-CoV-2 transmission risk from asymptomatic carriers: Results from a mass screening programme in Luxembourg,SARS-CoV-2 transmission risk from asymptomatic carriers: Results from a mass screening programme in Luxembourg
2m5jpvyx,8wv2iu5z,0.99999964,Severe acute respiratory syndrome coronavirus 2 reinfection in a coronavirus disease 2019 recovered young adult: a case report,Severe acute respiratory syndrome coronavirus 2 reinfection in a coronavirus disease 2019 recovered young adult: a case report
c2bga549,ohxc0brx,0.99999964,Enduring this unexpected time through mutual support and understanding,Enduring this unexpected time through mutual support and understanding
svxiyfue,3i1c46tn,0.99999964,COVID-19 and associations with frailty and multimorbidity: a prospective analysis of UK Biobank participants,COVID-19 and associations with frailty and multimorbidity: a prospective analysis of UK Biobank participants
jvl3mln9,fpt12mpy,0.99999964,Life post-COVID-19: symptoms and chronic complications.,Life post-COVID-19: symptoms and chronic complications
03b0mfxd,mxdemupk,0.99999964,Coronavirus Disease 2019–Associated Thrombosis and Coagulopathy: Review of the Pathophysiological Characteristics and Implications for Antithrombotic Management,Coronavirus Disease 2019-Associated Thrombosis and Coagulopathy: Review of the Pathophysiological Characteristics and Implications for Antithrombotic Management
2wmuctvt,2lm91mez,0.99999964,The Reply.,Reply.
59shqppu,ygwwi1h3,0.99999964,"A Macroeconomic Model of Healthcare Saturation, Inequality and the Output-Pandemia Tradeoff","A Macroeconomic Model of Healthcare Saturation, Inequality and the Output-Pandemia Tradeoff"
2lm91mez,vgaahz62,0.99999964,Reply.,Reply.
2wmuctvt,vgaahz62,0.99999964,The Reply.,Reply.
2wmuctvt,v9mlb3m8,0.99999964,The Reply.,Reply
2wmuctvt,2p39og9b,0.99999964,The Reply.,In Reply.
2wmuctvt,f8vo6gzc,0.99999964,The Reply.,The Reply.
r2hymqbs,zpm0xj33,0.99999964,"Characteristics, onset, and evolution of neurological symptoms in patients with COVID-19","Characteristics, onset, and evolution of neurological symptoms in patients with COVID-19"
2lm91mez,f8vo6gzc,0.99999964,Reply.,The Reply.
2lm91mez,2p39og9b,0.99999964,Reply.,In Reply.
2lm91mez,v9mlb3m8,0.99999964,Reply.,Reply
u7zme10c,w6pko5dx,0.99999964,Stool frequency and form and gastrointestinal symptoms differ by day of the menstrual cycle in healthy adult women taking oral contraceptives: a prospective observational study,Stool frequency and form and gastrointestinal symptoms differ by day of the menstrual cycle in healthy adult women taking oral contraceptives: a prospective observational study.
2wmuctvt,8dacd0jz,0.99999964,The Reply.,In Reply.
2wmuctvt,5dwv9h8c,0.99999964,The Reply.,In Reply.
2wmuctvt,sc4ifrwz,0.99999964,The Reply.,Reply.
n4bhu9cq,xpa1if5s,0.99999964,Three Reasons to Focus on Patient and Family Engagement During the COVID-19 Pandemic,Three Reasons to Focus on Patient and Family Engagement During the COVID-19 Pandemic.
2lm91mez,sc4ifrwz,0.99999964,Reply.,Reply.
2lm91mez,8dacd0jz,0.99999964,Reply.,In Reply.
2lm91mez,5dwv9h8c,0.99999964,Reply.,In Reply.
5citkz17,u7tagp45,0.99999964,"A rapid food chain approach for authenticity screening: the development, validation and transferability of a chemometric model using two handheld near infrared spectroscopy (NIRS) devices","A rapid food chain approach for authenticity screening: the development, validation and transferability of a chemometric model using two handheld near infrared spectroscopy (NIRS) devices"
mzxh3xsl,370mpwho,0.99999964,The impact of shielding during the COVID-19 pandemic on mental health: evidence from the English Longitudinal Study of Ageing,The impact of shielding during the COVID-19 pandemic on mental health: Evidence from the English Longitudinal Study of Ageing
2lm91mez,v2n3p459,0.99999964,Reply.,Reply
2lm91mez,55uti99t,0.99999964,Reply.,Reply.
2wmuctvt,55uti99t,0.99999964,The Reply.,Reply.
2wmuctvt,v2n3p459,0.99999964,The Reply.,Reply
fti4vtdb,fpkpsam8,0.99999964,Current and Future Implications of COVID‐19 on Gastroenterology Training and Clinical Practice,Current and Future Implications of COVID-19 on Gastroenterology Training and Clinical Practice
2wmuctvt,pwbppgdv,0.99999964,The Reply.,Reply
2lm91mez,pwbppgdv,0.99999964,Reply.,Reply
2wmuctvt,o73lyv70,0.99999964,The Reply.,The Reply.
2wmuctvt,7b6x9t9e,0.99999964,The Reply.,IN REPLY.
2wmuctvt,rbbsqpoy,0.99999964,The Reply.,Reply.
2lm91mez,7b6x9t9e,0.99999964,Reply.,IN REPLY.
2lm91mez,rbbsqpoy,0.99999964,Reply.,Reply.
2lm91mez,o73lyv70,0.99999964,Reply.,The Reply.
2wmuctvt,6bagohw8,0.99999964,The Reply.,Reply
2lm91mez,6bagohw8,0.99999964,Reply.,Reply
2lm91mez,slnbcnqz,0.99999964,Reply.,Reply
2wmuctvt,slnbcnqz,0.99999964,The Reply.,Reply
0ngxhsno,nomsciyu,0.99999964,A rise in social media utilization by U.S. neurology residency programs in the era of COVID-19,A rise in social media utilization by U.S. neurology residency programs in the era of COVID-19.
2wmuctvt,3o5md40w,0.99999964,The Reply.,Reply.
2lm91mez,3o5md40w,0.99999964,Reply.,Reply.
tvypn62k,vk8fpz9b,0.99999964,Preparedness for Coronavirus Disease in Hospitals of Nepal: A Nationwide Survey,Preparedness for Coronavirus Disease in Hospitals of Nepal: A Nationwide Survey
6oy4f424,3hqv1vdi,0.99999964,Caring for Health Professionals in the COVID-19 Pandemic Emergency: Toward an “Epidemic of Empathy” in Healthcare,Caring for Health Professionals in the COVID-19 Pandemic Emergency: Toward an “Epidemic of Empathy” in Healthcare
qjzrw30j,gbj2v8uz,0.99999964,Multiple drugs: Lack of efficacy and off label use: case report,Multiple drugs: Lack of efficacy and off-label use: case report
6dkwey2y,w9tsi8ow,0.99999964,TReND in Africa: Toward a Truly Global (Neuro)science Community,TReND in Africa: Toward a Truly Global (Neuro)science Community
qjzrw30j,s2fnwvow,0.99999964,Multiple drugs: Lack of efficacy and off label use: case report,Multiple drugs: Lack of efficacy and off label use : case report
yj4dre8z,yy7ztqee,0.99999964,"The impact of the COVID-19 pandemic on subjective mental well-being: The interplay of perceived threat, future anxiety and resilience","The impact of the COVID-19 pandemic on subjective mental well-being: The interplay of perceived threat, future anxiety and resilience"
acq5t0pg,xz1794o5,0.99999964,Advance care planning for patients with COVID-19: a communication guide,Advance care planning for patients with COVID-19: a communication guide.
qjzrw30j,v0wot8zy,0.99999964,Multiple drugs: Lack of efficacy and off label use: case report,Multiple drugs: Off label use and lack of efficacy: case report
z7iwy92u,cl3po1kq,0.99999964,A Longitudinal Analysis of SARS-CoV-2 Antibody Responses Among People With HIV,A Longitudinal Analysis of SARS-CoV-2 Antibody Responses Among People With HIV
j9armxm9,ad24entb,0.99999964,SARS-CoV-2 proteome microarray for mapping COVID-19 antibody interactions at amino acid resolution,SARS-CoV-2 Proteome Microarray for Mapping COVID-19 Antibody Interactions at Amino Acid Resolution
q8rjin7l,dbg3jb17,0.99999964,Profiling Thermal Pain Using Quantitative Sensory Testing in Patients with Trigeminal Nerve Injury,Profiling Thermal Pain Using Quantitative Sensory Testing in Patients with Trigeminal Nerve Injury.
69ojie7x,q6nsj45j,0.99999964,Prevention and Treatment of Skin Damage Caused by Personal Protective Equipment: Experience of the First-Line Clinicians Treating 2019-nCoV Infection,Prevention and Treatment of Skin Damage Caused by Personal Protective Equipment: Experience of the First-Line Clinicians Treating 2019-nCoV Infection
dou9jwq4,f8k93hh4,0.99999964,[Prediction of end of lockdown post-peak of cases in first wave of the COVID-19 pandemic in Chile].,Prediction of end of lockdown post-peak of cases in first wave of the COVID-19 pandemic in Chile
vgaahz62,v9mlb3m8,0.99999964,Reply.,Reply
vgaahz62,2p39og9b,0.99999964,Reply.,In Reply.
vgaahz62,f8vo6gzc,0.99999964,Reply.,The Reply.
v16i7tb7,5jfpmgfh,0.99999964,Computational analysis of dynamic allostery and control in the SARS-CoV-2 main protease,Computational Analysis of Dynamic Allostery and Control in the SARS-CoV-2 Main Protease
rh9q6bc4,wyb2l8jb,0.99999964,Covid-19 management with inflammation resolving mediators? Perspectives and potential,Covid-19 management with Inflammation Resolving Mediators? Perspectives and Potential
vgaahz62,sc4ifrwz,0.99999964,Reply.,Reply.
vgaahz62,8dacd0jz,0.99999964,Reply.,In Reply.
vgaahz62,5dwv9h8c,0.99999964,Reply.,In Reply.
u3baorbo,8s18viz5,0.99999964,Physical exercise during coronavirus disease (COVID-19): Recommendations to remaining active in periods of confinement,Physical exercise during coronavirus disease (COVID-19): Recommendations to remaining active in periods of confinement.
poowgord,ob9y2lem,0.99999964,"Addressing risk of allergy following covid-19 vaccination in india - reassure, rethink and revise","Addressing Risk of Allergy following COVID-19 Vaccination in India - Reassure, Rethink and Revise."
vgaahz62,55uti99t,0.99999964,Reply.,Reply.
vgaahz62,v2n3p459,0.99999964,Reply.,Reply
huqvclxi,ao9io0w3,0.99999964,The younger the milder clinical course of COVID-19: Even in newborns?,The younger the milder clinical course of COVID-19: even in newborns?
vgaahz62,pwbppgdv,0.99999964,Reply.,Reply
vgaahz62,o73lyv70,0.99999964,Reply.,The Reply.
vgaahz62,rbbsqpoy,0.99999964,Reply.,Reply.
vgaahz62,7b6x9t9e,0.99999964,Reply.,IN REPLY.
vgaahz62,6bagohw8,0.99999964,Reply.,Reply
vgaahz62,slnbcnqz,0.99999964,Reply.,Reply
pl5dft4i,trb5x8cs,0.99999964,Les droits humains des enfants en situation de handicap en cas d'urgence sanitaire: le défi du COVID-19,Les droits humains des enfants en situation de handicap en cas d'urgence sanitaire: le défi du COVID-19.
t5gi8byw,y6rnkm1f,0.99999964,Telemedicine for neuromuscular disorders during the COVID-19 outbreak,Telemedicine for neuromuscular disorders during the COVID-19 outbreak
vgaahz62,3o5md40w,0.99999964,Reply.,Reply.
w3bomlyn,r493xr7j,0.99999964,Key Aspects in Nutritional Management of COVID-19 Patients,Key Aspects in Nutritional Management of COVID-19 Patients
bnpnyf27,84k670we,0.99999964,Trends and outcomes of venous thromboembolism in adult hospitalizations with acute myeloid leukemia: Analysis of nationwide inpatient sample from 2010 to 2014,Trends and outcomes of venous thromboembolism in adult hospitalizations with acute myeloid leukemia: Analysis of nationwide inpatient sample from 2010 to 2014.
f8vo6gzc,v9mlb3m8,0.99999964,The Reply.,Reply
f8vo6gzc,2p39og9b,0.99999964,The Reply.,In Reply.
2p39og9b,v9mlb3m8,0.99999964,In Reply.,Reply
f8vo6gzc,sc4ifrwz,0.99999964,The Reply.,Reply.
f8vo6gzc,8dacd0jz,0.99999964,The Reply.,In Reply.
f8vo6gzc,5dwv9h8c,0.99999964,The Reply.,In Reply.
2p39og9b,sc4ifrwz,0.99999964,In Reply.,Reply.
2p39og9b,8dacd0jz,0.99999964,In Reply.,In Reply.
2p39og9b,5dwv9h8c,0.99999964,In Reply.,In Reply.
v9mlb3m8,8dacd0jz,0.99999964,Reply,In Reply.
v9mlb3m8,5dwv9h8c,0.99999964,Reply,In Reply.
v9mlb3m8,sc4ifrwz,0.99999964,Reply,Reply.
crwzriar,s8a3mvzl,0.99999964,"Importance of meteorology in air pollution events during the city lockdown for COVID-19 in Hubei Province, Central China","Importance of meteorology in air pollution events during the city lockdown for COVID-19 in Hubei Province, Central China"
2p39og9b,55uti99t,0.99999964,In Reply.,Reply.
2p39og9b,v2n3p459,0.99999964,In Reply.,Reply
f8vo6gzc,55uti99t,0.99999964,The Reply.,Reply.
f8vo6gzc,v2n3p459,0.99999964,The Reply.,Reply
v9mlb3m8,55uti99t,0.99999964,Reply,Reply.
v9mlb3m8,v2n3p459,0.99999964,Reply,Reply
2p39og9b,pwbppgdv,0.99999964,In Reply.,Reply
v9mlb3m8,pwbppgdv,0.99999964,Reply,Reply
f8vo6gzc,pwbppgdv,0.99999964,The Reply.,Reply
f8vo6gzc,o73lyv70,0.99999964,The Reply.,The Reply.
f8vo6gzc,rbbsqpoy,0.99999964,The Reply.,Reply.
f8vo6gzc,7b6x9t9e,0.99999964,The Reply.,IN REPLY.
v9mlb3m8,rbbsqpoy,0.99999964,Reply,Reply.
v9mlb3m8,7b6x9t9e,0.99999964,Reply,IN REPLY.
v9mlb3m8,o73lyv70,0.99999964,Reply,The Reply.
2p39og9b,rbbsqpoy,0.99999964,In Reply.,Reply.
2p39og9b,7b6x9t9e,0.99999964,In Reply.,IN REPLY.
2p39og9b,o73lyv70,0.99999964,In Reply.,The Reply.
v9mlb3m8,6bagohw8,0.99999964,Reply,Reply
2p39og9b,6bagohw8,0.99999964,In Reply.,Reply
f8vo6gzc,6bagohw8,0.99999964,The Reply.,Reply
2p39og9b,slnbcnqz,0.99999964,In Reply.,Reply
v9mlb3m8,slnbcnqz,0.99999964,Reply,Reply
f8vo6gzc,slnbcnqz,0.99999964,The Reply.,Reply
y4hckoue,qtr3evcd,0.99999964,Surveying and analysing mode and route choices in Switzerland 2010–2015,Surveying and analysing mode and route choices in Switzerland 2010–2015
v9mlb3m8,3o5md40w,0.99999964,Reply,Reply.
f8vo6gzc,3o5md40w,0.99999964,The Reply.,Reply.
2p39og9b,3o5md40w,0.99999964,In Reply.,Reply.
ylh3rm6z,brt82uvx,0.99999964,Special Announcement – Guidelines to the Practice of Anesthesia – Revised Edition 2021,Special Announcement – Guidelines to the Practice of Anesthesia – Revised Edition 2022
0uxv2pd1,xi4u8o4y,0.99999964,Cerebral venous thrombosis and myeloproliferative neoplasms: A three-center study of 74 consecutive cases,Cerebral venous thrombosis and myeloproliferative neoplasms: a three-center study of 74 consecutive cases.
yyrkhlxe,3akmg8y1,0.99999964,Vaccination ethics,Vaccination ethics
5dwv9h8c,8dacd0jz,0.99999964,In Reply.,In Reply.
5dwv9h8c,sc4ifrwz,0.99999964,In Reply.,Reply.
8dacd0jz,sc4ifrwz,0.99999964,In Reply.,Reply.
uoxbft0g,1zfr5oha,0.99999964,Take-a-Break Intervention: Improving Oncology Nurse Wellness.,Take-a-Break Intervention: Improving Oncology Nurse Wellness
tllj77up,rqfsh3vh,0.99999964,The COVID-19 pandemic and the use of MS disease-modifying therapies,The COVID-19 pandemic and the use of MS disease-modifying therapies
5dwv9h8c,v2n3p459,0.99999964,In Reply.,Reply
5dwv9h8c,55uti99t,0.99999964,In Reply.,Reply.
sc4ifrwz,v2n3p459,0.99999964,Reply.,Reply
sc4ifrwz,55uti99t,0.99999964,Reply.,Reply.
8dacd0jz,v2n3p459,0.99999964,In Reply.,Reply
8dacd0jz,55uti99t,0.99999964,In Reply.,Reply.
5dwv9h8c,pwbppgdv,0.99999964,In Reply.,Reply
8dacd0jz,pwbppgdv,0.99999964,In Reply.,Reply
sc4ifrwz,pwbppgdv,0.99999964,Reply.,Reply
5dwv9h8c,rbbsqpoy,0.99999964,In Reply.,Reply.
5dwv9h8c,7b6x9t9e,0.99999964,In Reply.,IN REPLY.
5dwv9h8c,o73lyv70,0.99999964,In Reply.,The Reply.
8dacd0jz,rbbsqpoy,0.99999964,In Reply.,Reply.
8dacd0jz,7b6x9t9e,0.99999964,In Reply.,IN REPLY.
8dacd0jz,o73lyv70,0.99999964,In Reply.,The Reply.
sc4ifrwz,rbbsqpoy,0.99999964,Reply.,Reply.
sc4ifrwz,7b6x9t9e,0.99999964,Reply.,IN REPLY.
sc4ifrwz,o73lyv70,0.99999964,Reply.,The Reply.
8m5ef4oe,us5qto3w,0.99999964,Sensitive detection of total anti-Spike antibodies and isotype switching in asymptomatic and symptomatic COVID-19 patients,Sensitive Detection of Total Anti-Spike Antibodies and Isotype Switching in Asymptomatic and Symptomatic COVID-19 Patients
5dwv9h8c,6bagohw8,0.99999964,In Reply.,Reply
sc4ifrwz,6bagohw8,0.99999964,Reply.,Reply
8dacd0jz,6bagohw8,0.99999964,In Reply.,Reply
5dwv9h8c,slnbcnqz,0.99999964,In Reply.,Reply
8dacd0jz,slnbcnqz,0.99999964,In Reply.,Reply
2s0og9uq,jmdfyydc,0.99999964,Effect of advanced nursing care on psychological disorder in patients with COVID-19: A protocol of systematic review,Effect of advanced nursing care on psychological disorder in patients with COVID-19: A protocol of systematic review
sc4ifrwz,slnbcnqz,0.99999964,Reply.,Reply
izy2hw3t,bge4yry8,0.99999964,Stigma and Aggression Against Health Care Workers in India Amidst COVID-19 Times: Possible Drivers and Mitigation Strategies,Stigma and Aggression Against Health Care Workers in India Amidst COVID-19 Times: Possible Drivers and Mitigation Strategies
9ejzy81l,r5sxd5c2,0.99999964,Oral Health Inequities and COVID-19 in India: Time for nuanced radical action,Oral health inequities and COVID-19 in India: Time for nuanced radical action
5dwv9h8c,3o5md40w,0.99999964,In Reply.,Reply.
8dacd0jz,3o5md40w,0.99999964,In Reply.,Reply.
sc4ifrwz,3o5md40w,0.99999964,Reply.,Reply.
t6og9u1j,nbtj6u16,0.99999964,Clinical approach to patients admitted to the emergency room due to acute cholecystitis during the COVID-19 pandemic and percutaneous cholecystostomy experience.,Clinical approach to patients admitted to the emergency room due to acute cholecystitis during the COVID-19 pandemic and percutaneous cholecystostomy experience
tg94dvcn,7ctyy0p5,0.99999964,Fundamentals of G-quadruplex biology,Fundamentals of G-quadruplex biology
w3q41awj,k6gg0rwy,0.99999964,Impact of a Ketogenic Diet on Metabolic Parameters in Patients with Obesity or Overweight and with or without Type 2 Diabetes: A Meta-Analysis of Randomized Controlled Trials.,Impact of a Ketogenic Diet on Metabolic Parameters in Patients with Obesity or Overweight and with or without Type 2 Diabetes: A Meta-Analysis of Randomized Controlled Trials
qy86jtdv,b0o11e2y,0.99999964,The Recombination Potential between SARS-CoV-2 and MERS-CoV from Cross-Species Spill-over Infections,The Recombination Potential between SARS-CoV-2 and MERS-CoV from Cross-Species Spill-over Infections
87b3yq5u,ai8m67gh,0.99999964,Supporting the well-being of healthcare workers during and after COVID-19,Supporting the well-being of healthcare workers during and after COVID-19
ggigu120,v7z9jwkp,0.99999964,We Asked the Experts: Delivering Resilient Surgical Care in a Crisis-Five Survival Strategies for Front-Line Surgeons,We Asked the Experts: Delivering Resilient Surgical Care in a Crisis—Five Survival Strategies for Front-Line Surgeons
arloi2rk,nd1ja6nd,0.99999964,Novel coronavirus infection and acute kidney injury in two renal transplant recipients: a case report,Novel coronavirus infection and acute kidney injury in two renal transplant recipients: a case report
u28q4c4n,qpbkl6lk,0.99999964,Gender Differences in Patients With COVID-19: Focus on Severity and Mortality,Gender Differences in Patients With COVID-19: Focus on Severity and Mortality
m9m4e13b,j1xv9f4v,0.99999964,A Case Report on Acute Pancreatitis in a Patient With Coronavirus Disease 2019 (COVID-19) Pneumonia,A Case Report on Acute Pancreatitis in a Patient With Coronavirus Disease 2019 (COVID-19) Pneumonia
v2n3p459,55uti99t,0.99999964,Reply,Reply.
v2n3p459,pwbppgdv,0.99999964,Reply,Reply
55uti99t,pwbppgdv,0.99999964,Reply.,Reply
gbj2v8uz,s2fnwvow,0.99999964,Multiple drugs: Lack of efficacy and off-label use: case report,Multiple drugs: Lack of efficacy and off label use : case report
55uti99t,rbbsqpoy,0.99999964,Reply.,Reply.
55uti99t,7b6x9t9e,0.99999964,Reply.,IN REPLY.
55uti99t,o73lyv70,0.99999964,Reply.,The Reply.
v2n3p459,rbbsqpoy,0.99999964,Reply,Reply.
v2n3p459,7b6x9t9e,0.99999964,Reply,IN REPLY.
v2n3p459,o73lyv70,0.99999964,Reply,The Reply.
yi55mfno,0ck96b3m,0.99999964,Author's response.,Author’s response
55uti99t,6bagohw8,0.99999964,Reply.,Reply
v2n3p459,6bagohw8,0.99999964,Reply,Reply
55uti99t,slnbcnqz,0.99999964,Reply.,Reply
v2n3p459,slnbcnqz,0.99999964,Reply,Reply
yi55mfno,kuyazc4k,0.99999964,Author's response.,Author's response.
gbj2v8uz,v0wot8zy,0.99999964,Multiple drugs: Lack of efficacy and off-label use: case report,Multiple drugs: Off label use and lack of efficacy: case report
v2n3p459,3o5md40w,0.99999964,Reply,Reply.
55uti99t,3o5md40w,0.99999964,Reply.,Reply.
n63x9yu2,d1asg2tb,0.99999964,Coronary Artery Calcification and Complications in Patients With COVID-19,Coronary Artery Calcification and Complications in Patients With COVID-19
yi55mfno,uoge6xu8,0.99999964,Author's response.,Author's response.
d1ty9etr,jspbtc75,0.99999964,Prevalence of antibodies against SARS-CoV-2 according to socioeconomic and ethnic status in a nationwide Brazilian survey,Prevalence of antibodies against SARS-CoV-2 according to socioeconomic and ethnic status in a nationwide Brazilian survey
j09gynba,6jhziy86,0.99999964,Antibody Tests: They Are More Important Than We Thought,Antibody Tests: They are More Important than We Thought
m4ig6jwh,hpbekwd2,0.99999964,Predictive symptoms and comorbidities for severe COVID-19 and intensive care unit admission: a systematic review and meta-analysis,Predictive symptoms and comorbidities for severe COVID-19 and intensive care unit admission: a systematic review and meta-analysis
pwbppgdv,rbbsqpoy,0.99999964,Reply,Reply.
pwbppgdv,o73lyv70,0.99999964,Reply,The Reply.
pwbppgdv,7b6x9t9e,0.99999964,Reply,IN REPLY.
pwbppgdv,6bagohw8,0.99999964,Reply,Reply
pwbppgdv,slnbcnqz,0.99999964,Reply,Reply
s2fnwvow,v0wot8zy,0.99999964,Multiple drugs: Lack of efficacy and off label use : case report,Multiple drugs: Off label use and lack of efficacy: case report
pwbppgdv,3o5md40w,0.99999964,Reply,Reply.
mdxvr6jo,52kq2u8a,0.99999964,Dysosmia and dysgeusia due to the 2019 Novel Coronavirus; a hypothesis that needs further investigation,Dysosmia and dysgeusia due to the 2019 Novel Coronavirus; a hypothesis that needs further investigation
c3pwn0zg,ton8hojb,0.99999964,A multi-pronged approach targeting SARS-CoV-2 proteins using ultra-large virtual screening,A Multi-Pronged Approach Targeting SARS-CoV-2 Proteins Using Ultra-Large Virtual Screening
z4kw4knw,xemusbyt,0.99999964,Repeated exposure to microcystin-leucine-arginine potentiates excitotoxicity induced by a low dose of kainate.,Repeated exposure to microcystin-leucine-arginine potentiates excitotoxicity induced by a low dose of kainate
o9bh6eqv,5k27eq9g,0.99999964,Equitable and Feasible Distribution of SARS-CoV-2 Vaccines for All in Africa,Equitable and Feasible Distribution of SARS-CoV-2 Vaccines for All in Africa
7b6x9t9e,rbbsqpoy,0.99999964,IN REPLY.,Reply.
o73lyv70,rbbsqpoy,0.99999964,The Reply.,Reply.
o73lyv70,7b6x9t9e,0.99999964,The Reply.,IN REPLY.
rbbsqpoy,6bagohw8,0.99999964,Reply.,Reply
o73lyv70,6bagohw8,0.99999964,The Reply.,Reply
7b6x9t9e,6bagohw8,0.99999964,IN REPLY.,Reply
rbbsqpoy,slnbcnqz,0.99999964,Reply.,Reply
o73lyv70,slnbcnqz,0.99999964,The Reply.,Reply
7b6x9t9e,slnbcnqz,0.99999964,IN REPLY.,Reply
awjhi0nr,cxsj16t9,0.99999964,Sources of Revenue Loss and Recovery in Radiology Practices During the Coronavirus Disease 2019 (COVID-19) Pandemic,Sources of Revenue Loss and Recovery in Radiology Practices During the Coronavirus Disease 2019 (COVID-19) Pandemic
ern66w9j,f7xuh0sw,0.99999964,Impact of social distancing due to coronavirus disease 2019 in old age psychiatry,Impact of social distancing due to coronavirus disease 2019 in old age psychiatry
0ck96b3m,kuyazc4k,0.99999964,Author’s response,Author's response.
vnugsa95,43fk7qvf,0.99999964,Diabetes mellitus is a risk factor for prolonged SARS-CoV-2 viral shedding in lower respiratory tract samples of critically ill patients,Diabetes mellitus is a risk factor for prolonged SARS-CoV-2 viral shedding in lower respiratory tract samples of critically ill patients
8elr0ouj,6mudxu7h,0.99999964,Journal Club,Journal Club
o73lyv70,3o5md40w,0.99999964,The Reply.,Reply.
rbbsqpoy,3o5md40w,0.99999964,Reply.,Reply.
7b6x9t9e,3o5md40w,0.99999964,IN REPLY.,Reply.
0ck96b3m,uoge6xu8,0.99999964,Author’s response,Author's response.
pyypm07e,op2v16tw,0.99999964,#StayHome: Monitoring and benchmarking social isolation trends in Caruaru and the Região Metropolitana do Recife during the COVID-19 pandemic,#StayHome: Monitoring and benchmarking social isolation trends in Caruaru and the Regi & atilde;o Metropolitana do Recife during the COVID-19 pandemic
6bagohw8,slnbcnqz,0.99999964,Reply,Reply
tmh6ds7u,3qc4fb0c,0.99999964,Palliative care provision at a tertiary cancer center during a global pandemic,Palliative care provision at a tertiary cancer center during a global pandemic
6bagohw8,3o5md40w,0.99999964,Reply,Reply.
mkbpdwcw,osnxnken,0.99999964,Infectious Diseases Seeker (IDS): An Innovative Tool for Prompt Identification of Infectious Diseases during Outbreaks,Infectious Diseases Seeker (IDS): An Innovative Tool for Prompt Identification of Infectious Diseases during Outbreaks
ttq5zgy9,ivp74j43,0.99999964,Information and Disinformation: Social Media in the COVID-19 Crisis,Information and Disinformation: Social Media in the COVID‐19 Crisis
rns8t5yc,yyib4u6a,0.99999964,Editor's Introduction,Editor Introduction.
0rbocj9q,uln7zdj4,0.99999964,Fatal Massive Hemoptysis in a Patient with Delayed Diagnosis of Lung Adenocarcinoma Due to COVID-19 Pandemic,Fatal massive hemoptysis in a patient with delayed diagnosis of lung adenocarcinoma due to covid-19 pandemic
2hjr5967,f815p246,0.99999964,Impact of the COVID-19 crisis: Analysis of the fishing and shellfishing sectors performance in Galicia (Spain),Impact of the COVID-19 crisis: Analysis of the fishing and shellfishing sectors performance in Galicia (Spain).
4gtl74iw,iig82wpu,0.99999964,Death by SARS-CoV 2 - a Romanian COVID-19 multi-centre comorbidity study,Death by SARS-CoV 2: a Romanian COVID-19 multi-centre comorbidity study
slnbcnqz,3o5md40w,0.99999964,Reply,Reply.
88abhgwr,t4jycymk,0.99999964,Recent advances in computer audition for diagnosing Covid-19: An overview,Recent Advances in Computer Audition for Diagnosing COVID-19: An Overview
rns8t5yc,pxuec56s,0.99999964,Editor's Introduction,Editor’s introduction
1qi1tdcq,m4epkffz,0.99999964,Linking dynamic patterns of COVID-19 spreads in Italy with regional characteristics: a two level longitudinal modelling approach,Linking dynamic patterns of COVID-19 spreads in Italy with regional characteristics: a two level longitudinal modelling approach
z0gw9ke8,8622zsyp,0.99999964,Interdisciplinary groups perform better than intradisciplinary groups in online group discussion activities,Interdisciplinary groups perform better than intradisciplinary groups in online group discussion activities
f9baidd9,tn7brraf,0.99999964,Covid-19 and Community Care in South Korea.,Covid-19 and Community Care in South Korea
haszbx8z,v140e9h7,0.99999964,Unusual imaging findings of SARS‐CoV‐2 in HIV‐positive patient : A case report,Unusual imaging findings of SARS-CoV-2 in HIV-positive patient : A case report
zn636jm4,8crj0j0x,0.99999964,Management of Breast Cancer Patients during the COVID-19 Pandemic in Northern Italy,Management of Breast Cancer Patients during the COVID-19 Pandemic in Northern Italy
kuyazc4k,uoge6xu8,0.99999964,Author's response.,Author's response.
yyib4u6a,pxuec56s,0.99999964,Editor Introduction.,Editor’s introduction
8qj3odin,dr0hl49s,0.99999964,Who Counts and Who Gets Counted? Health Equity in Infectious Disease Surveillance,Who Counts and Who Gets Counted? Health Equity in Infectious Disease Surveillance.
ua8mw6go,psh1s24b,0.99999964,Educational adaptation for the COVID-19 pandemic: A virtual model enables ongoing training,Educational Adaptation for the Covid-19 Pandemic: a Virtual Model Enables Ongoing Training
ux0ubp04,cb2zzlvs,0.99999964,"Smoker, Former Smoker and COVID-19: Nicotine Does Not Protect Against SARS-CoV-2","Smoker, Former Smoker and COVID-19: Nicotine Does Not Protect Against SARS-CoV-2()"
5nqj58jk,rkkljgs2,0.99999964,Surviving Reactive Chlorine Stress: Responses of Gram-Negative Bacteria to Hypochlorous Acid,Surviving Reactive Chlorine Stress: Responses of Gram-Negative Bacteria to Hypochlorous Acid
hqvzaon9,746p09ts,0.99999964,Correspondence on 'Risk factors for hospital admissions related to COVID-19 in patients with autoimmune inflammatory rheumatic diseases'.,Correspondence to 'Risk factors for hospital admissions related to COVID-19 in patients with autoimmune inflammatory rheumatic diseases'
pj45zz78,6i58lyii,0.99999964,Tozinameran: Myocarditis: case report,Tozinameran: Myocarditis: case report
adqkcbql,jm0ath7v,0.99999964,A focused protection vaccination strategy: why we should not target children with COVID-19 vaccination policies,A focused protection vaccination strategy: why we should not target children with COVID-19 vaccination policies
9ou2m3zl,28kwgbid,0.99999964,Chest Radiography in Coronavirus Disease 2019 (COVID-19): Correlation with Clinical Course,Chest Radiography in Coronavirus Disease 2019 (COVID-19): Correlation with Clinical Course.
lb5vry9u,1tmdlj19,0.99999964,"[COVID-19 emergency management at the Nephrology and Dialysis Unit in Savona, Albenga and Cairo Montenotte]","[COVID-19 emergency management at the Nephrology and Dialysis Unit in Savona, Albenga and Cairo Montenotte]."
ypof6tc9,boxxq1a1,0.99999964,Acute acral cutaneous manifestations during the COVID-19 pandemic: a single center experience,Acute acral cutaneous manifestations during the COVID‐19 pandemic: a single center experience
eniw5ew7,csy5ivi4,0.99999964,"Redeployment of Dermatologists During COVID-19: Implementation of a Large-Scale, Centralized Results Management Infrastructure","Redeployment of dermatologists during COVID-19: Implementation of a large-scale, centralized results management infrastructure"
elo3eeg5,jj5zljq2,0.99999964,Medication treatment for opioid use disorder and community pharmacy: Expanding care during a national epidemic and global pandemic.,Medication treatment for opioid use disorder and community pharmacy: Expanding care during a national epidemic and global pandemic
ps27jv8e,myzjrfua,0.9999996,Digitalising diabetes support groups in response to the coronavirus COVID‐19 outbreak: a collaborative initiative,Digitalising diabetes support groups in response to the coronavirus COVID‐19 outbreak: a collaborative initiative
0wt4m8ny,bab19xwd,0.9999996,Assessing Progress in Health Care Quality Through the Lens of COVID-19,Assessing Progress in Health Care Quality Through the Lens of COVID-19.
jsrzgsyr,epf8bihv,0.9999996,"The new silicone elastometric half-piece respirator, VJR-NMU: A novel and effective tool to prevent COVID-19","The new silicone elastometric half-piece respirator, VJR-NMU: A novel and effective tool to prevent COVID-19"
f6qem6h1,e2em0t74,0.9999996,"Knowledge, Perceptions, and Preferred Information Sources Related to COVID-19 Among Healthcare Workers: Results of a Cross Sectional Survey.","Knowledge, Perceptions, and Preferred Information Sources Related to COVID-19 Among Healthcare Workers: Results of a Cross Sectional Survey"
vc9yvoo6,hap8d3nm,0.9999996,"Coronavirus disease 2019 (‎COVID-19)‎: situation report, 106","Coronavirus disease 2019 (COVID-19): situation report, 69"
vc9yvoo6,kipn9fnk,0.9999996,"Coronavirus disease 2019 (‎COVID-19)‎: situation report, 106","Coronavirus disease 2019 (COVID-19): situation report, 76"
hap8d3nm,kipn9fnk,0.9999996,"Coronavirus disease 2019 (COVID-19): situation report, 69","Coronavirus disease 2019 (COVID-19): situation report, 76"
vc9yvoo6,msi6ff0d,0.9999996,"Coronavirus disease 2019 (‎COVID-19)‎: situation report, 106",Situation Report 70: Coronavirus Disease (COVID-19)
hap8d3nm,msi6ff0d,0.9999996,"Coronavirus disease 2019 (COVID-19): situation report, 69",Situation Report 70: Coronavirus Disease (COVID-19)
n4gece0x,bqm6ty79,0.9999996,Encountering COVID-19 as Endocrinologists,Encountering COVID-19 as Endocrinologists
hap8d3nm,71ox8tzy,0.9999996,"Coronavirus disease 2019 (COVID-19): situation report, 69",Situation Report 24: Coronavirus Disease (COVID-19)
vc9yvoo6,71ox8tzy,0.9999996,"Coronavirus disease 2019 (‎COVID-19)‎: situation report, 106",Situation Report 24: Coronavirus Disease (COVID-19)
rw3tfoc3,vuhdius9,0.9999996,nieuws,nieuws
rw3tfoc3,xtql25ef,0.9999996,nieuws,nieuws
1ea3x8rp,kx97dqwg,0.9999996,Comparative transcriptomics implicate mitochondrial and neurodevelopmental impairments in larval zebrafish (Danio rerio) exposed to two selective serotonin reuptake inhibitors (SSRIs).,Comparative transcriptomics implicate mitochondrial and neurodevelopmental impairments in larval zebrafish (Danio rerio) exposed to two selective serotonin reuptake inhibitors (SSRIs)
tj770fl6,3nubj7ee,0.9999996,Pregnancy Outcomes in COVID-19: A Prospective Cohort Study in Singapore,Pregnancy Outcomes in COVID-19: A Prospective Cohort Study in Singapore.
jibyh0tg,gxp7ougs,0.9999996,Cannabis-Induced Mania Following COVID-19 Self-Medication: A Wake-Up Call to Improve Community Awareness,Cannabis-Induced Mania Following COVID-19 Self-Medication: A Wake-Up Call to Improve Community Awareness
lr3xnqvj,kudjzhqt,0.9999996,Comparison of Mortality Among Participants of Women's Health Initiative Trials With Screening-Detected Breast Cancers vs Interval Breast Cancers,Comparison of Mortality Among Participants of Women's Health Initiative Trials With Screening-Detected Breast Cancers vs Interval Breast Cancers.
rbkohjix,wxvve8ri,0.9999996,SARS-CoV-2 Main Protease: a Kinetic Approach,SARS-CoV-2 Main Protease: a Kinetic Approach
8f2e5m8c,6wcv7foi,0.9999996,Psychotherapists' perception of their clinical skills and in-session feelings in live therapy versus online therapy during the COVID-19 pandemic: A pilot study,Psychotherapists’ perception of their clinical skills and in-session feelings in live therapy versus online therapy during the COVID-19 pandemic: a pilot study
aui598j0,ldw497mb,0.9999996,COVID-19 and Katrina: recalcitrant racial disparities,COVID-19 and Katrina: recalcitrant racial disparities
e11b03zf,16rws6a9,0.9999996,Diagnostic classification of coronavirus disease 2019 (COVID-19) and other pneumonias using radiomics features in CT chest images,Diagnostic classification of coronavirus disease 2019 (COVID-19) and other pneumonias using radiomics features in CT chest images
hiblb9lw,28ysx2c6,0.9999996,Comparison of the Characteristics and Outcomes of Coronavirus Disease 2019 in Different Types of Family Infections in Taiwan,Comparison of the characteristics and outcomes of coronavirus disease 2019 in different types of family infections in Taiwan
0h57qnl9,2s5gnn6n,0.9999996,COVID-19 and Cardiac Arrhythmias,COVID-19 and Cardiac Arrhythmias
uk0c8v3a,rrzwmg4k,0.9999996,SARS-CoV-2 and dengue virus coinfection involving the skin of an Argentinian female,SARS-CoV-2 and dengue virus coinfection involving the skin of an Argentinian female
dn9tzowl,sx8nw01z,0.9999996,How do air pollution and meteorological parameters contribute to the spread of COVID-19 in Saudi Arabia?,How do air pollution and meteorological parameters contribute to the spread of COVID-19 in Saudi Arabia?
hexc6low,vjlvdmrd,0.9999996,Alcohol consumption: An important epidemiological factor in COVID-19?,Alcohol consumption: An important epidemiological factor in COVID-19?
eohd0jjy,9uv28aq8,0.9999996,The potential health and economic value of SARS-CoV-2 vaccination alongside physical distancing in the UK: a transmission model-based future scenario analysis and economic evaluation,The potential health and economic value of SARS-CoV-2 vaccination alongside physical distancing in the UK: a transmission model-based future scenario analysis and economic evaluation
kipn9fnk,msi6ff0d,0.9999996,"Coronavirus disease 2019 (COVID-19): situation report, 76",Situation Report 70: Coronavirus Disease (COVID-19)
kipn9fnk,71ox8tzy,0.9999996,"Coronavirus disease 2019 (COVID-19): situation report, 76",Situation Report 24: Coronavirus Disease (COVID-19)
z35ynq5e,vjaoit2k,0.9999996,Mitteilungen der ÖGGG,Mitteilungen der ÖGGG
1p892ehc,85kqanlu,0.9999996,Corrigendum: Using Machine Learning to Generate Novel Hypotheses: Increasing Optimism About COVID-19 Makes People Less Willing to Justify Unethical Behaviors,Corrigendum: Using Machine Learning to Generate Novel Hypotheses: Increasing Optimism About COVID-19 Makes People Less Willing to Justify Unethical Behaviors.
z35ynq5e,6f3k4fkt,0.9999996,Mitteilungen der ÖGGG,Mitteilungen der ÖGGG
msi6ff0d,71ox8tzy,0.9999996,Situation Report 70: Coronavirus Disease (COVID-19),Situation Report 24: Coronavirus Disease (COVID-19)
g5jyer2b,hbnlc7j1,0.9999996,Reply to the Letter to the Editor “Pathogenesis of pneumoperitoneum in COVID-19 patients”,Reply to the Letter to the Editor “Pathogenesis of pneumoperitoneum in COVID-19 patients”()
oa4wvzfc,lbcrmplw,0.9999996,"SPX Flow Inc, USA","SPX Flow Inc, USA"
9o5mqi6f,n2k8id81,0.9999996,Effects of The Pandemic On Women’s Reproductive Health Protective Attitudes: A Turkish Sample,Effects of the pandemic on women’s reproductive health protective attitudes: a Turkish sample
zvak2ats,uuo2638y,0.9999996,A vimentin-targeting oral compound with host-directed antiviral and anti-inflammatory actions addresses multiple features of COVID-19 and related diseases,A Vimentin-Targeting Oral Compound with Host-Directed Antiviral and Anti-Inflammatory Actions Addresses Multiple Features of COVID-19 and Related Diseases
asqbmp1g,ruwmvm56,0.9999996,Public Health Emergency and Crisis Management: Case Study of SARS-CoV-2 Outbreak,Public Health Emergency and Crisis Management: Case Study of SARS-CoV-2 Outbreak
vjaoit2k,6f3k4fkt,0.9999996,Mitteilungen der ÖGGG,Mitteilungen der ÖGGG
i3xfyapo,bzvdkxu9,0.9999996,The Indian perspective of COVID-19 outbreak,The Indian perspective of COVID-19 outbreak
v9wbasix,r1pn5v5j,0.9999996,Erratum regarding previously published articles,Erratum Regarding Previously Published Articles
dnxirjmr,fx6wf3ka,0.9999996,Overcoming my writing guilt: writing in lockdown.,Overcoming my writing guilt: writing in lockdown
mn0isbei,e0gpi5y1,0.9999996,"The Impacts of the COVID-19 Lockdown on Air Quality in the Guanzhong Basin, China","The impacts of the COVID-19 lockdown on air quality in the guanzhong basin, China"
v2232nno,z8qi5jb1,0.9999996,Participatory syndromic surveillance as a tool for tracking COVID-19 in Bangladesh,Participatory syndromic surveillance as a tool for tracking COVID-19 in Bangladesh
oipclq5y,qjjntv9x,0.9999996,Effects of COVID-19 Outbreak on Children’s Mental Health: A Comparative Study with Children Diagnosed and Isolated from Their Parents,Effects of COVID-19 Outbreak on Children’s Mental Health: A Comparative Study with Children Diagnosed and Isolated from Their Parents
ryh6uyx0,0styq6ae,0.9999996,The morbidity and mortality of COVID-19 are associated with ABO and Rh blood groups,The morbidity and mortality of COVID-19 are associated with ABO and Rh blood groups
dai7b68y,svy0i89t,0.9999996,Rheumatology and psychiatry: allies in times of COVID-19,Rheumatology and psychiatry: allies in times of COVID-19
x9qd50k8,kp30mtcy,0.9999996,Comparative analysis reveals the species-specific genetic determinants of ACE2 required for SARS-CoV-2 entry,Comparative analysis reveals the species-specific genetic determinants of ACE2 required for SARS-CoV-2 entry
6cullb44,vuaztza7,0.9999996,Particulate matter concentrations and their association with COVID-19-related mortality in Mexico during June 2020 Saharan dust event,Particulate Matter Concentrations and Their Association With COVID-19 Related Mortality in Mexico During June 2020 Saharan Dust Event
pdpbk3wy,yqpdxios,0.9999996,A Coordinated Response to the COVID-19 Pandemic in Missouri Nursing Homes,A Coordinated Response to the COVID-19 Pandemic in Missouri Nursing Homes.
eutv7d5g,ul6th2oz,0.9999996,Impact of COVID-19 pandemic on Italian Otolaryngology Units: a nationwide study,Impact of COVID-19 pandemic on Italian Otolaryngology Units: a nationwide study
krme0ex7,fo6qk30n,0.9999996,You can't save a COVID-19 patient with nuclear arms,You can't save a COVID-19 patient with nuclear arms.
id1sboqr,02xlvcr3,0.9999996,Comparison of spatio-temporal transmission characteristics of COVID-19 and its mitigation strategies in China and the US,Comparison of spatio-temporal transmission characteristics of COVID-19 and its mitigation strategies in China and the US
c40m2o5l,3s65qt2x,0.9999996,A simplified math approach to predict ICU beds and mortality rate for hospital emergency planning under Covid-19 pandemic,A simplified math approach to predict ICU beds and mortality rate for hospital emergency planning under Covid-19 pandemic
koiokrrv,ifru2ssn,0.9999996,Detection and removal of microplastics in wastewater: evolution and impact,Detection and removal of microplastics in wastewater: evolution and impact
ngjyxrdc,3fbikatx,0.9999996,Handling the COVID-19 pandemic: Proposing a community based toolkit for psycho-social management and preparedness,Handling the COVID-19 Pandemic: Proposing a Community Based Toolkit for Psycho-social Management and Preparedness
udpe0ts4,wojcotup,0.9999996,Vaccinating Health Care Employees - Do They All Deserve Early Access?,Vaccinating Health Care Employees - Do They All Deserve Early Access?
83sh00uj,fpd4njb2,0.9999996,A Novel Use of Zip Lock Bags: Preserving A Sense of Humanity During COVID-19 Pandemic,A novel use of zip-lock bags: preserving a sense of humanity during COVID-19 pandemic
q903kxmm,uckgjfmj,0.9999996,Soluble immune checkpoints are dysregulated in COVID-19 and heavy alcohol users with HIV infection,Soluble Immune Checkpoints Are Dysregulated in COVID-19 and Heavy Alcohol Users With HIV Infection
35bu98qc,oy23de20,0.9999996,NMR assignments of the macro domain from severe acute respiratory syndrome coronavirus 2 (SARS-CoV-2),NMR assignments of the macro domain from severe acute respiratory syndrome coronavirus 2 (SARS-CoV-2)
ul2y6t61,5e3b4054,0.9999996,A preview of selected articles.,A preview of selected articles
idn4ivdg,p8piai77,0.9999996,Alteration of serum markers in COVID‐19 and implications on mortality,Alteration of serum markers in COVID-19 and implications on mortality
htls6rg9,rks0l0q0,0.9999996,Possible role of tryptophan and melatonin in COVID-19,Possible role of tryptophan and melatonin in COVID-19
uuhkakx8,tjx9erfy,0.9999996,"Be careful with Big Data: Re-analysis of Patient Characteristics and Outcomes of 11,721 Patients with COVID19 Hospitalized Across the United States","Be careful with Big Data: Re-analysis of Patient Characteristics and Outcomes of 11,721 Patients with COVID19 Hospitalized Across the United States"
ljq6ccwf,to2vjx5z,0.9999996,Telemedicine and Integrated Multidisciplinary Care for Pediatric IBD Patients: A Review,Telemedicine and Integrated Multidisciplinary Care for Pediatric IBD Patients: A Review
e4w0804n,k0cdh5rk,0.9999996,How the Social Isolation of the COVID-19 Pandemic Creates Opportunity for Interdisciplinary Collaboration,“How the Social Isolation of the COVID-19 Pandemic Creates Opportunity for Interdisciplinary Collaboration”
d79m5ixj,06128byb,0.9999996,Molecular pathogenesis of secondary bacterial infection associated to viral infections including SARS-CoV-2,Molecular Pathogenesis of Secondary Bacterial Infection Associated to Viral Infections Including SARS-CoV-2
g38mkzmp,cgs9codc,0.9999996,COVID-19: Against a Lockdown Approach,COVID-19: Against a Lockdown Approach
gj1w79dj,8e8i9778,0.9999996,Responsible innovation in technology for mental health care,Responsible innovation in technology for mental health care
vuhdius9,xtql25ef,0.9999996,nieuws,nieuws
y2p7ni9b,glr7ds57,0.9999996,COVID-19: Does the Infectious Inoculum Dose-Response Relationship Contribute to Understanding Heterogeneity in Disease Severity and Transmission Dynamics?,COVID-19: Does the infectious inoculum dose-response relationship contribute to understanding heterogeneity in disease severity and transmission dynamics?
p5mxc694,v4vio42u,0.9999996,COVID-19 risk stratification algorithms based on sTREM-1 and IL-6 in emergency department,COVID-19 risk stratification algorithms based on sTREM-1 and IL-6 in emergency department
8pf9lt5p,img6a2gl,0.9999996,Renormalisation Group approach to pandemics as a time-dependent SIR model,Renormalisation Group approach to pandemics as a time-dependent SIR model
l025m1hp,zhk9ha90,0.9999996,Locus CauMT1 Provides a Higher-Resolution Alternative to Ribosomal Gene Sequencing for Initial Candida auris Genotyping,Locus CauMT1 provides a higher resolution alternative to ribosomal gene sequencing for initial Candida auris genotyping
d0tcxbfc,yb1b65ix,0.9999996,Discusión Sobre La Capacidad De La Atención Primaria Para Asumir La Demanda Asistencial Por Los Efectos Psicológicos Derivados De La Pandemia Por Covid-19,DISCUSIÓN SOBRE LA CAPACIDAD DE LA ATENCIÓN PRIMARIA PARA ASUMIR LA DEMANDA ASISTENCIAL POR LOS EFECTOS PSICOLÓGICOS DERIVADOS DE LA PANDEMIA POR COVID-19
j8v5vl2x,bqt0q5jq,0.9999995,The effect of spokesperson attribution on public health message sharing during the COVID-19 pandemic,The effect of spokesperson attribution on public health message sharing during the COVID-19 pandemic
dns7hji5,hefb2tmv,0.9999995,"A prospective, single-center study to evaluate the clinical performance of Meril ABFind in individuals vaccinated against COVID-19","A prospective, single-center study to evaluate the clinical performance of Meril ABFind in individuals vaccinated against COVID-19"
poiy1v39,k4eed4yl,0.9999995,When routine bites hard….,When routine bites hard
cqbm536y,z0zlsljz,0.9999995,Novel Coronavirus Mimicking Kawasaki Disease in an Infant,Novel coronavirus mimicking Kawasaki disease in an infant
9ceu26rx,i4xdwl0n,0.9999995,Safety of nontumor necrosis factor‐targeted biologics in the COVID‐19 pandemic,Safety of nontumor necrosis factor-targeted biologics in the COVID-19 pandemic
cqbm536y,80yljd1w,0.9999995,Novel Coronavirus Mimicking Kawasaki Disease in an Infant,Novel Coronavirus Mimicking Kawasaki Disease in an Infant
lse82vui,sphugbu6,0.9999995,Novel Evidence Showing the Possible Effect of Environmental Variables on COVID‐19 Spread,Novel Evidence Showing the Possible Effect of Environmental Variables on COVID‐19 Spread
8hwoz7vq,vls25e48,0.9999995,Out-of-hospital cardiac arrest volumes and characteristics during the COVID-19 pandemic,Out-of-hospital cardiac arrest volumes and characteristics during the COVID-19 pandemic
l0h2vnr8,hcvherhn,0.9999995,Linkages between environmental issues and zoonotic diseases: with reference to COVID-19 pandemic,Linkages between environmental issues and zoonotic diseases: with reference to COVID-19 pandemic
nt0z75lv,167bb6f0,0.9999995,Impact of Cancer History on Outcomes Among Hospitalized Patients with COVID-19,Impact of Cancer History on Outcomes Among Hospitalized Patients with COVID‐19
9u7nszct,z5ziql3c,0.9999995,Politik & Management,Politik & Management
xl5quuh1,ejtt4v6r,0.9999995,Identification of SARS-CoV-2 spike mutations that attenuate monoclonal and serum antibody neutralization,Identification of SARS-CoV-2 spike mutations that attenuate monoclonal and serum antibody neutralization
c0fjwss3,6mf2g7xw,0.9999995,The Impact of COVID-19 on neurosurgical head trauma referrals and admission at a tertiary neurosurgical centre,The impact of COVID-19 on neurosurgical head trauma referrals and admission at a tertiary neurosurgical centre
ngz4xluq,fy2vqr2r,0.9999995,Mitteilungen des GRC,Mitteilungen des GRC
2cj1kk38,gpejz0ch,0.9999995,Sleep Disturbances in Individuals Quarantined Due to SARS-CoV-2 Pandemic in Poland: A Mixed Methods Design Study,Sleep Disturbances in Individuals Quarantined Due to SARS-CoV-2 Pandemic in Poland: A Mixed Methods Design Study
ngz4xluq,8pz8jqct,0.9999995,Mitteilungen des GRC,Mitteilungen des GRC
fh5dba4r,6bk660sx,0.9999995,Review of the SARS-CoV-2 in Wuhan and Analysis as Well as Prediction of Therapeutic Drugs,Review of the SARS-CoV-2 in Wuhan and Analysis as Well as Prediction of Therapeutic Drugs
o3wyjxbm,wkkkwtyc,0.9999995,Students’ and lecturers’ perspective on the implementation of online learning in dental education due to SARS-CoV-2 (COVID-19): a cross-sectional study,Students' and lecturers' perspective on the implementation of online learning in dental education due to SARS-CoV-2 (COVID-19): a cross-sectional study
12ykaqdd,eopvfoyi,0.9999995,PSYCHOLOGICAL DISTRESS IN WOMEN CONSIDERING OR UNDERGOING FERTILITY TREATMENTS DURING THE COVID-19 PANDEMIC,Psychological Distress in Women Considering or Undergoing Fertility Treatments during the Covid-19 Pandemic
f90rdwlg,gkemf2nt,0.9999995,Efficacy and safety of Tocilizumab in severe and critical COVID-19: A Systematic Review and Meta-Analysis,Efficacy and safety of Tocilizumab in severe and critical COVID-19: A Systematic Review and Meta-Analysis
n0ppy0gl,ezok5n6j,0.9999995,[Treatment of pancreatic diseases and prevention of infection during outbreak of 2019 coronavirus disease],[Treatment of pancreatic diseases and prevention of infection during outbreak of 2019 coronavirus disease].
0l4r16d5,r1eq4074,0.9999995,Nanomedicinal delivery of stimulator of interferon genes agonists: recent advances in virus vaccination.,Nanomedicinal delivery of stimulator of interferon genes agonists: recent advances in virus vaccination
7upe2o8y,2ymfvtnj,0.9999995,"Clinical characteristics of re-positive COVID-19 patients in Huangshi, China: A retrospective cohort study","Clinical characteristics of re-positive COVID-19 patients in Huangshi, China: A retrospective cohort study"
gu7pvs71,9xicq4pt,0.9999995,Studying the effect of lockdown using epidemiological modelling of COVID-19 and a quantum computational approach using the Ising spin interaction,Studying the effect of lockdown using epidemiological modelling of COVID-19 and a quantum computational approach using the Ising spin interaction
e6uxiotd,f9jvwb12,0.9999995,"Knowledge, attitude, and psychological effect on undergraduate/postgraduate students in Lockdown COVID-19 situation","Knowledge, Attitude, and Psychological Effect on Undergraduate/ Postgraduate Students in Lockdown COVID-19 Situation"
bd3uoolf,xa5zy95z,0.9999995,Articles of Significant Interest in This Issue.,Articles of Significant Interest In This Issue.
z0zlsljz,80yljd1w,0.9999995,Novel coronavirus mimicking Kawasaki disease in an infant,Novel Coronavirus Mimicking Kawasaki Disease in an Infant
8z8xbtwn,vc7gpm9h,0.9999995,Respuesta a «Efectividad de la vacuna de ARNm COVID-19 en personal sanitario»,Respuesta a «Efectividad de la vacuna de ARNm COVID-19 en personal sanitario»
xppn8s0d,57vaiail,0.9999995,Modeling and Forecasting of COVID-19 Spreading by Delayed Stochastic Differential Equations,Modeling and Forecasting of COVID-19 Spreading by Delayed Stochastic Differential Equations
3rhncclp,764gtvy4,0.9999995,Telehealth and humanism: unexpected partnership forged during COVID-19.,Telehealth and humanism: unexpected partnership forged during COVID-19
n438cicr,b25zwgu2,0.9999995,Responses to COVID-19 with Probabilistic Programming,Responses to COVID-19 with Probabilistic Programming
c9icktz2,ogmo0syb,0.9999995,Are nursing home residents on enteral feeding in north dublin receiving adequate vitamin d during the covid-19 pandemic?,Are nursing home residents on enteral feeding in north dublin receiving adequate vitamin d during the covid-19 pandemic?
la76iavn,magizlyk,0.9999995,Training in critical appraisal skills: Authors' reply,Training in critical appraisal skills: Authors' reply.
nvjym79l,9507pj0y,0.9999995,Immediate reactions to the covid-19 pandemic in adults with obsessive-compulsive disorder: a self-report survey.,Immediate reactions to the covid-19 pandemic in adults with obsessive-compulsive disorder: a self-report survey
iy6rw8h5,o8ew4kgl,0.9999995,The COVID-19 infection control arms race,The COVID-19 infection control arms race
7p5xljne,sttvdp9m,0.9999995,Teaching Physics by Arduino during COVID-19 Pandemic: Measurement of the Newton's cooling law time-constant,Teaching Physics by Arduino during COVID-19 Pandemic: Measurement of the Newton's cooling law time-constant
5xvx7uht,98bgvr1d,0.9999995,Risks for Hospitalization and Death Among Patients with Blood Disorders from the ASH RC COVID-19 Registry for Hematology,Risks for Hospitalization and Death Among Patients with Blood Disorders from the ASH RC COVID-19 Registry for Hematology
z65fazi5,06sy0fnz,0.9999995,COVID-19 and Inequity: a Comparative Spatial Analysis of New York City and Chicago Hot Spots,COVID-19 and Inequity: a Comparative Spatial Analysis of New York City and Chicago Hot Spots
9ye2okm5,5yscqct1,0.9999995,Identifying airborne transmission as the dominant route for the spread of COVID-19,Identifying airborne transmission as the dominant route for the spread of COVID-19
fy2vqr2r,8pz8jqct,0.9999995,Mitteilungen des GRC,Mitteilungen des GRC
royqug2q,qqa7rwez,0.9999995,Factors Influencing the Perceived Effectiveness of COVID-19 Risk Assessment Mobile Application “MorChana” in Thailand: UTAUT2 Approach,Factors Influencing the Perceived Effectiveness of COVID-19 Risk Assessment Mobile Application “MorChana” in Thailand: UTAUT2 Approach
ipr1zv21,rhnr430g,0.9999995,"Interim Estimates of Vaccine Effectiveness of BNT162b2 and mRNA-1273 COVID-19 Vaccines in Preventing SARS-CoV-2 Infection Among Health Care Personnel, First Responders, and Other Essential and Frontline Workers - Eight U.S. Locations, December 2020-March 2021","Interim Estimates of Vaccine Effectiveness of BNT162b2 and mRNA-1273 COVID-19 Vaccines in Preventing SARS-CoV-2 Infection Among Health Care Personnel, First Responders, and Other Essential and Frontline Workers — Eight U.S. Locations, December 2020–March 2021"
z11exbyu,iwfsyl9w,0.9999995,Synonymous mutations and the molecular evolution of SARS-Cov-2 origins,Synonymous mutations and the molecular evolution of SARS-CoV-2 origins
k9gnfsl6,ndxnihrl,0.9999995,[New coronavirus infection (COVID-19) associated with kidney infarction in a seventeen-year-old child].,[New coronavirus infection (COVID-19) associated with kidney infarction in a seventeen-year-old child]
mzt4xmqo,scddzn5t,0.9999995,Cardiovascular disease management during the coronavirus disease 2019 pandemic,Management of Cardiovascular Disease During Coronavirus Disease (COVID-19) Pandemic
h6dwlmvb,xb5p25gk,0.9999995,Research progress on repositioning drugs and specific therapeutic drugs for SARS-CoV-2,Research progress on repositioning drugs and specific therapeutic drugs for SARS-CoV-2
v9gxhc7r,q127qidm,0.99999946,What dentists need to know about COVID-19,What Dentists Need to Know about COVID-19
79ip70eu,bycjkwoj,0.99999946,Energy drinks and medical students: Bad drinking during COVID-19 quarantine.,Energy drinks and medical students: Bad drinking during COVID-19 quarantine
qxftq89d,7g9t239x,0.99999946,A novel COVID-19 data set and an effective deep learning approach for the de-identification of Italian medical records,A Novel COVID-19 Data Set and an Effective Deep Learning Approach for the De-Identification of Italian Medical Records
4d7q53r8,5ew0jrmy,0.99999946,Canada: Health system review.,Canada: Health System Review.
zet9to9b,ee1nwy1a,0.99999946,An examination of school reopening strategies during the SARS-CoV-2 pandemic,An examination of school reopening strategies during the SARS-CoV-2 pandemic
d7b4g10q,z93iuryo,0.99999946,Clinical outcome of renin-angiotensin-aldosterone system blockers in treatment of hypertensive patients with COVID-19: a systematic review and meta-analysis,Clinical outcome of renin-angiotensin-aldosterone system blockers in treatment of hypertensive patients with COVID-19: a systematic review and meta-analysis
cp0h9yfb,tfvn7xp8,0.99999946,Corona und die gefesselte Globalisierung,Spitzengastronomie und die Corona-Krise
u0eovo1z,vnmk78dc,0.99999946,Vitamin D binding protein in COVID-19,Vitamin D binding protein in COVID-19.
h5fk64p8,jrb42wsk,0.99999946,Evans syndrome associated with antiphospholipid antibodies in a patient with SARS-COV-2 infection,Evans syndrome associated with antiphospholipid antibodies in a patient with SARS-COV-2 infection
x0561oie,k0zw8nvd,0.99999946,COVID-19 vaccines: what happened to evidence-based medicine?,COVID-19 vaccines: what happened to evidence-based medicine?
cazi5nzm,3lbdimr5,0.99999946,Impact of COVID-19 on nuclear medicine in Asia,Impact of COVID-19 on Nuclear Medicine in Asia
yzd4fgfq,tigwmznv,0.99999946,Off-label uses of selective serotonin reuptake inhibitors (SSRIs),Off-label uses of selective serotonin reuptake inhibitors (SSRIs).
vaer2qmq,jwtmpwtm,0.99999946,Backward Protective Stepping During Dual-Task Scenarios in People With Parkinson's Disease: A Pilot Study.,Backward Protective Stepping During Dual-Task Scenarios in People With Parkinson's Disease: A Pilot Study
q7cuwgeq,wfv5n475,0.99999946,"The relationship between psychological resilience, burnout, stress, and sociodemographic factors with depression in nurses and midwives during the COVID-19 pandemic: A cross-sectional study in Turkey.","The relationship between psychological resilience, burnout, stress, and sociodemographic factors with depression in nurses and midwives during the COVID-19 pandemic: A cross-sectional study in Turkey"
nvdoaqv0,kfz627c9,0.99999946,High-Throughput Screening of Biofilm Formation of Listeria monocytogenes on Stainless Steel Coupons Using a 96-Well Plate Format.,High-Throughput Screening of Biofilm Formation of Listeria monocytogenes on Stainless Steel Coupons Using a 96-Well Plate Format
hlhcrv3y,fhus93zt,0.99999946,Cognitive Network Science for Understanding Online Social Cognitions: A Brief Review.,Cognitive network science for understanding online social cognitions: A brief review
hcjpj03p,9sk9n0f9,0.99999946,Leitlinien zu COVID-19,"Anmerkung zu BVerfG, Beschl. v. 16.12.2021 – 1 BvR 1541/20"
hcjpj03p,ioveubcb,0.99999946,Leitlinien zu COVID-19,Darmkrebsvorsorge zu COVID‑19‑Zeiten
mwhsq1yt,q8j1nssi,0.99999946,Socioeconomic impact of COVID-19 pandemic: Evidence from rural mountain community in Pakistan,Socioeconomic impact of COVID‐19 pandemic: Evidence from rural mountain community in Pakistan
fvzkxetl,k6cm9ue1,0.99999946,EFFECTS OF COVID-19 INFECTION DURING PREGNANCY AND NEONATAL PROGNOSIS: WHAT IS THE EVIDENCE?,Effects of COVID-19 infection during pregnancy and neonatal prognosis: what is the evidence?
lrgnsv7d,si25psgq,0.99999946,Noli Timere: The Role of Reassuring Adults in Dealing with COVID-19 Anxiety in Pediatric Age,Noli Timere: The Role of Reassuring Adults in Dealing with COVID-19 Anxiety in Pediatric Age
gvj9sjuw,vnnwnxs2,0.99999946,Applications of Google Search Trends for risk communication in infectious disease management: a case study of the COVID-19 outbreak in Taiwan,Applications of Google Search Trends for risk communication in infectious disease management: A case study of the COVID-19 outbreak in Taiwan
m233ze61,5s0r20fg,0.99999946,"Capacity Strain and Response During Coronavirus Disease 2019: One Size Does Not Fit All, and One Size Does Not Fit One","Capacity Strain and Response During Coronavirus Disease 2019: One Size Does Not Fit All, and One Size Does Not Fit One."
4jrwjnbf,p9n3yb5u,0.99999946,A message from the new Editor-in-Chief,Message From the New Editor-in-Chief
m9ofc1wk,52or0yma,0.99999946,"Generalized anxiety, depression and posttraumatic stress disorder in a national sample of U.S. internal medicine physicians during the COVID-19 pandemic","Generalized anxiety, depression and posttraumatic stress disorder in a national sample of U.S. internal medicine physicians during the COVID-19 pandemic"
qzqohfsl,brpb48zw,0.99999946,Anosmia and COVID-19,COVID-19 anosmia
r7j887cg,oe5qny44,0.99999946,Potential for developing a SARS-CoV receptor-binding domain (RBD) recombinant protein as a heterologous human vaccine against coronavirus infectious disease (COVID)-19,Potential for developing a SARS-CoV receptor-binding domain (RBD) recombinant protein as a heterologous human vaccine against coronavirus infectious disease (COVID)-19
7zsvgwfv,6noz3zgk,0.99999946,Identifying Risk Factors That Distinguish Symptomatic Severe Acute Respiratory Syndrome Coronavirus 2 Infection From Common Upper Respiratory Infections in Children,Identifying Risk Factors That Distinguish Symptomatic Severe Acute Respiratory Syndrome Coronavirus 2 Infection From Common Upper Respiratory Infections in Children
v0uam2ki,dhx9vloj,0.99999946,Surgery during the COVID‐19 pandemic: operating room suggestions from an international Delphi process,Surgery during the COVID-19 pandemic: operating room suggestions from an international Delphi process
9sk9n0f9,ioveubcb,0.99999946,"Anmerkung zu BVerfG, Beschl. v. 16.12.2021 – 1 BvR 1541/20",Darmkrebsvorsorge zu COVID‑19‑Zeiten
6g8fl2ov,8iftoric,0.99999946,Virtual caries risk assessment workshop in COVID-19 era: Innovative game-based strategy,Virtual caries risk assessment workshop in COVID‐19 era: Innovative game‐based strategy
o2sz2n1b,7inzyeyo,0.99999946,The role of frailty in COVID-19 patients,Role of frailty in COVID-19 patients
9f7hfhdv,8ua94yvn,0.99999946,Individualized ventilatory management in patients with COVID-19-associated acute respiratory distress syndrome,Individualized Ventilatory Management in Patients with COVID-19-associated Acute Respiratory Distress Syndrome
amy7y0j5,dg2i97a2,0.99999946,"ASE Membership in the COVID-19 Pandemic: Hanging out, Hanging on, Together","ASE Membership in the COVID-19 Pandemic: Hanging out, Hanging on, Together"
k7dd5xsn,bpenf03f,0.9999994,Kidney injury in COVID-19,[Kidney injury in COVID-19]
k7dd5xsn,76vq3djt,0.9999994,Kidney injury in COVID-19,COVID-19 and Kidney Injury
k7dd5xsn,ff152eo5,0.9999994,Kidney injury in COVID-19,[Kidney injury in COVID-19].
ipeo2ql3,njcns96c,0.9999994,"“COVID-19: diagnosis, management and prognosis”: a new topical collection of Internal and Emergency Medicine","""COVID-19: diagnosis, management and prognosis"": a new topical collection of Internal and Emergency Medicine"
lrk1a4bk,22wu7ya2,0.9999994,Ten simple rules for tackling your first mathematical models: A guide for graduate students by graduate students,Ten simple rules for tackling your first mathematical models: A guide for graduate students by graduate students
ryon70t6,829u7r0c,0.9999994,COVID-19 lung injury and high-altitude pulmonary edema. A false equation with dangerous implications,COVID-19 Lung Injury and High Altitude Pulmonary Edema: A False Equation with Dangerous Implications
tb3k86ws,5dfsnd9e,0.9999994,P105. How end of treatment nursing consultations continued via telephone due to COVID-19,P105. How end of treatment nursing consultations continued via telephone due to COVID-19
r4urgxsd,qko8n86t,0.9999994,Black-white disparities in 2009 H1N1 vaccination among adults in the United States: A cautionary tale for the COVID-19 pandemic,Black-White Disparities in 2009 H1N1 Vaccination among Adults in the United States: A Cautionary Tale for the COVID-19 Pandemic
68o97cm6,2uum19yn,0.9999994,Rasch Analysis of Lebanese Nurses’ Responses to the Copenhagen Burnout Inventory Alternative to the Maslach Burnout Inventory,Rasch Analysis of Lebanese Nurses’ Responses to the Copenhagen Burnout Inventory Alternative to the Maslach Burnout Inventory
8xolp115,t3tn96ds,0.9999994,The grapevine CAX-interacting protein VvCXIP4 is exported from the nucleus to activate the tonoplast Ca2+/H+ exchanger VvCAX3.,The grapevine CAX-interacting protein VvCXIP4 is exported from the nucleus to activate the tonoplast Ca2+/H+ exchanger VvCAX3
hv3brmoi,vv187ubj,0.9999994,A Patient Self-Checkup App for COVID-19: Development and Usage Pattern Analysis,Patient Self-Checkup App for COVID-19: Development and Usage Pattern Analysis
bpenf03f,76vq3djt,0.9999994,[Kidney injury in COVID-19],COVID-19 and Kidney Injury
bpenf03f,ff152eo5,0.9999994,[Kidney injury in COVID-19],[Kidney injury in COVID-19].
upgb2wyr,zhg1hvsq,0.9999994,"Two Roads Diverge in the Sick Liver, Monocytes Travel Both","Two Roads Diverge in the Sick Liver, Monocytes Travel Both."
4iuyj242,y05loct9,0.9999994,"Hot, cold, or both? A person-centered perspective on death awareness during the COVID-19 pandemic","Hot, cold, or both? A person-centered perspective on death awareness during the COVID-19 pandemic."
76vq3djt,ff152eo5,0.9999994,COVID-19 and Kidney Injury,[Kidney injury in COVID-19].
6yvfp7oq,cljvd8sd,0.9999994,SARS-CoV-2 journey to the brain with a focus on potential role of docosahexaenoic acid bioactive lipid mediators,SARS-CoV-2 journey to the brain with a focus on potential role of docosahexaenoic acid bioactive lipid mediators
n2binksu,vr3yusqa,0.9999994,Association between antithrombin and mortality in patients with COVID-19. A possible link with obesity,Association between antithrombin and mortality in patients with COVID-19. A possible link with obesity
l960ka7i,ncgoknh8,0.99999934,Conclusion,Conclusion
l960ka7i,qkilkr9b,0.99999934,Conclusion,Conclusion
l960ka7i,cjm823cm,0.99999934,Conclusion,Conclusion
htr2flx4,qwqdm1k1,0.99999934,COVID-19 infection and nanomedicine applications for development of vaccines and therapeutics: An overview and future perspectives based on polymersomes,COVID-19 infection and nanomedicine applications for development of vaccines and therapeutics: An overview and future perspectives based on polymersomes
ijnrx18l,hra1qka7,0.99999934,Crucial Inflammatory Mediators and Efficacy of Drug Interventions in Pneumonia Inflated COVID-19: An Invivo Mathematical Modelling Study,Crucial Inflammatory Mediators and Efficacy of Drug Interventions in Pneumonia Inflated COVID-19: An Invivo Mathematical Modelling Study
0qt7686l,ndb3zll5,0.99999934,Leveraging data and new digital tools to prepare for the next pandemic.,Leveraging data and new digital tools to prepare for the next pandemic
i7ab3v43,cgzvd8ol,0.99999934,The impact of Coronavirus disease 2019 (COVID‐19) pandemic on migraine disorder,The impact of Coronavirus disease 2019 (COVID-19) pandemic on migraine disorder
ee1kh0el,gapb9gzk,0.99999934,"Provider, Staff, and Patient Perspectives on medical Visits Using Clinical Video Telehealth: A Foundation for Educational Initiatives to Improve Medical Care in Telehealth.","Provider, Staff, and Patient Perspectives on medical Visits Using Clinical Video Telehealth: A Foundation for Educational Initiatives to Improve Medical Care in Telehealth"
3p4yvxkg,1kj9v5hm,0.99999934,New onset adrenal insufficiency in a patient with COVID-19,New onset adrenal insufficiency in a patient with COVID-19
qkilkr9b,ncgoknh8,0.99999934,Conclusion,Conclusion
qkilkr9b,cjm823cm,0.99999934,Conclusion,Conclusion
ncgoknh8,cjm823cm,0.99999934,Conclusion,Conclusion
mkjlwc8g,b8r90wxc,0.99999934,Authentication of Greek PDO Kalamata Table Olives: A Novel Non-Target High Resolution Mass Spectrometric Approach.,Authentication of Greek PDO Kalamata Table Olives: A Novel Non-Target High Resolution Mass Spectrometric Approach
w9j6ydzp,rts1aads,0.99999934,A synthetic bispecific antibody capable of neutralizing SARS-CoV-2 Delta and Omicron,A synthetic bispecific antibody capable of neutralizing SARS-CoV-2 Delta and Omicron
34vftqt9,emqcxgvj,0.99999934,"Effect of COVID-19 Precautions on Neonatal Resuscitation Practice: A Balance Between Healthcare Provider Safety, Infection Control, and Effective Neonatal Care","Effect of COVID-19 Precautions on Neonatal Resuscitation Practice: A Balance Between Healthcare Provider Safety, Infection Control, and Effective Neonatal Care"
nm7s3v5q,6e8nu6nn,0.9999993,Preventive and Control Measures for the ﻿Coronavirus Pandemic in Clinical Dentistry.,Preventive and Control Measures for the ï»¿Coronavirus Pandemic in Clinical Dentistry
esut4we9,8vtofmgo,0.9999993,COVID-19 prognosis: what we know of the significance and prognostic value of liver-related laboratory parameters in SARS-CoV-2 infection.,COVID-19 prognosis: what we know of the significance and prognostic value of liver-related laboratory parameters in SARS-CoV-2 infection
vzapqr80,79egzm7w,0.9999992,Malnutrition risk and the need for dietetic intervention post COVID-19 infection on a care of the elderly rehab ward,Malnutrition risk and the need for dietetic intervention post COVID-19 infection on a care of the elderly rehab ward
ejqjorq7,fcsijd50,0.9999992,Clinical and Epidemiological Characteristics of COVID-19 in a Multi-National Cohort in the Middle East,Clinical and Epidemiological Characteristics of COVID-19 in a Multi-National Cohort in the Middle East
yfo1q01z,imf2lc2w,0.99999917,Cardiac Arrest in COVID-19 Patient Presenting with Takotsubo Cardiomyopathy,C20. Cardiac Arrest in COVID-19 Patient Presenting with Takotsubo Cardiomyopathy
krpv21tp,nruv5bpt,0.99999917,Missed childhood immunizations during the COVID-19 pandemic in Brazil: Analyses of routine statistics and of a national household survey.,Missed childhood immunizations during the COVID-19 pandemic in Brazil: Analyses of routine statistics and of a national household survey
aki7txyb,67yivy0m,0.99999917,Is Elective Neurosurgery Justified During COVID-19 Pandemic?,Is Elective Neurosurgery Justified During COVID-19 Pandemic?
ttfwlnsd,hvdjungv,0.99999917,Incidence of Arrhythmias and Electrocardiographic Changes in Ethnic Minority Patients with Covid- 19 Infection,INCIDENCE OF ARRHYTHMIAS AND ELECTROCARDIOGRAPHIC CHANGES IN ETHNIC MINORITY PATIENTS WITH COVID- 19 INFECTION
jyi4f9sz,c8oebqcy,0.999999,Data Handling for E-Mental Health Professionals,Data Handling for E-Mental Health Professionals
kwir2o4k,xqeauj1t,0.99897933,Post-exposure prophylaxis against SARS-CoV-2 in close contacts of confirmed COVID-19 cases (CORIPREV): study protocol for a cluster-randomized trial,Post-exposure Prophylaxis Against SARS-CoV-2 in Close Contacts of Confirmed COVID-19 Cases (CORIPREV): Study Protocol for a Cluster-randomised Trial
k2aazgt6,mbm88wvi,0.9988592,Implications of the complex biology and micro-environment of cardiac sarcomeres in the use of high affinity troponin antibodies as serum biomarkers for cardiac disorders,StatinImplications of the complex biology and micro-environment of cardiac sarcomeres in the use of high affinity troponin antibodies as serum biomarkers for cardiac disorders
nompkl8l,s5x8uwx9,0.99867564,Comparing Dynamics and Determinants of SARS-CoV-2 Transmissions Among Health Care Workers of Adult and Paediatric Settings in Central Paris,Comparing dynamics and determinants of SARS-CoV-2 transmissions among health care workers of adult and pediatric settings in central Paris
2a9nu4ui,i3ssetc3,0.9986538,Correction to: Double-blind placebo-controlled randomized clinical trial to assess the efficacy of montelukast in mild to moderate respiratory symptoms of patients with long COVID: E-SPERANZA COVID Project study protocol,Double-blind placebo-controlled randomized clinical trial to assess the efficacy of montelukast in mild to moderate respiratory symptoms of patients with long COVID: E-SPERANZA COVID Project study protocol
b182evyf,u2dvyktu,0.9985407,Inflammatory bowel disease patients requiring surgery can be treated in referral centres regardless of the COVID-19 status of the hospital: results of a multicentric European study during the first COVID-19 outbreak (COVID-Surg),Correction to: Inflammatory bowel disease patients requiring surgery can be treated in referral centres regardless of the COVID-19 status of the hospital: results of a multicentric European study during the first COVID-19 outbreak (COVIBD-Surg)
p000lxgj,e9bsczkk,0.9984787,COVID‐19 is getting on our nerves: sympathetic neural activity and haemodynamics in young adults recovering from SARS‐CoV‐2,COVID-19 is getting on our nerves: Sympathetic neural activity and hemodynamics in young adults recovering from SARS-CoV-2
xukn3cra,unm5yamp,0.99841,"Invited commentary on ""acute care surgery during the COVID-19 pandemic in Spain: Changes in volume, causes and complications. A multicenter retrospective cohort study""","An invited commentary on “Acute Care Surgery during the COVID-19 pandemic in Spain: changes in volume, causes and complications. A multicentre retrospective cohort study”"
w567y2v1,287li16w,0.99833775,"Drinking to Cope During COVID-19 Pandemic: The Role of External and Internal Factors in Coping Motive Pathways to Alcohol Use, Solitary Drinking, and Alcohol Problems","A Commentary on Drinking to Cope During the COVID-19 Pandemic: The Role of External and Internal Factors in Coping Motive Pathways to Alcohol Use, Solitary Drinking, and Alcohol Problems."
ay6uipmb,col4ukw4,0.9983335,Adopting Localised Health Financing Models for Universal Health Coverage in Low and Middle-Income Countries: Lessons from the National Health Insurance Scheme in Ghana,Adopting localised health financing models for universal health coverage in Low and middle-income countries: lessons from the National Health lnsurance Scheme in Ghana
4hycjok5,qzz602id,0.99832034,"Reported Cases and Deaths of National Notifiable Infectious Diseases — China, November, 2021","Reported Cases and Deaths of National Notifiable Infectious Diseases — China, December 2021"
xiic2x8l,i1747pbp,0.9982082,Moderate to vigorous physical activity and sedentary behavior change in self-isolating adults during the COVID-19 pandemic in Brazil: A cross-sectional survey exploring correlates,Moderate to vigorous physical activity and sedentary behavior changes in self-isolating adults during the COVID-19 pandemic in Brazil: a cross-sectional survey exploring correlates
6hkwyp69,y3fnn0rj,0.9981781,"In-hospital mortality from severe COVID-19 in a tertiary care center in Mexico City; causes of death, risk factors and the impact of hospital saturation","Correction: In-hospital mortality from severe COVID-19 in a tertiary care center in Mexico City; causes of death, risk factors and the impact of hospital saturation"
5wbh7mxv,lhjero9r,0.99797636,Correction to: Using CPAP in COVID-19 patients outside of the intensive care setting: a comparison of survival and outcomes between dialysis and non-dialysis dependent patients,Using CPAP in COVID-19 patients outside of the intensive care setting: a comparison of survival and outcomes between dialysis and non-dialysis dependent patients
b9kemdwf,btoo853f,0.99797356,Different Mental Health Responses to the COVID-19 Pandemic: Latent Class Trajectory Analysis Using Longitudinal UK Data,Mental health responses to the COVID-19 pandemic: a latent class trajectory analysis using longitudinal UK data
lj2fk55o,4bazdgc5,0.9979406,BCG vaccination and its possible effects on the acceleration of incidence and mortality by the new coronavirus: second step (preprint)/ pt,BCG vaccination and its possible effects on the acceleration of incidence and mortality by the new coronavirus: first step (preprint)/ pt
4hycjok5,rtu826ur,0.99787456,"Reported Cases and Deaths of National Notifiable Infectious Diseases — China, November, 2021","Reported Cases and Deaths of National Notifiable Infectious Diseases — China, October, 2021"
t4o03x0l,sbe0cvd0,0.99779844,Short- and mid-term multidisciplinary outcomes of newborns exposed to SARS-CoV-2 in utero or during the perinatal period: preliminary findings,Correction to: Short‑ and mid‑term multidisciplinary outcomes of newborns exposed to SARS‑CoV‑2 in utero or during the perinatal period: preliminary findings
8iyz4f88,csggq1s2,0.99777025,Association of Viral and Bacterial Respiratory Infection with Exacerbations of Wheezing in Young Asthmatic Children,The association of viral and bacterial respiratory infections with exacerbations of wheezing in young asthmatic children
n9gynzak,5h8uqkc0,0.9977697,Interleukin-9-secreting CD4+ T cells regulates CD8+ T cells cytotoxicity in patients with acute coronary syndromes.,Interleukin-9-secreting CD4+ T cells regulate CD8+ T cells cytotoxicity in patients with acute coronary syndromes
i4yaijbe,5aflw7vh,0.997739,Isolation and Characterization of Klebsiella Phages for Phage Therapy,Isolation and characterisation of Klebsiella phages for phage therapy
p7wb6kjd,bado4uvy,0.99773794,How should colorectal surgeons practice during the COVID‐19 epidemic? A retrospective single‐center analysis based on real‐world data from China,How should colorectal surgeons practice during the COVID-19 epidemic? A retrospective single-centre analysis based on real-world data from China
jjz542cp,ktsjf0ba,0.9977033,Response to comment on: Central retinal vein occlusion secondary to varicella zoster retinal vasculitis in an immunocompetent individual during the COVID-19 pandemic - A case report,Comment on: Central retinal vein occlusion secondary to varicella-zoster retinal vasculitis in an immunocompetent individual during the COVID-19 pandemic - A case report
0s7oq0uv,suhqgmlo,0.9975801,Virus strain from a mild COVID-19 patient in Hangzhou represents a new trend in SARS-CoV-2 evolution potentially related to Furin cleavage site,Virus strain of a mild COVID-19 patient in Hangzhou representing a new trend in SARS-CoV-2 evolution related to Furin cleavage site
f52ihsgz,jm20p1u0,0.9974502,"Erratum a l'editorial << Retour des peurs ancestrales avec le coronavirus, Covid-19 >> [Bull. Acad. Natl. Med","Erratum à l'éditorial « Retour des peurs ancestrales avec le coronavirus, Covid-19 ¼ [Bull. Acad. Natl. Med. 6 (2020):541­542]"
f52ihsgz,brjdmm3l,0.9974502,"Erratum a l'editorial << Retour des peurs ancestrales avec le coronavirus, Covid-19 >> [Bull. Acad. Natl. Med","Erratum à l’éditorial « Retour des peurs ancestrales avec le coronavirus, Covid-19 » [Bull. Acad. Natl. Med. 6 (2020):541–542]"
8h7e6asy,ky37w2oe,0.9973705,The effect of omega‑3 fatty acid supplementation on clinical and biochemical parameters of critically ill patients with COVID‑19: a randomized clinical trial,Regarding: “The effect of omega-3 fatty acid supplementation on clinical and biochemical parameters of critically ill patients with COVID-19: a randomized clinical trial”
c7l56mdt,5k1fzyjt,0.99735475,Corrigendum: Nasal Administration of Anti-CD3 Monoclonal Antibody (Foralumab) Reduces Lung Inflammation and Blood Inflammatory Biomarkers in Mild to Moderate COVID-19 Patients: A Pilot Study,Nasal Administration of Anti-CD3 Monoclonal Antibody (Foralumab) Reduces Lung Inflammation and Blood Inflammatory Biomarkers in Mild to Moderate COVID-19 Patients: A Pilot Study
i4lhtqe2,kqdtjdo4,0.99731135,"Expression of the SARS-CoV-2 receptorACE2 in human heart is associated with uncontrolled diabetes, obesity, and activation of the renin angiotensin system","Correction to: Expression of the SARS‑CoV‑2 receptorACE2 in human heart is associated with uncontrolled diabetes, obesity, and activation of the renin angiotensin system"
rtu826ur,qzz602id,0.9972458,"Reported Cases and Deaths of National Notifiable Infectious Diseases — China, October, 2021","Reported Cases and Deaths of National Notifiable Infectious Diseases — China, December 2021"
qezfxlk6,jrf7intw,0.99723244,Informe diário de evidências COVID-19: busca realizada em 21 de julho de 2020,Informe diário de evidências COVID-19: busca realizada em 1 de maio de 2020
8413zjfb,jrf7intw,0.99723244,Informe diário de evidências COVID-19: busca realizada em 3 de julho de 2020,Informe diário de evidências COVID-19: busca realizada em 1 de maio de 2020
8413zjfb,xzbdhk75,0.99723244,Informe diário de evidências COVID-19: busca realizada em 3 de julho de 2020,Informe diário de evidências COVID-19: busca realizada em 22 de maio de 2020
qezfxlk6,xzbdhk75,0.99723244,Informe diário de evidências COVID-19: busca realizada em 21 de julho de 2020,Informe diário de evidências COVID-19: busca realizada em 22 de maio de 2020
8413zjfb,bisn1wse,0.99723244,Informe diário de evidências COVID-19: busca realizada em 3 de julho de 2020,Informe diário de evidências COVID-19: busca realizada em 5 de maio de 2020
qezfxlk6,bisn1wse,0.99723244,Informe diário de evidências COVID-19: busca realizada em 21 de julho de 2020,Informe diário de evidências COVID-19: busca realizada em 5 de maio de 2020
i437wzit,3epueoyi,0.99721783,SARS-CoV-2 envelope protein causes acute respiratory distress syndrome (ARDS)-like pathological damages and constitutes an antiviral target,SARS-CoV-2 envelope protein causes acute respiratory distress syndrome (ARDS)-like pathological damage and constitutes an antiviral target
t72jtyny,3epueoyi,0.99721783,SARS-CoV-2 envelope protein causes acute respiratory distress syndrome (ARDS)-like pathological damages and constitutes an antiviral target,SARS-CoV-2 envelope protein causes acute respiratory distress syndrome (ARDS)-like pathological damage and constitutes an antiviral target
z13fbby7,wu1pkm7a,0.99718106,Corrigendum to: Antibody status and cumulative incidence of SARS-CoV-2 infection among adults in three regions of France following the first lockdown and associated risk factors: a multicohort study,Antibody status and cumulative incidence of SARS-CoV-2 infection among adults in three regions of France following the first lockdown and associated risk factors: a multicohort study
h4y5gv3e,zyl45ila,0.9971353,Regarding “A technical report from the Italian SARS-CoV-2 outbreak. Postmortem sampling and autopsy investigation in cases of suspected or probable COVID-19”,A technical report from the Italian SARS-CoV-2 outbreak. Postmortem sampling and autopsy investigation in cases of suspected or probable COVID-19
qcuodwbn,ou7si2ib,0.9970092,Oral lesions in patients with SARS-CoV-2 infection: could the oral cavity be a target organ?,Oral lesions in SARS-COV-2 infected patients: could the oral cavity be a target organ?
1db68qym,pcg79jh7,0.99700356,Systemic sclerosis and the COVID-19 pandemic: World Scleroderma Foundation preliminary advice for patient management,Correspondence on 'Systemic sclerosis and the COVID-19 pandemic-World Scleroderma Foundation preliminary advice for patient management'.
rtu826ur,ad65w75g,0.99699706,"Reported Cases and Deaths of National Notifiable Infectious Diseases — China, October, 2021","Reported Cases and Deaths of National Notifiable Infectious Diseases — China, January, 2021"
vsrkmbs0,m4m2oqze,0.99699163,A Case of Multisystem Inflammatory Syndrome in Children Following SARS-CoV-2 Infection in a Rural Emergency Department,INSTRUCTIONS: A Case of Multisystem Inflammatory Syndrome in Children Following SARS-CoV-2 Infection in a Rural Emergency Department
s3ij55hj,h6lwe87b,0.99681026,Methylprednisolone: Lack of efficacy following off-label use: case report,Hydroxychloroquine: Lack of efficacy following an off-label use: case report
qzz602id,ad65w75g,0.9967904,"Reported Cases and Deaths of National Notifiable Infectious Diseases — China, December 2021","Reported Cases and Deaths of National Notifiable Infectious Diseases — China, January, 2021"
4fkcqklp,1ha256ez,0.99658275,Changes in stroke patient's health-seeking behavior by COVID-19 epidemic regions: Data from korean stroke registry,Changes in Stroke Patients' Health-Seeking Behavior by COVID-19 Epidemic Regions: Data from the Korean Stroke Registry
4hycjok5,ad65w75g,0.99641126,"Reported Cases and Deaths of National Notifiable Infectious Diseases — China, November, 2021","Reported Cases and Deaths of National Notifiable Infectious Diseases — China, January, 2021"
ue2cz7g8,z46vdgev,0.99640197,Correction: APOE4-mediated Alzheimer disease and “Vascular”—“Meningeal Lymphatic” components: towards a novel therapeutic era?,APOE4-mediated Alzheimer disease and “Vascular”—“Meningeal Lymphatic” components: towards a novel therapeutic era?
qzn48h1l,9g95bzfp,0.99638134,"Comparative single-dose mRNA and ChAdOx1 vaccine effectiveness against SARS-CoV-2, including early variants of concern: a test-negative design, British Columbia, Canada","Comparative single-dose mRNA and ChAdOx1 vaccine effectiveness against SARS-CoV-2, including variants of concern: test-negative design, British Columbia, Canada"
vtv2vk8c,3mxp1dae,0.9963451,Satisfaction with and Feasibility of Prenatal Counseling via Telemedicine: A Prospective Cohort Study,Satisfaction with and feasibility of prenatal counselling via telemedicine: A prospective cohort study
h6jajuh4,uew9u6g5,0.9962761,Comparison of D-dimer Level Measured on the Third Day of Hospitalization with Admission D-dimer Level in Predicting In-hospital Mortality in COVID-19 Patients,Comparison of D-dimer level measured on the third day of hospitalization with D-dimer level in predicting in-hospital mortality in COVID-19 patients
bnfagb25,c75wbqof,0.9962204,Clonal analysis of immunodominance and cross-reactivity of the CD4 T cell response to SARS-CoV-2,Clonal dissection of immunodominance and cross-reactivity of the CD4+ T cell response to SARS-CoV-2
c75wbqof,gyzw5pv7,0.9962204,Clonal dissection of immunodominance and cross-reactivity of the CD4+ T cell response to SARS-CoV-2,Clonal analysis of immunodominance and cross-reactivity of the CD4 T cell response to SARS-CoV-2
4hycjok5,obggriah,0.9961509,"Reported Cases and Deaths of National Notifiable Infectious Diseases — China, November, 2021","Reported Cases and Deaths of National Notifiable Infectious Diseases — China, September, 2021"
407va85q,s7uu0fbh,0.99597305,Ivermectin shows clinical benefits in mild to moderate Covid19 disease: A randomised controlled double blind dose response study in Lagos.,"Ivermectin shows clinical benefits in mild to moderate COVID19: A randomised controlled double-blind, dose-response study in Lagos"
obggriah,rtu826ur,0.99587667,"Reported Cases and Deaths of National Notifiable Infectious Diseases — China, September, 2021","Reported Cases and Deaths of National Notifiable Infectious Diseases — China, October, 2021"
q2t9z0h5,oegjydfd,0.99587166,Willingness to get vaccinated against Covid-19 and attitudes towards vaccination in general,Willingness to get vaccinated against Covid-19 and attitudes toward vaccination in general
nthx5uy1,tbm4iva1,0.99585676,"Coping with coronavirus disease 2019: Relationships between coping strategies, benefit finding and well‐being","Coping with Coronavirus Disease 2019: Relations between coping strategies, benefit finding, and well-being"
xpb3wc75,lxhfmgma,0.9956815,Prognostic accuracy of emergency department triage tools for adults with suspected COVID-19: The PRIEST observational cohort study,Prognostic accuracy of emergency department triage tools for children with suspected COVID-19: The PRIEST observational cohort study
obggriah,qzz602id,0.9956611,"Reported Cases and Deaths of National Notifiable Infectious Diseases — China, September, 2021","Reported Cases and Deaths of National Notifiable Infectious Diseases — China, December 2021"
dfcaadvj,wya9owt1,0.99565965,Pan-Family Assays for Rapid Viral Screening: Reducing Delays in Public Health Responses During Pandemics,Utility of Pan-Family Assays for Rapid Viral Screening: Reducing Delays in Public Health Responses During Pandemics
jrf7intw,l357nzi9,0.9956474,Informe diário de evidências COVID-19: busca realizada em 1 de maio de 2020,Informe diário de evidências: COVID-19 busca realizada em 20 de abril de 2020
l357nzi9,xzbdhk75,0.9956474,Informe diário de evidências: COVID-19 busca realizada em 20 de abril de 2020,Informe diário de evidências COVID-19: busca realizada em 22 de maio de 2020
l357nzi9,bisn1wse,0.9956474,Informe diário de evidências: COVID-19 busca realizada em 20 de abril de 2020,Informe diário de evidências COVID-19: busca realizada em 5 de maio de 2020
ic8hzh14,oasad3gd,0.9955963,Caracteristiques sociodemographiques et modes d'exposition chez les patients hospitalises pour COVID-19 avant et pendant la periode de confinement,Caractéristiques sociodémographiques et modes d’exposition chez les patients hospitalisés pour COVID-19 avant et pendant la période de confinement
7iioutpk,1xxwlu0f,0.9955435,Impact of COVID-19 on seizures-related emergency attendances and hospital admissions - A territory-wide observational study,Impact of COVID-19 on seizure-related emergency attendances and hospital admissions - A territory-wide observational study
abdxjn2p,kzftves0,0.99546427,COVID-19 detection from chest X-ray images using deep learning and convolutional neural networks,Detection of COVID-19 from Chest X-ray Images Using Deep Convolutional Neural Networks
0rcdke59,gaan49k6,0.995419,AML-145: Outcomes of Induction Therapy in Patients with Acute Myeloid Leukemia During Covid-19 Pandemic: A Retrospective Study from a Tertiary Care Cancer Centre,Poster: AML-145: Outcomes of Induction Therapy in Patients with Acute Myeloid Leukemia During Covid-19 Pandemic: A Retrospective Study from a Tertiary Care Cancer Centre
9dsyql4x,6mqxuxuo,0.99536484,Low Neutralizing Antibody Titers against the Mu Variant of SARS-CoV-2 in 31 BNT162b2 Vaccinated Individuals in Colombia,Low neutralizing antibody titers against the Mu variant of SARS-CoV-2 in BNT162b2 vaccinated individuals
t6ible84,lelkhvpi,0.99526626,Changes in SARS-CoV-2 Antibody Titers from Three to Nine Months after Administration of the BNT162b2 mRNA Vaccine among Healthcare Workers in Japan: A Prospective Study,Factors Associated with Change in SARS-CoV-2 Antibody Titers from Three to Six Months after the Administration of the BNT162b2 mRNA COVID-19 Vaccine among Healthcare Workers in Japan: A Prospective Study
fxl9fsho,cv988sbx,0.9952345,"Live virus neutralization testing in convalescent patients and subjects vaccinated against 19A, 20B, 20I/501Y.V1 and 20H/501Y.V2 isolates of SARS-CoV-2","Live virus neutralization testing in convalescent and vaccinated subjects against 19A, 20B, 20I/501Y.V1 and 20H/501.V2 isolates of SARS-CoV-2"
o0ch5i4s,5bfrr3z6,0.9952308,Epileptic discharges in acutely ill patients investigated for SARS‐CoV‐2/COVID‐19 and the absence of evidence,Response: Epileptic discharges in acutely ill patients investigated for SARS-CoV-2/COVID-19 and the absence of evidence
ivxcwrtr,7xcs857w,0.995184,Seven days in medicine: 2-8 February 2022.,Seven days in medicine: 6-12 January 2021
qezfxlk6,l357nzi9,0.9951709,Informe diário de evidências COVID-19: busca realizada em 21 de julho de 2020,Informe diário de evidências: COVID-19 busca realizada em 20 de abril de 2020
8413zjfb,l357nzi9,0.9951709,Informe diário de evidências COVID-19: busca realizada em 3 de julho de 2020,Informe diário de evidências: COVID-19 busca realizada em 20 de abril de 2020
7zosk7d1,ivxi00av,0.99503064,Modeling and tracking Covid-19 cases using Big Data analytics on HPCC system platform,Modeling and tracking Covid-19 cases using Big Data analytics on HPCC system platformm
yk7rdllx,wq1vpqzl,0.9949407,Ad26.COV2-S: Cerebral Venous Sinus Thrombosis with Thrombocytopenia: 14 case reports,Ad26.cov2-s/AZD-1222: Cerebral venous sinus thrombosis and thrombotic thrombocytopenia: 3 case reports
5bksqc6t,tuu7r9f0,0.9949276,Healing after Covid-19: Are Survivors at Risk for Development of Pulmonary Fibrosis?,Healing after COVID-19: are survivors at risk for pulmonary fibrosis?
i4hx9cdn,a7o3qnxy,0.99491686,A simple method against spread of COVID-19 when using a supraglottic airway for intermittent positive pressure ventilation during general anesthesia,Comment on: A simple method against spread of COVID-19 when using a supraglottic airway for intermittent positive pressure ventilation during general anesthesia
a7o3qnxy,lbkcqoe3,0.99491686,Comment on: A simple method against spread of COVID-19 when using a supraglottic airway for intermittent positive pressure ventilation during general anesthesia,A simple method against spread of COVID-19 when using a supraglottic airway for intermittent positive pressure ventilation during general anesthesia.
k4jt86pv,qurozfu6,0.9948859,Angiotensin Converting Enzyme Inhibitors and Angiotensin Receptor Blockers and The Risk of SARS-CoV-2 Infection: A Systematic Review and Meta-analysis,Angiotensin Converting Enzyme Inhibitors and Angiotensin Receptor Blockers and the Risk of SARS-CoV-2 Infection or Hospitalization With COVID-19 Disease: A Systematic Review and Meta-Analysis
upjntgdg,i05kx0i0,0.99479944,Abstracts der 110. Jahrestagung der Deutschen Gesellschaft für Kinder- und Jugendmedizin e.V. (DGKJ),Abstracts der 58. Jahrestagung der Österreichischen Gesellschaft für Kinder- und Jugendheilkunde 2020
qeltdch7,vqtx98xm,0.99479127,Proofreading-Deficient Coronaviruses Adapt for Increased Fitness over Long-Term Passage without Reversion of Exoribonuclease-Inactivating Mutations,Proofreading-deficient coronaviruses adapt over long-term passage for increased fidelity and fitness without reversion of exoribonuclease-inactivating mutations
waah16rd,uc4od9dd,0.99470073,Systemic effects of missense mutations on SARS-CoV-2 spike glycoprotein stability and receptor-binding affinity,Corrigendum to: Systemic effects of missense mutations on SARS-CoV-2 spike glycoprotein stability and receptor-binding affinity
dftxbno0,3gqm5qxc,0.99467045,Psychological experience and coping strategies of patients in the Northeast US delaying care for infertility during the COVID-19 pandemic,Correction to: Psychological experience and coping strategies of patients in the Northeast US delaying care for infertility during the COVID-19 pandemic
3gqm5qxc,93ufco14,0.99467045,Correction to: Psychological experience and coping strategies of patients in the Northeast US delaying care for infertility during the COVID-19 pandemic,Psychological experience and coping strategies of patients in the Northeast US delaying care for infertility during the COVID-19 pandemic
fx9gtieb,zk03ljns,0.99463993,Dynamic changes in peripheral blood lymphocyte subsets in adult patients with COVID-19,Dynamic changes of peripheral blood lymphocytes subsets in adult patients with COVID-19
578c9ut5,d1su12jr,0.994636,2020 CIS Annual Meeting: Immune Deficiency & Dysregulation North American Conference,Correction to: 2020 CIS Annual Meeting: Immune Deficiency & Dysregulation North American Conference
d1su12jr,e1phpqes,0.994636,Correction to: 2020 CIS Annual Meeting: Immune Deficiency & Dysregulation North American Conference,2018 CIS Annual Meeting: Immune Deficiency & Dysregulation North American Conference
obggriah,ad65w75g,0.9946068,"Reported Cases and Deaths of National Notifiable Infectious Diseases — China, September, 2021","Reported Cases and Deaths of National Notifiable Infectious Diseases — China, January, 2021"
sbfg1aee,wfpbqztq,0.994601,Use of Thyroid Hormones in Hypothyroid and Euthyroid Patients: A 2020 THESIS Questionnaire Survey of Members of the Swedish Endocrine Society,Use of thyroid hormones in hypothyroid and euthyroid patients: A 2020 THESIS questionnaire survey of members of the Danish Endocrine Society
1jv8mx1m,gm27hzny,0.9945851,"Correction to: The Renin-Angiotensin System, Hypertension, and SARS-CoV-2 Infection: a Review","The Renin-Angiotensin System, Hypertension, and SARS-CoV-2 Infection: a Review"
bjrvowzi,viojkell,0.99456394,"Corrigendum to ""Prevalence of anxiety and depression symptom, and the demands for psychological knowledge and interventions in college students during COVID-19 epidemic: A large cross-sectional study"" [275 (2020) 188-193]","Prevalence of Anxiety and Depression symptom, and the Demands for Psychological Knowledge and Interventions in college students during COVID-19 epidemic: A large Cross-Sectional Study"
7lcklop9,ok1bppjf,0.99448943,Changing Student Perception of an Online Integrated Structured Clinical Examination During the COVID-19 Pandemic [Response to Letter],Changing Student Perception of an Online Integrated Structured Clinical Examination During the COVID-19 Pandemic [Letter]
qfw1uqvp,f3zo25bj,0.9944832,Thirty-Day Mortality Rate of Patients With Hip Fractures During the COVID-19 Pandemic: A Single Centre Prospective Study in the United Kingdom,30-day Mortality Rate of Patients with Hip Fractures during the COVID-19 Pandemic: A Single Centre Prospective Study in the United Kingdom
zjd7og44,79m11vs3,0.99445933,Reporte de situación COVID-19 Cuba No. 34 (5 de octubre de 2020),Reporte de situación COVID-19 Cuba No. 36 (19 de octubre 2020)
h4s30562,kk50uzpg,0.9944301,Correspondence on 'Historically controlled comparison of glucocorticoids with or without tocilizumab versus supportive care only in patients with COVID-19-associated cytokine storm syndrome: results of the CHIC study'.,Response to: 'Correspondence on 'Historically controlled comparison of glucocorticoids with or without tocilizumab versus supportive care only in patients with COVID-19-associated cytokine storm syndrome: results of the CHIC study'' by Charles
6ohcrajh,n5tvml4h,0.99430907,Transient disappearance of CD19+/CD5+ B-Lymphocytes in peripheral blood in a patient with CLL during SARS-CoV-2 related mild disease,Transient disappearance of CD19(+)/CD5(+) B‐lymphocyte clone in peripheral blood in a patient with CLL during SARS‐CoV‐2‐related mild disease
682jry9g,zjd7og44,0.9942282,Reporte de situación COVID-19 Cuba No. 25 (3 de agosto de 2020),Reporte de situación COVID-19 Cuba No. 34 (5 de octubre de 2020)
vx84z9d7,mprcjtxp,0.99419755,COVID-19 Australia: Epidemiology Report 57: Reporting period ending 16 January 2022,COVID-19 Australia: Epidemiology Report 52 Reporting period ending 10 October 2021
l231btij,mzyip5js,0.9941515,Risk of QT Prolongation through Drug-drug Interactions between Hydroxychloroquine and Concomitant Drugs Prescribed in Real-world Practice,Risk of QT prolongation through drug interactions between hydroxychloroquine and concomitant drugs prescribed in real world practice
zvx6iyyf,6p5rgoe8,0.99410146,APOE e4 Genotype Predicts Severe COVID-19 in the UK Biobank Community Cohort,Commentary: APOE e4 Genotype Predicts Severe COVID-19 in the UK Biobank Community Cohort
qzrhlxhx,h4vdgcj9,0.994076,Rapid decline of neutralizing antibodies is associated with decay of IgM in adults recovered from mild COVID-19,Rapid decline of neutralizing antibodies is associated with decay of IgM in adults recovered from mild COVID-19 disease
e3n2odwm,h6lwe87b,0.9940564,Hydroxychloroquine: Lack of efficacy during off label use treatment: case report,Hydroxychloroquine: Lack of efficacy following an off-label use: case report
ihs2wavv,db5pj1e0,0.99375796,"Wearing N95, Surgical, and Cloth Face Masks Compromises the Perception of Emotion","Wearing N95, Surgical and Cloth Face Masks Compromises the Communication of Emotion"
db5pj1e0,knxsh5n2,0.99375796,"Wearing N95, Surgical and Cloth Face Masks Compromises the Communication of Emotion","Wearing N95, Surgical, and Cloth Face Masks Compromises the Perception of Emotion"
5o9bbspc,y7d2h99n,0.99374634,Hydroxychloroquine and azithromycin as a treatment of COVID-19: results of an open-label non-randomized clinical trial,Hydroxychloroquine and azithromycin as a treatment of COVID-19: results of an open label non-randomized clinical trial revisited
2t5drwji,wgzbez1b,0.9936247,La neumología en tiempos de COVID-19./ La neumología en tiempos de COVID-19./ Pneumology in the Days of COVID-19,Infartos en tiempos de la COVID-19
2t5drwji,zf7wcwqo,0.9936246,La neumología en tiempos de COVID-19./ La neumología en tiempos de COVID-19./ Pneumology in the Days of COVID-19,La Neurología en tiempos de COVID
ntcapdod,j0n3fd26,0.993566,"Dental education in the covid-19 era: Challenges, solutions and opportunities",COVID-19 Era: Challenges and Solutions in Dental Education.
ntcapdod,f03mq4aj,0.993566,"Dental education in the covid-19 era: Challenges, solutions and opportunities",COVID-19 Era: Challenges and Solutions in Dental Education
e5nbe3r0,b9bk71jd,0.99356127,Seroconversion rates following COVID-19 vaccination amongst patients with cancer,Seroconversion rates following COVID-19 vaccination among patients with cancer
rwlpkf7n,nf4guem7,0.9934784,Analysis of the SARS-CoV-2 spike protein glycan shield: implications for immune recognition,Analysis of the SARS-CoV-2 spike protein glycan shield reveals implications for immune recognition
yvsmcvz1,n1xx7n4z,0.9934434,"Reply: Guillain-Barré syndrome, SARS-CoV-2 and molecular mimicry and Ongoing challenges in unravelling the association between COVID-19 and Guillain-Barré syndrome and Unclear association between COVID-19 and Guillain-Barré syndrome and Currently available data regarding the potential association between COVID-19 and Guillain-Barre syndrome","Reply: Guillain-Barré syndrome, SARS-CoV-2 and molecular mimicry and Ongoing challenges in unravelling the association between COVID-19 and Guillain-Barré syndrome and Unclear association between COVID-19 and Guillain-Barré syndrome and Currently available data regarding the potential association between COVID-19 and Guillain-Barré syndrome"
wgzbez1b,rap59p8h,0.99343324,Infartos en tiempos de la COVID-19,Evolución e impacto de la infodemia en la población infantil en tiempos de COVID-19
rap59p8h,zf7wcwqo,0.99343324,Evolución e impacto de la infodemia en la población infantil en tiempos de COVID-19,La Neurología en tiempos de COVID
78au9sho,zpkmvqrd,0.99337417,Evidence-based Pandemic Preparedness: An Infrastructure for Population-scale Genome-based Testing for COVID-19,Evidence-based pandemic preparedness: an infrastructure for population-scale genome-based based testing for COVID-19
biorn1za,bdpfy5mo,0.99335194,Efficient Inhibition of SARS-CoV-2 Using Chimeric Antisense Oligonucleotides through RNase L Activation*,Frontispiece: Efficient Inhibition of SARS‐CoV‐2 Using Chimeric Antisense Oligonucleotides through RNase L Activation
ckvanhf9,lvm2wktp,0.9933244,Analysis of thin-section CT in patients with coronavirus disease (COVID-19) after hospital discharge,WITHDRAWN: Analysis of thin-section CT in patients with coronavirus disease (COVID-19) after hospital discharge
rlps6imu,dt3m76yk,0.9932505,High-risk exposure without personal protective equipment and infection with SARS-CoV-2 in-hospital workers - The CoV-CONTACT cohort,High-risk exposure without personal protective equipment and infection with SARS-CoV-2 in healthcare workers: results of the CoV-CONTACT prospective cohort
02000ccw,yrf48dqy,0.9932227,Setting up a COVID-19 care facility at a prison: An experience from Pakistan,Commentary on “Setting up a COVID-19 care facility at a prison: An experience from Pakistan”
wxajm4q6,8wbojagc,0.9932215,Assessing Inequities in COVID-19 Vaccine Roll-Out Strategy Programs: A Cross-Country Study Using a Machine Learning Approach (preprint),Assessing Inequities in COVID-19 Vaccine Roll-Out Strategy Programs: A Cross-Country Study Using a Machine Learning Approach
p0m0dglv,u5rzp2h4,0.99321896,Primary healthcare practitioners and patient blood management in Africa in the time of coronavirus disease 2019: safeguarding the blood supply. (Special Collection: COVID-19.),Primary healthcare practitioners and patient blood management in Africa in the time of coronavirus disease 2019: Safeguarding the blood supply
8ioqfyee,bjhwxkrh,0.9931061,Onset of rheumatoid arthritis after COVID-19: coincidence or connected?,Correspondence on 'Onset of rheumatoid arthritis after COVID-19: coincidence or connected?'
126n96zp,v0jmkh68,0.9929975,"Behavioral Dynamics of COVID-19: Estimating Under-Reporting, Multiple Waves, and Adherence Fatigue Across 92 Nations","Behavioral dynamics of COVID‐19: estimating underreporting, multiple waves, and adherence fatigue across 92 nations"
bejo59oh,qacys9e3,0.9929633,Diseño de un protocolo asistencial para el reinicio de la cirugía urológica programada en periodo de epidemia COVID-19./ Diseño de un protocolo asistencial para el reinicio de la cirugía urológica programada en periodo de epidemia COVID-19./ Design of an assistance protocol for the restart of scheduled urologic surgery in a COVID-19 epidemic period,DISEÑO DE UN PROTOCOLO ASISTENCIAL PARA EL REINICIO DE LA CIRUGÍA UROLÓGICA PROGRAMADA EN PERIODO DE EPIDEMIA COVID-19
p39xg7de,n39k4ylj,0.9928964,"Epidemiological, otolaryngological, olfactory and gustatory outcomes according to the severity of COVID-19: a study of 2579 patients","Correction to: Epidemiological, otolaryngological, olfactory and gustatory outcomes according to the severity of COVID-19: a study of 2579 patients"
3qsalyvf,zj0kned0,0.9928773,Correction: Clinical impact of COVID-19 on patients with cancer treated with immune checkpoint inhibition,Clinical impact of COVID-19 on patients with cancer treated with immune checkpoint inhibition
nf20ncrf,k2o31bze,0.99278015,In brief: Pfizer/BioNTech COVID-19 vaccine authorized for children 5-11 years old,In brief: Pfizer/BioNTech COVID-19 vaccine authorized for adolescents 12-15 years old
si75e4ew,xm6z5ho2,0.99277335,Correction: The impact of believing you have had COVID-19 on self-reported behaviour: Cross-sectional survey,The impact of believing you have had COVID-19 on self-reported behaviour: Cross-sectional survey
v6zif72k,009yjygc,0.9927654,Correction to: Acute endodontic and dental trauma provision during the COVID-19 crisis,Acute endodontic and dental trauma provision during the COVID-19 crisis
009yjygc,vigdn5ds,0.9927654,Acute endodontic and dental trauma provision during the COVID-19 crisis,Correction to: Acute endodontic and dental trauma provision during the COVID-19 crisis
vmal1jud,cro50hif,0.9927387,SARS-CoV-2 Polymorphisms and Multisystem Inflammatory Syndrome in Children (MIS-C).,SARS-CoV-2 as a superantigen in multisystem inflammatory syndrome in children (MIS-C).
0qeiwwmg,gq49a0jd,0.9927333,Trisomy 21 and the coronavirus disease 2019 (COVID-19)/ La trisomía 21 y la enfermedad por coronavirus de 2019 (COVID-19),La trisomía 21 y la enfermedad por coronavirus de 2019 (COVID-19)./ La trisomía 21 y la enfermedad por coronavirus de 2019 (COVID-19)./ Trisomy 21 and the coronavirus disease 2019 (COVID-19)
uw908pky,n56pwac5,0.992723,"Update: severe acute respiratory syndrome--worldwide and United States, 2003.","Update: severe acute respiratory syndrome--United States, 2003."
6j7e7pkt,e5xctrjx,0.99261916,Correction: Guillain-Barré syndrome related to SARS-CoV-2 infection,Guillain-Barré syndrome related to SARS-CoV-2 infection
0zz7on3h,6ahugp14,0.99261487,Correction to Lancet Respir Med 2020; published online July 24. https://doi.org/10.1016/S2213-2600(20)30315-5,Correction to Lancet Respir Med 2021; published online April 19. https://doi.org/10.1016/S2213-2600(21)00096-5
csd08t2v,jcuygqzh,0.9925838,Elicitation of potent SARS-CoV-2 neutralizing antibody responses through immunization with a versatile adenovirus-inspired multimerization platform,Elicitation of potent SARS-CoV-2 neutralizing antibody responses through immunization using a versatile adenovirus-inspired multimerization platform
skyuqz6s,tln1qg9c,0.9925742,Reporte de situacion COVID-19 Colombia No 86: 22 de junio de 2020,Reporte de situacion COVID-19 Colombia No. 130: 27 de agosto de 2020
tln1qg9c,abdcyzvi,0.9925742,Reporte de situacion COVID-19 Colombia No. 130: 27 de agosto de 2020,Reporte de situacion COVID-19 Colombia No 87: 23 de junio de 2020
h4or91te,ae2ukt1a,0.99253035,"Estimation of the Main Conditions in (SARS-Cov-2) COVID-19 Patients that Cause Their Death Using Machine Learning, the Case of Mexico (preprint)","Estimation of the main conditions in (SARS-CoV-2) Covid-19 patients that cause their death using Machine learning, the case of Mexico"
e6qbi08l,in3b1nzv,0.99250096,Single‐cell RNA analysis on ACE2 expression provides insights into SARS‐CoV‐2 potential entry into the bloodstream and heart injury,Single-cell RNA Analysis on ACE2 Expression Provides Insight into SARS-CoV-2 Blood Entry and Heart Injury
kw9r3f8f,t62frwtg,0.9924308,Correction to Lancet Child Adolesc Health 2020; published online July 9. https://doi.org/10.1016/S2352-4642(20)30215-7,Correction to Lancet Child Adolesc Health 2021; published online April 14. https://doi.org/10.1016/S2352-4642(21)00125-5.
7k5xdlvz,srwq3wlp,0.9924242,Correction to: The emerging role of probiotics as a mitigation strategy against coronavirus disease 2019 (COVID­19),The emerging role of probiotics as a mitigation strategy against coronavirus disease 2019 (COVID-19)
5adwp5li,449go2ob,0.9924161,Collaboration in the Time of COVID: A Scientometric Analysis of Multidisciplinary SARS-CoV-2 Research,Correction: Collaboration in the time of COVID: a scientometric analysis of multidisciplinary SARS-CoV-2 research
l3jk8jv1,xrx1ttoq,0.9923849,Erratum regarding missing Declaration of Competing Interest statements in previously published articles,Erratum regarding missing Declaration of Competing Interest statements in previously published article.
qyvogx2s,xrx1ttoq,0.9923849,Erratum regarding missing Declaration of Competing Interest statements in previously published articles.,Erratum regarding missing Declaration of Competing Interest statements in previously published article.
xrx1ttoq,728w8m64,0.9923849,Erratum regarding missing Declaration of Competing Interest statements in previously published article.,Erratum regarding missing declaration of competing interest statements in previously published articles.
xrx1ttoq,t838yoca,0.9923849,Erratum regarding missing Declaration of Competing Interest statements in previously published article.,Erratum regarding missing declaration of competing interest statements in previously published articles.
xrx1ttoq,r34q1izc,0.9923849,Erratum regarding missing Declaration of Competing Interest statements in previously published article.,Erratum regarding missing Declaration of Competing Interest statements in previously published articles
xrx1ttoq,k0pbirp8,0.9923849,Erratum regarding missing Declaration of Competing Interest statements in previously published article.,Erratum regarding missing Declaration of Competing Interest statements in previously published articles.
t9mo5ct9,wx383m89,0.9923433,Immunosuppressants: Severe acute respiratory syndrome coronavirus-2 infection: 4 case reports,Immunosuppressants: Severe acute respiratory syndrome coronavirus-2 infection and lymphopenia: 2 case reports
9frjmwly,l80rfp70,0.9923162,The Cape Town International Convention Centre from the inside: The family physicians' view of the ‛Hospital of Hope',The Cape Town International Convention Centre from the inside: the family physicians' view of the 'Hospital of Hope'. (Special Collection: COVID-19.)
w0prnr2i,s1v91eoh,0.9921651,A high-throughput screen for TMPRSS2 expression identifies FDA-approved compounds that can limit SARS-CoV-2 entry,A high throughput screen for TMPRSS2 expression identifies FDA‐approved and clinically advanced compounds that can limit SARS‐CoV‐2 entry
8pjcakf6,b38if7iy,0.9921509,Human Umbilical Cord Mesenchymal Stem Cells for Adjuvant Treatment of a Critically Ill COVID-19 Patient: A Case Report,Case Report: Human Umbilical Cord Mesenchymal Stem Cells as a Therapeutic Intervention for a Critically Ill COVID-19 Patient
s3ij55hj,auat27bh,0.9921426,Methylprednisolone: Lack of efficacy following off-label use: case report,Azithromycin: Lack of efficacy and off-label use: case report
a0dtl1n7,bf8o4t40,0.9921216,[ 'Severe acute respiratory syndrome' (SARS) in perspective].,Severe Acute Respiratory Syndrome (SARS)
q3sadn0n,8g9oeqeg,0.99211836,The impact of coronavirus disease 2019 (COVID-19) response on central-line-associated bloodstream infections and blood culture contamination rates at a tertiary-care center in the Greater Detroit area,The Impact of COVID-19 Response on Central Line Associated Bloodstream Infections and Blood Culture Contamination Rates at a Tertiary Care Center in Greater Detroit Area
0yscmldi,6p3dwecw,0.9920698,"A deep-learning pipeline for the diagnosis and discrimination of viral, non-viral and COVID-19 pneumonia from chest X-ray images","Author Correction: A deep-learning pipeline for the diagnosis and discrimination of viral, non-viral and COVID-19 pneumonia from chest X-ray images"
2imfakxb,54m5fm85,0.9919521,Personal protective equipment for reducing the risk of COVID-19 infection among health care workers involved in emergency trauma surgery during the pandemic: An umbrella review,Personal protective equipment for reducing the risk of COVID-19 infection among healthcare workers involved in emergency trauma surgery during the pandemic: an umbrella review
uy02qbv3,05mn9d3p,0.99182606,High-Dose Convalescent Plasma for Treatment of Severe COVID-19 (response),High-Dose Convalescent Plasma for Treatment of Severe COVID-19
1c5sg232,dynh9ryq,0.99178267,Effects of the COVID-19 pandemic on out-of-hospital cardiac arrest care in Detroit,Effects of the COVID-19 Pandemic on Care of Out-of-Hospital Cardiac Arrests in Detroit
szcz3i2c,eleanl4z,0.99178,The Pandemic Job Market from the Perspective of Female Languages and Translation College Graduates in Saudi Arabia: Crisis or Opportunity,The Pandemic Job Market from the Perspective of Female Languages and Translation College Graduates in Saudi Arabia: Crisis or Opportunity (preprint)
1osgaf1v,4pgrxwsh,0.99176663,MRI Evaluation of the Olfactory Clefts in Patients with SARS-CoV-2 Infection Revealed an Unexpected Mechanism for Olfactory Function Loss,"Reply to ""MRI Evaluation of the Olfactory Clefts in Patients with SARS-CoV-2 Infection Revealed an Unexpected Mechanism for Olfactory Function Loss"""
0h08vloz,4pgrxwsh,0.99176663,MRI evaluation of the olfactory clefts in patients with SARS-CoV-2 infection revealed an unexpected mechanism for olfactory function loss.,"Reply to ""MRI Evaluation of the Olfactory Clefts in Patients with SARS-CoV-2 Infection Revealed an Unexpected Mechanism for Olfactory Function Loss"""
h6lwe87b,auat27bh,0.99165237,Hydroxychloroquine: Lack of efficacy following an off-label use: case report,Azithromycin: Lack of efficacy and off-label use: case report
iyby1hhe,o4d5o8ck,0.99157923,Reply to Ravishankar et al,In reply to Limaye et al. (2020)
iyby1hhe,xjnzx9dm,0.99157923,Reply to Ravishankar et al,Reply to Hasford and to Spinola et al
iyby1hhe,ds5ig00p,0.99157923,Reply to Ravishankar et al,Reply to Morje et al.
iyby1hhe,ssbreehh,0.99157923,Reply to Ravishankar et al,Reply to Chowdhary et al
iyby1hhe,qzbyw2fo,0.99157923,Reply to Ravishankar et al,Reply to Barthell et al.
mdorgu4e,ll80pd19,0.9915364,Dual-eligible beneficiaries and inadequate access to primary care providers,Dual-eligible beneficiaries and inadequate access to primary care
0ruie5qw,o2h2nx9b,0.9915123,Clinical characteristics of confirmed COVID-19 in newborns: a systematic review,"Correspondence on ""Clinical characteristics of confirmed COVID-19 in newborns: a systematic review"""
vpck9eez,l0f2eb8i,0.9915049,Immune globulin: Lack of efficacy: 2 case reports,Immune globulin: Lack of efficacy: case report
0lan31up,gw621i03,0.99132067,Living with COVID-19: Mass gatherings and minimising risk,Living with COVID-19: mass gatherings and minimizing risk
unm5yamp,ioph0uag,0.99124616,"An invited commentary on “Acute Care Surgery during the COVID-19 pandemic in Spain: changes in volume, causes and complications. A multicentre retrospective cohort study”","Acute Care Surgery during the COVID-19 pandemic in Spain: Changes in volume, causes and complications. A multicentre retrospective cohort study"
xxbug7w3,a6m0uo3t,0.9911744,Evaluating alternative hypotheses to explain the downward trend in the indices of the COVID-19 pandemic death rate,Downward Trend in the Indices of Death Rate in the COVID-19 Pandemic: Evaluating Alternative Hypotheses
e3n2odwm,auat27bh,0.99115855,Hydroxychloroquine: Lack of efficacy during off label use treatment: case report,Azithromycin: Lack of efficacy and off-label use: case report
q7eb0qei,3upfdnsw,0.9911227,Embedding supervised exercise training for men on androgen deprivation therapy into standard prostate cancer care: a feasibility and acceptability study (the STAMINA trial),Embedding Supervised Exercise Training for Men on Androgen Deprivation Therapy Into Standard Prostate Cancer Care: A Feasibility and Acceptability Study
e5guxdou,zbqs07i3,0.9910723,Sepsis in the intensive care unit,Treatment of sepsis in an intensive care unit
0oyrse2c,30e4dnwh,0.9908469,"Discussion on “Potential discharge, attenuation and exposure risk of SARS-CoV-2 in natural water bodies receiving treated wastewater”","Reply: Potential discharge, attenuation and exposure risk of SARS-CoV-2 in natural water bodies receiving treated wastewater"
flqkqdg7,y4ade6hd,0.9908345,Covid-19-pandemien i et mottaksperspektiv,"Actualités législatives, réglementaires et bibliographiques"
y4ade6hd,f92kp519,0.9908345,"Actualités législatives, réglementaires et bibliographiques",COVID-19 et épanchements pleuraux
djgwarf6,vrkk2x8c,0.9907746,False Negative Tests for SARS-CoV-2 Infection - Challenges and Implications.,Interpretation of False Negative Tests for SARS-CoV-2 Infection - Challenges and solutions
fwq1lw2k,ml812pc2,0.99072176,α-Ketoamide Inhibitors of SARS-CoV-2 Main Protease,Developing inhibitors of the SARS-CoV-2 main protease
m9kajn5s,08bxk8l8,0.9906988,Reply: COVID-19 Experience and Pulmonary Arterial Hypertension: Do Earlier Thesis and New Data Still Match?,Reply: COVID-19 Experience and Pulmonary Arterial Hypertension: Do Earlier Theses and New Data Still Match?
777z09h2,14b6tcgh,0.99069333,"Evidence for Limited Early Spread of COVID-19 Within the United States, January-February 2020",Evidence for Limited Early Spread of COVID-19 Within the United State January-February 2020
osct0lj6,14b6tcgh,0.99069333,"Evidence for Limited Early Spread of COVID-19 Within the United States, January–February 2020",Evidence for Limited Early Spread of COVID-19 Within the United State January-February 2020
e5lyedwx,862mvafw,0.99065626,"Diversity in the Accessory Proteins of SARS-CoV-2, SARS-CoV, and MERS-CoV Betacoronaviruses",Comparison of the SARS-CoV-2 (2019-nCoV) M protein with its Counterparts of SARS-CoV and MERS-CoV Species
fv13d189,plzov5x0,0.9905542,Glycerol-preserved corneal tissue in emergency corneal transplantation: An alternative for fresh corneal tissue in COVID-19 crisis,Response to comments on: Glycerol-preserved corneal tissue in emergency corneal transplantation: An alternative for fresh corneal tissue in COVID-19 crisis
bf8o4t40,37oidlkd,0.99054414,Severe Acute Respiratory Syndrome (SARS),[Pharmacotherapy of severe acute respiratory syndrome (SARS)].
tlvycod7,gr2zxmxz,0.9905148,Elucidation of SARS-Cov-2 Budding Mechanisms through Molecular Dynamics Simulations of M and E Protein Complexes,Understanding SARS-CoV-2 budding through molecular dynamics simulations of M and E protein complexes
x9yo2vcs,ltljjqmv,0.99051416,Recomendaciones éticas para la toma de decisiones difíciles en las unidades de cuidados intensivos ante la situación excepcional de crisis por la pandemia por covid-19: revisión rápida y consenso de expertos,Recomendaciones éticas para la toma de decisiones difíciles en las unidades de cuidados intensivos ante la situación excepcional de crisis por la pandemia por COVID-19: revisión rápida y consenso de expertos./ Recomendaciones éticas para la toma de decisiones difíciles en las unidades de cuidados intensivos ante la situación excepcional de crisis por la pandemia por COVID-19: revisión rápida y consenso de expertos./ Ethical recommendations for a difficult decision-making in intensive care units due to the exceptional situation of crisis by the COVID-19 pandemia: A rapid review & consensus of experts
q1xl8t3g,0yzwgz88,0.9904193,The Need for New Guidelines and Training for Remote/Online Testing and Proctoring,The Need for New Guidelines and Training for Remote/Online Testing and Proctoring COMMENT
kxiilqh3,fnvyxk7i,0.99034643,Construction of SARS-CoV-2 Virus-Like Particles by Mammalian Expression System,Corrigendum: Construction of SARS-CoV-2 Virus-Like Particles by Mammalian Expression System
xvnxkcxq,fwx1iiyx,0.9903446,"Surviving Sepsis Campaign: International Guidelines for Management of Severe Sepsis and Septic Shock, 2012",Surviving sepsis campaign: international guidelines for management of sepsis and septic shock 2021
cwwxxnp6,47gn4ygs,0.9903407,Neurological outcome and quality of life three months after COVID-19: a prospective observational cohort study,Neurological outcome and quality of life 3 months after COVID-19: A prospective observational cohort study
lc84zmp7,c49qaznb,0.99033344,Qualification of COVID-19 Convalescent Plasma Donations by Sars-Cov-2 Antibody Screening Using Antigen-Sandwich S1 Antigen-Based Wide-Dynamic Range Immunoassay and Neutralizing Antibody Testing,Qualification of COVID-19 convalescent plasma donations by SARS-CoV-2 antibody testing utilizing a wide-dynamic range Antigen-Sandwich S1-antigen immunoassay and reflex neutralizing antibody testing
t64ntlab,5h9nzg9n,0.99027574,A psychrometric model to predict the biological decay of the SARS-CoV-2 virus in aerosols,A psychrometric model to assess the biological decay of the SARS-CoV-2 virus in aerosols
e3n2odwm,s3ij55hj,0.9902141,Hydroxychloroquine: Lack of efficacy during off label use treatment: case report,Methylprednisolone: Lack of efficacy following off-label use: case report
3fsnn6tu,qsn9l3qm,0.9902059,IMPACTO DE LA COVID-19 EN LA FORMA DE PRESENTACIÓN Y EVOLUCIÓN DE LA APENDICITIS AGUDAS EN PEDIATRÍA,Alteraciones de la coagulación en la COVID-19
tpgpfw0x,o70gcwif,0.9901755,Attitudes towards COVID-19 mHealth use among Adults with Chronic Health Conditions: A Secondary Data Analysis of the COVID-19 Impact Survey,Attitudes Toward Using COVID-19 mHealth Tools Among Adults With Chronic Health Conditions: Secondary Data Analysis of the COVID-19 Impact Survey
o00ormq2,8adjus60,0.9901481,"Anti-spike, Anti-nucleocapsid and Neutralizing Antibodies in SARS-CoV-2 Inpatients and Asymptomatic Individuals","Anti-Spike, anti-Nucleocapsid and neutralizing antibodies in SARS-CoV-2 hospitalized patients and asymptomatic carriers"
103rb4m8,0fkob8k1,0.9901393,Adjunct Immune Globulin for Vaccine-Induced Thrombotic Thrombocytopenia,Adjunct Immune Globulin for Vaccine-Induced Immune Thrombotic Thrombocytopenia
785jckvw,nuya1fzv,0.9900754,Treatment of 5 Critically Ill Patients With COVID-19 With Convalescent Plasma,Convalescent Plasma in Critically ill Patients with COVID-19
p11pfpv7,d77uplej,0.99001265,Mental illness in the general population and health professionals during Covid-19: a scoping review,Mental disease in the general population and health professionals during covid-19: a scoping review
q23a5txz,h38od8ej,0.9899567,Population-level implications of the Israeli booster campaign to curtail COVID-19 resurgence,Booster vaccination to curtail COVID-19 resurgence - population-level implications of the Israeli campaign
exg1yuex,nycanol5,0.9898825,Excess Soluble fms-like Tyrosine Kinase 1 Correlates With Endothelial Dysfunction and Organ Failure in Critically Ill Coronavirus Disease 2019 Patients,Excess soluble fms-like tyrosine kinase 1 correlates with endothelial dysfunction and organ failure in critically ill COVID-19 patients
exg1yuex,wf3ztjts,0.9898825,Excess Soluble fms-like Tyrosine Kinase 1 Correlates With Endothelial Dysfunction and Organ Failure in Critically Ill Coronavirus Disease 2019 Patients,Excess soluble fms-like tyrosine kinase 1 correlates with endothelial dysfunction and organ failure in critically ill COVID-19 patients
49cq0s3h,vmdzp4z0,0.9897996,Safety and efficacy of Favipiravir in moderate to severe SARS-CoV-2 pneumonia,Comment on: Safety and efficacy of Favipiravir in moderate to severe SARS-CoV-2 pneumonia
mlp3i0zr,222ju9nt,0.9897844,Immediate and long-term impact of the COVID-19 pandemic on delivery of surgical services,Comment on: immediate and long-term impact of the COVID-19 pandemic on delivery of surgical services
3ook5dsw,f6owvnlm,0.98973274,One clot after another in COVID-19 patient: diagnostic utility of handheld echocardiogram,Corrigendum to : One clot after another in COVID-19 patient: diagnostic utility of handheld echocardiogram
cnm10a2t,vjoeongi,0.9897054,SARS-CoV-2 Receptors are Expressed on Human Platelets and the Effect of Aspirin on Clinical Outcomes in COVID-19 Patients,SARS-CoV-2 Receptors are Expressed on Human Platelets and the Effect of Aspirin on Clinical Outcomes in COVID-19 Patients (preprint)
9620cue5,lywb2d1c,0.9896831,Heparin: Heparin-induced thrombocytopenia: 2 case reports,Heparin: Heparin-induced thrombocytopenia: case report
e5xctrjx,4iv8ebgq,0.9896822,Guillain-Barré syndrome related to SARS-CoV-2 infection,SARS-CoV-2 Infection and Guillain-Barré Syndrome
vatqqxfi,ve9gqc4a,0.98967975,Tratamientos endodónticos en el contexto de la pandemia por COVID-19,Reflexiones para la reorganización de residencias en el contexto de la pandemia por COVID-19
8j3h4erm,d70oqor6,0.9896701,Effects of surgical masks on droplet dispersion under various oxygen delivery modalities,Effects of surgical masks on droplet and aerosol dispersion under various oxygen delivery modalities
4q62k778,lcobex7t,0.9896435,Multiple drugs: Various toxicities: case report,Multiple drugs: Various toxicities: 18 case reports
iwj0ai32,lcobex7t,0.9896435,Multiple drugs: Various toxicities: case report,Multiple drugs: Various toxicities: 18 case reports
iwj0ai32,d486g1ih,0.9896435,Multiple drugs: Various toxicities: case report,Multiple drugs: Various toxicities: 5 case reports
4q62k778,d486g1ih,0.9896435,Multiple drugs: Various toxicities: case report,Multiple drugs: Various toxicities: 5 case reports
nqan7hx8,lcobex7t,0.9896435,Multiple drugs: Various toxicities: case report,Multiple drugs: Various toxicities: 18 case reports
nqan7hx8,d486g1ih,0.9896435,Multiple drugs: Various toxicities: case report,Multiple drugs: Various toxicities: 5 case reports
lcobex7t,d2fh4jiy,0.9896435,Multiple drugs: Various toxicities: 18 case reports,Multiple drugs: Various toxicities: case report
d486g1ih,d2fh4jiy,0.9896435,Multiple drugs: Various toxicities: 5 case reports,Multiple drugs: Various toxicities: case report
5ntmsftp,8y7ban5m,0.98961294,"Lung Ultrasound in COVID-19 Patients - More Shadows Than Information - Letter to the Editor on the Article ""W. LU et al. Ultraschall in Med. 2020 Apr 15""","Response to Letter to the editor: Lung Ultrasound in COVID-19 Patients - More Shadows Than Information - Letter to the Editor on the Article ""W. LU et al. Ultraschall in Med. 2020 Apr 15"""
4mnknpz2,nxwe1su8,0.98955405,Correction to Lancet Infect Dis 2019; published online April 20. https://doi.org/10.1016/S1473-3099(20)30160-2,Correction to Lancet Infect Dis 2021; published online Jan 20. https://doi.org/10.1016/S1473-3099(20)30990-7
ycmmg7d8,3bcw2z9r,0.9895366,Cronicidad Y Atención Primaria En Tiempos De Pandemia,Disnea en tiempos de COVID-19
3fsnn6tu,rap59p8h,0.98950875,IMPACTO DE LA COVID-19 EN LA FORMA DE PRESENTACIÓN Y EVOLUCIÓN DE LA APENDICITIS AGUDAS EN PEDIATRÍA,Evolución e impacto de la infodemia en la población infantil en tiempos de COVID-19
i3zpotuk,zjwa87k1,0.98948735,Ecografía en el manejo del paciente crítico con infección por SARS-CoV-2 (COVID-19): una revisión narrativa,Ecografía en el manejo del paciente crítico con infección por SARS-CoV-2 (COVID-19): una revisión narrativa./ Ecografía en el manejo del paciente crítico con infección por SARS-CoV-2 (COVID-19): una revisión narrativa./ Ultrasound in the management of the critically ill patient with SARS-CoV-2 infection (COVID-19): narrative review
xukn3cra,ioph0uag,0.9894323,"Invited commentary on ""acute care surgery during the COVID-19 pandemic in Spain: Changes in volume, causes and complications. A multicenter retrospective cohort study""","Acute Care Surgery during the COVID-19 pandemic in Spain: Changes in volume, causes and complications. A multicentre retrospective cohort study"
98p2z51x,dgotv732,0.98935646,Azithromycin/hydroxychloroquine: QTc prolongation following off-label use: 2 case reports,Chloroquine: QTc prolongation following off-label use: case report
5otijdq8,ch94bf5i,0.9893354,"COPPER-BASED GLASS-CERAMIC AS AN EFFICIENT CATALYST IN THE SYNTHESIS OF PYRAZOLO 1,5-a PYRIMIDINEUNDER SOLVENT-FREE CONDITION WITH DOCKING VALIDATION AS COVID-19 MAIN PROTEASE (M-PRO) INHIBITOR","Copper-based glass-ceramic as an efficient catalyst in the synthesis of pyrazolo[1,5-a] pyrimidineunder solvent-free condition with docking validation as Covid-19 main protease (Mpro) inhibitor"
jw05yqvs,05vowxd7,0.98931116,A peculiar case of small bowel stricture in a COVID-19 patient with congenital adhesion band and superior mesenteric vein thrombosis,A Peculiar Case of Small Bowel Stricture in a Coronavirus Disease 2019 Patient with Congenital Adhesion Band and Superior Mesenteric Vein Thrombosis
j7vuoer6,9lyxc951,0.9892569,Recomendaciones para la atención oftalmológica durante el estado de alarma por la pandemia de enfermedad por coronavirus COVID-19,Recomendaciones para la atención oftalmológica durante el estado de alarma por la pandemia de enfermedad por coronavirus COVID-19./ Recomendaciones para la atención oftalmológica durante el estado de alarma por la pandemia de enfermedad por coronavirus COVID-19./ Recommendations for eye care during the alarm state by the coronavirus disease pandemic COVID-19
tln1qg9c,682jry9g,0.9892175,Reporte de situacion COVID-19 Colombia No. 130: 27 de agosto de 2020,Reporte de situación COVID-19 Cuba No. 25 (3 de agosto de 2020)
ebkepnpc,7ciy1f6r,0.989192,Guidance for rebooting electrophysiology through the COVID-19 pandemic from the Heart Rhythm Society and the American Heart Association Electrocardiography and Arrhythmias Committee of the Council on Clinical Cardiology,Guidance for rebooting electrophysiology through the COVID-19 pandemic from the Heart Rhythm Society and the American Heart Association Electrocardiography and Arrhythmias Committee of the Council on Clinical Cardiology Endorsed by the American College of Cardiology
ebkepnpc,3h3jp8c4,0.989192,Guidance for rebooting electrophysiology through the COVID-19 pandemic from the Heart Rhythm Society and the American Heart Association Electrocardiography and Arrhythmias Committee of the Council on Clinical Cardiology,Guidance for rebooting electrophysiology through the COVID-19 pandemic from the Heart Rhythm Society and the American Heart Association Electrocardiography and Arrhythmias Committee of the Council on Clinical Cardiology: Endorsed by the American College of Cardiology
7ciy1f6r,334mwg4k,0.989192,Guidance for rebooting electrophysiology through the COVID-19 pandemic from the Heart Rhythm Society and the American Heart Association Electrocardiography and Arrhythmias Committee of the Council on Clinical Cardiology Endorsed by the American College of Cardiology,Guidance for Rebooting Electrophysiology Through the COVID-19 Pandemic From the Heart Rhythm Society and the American Heart Association Electrocardiography and Arrhythmias Committee of the Council on Clinical Cardiology
334mwg4k,3h3jp8c4,0.989192,Guidance for Rebooting Electrophysiology Through the COVID-19 Pandemic From the Heart Rhythm Society and the American Heart Association Electrocardiography and Arrhythmias Committee of the Council on Clinical Cardiology,Guidance for rebooting electrophysiology through the COVID-19 pandemic from the Heart Rhythm Society and the American Heart Association Electrocardiography and Arrhythmias Committee of the Council on Clinical Cardiology: Endorsed by the American College of Cardiology
657t78og,7padfgl7,0.9891657,Responding to COVID-19 in Hong Kong,The COVID-19 response in Hong Kong
k53qzprj,z7kuekp0,0.9891093,Cutting Edge: Serum but Not Mucosal Antibody Responses Are Associated with Pre-Existing SARS-CoV-2 Spike Cross-Reactive CD4+ T Cells following BNT162b2 Vaccination in the Elderly,Serum but not mucosal antibody responses are predicted by pre-existing SARS-CoV-2 spike cross-reactive CD4+ T cells following BNT162b2 vaccination in the elderly
zjd7og44,vfpfpwqc,0.9890584,Reporte de situación COVID-19 Cuba No. 34 (5 de octubre de 2020),"COVID-19 reporte de situación 28: Paraguay, 02 de octubre de 2020"
h7h8u8ok,i3zpotuk,0.9889902,REVISIÓNEcografía en el manejo del paciente crítico con infección por SARS-CoV-2 (COVID-19): aplicaciones clínicas en Medicina Intensiva-una revisión narrativa,Ecografía en el manejo del paciente crítico con infección por SARS-CoV-2 (COVID-19): una revisión narrativa
or3k6ngb,qjzrw30j,0.9889806,"Multiple drugs: Intrapulmonary bleeding, lack of efficacy and off-label use: case report",Multiple drugs: Lack of efficacy and off label use: case report
or3k6ngb,gbj2v8uz,0.9889806,"Multiple drugs: Intrapulmonary bleeding, lack of efficacy and off-label use: case report",Multiple drugs: Lack of efficacy and off-label use: case report
or3k6ngb,s2fnwvow,0.9889806,"Multiple drugs: Intrapulmonary bleeding, lack of efficacy and off-label use: case report",Multiple drugs: Lack of efficacy and off label use : case report
or3k6ngb,v0wot8zy,0.9889806,"Multiple drugs: Intrapulmonary bleeding, lack of efficacy and off-label use: case report",Multiple drugs: Off label use and lack of efficacy: case report
c17i0br0,x7pym1ow,0.9889763,Risk Factors for Outbreaks of COVID-19 in Care Homes Following Hospital Discharge: A National Cohort Analysis (preprint),Risk factors for outbreaks of COVID‐19 in care homes following hospital discharge: A national cohort analysis
uppi75m4,u57xmbz5,0.98888934,Structural Analysis of Spike Protein Mutations in the SARS-CoV-2 P.3 Variant,Structural and Functional Analysis of the D614G SARS-CoV-2 Spike Protein Variant
l4d0kohn,wq2nx0jq,0.9888117,Association of rare predicted loss-of-function variants of influenza-related type I IFN genes with critical COVID-19 pneumonia,Association of rare predicted loss-of-function variants of influenza-related type I IFN genes with critical COVID-19 pneumonia/Reply
rd0fy2n9,76lozd3k,0.98879105,Clinical course of COVID-19 in a patient with refractory chronic lymphocytic leukemia/small lymphocytic lymphoma (CLL/SLL) under ibrutinib therapy,Clinical course of COVID-19 in a patient with refractory chronic lymphocytic leukemia/small lymphocytic lymphoma (CLL/SLL) under ibrutinib therapy: a case report
bzoldk0a,bni08i8z,0.9887808,Revisión: El control de la infección por SARS-CoV-2 en prisiones,La radiología en el diagnóstico de la neumonía por SARS-CoV-2 (COVID-19)./ La radiología en el diagnóstico de la neumonía por SARS-CoV-2 (COVID-19)./ Radiological findings for diagnosis of SARS-CoV-2 pneumonia (COVID-19)
dgka2ukc,0uljgoy0,0.98871386,N- and O-Glycosylation of the SARS-CoV-2 Spike Protein,Glycoproteomic analysis of N and O glycosylation of the SARS-CoV-2 spike protein
op536xy4,44b3ewqo,0.98869526,"Convalescent-anti-SARS-CoV-2-plasma/remdesivir/rituximab : COVID-19 infection, and lack of efficacy following off-label use: 20 case reports",Convalescent-anti-SARS-CoV-2-plasma: Lack of efficacy following off-label use: case report
o4d5o8ck,3x98gte6,0.9886763,In reply to Limaye et al. (2020),"Reply to Flannery, et al"
ds5ig00p,3x98gte6,0.9886763,Reply to Morje et al.,"Reply to Flannery, et al"
xjnzx9dm,3x98gte6,0.9886763,Reply to Hasford and to Spinola et al,"Reply to Flannery, et al"
ssbreehh,3x98gte6,0.9886763,Reply to Chowdhary et al,"Reply to Flannery, et al"
qzbyw2fo,3x98gte6,0.9886763,Reply to Barthell et al.,"Reply to Flannery, et al"
cugnr7fr,b7ivfvxu,0.98865163,Navigating Through the Unchartered Waters of the COVID-19 Pandemic with Agility: Comments and Solutions.,In Response: Navigating Through the Unchartered Waters of the COVID-19 Pandemic with Agility: Comments and Solutions
3q6ylo8p,hkfghfe7,0.9886428,Binding Mechanism of Remdesivir to SARS-CoV-2 RNA Dependent RNA Polymerase,RNA-Dependent RNA Polymerase From SARS-CoV-2. Mechanism Of Reaction And Inhibition By Remdesivir
szgtezzl,vdd3udnj,0.98857844,In Reference to Anosmia and Ageusia: Common Findings in COVID‐19 Patients,Anosmia and Ageusia: Common Findings in COVID-19 Patients
premntdo,v3x2000a,0.988535,An in vitro model for assessment of SARS-CoV-2 infectivity by defining the correlation between virus isolation and quantitative PCR value: isolation success of SARS-CoV-2 from oropharyngeal swabs correlates negatively with Cq value,"An in vitro model for assessment of SARS-CoV-2 infectivity by defining the correlation between virus isolation and quantitative PCR value: isolation success of SARS-CoV-2 from oropharyngeal swabs correlates negatively with Cq value (vol 18, 71, 2021)"
1863ue1x,hn2gjcoa,0.9885203,Health care worker burnout during the COVID-19 pandemic : a across-sectional survey study in Saudi Arabia,Health care worker burnout during the COVID-19 pandemic: A cross-sectional survey study in Saudi Arabia
12xyghma,y6dd2f7d,0.9883859,Pre-hospital antiplatelet medication use on COVID-19 disease severity,Comment on “Pre-hospital antiplatelet medication use on COVID-19 disease severity”
9ujb9kbn,d597hjwq,0.9883416,P53 in acute respiratory distress syndrome,Pneumomediastinum in Acute Respiratory Distress Syndrome from COVID-19
9ujb9kbn,ojk3m6n9,0.9883416,P53 in acute respiratory distress syndrome,Pneumomediastinum in Acute Respiratory Distress Syndrome from COVID-19
d597hjwq,dmo82evz,0.9883416,Pneumomediastinum in Acute Respiratory Distress Syndrome from COVID-19,Acute Respiratory Distress Syndrome
d597hjwq,mdjktk6p,0.9883416,Pneumomediastinum in Acute Respiratory Distress Syndrome from COVID-19,Acute respiratory distress syndrome
8v2ao6lr,ojk3m6n9,0.9883416,Acute respiratory distress syndrome,Pneumomediastinum in Acute Respiratory Distress Syndrome from COVID-19
dmo82evz,ojk3m6n9,0.9883416,Acute Respiratory Distress Syndrome,Pneumomediastinum in Acute Respiratory Distress Syndrome from COVID-19
mdjktk6p,ojk3m6n9,0.9883416,Acute respiratory distress syndrome,Pneumomediastinum in Acute Respiratory Distress Syndrome from COVID-19
d597hjwq,8v2ao6lr,0.98834085,Pneumomediastinum in Acute Respiratory Distress Syndrome from COVID-19,Acute respiratory distress syndrome
xd82jjun,zb3aybzg,0.98828405,Expected impact of lockdown in Île-de-France and possible exit strategies,Impact of lockdown on COVID-19 epidemic in Île-de-France and possible exit strategies
dgka2ukc,04qjro8w,0.98828053,N- and O-Glycosylation of the SARS-CoV-2 Spike Protein,Amyloidogenesis of SARS-CoV-2 Spike Protein
qjzrw30j,jw0jl9g4,0.98827827,Multiple drugs: Lack of efficacy and off label use: case report,"Multiple drugs: Recurrence of COVID-19 infection, off-label use and lack of efficacy: case report"
gbj2v8uz,jw0jl9g4,0.98827827,Multiple drugs: Lack of efficacy and off-label use: case report,"Multiple drugs: Recurrence of COVID-19 infection, off-label use and lack of efficacy: case report"
jw0jl9g4,s2fnwvow,0.98827827,"Multiple drugs: Recurrence of COVID-19 infection, off-label use and lack of efficacy: case report",Multiple drugs: Lack of efficacy and off label use : case report
jw0jl9g4,v0wot8zy,0.98827827,"Multiple drugs: Recurrence of COVID-19 infection, off-label use and lack of efficacy: case report",Multiple drugs: Off label use and lack of efficacy: case report
3a892gla,ktx7k8l7,0.98827463,Methylprednisolone pulse therapy for refractory Mycoplasma pneumoniae pneumonia in children,Effects of Methylprednisolone Pulse Therapy on Refractory Mycoplasma pneumoniae Pneumonia in Children
9qexca8i,3va7glpm,0.9882551,Clinical and CT imaging features of 2019 novel coronavirus disease (COVID-19),WITHDRAWN: Clinical and CT imaging features of 2019 novel coronavirus disease (COVID-19)
t6f06l45,jmizaf28,0.9882511,Wastewater sample site selection to estimate geographically-resolved community prevalence of COVID-19: A research protocol,Wastewater Sample Site Selection to Estimate Geographically Resolved Community Prevalence of COVID‐19: A Sampling Protocol Perspective
7p42k6d0,3k6au812,0.9881929,Development of SARS-CoV-2 vaccines,[SARS-CoV-2 vaccines].
tkmf3n9v,9pivz1gz,0.98818487,Consenso de la seccion de cirugia mayor ambulatoria de la asociacion española de cirujanos sobre el papel de la cirugia mayor ambulatoria en la pandemia sars-cov-2,Impacto de la primera ola de la pandemia de SARS-CoV-2 en la tasa de implante de marcapasos con indicación preferente/urgente. Estudio español
qjzrw30j,tiofwfem,0.9881252,Multiple drugs: Lack of efficacy and off label use: case report,Multiple drugs: Various toxicities with lack of efficacy and off label use: case report
qjzrw30j,n2faqe14,0.9881252,Multiple drugs: Lack of efficacy and off label use: case report,"Multiple drugs: Various toxicities, off-label use and lack of efficacy: case report"
tiofwfem,gbj2v8uz,0.9881252,Multiple drugs: Various toxicities with lack of efficacy and off label use: case report,Multiple drugs: Lack of efficacy and off-label use: case report
tiofwfem,s2fnwvow,0.9881252,Multiple drugs: Various toxicities with lack of efficacy and off label use: case report,Multiple drugs: Lack of efficacy and off label use : case report
tiofwfem,v0wot8zy,0.9881252,Multiple drugs: Various toxicities with lack of efficacy and off label use: case report,Multiple drugs: Off label use and lack of efficacy: case report
gbj2v8uz,n2faqe14,0.9881252,Multiple drugs: Lack of efficacy and off-label use: case report,"Multiple drugs: Various toxicities, off-label use and lack of efficacy: case report"
s2fnwvow,n2faqe14,0.9881252,Multiple drugs: Lack of efficacy and off label use : case report,"Multiple drugs: Various toxicities, off-label use and lack of efficacy: case report"
v0wot8zy,n2faqe14,0.9881252,Multiple drugs: Off label use and lack of efficacy: case report,"Multiple drugs: Various toxicities, off-label use and lack of efficacy: case report"
vn1qiupq,x1d69dwx,0.98809546,Medicina Nuclear en la pandemia por Covid-19,Medicina Nuclear en la pandemia por Covid-19./ Medicina Nuclear en la pandemia por Covid-19./ Nuclear Medicine in the Covid-19 pandemic
tv8ynlw3,ib6zxkyw,0.9880604,Multiple Sklerose Aktuelle Übersicht zu fehlgeschlagenen und abgebrochenen Therapiestudien: Aktuelle Übersicht zu fehlgeschlagenen und abgebrochenen Therapiestudien,Aktuelles zu COVID-19 und Allergien
682jry9g,79m11vs3,0.9880551,Reporte de situación COVID-19 Cuba No. 25 (3 de agosto de 2020),Reporte de situación COVID-19 Cuba No. 36 (19 de octubre 2020)
h6ihp1un,58hfbsgh,0.9880178,Severity of respiratory failure and outcome of patients needing a ventilatory support in the Emergency Department during Italian novel coronavirus SARS-CoV2 outbreak: Preliminary data on the role of Helmet CPAP and Non-Invasive Positive Pressure Ventilation,Severity of Respiratory Failure and Outcome of Patients Needing a Ventilatory Support in the Emergency Department During Italian Novel Coronavirus SARS-CoV-2 Outbreak: Preliminary Data on the Role of Helmet CPAand Non-Invasive Ventilation
x813r8st,yy4omgzc,0.9879835,"Double-blind, randomized, placebo-controlled trial with N-acetylcysteine for treatment of severe acute respiratory syndrome caused by COVID-19","Double-blind, Randomized, Placebo-controlled Trial With N-acetylcysteine for Treatment of Severe Acute Respiratory Syndrome Caused by Coronavirus Disease 2019 (COVID-19)"
vmegtv5s,q46x92ai,0.98796487,Recommendations for Dental Care during COVID-19 Pandemic,Dental care during the COVID-19 pandemic
jsrsfg84,6vuqn92u,0.9879458,"Is aspirin effective in preventing ICU admission in patients with COVID-19 pneumonia? A comment to ""Aspirin Use is Associated with Decreased Mechanical Ventilation, ICU Admission, and In-Hospital Mortality in Hospitalized Patients with COVID-19"".","Aspirin Use is Associated with Decreased Mechanical Ventilation, ICU Admission, and In-Hospital Mortality in Hospitalized Patients with COVID-19"
nmy0lkz8,lfgo60mc,0.987923,Empagliflozin/linagliptin: Euglycaemic diabetic ketoacidosis: case report,Empagliflozin: Euglycaemic diabetic ketoacidosis: case report
y5unt21l,yng4kewl,0.9879153,Understanding the Impact of Social Media Information and Misinformation Producers on Health Information Seeking. Comment on “Health Information Seeking Behaviors on Social Media During the COVID-19 Pandemic Among American Social Networking Site Users: Survey Study”,Health Information Seeking Behaviors on Social Media During the COVID-19 Pandemic Among American Social Networking Site Users: Survey Study
db1obzm2,3sshkrb9,0.98783857,"Quantum chemical insight into molecular structure, NBO analysis of the hydrogen-bonded interactions, spectroscopic (FT-IR, FT-Raman), drug likeness and molecular docking of the novel anti COVID-19 molecule 2-[(4,6-diaminopyrimidin-2-yl)sulfanyl]-N-(4-fluorophenyl)acetamide - dimer","Molecular structure, NBO analysis of the hydrogen-bonded interactions, spectroscopic (FT–IR, FT–Raman), drug likeness and molecular docking of the novel anti COVID-2 molecule (2E)-N-methyl-2-[(4-oxo-4H-chromen-3-yl)methylidene]-hydrazinecarbothioamide (Dimer) - quantum chemical approach"
427j14t9,5eaptzfm,0.9878153,Tratamiento inmunosupresor en pulsos en esclerosis múltiple durante el desescalado de la epidemia por SARS-CoV-2. Algoritmo de seguridad,Oxigenoterapia de alto flujo en el tratamiento de la neumonía por SARS-CoV-2
or3k6ngb,jw0jl9g4,0.9878011,"Multiple drugs: Intrapulmonary bleeding, lack of efficacy and off-label use: case report","Multiple drugs: Recurrence of COVID-19 infection, off-label use and lack of efficacy: case report"
6ahugp14,ja4t30rr,0.98779833,Correction to Lancet Respir Med 2021; published online April 19. https://doi.org/10.1016/S2213-2600(21)00096-5,Correction to Lancet Respir Med 2020; published online Feb 21. https://doi.org/10.1016/S2213-2600(20)30079-5
6ahugp14,18l4fh8c,0.98779833,Correction to Lancet Respir Med 2021; published online April 19. https://doi.org/10.1016/S2213-2600(21)00096-5,Correction to Lancet Respir Med 2020; published online Feb 21. https://doi.org/10.1016/S2213-2600(20)30079-5
6ahugp14,lt5vidns,0.98779833,Correction to Lancet Respir Med 2021; published online April 19. https://doi.org/10.1016/S2213-2600(21)00096-5,Correction to Lancet Respir Med 2022; published online Feb 3. https://doi.org/10.1016/S2213-2600(22)00006-6
r1m709hb,4g0hzwtl,0.98774916,"Hospitalizations of Children Aged 5–11 Years with Laboratory-Confirmed COVID-19 — COVID-NET, 14 States, March 2020–February 2022","Hospitalization of Adolescents Aged 12-17 Years with Laboratory-Confirmed COVID-19 - COVID-NET, 14 States, March 1, 2020-April 24, 2021"
gksuwrd8,kka4a8fr,0.9877308,Response to Gould et al. and Vincelli et al.,Response to Dudoignon et al.
gksuwrd8,aenv8hz9,0.9877308,Response to Gould et al. and Vincelli et al.,"Response to Koulaouzidis, et al."
h0yqv785,2clzfti9,0.9877246,IMPACTO COVID-19 EN LA URGENCIA Y HOSPITALIZACIÓN DE UN HOSPITAL TERCIARIO. LECCIONES DE GESTIÓN APRENDIDAS,Propuesta de un modelo de la ideación suicida en estudiantes de Medicina en Colombia: un estudio de simulación
83p1ujl4,rdijzi5w,0.98771924,The English Patient: Evaluating Local Lockdowns Using Real-Time COVID-19&Consumption Data,The English Patient: Evaluating Local Lockdowns Using Real-Time COVID-19 & Consumption Data (preprint)
tv7ujsgo,fmzts3hm,0.9876409,Implicaciones de la pandemia por COVID-19 sobre el cáncer en España,Mortalidad por suicidio en España en 2020: el impacto de la pandemia por COVID-19
fsesvygy,vvemx894,0.9875408,Are We Harming Cancer Patients by Delaying Their Cancer Surgery During the COVID-19 Pandemic?,"Comment on ""Are We Harming Cancer Patients by Delaying Their Cancer Surgery During the COVID-19 Pandemic?"""
ked0tcrk,5wyy2wb4,0.9875073,Who Gets Scarce Medical Resources during a COVID-19 Pandemic? Let's not beat about the Bush.,Who gets scarce medical resources during a COVID-19 pandemic? Let's not beat about the bush. (Special edition for COVID-19.)
cvgq5bel,15pv5n99,0.9875045,Transient complete heart block in a patient with critical COVID-19,Transient Complete Heart Block in a Patient With COVID-19
v2o4kihx,jrf7intw,0.9874928,Informe diário de evidências COVID-19: busca realizada entre 1 e 4 de maio de 2020,Informe diário de evidências COVID-19: busca realizada em 1 de maio de 2020
v2o4kihx,xzbdhk75,0.9874928,Informe diário de evidências COVID-19: busca realizada entre 1 e 4 de maio de 2020,Informe diário de evidências COVID-19: busca realizada em 22 de maio de 2020
v2o4kihx,bisn1wse,0.9874928,Informe diário de evidências COVID-19: busca realizada entre 1 e 4 de maio de 2020,Informe diário de evidências COVID-19: busca realizada em 5 de maio de 2020
ivxcwrtr,xwkoif8s,0.9874602,Seven days in medicine: 2-8 February 2022.,Seven days in medicine: 22-28 September 2021
lpp1m3sk,9tp7hsfq,0.98740953,Comment on: Thrombocytopenia in a teen with sickle cell disease following COVID‐19 vaccination,Thrombocytopenia in a teen with sickle cell disease following COVID‐19 vaccination
2t5drwji,rap59p8h,0.9873862,La neumología en tiempos de COVID-19./ La neumología en tiempos de COVID-19./ Pneumology in the Days of COVID-19,Evolución e impacto de la infodemia en la población infantil en tiempos de COVID-19
d6nlq5rf,rd6m6mnl,0.9873658,Superficial thrombophlebitis in a patient with COVID 19: Heparin treatment after evaluation of D - Dimer: COVID 19 and Superficial thrombophlebitis,Superficial thrombophlebitis in a patient with COVID 19: Heparin treatment after evaluation of D-Dimer
47sqvg54,vm2wmoa4,0.9873004,Deep learning based detection and analysis of COVID-19 on chest X-ray images,Deep Transfer Learning Based Detection of COVID-19 from Chest X-ray Images
evd9zxds,5eaptzfm,0.987296,INFLUENCIA DE LA PANDEMIA POR SARS-COV-2 EN EL MANEJO DEL CÁNCER DE MAMA,Oxigenoterapia de alto flujo en el tratamiento de la neumonía por SARS-CoV-2
275i4ql0,0r0pjqbv,0.9872882,Till We Win: India's Fight Against the Covid-19 Pandemic,Till we win: India's fight agnainst the COVID-19 pandemic
0r0pjqbv,6hf9esa1,0.9872882,Till we win: India's fight agnainst the COVID-19 pandemic,Till We Win India's Fight Against The Covid-19 Pandemic
9g07s7fw,620okwwh,0.9872829,Serological prevalence of SARS-CoV-2 infection and associated factors in healthcare workers in a “non-COVID” hospital in Mexico City,"Serological prevalence of SARS-CoV-2 infection and associated factors in health care workers in a ""non-COVID"" hospital in Mexico City"
imxcqf3o,4wm8c07o,0.98727465,Far-UVC light (222 nm) efficiently and safely inactivates airborne human coronaviruses,Author Correction: Far-UVC light (222 nm) efficiently and safely inactivates airborne human coronaviruses
b4xty3lp,oiz1r79j,0.98721105,Recomendaciones clínicas para el manejo de pacientes con indicación de quimioterapia y/o radioterapia en el marco de la pandemia por COVID-19,"Directiva sanitaria para la atención de salud en el Centro de Aislamiento temporal para pacientes sospechosos sintomáticos y pacientes confirmados de infección por COVID-19, en el marco del Decreto de Urgencia N° 030-2020"
zj3ftw1e,bd86zswo,0.98719674,"Epidemiological and clinical characteristics of 333 confirmed cases with coronavirus disease 2019 in Shanghai, China","Epidemiological and clinical characteristics of 161 discharged cases with coronavirus disease 2019 in Shanghai, China"
5jd1a6jd,iimx8nt8,0.9871911,Corticosteroids in patients hospitalised for COVID-19 pneumonia who require oxygen: observational comparative study using routine care data,Clinical efficacy of hydroxychloroquine in patients with covid-19 pneumonia who require oxygen: observational comparative study using routine care data
m9gpf902,o3f3zv2y,0.98718053,Azithromycin/favipiravir: Sinus bradycardia following interaction and off label use: case report,Methylprednisolone/umifenovir interaction: Sinus bradycardia and off label use: case report
h6hk58oh,jofpzlkl,0.9870903,"In Reference to Voice, Swallow and Airway Outcomes Following Tracheostomy for COVID‐19","In Response to Voice, Swallow and Airway Outcomes Following Tracheostomy for COVID-19"
q7q7thgy,jofpzlkl,0.9870903,"In Reference to Voice, Swallow and Airway Outcomes Following Tracheostomy for COVID-19","In Response to Voice, Swallow and Airway Outcomes Following Tracheostomy for COVID-19"
hv1jy8j0,ty835h63,0.9870372,A data-mining based analysis of traditional Chinese medicine in diagnosing and treating COVID-19,[Analysis of medication characteristics of traditional Chinese medicine in treating COVID-19 based on data mining]
ypgj1k5e,bnuyn452,0.9870167,Structure-Based Virtual Screening of a Natural Product Database to Identify Several Possible SARS-CoV-2 Main Protease Inhibitors,Pharmacophore based virtual screening for natural product database revealed possible inhibitors for SARS-COV-2 main protease
n1oehi9f,g2tqr140,0.9870053,"Corrigendum to “Perceived parenting styles, thinking styles, and gender on the career decision self-efficacy of adolescents: how & why?” [Heliyon 7 (3) (March 2021) e06430]","Perceived parenting styles, thinking styles, and gender on the career decision self-efficacy of adolescents: how & why?"
jwylarcv,hgakxu3z,0.9870032,Psychological Impact of the Covid-19 Pandemic on Healthcare Workers,Impact of COVID-19 pandemic on healthcare workers
5hpozlyh,a84d751x,0.98697376,Vaccine-induced immune thrombotic thrombocytopenia (VITT),Vaccine‐induced Immune Thrombocytopenia and Thrombosis (VITT)
ki23epls,2kb28280,0.9869179,Tozinameran: Cerebral venous sinus thrombosis: case report,Cerebral venous sinus thrombosis as a complication of COVID-19 infection – A case report
m0dlu1wl,zr96k6p1,0.98691165,Clinical characteristics of COVID-19 with cardiac injury: a systematic review and meta-analysis,Cardiac Injury and COVID-19: A Systematic Review and Meta-Analysis
xf1k5uj1,eh8xznse,0.98690856,Severe acute respiratory syndrome and tuberculosis,[Severe acute respiratory syndrome].
zssmhgbe,v5uogt40,0.98680276,"Therapeutic Prospects for Th-17 Cell Immune Storm Syndrome and Neurological Symptoms in COVID-19: Thiamine Efficacy and Safety, In-vitro Evidence and Pharmacokinetic Profile","Repurposing Treatment of Wernicke–Korsakoff Syndrome for Th-17 Cell Immune Storm Syndrome and Neurological Symptoms in COVID-19: Thiamine Efficacy and Safety, In-Vitro Evidence and Pharmacokinetic Profile"
p38pkg5w,x2befcy5,0.9867866,Multiple Traditional Chinese Medicine interventions for idiopathic pulmonary fibrosis: A protocol for systematic review and meta-analysis of overview,Traditional Chinese medicine for the treatment of pulmonary fibrosis: A protocol for systematic review and meta-analysis of overview
4c1ybdlx,kv99sevp,0.98677456,ERS International Congress 2020 Virtual: highlights from the Respiratory Intensive Care Assembly,ERS International Congress 2021: highlights from the Respiratory Intensive Care Assembly
fhfh5vhg,oxwi46f8,0.9867594,Creation of a vascular surgical Hub responding to the COVID-19 emergency: the italian USL Toscana Centro model,The Italian USL Toscana Centro model of a vascular hub responding to the COVID-19 emergency
s0oppprs,oina2iyq,0.9867441,A meta-analysis of accuracy and sensitivity of chest CT and RT-PCR in COVID-19 diagnosis,Chest CT and RT-PCR Comparison in Diagnosis of COVID-19: A Meta-Analysis
lwb08jnr,vy0yq2xa,0.9867438,Evidence-based assessment of potential therapeutic effects of adjunct osteopathic medicine for multidisciplinary care of acute and convalescent COVID-19 patients,Evidence-based assessment of potential therapeutic effects of adjunct osteopathic medicine for multidisciplinary care of acute and convalescent COVID-19 patients. Review article
jvshs9oa,rrvro47y,0.9867307,Title: Cytokine release syndrome is not usually caused by secondary hemophagocytic lymphohistiocytosis in a cohort of 19 critically ill COVID-19 patients,Cytokine release syndrome is not usually caused by secondary hemophagocytic lymphohistiocytosis in a cohort of 19 critically ill COVID-19 patients
mdd60ic7,y3hpzj0u,0.98671037,Acknowledgement to Referees,"Acknowledgment of Referees, 2020"
nfzoanb9,y3hpzj0u,0.98671037,Acknowledgement to Referees,"Acknowledgment of Referees, 2020"
qgrecd29,y3hpzj0u,0.98671037,Acknowledgement to Referees,"Acknowledgment of Referees, 2020"
s5qjobr8,lj2smot4,0.9867017,"Reducción de la tasa de incidencia de bronquiolitis aguda y de las hospitalizaciones asociadas a la enfermedad, durante la pandemia de COVID-19",Aumento de la gravedad de las hemopatías malignas agudas diagnosticadas durante la pandemia COVID-19
ygl75mfh,f93cslul,0.98670125,[Headache associated with the use of personal protective equipment during the COVID-19 pandemic: a practical way to improve this condition]./ Cefalea asociada con el uso de equipo de protección personal durante la pandemia de la COVID-19: una forma práctica de mejorar esta condición,[Headache associated with the use of personal protective equipment during the COVID-19 pandemic: an international survey]./ Cefalea asociada con el uso de equipo de protección personal durante la pandemia de COVID-19: una encuesta internacional
g71v7q2r,x5ia04th,0.98669565,"Obesity alters Ace2 and Tmprss2 expression in lung, trachea, and esophagus in a sex-dependent manner: Implications for COVID-19","Obesity alters Ace2 and Tmprss2 expression in lung, trachea, and esophagus in a sex-dependent manner: implications for COVID-19. (Special Issue: COVID-19.)"
m3qitc2d,d9drm5rx,0.9866841,Multisite Clinical Validation of Isothermal Amplification-Based SARS-CoV-2 Detection Assays Using Different Sampling Strategies,Multi-site clinical validation of Isothermal Amplification based SARS-COV-2 detection assays using different sampling strategies
0mgvs1n3,axxbt366,0.9866716,Adaptación de los servicios de neumología frente a la COVID-19: el papel de las unidades de cuidados respiratorios intermedios en España,"Consideraciones relativas a las medidas de salud pública y sociales en el lugar de trabajo en el contexto de la COVID-19: anexo a las consideraciones relativas a los ajustes de las medidas de salud pública y sociales en el contexto de la COVID-19, 10 de mayo de 2020"
3x7sxd6q,40ra7a41,0.9866367,Social Health and COVID-19 Pandemic,Social responsibility for health during COVID-19 pandemic
libn0pry,c2ns4qcc,0.98662686,SARS-CoV-2 vaccination for patients with inflammatory bowel disease,P626 SARS-CoV-2 seroprevalence in patients with Inflammatory Bowel Disease
jb24ejwq,20q8oomy,0.98662204,Considerations for Drug Interactions on QTc Interval in Exploratory COVID-19 Treatment,Considerations for Drug Interactions on QTc in Exploratory COVID-19 Treatment
emj3mcjh,yirfyabi,0.986589,High-Content Imaging and Informatics: A Joint Special Issue with Society for Biomolecular Imaging and Informatics and SLAS,Advances in High-Content Imaging and Informatics: A Joint Special Collection with Society for Biomolecular Imaging and Informatics and SLAS
mprcjtxp,dt1f6ypu,0.9865341,COVID-19 Australia: Epidemiology Report 52 Reporting period ending 10 October 2021,COVID-19 Australia: Epidemiology Report 27: Fortnightly reporting period ending 11 October 2020
axpybry4,n05piqjf,0.98651814,"Vitamin D, Zinc and Glutamine: Synergistic Action with OncoTherad Immunomodulator in Interferon Signaling and COVID-19","Vitamin D, zinc and glutamine: Synergistic action with OncoTherad immunomodulator in interferon signaling and COVID-19 (Review)"
tln1qg9c,vfpfpwqc,0.98649865,Reporte de situacion COVID-19 Colombia No. 130: 27 de agosto de 2020,"COVID-19 reporte de situación 28: Paraguay, 02 de octubre de 2020"
7c66x6qj,lf0jo646,0.9864762,"Therapeutic alliance, social inclusion and infection control – towards pandemic-adapted mental healthcare services in Switzerland","Therapeutic alliance, social inclusion and infection control - Towards pandemic-adapted mental health care services in Switzerland"
ma9xkt1h,minh3ya6,0.9864697,Challenges of Hematopoietic Stem Cell Transplantation in the Era of COVID-19.,Hematopoietic stem cell transplantation dilemma during the COVID-19 era
d7b4g10q,h3h6vw5l,0.9864479,Clinical outcome of renin-angiotensin-aldosterone system blockers in treatment of hypertensive patients with COVID-19: a systematic review and meta-analysis,Outcomes of renin–angiotensin–aldosterone system blockers in patients with COVID-19: a systematic review and meta-analysis
h3h6vw5l,z93iuryo,0.9864479,Outcomes of renin–angiotensin–aldosterone system blockers in patients with COVID-19: a systematic review and meta-analysis,Clinical outcome of renin-angiotensin-aldosterone system blockers in treatment of hypertensive patients with COVID-19: a systematic review and meta-analysis
5imagnr9,nxwe1su8,0.98635834,Correction to Lancet Infect Dis 2021; published online Oct 11. https://doi.org/10.1016/S1473-3099(21)00458-8,Correction to Lancet Infect Dis 2021; published online Jan 20. https://doi.org/10.1016/S1473-3099(20)30990-7
sz8ywdtv,zh4wxh06,0.9863438,P083 Clinical progression of SARS-CoV-2 infection in people with cystic fibrosis: a global observational study,Clinical characteristics of SARS-CoV-2 infection in children with cystic fibrosis: An international observational study
qftbkazq,7wjrj2tm,0.9863404,'Virtually Perfect' for Some but Perhaps Not for All: Launching Telemedicine in the Bronx During the COVID-19 Pandemic.,"""Virtually Perfect"" for Some but Perhaps Not for All: Launching Telemedicine in the Bronx during the COVID-19 Pandemic. Letter."
gnjp2smo,sxq4jqr1,0.9863295,Designing of Cytotoxic and Helper T Cell Epitope Map Provides Insights into the Highly Contagious Nature of the Pandemic Novel Coronavirus SARS-CoV2,Designing of cytotoxic and helper T cell epitope map provides insights into the highly contagious nature of the pandemic novel coronavirus SARS-CoV-2: SARS-CoV2 T-cell epitope based vaccine
a0l7le31,7nn05uka,0.98632616,Manutenção de serviços essenciais de saúde: orientação operacional para o contexto da COVID-19 Orientação provisória 1º de junho de 2020,"Lista de verificação rápida de prontidão hospitalar. Avaliações harmonizadas da capacidade dos serviços de saúde no contexto da pandemia da COVID-19. Orientação provisória, 25 de junho de 2020"
d8a7yseg,nxtqmwnu,0.9862693,Tozinameran: Lack of efficacy: case report,Gammaglobulin: Lack of efficacy: case report
p4y0sgsi,nxtqmwnu,0.9862693,Tozinameran: Lack of efficacy: case report,Gammaglobulin: Lack of efficacy: case report
kh2pzzkb,nxtqmwnu,0.9862693,Tozinameran: Lack of efficacy: case report,Gammaglobulin: Lack of efficacy: case report
r7xp65v5,fuh0qws1,0.9862438,Novel 2019 coronavirus SARS-CoV-2 (COVID-19): an overview for emergency clinicians,Novel 2019 coronavirus SARS-CoV-2 (COVID-19): An updated overview for emergency clinicians
0e8ooev3,uo4w926o,0.9861883,"Parceria de serviços de Saúde Pública e privados com a academia, no combate à covid-19: relato de experiência em Tubarão, Santa Catarina (preprint)/ pt","Parceria de serviços de saúde públicos e privados com a academia, no combate à COVID-19: relato de experiência em Tubarão, Santa Catarina./ Parceria de serviços de saúde públicos e privados com a academia, no combate à COVID-19: relato de experiência em Tubarão, Santa Catarina./ Partnership between the academy and public and private health systems to fight COVID-19: an experience report in Tubarão, Santa Catarina, Brazil"
upjntgdg,0fkdciju,0.98618454,Abstracts der 110. Jahrestagung der Deutschen Gesellschaft für Kinder- und Jugendmedizin e.V. (DGKJ),Abstracts der 28. Jahrestagung der Deutschen Gesellschaft für Schlafforschung und Schlafmedizin e. V
6g5tgjs4,71ch8pfz,0.9860923,Corrigendum to: Epidemiology of COVID-19 and public health restrictions during the first wave of the pandemic in Ireland in 2020,Epidemiology of COVID-19 and public health restrictions during the first wave of the pandemic in Ireland in 2020
1p25s7r0,71ch8pfz,0.9860923,Corrigendum to: Epidemiology of COVID-19 and public health restrictions during the first wave of the pandemic in Ireland in 2020,Epidemiology of COVID-19 and public health restrictions during the first wave of the pandemic in Ireland in 2020
770coe2g,7nk3lmos,0.98607856,2 Infecties van de bovenste luchtwegen,Aandoeningen van de farynx
flqkqdg7,n1qbq2ay,0.98605645,Covid-19-pandemien i et mottaksperspektiv,COVID-19 et psychiatrie
f92kp519,n1qbq2ay,0.98605645,COVID-19 et épanchements pleuraux,COVID-19 et psychiatrie
k6w4bhk8,hqech99b,0.98604655,Correction: Clinicopathological characteristics of 8697 patients with COVID-19 in China: a meta-analysis,Clinicopathological characteristics of 8697 patients with COVID-19 in China: a meta-analysis
iyby1hhe,3x98gte6,0.9859622,Reply to Ravishankar et al,"Reply to Flannery, et al"
n0ieojnp,e27dd9d4,0.9859207,Stratégie pour la pratique de la chirurgie digestive et oncologique en situation d’épidémie de COVID-19,À propos de chirurgie et COVID-19 : quelques précautions complémentaires. Réponse à : « Stratégie pour la pratique de la chirurgie digestive et oncologique en situation d’épidémie de COVID-19 »()
0zz7on3h,ja4t30rr,0.9858944,Correction to Lancet Respir Med 2020; published online July 24. https://doi.org/10.1016/S2213-2600(20)30315-5,Correction to Lancet Respir Med 2020; published online Feb 21. https://doi.org/10.1016/S2213-2600(20)30079-5
0zz7on3h,lt5vidns,0.9858944,Correction to Lancet Respir Med 2020; published online July 24. https://doi.org/10.1016/S2213-2600(20)30315-5,Correction to Lancet Respir Med 2022; published online Feb 3. https://doi.org/10.1016/S2213-2600(22)00006-6
0zz7on3h,18l4fh8c,0.9858941,Correction to Lancet Respir Med 2020; published online July 24. https://doi.org/10.1016/S2213-2600(20)30315-5,Correction to Lancet Respir Med 2020; published online Feb 21. https://doi.org/10.1016/S2213-2600(20)30079-5
skyuqz6s,vfpfpwqc,0.9858858,Reporte de situacion COVID-19 Colombia No 86: 22 de junio de 2020,"COVID-19 reporte de situación 28: Paraguay, 02 de octubre de 2020"
abdcyzvi,vfpfpwqc,0.9858858,Reporte de situacion COVID-19 Colombia No 87: 23 de junio de 2020,"COVID-19 reporte de situación 28: Paraguay, 02 de octubre de 2020"
1zq0xy6o,x6md7rb1,0.98584,Risk of severe coronavirus infection (COVID-19) in patients with inflammatory rheumatic diseases.,Risk of Severe COVID-19 Infection in Patients With Inflammatory Rheumatic Diseases
wrh6nb52,vljfqpmq,0.98576397,"Author Correction: Catechin and curcumin interact with S protein of SARS-CoV2 and ACE2 of human cell membrane: insights from computational studies (Scientific Reports, (2021), 11, 1, (2043), 10.1038/s41598-021-81462-7)",Catechin and curcumin interact with S protein of SARS-CoV2 and ACE2 of human cell membrane: insights from computational studies
v3n0nsez,kbrokzei,0.98572946,Interim Analysis of an Open-label Randomized Controlled Trial Evaluating Nasal Irrigations in Non-hospitalized Patients with COVID-19.,Interim analysis of an open-label randomized controlled trial evaluating nasal irrigations in non-hospitalized patients with coronavirus disease 2019
i9r2kjvf,q9mjieut,0.98572844,Novel SARS-CoV-2 specific antibody and neutralization assays reveal wide range of humoral immune response during COVID-19,SARS-CoV-2 specific antibody and neutralization assays reveal the wide range of the humoral immune response to virus
uwoe583p,eluigm9q,0.98571086,Ações federais para apoio e fortalecimento local no combate ao COVID-19: a Atenção Primária à Saúde (APS) no assento do condutor./ Ações federais para apoio e fortalecimento local no combate ao COVID-19: a Atenção Primária à Saúde (APS) no assento do condutor./ Federal actions to support and strengthen local efforts to combat COVID-19: Primary Health Care (PHC) in the driver's seat,Federal actions to support and strengthen local efforts to combat COVID-19: Primary Health Care (PHC) in the driver's seat/ Ações federais para apoio e fortalecimento local no combate ao COVID-19: a Atenção Primária à Saúde (APS) no assento do condutor
pbgmvutj,qsn9l3qm,0.9856927,Telemedicina y humanizacion de la atencion medica en la pandemia Covid-19,Alteraciones de la coagulación en la COVID-19
x1cqri74,atcfb5al,0.98567855,Time out of cell and time in purposeful activity and adverse mental health outcomes amongst people in prison: a literature review,Time out of cell and time in purposeful activity and adverse mental health outcomes amongst people in prison: a literature review. (Special Issue: Therapeutic regimes in prisons.)
5evfkk70,nmmr2nw4,0.9856307,Anti‐A Isohemagglutinin titers and SARS‐CoV2 neutralization: implications for children and convalescent plasma selection,Anti-A isohaemagglutinin titres and SARS-CoV-2 neutralization: implications for children and convalescent plasma selection
vmat1nq3,bqs24dcz,0.98556715,Multiple drugs: Lack of efficacy: case report,Multiple drugs: Bleeding and lack of efficacy: case report
me4u1chm,bqs24dcz,0.98556715,Multiple drugs: Lack of efficacy: case report,Multiple drugs: Bleeding and lack of efficacy: case report
16zp6dc4,bqs24dcz,0.98556715,Multiple drugs: Lack of efficacy: case report,Multiple drugs: Bleeding and lack of efficacy: case report
vl5oy1mo,4eissy82,0.9855521,Efficacy of traditional chinese medicine for covid-19 pneumonia: Two case reports,Efficacy of Traditional Chinese Medicine on COVID-19: Two Case Reports.
rap59p8h,5ij0nzjs,0.9854384,Evolución e impacto de la infodemia en la población infantil en tiempos de COVID-19,Impacto de la pandemia por COVID-19 en la actividad de la enfermera de práctica avanzada en enfermedad inflamatoria intestinal en una unidad de referencia
uxoz0xhk,u61z4sbm,0.9853473,SARS-CoV-2 Is Present in Peritoneal Fluid in COVID-19 Patients,"Comment on ""SARS-CoV-2 is Present in Peritoneal Fluid in COVID-19 Patients"""
uxoz0xhk,nda1hst0,0.9853473,SARS-CoV-2 Is Present in Peritoneal Fluid in COVID-19 Patients,Comment on: SARS-CoV-2 is Present in Peritoneal Fluid in COVID-19 Patients.
e6vs21bm,ec27w8d7,0.98533773,Acceptabilité de la vaccination contre la Covid-19 chez les patients atteints de maladies rhumatismales chroniques et les professionnels de santé,Manifestations cliniques et facteurs pronostiques de la COVID-19 chez les patients souffrant de gliome diffus
9my3mb8p,un9g40aa,0.98528236,Remdesivir Metabolite GS-441524 Effectively Inhibits SARS-CoV-2 Infection in Mouse Models,Remdesivir Metabolite GS-441524 Effectively Inhibits SARS-CoV-2 Infection in Mice Models
yy7o1arb,0vunqp39,0.98524076,Mental health implications of the COVID-19 pandemic in India.,Mental health implications of COVID-19 pandemic and its response in India
1en3a9vc,ebbzarw6,0.9851881,Safety and Efficacy of Remdesivir for the Treatment of COVID-19: A Systematic Review and Meta-Analysis,Efficacy and safety of Xiyanping for COVID-2019: A protocol for systematic review and meta-analysis
j8xv2yfx,2vugmisd,0.98516744,The utility of rapid nucleic acid amplification testing to triage symptomatic patients and to screen asymptomatic pre-procedure patients for SARS-CoV-2,The Utility of Rapid Nucleic Acid Amplification Testing to Triage Symptomatic Patients and to Screen Asymptomatic Preprocedure Patients for SARS-CoV-2
yy3hyf9a,898ttw3g,0.9851543,A Clinical-Stage Cysteine Protease Inhibitor blocks SARS-CoV-2 Infection of Human and Monkey Cells,A cysteine protease inhibitor blocks SARS-CoV-2 infection of human and monkey cells
36llobpl,jfia34gm,0.98512715,Germany’s Digital Health Reforms in the COVID-19 Era: Lessons and Opportunities for Other Countries (preprint),Germany’s digital health reforms in the COVID-19 era: lessons and opportunities for other countries
pk9n4653,e4e9hn1y,0.98512304,Olfactory and Gustatory Symptoms of Coronavirus Disease 2019: A Systematic Review and Meta-analysis,Systematic Review and Meta-Analysis of Olfactory and Gustatory Dysfunction in Coronavirus Disease 2019 Patients
vatqqxfi,jb1k1x6g,0.98512036,Tratamientos endodónticos en el contexto de la pandemia por COVID-19,"El cuidado de Enfermería, relevancia en el contexto de la pandemia COVID-19"
tuq8ns4i,fgmucp2u,0.985106,FDA-approved COVID-19 vaccines are effective per real-world evidence synthesized across a multi-state health system,FDA-authorized mRNA COVID-19 vaccines are effective per real-world evidence synthesized across a multi-state health system
v2o4kihx,8413zjfb,0.9850986,Informe diário de evidências COVID-19: busca realizada entre 1 e 4 de maio de 2020,Informe diário de evidências COVID-19: busca realizada em 3 de julho de 2020
v2o4kihx,qezfxlk6,0.9850986,Informe diário de evidências COVID-19: busca realizada entre 1 e 4 de maio de 2020,Informe diário de evidências COVID-19: busca realizada em 21 de julho de 2020
ky6115jm,fm6ef9s3,0.9850852,Eficacia de los pulsos de corticoides en pacientes con síndrome de liberación de citocinas inducido por infección por SARS-CoV-2./ Eficacia de los pulsos de corticoides en pacientes con síndrome de liberación de citocinas inducido por infección por SARS-CoV-2./ Effectiveness of corticoid pulses in patients with cytokine storm syndrome induced by SARS-CoV-2 infection,PERFIL DE PRESCRIPCION DE LOS PACIENTES CON INFECCION POR SARS-CoV2 HOSPITALIZADOS EN ARAGÓN
xsfkdz4f,8hwi66w4,0.98506296,Antineoplastics: Various toxicities: 3 case reports,Azd-1222: Various toxicities: 9 case reports
xsfkdz4f,wn5r2kkb,0.98506296,Antineoplastics: Various toxicities: 3 case reports,Tozinameran: Various toxicities: 18 case reports
rylmm25v,7m038lgd,0.9850266,Strategies to Mitigate Healthcare Personnel Staffing Shortages,Mitigate Healthcare Personnel Staffing Shortages
0nxz9g4o,7vysoehm,0.9849791,Recomendaciones éticas y clínicas para la toma de decisiones en el entorno residencial en contexto de la crisis de COVID-19./ Recomendaciones éticas y clínicas para la toma de decisiones en el entorno residencial en contexto de la crisis de COVID-19./ [Clinical and ethical recommendations for decision-making in nursing homes in the context of the COVID-19 crisis],Orientaciones éticas para la toma de decisiones médicas en el contexto de la pandemia de COVID-19 en Chile/ Ethical guidelines for medical decision-making during COVID-19 pandemic in Chile
norol72w,nbqne4wp,0.98495245,Hepatitis C Virus Reactivation Following COVID-19 Vaccination – A Case Report [Corrigendum],Hepatitis C Virus Reactivation Following COVID-19 Vaccination – A Case Report
1da27cdp,9w73kcqv,0.984889,Comment on: Coronavirus Disease 2019 in Geriatrics and Long-term Care: The ABCDs of COVID-19.,Comment on: Coronavirus 2019 in Geriatrics and Long-Term Care: The ABCDs of COVID-19
v2o4kihx,l357nzi9,0.9848597,Informe diário de evidências COVID-19: busca realizada entre 1 e 4 de maio de 2020,Informe diário de evidências: COVID-19 busca realizada em 20 de abril de 2020
33xnt7zi,49q1qx9z,0.98482263,Orthostatic intolerance in adults with long COVID was not associated with postural orthostatic tachycardia syndrome,Orthostatic Intolerance in Adults Reporting Long COVID Symptoms Was Not Associated With Postural Orthostatic Tachycardia Syndrome
yls5dpf2,k19d91v5,0.98481995,"Evolution of CT Manifestations of 105 novel coronavirus pneumonia patients in Wuhan, China","Evolution of CT Manifestations in a Patient Recovered from 2019 Novel Coronavirus (2019-nCoV) Pneumonia in Wuhan, China"
fbcrlz0p,vufygjcc,0.9848187,Bioactive molecules from Eucalyptus essential oil as potential inhibitors of COVID 19 corona virus infection by molecular docking studies,Molecular docking studies on Jensenone from eucalyptus essential oil as a potential inhibitor of COVID 19 corona virus infection
tkmf3n9v,b1251uc1,0.98480374,Consenso de la seccion de cirugia mayor ambulatoria de la asociacion española de cirujanos sobre el papel de la cirugia mayor ambulatoria en la pandemia sars-cov-2,Registro Español de Hemodinámica y Cardiología Intervencionista. XXX Informe Oficial de la Asociación de Cardiología Intervencionista de la Sociedad Española de Cardiología (1990-2020) en el año de la pandemia de la COVID-19
g0wgiu1u,0e128mli,0.98473656,COVID-19 vaccine hesitancy January-March 2021 among 18-64 year old US adults by employment and occupation,COVID-19 vaccine hesitancy January-May 2021 among 18-64 year old US adults by employment and occupation
bo72cpk6,cjx6zirf,0.9847116,"Consideraciones para la reorganización de los servicios oncológicos durante la pandemia de COVID-19, 26 de mayo del 2020",Desempeño del sistema de vigilancia colombiano durante la pandemia de COVID-19: evaluación rápida de los primeros 50 días
8rqbvieo,qbs9vwtq,0.9846884,Subacute Left Ventricular Free Wall Rupture after Delayed STEMI Presentation During the COVID-19 Pandemic,Subacute Left Ventricular Free Wall Rupture after Delayed STEMI Presentation During COVID-19 Pandemic: a Case Report
sm18h985,x2966nwr,0.98468655,Mechanism of Dayuanyin in the treatment of coronavirus disease 2019 based on network pharmacology and molecular docking,Exploring mechanism of Qingkailing Injection in treatment of coronavirus disease 2019 (COVID-19) based on network pharmacology and molecular docking/ 基于网络药理学和分子对接的清开灵注射液治疗新型冠状病毒肺炎(COVID-19)的作用机制探寻
bzoldk0a,5eaptzfm,0.98465824,Revisión: El control de la infección por SARS-CoV-2 en prisiones,Oxigenoterapia de alto flujo en el tratamiento de la neumonía por SARS-CoV-2
is3ufebr,lymf4hte,0.9846532,A cross-sectional study on the impact of the prevention and control response of the COVID-19 pandemic on children's orthopedic trauma in Shanghai,A cross-sectional study on the impact of the prevention and control response of the COVID-19 pandemic on minor’s orthopedic trauma in Shanghai
b1251uc1,9pivz1gz,0.98463,Registro Español de Hemodinámica y Cardiología Intervencionista. XXX Informe Oficial de la Asociación de Cardiología Intervencionista de la Sociedad Española de Cardiología (1990-2020) en el año de la pandemia de la COVID-19,Impacto de la primera ola de la pandemia de SARS-CoV-2 en la tasa de implante de marcapasos con indicación preferente/urgente. Estudio español
y8wx6r5w,cnlt152n,0.9846058,Complete genome sequence analysis of a predominant infectious bronchitis virus (IBV) strain in China,Complete Genome Sequence of a Nephropathogenic Infectious Bronchitis Virus Strain Isolated in China
oiz1r79j,n5lv12aw,0.9845838,"Directiva sanitaria para la atención de salud en el Centro de Aislamiento temporal para pacientes sospechosos sintomáticos y pacientes confirmados de infección por COVID-19, en el marco del Decreto de Urgencia N° 030-2020",Norma técnica de salud para la adecuación de la organización de los servicios de salud con énfasis en el Primer Nivel de Atención de Salud frente a la pandemia por COVID-19 en el Perú
6fcos17i,e80zvu0p,0.9845773,Early Data From Case Series of Tracheostomy in Patients With SARS-CoV-2.,Early data from case series of tracheostomy in patients with SARS-CoV-2. (Special section on COVID-19.)
0vz3v72y,hslnrepi,0.98454523,Experience and perception of face to face versus remote consultations - a patient survey across two UK dermatology centres.,Experience and perception of face-to-face vs. remote consultations: a patient survey across two UK dermatology centres
a0dtl1n7,37oidlkd,0.9845332,[ 'Severe acute respiratory syndrome' (SARS) in perspective].,[Pharmacotherapy of severe acute respiratory syndrome (SARS)].
gt1nlh1t,04qjro8w,0.98451924,Structure of SARS-CoV-2 Spike Protein,Amyloidogenesis of SARS-CoV-2 Spike Protein
5imagnr9,lyj5ln1t,0.9845039,Correction to Lancet Infect Dis 2021; published online Oct 11. https://doi.org/10.1016/S1473-3099(21)00458-8,Correction to Lancet Infect Dis 2021; online Sept 14. https://doi.org/10.1016/S1473-3099(21)00472-2
e3mm11vq,3ox3cvqd,0.9844834,Lead compounds for the development of SARS-CoV-2 3CL protease inhibitors,Author Correction: Lead compounds for the development of SARS-CoV-2 3CL protease inhibitors
qojny6xk,g8id7tz6,0.98448,Immunosuppressants: various toxicities: case report,Tozinameran: Various toxicities: case report
lgoe9sai,4mnknpz2,0.9844745,Correction to Lancet Infect Dis 2020; published online March 26. https://doi.org/10.1016/S1473-3099(20)30241-3,Correction to Lancet Infect Dis 2019; published online April 20. https://doi.org/10.1016/S1473-3099(20)30160-2
phtfa5nm,4mnknpz2,0.9844745,Correction to Lancet Infect Dis 2020; published online March 23. https://doi.org/10.1016/S1473-3099(20)30162,Correction to Lancet Infect Dis 2019; published online April 20. https://doi.org/10.1016/S1473-3099(20)30160-2
sx93npky,5x8au7f8,0.9844572,Emerging and re-emerging infectious disease in otorhinolaryngology.,Emerging and Re-emerging Infectious Diseases
3fsnn6tu,wgzbez1b,0.9844089,IMPACTO DE LA COVID-19 EN LA FORMA DE PRESENTACIÓN Y EVOLUCIÓN DE LA APENDICITIS AGUDAS EN PEDIATRÍA,Infartos en tiempos de la COVID-19
3fsnn6tu,zf7wcwqo,0.9844089,IMPACTO DE LA COVID-19 EN LA FORMA DE PRESENTACIÓN Y EVOLUCIÓN DE LA APENDICITIS AGUDAS EN PEDIATRÍA,La Neurología en tiempos de COVID
ks6j85tc,2clzfti9,0.9843995,Identificación de un brote de SARSCoV-2 (Covid-19) en un centro gerontológico de la Ciudad de México,Propuesta de un modelo de la ideación suicida en estudiantes de Medicina en Colombia: un estudio de simulación
tj1d2t47,llavc9iq,0.98439425,Reply to Dr Stimpson et al.,Dr. Conway et al reply
1en3a9vc,mpb5gwdj,0.9843655,Safety and Efficacy of Remdesivir for the Treatment of COVID-19: A Systematic Review and Meta-Analysis,The clinical efficacy and safety research of Lianhuaqingwen (LHQW) in treatment of COVID-19: A systematic review and meta-analysis
kpp3ru22,nszsf0nu,0.9843652,Psychological impact of the COVID-19 pandemic on health care workers,Psychological Impact of the COVID-19 Pandemic on Health Care Workers in Singapore
xwkoif8s,7xcs857w,0.9842983,Seven days in medicine: 22-28 September 2021,Seven days in medicine: 6-12 January 2021
7fh3n23m,icrbgaat,0.98429185,Improving the Safety and Science of COVID-19 Tracheostomy: Challenges and Opportunities,In Response to Improving the Safety and Science of COVID-19 Tracheostomy: Challenges and Opportunities
0dy9hlm4,efikozu1,0.98425335,"At the US Epicenter of the COVID-19 Pandemic, an Orthopedic Residency Program Reorganizes","Correction to: At the US Epicenter of the COVID-19 Pandemic, an Orthopedic Residency Program Reorganizes"
5v3x2kje,ngxabq9c,0.9842418,AZD-1222/COVID-19-vaccine/COVID-19-Vaccine-Pfizer-BioNTech: Various toxicities: 5 case reports,COVID-19 Vaccine Pfizer BioNTech: Various toxicities: 3 case reports
y4ade6hd,n1qbq2ay,0.98421556,"Actualités législatives, réglementaires et bibliographiques",COVID-19 et psychiatrie
cdcd5y2y,s2etxbk5,0.984213,Impacto de la pandemia de la COVID-19 en los síntomas de salud mental y actuaciones de Fisioterapia,Emergencia de Salud: La infodemia en tiempos de coronavirus
7kt54x4m,n41vevjh,0.9842039,ASO Author Reflections: Oncological Surgery during the COVID-19 Pandemic: Effectiveness of Preoperative Screening and Factors Associated with Postoperative SARS-CoV-2 Infection,ASO Visual Abstract: Oncological Surgery during the COVID-19 pandemic—Effectiveness of Preoperative Screening and Factors Associated with Postoperative SARS-CoV-2 Infection
u4nl4ko1,k6aiisat,0.98417604,Beatmung von Neugeborenen und Säuglingen,"Intensivmedizin und COVID-19 Beatmung, Organversagen und Stellenwert von Obduktionen"
gx6ikkwm,k6aiisat,0.98417604,Verbraucherverschuldung und -überschuldung in Zeiten von COVID-19,"Intensivmedizin und COVID-19 Beatmung, Organversagen und Stellenwert von Obduktionen"
k6aiisat,zepjoqwt,0.98417604,"Intensivmedizin und COVID-19 Beatmung, Organversagen und Stellenwert von Obduktionen",Ursachen und Konsequenzen von Niedrigzinsen
8z1wyad9,47sqvg54,0.9841643,Deep learning for COVID-19 diagnosis based on chest X-ray images,Deep learning based detection and analysis of COVID-19 on chest X-ray images
pmmpsjrp,6o7xiqk2,0.98413616,Detection of SARS-CoV-2 variants in Switzerland by genomic analysis of wastewater samples,Detection of SARS-CoV-2 variants by genomic analysis of wastewater samples in Israel
6hred82i,3fsnn6tu,0.9841346,La Promoción de la Salud en el contexto de la Pandemia de COVID 19,IMPACTO DE LA COVID-19 EN LA FORMA DE PRESENTACIÓN Y EVOLUCIÓN DE LA APENDICITIS AGUDAS EN PEDIATRÍA
tln1qg9c,zjd7og44,0.9841195,Reporte de situacion COVID-19 Colombia No. 130: 27 de agosto de 2020,Reporte de situación COVID-19 Cuba No. 34 (5 de octubre de 2020)
vibqmz8q,k1oo9c2c,0.98411226,Correction to: Population Trends in Rates of Percutaneous Coronary Revascularization for Acute Coronary Syndromes Associated With the COVID-19 Outbreak,Erratum: Correction to: Population Trends in Rates of Percutaneous Coronary Revascularization for Acute Coronary Syndromes Associated With the COVID-19 Outbreak (Circulation (2020) 141 24 (2035-2037))
bw8peqms,k1oo9c2c,0.98411226,Correction to: Population Trends in Rates of Percutaneous Coronary Revascularization for Acute Coronary Syndromes Associated With the COVID-19 Outbreak.,Erratum: Correction to: Population Trends in Rates of Percutaneous Coronary Revascularization for Acute Coronary Syndromes Associated With the COVID-19 Outbreak (Circulation (2020) 141 24 (2035-2037))
ne2qo4er,9rr3o0uw,0.98408103,Correction: COVID-19 and the academy: opinions and experiences of university-based scientists in the U.S.,COVID-19 and the academy: opinions and experiences of university-based scientists in the U.S
lyj5ln1t,4mnknpz2,0.9840221,Correction to Lancet Infect Dis 2021; online Sept 14. https://doi.org/10.1016/S1473-3099(21)00472-2,Correction to Lancet Infect Dis 2019; published online April 20. https://doi.org/10.1016/S1473-3099(20)30160-2
s5p1h4k3,z8agk99r,0.9840014,Multiple drugs: Various toxicities and off-label use: case report,Multiple drugs: Thrombocytopenia and off-label use: 2 case reports
ugpii7lk,dt1f6ypu,0.98395187,"COVID-19, Australia: Epidemiology Report 21 (Fortnightly reporting period ending 19 July 2020)",COVID-19 Australia: Epidemiology Report 27: Fortnightly reporting period ending 11 October 2020
esuz0ul3,ve9gqc4a,0.9839325,Herramientas para la evaluación de la disnea y el compromiso respiratorio en pacientes atendidos por teléfono o video-llamada en el contexto de la pandemia por COVID-19,Reflexiones para la reorganización de residencias en el contexto de la pandemia por COVID-19
0mgvs1n3,cmv7nh7x,0.9839232,Adaptación de los servicios de neumología frente a la COVID-19: el papel de las unidades de cuidados respiratorios intermedios en España,Experiencias de vida y soporte percibido por las enfermeras de las unidades de hemodiálisis hospitalaria durante la pandemia de COVID-19 en España
gt1nlh1t,dgka2ukc,0.9839132,Structure of SARS-CoV-2 Spike Protein,N- and O-Glycosylation of the SARS-CoV-2 Spike Protein
vatqqxfi,c6009y21,0.9838654,Tratamientos endodónticos en el contexto de la pandemia por COVID-19,Propuesta de análisis territorial para enfrentar la pandemia por SARSCoV-2 basado en el Perfil de neumonía e Influenza en el Ecuador 2016-2018
dgka2ukc,hi5bmkaw,0.9838497,N- and O-Glycosylation of the SARS-CoV-2 Spike Protein,Mutation in SARS-CoV-2 spike protein
7xurm1co,jmkw87x4,0.9838181,"Place, cause and expectedness of death and relationship to the deceased are associated with poorer experiences of end-of-life care and challenges in early bereavement: Risk factors from an online survey of people bereaved during the COVID-19 pandemic",Risk factors associated with poorer experiences of end-of-life care and challenges in early bereavement: Results of a national online survey of people bereaved during the COVID-19 pandemic
gu10xkiq,uckddpkv,0.9837894,Acute Pancreatitis in a Teenager With SARS-CoV-2 Infection,Acute Pancreatitis Following SARS-CoV-2 Infection
xsfkdz4f,n7csdvza,0.9837484,Antineoplastics: Various toxicities: 3 case reports,Hydroxychloroquine: Various toxicities: 7 case reports
kka4a8fr,63a42ne1,0.9837409,Response to Dudoignon et al.,In Regard to Kabarriti et al
aenv8hz9,63a42ne1,0.9837409,"Response to Koulaouzidis, et al.",In Regard to Kabarriti et al
5imagnr9,4mnknpz2,0.9836997,Correction to Lancet Infect Dis 2021; published online Oct 11. https://doi.org/10.1016/S1473-3099(21)00458-8,Correction to Lancet Infect Dis 2019; published online April 20. https://doi.org/10.1016/S1473-3099(20)30160-2
z2ck29ul,ah57x7ty,0.9836763,Effects of a DPP-4 Inhibitor and RAS Blockade on Clinical Outcomes of Patients with Diabetes and COVID-19,Effects of a DPP-4 Inhibitor and RAS Blockade on Clinical Outcomes of Patients with Diabetes and COVID-19 (Diabetes Metab J 2021;45:251-9)
0xuzmi6a,pw84c3kl,0.98365706,1 November News,1 October News
ve9gqc4a,n5lv12aw,0.983635,Reflexiones para la reorganización de residencias en el contexto de la pandemia por COVID-19,Norma técnica de salud para la adecuación de la organización de los servicios de salud con énfasis en el Primer Nivel de Atención de Salud frente a la pandemia por COVID-19 en el Perú
3ans03b1,mxcgll6h,0.9836072,Spontaneous Pneumomediastinum/Pneumothorax in Patients With COVID-19,Spontaneous Pneumothorax in COVID-19 Patients
iyby1hhe,qwenxn3i,0.98360705,Reply to Ravishankar et al,Reply to Gille et al.
5ij0nzjs,5c0ieklb,0.9836037,Impacto de la pandemia por COVID-19 en la actividad de la enfermera de práctica avanzada en enfermedad inflamatoria intestinal en una unidad de referencia,Impacto de la terapia con corticoides en la supervivencia de los pacientes críticos COVID-19 ingresados en una unidad de cuidados intensivos
s5qjobr8,7k1cymfl,0.98347116,"Reducción de la tasa de incidencia de bronquiolitis aguda y de las hospitalizaciones asociadas a la enfermedad, durante la pandemia de COVID-19",La formación de los residentes de Neurología durante la pandemia COVID-19
kt7x8mae,1jgh3y37,0.98344237,Cerebrospinal Fluid Leak From COVID-19 Swab,Cerebrospinal fluid leak following a COVID-19 nasopharyngeal swab
hlci9y3h,rj4le1qn,0.9834276,How Will the Future of Work Shape OSH Research and Practice? A Workshop Summary,How Will the Future of Work Shape the OSH Professional of the Future? A Workshop Summary
vtj0i4e6,rj4le1qn,0.9834276,How Will the Future of Work Shape OSH Research and Practice? A Workshop Summary,How Will the Future of Work Shape the OSH Professional of the Future? A Workshop Summary
y4le0sgs,9qdscit4,0.9833997,Related elsevier virology titles contents alert,Related elsevier virology titles content alert
8vgeihgv,9qdscit4,0.9833997,Related elsevier virology titles contents alert,Related elsevier virology titles content alert
vm26qntb,exdq0afh,0.98333675,Azd-1222: Prothrombotic immune thrombocytopenia: case report,AZD-1222: Immune thrombotic thrombocytopenia: case report
zvaay3ls,g32bpgtx,0.9832541,"Association between Renin-Angiotensin-Aldosterone system inhibitor use and COVID-19 Hospitalization and death: A 1,4 million patient Nation-Wide registry analysis",Association between renin–angiotensin–aldosterone system inhibitor use and COVID‐19 hospitalization and death: a 1.4 million patient nationwide registry analysis
2clzfti9,j6u2mxhy,0.9832498,Propuesta de un modelo de la ideación suicida en estudiantes de Medicina en Colombia: un estudio de simulación,DESCRIPCION DE UN MODELO OVINO PARA LA PRUEBA DE VENTILADORES DE EMERGENCIA EN LA PANDEMIA DE COVID-19
kvfzsgm7,4ri6kfcm,0.9832373,Are Losartan and ImatiniEffective Against SARS-CoV2 Pathogenesis? a Pathophysiologic-Based in Silico Study,Are losartan and imatinib effective against SARS-CoV2 pathogenesis? A pathophysiologic-based in silico study
1avdo5uw,7nn05uka,0.98321956,"Cuidados de saúde comunitários, incluindo divulgação e campanhas, no contexto da pandemia da COVID-19 Orientação provisória, maio de 2020","Lista de verificação rápida de prontidão hospitalar. Avaliações harmonizadas da capacidade dos serviços de saúde no contexto da pandemia da COVID-19. Orientação provisória, 25 de junho de 2020"
892sn64q,vs6ncz6m,0.98321694,Impact of patient isolation on emergency department length of stay: A retrospective cohort study using the Registry for Emergency Care,The impact of patient isolation on emergency department length of stay: a retrospective cohort study using the Registry for Emergency Care (REC‐1)
3fsnn6tu,akmjwqy0,0.9831975,IMPACTO DE LA COVID-19 EN LA FORMA DE PRESENTACIÓN Y EVOLUCIÓN DE LA APENDICITIS AGUDAS EN PEDIATRÍA,Percepción de la memoria en estudiantes universitarios de Venezuela durante la COVID-19
sgo56pym,f0gtlcy1,0.98317623,Role of Primary Care in Suicide Prevention During the COVID-19 Pandemic,Suicide prevention and COVID-19: the role of primary care during the pandemic and beyond.
dhnvsyxs,jb1k1x6g,0.9831421,El impacto de la Covid-19 sobre el periodismo de inmigración en España continuidades aceleradas y posibles rupturas,"El cuidado de Enfermería, relevancia en el contexto de la pandemia COVID-19"
coboic7p,ithy5yks,0.983132,Modified Clinical Risk Score to Predict Hospital Admission and In-hospital Mortality in Covid-19 Patients,External Validation of a Clinical Risk Score to Predict Hospital Admission and In-Hospital Mortality in COVID-19 Patients
5wwuu0me,tw2u31eq,0.9830968,Renal denervation for treatment-resistant hypertension.,Renal denervation therapy for resistant hypertension.
gheh8ug8,prpvmyza,0.9830805,Effectiveness of Convalescent Plasma Therapy in Moderate to Severely Ill Covid-19 Patients,Effect of Convalescent Plasma therapy on Mortality in Moderate-to-Severely Ill COVID-19 Patients
04qjro8w,hi5bmkaw,0.9830702,Amyloidogenesis of SARS-CoV-2 Spike Protein,Mutation in SARS-CoV-2 spike protein
dnaxdi06,5ij0nzjs,0.98306924,Vicisitudes y retos pedagógicos en medio de la emergencia sanitaria - La formación médica en tiempos de Covid19,Impacto de la pandemia por COVID-19 en la actividad de la enfermera de práctica avanzada en enfermedad inflamatoria intestinal en una unidad de referencia
qwenxn3i,3x98gte6,0.9830512,Reply to Gille et al.,"Reply to Flannery, et al"
k0k3f0t2,9cd10wkm,0.9830267,SARS-CoV-2 triggered excessive inflammation and abnormal energy metabolism in gut microbiota,SARS‐CoV‐2 triggered oxidative stress and abnormal energy metabolism in gut microbiota
u4zwuh2g,20mfukan,0.98300916,Rekonvaleszentenplasma zur Prävention von COVID-19 nicht wirksam,Impfstoffentwicklung zur Prävention von COVID-19
or3k6ngb,tiofwfem,0.9829724,"Multiple drugs: Intrapulmonary bleeding, lack of efficacy and off-label use: case report",Multiple drugs: Various toxicities with lack of efficacy and off label use: case report
or3k6ngb,n2faqe14,0.9829724,"Multiple drugs: Intrapulmonary bleeding, lack of efficacy and off-label use: case report","Multiple drugs: Various toxicities, off-label use and lack of efficacy: case report"
8z1wyad9,vm2wmoa4,0.98296756,Deep learning for COVID-19 diagnosis based on chest X-ray images,Deep Transfer Learning Based Detection of COVID-19 from Chest X-ray Images
k3ax59cq,axxbt366,0.9829381,Tendencias de las búsquedas en Google en habla hispana sobre temas de salud mental en el contexto de la pandemia por COVID-19,"Consideraciones relativas a las medidas de salud pública y sociales en el lugar de trabajo en el contexto de la COVID-19: anexo a las consideraciones relativas a los ajustes de las medidas de salud pública y sociales en el contexto de la COVID-19, 10 de mayo de 2020"
vatqqxfi,esuz0ul3,0.9829099,Tratamientos endodónticos en el contexto de la pandemia por COVID-19,Herramientas para la evaluación de la disnea y el compromiso respiratorio en pacientes atendidos por teléfono o video-llamada en el contexto de la pandemia por COVID-19
0vecbxny,2ojy0mvo,0.9828857,Impact of viral epidemic outbreaks on mental health of healthcare workers: a rapid systematic review,Impact of viral epidemic outbreaks on mental health of healthcare workers: a rapid systematic review and meta-analysis
liq62vko,hi5bmkaw,0.9828754,Structural Ramifications of Spike Protein D614G Mutation in SARS-CoV-2,Mutation in SARS-CoV-2 spike protein
yk15g4iv,hbyud9nt,0.9828585,Exploring the impact of the COVID‐19 pandemic on cardiac surgical services: A scoping review,Exploring the impact of the COVID-19 pandemic on pediatric surgical services: a scoping review
skyuqz6s,zjd7og44,0.98284936,Reporte de situacion COVID-19 Colombia No 86: 22 de junio de 2020,Reporte de situación COVID-19 Cuba No. 34 (5 de octubre de 2020)
zjd7og44,abdcyzvi,0.98284936,Reporte de situación COVID-19 Cuba No. 34 (5 de octubre de 2020),Reporte de situacion COVID-19 Colombia No 87: 23 de junio de 2020
wqw106aw,qvgpgj7y,0.9828472,The impact of COVID-19 pandemic in the colorectal cancer prevention,Impact on colorectal cancer in COVID‐19 pandemic
05o4trx3,akmjwqy0,0.98282766,En medio de la crisis sanitaria y la crisis sociopolítica: cuidados comunitarios y afrontamiento de las consecuencias de la pandemia de la covid-19 en Santiago de Chile,Percepción de la memoria en estudiantes universitarios de Venezuela durante la COVID-19
lgawczk3,n642wlsx,0.98278165,"Evaluation of a novel, rapid antigen detection test for the diagnosis of SARS-CoV-2",Evaluation of novel antigen-based rapid detection test for the diagnosis of SARS-CoV-2 in respiratory samples
qsn9l3qm,yza5kfv1,0.9827598,Alteraciones de la coagulación en la COVID-19,Reorganización de la actividad asistencial ambulatoria en la era de la COVID-19. La hora de la e-consulta
765o8ba2,m3drgeg2,0.9827087,Verunsicherung und der Verlust an Eindeutigkeiten,Zusammenspiel der Blockchain und der Künstlichen Intelligenz in der Logistik – Zukunftsaussichten und Potenziale
txa3dm6u,zfvr7ek3,0.98269564,[COVID-19 myopericarditis: A case report]./ Miopericarditis por COVID-19: a propósito de un caso,Miopericarditis por COVID-19: a propósito de un caso
kn5epd79,vatqqxfi,0.9826679,Tratamientos endodónticos en el contexto de la pandemia por COVID-19/ Endodontic tretaments in the context of the COVID-19 pandemic,Tratamientos endodónticos en el contexto de la pandemia por COVID-19
h0yqv785,j6u2mxhy,0.98265713,IMPACTO COVID-19 EN LA URGENCIA Y HOSPITALIZACIÓN DE UN HOSPITAL TERCIARIO. LECCIONES DE GESTIÓN APRENDIDAS,DESCRIPCION DE UN MODELO OVINO PARA LA PRUEBA DE VENTILADORES DE EMERGENCIA EN LA PANDEMIA DE COVID-19
0ibgm3us,fkfjet0c,0.98264444,Impact of the COVID pandemic on gynaecological cancer surgery - COVIDSurg gynaecological-cancer results,Impact of the COVID pandemic on gynaecological cancer surgery - results from the COVIDSurg gynaecological cancer international study
87d8lnsx,lhsfyn1n,0.9826339,Extrapulmonary Manifestations of Severe Acute Respiratory Syndrome Coronavirus-2 (SARS-CoV-2) Infection,Severe Acute Respiratory Syndrome Coronavirus 2 (SARS-CoV-2)
os0sslxc,krlcuypq,0.9826093,Waning Effectiveness of the Third Dose of the BNT162b2 mRNA COVID-19 Vaccine,Effectiveness of a Third Dose of BNT162b2 mRNA Vaccine
w5nh0y5u,dpdz28e6,0.98258644,"Government Actions and Their Relation to Resilience in Healthcare During the COVID-19 Pandemic in New South Wales, Australia and Ontario, Canada.","Adaptation, Transformation and Resilience in Healthcare Comment on ""Government Actions and Their Relation to Resilience in Healthcare During the COVID-19 Pandemic in New South Wales, Australia and Ontario, Canada""."
s5p1h4k3,21f8lsfd,0.9825825,Multiple drugs: Various toxicities and off-label use: case report,Multiple drugs: Inefficacy following off-label use: case report
s0lkeo3s,n5lv12aw,0.98252904,La eficacia de la enseñanza a distancia durante el confinamiento por COVID-19 en las zonas de baja cobertura de la España vaciada. El caso de Salamanca,Norma técnica de salud para la adecuación de la organización de los servicios de salud con énfasis en el Primer Nivel de Atención de Salud frente a la pandemia por COVID-19 en el Perú
tiofwfem,jw0jl9g4,0.9825156,Multiple drugs: Various toxicities with lack of efficacy and off label use: case report,"Multiple drugs: Recurrence of COVID-19 infection, off-label use and lack of efficacy: case report"
jw0jl9g4,n2faqe14,0.9825156,"Multiple drugs: Recurrence of COVID-19 infection, off-label use and lack of efficacy: case report","Multiple drugs: Various toxicities, off-label use and lack of efficacy: case report"
ty4pi5b1,vatqqxfi,0.9825004,Evaluación De La Consulta Telemática En Cirugía Endocrina Durante El Confinamiento Por COVID-19,Tratamientos endodónticos en el contexto de la pandemia por COVID-19
o4d5o8ck,qwenxn3i,0.98249614,In reply to Limaye et al. (2020),Reply to Gille et al.
ds5ig00p,qwenxn3i,0.98249614,Reply to Morje et al.,Reply to Gille et al.
xjnzx9dm,qwenxn3i,0.98249614,Reply to Hasford and to Spinola et al,Reply to Gille et al.
ssbreehh,qwenxn3i,0.98249614,Reply to Chowdhary et al,Reply to Gille et al.
qwenxn3i,qzbyw2fo,0.98249614,Reply to Gille et al.,Reply to Barthell et al.
4iv8ebgq,1c8juvru,0.9824949,SARS-CoV-2 Infection and Guillain-Barré Syndrome,Guillain-Barré syndrome after SARS-CoV-2 infection
862mvafw,l5x6cxxi,0.9824834,Comparison of the SARS-CoV-2 (2019-nCoV) M protein with its Counterparts of SARS-CoV and MERS-CoV Species,"A Comprehensive Review of Animal Models for Coronaviruses: SARS-CoV-2, SARS-CoV, and MERS-CoV"
b42uxvex,ugffeegr,0.9824345,The Cutaneous Manifestations Associated with COVID-19: A review,A Comprehensive Review of Cutaneous Manifestations Associated with COVID-19
skyuqz6s,682jry9g,0.9824322,Reporte de situacion COVID-19 Colombia No 86: 22 de junio de 2020,Reporte de situación COVID-19 Cuba No. 25 (3 de agosto de 2020)
682jry9g,abdcyzvi,0.9824322,Reporte de situación COVID-19 Cuba No. 25 (3 de agosto de 2020),Reporte de situacion COVID-19 Colombia No 87: 23 de junio de 2020
578c9ut5,yiolwxqy,0.9824096,2020 CIS Annual Meeting: Immune Deficiency & Dysregulation North American Conference,2012 CIS Annual Meeting: Primary Immune Deficiency Diseases North American Conference
yiolwxqy,e1phpqes,0.9824096,2012 CIS Annual Meeting: Primary Immune Deficiency Diseases North American Conference,2018 CIS Annual Meeting: Immune Deficiency & Dysregulation North American Conference
1ru7b1lr,nxtqmwnu,0.9823721,Streptokinase: Lack of efficacy: case report,Gammaglobulin: Lack of efficacy: case report
8z8xbtwn,5ij0nzjs,0.98235106,Respuesta a «Efectividad de la vacuna de ARNm COVID-19 en personal sanitario»,Impacto de la pandemia por COVID-19 en la actividad de la enfermera de práctica avanzada en enfermedad inflamatoria intestinal en una unidad de referencia
5ij0nzjs,vc7gpm9h,0.98235106,Impacto de la pandemia por COVID-19 en la actividad de la enfermera de práctica avanzada en enfermedad inflamatoria intestinal en una unidad de referencia,Respuesta a «Efectividad de la vacuna de ARNm COVID-19 en personal sanitario»
n7csdvza,wn5r2kkb,0.98231554,Hydroxychloroquine: Various toxicities: 7 case reports,Tozinameran: Various toxicities: 18 case reports
8hwi66w4,n7csdvza,0.98231524,Azd-1222: Various toxicities: 9 case reports,Hydroxychloroquine: Various toxicities: 7 case reports
f884wkuc,idrwglbr,0.9823118,Epidemiological characteristics of 17 imported patients infected with SARS-CoV-2 Omicron variant.,Clinical Characteristics of COVID-19 Patients Infected by the Omicron Variant of SARS-CoV-2
xgrgv7e9,5c0ieklb,0.9823046,"Factores relacionados con la neumonía bacteriana en pacientes con COVID-19 en una unidad de cuidados intensivos de Barranquilla, Colombia",Impacto de la terapia con corticoides en la supervivencia de los pacientes críticos COVID-19 ingresados en una unidad de cuidados intensivos
s5qjobr8,5kvu8o2h,0.9822947,"Reducción de la tasa de incidencia de bronquiolitis aguda y de las hospitalizaciones asociadas a la enfermedad, durante la pandemia de COVID-19",Analisis De La Difusión Y Utilidad Percibida A Través De La Implementación De Una Plataforma De Formación Virtual Durante La Pandemia Por COVID-19
mm7ymthn,6f95gdu4,0.9822236,"COVID-19 Research in Brief: December, 2019 to June, 2020.","COVID-19 Research in Brief: 13 June to 19 June, 2020."
79qyqagr,fozw0wsv,0.9821887,A review novel coronavirus,Novel coronavirus- A comprehensive review
vkehuhy9,5ij0nzjs,0.98217744,Teleconsulta en una unidad de coloproctología durante la pandemia de COVID-19. Resultados preliminares./ Teleconsulta en una unidad de coloproctología durante la pandemia de COVID-19. Resultados preliminares./ Teleconsultation in a coloproctology unit during the COVID-19 pandemic. Preliminary results,Impacto de la pandemia por COVID-19 en la actividad de la enfermera de práctica avanzada en enfermedad inflamatoria intestinal en una unidad de referencia
uppi75m4,liq62vko,0.98217523,Structural Analysis of Spike Protein Mutations in the SARS-CoV-2 P.3 Variant,Structural Ramifications of Spike Protein D614G Mutation in SARS-CoV-2
dnaxdi06,rap59p8h,0.9821587,Vicisitudes y retos pedagógicos en medio de la emergencia sanitaria - La formación médica en tiempos de Covid19,Evolución e impacto de la infodemia en la población infantil en tiempos de COVID-19
3bcw2z9r,cd2y33hc,0.9821468,Disnea en tiempos de COVID-19,En tiempos de coronavirus
s243y7xb,d992rll4,0.9821113,Adaptive Evolution of Peptide Inhibitors for Mutating SARS-CoV-2 (preprint),Adaptive Evolution of Peptide Inhibitors for Mutating SARS-CoV-2
quee5dy5,sbrx3uym,0.9821085,Actualización de la situación epidemiológica de la infección por SARS-CoV-2 en España. Comentarios a las recomendaciones de manejo de la infección en pediatría,Repercusión de la pandemia por COVID-19 en la formación de los residentes de neurología españoles
ejowefav,rl3o5a1g,0.9821008,SARS-CoV-2 Antibody persistence in COVID-19 convalescent plasma donors,Dynamics of antibodies to SARS-CoV-2 in convalescent plasma donors
8rus2z25,bo72cpk6,0.9820429,Aproximación a la respuesta comunitaria a la pandemia por COVID-19 de los equipos de Atención Primaria de Salud aragoneses,"Consideraciones para la reorganización de los servicios oncológicos durante la pandemia de COVID-19, 26 de mayo del 2020"
3dyt2off,mn6b1ls0,0.9820398,413. Association of SARS-CoV-2 Genomic Load in Nasopharyngeal Samples with Adverse COVID-19 Patient Outcomes: A Retrospective Analysis from an Academic Hospital Center in New York City,Association of SARS-CoV-2 genomic load trends with clinical status in COVID-19: A retrospective analysis from an academic hospital center in New York City
ydfe06ua,j3j6kfo3,0.9820341,Multiple assays in a real-time RT-PCR SARS-CoV-2 panel can mitigate the risk of loss of sensitivity by new genomic variants during the COVID-19 outbreak,In Response to: Multiple assays in a real-time RT-PCR Severe Acute Respiratory Syndrome Coronavirus-2 (SARS-CoV-2) panel can mitigate the risk of loss of sensitivity by new genomic variants during the COVID-19 outbreak
gt1nlh1t,hi5bmkaw,0.9819517,Structure of SARS-CoV-2 Spike Protein,Mutation in SARS-CoV-2 spike protein
vmat1nq3,jv4lhadp,0.98195004,Multiple drugs: Lack of efficacy: case report,Multiple drugs: COVID-19 infection and lack of efficacy: 8 case reports
me4u1chm,jv4lhadp,0.98195004,Multiple drugs: Lack of efficacy: case report,Multiple drugs: COVID-19 infection and lack of efficacy: 8 case reports
16zp6dc4,jv4lhadp,0.98195004,Multiple drugs: Lack of efficacy: case report,Multiple drugs: COVID-19 infection and lack of efficacy: 8 case reports
20f2yl12,h7f15s7a,0.9819498,Baseline cardiometabolic profiles and SARS-CoV-2 infection in the UK Biobank,Baseline Cardiometabolic Profiles and SARS-CoV-2 Risk in the UK Biobank
h7f15s7a,zwz0sbat,0.9819498,Baseline Cardiometabolic Profiles and SARS-CoV-2 Risk in the UK Biobank,Baseline cardiometabolic profiles and SARS-CoV-2 infection in the UK Biobank
ivxcwrtr,jz470s39,0.9819436,Seven days in medicine: 2-8 February 2022.,Seven days in medicine: 15-21 April 2020.
ivxcwrtr,mamczs8s,0.9819436,Seven days in medicine: 2-8 February 2022.,Seven days in medicine: 28 April to 4 May 2021
e5lyedwx,l5x6cxxi,0.9819236,"Diversity in the Accessory Proteins of SARS-CoV-2, SARS-CoV, and MERS-CoV Betacoronaviruses","A Comprehensive Review of Animal Models for Coronaviruses: SARS-CoV-2, SARS-CoV, and MERS-CoV"
80br2wjg,nlftehmi,0.98189723,Automatic COVID-19 detection from X-ray images using ensemble learning with convolutional neural network,Covid-19: Automatic detection from X-Ray images utilizing Transfer Learning with Convolutional Neural Networks
21f8lsfd,z8agk99r,0.9818783,Multiple drugs: Inefficacy following off-label use: case report,Multiple drugs: Thrombocytopenia and off-label use: 2 case reports
87d8lnsx,3e39wuah,0.981865,Extrapulmonary Manifestations of Severe Acute Respiratory Syndrome Coronavirus-2 (SARS-CoV-2) Infection,The liver in severe acute respiratory syndrome coronavirus 2 (SARS-CoV-2) infection
51ipnv6l,f01khqqr,0.9818638,Therapeutic Strategy for Patients with Coronavirus Disease 2019 During Left Ventricular Assist Device Supports,Therapeutic Strategy for Coronavirus Disease 2019 in Patients on Durable Left Ventricular Assist Device Support
omrscwdw,lq2dab3w,0.98185587,COVID-19 and acute kidney injury; A case report,Vancomycin: Acute kidney injury: case report
2ip9nqwv,7l44llz4,0.98184806,COVID-19 outbreak: succinct advice for dentists and oral healthcare professionals,Critical comments on COViD-19 outbreak: succinct advice for dentists and oral healthcare professionals by Cirillo (2020)
rap59p8h,akmjwqy0,0.98184294,Evolución e impacto de la infodemia en la población infantil en tiempos de COVID-19,Percepción de la memoria en estudiantes universitarios de Venezuela durante la COVID-19
ps20lzob,z72znfgr,0.98183125,Dynamics of B cell repertoires and emergence of cross-reactive responses in patients with different severities of COVID-19,Dynamics of B-cell repertoires and emergence of cross-reactive responses in COVID-19 patients with different disease severity
dhnvsyxs,c6009y21,0.9818034,El impacto de la Covid-19 sobre el periodismo de inmigración en España continuidades aceleradas y posibles rupturas,Propuesta de análisis territorial para enfrentar la pandemia por SARSCoV-2 basado en el Perfil de neumonía e Influenza en el Ecuador 2016-2018
gzxqqs20,ukxtj0x5,0.9817698,Covid-19 face mask detection using convolutional neural network and image processing,Image Analysis on Individual Identification of Face Mask Monitoring Using Convolutional Neural Network
e3n2odwm,zwr6zu6i,0.9817661,Hydroxychloroquine: Lack of efficacy during off label use treatment: case report,Antibacterials/corticosteroids/dexamethasone: Lack of efficacy and off-label use: case report
ufjp6qnm,e33l20o3,0.981742,Diseño de una propuesta de formación binacional en competencias digitales con docentes de educación superior en tiempo de Covid-19,Efectividad de un programa de implantación de sistemas de monitorización flash de glucosa a través de una intervención educativa grupal y telemática en adultos con diabetes tipo 1
00lod5tc,pblpyr0p,0.9817399,Daño colateral de la pandemia por COVID-19 en centros privados de salud de Argentina,Relevancia de marcadores de daño miocárdico en la evolución de los pacientes con COVID-19. Respuesta
vvv05xdy,3lnz5g52,0.98173296,Reinfección confirmada por SARS-CoV-2 en profesional sanitario detectada mediante un programa de control de la infección intrahospitalaria,Cirugia urologica durante la pandemia por SARS-CoV-2. Analisis descriptivo de la experiencia en un Servicio de Urologia durante distintas fases epidemiologicas
nkk4ezdz,rap59p8h,0.9817111,Inferencia Variacional para la estimación de mortalidad COVID-19 en Portoviejo,Evolución e impacto de la infodemia en la población infantil en tiempos de COVID-19
8z8xbtwn,j6u2mxhy,0.9816849,Respuesta a «Efectividad de la vacuna de ARNm COVID-19 en personal sanitario»,DESCRIPCION DE UN MODELO OVINO PARA LA PRUEBA DE VENTILADORES DE EMERGENCIA EN LA PANDEMIA DE COVID-19
vc7gpm9h,j6u2mxhy,0.9816849,Respuesta a «Efectividad de la vacuna de ARNm COVID-19 en personal sanitario»,DESCRIPCION DE UN MODELO OVINO PARA LA PRUEBA DE VENTILADORES DE EMERGENCIA EN LA PANDEMIA DE COVID-19
2f6nj4to,1en3a9vc,0.9816588,Systematic Review and Meta-analysis of the Effectiveness and Safety of Hydroxychloroquine in COVID-19.,Safety and Efficacy of Remdesivir for the Treatment of COVID-19: A Systematic Review and Meta-Analysis
6hred82i,qsn9l3qm,0.98164415,La Promoción de la Salud en el contexto de la Pandemia de COVID 19,Alteraciones de la coagulación en la COVID-19
lyj5ln1t,nxwe1su8,0.9816375,Correction to Lancet Infect Dis 2021; online Sept 14. https://doi.org/10.1016/S1473-3099(21)00472-2,Correction to Lancet Infect Dis 2021; published online Jan 20. https://doi.org/10.1016/S1473-3099(20)30990-7
h0yqv785,rap59p8h,0.98162663,IMPACTO COVID-19 EN LA URGENCIA Y HOSPITALIZACIÓN DE UN HOSPITAL TERCIARIO. LECCIONES DE GESTIÓN APRENDIDAS,Evolución e impacto de la infodemia en la población infantil en tiempos de COVID-19
05o4trx3,m3wm5wly,0.98162144,En medio de la crisis sanitaria y la crisis sociopolítica: cuidados comunitarios y afrontamiento de las consecuencias de la pandemia de la covid-19 en Santiago de Chile,La GESTIÓN de la PANDEMIA de COVID-19 EN las RESIDENCIAS GERIÁTRICAS de CATALUÑA
wqi4fzkt,8bk1h8fk,0.9816042,Eine Impfdosis für SARS-CoV-2-Positive,Covid-19/SARS-CoV-2 -(k)eine polizeiliche Einsatzlage
682jry9g,vfpfpwqc,0.98152655,Reporte de situación COVID-19 Cuba No. 25 (3 de agosto de 2020),"COVID-19 reporte de situación 28: Paraguay, 02 de octubre de 2020"
e5lyedwx,crt9w2ql,0.9815062,"Diversity in the Accessory Proteins of SARS-CoV-2, SARS-CoV, and MERS-CoV Betacoronaviruses","The miRNA COMPLEXES AGAINST CORONAVIRUSES SARS-CoV-2, SARS-CoV, and MERS-CoV"
928uk5zf,d597hjwq,0.981422,Pneumomediastinum in COVID-19 Patients with Acute Respiratory Distress Syndrome.,Pneumomediastinum in Acute Respiratory Distress Syndrome from COVID-19
928uk5zf,ojk3m6n9,0.981422,Pneumomediastinum in COVID-19 Patients with Acute Respiratory Distress Syndrome.,Pneumomediastinum in Acute Respiratory Distress Syndrome from COVID-19
nf4pmsqh,1g04uuj6,0.98142064,Liver Disease Associated with Viral Infections,Liver Disease Associated With Systemic Viral Infection
bni08i8z,9onliqo8,0.9814059,La radiología en el diagnóstico de la neumonía por SARS-CoV-2 (COVID-19)./ La radiología en el diagnóstico de la neumonía por SARS-CoV-2 (COVID-19)./ Radiological findings for diagnosis of SARS-CoV-2 pneumonia (COVID-19),Utilidad de la radiografía de tórax en el contexto de la pandemia por SARS-CoV-2/ Usefulness Of Chest Radiography In The Context Of The SARS-CoV-2 Pandemic
8z8xbtwn,cdcd5y2y,0.9813196,Respuesta a «Efectividad de la vacuna de ARNm COVID-19 en personal sanitario»,Impacto de la pandemia de la COVID-19 en los síntomas de salud mental y actuaciones de Fisioterapia
cdcd5y2y,vc7gpm9h,0.9813196,Impacto de la pandemia de la COVID-19 en los síntomas de salud mental y actuaciones de Fisioterapia,Respuesta a «Efectividad de la vacuna de ARNm COVID-19 en personal sanitario»
rvzcpy0u,0sjiwjlx,0.9813079,Nurses on the front line: The 1918 influenza pandemic and COVID-19.,Nurses on the front line: The 1918 influenza and COVID-19 pandemics.
joqa1pt1,bni08i8z,0.9812284,Prevención de la infección por SARS-COV-2 en procedimientos terapéuticos y/o diagnósticos,La radiología en el diagnóstico de la neumonía por SARS-CoV-2 (COVID-19)./ La radiología en el diagnóstico de la neumonía por SARS-CoV-2 (COVID-19)./ Radiological findings for diagnosis of SARS-CoV-2 pneumonia (COVID-19)
joqa1pt1,gbcepy4k,0.9812236,Prevención de la infección por SARS-COV-2 en procedimientos terapéuticos y/o diagnósticos,Aplicación de escalas pronósticas de gravedad en la neumonía por SARS-CoV-2
98p2z51x,1zksf7bh,0.98120356,Azithromycin/hydroxychloroquine: QTc prolongation following off-label use: 2 case reports,Azithromycin/hydroxychloroquine/tocilizumab: QTc prolongation and off label use: case report
zula3cx0,ifbdatq0,0.98119414,A Prospective Study of Neurologic Disorders in Hospitalized COVID-19 Patients in New York City,Reader Response: A Prospective Study of Neurologic Disorders in Hospitalized Patients With COVID-19 in New York City.
gsz1rbkq,6272bbkf,0.9811831,Stay-at-home policy is a case of exception fallacy: an internet-based ecological study,Retraction Note: Stay-at-home policy is a case of exception fallacy: an internet-based ecological study
e2xzwtlm,jb1k1x6g,0.98117113,El inédito contexto de la migración internacional en tiempos de COVID-19,"El cuidado de Enfermería, relevancia en el contexto de la pandemia COVID-19"
fd41czxh,v2l76fs8,0.9811552,Middle East Respiratory Syndrome-Coronavirus (MERS-CoV) Infection,"Review on coronavirus, a middle east respiratory syndrome (MERS-CoV)"
dnaxdi06,1bkc7hii,0.98110765,Vicisitudes y retos pedagógicos en medio de la emergencia sanitaria - La formación médica en tiempos de Covid19,Prueba de solvencia a la neologiá terminológica en espanõl en tiempos de pandemia: Los repertorios terminológicos
vx84z9d7,dt1f6ypu,0.981088,COVID-19 Australia: Epidemiology Report 57: Reporting period ending 16 January 2022,COVID-19 Australia: Epidemiology Report 27: Fortnightly reporting period ending 11 October 2020
jz470s39,7xcs857w,0.9810757,Seven days in medicine: 15-21 April 2020.,Seven days in medicine: 6-12 January 2021
7xcs857w,mamczs8s,0.9810757,Seven days in medicine: 6-12 January 2021,Seven days in medicine: 28 April to 4 May 2021
cdcd5y2y,j6u2mxhy,0.9810731,Impacto de la pandemia de la COVID-19 en los síntomas de salud mental y actuaciones de Fisioterapia,DESCRIPCION DE UN MODELO OVINO PARA LA PRUEBA DE VENTILADORES DE EMERGENCIA EN LA PANDEMIA DE COVID-19
quee5dy5,5ij0nzjs,0.9810405,Actualización de la situación epidemiológica de la infección por SARS-CoV-2 en España. Comentarios a las recomendaciones de manejo de la infección en pediatría,Impacto de la pandemia por COVID-19 en la actividad de la enfermera de práctica avanzada en enfermedad inflamatoria intestinal en una unidad de referencia
0vrmvcee,24m4rh9w,0.98102325,Genomics-guided tracing of SARS-CoV-2 targets in human cells identifies Vitamin D and Quercetin as candidate medicinal agents for mitigation of the severity of pandemic COVID-19,"Tripartite Combination of Candidate Pandemic Mitigation Agents: Vitamin D, Quercetin, and Estradiol Manifest Properties of Medicinal Agents for Targeted Mitigation of the COVID-19 Pandemic Defined by Genomics-Guided Tracing of SARS-CoV-2 Targets in Human Cells"
96w1m0h3,f73wpmye,0.981009,The impact of COVID-19 on pregnancy outcomes: a systematic review and meta-analysis,“Impact of Corticosteroids in COVID-19 Outcomes: Systematic Review and Meta-Analysis”
axxbt366,n5lv12aw,0.98100823,"Consideraciones relativas a las medidas de salud pública y sociales en el lugar de trabajo en el contexto de la COVID-19: anexo a las consideraciones relativas a los ajustes de las medidas de salud pública y sociales en el contexto de la COVID-19, 10 de mayo de 2020",Norma técnica de salud para la adecuación de la organización de los servicios de salud con énfasis en el Primer Nivel de Atención de Salud frente a la pandemia por COVID-19 en el Perú
poz4ky19,dix7itxx,0.9809768,The association of hemoglobin drop with inhospital outcomes in covid-19 patients,The Association of Hemoglobin Drop with In-Hospital Outcomes in Covid-19 Patients
9plm1fn5,cmuqia1p,0.9809758,Corrigendum: Management of primary cutaneous lymphoma patients during COVID-19 pandemic: EORTC CLTF guidelines.,Management of primary cutaneous lymphoma patients during COVID-19 pandemic: EORTC CLTF guidelines
4ueddkrl,ertwnjdd,0.9809696,"Prevalencia y factores asociados a depression Prevalencia y factores asociados a depresión en personal de salud durante la pandemia de SARS-CoV-2 en el departamento de Piura, Perú*",Management recommendation of reproductive medicine patients in SARS-CoV-2 time: A literature summarize/ Recomendaciones en el manejo de pacientes de medicina reproductiva en tiempos de SARS-CoV-2: Un resumen de la literatura
rrhs81ao,nht5v27o,0.980969,Simultaneous detection of feline parvovirus and feline bocavirus using SYBR Green I-based duplex real-time polymerase chain reaction,A duplex SYBR Green I-based real time real-time polymerase chain reaction assay for concurrent detection of feline parvovirus and feline coronavirus.
146wdlne,mpy18762,0.98096126,Tozinameran: Multisystem inflammatory syndrome: 3 case reports,Tozinameran: Multisystem inflammatory syndrome: case report
jb1k1x6g,5mye4j5w,0.98095655,"El cuidado de Enfermería, relevancia en el contexto de la pandemia COVID-19","El programa de inmunización en el contexto de la pandemia de COVID-19, versión 2 (24 de abril del 2020)"
489w1tce,fecdsggg,0.9809544,Las pérdidas en la infancia y las consecuencias de la no elaboración de los duelos en el psiquismo,El impacto de la pandemia de la COVID-19 en el control de las enfermedades crónicas en atención primaria
a0l7le31,cllr3url,0.9809166,Manutenção de serviços essenciais de saúde: orientação operacional para o contexto da COVID-19 Orientação provisória 1º de junho de 2020,"Cuidados para profissionais da saúde expostos ao novo coronavírus (COVID-19) em estabelecimentos de saúde Orientação provisória, 13 de abril de 2020"
05o4trx3,3fsnn6tu,0.98089975,En medio de la crisis sanitaria y la crisis sociopolítica: cuidados comunitarios y afrontamiento de las consecuencias de la pandemia de la covid-19 en Santiago de Chile,IMPACTO DE LA COVID-19 EN LA FORMA DE PRESENTACIÓN Y EVOLUCIÓN DE LA APENDICITIS AGUDAS EN PEDIATRÍA
s5qjobr8,cdcd5y2y,0.9808983,"Reducción de la tasa de incidencia de bronquiolitis aguda y de las hospitalizaciones asociadas a la enfermedad, durante la pandemia de COVID-19",Impacto de la pandemia de la COVID-19 en los síntomas de salud mental y actuaciones de Fisioterapia
q6tbj3z5,ou3qkalm,0.9808886,Identification of Potential Flavonoid Inhibitors of the SARS-CoV-2 Main Protease 6YNQ: A Molecular Docking Study,Identification of potential natural inhibitors of SARS-CoV2 main protease by molecular docking and simulation studies
bzoldk0a,427j14t9,0.9808705,Revisión: El control de la infección por SARS-CoV-2 en prisiones,Tratamiento inmunosupresor en pulsos en esclerosis múltiple durante el desescalado de la epidemia por SARS-CoV-2. Algoritmo de seguridad
fmzts3hm,c6009y21,0.98086095,Mortalidad por suicidio en España en 2020: el impacto de la pandemia por COVID-19,Propuesta de análisis territorial para enfrentar la pandemia por SARSCoV-2 basado en el Perfil de neumonía e Influenza en el Ecuador 2016-2018
liq62vko,xrsu3qdd,0.9808606,Structural Ramifications of Spike Protein D614G Mutation in SARS-CoV-2,Structural impact on SARS-CoV-2 spike protein by D614G substitution
941hz7vk,oe2a5k35,0.980853,Spotlight Altered Cholesterol and Lipid Synthesis Mediates Hyperinflammation in COVID-19,Altered Cholesterol and Lipid Synthesis Mediates Hyperinflammation in COVID-19
akf0x6g6,ahumgh3i,0.98084414,La semFYC y la Medicina de Familia en tiempos del Coronavirus./ [semFYC and Family Medicine in the time of the Coronavirus],La semFYC y la Medicina de Familia en tiempos del Coronavirus
xmjmwxfn,pg44jm2t,0.98082924,55. Jahrestagung der Deutschen Gesellschaft für Neuroradiologie e.V.,Mitteilungen der Deutschen Schmerzgesellschaft e.V.
61w6rve9,pg44jm2t,0.98082924,Mitteilungen der Deutschen Gesellschaft für Neurologie,Mitteilungen der Deutschen Schmerzgesellschaft e.V.
4z26igx1,pg44jm2t,0.98082924,Mitteilungen der Deutschen Gesellschaft für Neurologie,Mitteilungen der Deutschen Schmerzgesellschaft e.V.
plzxntsy,pg44jm2t,0.98082924,Mitteilungen der Deutschen Gesellschaft für Neurologie,Mitteilungen der Deutschen Schmerzgesellschaft e.V.
eeol4xkf,pg44jm2t,0.98082924,Mitteilungen der Deutschen Gesellschaft für Epileptologie e. V.,Mitteilungen der Deutschen Schmerzgesellschaft e.V.
s5qjobr8,m3wm5wly,0.9807958,"Reducción de la tasa de incidencia de bronquiolitis aguda y de las hospitalizaciones asociadas a la enfermedad, durante la pandemia de COVID-19",La GESTIÓN de la PANDEMIA de COVID-19 EN las RESIDENCIAS GERIÁTRICAS de CATALUÑA
24prlzih,aw4ft54r,0.98079365,Toxicidad Pulmonar Por Carmustina: Un Diagnóstico A Considerar A Pesar De La Época De Covid,MANIFESTACIONES CUTANEAS DE LA INFECCION POR COVID 19. A PROPOSITO DE UN CASO
8z8xbtwn,3fsnn6tu,0.98079,Respuesta a «Efectividad de la vacuna de ARNm COVID-19 en personal sanitario»,IMPACTO DE LA COVID-19 EN LA FORMA DE PRESENTACIÓN Y EVOLUCIÓN DE LA APENDICITIS AGUDAS EN PEDIATRÍA
3fsnn6tu,vc7gpm9h,0.98079,IMPACTO DE LA COVID-19 EN LA FORMA DE PRESENTACIÓN Y EVOLUCIÓN DE LA APENDICITIS AGUDAS EN PEDIATRÍA,Respuesta a «Efectividad de la vacuna de ARNm COVID-19 en personal sanitario»
ty4pi5b1,esuz0ul3,0.9807876,Evaluación De La Consulta Telemática En Cirugía Endocrina Durante El Confinamiento Por COVID-19,Herramientas para la evaluación de la disnea y el compromiso respiratorio en pacientes atendidos por teléfono o video-llamada en el contexto de la pandemia por COVID-19
9dix2m4c,hsy5plk2,0.9807724,"Mechanism and inhibition of the papain-like protease, PLpro, of SARS-CoV-2",Deubiquitinating Activity of the SARS-CoV Papain-Like Protease
5rxpucic,swgepdvt,0.9807351,Anti-SARS-CoV-2 antibody responses are attenuated in patients with IBD treated with infliximab,Antibody responses to SARS-CoV-2 infection are attenuated in infliximab-treated patients with IBD
e3n2odwm,v0wot8zy,0.9807265,Hydroxychloroquine: Lack of efficacy during off label use treatment: case report,Multiple drugs: Off label use and lack of efficacy: case report
qjzrw30j,e3n2odwm,0.9807264,Multiple drugs: Lack of efficacy and off label use: case report,Hydroxychloroquine: Lack of efficacy during off label use treatment: case report
gbj2v8uz,e3n2odwm,0.9807264,Multiple drugs: Lack of efficacy and off-label use: case report,Hydroxychloroquine: Lack of efficacy during off label use treatment: case report
s2fnwvow,e3n2odwm,0.9807264,Multiple drugs: Lack of efficacy and off label use : case report,Hydroxychloroquine: Lack of efficacy during off label use treatment: case report
vatqqxfi,dhnvsyxs,0.98072565,Tratamientos endodónticos en el contexto de la pandemia por COVID-19,El impacto de la Covid-19 sobre el periodismo de inmigración en España continuidades aceleradas y posibles rupturas
ovqyu9ck,bni08i8z,0.98071116,Manifestaciones cutáneas en el contexto de la infección por SARS-CoV-2 (COVID-19)./ Manifestaciones cutáneas en el contexto de la infección por SARS-CoV-2 (COVID-19)./ Cutaneous Manifestations in the Context of SARS-CoV-2 Infection (COVID-19),La radiología en el diagnóstico de la neumonía por SARS-CoV-2 (COVID-19)./ La radiología en el diagnóstico de la neumonía por SARS-CoV-2 (COVID-19)./ Radiological findings for diagnosis of SARS-CoV-2 pneumonia (COVID-19)
cdcd5y2y,8rus2z25,0.98069316,Impacto de la pandemia de la COVID-19 en los síntomas de salud mental y actuaciones de Fisioterapia,Aproximación a la respuesta comunitaria a la pandemia por COVID-19 de los equipos de Atención Primaria de Salud aragoneses
3fsnn6tu,j6u2mxhy,0.9806868,IMPACTO DE LA COVID-19 EN LA FORMA DE PRESENTACIÓN Y EVOLUCIÓN DE LA APENDICITIS AGUDAS EN PEDIATRÍA,DESCRIPCION DE UN MODELO OVINO PARA LA PRUEBA DE VENTILADORES DE EMERGENCIA EN LA PANDEMIA DE COVID-19
68xtnt6h,kw1gn99o,0.9806824,Human coronaviruses 229E and OC43 replicate and induce distinct anti-viral responses in differentiated primary human bronchial epithelial cells,Human coronaviruses 229E and OC43 replicate and induce distinct antiviral responses in differentiated primary human bronchial epithelial cells
zg2v4h2u,jz470s39,0.98068047,Seven days in medicine: 17-23 June 2020.,Seven days in medicine: 15-21 April 2020.
zg2v4h2u,mamczs8s,0.98068047,Seven days in medicine: 17-23 June 2020.,Seven days in medicine: 28 April to 4 May 2021
1ni2gp50,jz470s39,0.98068047,Seven days in medicine: 17-23 June 2020,Seven days in medicine: 15-21 April 2020.
1ni2gp50,mamczs8s,0.98068047,Seven days in medicine: 17-23 June 2020,Seven days in medicine: 28 April to 4 May 2021
txfxtqrn,tyyec189,0.9806758,COVID-19 vaccines do not trigger psoriasis flares in patients with psoriasis treated with apremilast,COVID-19 vaccine does not trigger psoriasis flares in psoriatic patients treated with apremilast
li01ykji,vuym41xv,0.98065966,Neutralizing antibody responses to SARS-CoV-2 in COVID-19 patients,Antibody responses against SARS‐CoV‐2 in COVID‐19 patients
ojj4hx8h,n5lv12aw,0.9806253,Planificación para la equidad en la salud en la Región de las Américas: análisis de los planes nacionales de salud(*),Norma técnica de salud para la adecuación de la organización de los servicios de salud con énfasis en el Primer Nivel de Atención de Salud frente a la pandemia por COVID-19 en el Perú
esuz0ul3,c6009y21,0.98056865,Herramientas para la evaluación de la disnea y el compromiso respiratorio en pacientes atendidos por teléfono o video-llamada en el contexto de la pandemia por COVID-19,Propuesta de análisis territorial para enfrentar la pandemia por SARSCoV-2 basado en el Perfil de neumonía e Influenza en el Ecuador 2016-2018
ycmmg7d8,95ecq34l,0.9805167,Cronicidad Y Atención Primaria En Tiempos De Pandemia,Enfermedad cardiovascular en tiempos de COVID-19
7h1yscxx,eads671h,0.9804916,Clinical risk scores for the early prediction of severe outocomes in patients hospitalized for COVID-19: comment,Clinical risk scores for the early prediction of severe outcomes in patients hospitalized for COVID-19
3e2sp031,9mpsr23x,0.9804272,Lopinavir/ritonavir: Worsening of liver injury following off-label use: 7 case reports,Lopinavir/ritonavir: Acute kidney injury following off-label use: 8 case reports
highh4xt,037vyj26,0.9804212,Severe Acute Respiratory Syndrome Coronavirus 2 (SARS-CoV-2)-Associated Urogenital Disease: A Current Update,Severe acute respiratory syndrome coronavirus-2 (SARS-CoV-2) infection and thyroid disease. An update
3fsnn6tu,5ij0nzjs,0.9804191,IMPACTO DE LA COVID-19 EN LA FORMA DE PRESENTACIÓN Y EVOLUCIÓN DE LA APENDICITIS AGUDAS EN PEDIATRÍA,Impacto de la pandemia por COVID-19 en la actividad de la enfermera de práctica avanzada en enfermedad inflamatoria intestinal en una unidad de referencia
v8ce3tvm,zwr6zu6i,0.98037726,Colchicine/favipiravir/prednisolone: Lack of efficacy and off label use: case report,Antibacterials/corticosteroids/dexamethasone: Lack of efficacy and off-label use: case report
94x3svb8,d38s5osr,0.98037195,An Interpretable Deep Learning Model for Covid-19 Detection With Chest X-Ray Images,Lightweight deep learning models for detecting COVID-19 from chest X-ray images
8qwgmuea,e6vs21bm,0.98034847,Incidence et pronostic de la COVID-19 chez les malades atteints de maladie bulleuse auto-immune,Acceptabilité de la vaccination contre la Covid-19 chez les patients atteints de maladies rhumatismales chroniques et les professionnels de santé
gpeo348c,3p8ohnvm,0.98034716,Novel Coronavirus 2019 (COVID-19) Pandemic Outbreak: A Comprehensive Review of the Current Literature,2019 Novel Coronavirus (COVID-19) Outbreak: A Review of the Current Literature
s0lkeo3s,ve9gqc4a,0.9803196,La eficacia de la enseñanza a distancia durante el confinamiento por COVID-19 en las zonas de baja cobertura de la España vaciada. El caso de Salamanca,Reflexiones para la reorganización de residencias en el contexto de la pandemia por COVID-19
rpqnrdjo,zd9f3dix,0.9803195,Coronavirus Disease 2019 (COVID-19) Response in Zimbabwe: A Call for Urgent Scale-up of Testing to meet National Capacity,COVID-19 response in Zimbabwe: A Call for Urgent Scale-up of Testing to meet National Capacity
rpqnrdjo,5izdpr4k,0.9803195,Coronavirus Disease 2019 (COVID-19) Response in Zimbabwe: A Call for Urgent Scale-up of Testing to meet National Capacity,COVID-19 response in Zimbabwe: A Call for Urgent Scale-up of Testing to meet National Capacity
5df47pl4,tdw67bug,0.980319,Shorter Androgen Receptor PolyQ Alleles Protect Against Life-Threatening COVID-19 Disease in Males (preprint),Shorter androgen receptor polyQ alleles protect against life-threatening COVID-19 disease in European males
k38we345,9ef3u2mz,0.980274,Emergence of the Middle East Respiratory Syndrome Coronavirus,Infection with Middle East respiratory syndrome coronavirus.
oiz1r79j,c6009y21,0.98026574,"Directiva sanitaria para la atención de salud en el Centro de Aislamiento temporal para pacientes sospechosos sintomáticos y pacientes confirmados de infección por COVID-19, en el marco del Decreto de Urgencia N° 030-2020",Propuesta de análisis territorial para enfrentar la pandemia por SARSCoV-2 basado en el Perfil de neumonía e Influenza en el Ecuador 2016-2018
d5a9s6fj,avuqv5jo,0.9802392,Long-Term Care,Reimagining long-term care
nkk4ezdz,j6u2mxhy,0.98023915,Inferencia Variacional para la estimación de mortalidad COVID-19 en Portoviejo,DESCRIPCION DE UN MODELO OVINO PARA LA PRUEBA DE VENTILADORES DE EMERGENCIA EN LA PANDEMIA DE COVID-19
76bbmnbw,3s142p6u,0.9802252,Letter to the editor regarding the article ‘Prolonged persistence of SARS-CoV-2 in the upper respiratory tract of asymptomatic infected individuals’,Author’s reply to correspondence regarding the article ‘Prolonged persistence of SARS-CoV-2 in the upper respiratory tract of asymptomatic infected individuals’
h0yqv785,5ij0nzjs,0.9801838,IMPACTO COVID-19 EN LA URGENCIA Y HOSPITALIZACIÓN DE UN HOSPITAL TERCIARIO. LECCIONES DE GESTIÓN APRENDIDAS,Impacto de la pandemia por COVID-19 en la actividad de la enfermera de práctica avanzada en enfermedad inflamatoria intestinal en una unidad de referencia
pbgmvutj,yza5kfv1,0.98017937,Telemedicina y humanizacion de la atencion medica en la pandemia Covid-19,Reorganización de la actividad asistencial ambulatoria en la era de la COVID-19. La hora de la e-consulta
55mhfnkj,tzgtj154,0.9801743,"Clinical ethics recommendations for the allocation of intensive care treatments in exceptional, resource-limited circumstances: the Italian perspective during the COVID-19 epidemic","[Clinical ethics recommendations for the allocation of intensive care treatments, in exceptional, resource-limited circumstances.]"
55mhfnkj,1tq5krod,0.9801743,"Clinical ethics recommendations for the allocation of intensive care treatments in exceptional, resource-limited circumstances: the Italian perspective during the COVID-19 epidemic","[Clinical ethics recommendations for the allocation of intensive care treatments, in exceptional, resource-limited circumstances.]"
cdcd5y2y,pblpyr0p,0.9801506,Impacto de la pandemia de la COVID-19 en los síntomas de salud mental y actuaciones de Fisioterapia,Relevancia de marcadores de daño miocárdico en la evolución de los pacientes con COVID-19. Respuesta
05o4trx3,cdcd5y2y,0.9801497,En medio de la crisis sanitaria y la crisis sociopolítica: cuidados comunitarios y afrontamiento de las consecuencias de la pandemia de la covid-19 en Santiago de Chile,Impacto de la pandemia de la COVID-19 en los síntomas de salud mental y actuaciones de Fisioterapia
b1251uc1,sbrx3uym,0.9801378,Registro Español de Hemodinámica y Cardiología Intervencionista. XXX Informe Oficial de la Asociación de Cardiología Intervencionista de la Sociedad Española de Cardiología (1990-2020) en el año de la pandemia de la COVID-19,Repercusión de la pandemia por COVID-19 en la formación de los residentes de neurología españoles
xmjmwxfn,ipjx7jjk,0.9801369,55. Jahrestagung der Deutschen Gesellschaft für Neuroradiologie e.V.,Mitteilungen der Deutschen Gesellschaft für Innere Medizin
ipjx7jjk,61w6rve9,0.9801369,Mitteilungen der Deutschen Gesellschaft für Innere Medizin,Mitteilungen der Deutschen Gesellschaft für Neurologie
ipjx7jjk,4z26igx1,0.9801369,Mitteilungen der Deutschen Gesellschaft für Innere Medizin,Mitteilungen der Deutschen Gesellschaft für Neurologie
ipjx7jjk,plzxntsy,0.9801369,Mitteilungen der Deutschen Gesellschaft für Innere Medizin,Mitteilungen der Deutschen Gesellschaft für Neurologie
ipjx7jjk,eeol4xkf,0.9801369,Mitteilungen der Deutschen Gesellschaft für Innere Medizin,Mitteilungen der Deutschen Gesellschaft für Epileptologie e. V.
6hred82i,j6u2mxhy,0.98011994,La Promoción de la Salud en el contexto de la Pandemia de COVID 19,DESCRIPCION DE UN MODELO OVINO PARA LA PRUEBA DE VENTILADORES DE EMERGENCIA EN LA PANDEMIA DE COVID-19
8z8xbtwn,rap59p8h,0.9801115,Respuesta a «Efectividad de la vacuna de ARNm COVID-19 en personal sanitario»,Evolución e impacto de la infodemia en la población infantil en tiempos de COVID-19
rap59p8h,vc7gpm9h,0.9801115,Evolución e impacto de la infodemia en la población infantil en tiempos de COVID-19,Respuesta a «Efectividad de la vacuna de ARNm COVID-19 en personal sanitario»
yu7w0t9r,64bxnvdg,0.98009604,Identifying Therapeutic Compounds Targeting RNA-Dependent-RNA-Polymerase of Sars-Cov-2,Potential RNA-dependent RNA polymerase inhibitors as prospective therapeutics against SARS-CoV-2
jafoklhs,n0ieojnp,0.9800921,Impacts de l’épidémie COVID 19 sur la Chirurgie Digestive en France et perspectives : Une enquête de la FCVD,Stratégie pour la pratique de la chirurgie digestive et oncologique en situation d’épidémie de COVID-19
bzoldk0a,joqa1pt1,0.9800777,Revisión: El control de la infección por SARS-CoV-2 en prisiones,Prevención de la infección por SARS-COV-2 en procedimientos terapéuticos y/o diagnósticos
ks6j85tc,h0yqv785,0.98005986,Identificación de un brote de SARSCoV-2 (Covid-19) en un centro gerontológico de la Ciudad de México,IMPACTO COVID-19 EN LA URGENCIA Y HOSPITALIZACIÓN DE UN HOSPITAL TERCIARIO. LECCIONES DE GESTIÓN APRENDIDAS
8rus2z25,n5lv12aw,0.9800582,Aproximación a la respuesta comunitaria a la pandemia por COVID-19 de los equipos de Atención Primaria de Salud aragoneses,Norma técnica de salud para la adecuación de la organización de los servicios de salud con énfasis en el Primer Nivel de Atención de Salud frente a la pandemia por COVID-19 en el Perú
9nbsm7ng,n2ljsscz,0.9800471,Liver Transplantation for T2 Hepatocellular Carcinoma in the Covid-19 Pandemic: a New Model Balancing Individual Benefit against Healthcare Resources,Liver Transplantation for T2 Hepatocellular Carcinoma during the COVID-19 Pandemic: A Novel Model Balancing Individual Benefit against Healthcare Resources
7k1cymfl,lj2smot4,0.9800453,La formación de los residentes de Neurología durante la pandemia COVID-19,Aumento de la gravedad de las hemopatías malignas agudas diagnosticadas durante la pandemia COVID-19
05o4trx3,s5qjobr8,0.98000926,En medio de la crisis sanitaria y la crisis sociopolítica: cuidados comunitarios y afrontamiento de las consecuencias de la pandemia de la covid-19 en Santiago de Chile,"Reducción de la tasa de incidencia de bronquiolitis aguda y de las hospitalizaciones asociadas a la enfermedad, durante la pandemia de COVID-19"
s5qjobr8,bo72cpk6,0.97999704,"Reducción de la tasa de incidencia de bronquiolitis aguda y de las hospitalizaciones asociadas a la enfermedad, durante la pandemia de COVID-19","Consideraciones para la reorganización de los servicios oncológicos durante la pandemia de COVID-19, 26 de mayo del 2020"
m9zh44v7,qpv8rv84,0.97999614,Pancytopenia during SARS-CoV-2 infection(),Rhabdomyolysis in SARS-CoV-2 infection
n0m2guj4,tcnpskpy,0.97997534,"The experience of high flow nasal cannula in hospitalized patients with 2019 novel coronavirus–infected pneumonia in Chongqing, China","The experience of high-flow nasal cannula in hospitalized patients with 2019 novel coronavirus-infected pneumonia in two hospitals of Chongqing, China"
pbgmvutj,3fsnn6tu,0.97994834,Telemedicina y humanizacion de la atencion medica en la pandemia Covid-19,IMPACTO DE LA COVID-19 EN LA FORMA DE PRESENTACIÓN Y EVOLUCIÓN DE LA APENDICITIS AGUDAS EN PEDIATRÍA
d9gyri5s,c2j1ri3t,0.97993153,Remdesivir but not famotidine inhibits SARS-CoV-2 replication in human pluripotent stem cell-derived intestinal organoids,Drug inhibition of SARS-CoV-2 replication in human pluripotent stem cell-derived intestinal organoids
zwr6zu6i,h082fpwk,0.9799176,Antibacterials/corticosteroids/dexamethasone: Lack of efficacy and off-label use: case report,Dexamethasone/piperacillin/tazobactam: Lack of efficacy following off-label use: case report
hcwrqh61,c309no7k,0.9798808,CytoSorb purification in critically ill SARS-CoV-2 patients.,Hypertriglyceridemia in Critically Ill Patients With SARS-CoV-2 Infection
6hred82i,ve9gqc4a,0.9798792,La Promoción de la Salud en el contexto de la Pandemia de COVID 19,Reflexiones para la reorganización de residencias en el contexto de la pandemia por COVID-19
evd9zxds,427j14t9,0.97987777,INFLUENCIA DE LA PANDEMIA POR SARS-COV-2 EN EL MANEJO DEL CÁNCER DE MAMA,Tratamiento inmunosupresor en pulsos en esclerosis múltiple durante el desescalado de la epidemia por SARS-CoV-2. Algoritmo de seguridad
crt9w2ql,862mvafw,0.9798717,"The miRNA COMPLEXES AGAINST CORONAVIRUSES SARS-CoV-2, SARS-CoV, and MERS-CoV",Comparison of the SARS-CoV-2 (2019-nCoV) M protein with its Counterparts of SARS-CoV and MERS-CoV Species
zp4oqsp2,wbsaqozm,0.9798688,A Systematic Review of COVID-19 Transmission Dynamics and Clinical Response on Cruise Ships Globally Between January and October 2020,"A review of COVID-19 transmission dynamics and clinical outcomes on cruise ships worldwide, January to October 2020"
05o4trx3,quee5dy5,0.9798457,En medio de la crisis sanitaria y la crisis sociopolítica: cuidados comunitarios y afrontamiento de las consecuencias de la pandemia de la covid-19 en Santiago de Chile,Actualización de la situación epidemiológica de la infección por SARS-CoV-2 en España. Comentarios a las recomendaciones de manejo de la infección en pediatría
ybexz3yk,ws4sree6,0.9798206,"Monitoring the psychological, social, and economic impact of the COVID‐19 pandemic in the population: Context, design and conduct of the longitudinal COVID‐19 psychological research consortium (C19PRC) study","Monitoring the psychological impact of the COVID-19 pandemic in the general population: an overview of the context, design and conduct of the COVID-19 Psychological Research Consortium (C19PRC) Study"
hgkix1zr,hhmb34g5,0.979806,Clinical efficacy and safety of remdesivir in patients with COVID-19: a systematic review and network meta-analysis of randomized controlled trials,Safety and efficacy of colchicine in COVID-19 patients: A systematic review and meta-analysis of randomized control trials
xo1q9574,hhmb34g5,0.979806,Clinical efficacy and safety of remdesivir in patients with COVID-19: a systematic review and network meta-analysis of randomized controlled trials,Safety and efficacy of colchicine in COVID-19 patients: A systematic review and meta-analysis of randomized control trials
g768fi93,n0n4n6ut,0.9797738,Long-Term Virus Evolution in Nature,Chapter 7 Long-term virus evolution in nature
395ynnkm,jhmphkzi,0.9797718,Pityriasis rosea after mRNA COVID-19 vaccination,Pityriasis rosea shortly after mRNA-1273 COVID-19 vaccination
quee5dy5,36s4qspe,0.9797695,Actualización de la situación epidemiológica de la infección por SARS-CoV-2 en España. Comentarios a las recomendaciones de manejo de la infección en pediatría,Impacto del brote de COVID-19 en las listas de espera de cirugía urológica y estrategias de priorización en la era post-COVID-19
6ixxpllx,e5xctrjx,0.97976637,SARS-CoV-2-associated Guillain-Barré syndrome with dysautonomia,Guillain-Barré syndrome related to SARS-CoV-2 infection
e5xctrjx,d8shszq9,0.97976637,Guillain-Barré syndrome related to SARS-CoV-2 infection,SARS-CoV-2 associated guillain-barré syndrome with dysautonomia
zwr6zu6i,auat27bh,0.9797339,Antibacterials/corticosteroids/dexamethasone: Lack of efficacy and off-label use: case report,Azithromycin: Lack of efficacy and off-label use: case report
vatqqxfi,fmzts3hm,0.9797213,Tratamientos endodónticos en el contexto de la pandemia por COVID-19,Mortalidad por suicidio en España en 2020: el impacto de la pandemia por COVID-19
nc3i7y10,flma4egj,0.97971725,Global Safety Database Summary of COVID‑19‑Related Drug Utilization‑Safety Surveillance: A Sponsor's Perspective: An International Journal of Medical Toxicology and Drug Experience,Global Safety Database Summary of COVID-19-Related Drug Utilization-Safety Surveillance: A Sponsor's Perspective
quee5dy5,yr9xa0wm,0.9797142,Actualización de la situación epidemiológica de la infección por SARS-CoV-2 en España. Comentarios a las recomendaciones de manejo de la infección en pediatría,Análisis de las tasas de letalidad de la infección por SARS-CoV-2 en las Comunidades Autónomas de España
cj5r3xt1,k66fen94,0.9796765,Acute upper limb ischemia in a patient with COVID-19,Acute Upper Limb Ischemia as the First Manifestation in a Patient with COVID-19
f6d2mky8,ckcb4m3f,0.97967273,Multigenerational transmission of obesity: A systematic review and meta-analysis.,Obesity in COVID-19: A Systematic Review and Meta-analysis.
g7my9vt9,3eyvq62y,0.97967243,A Rare Case of Acute Hemorrhagic Leukoencephalitis in a COVID-19 Patient,A Case of Acute Encephalitis in COVID-19 Patient: A Rare Complication
v4jfs6h2,ukz73rp2,0.9796705,A natural mutation between SARS-CoV-2 and SARS-CoV determines neutralization by a cross-reactive antibody,Cross-reactive antibody response between SARS-CoV-2 and SARS-CoV infections
eo1ef45l,h9kauadk,0.979667,Maternal and neonatal outcomes of pregnant women with COVID-19 pneumonia: a case-control study,Maternal and Neonatal Outcomes of Pregnant Women With Coronavirus Disease 2019 (COVID-19) Pneumonia: A Case-Control Study
g8vsx1bh,7vy4u073,0.9796573,Efficacy and safety of tocilizumab in hospitalized COVID-19 patients: a systematic review and meta-analysis,Efficacy and safety of remdesivir in hospitalised COVID-19 patients: a systematic review and meta-analysis
1c15qxb8,6ubk3rv7,0.97965425,Self-amplifying RNA SARS-CoV-2 lipid nanoparticle vaccine candidate induces high neutralizing antibody titers in mice,Self-amplifying RNA SARS-CoV-2 lipid nanoparticle vaccine induces equivalent preclinical antibody titers and viral neutralization to recovered COVID-19 patients
6ubk3rv7,oiu80002,0.97965425,Self-amplifying RNA SARS-CoV-2 lipid nanoparticle vaccine induces equivalent preclinical antibody titers and viral neutralization to recovered COVID-19 patients,Self-amplifying RNA SARS-CoV-2 lipid nanoparticle vaccine candidate induces high neutralizing antibody titers in mice
e2xzwtlm,5mye4j5w,0.9796509,El inédito contexto de la migración internacional en tiempos de COVID-19,"El programa de inmunización en el contexto de la pandemia de COVID-19, versión 2 (24 de abril del 2020)"
m0dp7ozs,sbrx3uym,0.9796365,Modelos predictivos de la epidemia de COVID-19 en España con curvas de Gompertz,Repercusión de la pandemia por COVID-19 en la formación de los residentes de neurología españoles
rap59p8h,qsn9l3qm,0.9795962,Evolución e impacto de la infodemia en la población infantil en tiempos de COVID-19,Alteraciones de la coagulación en la COVID-19
op536xy4,6y731sy2,0.9795911,"Convalescent-anti-SARS-CoV-2-plasma/remdesivir/rituximab : COVID-19 infection, and lack of efficacy following off-label use: 20 case reports","Convalescent-anti-SARS-CoV-2-plasma/dexamethasone/voriconazole: Invasive pulmonary aspergillosis, off label use and lack of efficacy: case report"
tv7ujsgo,dhnvsyxs,0.97956467,Implicaciones de la pandemia por COVID-19 sobre el cáncer en España,El impacto de la Covid-19 sobre el periodismo de inmigración en España continuidades aceleradas y posibles rupturas
cw82avug,dziw94vl,0.97956,Disease Flare and Reactogenicity in Patients with Rheumatic and Musculoskeletal Diseases Following Two-Dose SARS-CoV-2 Messenger RNA Vaccination.,High antibody response to two-dose SARS-CoV-2 messenger RNA vaccination in patients with rheumatic and musculoskeletal diseases
0gmr5ix7,jr85915d,0.979535,Proteomic Characterization of Acute Kidney Injury in Patients Hospitalized with SARS-CoV2 Infection,Acute kidney injury in patients with SARS-CoV-2 infection
mzrff4by,18zhjpko,0.9795245,Patient-centered communication: Collaborative learning and communication strategies for patient and healthcare providers in the new normal of COVID-19,Patient-centered communication: Collaborative learning and communication strategies for patients and health care providers in the new normal of COVID-19
qjzrw30j,auat27bh,0.979504,Multiple drugs: Lack of efficacy and off label use: case report,Azithromycin: Lack of efficacy and off-label use: case report
gbj2v8uz,auat27bh,0.979504,Multiple drugs: Lack of efficacy and off-label use: case report,Azithromycin: Lack of efficacy and off-label use: case report
s2fnwvow,auat27bh,0.979504,Multiple drugs: Lack of efficacy and off label use : case report,Azithromycin: Lack of efficacy and off-label use: case report
v0wot8zy,auat27bh,0.979504,Multiple drugs: Off label use and lack of efficacy: case report,Azithromycin: Lack of efficacy and off-label use: case report
xjex6rh3,vt47gm2n,0.9794995,"The Impact of COVID-19 on Household Food Insecurity and Interlinkages With Child Feeding Practices and Coping Strategies in Uttar Pradesh, India","Impact of COVID-19 on household food insecurity and interlinkages with child feeding practices and coping strategies in Uttar Pradesh, India: a longitudinal community-based study"
2cpojywa,n7csdvza,0.9794921,Azithromycin/hydroxychloroquine: Various toxicities: 4 case reports,Hydroxychloroquine: Various toxicities: 7 case reports
gbcepy4k,5eaptzfm,0.97946566,Aplicación de escalas pronósticas de gravedad en la neumonía por SARS-CoV-2,Oxigenoterapia de alto flujo en el tratamiento de la neumonía por SARS-CoV-2
b4xty3lp,n5lv12aw,0.9794416,Recomendaciones clínicas para el manejo de pacientes con indicación de quimioterapia y/o radioterapia en el marco de la pandemia por COVID-19,Norma técnica de salud para la adecuación de la organización de los servicios de salud con énfasis en el Primer Nivel de Atención de Salud frente a la pandemia por COVID-19 en el Perú
05o4trx3,8z8xbtwn,0.9794133,En medio de la crisis sanitaria y la crisis sociopolítica: cuidados comunitarios y afrontamiento de las consecuencias de la pandemia de la covid-19 en Santiago de Chile,Respuesta a «Efectividad de la vacuna de ARNm COVID-19 en personal sanitario»
05o4trx3,vc7gpm9h,0.9794133,En medio de la crisis sanitaria y la crisis sociopolítica: cuidados comunitarios y afrontamiento de las consecuencias de la pandemia de la covid-19 en Santiago de Chile,Respuesta a «Efectividad de la vacuna de ARNm COVID-19 en personal sanitario»
h78uzs02,n225wcab,0.97939146,Multisystem inflammatory syndrome in children,Multisystem inflammatory syndrome in children associated with COVID-19
nkk4ezdz,3fsnn6tu,0.9793869,Inferencia Variacional para la estimación de mortalidad COVID-19 en Portoviejo,IMPACTO DE LA COVID-19 EN LA FORMA DE PRESENTACIÓN Y EVOLUCIÓN DE LA APENDICITIS AGUDAS EN PEDIATRÍA
5kvu8o2h,j6u2mxhy,0.979377,Analisis De La Difusión Y Utilidad Percibida A Través De La Implementación De Una Plataforma De Formación Virtual Durante La Pandemia Por COVID-19,DESCRIPCION DE UN MODELO OVINO PARA LA PRUEBA DE VENTILADORES DE EMERGENCIA EN LA PANDEMIA DE COVID-19
6hred82i,akmjwqy0,0.9793194,La Promoción de la Salud en el contexto de la Pandemia de COVID 19,Percepción de la memoria en estudiantes universitarios de Venezuela durante la COVID-19
o4d5o8ck,fg39omnj,0.97928655,In reply to Limaye et al. (2020),Reply to A. Lasagna et al
xjnzx9dm,fg39omnj,0.97928655,Reply to Hasford and to Spinola et al,Reply to A. Lasagna et al
ds5ig00p,fg39omnj,0.97928655,Reply to Morje et al.,Reply to A. Lasagna et al
ssbreehh,fg39omnj,0.97928655,Reply to Chowdhary et al,Reply to A. Lasagna et al
fg39omnj,qzbyw2fo,0.97928655,Reply to A. Lasagna et al,Reply to Barthell et al.
3bcw2z9r,95ecq34l,0.9792857,Disnea en tiempos de COVID-19,Enfermedad cardiovascular en tiempos de COVID-19
uoneqifb,qo6h4mog,0.9792785,Estimating E-Cigarette Use Prevalence Among US Adolescents Using Vaping-Related Online Search Trends,Estimating E-Cigarette Use Prevalence among US Adolescents UsingVaping-Related Online Search Trends.
f7e7fr5x,i3blwubl,0.9792551,"Comment le système hospitalier français (et les réa en particulier), ont-t-ils géré la crise Covid 19?","Comment le systeme hospitalier francais (et les rea en particulier), ont-t-ils gere la crise Covid 19?"
dhnvsyxs,fecdsggg,0.9792539,El impacto de la Covid-19 sobre el periodismo de inmigración en España continuidades aceleradas y posibles rupturas,El impacto de la pandemia de la COVID-19 en el control de las enfermedades crónicas en atención primaria
qfjruluy,m4u96x2v,0.9792486,Design of a Peptide-Based Subunit Vaccine against Novel Coronavirus SARS-CoV-2,Development of epitope‐based peptide vaccine against novel coronavirus 2019 (SARS‐COV‐2): Immunoinformatics approach
m4u96x2v,8lktpcda,0.9792486,Development of epitope‐based peptide vaccine against novel coronavirus 2019 (SARS‐COV‐2): Immunoinformatics approach,Design of a peptide-based subunit vaccine against novel coronavirus SARS-CoV-2
2dqb7j3m,1g6ccmfp,0.9792482,PRO103 The IMPACT of COVID-19 on the Future Pricing and Market Access of RARE Diseases and CELL-/GENE-Therapies,The Impact of Covid-19 on the Future Pricing and Market Access of Rare Diseases and Cell-/gene-therapies
6hred82i,5kvu8o2h,0.9792421,La Promoción de la Salud en el contexto de la Pandemia de COVID 19,Analisis De La Difusión Y Utilidad Percibida A Través De La Implementación De Una Plataforma De Formación Virtual Durante La Pandemia Por COVID-19
kxpsmwrr,csfy7of4,0.9792329,The Proportion of SARS-CoV-2 Infections That Are Asymptomatic,Prevalence of Asymptomatic SARS-CoV-2 Infection.
kxpsmwrr,eeiysoqn,0.9792328,The Proportion of SARS-CoV-2 Infections That Are Asymptomatic,Prevalence of Asymptomatic SARS-CoV-2 Infection.
cdcd5y2y,sbrx3uym,0.9792156,Impacto de la pandemia de la COVID-19 en los síntomas de salud mental y actuaciones de Fisioterapia,Repercusión de la pandemia por COVID-19 en la formación de los residentes de neurología españoles
gqmjg37l,ii8r8yt5,0.9791949,COVID-19 Diagnosis from Chest X-ray Images Using Convolutional Neural Network(CNN) and InceptionV3,COVID-19 classification in X-ray chest images using a new convolutional neural network: CNN-COVID
furicopj,agmah72c,0.97918504,Factors associated with SARS-CoV-2 infection and outbreaks in long-term care facilities in England: a national cross-sectional survey,Risk factors associated with SARS-CoV-2 infection and outbreaks in Long Term Care Facilities in England: a national survey
qjzrw30j,h6lwe87b,0.97915745,Multiple drugs: Lack of efficacy and off label use: case report,Hydroxychloroquine: Lack of efficacy following an off-label use: case report
gbj2v8uz,h6lwe87b,0.97915745,Multiple drugs: Lack of efficacy and off-label use: case report,Hydroxychloroquine: Lack of efficacy following an off-label use: case report
s2fnwvow,h6lwe87b,0.97915745,Multiple drugs: Lack of efficacy and off label use : case report,Hydroxychloroquine: Lack of efficacy following an off-label use: case report
h6lwe87b,v0wot8zy,0.97915745,Hydroxychloroquine: Lack of efficacy following an off-label use: case report,Multiple drugs: Off label use and lack of efficacy: case report
05o4trx3,6hred82i,0.97915,En medio de la crisis sanitaria y la crisis sociopolítica: cuidados comunitarios y afrontamiento de las consecuencias de la pandemia de la covid-19 en Santiago de Chile,La Promoción de la Salud en el contexto de la Pandemia de COVID 19
s5qjobr8,j6u2mxhy,0.9791328,"Reducción de la tasa de incidencia de bronquiolitis aguda y de las hospitalizaciones asociadas a la enfermedad, durante la pandemia de COVID-19",DESCRIPCION DE UN MODELO OVINO PARA LA PRUEBA DE VENTILADORES DE EMERGENCIA EN LA PANDEMIA DE COVID-19
quee5dy5,tkmf3n9v,0.97912145,Actualización de la situación epidemiológica de la infección por SARS-CoV-2 en España. Comentarios a las recomendaciones de manejo de la infección en pediatría,Consenso de la seccion de cirugia mayor ambulatoria de la asociacion española de cirujanos sobre el papel de la cirugia mayor ambulatoria en la pandemia sars-cov-2
ncuegrq7,cgo7fl4w,0.97910935,Inflammatory Bowel Disease,Pharmacogenetics of inflammatory bowel disease.
cgo7fl4w,ax6ij6du,0.97910935,Pharmacogenetics of inflammatory bowel disease.,INFLAMMATORY BOWEL DISEASE
u46d7nf8,y5frdsdz,0.979106,Access to care and worsening eating disorder symptomatology in youth during the COVID-19 pandemic,Access to Care and Worsening Eating Disorder Symptomatology during the COVID-19 Pandemic
b4xty3lp,c6009y21,0.9791029,Recomendaciones clínicas para el manejo de pacientes con indicación de quimioterapia y/o radioterapia en el marco de la pandemia por COVID-19,Propuesta de análisis territorial para enfrentar la pandemia por SARSCoV-2 basado en el Perfil de neumonía e Influenza en el Ecuador 2016-2018
obog7jw6,u473fl64,0.9790789,Study onSARS-CoV-2 inhibition of some potential drugs using molecular docking simulation,Study on SARS-CoV-2 inhibition of some potential drugs using molecular docking simulation
5nfwpyt7,a26tkwhp,0.9790698,"Response to authors of ""Barriers to hospital electronic public health reporting and implications for the COVID-19 pandemic""",Barriers to Hospital Electronic Public Health Reporting and Implications for the COVID-19 Pandemic
3fsnn6tu,m3wm5wly,0.979062,IMPACTO DE LA COVID-19 EN LA FORMA DE PRESENTACIÓN Y EVOLUCIÓN DE LA APENDICITIS AGUDAS EN PEDIATRÍA,La GESTIÓN de la PANDEMIA de COVID-19 EN las RESIDENCIAS GERIÁTRICAS de CATALUÑA
phcv3hlp,gvfathdl,0.9790298,In the Limelight: January 2021,In the Limelight: February 2021
e2xzwtlm,ve9gqc4a,0.9790272,El inédito contexto de la migración internacional en tiempos de COVID-19,Reflexiones para la reorganización de residencias en el contexto de la pandemia por COVID-19
2t5drwji,3fsnn6tu,0.9790073,La neumología en tiempos de COVID-19./ La neumología en tiempos de COVID-19./ Pneumology in the Days of COVID-19,IMPACTO DE LA COVID-19 EN LA FORMA DE PRESENTACIÓN Y EVOLUCIÓN DE LA APENDICITIS AGUDAS EN PEDIATRÍA
05o4trx3,j6u2mxhy,0.97899836,En medio de la crisis sanitaria y la crisis sociopolítica: cuidados comunitarios y afrontamiento de las consecuencias de la pandemia de la covid-19 en Santiago de Chile,DESCRIPCION DE UN MODELO OVINO PARA LA PRUEBA DE VENTILADORES DE EMERGENCIA EN LA PANDEMIA DE COVID-19
pbby3fgs,99ik10qu,0.9789934,The impact of COVID-19 on undergraduate medical education,The impact of COVID-19 on medical education
jv4lhadp,bqs24dcz,0.9789757,Multiple drugs: COVID-19 infection and lack of efficacy: 8 case reports,Multiple drugs: Bleeding and lack of efficacy: case report
kxmxv4lf,q2tz9s46,0.97897184,Dobutamine/norepinephrine: Lack of efficacy: case report,Amiodarone/dobutamine: Lack of efficacy: case report
axxbt366,oiz1r79j,0.9789199,"Consideraciones relativas a las medidas de salud pública y sociales en el lugar de trabajo en el contexto de la COVID-19: anexo a las consideraciones relativas a los ajustes de las medidas de salud pública y sociales en el contexto de la COVID-19, 10 de mayo de 2020","Directiva sanitaria para la atención de salud en el Centro de Aislamiento temporal para pacientes sospechosos sintomáticos y pacientes confirmados de infección por COVID-19, en el marco del Decreto de Urgencia N° 030-2020"
4ueddkrl,427j14t9,0.9788937,"Prevalencia y factores asociados a depression Prevalencia y factores asociados a depresión en personal de salud durante la pandemia de SARS-CoV-2 en el departamento de Piura, Perú*",Tratamiento inmunosupresor en pulsos en esclerosis múltiple durante el desescalado de la epidemia por SARS-CoV-2. Algoritmo de seguridad
ou3qkalm,b1a1pkae,0.9788577,Identification of potential natural inhibitors of SARS-CoV2 main protease by molecular docking and simulation studies,An investigation into the identification of potential inhibitors of SARS-CoV-2 main protease using molecular docking study
6hred82i,yza5kfv1,0.97884065,La Promoción de la Salud en el contexto de la Pandemia de COVID 19,Reorganización de la actividad asistencial ambulatoria en la era de la COVID-19. La hora de la e-consulta
akmjwqy0,j6u2mxhy,0.9788379,Percepción de la memoria en estudiantes universitarios de Venezuela durante la COVID-19,DESCRIPCION DE UN MODELO OVINO PARA LA PRUEBA DE VENTILADORES DE EMERGENCIA EN LA PANDEMIA DE COVID-19
6j7e7pkt,4iv8ebgq,0.9788296,Correction: Guillain-Barré syndrome related to SARS-CoV-2 infection,SARS-CoV-2 Infection and Guillain-Barré Syndrome
dg7mdpb3,l7ero0tq,0.97881967,Lack of Significant Association Between Gastrointestinal Symptoms and COVID-19 Mortality: An Updated Meta-Analysis Based on Adjusted Effect Estimates,In reply-Lack of Marked Association Between Gastrointestinal Symptoms and COVID-19 Mortality: An Updated Meta-analysis Based on Adjusted Effect Estimates
z4xhsxto,7sh3ryca,0.97881943,Engineering Novel Epitope-Based Subunit Vaccine against SARS-CoV-2 by Exploring the Immunoinformatics Approach,Engineering a novel subunit vaccine against SARS-CoV-2 by exploring immunoinformatics approach
d255na6v,vhfajxa5,0.97879165,Randomised Clinical Trial to Evaluate Safety and Efficacy of Convalescent Plasma Use Among Hospitalized Patients with COVID-19 (PERUCONPLASMA): A Structured Summary af a Study Protocol for a Randomised Controlled Trial,Randomized clinical trial to evaluate safety and efficacy of convalescent plasma use among hospitalized patients with COVID-19 (PERUCONPLASMA): a structured summary of a study protocol for a randomized controlled trial
8z8xbtwn,h0yqv785,0.97877634,Respuesta a «Efectividad de la vacuna de ARNm COVID-19 en personal sanitario»,IMPACTO COVID-19 EN LA URGENCIA Y HOSPITALIZACIÓN DE UN HOSPITAL TERCIARIO. LECCIONES DE GESTIÓN APRENDIDAS
h0yqv785,vc7gpm9h,0.97877634,IMPACTO COVID-19 EN LA URGENCIA Y HOSPITALIZACIÓN DE UN HOSPITAL TERCIARIO. LECCIONES DE GESTIÓN APRENDIDAS,Respuesta a «Efectividad de la vacuna de ARNm COVID-19 en personal sanitario»
q6tbj3z5,b1a1pkae,0.9787687,Identification of Potential Flavonoid Inhibitors of the SARS-CoV-2 Main Protease 6YNQ: A Molecular Docking Study,An investigation into the identification of potential inhibitors of SARS-CoV-2 main protease using molecular docking study
2bo8f7ak,pw84c3kl,0.97876436,INTERNATIONAL NEWS - OCTOBER 2020,1 October News
5ij0nzjs,j6u2mxhy,0.978744,Impacto de la pandemia por COVID-19 en la actividad de la enfermera de práctica avanzada en enfermedad inflamatoria intestinal en una unidad de referencia,DESCRIPCION DE UN MODELO OVINO PARA LA PRUEBA DE VENTILADORES DE EMERGENCIA EN LA PANDEMIA DE COVID-19
cp23x6lp,a2pjfsda,0.97874033,Recommendations for the care of patients with heart failure and COVID-19.,Heart failure in COVID-19 patients: Critical care experience
d1su12jr,yiolwxqy,0.97873956,Correction to: 2020 CIS Annual Meeting: Immune Deficiency & Dysregulation North American Conference,2012 CIS Annual Meeting: Primary Immune Deficiency Diseases North American Conference
uyan6q93,wx6r4uxw,0.97872937,Comment on: Central retinal vein occlusion after mRNA SARS-CoV-2 vaccination,Combined central retinal artery and vein occlusion shortly after mRNA-SARS-CoV-2 vaccination
v8ce3tvm,e3n2odwm,0.9787283,Colchicine/favipiravir/prednisolone: Lack of efficacy and off label use: case report,Hydroxychloroquine: Lack of efficacy during off label use treatment: case report
fd41czxh,7hgw71ws,0.9787119,Middle East Respiratory Syndrome-Coronavirus (MERS-CoV) Infection,Clinical spectrum of the Middle East respiratory syndrome coronavirus (MERS-CoV)
ifjknaga,rwhk65fx,0.978708,INTELLANCE 2/EORTC 1410 randomized phase II study of Depatux-M alone and with temozolomide vs temozolomide or lomustine in recurrent EGFR amplified glioblastoma,INTELLANCE 2/EORTC 1410 randomized phase II study of Depatux-M alone and with temozolomide vs temozolomide or lomustine in recurrent EGFRamplified glioblastoma.
bsworuee,ak1hd673,0.9787059,Primary health care policy and vision for community pharmacy and pharmacists in Spain,Primary health care policy and vision for community pharmacy and pharmacists in Estonia
oiz1r79j,wsbbeyys,0.97868234,"Directiva sanitaria para la atención de salud en el Centro de Aislamiento temporal para pacientes sospechosos sintomáticos y pacientes confirmados de infección por COVID-19, en el marco del Decreto de Urgencia N° 030-2020",Sobre la necesidad de modernizar la vigilancia epidemiológica y de ampliar el uso del diagnóstico molecular para las enfermedades infecciosas en Colombia
quee5dy5,9pivz1gz,0.97865725,Actualización de la situación epidemiológica de la infección por SARS-CoV-2 en España. Comentarios a las recomendaciones de manejo de la infección en pediatría,Impacto de la primera ola de la pandemia de SARS-CoV-2 en la tasa de implante de marcapasos con indicación preferente/urgente. Estudio español
7k1cymfl,bo72cpk6,0.9786322,La formación de los residentes de Neurología durante la pandemia COVID-19,"Consideraciones para la reorganización de los servicios oncológicos durante la pandemia de COVID-19, 26 de mayo del 2020"
g5sfh4nf,0372rzji,0.9786293,Palliative care in the time of COVID-19,[Between intensive care and palliative care at the time of CoViD-19.]
8hhhl99d,q73o1sns,0.9785931,Letter: The Risk of Diabetes on Clinical Outcomes in Patients with Coronavirus Disease 2019: A Retrospective Cohort Study (Diabetes Metab J 2020;44:405-13),The Risk of Diabetes on Clinical Outcomes in Patients with Coronavirus Disease 2019: A Retrospective Cohort Study
cmv7nh7x,axxbt366,0.9785866,Experiencias de vida y soporte percibido por las enfermeras de las unidades de hemodiálisis hospitalaria durante la pandemia de COVID-19 en España,"Consideraciones relativas a las medidas de salud pública y sociales en el lugar de trabajo en el contexto de la COVID-19: anexo a las consideraciones relativas a los ajustes de las medidas de salud pública y sociales en el contexto de la COVID-19, 10 de mayo de 2020"
9n64m0cx,q2tz9s46,0.9785581,Amiodarone: Lack of efficacy: case report,Amiodarone/dobutamine: Lack of efficacy: case report
6hred82i,n5lv12aw,0.9785525,La Promoción de la Salud en el contexto de la Pandemia de COVID 19,Norma técnica de salud para la adecuación de la organización de los servicios de salud con énfasis en el Primer Nivel de Atención de Salud frente a la pandemia por COVID-19 en el Perú
4m2qa1j1,n5lv12aw,0.97854185,Diagnóstico de virus respiratorios en la unidad de cuidados intensivos neonatales: ¿listos para el prime time?,Norma técnica de salud para la adecuación de la organización de los servicios de salud con énfasis en el Primer Nivel de Atención de Salud frente a la pandemia por COVID-19 en el Perú
5q1wnh2a,uwpt12kk,0.97851694,Single molecule activity assay for SARS-CoV-2 RNA dependent RNA polymerase,A cell-based assay to discover inhibitors of SARS-CoV-2 RNA dependent RNA polymerase
rap59p8h,s2etxbk5,0.97851455,Evolución e impacto de la infodemia en la población infantil en tiempos de COVID-19,Emergencia de Salud: La infodemia en tiempos de coronavirus
txangwbu,bni08i8z,0.9785084,La vacunación de la gripe en el tiempo del SARS-CoV-2,La radiología en el diagnóstico de la neumonía por SARS-CoV-2 (COVID-19)./ La radiología en el diagnóstico de la neumonía por SARS-CoV-2 (COVID-19)./ Radiological findings for diagnosis of SARS-CoV-2 pneumonia (COVID-19)
asz89b9l,cdcd5y2y,0.9784834,A luta dos profissionais de saúde no enfrentamento da COVID-19/ Health professionals fight against COVID-19/ La lucha de los profesionales de la salud en el enfrentamiento de la COVID-19,Impacto de la pandemia de la COVID-19 en los síntomas de salud mental y actuaciones de Fisioterapia
yr9xa0wm,cmv7nh7x,0.97844917,Análisis de las tasas de letalidad de la infección por SARS-CoV-2 en las Comunidades Autónomas de España,Experiencias de vida y soporte percibido por las enfermeras de las unidades de hemodiálisis hospitalaria durante la pandemia de COVID-19 en España
b8usphib,wb7wgi0t,0.97841644,Dysregulation in Akt/mTOR/HIF-1 signaling identified by proteo-transcriptomics of SARS-CoV-2 infected cells,Dysregulation in mTOR/HIF-1 signaling identified by proteo-transcriptomics of SARS-CoV-2 infected cells
e5xctrjx,1c8juvru,0.97837603,Guillain-Barré syndrome related to SARS-CoV-2 infection,Guillain-Barré syndrome after SARS-CoV-2 infection
7k1cymfl,5kvu8o2h,0.978376,La formación de los residentes de Neurología durante la pandemia COVID-19,Analisis De La Difusión Y Utilidad Percibida A Través De La Implementación De Una Plataforma De Formación Virtual Durante La Pandemia Por COVID-19
1hj84tqv,2sslhj2q,0.97836864,Bearded individuals can use an under-mask beard cover 'Singh Thattha' for donning respirator masks in Covid-19 patient care,Under-mask beard cover (Singh Thattha technique) for donning respirator masks in COVID-19 patient care
cdcd5y2y,m3wm5wly,0.9783634,Impacto de la pandemia de la COVID-19 en los síntomas de salud mental y actuaciones de Fisioterapia,La GESTIÓN de la PANDEMIA de COVID-19 EN las RESIDENCIAS GERIÁTRICAS de CATALUÑA
453n3j5z,q3vc5yof,0.978357,Heterogeneity in the Response of Different Subtypes of Drosophila melanogaster Midgut Cells to Viral Infections,Heterogeneity in the response of different subtypes of Drosophila melanogaster enteroendocrine cells to viral infections
6hred82i,cdcd5y2y,0.9783417,La Promoción de la Salud en el contexto de la Pandemia de COVID 19,Impacto de la pandemia de la COVID-19 en los síntomas de salud mental y actuaciones de Fisioterapia
oececwvx,1or0oqen,0.9783265,"Confined but mobilized, the National Academy of Medicine at the time of Covid-19/ Confinée mais mobilisée, l'Académie nationale de médecine au temps de la Covid-19","Confinée mais mobilisée, l’Académie nationale de médecine au temps de la Covid-19"
vkehuhy9,5c0ieklb,0.9783074,Teleconsulta en una unidad de coloproctología durante la pandemia de COVID-19. Resultados preliminares./ Teleconsulta en una unidad de coloproctología durante la pandemia de COVID-19. Resultados preliminares./ Teleconsultation in a coloproctology unit during the COVID-19 pandemic. Preliminary results,Impacto de la terapia con corticoides en la supervivencia de los pacientes críticos COVID-19 ingresados en una unidad de cuidados intensivos
u9eyu2pj,eb82rq5k,0.9782716,Diagnostik und Therapie schlafbezogener Atmungsstörungen im Zusammenhang mit der Corona-Pandemie,Datenschutzrechtliche Informationen im Zusammenhang mit der Corona-Pandemie
quee5dy5,4t9sec3d,0.978258,Actualización de la situación epidemiológica de la infección por SARS-CoV-2 en España. Comentarios a las recomendaciones de manejo de la infección en pediatría,DRAMÁTICO IMPACTO DE LA EPIDEMIA DE COVID-19 SOBRE LA ACTIVIDAD DE DONACIÓN Y TRASPLANTE EN ESPAÑA
kn5epd79,c6009y21,0.97825384,Tratamientos endodónticos en el contexto de la pandemia por COVID-19/ Endodontic tretaments in the context of the COVID-19 pandemic,Propuesta de análisis territorial para enfrentar la pandemia por SARSCoV-2 basado en el Perfil de neumonía e Influenza en el Ecuador 2016-2018
bzoldk0a,evd9zxds,0.9782464,Revisión: El control de la infección por SARS-CoV-2 en prisiones,INFLUENCIA DE LA PANDEMIA POR SARS-COV-2 EN EL MANEJO DEL CÁNCER DE MAMA
6hkx8k9s,v5qvvxai,0.9782312,"Anwendung von Biologika bei allergischen und Typ-2-entzündlichen Erkrankungen in der aktuellen Covid-19-Pandemie(a, b, c): Positionspapier des Ärzteverbands Deutscher Allergologen (AeDA)A, der Deutschen Gesellschaft für Allergologie und klinische Immunologie (DGAKI)B, der Gesellschaft für Pädiatrische Allergologie und Umweltmedizin (GPA)C, der Österreichischen Gesellschaft für Allergologie und Immunologie (ÖGAI)D, der Luxemburgischen Gesellschaft für Allergologie und Immunologie (LGAI)E, der Österreichischen Gesellschaft für Pneumologie (ÖGP)F in Kooperation mit der deutschen, österreichischen, und schweizerischen ARIA-GruppeG und der Europäischen Akademie für Allergologie und Klinische Immunologie (EAACI)H","Aktualisierte Empfehlungen zur infektiologischen Versorgung von Flüchtlingen im Kindes- und Jugendalter in Deutschland (Stand 30. März 2022), angemeldet als S1-Leitlinie (AWMF-Register Nr. 048-017): Stellungnahme der Deutschen Gesellschaft für Pädiatrische Infektiologie e. V. (DGPI), der Gesellschaft für Tropenpädiatrie und Internationale Kindergesundheit e. V. (GTP), des Berufsverbandes der Kinder- und Jugendärzte e. V. (BVKJ) und der Deutschen Gesellschaft für Kinder- und Jugendmedizin e. V. (DGKJ), unter Mitarbeit des Berufsverbands der Ärztinnen und Ärzte des Öffentlichen Gesundheitsdienstes e. V. (BVÖGD), der Deutschen Gesellschaft für Kinderchirurgie e. V. (DGKCH), der Deutschen Gesellschaft für Gynäkologie und Geburtshilfe e. V. (DGGG), Deutsche Gesellschaft für Allgemeinmedizin und Familienmedizin (DEGAM), des Bündnis Kinder- und Jugendgesundheit e. V. (früher Deutsche Akademie für Kinder- und Jugendmedizin, DAKJ), der Deutschen Gesellschaft für Tropenmedizin, Reisemedizin und Globale Gesundheit e. V. (DTG), der Deutschen Gesellschaft für Globale und Tropenchirurgie e. V. (DTC) und der Pädiatrisch Infektiologischen Gruppe Schweiz (PIGS)"
cbo8ely6,0hd65abw,0.97820663,Experimental inoculation of conventional pigs with porcine reproductive and respiratory syndrome virus and porcine circovirus 2.,Experimental reproduction of porcine respiratory disease complex in pigs inoculated porcine reproductive and respiratory syndrome virus and Mycoplasma hyopneumoniae and followed by inoculation with porcine circovirus type 2
gksuwrd8,63a42ne1,0.97818583,Response to Gould et al. and Vincelli et al.,In Regard to Kabarriti et al
8z8xbtwn,vkehuhy9,0.9781703,Respuesta a «Efectividad de la vacuna de ARNm COVID-19 en personal sanitario»,Teleconsulta en una unidad de coloproctología durante la pandemia de COVID-19. Resultados preliminares./ Teleconsulta en una unidad de coloproctología durante la pandemia de COVID-19. Resultados preliminares./ Teleconsultation in a coloproctology unit during the COVID-19 pandemic. Preliminary results
vkehuhy9,vc7gpm9h,0.9781703,Teleconsulta en una unidad de coloproctología durante la pandemia de COVID-19. Resultados preliminares./ Teleconsulta en una unidad de coloproctología durante la pandemia de COVID-19. Resultados preliminares./ Teleconsultation in a coloproctology unit during the COVID-19 pandemic. Preliminary results,Respuesta a «Efectividad de la vacuna de ARNm COVID-19 en personal sanitario»
x3h2qz6o,nbnasc2z,0.97816044,Network Pharmacology Integrated Molecular Docking Reveals the Anti-COVID-19 Mechanism of Yinma Jiedu Granules,Network Pharmacology Integrated Molecular Docking Reveals the Anti-COVID-19 Mechanism of Xingnaojing Injection
dhnvsyxs,ve9gqc4a,0.97814614,El impacto de la Covid-19 sobre el periodismo de inmigración en España continuidades aceleradas y posibles rupturas,Reflexiones para la reorganización de residencias en el contexto de la pandemia por COVID-19
dhnvsyxs,s0lkeo3s,0.97813666,El impacto de la Covid-19 sobre el periodismo de inmigración en España continuidades aceleradas y posibles rupturas,La eficacia de la enseñanza a distancia durante el confinamiento por COVID-19 en las zonas de baja cobertura de la España vaciada. El caso de Salamanca
